solid OpenSCAD_Model
  facet normal -0.881942 0 0.471358
    outer loop
      vertex -40.5528 18.05 7.56665
      vertex -40.4142 21.95 7.82598
      vertex -40.5528 21.95 7.56665
    endloop
  endfacet
  facet normal -0.881942 0 0.471358
    outer loop
      vertex -40.4142 21.95 7.82598
      vertex -40.5528 18.05 7.56665
      vertex -40.4142 18.05 7.82598
    endloop
  endfacet
  facet normal -0.290279 0 -0.956942
    outer loop
      vertex -41.5074 18.05 9.87118
      vertex -41.226 21.95 9.78582
      vertex -41.226 18.05 9.78582
    endloop
  endfacet
  facet normal -0.290279 0 -0.956942
    outer loop
      vertex -41.226 21.95 9.78582
      vertex -41.5074 18.05 9.87118
      vertex -41.5074 21.95 9.87118
    endloop
  endfacet
  facet normal -0.0980219 0 -0.995184
    outer loop
      vertex -41.8 18.05 9.9
      vertex -41.5074 21.95 9.87118
      vertex -41.5074 18.05 9.87118
    endloop
  endfacet
  facet normal -0.0980219 0 -0.995184
    outer loop
      vertex -41.5074 21.95 9.87118
      vertex -41.8 18.05 9.9
      vertex -41.8 21.95 9.9
    endloop
  endfacet
  facet normal -0.471312 0 -0.881967
    outer loop
      vertex -41.226 18.05 9.78582
      vertex -40.9666 21.95 9.6472
      vertex -40.9666 18.05 9.6472
    endloop
  endfacet
  facet normal -0.471312 0 -0.881967
    outer loop
      vertex -40.9666 21.95 9.6472
      vertex -41.226 18.05 9.78582
      vertex -41.226 21.95 9.78582
    endloop
  endfacet
  facet normal 0 1 0
    outer loop
      vertex 2.82597 21.95 18.1358
      vertex 4.27791 21.95 21.1635
      vertex 3.10736 21.95 18.2212
    endloop
  endfacet
  facet normal 0 1 0
    outer loop
      vertex 4.27791 21.95 21.1635
      vertex -8.70736 21.95 18.2212
      vertex -9 21.95 18.25
    endloop
  endfacet
  facet normal 0 1 0
    outer loop
      vertex 2.56664 21.95 17.9972
      vertex 4.27791 21.95 21.1635
      vertex 2.82597 21.95 18.1358
    endloop
  endfacet
  facet normal 0 1 0
    outer loop
      vertex 4.27791 21.95 21.1635
      vertex -8.42597 21.95 18.1358
      vertex -8.70736 21.95 18.2212
    endloop
  endfacet
  facet normal 0 1 0
    outer loop
      vertex 2.33934 21.95 17.8107
      vertex 4.27791 21.95 21.1635
      vertex 2.56664 21.95 17.9972
    endloop
  endfacet
  facet normal 0 1 0
    outer loop
      vertex 4.27791 21.95 21.1635
      vertex -8.16664 21.95 17.9972
      vertex -8.42597 21.95 18.1358
    endloop
  endfacet
  facet normal 0 1 0
    outer loop
      vertex -7.93934 21.95 17.8107
      vertex 4.27791 21.95 21.1635
      vertex 2.33934 21.95 17.8107
    endloop
  endfacet
  facet normal 0 1 0
    outer loop
      vertex 4.27791 21.95 21.1635
      vertex -7.93934 21.95 17.8107
      vertex -8.16664 21.95 17.9972
    endloop
  endfacet
  facet normal 0 1 -0
    outer loop
      vertex 2.1528 21.95 17.5834
      vertex -7.93934 21.95 17.8107
      vertex 2.33934 21.95 17.8107
    endloop
  endfacet
  facet normal 0 1 0
    outer loop
      vertex 2.1528 21.95 17.5834
      vertex -7.7528 21.95 17.5834
      vertex -7.93934 21.95 17.8107
    endloop
  endfacet
  facet normal 0 1 -0
    outer loop
      vertex 2.01418 21.95 17.324
      vertex -7.7528 21.95 17.5834
      vertex 2.1528 21.95 17.5834
    endloop
  endfacet
  facet normal 0 1 0
    outer loop
      vertex 2.01418 21.95 17.324
      vertex -7.61418 21.95 17.324
      vertex -7.7528 21.95 17.5834
    endloop
  endfacet
  facet normal 0 1 -0
    outer loop
      vertex 1.92882 21.95 17.0426
      vertex -7.61418 21.95 17.324
      vertex 2.01418 21.95 17.324
    endloop
  endfacet
  facet normal 0 1 0
    outer loop
      vertex 1.92882 21.95 17.0426
      vertex -7.52882 21.95 17.0426
      vertex -7.61418 21.95 17.324
    endloop
  endfacet
  facet normal 0 1 -0
    outer loop
      vertex 1.9 21.95 16.75
      vertex -7.52882 21.95 17.0426
      vertex 1.92882 21.95 17.0426
    endloop
  endfacet
  facet normal 0 1 0
    outer loop
      vertex 1.9 21.95 16.75
      vertex -7.5 21.95 16.75
      vertex -7.52882 21.95 17.0426
    endloop
  endfacet
  facet normal 0 1 0
    outer loop
      vertex 1.92882 21.95 16.4574
      vertex -7.5 21.95 16.75
      vertex 1.9 21.95 16.75
    endloop
  endfacet
  facet normal 0 1 0
    outer loop
      vertex 1.92882 21.95 16.4574
      vertex -7.52882 21.95 16.4574
      vertex -7.5 21.95 16.75
    endloop
  endfacet
  facet normal 0 1 0
    outer loop
      vertex 2.01418 21.95 16.176
      vertex -7.52882 21.95 16.4574
      vertex 1.92882 21.95 16.4574
    endloop
  endfacet
  facet normal 0 1 0
    outer loop
      vertex 2.01418 21.95 16.176
      vertex -7.61418 21.95 16.176
      vertex -7.52882 21.95 16.4574
    endloop
  endfacet
  facet normal 0 1 0
    outer loop
      vertex 2.1528 21.95 15.9166
      vertex -7.61418 21.95 16.176
      vertex 2.01418 21.95 16.176
    endloop
  endfacet
  facet normal 0 1 0
    outer loop
      vertex 2.1528 21.95 15.9166
      vertex -7.7528 21.95 15.9166
      vertex -7.61418 21.95 16.176
    endloop
  endfacet
  facet normal 0 1 0
    outer loop
      vertex 2.33934 21.95 15.6893
      vertex -7.7528 21.95 15.9166
      vertex 2.1528 21.95 15.9166
    endloop
  endfacet
  facet normal 0 1 0
    outer loop
      vertex 2.33934 21.95 15.6893
      vertex -7.93934 21.95 15.6893
      vertex -7.7528 21.95 15.9166
    endloop
  endfacet
  facet normal 0 1 0
    outer loop
      vertex 2.56664 21.95 15.5028
      vertex -7.93934 21.95 15.6893
      vertex 2.33934 21.95 15.6893
    endloop
  endfacet
  facet normal 0 1 0
    outer loop
      vertex 2.56664 21.95 15.5028
      vertex -8.16664 21.95 15.5028
      vertex -7.93934 21.95 15.6893
    endloop
  endfacet
  facet normal 0 1 0
    outer loop
      vertex -12.3656 21.95 1.5
      vertex 2.56664 21.95 15.5028
      vertex 2.82597 21.95 15.3642
    endloop
  endfacet
  facet normal 0 1 0
    outer loop
      vertex 2.56664 21.95 15.5028
      vertex -12.3656 21.95 1.5
      vertex -8.16664 21.95 15.5028
    endloop
  endfacet
  facet normal 0 1 0
    outer loop
      vertex 10.6582 21.95 1.5
      vertex 2.82597 21.95 15.3642
      vertex 3.10736 21.95 15.2788
    endloop
  endfacet
  facet normal 0 1 0
    outer loop
      vertex -8.16664 21.95 15.5028
      vertex -12.3656 21.95 1.5
      vertex -8.42597 21.95 15.3642
    endloop
  endfacet
  facet normal 0 1 0
    outer loop
      vertex 10.6582 21.95 1.5
      vertex 3.10736 21.95 15.2788
      vertex 3.4 21.95 15.25
    endloop
  endfacet
  facet normal 0 1 0
    outer loop
      vertex -8.42597 21.95 15.3642
      vertex -12.3656 21.95 1.5
      vertex -8.70736 21.95 15.2788
    endloop
  endfacet
  facet normal 0 1 0
    outer loop
      vertex -40.6295 21.95 32.2847
      vertex -26.5074 21.95 20.8712
      vertex -26.8 21.95 20.9
    endloop
  endfacet
  facet normal 0 1 0
    outer loop
      vertex 4.27791 21.95 21.1635
      vertex -26.226 21.95 20.7858
      vertex -26.5074 21.95 20.8712
    endloop
  endfacet
  facet normal 0 1 0
    outer loop
      vertex 4.27791 21.95 21.1635
      vertex -9 21.95 18.25
      vertex -26.226 21.95 20.7858
    endloop
  endfacet
  facet normal 0 1 0
    outer loop
      vertex 3.97403 21.95 18.1358
      vertex 5.12208 21.95 20.9075
      vertex 5.90007 21.95 20.4916
    endloop
  endfacet
  facet normal 0 1 -0
    outer loop
      vertex -9.29263 21.95 18.2212
      vertex -26.226 21.95 20.7858
      vertex -9 21.95 18.25
    endloop
  endfacet
  facet normal 0 1 0
    outer loop
      vertex -26.226 21.95 20.7858
      vertex -9.29263 21.95 18.2212
      vertex -25.9666 21.95 20.6472
    endloop
  endfacet
  facet normal 0 1 -0
    outer loop
      vertex -9.57403 21.95 18.1358
      vertex -25.9666 21.95 20.6472
      vertex -9.29263 21.95 18.2212
    endloop
  endfacet
  facet normal 0 1 0
    outer loop
      vertex 4.23335 21.95 17.9972
      vertex 5.90007 21.95 20.4916
      vertex 6.58198 21.95 19.932
    endloop
  endfacet
  facet normal 0 1 0
    outer loop
      vertex -25.9666 21.95 20.6472
      vertex -9.57403 21.95 18.1358
      vertex -25.7393 21.95 20.4607
    endloop
  endfacet
  facet normal 0 1 -0
    outer loop
      vertex -9.83335 21.95 17.9972
      vertex -25.7393 21.95 20.4607
      vertex -9.57403 21.95 18.1358
    endloop
  endfacet
  facet normal 0 1 0
    outer loop
      vertex 4.46066 21.95 17.8107
      vertex 6.58198 21.95 19.932
      vertex 7.14161 21.95 19.2501
    endloop
  endfacet
  facet normal 0 1 0
    outer loop
      vertex -25.7393 21.95 20.4607
      vertex -9.83335 21.95 17.9972
      vertex -25.5528 21.95 20.2334
    endloop
  endfacet
  facet normal 0 1 -0
    outer loop
      vertex -10.0607 21.95 17.8107
      vertex -25.5528 21.95 20.2334
      vertex -9.83335 21.95 17.9972
    endloop
  endfacet
  facet normal 0 1 -0
    outer loop
      vertex -21.197 21.95 16.0212
      vertex -25.5528 21.95 20.2334
      vertex -10.0607 21.95 17.8107
    endloop
  endfacet
  facet normal 0 1 0
    outer loop
      vertex 4.6472 21.95 17.5834
      vertex 7.14161 21.95 19.2501
      vertex 7.55746 21.95 18.4721
    endloop
  endfacet
  facet normal 0 1 0
    outer loop
      vertex -25.5528 21.95 20.2334
      vertex -21.197 21.95 16.0212
      vertex -25.4142 21.95 19.974
    endloop
  endfacet
  facet normal 0 1 0
    outer loop
      vertex 3.10736 21.95 18.2212
      vertex 4.27791 21.95 21.1635
      vertex 3.4 21.95 18.25
    endloop
  endfacet
  facet normal 0 1 0
    outer loop
      vertex 4.27791 21.95 21.1635
      vertex 3.69263 21.95 18.2212
      vertex 3.4 21.95 18.25
    endloop
  endfacet
  facet normal 0 1 0
    outer loop
      vertex 5.12208 21.95 20.9075
      vertex 3.97403 21.95 18.1358
      vertex 3.69263 21.95 18.2212
    endloop
  endfacet
  facet normal 0 1 0
    outer loop
      vertex 5.90007 21.95 20.4916
      vertex 4.23335 21.95 17.9972
      vertex 3.97403 21.95 18.1358
    endloop
  endfacet
  facet normal 0 1 0
    outer loop
      vertex 6.58198 21.95 19.932
      vertex 4.46066 21.95 17.8107
      vertex 4.23335 21.95 17.9972
    endloop
  endfacet
  facet normal 0 1 0
    outer loop
      vertex 4.78582 21.95 17.324
      vertex 7.55746 21.95 18.4721
      vertex 7.81353 21.95 17.6279
    endloop
  endfacet
  facet normal 0 1 0
    outer loop
      vertex 7.14161 21.95 19.2501
      vertex 4.6472 21.95 17.5834
      vertex 4.46066 21.95 17.8107
    endloop
  endfacet
  facet normal 0 1 0
    outer loop
      vertex 7.55746 21.95 18.4721
      vertex 4.78582 21.95 17.324
      vertex 4.6472 21.95 17.5834
    endloop
  endfacet
  facet normal 0 1 0
    outer loop
      vertex 7.81353 21.95 17.6279
      vertex 4.87118 21.95 17.0426
      vertex 4.78582 21.95 17.324
    endloop
  endfacet
  facet normal 0 1 0
    outer loop
      vertex 7.81353 21.95 17.6279
      vertex 4.9 21.95 16.75
      vertex 4.87118 21.95 17.0426
    endloop
  endfacet
  facet normal 0 1 0
    outer loop
      vertex 7.81353 21.95 17.6279
      vertex 4.87118 21.95 16.4574
      vertex 4.9 21.95 16.75
    endloop
  endfacet
  facet normal 0 1 0
    outer loop
      vertex 7.81353 21.95 17.6279
      vertex 4.78582 21.95 16.176
      vertex 4.87118 21.95 16.4574
    endloop
  endfacet
  facet normal 0 1 0
    outer loop
      vertex 7.81353 21.95 17.6279
      vertex 4.6472 21.95 15.9166
      vertex 4.78582 21.95 16.176
    endloop
  endfacet
  facet normal 0 1 0
    outer loop
      vertex 7.81353 21.95 17.6279
      vertex 4.46066 21.95 15.6893
      vertex 4.6472 21.95 15.9166
    endloop
  endfacet
  facet normal 0 1 0
    outer loop
      vertex 10.6582 21.95 1.5
      vertex 4.46066 21.95 15.6893
      vertex 7.81353 21.95 17.6279
    endloop
  endfacet
  facet normal 0 1 0
    outer loop
      vertex -8.70736 21.95 15.2788
      vertex -12.3656 21.95 1.5
      vertex -9 21.95 15.25
    endloop
  endfacet
  facet normal 0 1 0
    outer loop
      vertex 4.46066 21.95 15.6893
      vertex 10.6582 21.95 1.5
      vertex 4.23335 21.95 15.5028
    endloop
  endfacet
  facet normal 0 1 0
    outer loop
      vertex 10.6582 21.95 1.5
      vertex 3.97403 21.95 15.3642
      vertex 4.23335 21.95 15.5028
    endloop
  endfacet
  facet normal 0 1 0
    outer loop
      vertex 10.6582 21.95 1.5
      vertex 3.69263 21.95 15.2788
      vertex 3.97403 21.95 15.3642
    endloop
  endfacet
  facet normal 0 1 0
    outer loop
      vertex 10.6582 21.95 1.5
      vertex 3.4 21.95 15.25
      vertex 3.69263 21.95 15.2788
    endloop
  endfacet
  facet normal 0 1 0
    outer loop
      vertex 2.82597 21.95 15.3642
      vertex 10.6582 21.95 1.5
      vertex -12.3656 21.95 1.5
    endloop
  endfacet
  facet normal 0 1 0
    outer loop
      vertex -9 21.95 15.25
      vertex -12.3656 21.95 1.5
      vertex -18.7819 21.95 13.2584
    endloop
  endfacet
  facet normal 0 1 0
    outer loop
      vertex -41.8 21.95 27.9
      vertex -41.8 21.95 32.4
      vertex -40.6295 21.95 32.2847
    endloop
  endfacet
  facet normal 0 1 0
    outer loop
      vertex -41.8 21.95 32.4
      vertex -41.8 21.95 27.9
      vertex -42.9705 21.95 32.2847
    endloop
  endfacet
  facet normal 0 1 -0
    outer loop
      vertex -42.0926 21.95 27.8712
      vertex -42.9705 21.95 32.2847
      vertex -41.8 21.95 27.9
    endloop
  endfacet
  facet normal 0 1 0
    outer loop
      vertex -40.6295 21.95 32.2847
      vertex -41.5074 21.95 27.8712
      vertex -41.8 21.95 27.9
    endloop
  endfacet
  facet normal 0 1 0
    outer loop
      vertex -40.6295 21.95 32.2847
      vertex -41.226 21.95 27.7858
      vertex -41.5074 21.95 27.8712
    endloop
  endfacet
  facet normal 0 1 0
    outer loop
      vertex -40.6295 21.95 32.2847
      vertex -40.9666 21.95 27.6472
      vertex -41.226 21.95 27.7858
    endloop
  endfacet
  facet normal 0 1 0
    outer loop
      vertex -40.6295 21.95 32.2847
      vertex -40.7393 21.95 27.4607
      vertex -40.9666 21.95 27.6472
    endloop
  endfacet
  facet normal 0 1 0
    outer loop
      vertex -40.6295 21.95 32.2847
      vertex -40.5528 21.95 27.2334
      vertex -40.7393 21.95 27.4607
    endloop
  endfacet
  facet normal 0 1 0
    outer loop
      vertex -40.6295 21.95 32.2847
      vertex -40.4142 21.95 26.974
      vertex -40.5528 21.95 27.2334
    endloop
  endfacet
  facet normal 0 1 0
    outer loop
      vertex -27.374 21.95 20.7858
      vertex -40.4142 21.95 26.974
      vertex -40.6295 21.95 32.2847
    endloop
  endfacet
  facet normal 0 1 0
    outer loop
      vertex -40.4142 21.95 26.974
      vertex -27.374 21.95 20.7858
      vertex -40.3288 21.95 26.6926
    endloop
  endfacet
  facet normal 0 1 0
    outer loop
      vertex -44.0961 21.95 31.9433
      vertex -59.5074 21.95 24.8712
      vertex -59.8 21.95 24.9
    endloop
  endfacet
  facet normal 0 1 0
    outer loop
      vertex -42.0926 21.95 24.9288
      vertex -59.226 21.95 24.7858
      vertex -59.5074 21.95 24.8712
    endloop
  endfacet
  facet normal 0 1 0
    outer loop
      vertex -42.0926 21.95 24.9288
      vertex -58.9666 21.95 24.6472
      vertex -59.226 21.95 24.7858
    endloop
  endfacet
  facet normal 0 1 0
    outer loop
      vertex -42.0926 21.95 24.9288
      vertex -58.7393 21.95 24.4607
      vertex -58.9666 21.95 24.6472
    endloop
  endfacet
  facet normal 0 1 0
    outer loop
      vertex -42.0926 21.95 24.9288
      vertex -45.1334 21.95 22.3888
      vertex -58.7393 21.95 24.4607
    endloop
  endfacet
  facet normal 0 1 0
    outer loop
      vertex -58.7393 21.95 24.4607
      vertex -45.1334 21.95 22.3888
      vertex -58.5528 21.95 24.2334
    endloop
  endfacet
  facet normal 0 1 -0
    outer loop
      vertex -46.0426 21.95 21.6426
      vertex -58.5528 21.95 24.2334
      vertex -45.1334 21.95 22.3888
    endloop
  endfacet
  facet normal 0 1 0
    outer loop
      vertex -42.0926 21.95 24.9288
      vertex -41.8 21.95 23.4
      vertex -42.9705 21.95 23.2847
    endloop
  endfacet
  facet normal 0 1 0
    outer loop
      vertex -41.5074 21.95 24.9288
      vertex -41.8 21.95 23.4
      vertex -41.8 21.95 24.9
    endloop
  endfacet
  facet normal 0 1 0
    outer loop
      vertex -40.6295 21.95 23.2847
      vertex -41.5074 21.95 24.9288
      vertex -41.226 21.95 25.0142
    endloop
  endfacet
  facet normal 0 1 0
    outer loop
      vertex -40.6295 21.95 23.2847
      vertex -41.226 21.95 25.0142
      vertex -40.9666 21.95 25.1528
    endloop
  endfacet
  facet normal 0 1 0
    outer loop
      vertex -40.6295 21.95 23.2847
      vertex -40.9666 21.95 25.1528
      vertex -40.7393 21.95 25.3393
    endloop
  endfacet
  facet normal 0 1 0
    outer loop
      vertex -39.5039 21.95 22.9433
      vertex -40.7393 21.95 25.3393
      vertex -40.5528 21.95 25.5666
    endloop
  endfacet
  facet normal 0 1 0
    outer loop
      vertex -41.5074 21.95 24.9288
      vertex -40.6295 21.95 23.2847
      vertex -41.8 21.95 23.4
    endloop
  endfacet
  facet normal 0 1 0
    outer loop
      vertex -39.5039 21.95 22.9433
      vertex -40.5528 21.95 25.5666
      vertex -40.4142 21.95 25.826
    endloop
  endfacet
  facet normal 0 1 0
    outer loop
      vertex -38.4666 21.95 22.3888
      vertex -40.4142 21.95 25.826
      vertex -40.3288 21.95 26.1074
    endloop
  endfacet
  facet normal 0 1 0
    outer loop
      vertex -40.7393 21.95 25.3393
      vertex -39.5039 21.95 22.9433
      vertex -40.6295 21.95 23.2847
    endloop
  endfacet
  facet normal 0 1 0
    outer loop
      vertex -38.4666 21.95 22.3888
      vertex -40.3288 21.95 26.1074
      vertex -40.3 21.95 26.4
    endloop
  endfacet
  facet normal 0 1 -0
    outer loop
      vertex -27.6334 21.95 20.6472
      vertex -40.3288 21.95 26.6926
      vertex -27.374 21.95 20.7858
    endloop
  endfacet
  facet normal 0 1 0
    outer loop
      vertex -40.4142 21.95 25.826
      vertex -38.4666 21.95 22.3888
      vertex -39.5039 21.95 22.9433
    endloop
  endfacet
  facet normal 0 1 0
    outer loop
      vertex -40.3 21.95 26.4
      vertex -37.5574 21.95 21.6426
      vertex -38.4666 21.95 22.3888
    endloop
  endfacet
  facet normal 0 1 -0
    outer loop
      vertex -26.5074 21.95 20.8712
      vertex -40.6295 21.95 32.2847
      vertex 4.27791 21.95 21.1635
    endloop
  endfacet
  facet normal 0 1 0
    outer loop
      vertex 3.69263 21.95 18.2212
      vertex 4.27791 21.95 21.1635
      vertex 5.12208 21.95 20.9075
    endloop
  endfacet
  facet normal 0 1 -0
    outer loop
      vertex -27.0926 21.95 20.8712
      vertex -40.6295 21.95 32.2847
      vertex -26.8 21.95 20.9
    endloop
  endfacet
  facet normal 0 1 -0
    outer loop
      vertex -27.374 21.95 20.7858
      vertex -40.6295 21.95 32.2847
      vertex -27.0926 21.95 20.8712
    endloop
  endfacet
  facet normal -0 1 -0
    outer loop
      vertex -37.5574 21.95 21.6426
      vertex -40.3288 21.95 26.6926
      vertex -27.6334 21.95 20.6472
    endloop
  endfacet
  facet normal 0 1 0
    outer loop
      vertex -40.3288 21.95 26.6926
      vertex -37.5574 21.95 21.6426
      vertex -40.3 21.95 26.4
    endloop
  endfacet
  facet normal 0 1 -0
    outer loop
      vertex -27.8607 21.95 20.4607
      vertex -37.5574 21.95 21.6426
      vertex -27.6334 21.95 20.6472
    endloop
  endfacet
  facet normal 0 1 0
    outer loop
      vertex -37.5574 21.95 21.6426
      vertex -27.8607 21.95 20.4607
      vertex -36.8112 21.95 20.7334
    endloop
  endfacet
  facet normal 0 1 -0
    outer loop
      vertex -28.0472 21.95 20.2334
      vertex -36.8112 21.95 20.7334
      vertex -27.8607 21.95 20.4607
    endloop
  endfacet
  facet normal 0 1 0
    outer loop
      vertex -36.2567 21.95 19.6961
      vertex -28.0472 21.95 20.2334
      vertex -28.1858 21.95 19.974
    endloop
  endfacet
  facet normal 0 1 0
    outer loop
      vertex -28.0472 21.95 20.2334
      vertex -36.2567 21.95 19.6961
      vertex -36.8112 21.95 20.7334
    endloop
  endfacet
  facet normal 0 1 -0
    outer loop
      vertex -28.2712 21.95 19.6926
      vertex -36.2567 21.95 19.6961
      vertex -28.1858 21.95 19.974
    endloop
  endfacet
  facet normal 0 1 0
    outer loop
      vertex -35.9153 21.95 18.5705
      vertex -28.2712 21.95 19.6926
      vertex -28.3 21.95 19.4
    endloop
  endfacet
  facet normal 0 1 0
    outer loop
      vertex -35.9153 21.95 18.5705
      vertex -28.3 21.95 19.4
      vertex -28.2712 21.95 19.1074
    endloop
  endfacet
  facet normal 0 1 0
    outer loop
      vertex -35.8 21.95 17.4
      vertex -28.2712 21.95 19.1074
      vertex -28.1858 21.95 18.826
    endloop
  endfacet
  facet normal 0 1 0
    outer loop
      vertex -28.2712 21.95 19.6926
      vertex -35.9153 21.95 18.5705
      vertex -36.2567 21.95 19.6961
    endloop
  endfacet
  facet normal 0 1 0
    outer loop
      vertex -35.8 21.95 17.4
      vertex -28.1858 21.95 18.826
      vertex -28.0472 21.95 18.5666
    endloop
  endfacet
  facet normal 0 1 0
    outer loop
      vertex -35.9153 21.95 16.2295
      vertex -28.0472 21.95 18.5666
      vertex -27.8607 21.95 18.3393
    endloop
  endfacet
  facet normal 0 1 0
    outer loop
      vertex -35.9153 21.95 16.2295
      vertex -27.8607 21.95 18.3393
      vertex -27.6334 21.95 18.1528
    endloop
  endfacet
  facet normal 0 1 0
    outer loop
      vertex -36.2567 21.95 15.1039
      vertex -27.6334 21.95 18.1528
      vertex -27.374 21.95 18.0142
    endloop
  endfacet
  facet normal 0 1 0
    outer loop
      vertex -36.8112 21.95 14.0666
      vertex -27.374 21.95 18.0142
      vertex -27.0926 21.95 17.9288
    endloop
  endfacet
  facet normal 0 1 0
    outer loop
      vertex -22.8755 21.95 15.124
      vertex -27.0926 21.95 17.9288
      vertex -26.8 21.95 17.9
    endloop
  endfacet
  facet normal 0 1 0
    outer loop
      vertex -25.4142 21.95 18.826
      vertex -22.323 21.95 15.7972
      vertex -25.5528 21.95 18.5666
    endloop
  endfacet
  facet normal 0 1 0
    outer loop
      vertex -28.2712 21.95 19.1074
      vertex -35.8 21.95 17.4
      vertex -35.9153 21.95 18.5705
    endloop
  endfacet
  facet normal 0 1 -0
    outer loop
      vertex -22.5503 21.95 15.6107
      vertex -25.5528 21.95 18.5666
      vertex -22.323 21.95 15.7972
    endloop
  endfacet
  facet normal 0 1 0
    outer loop
      vertex -20.429 21.95 15.6107
      vertex -10.2472 21.95 17.5834
      vertex -10.3858 21.95 17.324
    endloop
  endfacet
  facet normal 0 1 0
    outer loop
      vertex -20.2425 21.95 15.3834
      vertex -10.3858 21.95 17.324
      vertex -10.4712 21.95 17.0426
    endloop
  endfacet
  facet normal 0 1 0
    outer loop
      vertex -20.2425 21.95 15.3834
      vertex -10.4712 21.95 17.0426
      vertex -10.5 21.95 16.75
    endloop
  endfacet
  facet normal 0 1 0
    outer loop
      vertex -18.7819 21.95 13.2584
      vertex -10.5 21.95 16.75
      vertex -10.4712 21.95 16.4574
    endloop
  endfacet
  facet normal 0 1 -0
    outer loop
      vertex -22.7369 21.95 15.3834
      vertex -25.7393 21.95 18.3393
      vertex -22.5503 21.95 15.6107
    endloop
  endfacet
  facet normal 0 1 0
    outer loop
      vertex -18.7819 21.95 13.2584
      vertex -10.4712 21.95 16.4574
      vertex -10.3858 21.95 16.176
    endloop
  endfacet
  facet normal 0 1 0
    outer loop
      vertex -25.7393 21.95 18.3393
      vertex -22.7369 21.95 15.3834
      vertex -25.9666 21.95 18.1528
    endloop
  endfacet
  facet normal 0 1 -0
    outer loop
      vertex -22.8755 21.95 15.124
      vertex -25.9666 21.95 18.1528
      vertex -22.7369 21.95 15.3834
    endloop
  endfacet
  facet normal 0 1 0
    outer loop
      vertex -25.9666 21.95 18.1528
      vertex -22.8755 21.95 15.124
      vertex -26.226 21.95 18.0142
    endloop
  endfacet
  facet normal 0 1 0
    outer loop
      vertex -26.226 21.95 18.0142
      vertex -22.8755 21.95 15.124
      vertex -26.5074 21.95 17.9288
    endloop
  endfacet
  facet normal 0 1 0
    outer loop
      vertex -26.5074 21.95 17.9288
      vertex -22.8755 21.95 15.124
      vertex -26.8 21.95 17.9
    endloop
  endfacet
  facet normal 0 1 0
    outer loop
      vertex -29.3364 21.95 1.5
      vertex -27.0926 21.95 17.9288
      vertex -22.8755 21.95 15.124
    endloop
  endfacet
  facet normal 0 1 0
    outer loop
      vertex -28.0472 21.95 18.5666
      vertex -35.9153 21.95 16.2295
      vertex -35.8 21.95 17.4
    endloop
  endfacet
  facet normal 0 1 0
    outer loop
      vertex -27.6334 21.95 18.1528
      vertex -36.2567 21.95 15.1039
      vertex -35.9153 21.95 16.2295
    endloop
  endfacet
  facet normal 0 1 0
    outer loop
      vertex -27.374 21.95 18.0142
      vertex -36.8112 21.95 14.0666
      vertex -36.2567 21.95 15.1039
    endloop
  endfacet
  facet normal 0 1 0
    outer loop
      vertex -27.0926 21.95 17.9288
      vertex -29.3364 21.95 1.5
      vertex -36.8112 21.95 14.0666
    endloop
  endfacet
  facet normal 0 1 0
    outer loop
      vertex -36.8112 21.95 14.0666
      vertex -29.3364 21.95 1.5
      vertex -37.5574 21.95 13.1574
    endloop
  endfacet
  facet normal -0 1 0
    outer loop
      vertex -40.3 21.95 8.4
      vertex -37.5574 21.95 13.1574
      vertex -29.3364 21.95 1.5
    endloop
  endfacet
  facet normal 0 1 0
    outer loop
      vertex -37.5574 21.95 13.1574
      vertex -40.3 21.95 8.4
      vertex -38.4666 21.95 12.4112
    endloop
  endfacet
  facet normal 0 1 -0
    outer loop
      vertex -41.5074 21.95 9.87118
      vertex -41.8 21.95 11.4
      vertex -40.6295 21.95 11.5153
    endloop
  endfacet
  facet normal 0 1 0
    outer loop
      vertex -38.4666 21.95 12.4112
      vertex -40.4142 21.95 8.97402
      vertex -39.5039 21.95 11.8567
    endloop
  endfacet
  facet normal 0 1 0
    outer loop
      vertex -41.8 21.95 11.4
      vertex -41.5074 21.95 9.87118
      vertex -41.8 21.95 9.9
    endloop
  endfacet
  facet normal 0 1 0
    outer loop
      vertex -40.6295 21.95 11.5153
      vertex -41.226 21.95 9.78582
      vertex -41.5074 21.95 9.87118
    endloop
  endfacet
  facet normal 0 1 0
    outer loop
      vertex -40.6295 21.95 11.5153
      vertex -40.9666 21.95 9.6472
      vertex -41.226 21.95 9.78582
    endloop
  endfacet
  facet normal 0 1 0
    outer loop
      vertex -40.6295 21.95 11.5153
      vertex -40.7393 21.95 9.46066
      vertex -40.9666 21.95 9.6472
    endloop
  endfacet
  facet normal 0 1 0
    outer loop
      vertex -39.5039 21.95 11.8567
      vertex -40.7393 21.95 9.46066
      vertex -40.6295 21.95 11.5153
    endloop
  endfacet
  facet normal -0 1 0
    outer loop
      vertex -40.7393 21.95 9.46066
      vertex -39.5039 21.95 11.8567
      vertex -40.5528 21.95 9.23336
    endloop
  endfacet
  facet normal -0 1 0
    outer loop
      vertex -40.5528 21.95 9.23336
      vertex -39.5039 21.95 11.8567
      vertex -40.4142 21.95 8.97402
    endloop
  endfacet
  facet normal -0 1 0
    outer loop
      vertex -40.3288 21.95 8.69264
      vertex -38.4666 21.95 12.4112
      vertex -40.3 21.95 8.4
    endloop
  endfacet
  facet normal -0 1 0
    outer loop
      vertex -40.4142 21.95 8.97402
      vertex -38.4666 21.95 12.4112
      vertex -40.3288 21.95 8.69264
    endloop
  endfacet
  facet normal 0 1 0
    outer loop
      vertex -40.3 21.95 8.4
      vertex -29.3364 21.95 1.5
      vertex -40.3288 21.95 8.10736
    endloop
  endfacet
  facet normal 0 1 0
    outer loop
      vertex -40.3288 21.95 8.10736
      vertex -29.3364 21.95 1.5
      vertex -40.4142 21.95 7.82598
    endloop
  endfacet
  facet normal 0 1 0
    outer loop
      vertex -40.4142 21.95 7.82598
      vertex -29.3364 21.95 1.5
      vertex -40.5528 21.95 7.56665
    endloop
  endfacet
  facet normal 0 1 0
    outer loop
      vertex -40.5528 21.95 7.56665
      vertex -29.3364 21.95 1.5
      vertex -40.7393 21.95 7.33934
    endloop
  endfacet
  facet normal 0 1 0
    outer loop
      vertex -40.7393 21.95 7.33934
      vertex -29.3364 21.95 1.5
      vertex -40.9666 21.95 7.1528
    endloop
  endfacet
  facet normal 0 1 0
    outer loop
      vertex -41.5074 21.95 6.92882
      vertex -29.3364 21.95 1.5
      vertex -41.8 21.95 6.9
    endloop
  endfacet
  facet normal 0 1 0
    outer loop
      vertex -41.226 21.95 7.01418
      vertex -29.3364 21.95 1.5
      vertex -41.5074 21.95 6.92882
    endloop
  endfacet
  facet normal 0 1 0
    outer loop
      vertex -40.9666 21.95 7.1528
      vertex -29.3364 21.95 1.5
      vertex -41.226 21.95 7.01418
    endloop
  endfacet
  facet normal 0 1 0
    outer loop
      vertex -42.9705 21.95 32.2847
      vertex -42.0926 21.95 27.8712
      vertex -44.0961 21.95 31.9433
    endloop
  endfacet
  facet normal 0 1 -0
    outer loop
      vertex -42.374 21.95 27.7858
      vertex -44.0961 21.95 31.9433
      vertex -42.0926 21.95 27.8712
    endloop
  endfacet
  facet normal 0 1 -0
    outer loop
      vertex -42.6334 21.95 27.6472
      vertex -44.0961 21.95 31.9433
      vertex -42.374 21.95 27.7858
    endloop
  endfacet
  facet normal 0 1 -0
    outer loop
      vertex -42.8607 21.95 27.4607
      vertex -44.0961 21.95 31.9433
      vertex -42.6334 21.95 27.6472
    endloop
  endfacet
  facet normal 0 1 -0
    outer loop
      vertex -43.0472 21.95 27.2334
      vertex -44.0961 21.95 31.9433
      vertex -42.8607 21.95 27.4607
    endloop
  endfacet
  facet normal 0 1 -0
    outer loop
      vertex -43.1858 21.95 26.974
      vertex -44.0961 21.95 31.9433
      vertex -43.0472 21.95 27.2334
    endloop
  endfacet
  facet normal 0 1 -0
    outer loop
      vertex -43.2712 21.95 26.6926
      vertex -44.0961 21.95 31.9433
      vertex -43.1858 21.95 26.974
    endloop
  endfacet
  facet normal 0 1 0
    outer loop
      vertex -59.5074 21.95 24.8712
      vertex -43.2712 21.95 26.6926
      vertex -43.3 21.95 26.4
    endloop
  endfacet
  facet normal 0 1 0
    outer loop
      vertex -59.5074 21.95 24.8712
      vertex -43.3 21.95 26.4
      vertex -43.2712 21.95 26.1074
    endloop
  endfacet
  facet normal 0 1 -0
    outer loop
      vertex -41.8 21.95 23.4
      vertex -42.0926 21.95 24.9288
      vertex -41.8 21.95 24.9
    endloop
  endfacet
  facet normal 0 1 0
    outer loop
      vertex -59.5074 21.95 24.8712
      vertex -42.374 21.95 25.0142
      vertex -42.0926 21.95 24.9288
    endloop
  endfacet
  facet normal 0 1 0
    outer loop
      vertex -59.5074 21.95 24.8712
      vertex -42.6334 21.95 25.1528
      vertex -42.374 21.95 25.0142
    endloop
  endfacet
  facet normal 0 1 0
    outer loop
      vertex -59.5074 21.95 24.8712
      vertex -42.8607 21.95 25.3393
      vertex -42.6334 21.95 25.1528
    endloop
  endfacet
  facet normal 0 1 0
    outer loop
      vertex -59.5074 21.95 24.8712
      vertex -43.0472 21.95 25.5666
      vertex -42.8607 21.95 25.3393
    endloop
  endfacet
  facet normal 0 1 0
    outer loop
      vertex -59.5074 21.95 24.8712
      vertex -43.1858 21.95 25.826
      vertex -43.0472 21.95 25.5666
    endloop
  endfacet
  facet normal 0 1 0
    outer loop
      vertex -59.5074 21.95 24.8712
      vertex -43.2712 21.95 26.1074
      vertex -43.1858 21.95 25.826
    endloop
  endfacet
  facet normal 0 1 0
    outer loop
      vertex -59.5074 21.95 24.8712
      vertex -44.0961 21.95 31.9433
      vertex -43.2712 21.95 26.6926
    endloop
  endfacet
  facet normal 0 1 0
    outer loop
      vertex -60.0926 21.95 24.8712
      vertex -44.0961 21.95 31.9433
      vertex -59.8 21.95 24.9
    endloop
  endfacet
  facet normal 0 1 0
    outer loop
      vertex -44.0961 21.95 31.9433
      vertex -60.0926 21.95 24.8712
      vertex -60.374 21.95 24.7858
    endloop
  endfacet
  facet normal 0 1 0
    outer loop
      vertex -42.0926 21.95 24.9288
      vertex -42.9705 21.95 23.2847
      vertex -44.0961 21.95 22.9433
    endloop
  endfacet
  facet normal 0 1 0
    outer loop
      vertex -42.0926 21.95 24.9288
      vertex -44.0961 21.95 22.9433
      vertex -45.1334 21.95 22.3888
    endloop
  endfacet
  facet normal 0 1 0
    outer loop
      vertex -58.5528 21.95 24.2334
      vertex -46.0426 21.95 21.6426
      vertex -58.4142 21.95 23.974
    endloop
  endfacet
  facet normal 0 1 0
    outer loop
      vertex -58.4142 21.95 23.974
      vertex -46.0426 21.95 21.6426
      vertex -58.3288 21.95 23.6926
    endloop
  endfacet
  facet normal 0 1 -0
    outer loop
      vertex -46.7888 21.95 20.7334
      vertex -58.3288 21.95 23.6926
      vertex -46.0426 21.95 21.6426
    endloop
  endfacet
  facet normal 0 1 0
    outer loop
      vertex -58.3288 21.95 23.6926
      vertex -46.7888 21.95 20.7334
      vertex -58.3 21.95 23.4
    endloop
  endfacet
  facet normal 0 1 -0
    outer loop
      vertex -47.3433 21.95 19.6961
      vertex -58.3 21.95 23.4
      vertex -46.7888 21.95 20.7334
    endloop
  endfacet
  facet normal 0 1 -0
    outer loop
      vertex -47.6847 21.95 18.5705
      vertex -58.3 21.95 23.4
      vertex -47.3433 21.95 19.6961
    endloop
  endfacet
  facet normal 0 1 -0
    outer loop
      vertex -47.8 21.95 17.4
      vertex -58.3 21.95 23.4
      vertex -47.6847 21.95 18.5705
    endloop
  endfacet
  facet normal 0 1 0
    outer loop
      vertex -47.6847 21.95 16.2295
      vertex -58.3 21.95 23.4
      vertex -47.8 21.95 17.4
    endloop
  endfacet
  facet normal 0 1 0
    outer loop
      vertex -47.3433 21.95 15.1039
      vertex -58.3 21.95 23.4
      vertex -47.6847 21.95 16.2295
    endloop
  endfacet
  facet normal 0 1 0
    outer loop
      vertex -57.1769 21.95 1.5
      vertex -47.3433 21.95 15.1039
      vertex -46.7888 21.95 14.0666
    endloop
  endfacet
  facet normal 0 1 0
    outer loop
      vertex -57.1769 21.95 1.5
      vertex -46.7888 21.95 14.0666
      vertex -46.0426 21.95 13.1574
    endloop
  endfacet
  facet normal 0 1 0
    outer loop
      vertex -42.0926 21.95 9.87118
      vertex -41.8 21.95 11.4
      vertex -41.8 21.95 9.9
    endloop
  endfacet
  facet normal 0 1 0
    outer loop
      vertex -41.8 21.95 11.4
      vertex -42.0926 21.95 9.87118
      vertex -42.9705 21.95 11.5153
    endloop
  endfacet
  facet normal 0 1 -0
    outer loop
      vertex -42.374 21.95 9.78582
      vertex -42.9705 21.95 11.5153
      vertex -42.0926 21.95 9.87118
    endloop
  endfacet
  facet normal 0 1 -0
    outer loop
      vertex -42.6334 21.95 9.6472
      vertex -42.9705 21.95 11.5153
      vertex -42.374 21.95 9.78582
    endloop
  endfacet
  facet normal 0 1 -0
    outer loop
      vertex -42.8607 21.95 9.46066
      vertex -42.9705 21.95 11.5153
      vertex -42.6334 21.95 9.6472
    endloop
  endfacet
  facet normal 0 1 0
    outer loop
      vertex -42.9705 21.95 11.5153
      vertex -42.8607 21.95 9.46066
      vertex -44.0961 21.95 11.8567
    endloop
  endfacet
  facet normal 0 1 -0
    outer loop
      vertex -43.0472 21.95 9.23336
      vertex -44.0961 21.95 11.8567
      vertex -42.8607 21.95 9.46066
    endloop
  endfacet
  facet normal 0 1 -0
    outer loop
      vertex -43.1858 21.95 8.97402
      vertex -44.0961 21.95 11.8567
      vertex -43.0472 21.95 9.23336
    endloop
  endfacet
  facet normal 0 1 0
    outer loop
      vertex -44.0961 21.95 11.8567
      vertex -43.1858 21.95 8.97402
      vertex -45.1334 21.95 12.4112
    endloop
  endfacet
  facet normal 0 1 -0
    outer loop
      vertex -43.2712 21.95 8.69264
      vertex -45.1334 21.95 12.4112
      vertex -43.1858 21.95 8.97402
    endloop
  endfacet
  facet normal 0 1 -0
    outer loop
      vertex -43.3 21.95 8.4
      vertex -45.1334 21.95 12.4112
      vertex -43.2712 21.95 8.69264
    endloop
  endfacet
  facet normal 0 1 0
    outer loop
      vertex -45.1334 21.95 12.4112
      vertex -43.3 21.95 8.4
      vertex -46.0426 21.95 13.1574
    endloop
  endfacet
  facet normal 0 1 0
    outer loop
      vertex -43.2712 21.95 8.10736
      vertex -46.0426 21.95 13.1574
      vertex -43.3 21.95 8.4
    endloop
  endfacet
  facet normal 0 1 0
    outer loop
      vertex -46.0426 21.95 13.1574
      vertex -43.2712 21.95 8.10736
      vertex -57.1769 21.95 1.5
    endloop
  endfacet
  facet normal 0 1 0
    outer loop
      vertex -57.1769 21.95 1.5
      vertex -43.2712 21.95 8.10736
      vertex -43.1858 21.95 7.82598
    endloop
  endfacet
  facet normal 0 1 0
    outer loop
      vertex -57.1769 21.95 1.5
      vertex -43.1858 21.95 7.82598
      vertex -43.0472 21.95 7.56665
    endloop
  endfacet
  facet normal 0 1 0
    outer loop
      vertex -57.1769 21.95 1.5
      vertex -43.0472 21.95 7.56665
      vertex -42.8607 21.95 7.33934
    endloop
  endfacet
  facet normal 0 1 0
    outer loop
      vertex -57.1769 21.95 1.5
      vertex -41.8 21.95 6.9
      vertex -29.3364 21.95 1.5
    endloop
  endfacet
  facet normal 0 1 0
    outer loop
      vertex -41.8 21.95 6.9
      vertex -57.1769 21.95 1.5
      vertex -42.0926 21.95 6.92882
    endloop
  endfacet
  facet normal 0 1 0
    outer loop
      vertex -47.3433 21.95 15.1039
      vertex -57.1769 21.95 1.5
      vertex -58.3 21.95 23.4
    endloop
  endfacet
  facet normal 0 1 0
    outer loop
      vertex -42.6334 21.95 7.1528
      vertex -57.1769 21.95 1.5
      vertex -42.8607 21.95 7.33934
    endloop
  endfacet
  facet normal 0 1 0
    outer loop
      vertex -42.374 21.95 7.01418
      vertex -57.1769 21.95 1.5
      vertex -42.6334 21.95 7.1528
    endloop
  endfacet
  facet normal 0 1 0
    outer loop
      vertex -42.0926 21.95 6.92882
      vertex -57.1769 21.95 1.5
      vertex -42.374 21.95 7.01418
    endloop
  endfacet
  facet normal 0 1 0
    outer loop
      vertex -25.4142 21.95 19.974
      vertex -21.197 21.95 16.0212
      vertex -25.3288 21.95 19.6926
    endloop
  endfacet
  facet normal -0 1 -0
    outer loop
      vertex -21.4897 21.95 16.05
      vertex -25.3288 21.95 19.6926
      vertex -21.197 21.95 16.0212
    endloop
  endfacet
  facet normal 0 1 -0
    outer loop
      vertex -21.7823 21.95 16.0212
      vertex -25.3 21.95 19.4
      vertex -21.4897 21.95 16.05
    endloop
  endfacet
  facet normal 0 1 0
    outer loop
      vertex -25.3 21.95 19.4
      vertex -21.7823 21.95 16.0212
      vertex -25.3288 21.95 19.1074
    endloop
  endfacet
  facet normal 0 1 0
    outer loop
      vertex -25.3288 21.95 19.6926
      vertex -21.4897 21.95 16.05
      vertex -25.3 21.95 19.4
    endloop
  endfacet
  facet normal 0 1 0
    outer loop
      vertex -21.197 21.95 16.0212
      vertex -10.0607 21.95 17.8107
      vertex -10.2472 21.95 17.5834
    endloop
  endfacet
  facet normal 0 1 -0
    outer loop
      vertex -22.0637 21.95 15.9358
      vertex -25.3288 21.95 19.1074
      vertex -21.7823 21.95 16.0212
    endloop
  endfacet
  facet normal 0 1 0
    outer loop
      vertex -25.3288 21.95 19.1074
      vertex -22.0637 21.95 15.9358
      vertex -25.4142 21.95 18.826
    endloop
  endfacet
  facet normal 0 1 -0
    outer loop
      vertex -22.323 21.95 15.7972
      vertex -25.4142 21.95 18.826
      vertex -22.0637 21.95 15.9358
    endloop
  endfacet
  facet normal 0 1 0
    outer loop
      vertex -25.5528 21.95 18.5666
      vertex -22.5503 21.95 15.6107
      vertex -25.7393 21.95 18.3393
    endloop
  endfacet
  facet normal 0 1 0
    outer loop
      vertex -10.2472 21.95 17.5834
      vertex -20.9156 21.95 15.9358
      vertex -21.197 21.95 16.0212
    endloop
  endfacet
  facet normal 0 1 0
    outer loop
      vertex -18.7819 21.95 13.2584
      vertex -10.3858 21.95 16.176
      vertex -10.2472 21.95 15.9166
    endloop
  endfacet
  facet normal 0 1 0
    outer loop
      vertex -10.2472 21.95 17.5834
      vertex -20.6563 21.95 15.7972
      vertex -20.9156 21.95 15.9358
    endloop
  endfacet
  facet normal 0 1 0
    outer loop
      vertex -18.7819 21.95 13.2584
      vertex -10.2472 21.95 15.9166
      vertex -10.0607 21.95 15.6893
    endloop
  endfacet
  facet normal 0 1 0
    outer loop
      vertex -10.2472 21.95 17.5834
      vertex -20.429 21.95 15.6107
      vertex -20.6563 21.95 15.7972
    endloop
  endfacet
  facet normal 0 1 0
    outer loop
      vertex -18.7819 21.95 13.2584
      vertex -10.0607 21.95 15.6893
      vertex -9.83335 21.95 15.5028
    endloop
  endfacet
  facet normal 0 1 0
    outer loop
      vertex -10.3858 21.95 17.324
      vertex -20.2425 21.95 15.3834
      vertex -20.429 21.95 15.6107
    endloop
  endfacet
  facet normal 0 1 0
    outer loop
      vertex -18.7819 21.95 13.2584
      vertex -9.83335 21.95 15.5028
      vertex -9.57403 21.95 15.3642
    endloop
  endfacet
  facet normal 0 1 0
    outer loop
      vertex -18.7819 21.95 13.2584
      vertex -9.57403 21.95 15.3642
      vertex -9.29263 21.95 15.2788
    endloop
  endfacet
  facet normal 0 1 0
    outer loop
      vertex -18.7819 21.95 13.2584
      vertex -9.29263 21.95 15.2788
      vertex -9 21.95 15.25
    endloop
  endfacet
  facet normal 0 1 0
    outer loop
      vertex -10.5 21.95 16.75
      vertex -18.7819 21.95 13.2584
      vertex -20.2425 21.95 15.3834
    endloop
  endfacet
  facet normal 0 1 -0
    outer loop
      vertex -61.0472 21.95 24.2334
      vertex -64.176 21.95 21.2941
      vertex -60.8607 21.95 24.4607
    endloop
  endfacet
  facet normal 0 1 -0
    outer loop
      vertex -61.1858 21.95 23.974
      vertex -64.176 21.95 21.2941
      vertex -61.0472 21.95 24.2334
    endloop
  endfacet
  facet normal -0 1 0
    outer loop
      vertex -64.176 21.95 21.2941
      vertex -61.1858 21.95 23.974
      vertex -64.176 21.95 18.2853
    endloop
  endfacet
  facet normal 0.290279 0 0.956942
    outer loop
      vertex -42.374 21.95 7.01418
      vertex -42.0926 18.05 6.92882
      vertex -42.0926 21.95 6.92882
    endloop
  endfacet
  facet normal 0.290279 0 0.956942
    outer loop
      vertex -42.0926 18.05 6.92882
      vertex -42.374 21.95 7.01418
      vertex -42.374 18.05 7.01418
    endloop
  endfacet
  facet normal 0.88195 0 -0.471344
    outer loop
      vertex -43.0472 18.05 9.23336
      vertex -43.1858 21.95 8.97402
      vertex -43.0472 21.95 9.23336
    endloop
  endfacet
  facet normal 0.88195 0 -0.471344
    outer loop
      vertex -43.1858 21.95 8.97402
      vertex -43.0472 18.05 9.23336
      vertex -43.1858 18.05 8.97402
    endloop
  endfacet
  facet normal -0.471312 0 0.881967
    outer loop
      vertex -41.226 21.95 7.01418
      vertex -40.9666 18.05 7.1528
      vertex -40.9666 21.95 7.1528
    endloop
  endfacet
  facet normal -0.471312 0 0.881967
    outer loop
      vertex -40.9666 18.05 7.1528
      vertex -41.226 21.95 7.01418
      vertex -41.226 18.05 7.01418
    endloop
  endfacet
  facet normal -0.634393 0 -0.773011
    outer loop
      vertex -40.9666 18.05 9.6472
      vertex -40.7393 21.95 9.46066
      vertex -40.7393 18.05 9.46066
    endloop
  endfacet
  facet normal -0.634393 0 -0.773011
    outer loop
      vertex -40.7393 21.95 9.46066
      vertex -40.9666 18.05 9.6472
      vertex -40.9666 21.95 9.6472
    endloop
  endfacet
  facet normal 0.290279 0 -0.956942
    outer loop
      vertex -42.374 18.05 9.78582
      vertex -42.0926 21.95 9.87118
      vertex -42.0926 18.05 9.87118
    endloop
  endfacet
  facet normal 0.290279 0 -0.956942
    outer loop
      vertex -42.0926 21.95 9.87118
      vertex -42.374 18.05 9.78582
      vertex -42.374 21.95 9.78582
    endloop
  endfacet
  facet normal 0.471312 0 0.881967
    outer loop
      vertex -42.6334 21.95 7.1528
      vertex -42.374 18.05 7.01418
      vertex -42.374 21.95 7.01418
    endloop
  endfacet
  facet normal 0.471312 0 0.881967
    outer loop
      vertex -42.374 18.05 7.01418
      vertex -42.6334 21.95 7.1528
      vertex -42.6334 18.05 7.1528
    endloop
  endfacet
  facet normal 0.0980219 0 -0.995184
    outer loop
      vertex -42.0926 18.05 9.87118
      vertex -41.8 21.95 9.9
      vertex -41.8 18.05 9.9
    endloop
  endfacet
  facet normal 0.0980219 0 -0.995184
    outer loop
      vertex -41.8 21.95 9.9
      vertex -42.0926 18.05 9.87118
      vertex -42.0926 21.95 9.87118
    endloop
  endfacet
  facet normal -0.88195 0 -0.471344
    outer loop
      vertex -40.4142 18.05 8.97402
      vertex -40.5528 21.95 9.23336
      vertex -40.4142 21.95 8.97402
    endloop
  endfacet
  facet normal -0.88195 -0 -0.471344
    outer loop
      vertex -40.5528 21.95 9.23336
      vertex -40.4142 18.05 8.97402
      vertex -40.5528 18.05 9.23336
    endloop
  endfacet
  facet normal -0.995192 0 -0.0979413
    outer loop
      vertex -40.3 18.05 8.4
      vertex -40.3288 21.95 8.69264
      vertex -40.3 21.95 8.4
    endloop
  endfacet
  facet normal -0.995192 -0 -0.0979413
    outer loop
      vertex -40.3288 21.95 8.69264
      vertex -40.3 18.05 8.4
      vertex -40.3288 18.05 8.69264
    endloop
  endfacet
  facet normal -0.773078 0 -0.634311
    outer loop
      vertex -40.5528 18.05 9.23336
      vertex -40.7393 21.95 9.46066
      vertex -40.5528 21.95 9.23336
    endloop
  endfacet
  facet normal -0.773078 -0 -0.634311
    outer loop
      vertex -40.7393 21.95 9.46066
      vertex -40.5528 18.05 9.23336
      vertex -40.7393 18.05 9.46066
    endloop
  endfacet
  facet normal 0 1 0
    outer loop
      vertex -41.5074 18.05 9.87118
      vertex -42.0926 18.05 9.87118
      vertex -41.8 18.05 9.9
    endloop
  endfacet
  facet normal 0 1 0
    outer loop
      vertex -41.226 18.05 9.78582
      vertex -42.0926 18.05 9.87118
      vertex -41.5074 18.05 9.87118
    endloop
  endfacet
  facet normal 0 1 0
    outer loop
      vertex -41.226 18.05 9.78582
      vertex -42.374 18.05 9.78582
      vertex -42.0926 18.05 9.87118
    endloop
  endfacet
  facet normal 0 1 0
    outer loop
      vertex -40.9666 18.05 9.6472
      vertex -42.374 18.05 9.78582
      vertex -41.226 18.05 9.78582
    endloop
  endfacet
  facet normal 0 1 0
    outer loop
      vertex -40.9666 18.05 9.6472
      vertex -42.6334 18.05 9.6472
      vertex -42.374 18.05 9.78582
    endloop
  endfacet
  facet normal 0 1 0
    outer loop
      vertex -40.7393 18.05 9.46066
      vertex -42.6334 18.05 9.6472
      vertex -40.9666 18.05 9.6472
    endloop
  endfacet
  facet normal 0 1 0
    outer loop
      vertex -40.7393 18.05 9.46066
      vertex -42.8607 18.05 9.46066
      vertex -42.6334 18.05 9.6472
    endloop
  endfacet
  facet normal 0 1 0
    outer loop
      vertex -40.5528 18.05 9.23336
      vertex -42.8607 18.05 9.46066
      vertex -40.7393 18.05 9.46066
    endloop
  endfacet
  facet normal 0 1 0
    outer loop
      vertex -40.5528 18.05 9.23336
      vertex -43.0472 18.05 9.23336
      vertex -42.8607 18.05 9.46066
    endloop
  endfacet
  facet normal 0 1 0
    outer loop
      vertex -40.4142 18.05 8.97402
      vertex -43.0472 18.05 9.23336
      vertex -40.5528 18.05 9.23336
    endloop
  endfacet
  facet normal 0 1 0
    outer loop
      vertex -40.4142 18.05 8.97402
      vertex -43.1858 18.05 8.97402
      vertex -43.0472 18.05 9.23336
    endloop
  endfacet
  facet normal 0 1 0
    outer loop
      vertex -40.3288 18.05 8.69264
      vertex -43.1858 18.05 8.97402
      vertex -40.4142 18.05 8.97402
    endloop
  endfacet
  facet normal 0 1 0
    outer loop
      vertex -40.3288 18.05 8.69264
      vertex -43.2712 18.05 8.69264
      vertex -43.1858 18.05 8.97402
    endloop
  endfacet
  facet normal 0 1 0
    outer loop
      vertex -40.3 18.05 8.4
      vertex -43.2712 18.05 8.69264
      vertex -40.3288 18.05 8.69264
    endloop
  endfacet
  facet normal 0 1 0
    outer loop
      vertex -40.3 18.05 8.4
      vertex -43.3 18.05 8.4
      vertex -43.2712 18.05 8.69264
    endloop
  endfacet
  facet normal 0 1 -0
    outer loop
      vertex -40.3288 18.05 8.10736
      vertex -43.3 18.05 8.4
      vertex -40.3 18.05 8.4
    endloop
  endfacet
  facet normal 0 1 0
    outer loop
      vertex -40.3288 18.05 8.10736
      vertex -43.2712 18.05 8.10736
      vertex -43.3 18.05 8.4
    endloop
  endfacet
  facet normal 0 1 -0
    outer loop
      vertex -40.4142 18.05 7.82598
      vertex -43.2712 18.05 8.10736
      vertex -40.3288 18.05 8.10736
    endloop
  endfacet
  facet normal 0 1 0
    outer loop
      vertex -40.4142 18.05 7.82598
      vertex -43.1858 18.05 7.82598
      vertex -43.2712 18.05 8.10736
    endloop
  endfacet
  facet normal 0 1 -0
    outer loop
      vertex -40.5528 18.05 7.56665
      vertex -43.1858 18.05 7.82598
      vertex -40.4142 18.05 7.82598
    endloop
  endfacet
  facet normal 0 1 0
    outer loop
      vertex -40.5528 18.05 7.56665
      vertex -43.0472 18.05 7.56665
      vertex -43.1858 18.05 7.82598
    endloop
  endfacet
  facet normal 0 1 -0
    outer loop
      vertex -40.7393 18.05 7.33934
      vertex -43.0472 18.05 7.56665
      vertex -40.5528 18.05 7.56665
    endloop
  endfacet
  facet normal 0 1 0
    outer loop
      vertex -40.7393 18.05 7.33934
      vertex -42.8607 18.05 7.33934
      vertex -43.0472 18.05 7.56665
    endloop
  endfacet
  facet normal 0 1 -0
    outer loop
      vertex -40.9666 18.05 7.1528
      vertex -42.8607 18.05 7.33934
      vertex -40.7393 18.05 7.33934
    endloop
  endfacet
  facet normal 0 1 0
    outer loop
      vertex -40.9666 18.05 7.1528
      vertex -42.6334 18.05 7.1528
      vertex -42.8607 18.05 7.33934
    endloop
  endfacet
  facet normal 0 1 -0
    outer loop
      vertex -41.226 18.05 7.01418
      vertex -42.6334 18.05 7.1528
      vertex -40.9666 18.05 7.1528
    endloop
  endfacet
  facet normal 0 1 0
    outer loop
      vertex -41.226 18.05 7.01418
      vertex -42.374 18.05 7.01418
      vertex -42.6334 18.05 7.1528
    endloop
  endfacet
  facet normal 0 1 -0
    outer loop
      vertex -41.5074 18.05 6.92882
      vertex -42.374 18.05 7.01418
      vertex -41.226 18.05 7.01418
    endloop
  endfacet
  facet normal 0 1 0
    outer loop
      vertex -41.5074 18.05 6.92882
      vertex -42.0926 18.05 6.92882
      vertex -42.374 18.05 7.01418
    endloop
  endfacet
  facet normal -0 1 0
    outer loop
      vertex -42.0926 18.05 6.92882
      vertex -41.5074 18.05 6.92882
      vertex -41.8 18.05 6.9
    endloop
  endfacet
  facet normal 0.881942 -0 0.471358
    outer loop
      vertex -43.1858 18.05 7.82598
      vertex -43.0472 21.95 7.56665
      vertex -43.1858 21.95 7.82598
    endloop
  endfacet
  facet normal 0.881942 0 0.471358
    outer loop
      vertex -43.0472 21.95 7.56665
      vertex -43.1858 18.05 7.82598
      vertex -43.0472 18.05 7.56665
    endloop
  endfacet
  facet normal 0.634393 0 -0.773011
    outer loop
      vertex -42.8607 18.05 9.46066
      vertex -42.6334 21.95 9.6472
      vertex -42.6334 18.05 9.6472
    endloop
  endfacet
  facet normal 0.634393 0 -0.773011
    outer loop
      vertex -42.6334 21.95 9.6472
      vertex -42.8607 18.05 9.46066
      vertex -42.8607 21.95 9.46066
    endloop
  endfacet
  facet normal -0.0980219 0 0.995184
    outer loop
      vertex -41.8 21.95 6.9
      vertex -41.5074 18.05 6.92882
      vertex -41.5074 21.95 6.92882
    endloop
  endfacet
  facet normal -0.0980219 0 0.995184
    outer loop
      vertex -41.5074 18.05 6.92882
      vertex -41.8 21.95 6.9
      vertex -41.8 18.05 6.9
    endloop
  endfacet
  facet normal 0.773078 0 -0.634311
    outer loop
      vertex -42.8607 18.05 9.46066
      vertex -43.0472 21.95 9.23336
      vertex -42.8607 21.95 9.46066
    endloop
  endfacet
  facet normal 0.773078 0 -0.634311
    outer loop
      vertex -43.0472 21.95 9.23336
      vertex -42.8607 18.05 9.46066
      vertex -43.0472 18.05 9.23336
    endloop
  endfacet
  facet normal -0.634393 0 0.773011
    outer loop
      vertex -40.9666 21.95 7.1528
      vertex -40.7393 18.05 7.33934
      vertex -40.7393 21.95 7.33934
    endloop
  endfacet
  facet normal -0.634393 0 0.773011
    outer loop
      vertex -40.7393 18.05 7.33934
      vertex -40.9666 21.95 7.1528
      vertex -40.9666 18.05 7.1528
    endloop
  endfacet
  facet normal -0.956898 0 -0.290423
    outer loop
      vertex -40.3288 18.05 8.69264
      vertex -40.4142 21.95 8.97402
      vertex -40.3288 21.95 8.69264
    endloop
  endfacet
  facet normal -0.956898 -0 -0.290423
    outer loop
      vertex -40.4142 21.95 8.97402
      vertex -40.3288 18.05 8.69264
      vertex -40.4142 18.05 8.97402
    endloop
  endfacet
  facet normal -0.773091 0 0.634295
    outer loop
      vertex -40.7393 18.05 7.33934
      vertex -40.5528 21.95 7.56665
      vertex -40.7393 21.95 7.33934
    endloop
  endfacet
  facet normal -0.773091 0 0.634295
    outer loop
      vertex -40.5528 21.95 7.56665
      vertex -40.7393 18.05 7.33934
      vertex -40.5528 18.05 7.56665
    endloop
  endfacet
  facet normal -0.995192 0 0.0979413
    outer loop
      vertex -40.3288 18.05 8.10736
      vertex -40.3 21.95 8.4
      vertex -40.3288 21.95 8.10736
    endloop
  endfacet
  facet normal -0.995192 0 0.0979413
    outer loop
      vertex -40.3 21.95 8.4
      vertex -40.3288 18.05 8.10736
      vertex -40.3 18.05 8.4
    endloop
  endfacet
  facet normal -0.956898 0 0.290423
    outer loop
      vertex -40.4142 18.05 7.82598
      vertex -40.3288 21.95 8.10736
      vertex -40.4142 21.95 7.82598
    endloop
  endfacet
  facet normal -0.956898 0 0.290423
    outer loop
      vertex -40.3288 21.95 8.10736
      vertex -40.4142 18.05 7.82598
      vertex -40.3288 18.05 8.10736
    endloop
  endfacet
  facet normal 0.471312 0 -0.881967
    outer loop
      vertex -42.6334 18.05 9.6472
      vertex -42.374 21.95 9.78582
      vertex -42.374 18.05 9.78582
    endloop
  endfacet
  facet normal 0.471312 0 -0.881967
    outer loop
      vertex -42.374 21.95 9.78582
      vertex -42.6334 18.05 9.6472
      vertex -42.6334 21.95 9.6472
    endloop
  endfacet
  facet normal 0.634393 0 0.773011
    outer loop
      vertex -42.8607 21.95 7.33934
      vertex -42.6334 18.05 7.1528
      vertex -42.6334 21.95 7.1528
    endloop
  endfacet
  facet normal 0.634393 0 0.773011
    outer loop
      vertex -42.6334 18.05 7.1528
      vertex -42.8607 21.95 7.33934
      vertex -42.8607 18.05 7.33934
    endloop
  endfacet
  facet normal 0.995192 -0 0.0979413
    outer loop
      vertex -43.3 18.05 8.4
      vertex -43.2712 21.95 8.10736
      vertex -43.3 21.95 8.4
    endloop
  endfacet
  facet normal 0.995192 0 0.0979413
    outer loop
      vertex -43.2712 21.95 8.10736
      vertex -43.3 18.05 8.4
      vertex -43.2712 18.05 8.10736
    endloop
  endfacet
  facet normal 0.956898 -0 0.290423
    outer loop
      vertex -43.2712 18.05 8.10736
      vertex -43.1858 21.95 7.82598
      vertex -43.2712 21.95 8.10736
    endloop
  endfacet
  facet normal 0.956898 0 0.290423
    outer loop
      vertex -43.1858 21.95 7.82598
      vertex -43.2712 18.05 8.10736
      vertex -43.1858 18.05 7.82598
    endloop
  endfacet
  facet normal 0.0980219 0 0.995184
    outer loop
      vertex -42.0926 21.95 6.92882
      vertex -41.8 18.05 6.9
      vertex -41.8 21.95 6.9
    endloop
  endfacet
  facet normal 0.0980219 0 0.995184
    outer loop
      vertex -41.8 18.05 6.9
      vertex -42.0926 21.95 6.92882
      vertex -42.0926 18.05 6.92882
    endloop
  endfacet
  facet normal 0.773091 -0 0.634295
    outer loop
      vertex -43.0472 18.05 7.56665
      vertex -42.8607 21.95 7.33934
      vertex -43.0472 21.95 7.56665
    endloop
  endfacet
  facet normal 0.773091 0 0.634295
    outer loop
      vertex -42.8607 21.95 7.33934
      vertex -43.0472 18.05 7.56665
      vertex -42.8607 18.05 7.33934
    endloop
  endfacet
  facet normal 0.995192 0 -0.0979413
    outer loop
      vertex -43.2712 18.05 8.69264
      vertex -43.3 21.95 8.4
      vertex -43.2712 21.95 8.69264
    endloop
  endfacet
  facet normal 0.995192 0 -0.0979413
    outer loop
      vertex -43.3 21.95 8.4
      vertex -43.2712 18.05 8.69264
      vertex -43.3 18.05 8.4
    endloop
  endfacet
  facet normal 0.956898 0 -0.290423
    outer loop
      vertex -43.1858 18.05 8.97402
      vertex -43.2712 21.95 8.69264
      vertex -43.1858 21.95 8.97402
    endloop
  endfacet
  facet normal 0.956898 0 -0.290423
    outer loop
      vertex -43.2712 21.95 8.69264
      vertex -43.1858 18.05 8.97402
      vertex -43.2712 18.05 8.69264
    endloop
  endfacet
  facet normal -0.290279 0 0.956942
    outer loop
      vertex -41.5074 21.95 6.92882
      vertex -41.226 18.05 7.01418
      vertex -41.226 21.95 7.01418
    endloop
  endfacet
  facet normal -0.290279 0 0.956942
    outer loop
      vertex -41.226 18.05 7.01418
      vertex -41.5074 21.95 6.92882
      vertex -41.5074 18.05 6.92882
    endloop
  endfacet
  facet normal 0.995191 -0 0.0979545
    outer loop
      vertex -43.3 18.05 26.4
      vertex -43.2712 21.95 26.1074
      vertex -43.3 21.95 26.4
    endloop
  endfacet
  facet normal 0.995191 0 0.0979545
    outer loop
      vertex -43.2712 21.95 26.1074
      vertex -43.3 18.05 26.4
      vertex -43.2712 18.05 26.1074
    endloop
  endfacet
  facet normal 0.634311 0 -0.773078
    outer loop
      vertex -42.8607 18.05 27.4607
      vertex -42.6334 21.95 27.6472
      vertex -42.6334 18.05 27.6472
    endloop
  endfacet
  facet normal 0.634311 0 -0.773078
    outer loop
      vertex -42.6334 21.95 27.6472
      vertex -42.8607 18.05 27.4607
      vertex -42.8607 21.95 27.4607
    endloop
  endfacet
  facet normal -0.290404 0 -0.956904
    outer loop
      vertex -41.5074 18.05 27.8712
      vertex -41.226 21.95 27.7858
      vertex -41.226 18.05 27.7858
    endloop
  endfacet
  facet normal -0.290404 0 -0.956904
    outer loop
      vertex -41.226 21.95 27.7858
      vertex -41.5074 18.05 27.8712
      vertex -41.5074 21.95 27.8712
    endloop
  endfacet
  facet normal -0.0979545 0 -0.995191
    outer loop
      vertex -41.8 18.05 27.9
      vertex -41.5074 21.95 27.8712
      vertex -41.5074 18.05 27.8712
    endloop
  endfacet
  facet normal -0.0979545 0 -0.995191
    outer loop
      vertex -41.5074 21.95 27.8712
      vertex -41.8 18.05 27.9
      vertex -41.8 21.95 27.9
    endloop
  endfacet
  facet normal -0.471259 0 -0.881995
    outer loop
      vertex -41.226 18.05 27.7858
      vertex -40.9666 21.95 27.6472
      vertex -40.9666 18.05 27.6472
    endloop
  endfacet
  facet normal -0.471259 0 -0.881995
    outer loop
      vertex -40.9666 21.95 27.6472
      vertex -41.226 18.05 27.7858
      vertex -41.226 21.95 27.7858
    endloop
  endfacet
  facet normal 0.471259 0 0.881995
    outer loop
      vertex -42.6334 21.95 25.1528
      vertex -42.374 18.05 25.0142
      vertex -42.374 21.95 25.0142
    endloop
  endfacet
  facet normal 0.471259 0 0.881995
    outer loop
      vertex -42.374 18.05 25.0142
      vertex -42.6334 21.95 25.1528
      vertex -42.6334 18.05 25.1528
    endloop
  endfacet
  facet normal 0.0979545 0 -0.995191
    outer loop
      vertex -42.0926 18.05 27.8712
      vertex -41.8 21.95 27.9
      vertex -41.8 18.05 27.9
    endloop
  endfacet
  facet normal 0.0979545 0 -0.995191
    outer loop
      vertex -41.8 21.95 27.9
      vertex -42.0926 18.05 27.8712
      vertex -42.0926 21.95 27.8712
    endloop
  endfacet
  facet normal 0.956904 0 -0.290404
    outer loop
      vertex -43.1858 18.05 26.974
      vertex -43.2712 21.95 26.6926
      vertex -43.1858 21.95 26.974
    endloop
  endfacet
  facet normal 0.956904 0 -0.290404
    outer loop
      vertex -43.2712 21.95 26.6926
      vertex -43.1858 18.05 26.974
      vertex -43.2712 18.05 26.6926
    endloop
  endfacet
  facet normal 0.0979545 0 0.995191
    outer loop
      vertex -42.0926 21.95 24.9288
      vertex -41.8 18.05 24.9
      vertex -41.8 21.95 24.9
    endloop
  endfacet
  facet normal 0.0979545 0 0.995191
    outer loop
      vertex -41.8 18.05 24.9
      vertex -42.0926 21.95 24.9288
      vertex -42.0926 18.05 24.9288
    endloop
  endfacet
  facet normal -0.995191 0 -0.0979545
    outer loop
      vertex -40.3 18.05 26.4
      vertex -40.3288 21.95 26.6926
      vertex -40.3 21.95 26.4
    endloop
  endfacet
  facet normal -0.995191 -0 -0.0979545
    outer loop
      vertex -40.3288 21.95 26.6926
      vertex -40.3 18.05 26.4
      vertex -40.3288 18.05 26.6926
    endloop
  endfacet
  facet normal 0.290404 0 -0.956904
    outer loop
      vertex -42.374 18.05 27.7858
      vertex -42.0926 21.95 27.8712
      vertex -42.0926 18.05 27.8712
    endloop
  endfacet
  facet normal 0.290404 0 -0.956904
    outer loop
      vertex -42.0926 21.95 27.8712
      vertex -42.374 18.05 27.7858
      vertex -42.374 21.95 27.7858
    endloop
  endfacet
  facet normal 0.956904 -0 0.290404
    outer loop
      vertex -43.2712 18.05 26.1074
      vertex -43.1858 21.95 25.826
      vertex -43.2712 21.95 26.1074
    endloop
  endfacet
  facet normal 0.956904 0 0.290404
    outer loop
      vertex -43.1858 21.95 25.826
      vertex -43.2712 18.05 26.1074
      vertex -43.1858 18.05 25.826
    endloop
  endfacet
  facet normal -0.0979545 0 0.995191
    outer loop
      vertex -41.8 21.95 24.9
      vertex -41.5074 18.05 24.9288
      vertex -41.5074 21.95 24.9288
    endloop
  endfacet
  facet normal -0.0979545 0 0.995191
    outer loop
      vertex -41.5074 18.05 24.9288
      vertex -41.8 21.95 24.9
      vertex -41.8 18.05 24.9
    endloop
  endfacet
  facet normal -0.881995 0 -0.471259
    outer loop
      vertex -40.4142 18.05 26.974
      vertex -40.5528 21.95 27.2334
      vertex -40.4142 21.95 26.974
    endloop
  endfacet
  facet normal -0.881995 -0 -0.471259
    outer loop
      vertex -40.5528 21.95 27.2334
      vertex -40.4142 18.05 26.974
      vertex -40.5528 18.05 27.2334
    endloop
  endfacet
  facet normal -0.956904 0 -0.290404
    outer loop
      vertex -40.3288 18.05 26.6926
      vertex -40.4142 21.95 26.974
      vertex -40.3288 21.95 26.6926
    endloop
  endfacet
  facet normal -0.956904 -0 -0.290404
    outer loop
      vertex -40.4142 21.95 26.974
      vertex -40.3288 18.05 26.6926
      vertex -40.4142 18.05 26.974
    endloop
  endfacet
  facet normal -0.995191 0 0.0979545
    outer loop
      vertex -40.3288 18.05 26.1074
      vertex -40.3 21.95 26.4
      vertex -40.3288 21.95 26.1074
    endloop
  endfacet
  facet normal -0.995191 0 0.0979545
    outer loop
      vertex -40.3 21.95 26.4
      vertex -40.3288 18.05 26.1074
      vertex -40.3 18.05 26.4
    endloop
  endfacet
  facet normal -0.290404 0 0.956904
    outer loop
      vertex -41.5074 21.95 24.9288
      vertex -41.226 18.05 25.0142
      vertex -41.226 21.95 25.0142
    endloop
  endfacet
  facet normal -0.290404 0 0.956904
    outer loop
      vertex -41.226 18.05 25.0142
      vertex -41.5074 21.95 24.9288
      vertex -41.5074 18.05 24.9288
    endloop
  endfacet
  facet normal -0.773078 0 0.634311
    outer loop
      vertex -40.7393 18.05 25.3393
      vertex -40.5528 21.95 25.5666
      vertex -40.7393 21.95 25.3393
    endloop
  endfacet
  facet normal -0.773078 0 0.634311
    outer loop
      vertex -40.5528 21.95 25.5666
      vertex -40.7393 18.05 25.3393
      vertex -40.5528 18.05 25.5666
    endloop
  endfacet
  facet normal -0.634311 0 -0.773078
    outer loop
      vertex -40.9666 18.05 27.6472
      vertex -40.7393 21.95 27.4607
      vertex -40.7393 18.05 27.4607
    endloop
  endfacet
  facet normal -0.634311 0 -0.773078
    outer loop
      vertex -40.7393 21.95 27.4607
      vertex -40.9666 18.05 27.6472
      vertex -40.9666 21.95 27.6472
    endloop
  endfacet
  facet normal -0.881995 0 0.471259
    outer loop
      vertex -40.5528 18.05 25.5666
      vertex -40.4142 21.95 25.826
      vertex -40.5528 21.95 25.5666
    endloop
  endfacet
  facet normal -0.881995 0 0.471259
    outer loop
      vertex -40.4142 21.95 25.826
      vertex -40.5528 18.05 25.5666
      vertex -40.4142 18.05 25.826
    endloop
  endfacet
  facet normal 0.881995 0 -0.471259
    outer loop
      vertex -43.0472 18.05 27.2334
      vertex -43.1858 21.95 26.974
      vertex -43.0472 21.95 27.2334
    endloop
  endfacet
  facet normal 0.881995 0 -0.471259
    outer loop
      vertex -43.1858 21.95 26.974
      vertex -43.0472 18.05 27.2334
      vertex -43.1858 18.05 26.974
    endloop
  endfacet
  facet normal 0.471259 0 -0.881995
    outer loop
      vertex -42.6334 18.05 27.6472
      vertex -42.374 21.95 27.7858
      vertex -42.374 18.05 27.7858
    endloop
  endfacet
  facet normal 0.471259 0 -0.881995
    outer loop
      vertex -42.374 21.95 27.7858
      vertex -42.6334 18.05 27.6472
      vertex -42.6334 21.95 27.6472
    endloop
  endfacet
  facet normal -0.773078 0 -0.634311
    outer loop
      vertex -40.5528 18.05 27.2334
      vertex -40.7393 21.95 27.4607
      vertex -40.5528 21.95 27.2334
    endloop
  endfacet
  facet normal -0.773078 -0 -0.634311
    outer loop
      vertex -40.7393 21.95 27.4607
      vertex -40.5528 18.05 27.2334
      vertex -40.7393 18.05 27.4607
    endloop
  endfacet
  facet normal 0 1 0
    outer loop
      vertex -41.5074 18.05 27.8712
      vertex -42.0926 18.05 27.8712
      vertex -41.8 18.05 27.9
    endloop
  endfacet
  facet normal 0 1 0
    outer loop
      vertex -41.226 18.05 27.7858
      vertex -42.0926 18.05 27.8712
      vertex -41.5074 18.05 27.8712
    endloop
  endfacet
  facet normal 0 1 0
    outer loop
      vertex -41.226 18.05 27.7858
      vertex -42.374 18.05 27.7858
      vertex -42.0926 18.05 27.8712
    endloop
  endfacet
  facet normal 0 1 0
    outer loop
      vertex -40.9666 18.05 27.6472
      vertex -42.374 18.05 27.7858
      vertex -41.226 18.05 27.7858
    endloop
  endfacet
  facet normal 0 1 0
    outer loop
      vertex -40.9666 18.05 27.6472
      vertex -42.6334 18.05 27.6472
      vertex -42.374 18.05 27.7858
    endloop
  endfacet
  facet normal 0 1 0
    outer loop
      vertex -40.7393 18.05 27.4607
      vertex -42.6334 18.05 27.6472
      vertex -40.9666 18.05 27.6472
    endloop
  endfacet
  facet normal 0 1 0
    outer loop
      vertex -40.7393 18.05 27.4607
      vertex -42.8607 18.05 27.4607
      vertex -42.6334 18.05 27.6472
    endloop
  endfacet
  facet normal 0 1 0
    outer loop
      vertex -40.5528 18.05 27.2334
      vertex -42.8607 18.05 27.4607
      vertex -40.7393 18.05 27.4607
    endloop
  endfacet
  facet normal 0 1 0
    outer loop
      vertex -40.5528 18.05 27.2334
      vertex -43.0472 18.05 27.2334
      vertex -42.8607 18.05 27.4607
    endloop
  endfacet
  facet normal 0 1 0
    outer loop
      vertex -40.4142 18.05 26.974
      vertex -43.0472 18.05 27.2334
      vertex -40.5528 18.05 27.2334
    endloop
  endfacet
  facet normal 0 1 0
    outer loop
      vertex -40.4142 18.05 26.974
      vertex -43.1858 18.05 26.974
      vertex -43.0472 18.05 27.2334
    endloop
  endfacet
  facet normal 0 1 0
    outer loop
      vertex -40.3288 18.05 26.6926
      vertex -43.1858 18.05 26.974
      vertex -40.4142 18.05 26.974
    endloop
  endfacet
  facet normal 0 1 0
    outer loop
      vertex -40.3288 18.05 26.6926
      vertex -43.2712 18.05 26.6926
      vertex -43.1858 18.05 26.974
    endloop
  endfacet
  facet normal 0 1 0
    outer loop
      vertex -40.3 18.05 26.4
      vertex -43.2712 18.05 26.6926
      vertex -40.3288 18.05 26.6926
    endloop
  endfacet
  facet normal 0 1 0
    outer loop
      vertex -40.3 18.05 26.4
      vertex -43.3 18.05 26.4
      vertex -43.2712 18.05 26.6926
    endloop
  endfacet
  facet normal 0 1 -0
    outer loop
      vertex -40.3288 18.05 26.1074
      vertex -43.3 18.05 26.4
      vertex -40.3 18.05 26.4
    endloop
  endfacet
  facet normal 0 1 0
    outer loop
      vertex -40.3288 18.05 26.1074
      vertex -43.2712 18.05 26.1074
      vertex -43.3 18.05 26.4
    endloop
  endfacet
  facet normal 0 1 -0
    outer loop
      vertex -40.4142 18.05 25.826
      vertex -43.2712 18.05 26.1074
      vertex -40.3288 18.05 26.1074
    endloop
  endfacet
  facet normal 0 1 0
    outer loop
      vertex -40.4142 18.05 25.826
      vertex -43.1858 18.05 25.826
      vertex -43.2712 18.05 26.1074
    endloop
  endfacet
  facet normal 0 1 -0
    outer loop
      vertex -40.5528 18.05 25.5666
      vertex -43.1858 18.05 25.826
      vertex -40.4142 18.05 25.826
    endloop
  endfacet
  facet normal 0 1 0
    outer loop
      vertex -40.5528 18.05 25.5666
      vertex -43.0472 18.05 25.5666
      vertex -43.1858 18.05 25.826
    endloop
  endfacet
  facet normal 0 1 -0
    outer loop
      vertex -40.7393 18.05 25.3393
      vertex -43.0472 18.05 25.5666
      vertex -40.5528 18.05 25.5666
    endloop
  endfacet
  facet normal 0 1 0
    outer loop
      vertex -40.7393 18.05 25.3393
      vertex -42.8607 18.05 25.3393
      vertex -43.0472 18.05 25.5666
    endloop
  endfacet
  facet normal 0 1 -0
    outer loop
      vertex -40.9666 18.05 25.1528
      vertex -42.8607 18.05 25.3393
      vertex -40.7393 18.05 25.3393
    endloop
  endfacet
  facet normal 0 1 0
    outer loop
      vertex -40.9666 18.05 25.1528
      vertex -42.6334 18.05 25.1528
      vertex -42.8607 18.05 25.3393
    endloop
  endfacet
  facet normal 0 1 -0
    outer loop
      vertex -41.226 18.05 25.0142
      vertex -42.6334 18.05 25.1528
      vertex -40.9666 18.05 25.1528
    endloop
  endfacet
  facet normal 0 1 0
    outer loop
      vertex -41.226 18.05 25.0142
      vertex -42.374 18.05 25.0142
      vertex -42.6334 18.05 25.1528
    endloop
  endfacet
  facet normal 0 1 -0
    outer loop
      vertex -41.5074 18.05 24.9288
      vertex -42.374 18.05 25.0142
      vertex -41.226 18.05 25.0142
    endloop
  endfacet
  facet normal 0 1 0
    outer loop
      vertex -41.5074 18.05 24.9288
      vertex -42.0926 18.05 24.9288
      vertex -42.374 18.05 25.0142
    endloop
  endfacet
  facet normal -0 1 0
    outer loop
      vertex -42.0926 18.05 24.9288
      vertex -41.5074 18.05 24.9288
      vertex -41.8 18.05 24.9
    endloop
  endfacet
  facet normal 0.773078 0 -0.634311
    outer loop
      vertex -42.8607 18.05 27.4607
      vertex -43.0472 21.95 27.2334
      vertex -42.8607 21.95 27.4607
    endloop
  endfacet
  facet normal 0.773078 0 -0.634311
    outer loop
      vertex -43.0472 21.95 27.2334
      vertex -42.8607 18.05 27.4607
      vertex -43.0472 18.05 27.2334
    endloop
  endfacet
  facet normal -0.956904 0 0.290404
    outer loop
      vertex -40.4142 18.05 25.826
      vertex -40.3288 21.95 26.1074
      vertex -40.4142 21.95 25.826
    endloop
  endfacet
  facet normal -0.956904 0 0.290404
    outer loop
      vertex -40.3288 21.95 26.1074
      vertex -40.4142 18.05 25.826
      vertex -40.3288 18.05 26.1074
    endloop
  endfacet
  facet normal 0.995191 0 -0.0979545
    outer loop
      vertex -43.2712 18.05 26.6926
      vertex -43.3 21.95 26.4
      vertex -43.2712 21.95 26.6926
    endloop
  endfacet
  facet normal 0.995191 0 -0.0979545
    outer loop
      vertex -43.3 21.95 26.4
      vertex -43.2712 18.05 26.6926
      vertex -43.3 18.05 26.4
    endloop
  endfacet
  facet normal 0.290404 0 0.956904
    outer loop
      vertex -42.374 21.95 25.0142
      vertex -42.0926 18.05 24.9288
      vertex -42.0926 21.95 24.9288
    endloop
  endfacet
  facet normal 0.290404 0 0.956904
    outer loop
      vertex -42.0926 18.05 24.9288
      vertex -42.374 21.95 25.0142
      vertex -42.374 18.05 25.0142
    endloop
  endfacet
  facet normal -0.634311 0 0.773078
    outer loop
      vertex -40.9666 21.95 25.1528
      vertex -40.7393 18.05 25.3393
      vertex -40.7393 21.95 25.3393
    endloop
  endfacet
  facet normal -0.634311 0 0.773078
    outer loop
      vertex -40.7393 18.05 25.3393
      vertex -40.9666 21.95 25.1528
      vertex -40.9666 18.05 25.1528
    endloop
  endfacet
  facet normal 0.634311 0 0.773078
    outer loop
      vertex -42.8607 21.95 25.3393
      vertex -42.6334 18.05 25.1528
      vertex -42.6334 21.95 25.1528
    endloop
  endfacet
  facet normal 0.634311 0 0.773078
    outer loop
      vertex -42.6334 18.05 25.1528
      vertex -42.8607 21.95 25.3393
      vertex -42.8607 18.05 25.3393
    endloop
  endfacet
  facet normal 0.773078 -0 0.634311
    outer loop
      vertex -43.0472 18.05 25.5666
      vertex -42.8607 21.95 25.3393
      vertex -43.0472 21.95 25.5666
    endloop
  endfacet
  facet normal 0.773078 0 0.634311
    outer loop
      vertex -42.8607 21.95 25.3393
      vertex -43.0472 18.05 25.5666
      vertex -42.8607 18.05 25.3393
    endloop
  endfacet
  facet normal 0.881995 -0 0.471259
    outer loop
      vertex -43.1858 18.05 25.826
      vertex -43.0472 21.95 25.5666
      vertex -43.1858 21.95 25.826
    endloop
  endfacet
  facet normal 0.881995 0 0.471259
    outer loop
      vertex -43.0472 21.95 25.5666
      vertex -43.1858 18.05 25.826
      vertex -43.0472 18.05 25.5666
    endloop
  endfacet
  facet normal -0.471259 0 0.881995
    outer loop
      vertex -41.226 21.95 25.0142
      vertex -40.9666 18.05 25.1528
      vertex -40.9666 21.95 25.1528
    endloop
  endfacet
  facet normal -0.471259 0 0.881995
    outer loop
      vertex -40.9666 18.05 25.1528
      vertex -41.226 21.95 25.0142
      vertex -41.226 18.05 25.0142
    endloop
  endfacet
  facet normal 0.956951 0 -0.290248
    outer loop
      vertex -47.3433 18.05 19.6961
      vertex -47.6847 21.95 18.5705
      vertex -47.3433 21.95 19.6961
    endloop
  endfacet
  facet normal 0.956951 0 -0.290248
    outer loop
      vertex -47.6847 21.95 18.5705
      vertex -47.3433 18.05 19.6961
      vertex -47.6847 18.05 18.5705
    endloop
  endfacet
  facet normal 0.995183 0 -0.0980305
    outer loop
      vertex -47.6847 18.05 18.5705
      vertex -47.8 21.95 17.4
      vertex -47.6847 21.95 18.5705
    endloop
  endfacet
  facet normal 0.995183 0 -0.0980305
    outer loop
      vertex -47.8 21.95 17.4
      vertex -47.6847 18.05 18.5705
      vertex -47.8 18.05 17.4
    endloop
  endfacet
  facet normal 0.881903 0 -0.471431
    outer loop
      vertex -46.7888 18.05 20.7334
      vertex -47.3433 21.95 19.6961
      vertex -46.7888 21.95 20.7334
    endloop
  endfacet
  facet normal 0.881903 0 -0.471431
    outer loop
      vertex -47.3433 21.95 19.6961
      vertex -46.7888 18.05 20.7334
      vertex -47.3433 18.05 19.6961
    endloop
  endfacet
  facet normal -0.634413 0 -0.772994
    outer loop
      vertex -38.4666 18.05 22.3888
      vertex -37.5574 21.95 21.6426
      vertex -37.5574 18.05 21.6426
    endloop
  endfacet
  facet normal -0.634413 0 -0.772994
    outer loop
      vertex -37.5574 21.95 21.6426
      vertex -38.4666 18.05 22.3888
      vertex -38.4666 21.95 22.3888
    endloop
  endfacet
  facet normal 0 1 0
    outer loop
      vertex -40.6295 18.05 23.2847
      vertex -42.9705 18.05 23.2847
      vertex -41.8 18.05 23.4
    endloop
  endfacet
  facet normal 0 1 0
    outer loop
      vertex -39.5039 18.05 22.9433
      vertex -42.9705 18.05 23.2847
      vertex -40.6295 18.05 23.2847
    endloop
  endfacet
  facet normal 0 1 0
    outer loop
      vertex -39.5039 18.05 22.9433
      vertex -44.0961 18.05 22.9433
      vertex -42.9705 18.05 23.2847
    endloop
  endfacet
  facet normal 0 1 0
    outer loop
      vertex -38.4666 18.05 22.3888
      vertex -44.0961 18.05 22.9433
      vertex -39.5039 18.05 22.9433
    endloop
  endfacet
  facet normal 0 1 0
    outer loop
      vertex -38.4666 18.05 22.3888
      vertex -45.1334 18.05 22.3888
      vertex -44.0961 18.05 22.9433
    endloop
  endfacet
  facet normal 0 1 0
    outer loop
      vertex -37.5574 18.05 21.6426
      vertex -45.1334 18.05 22.3888
      vertex -38.4666 18.05 22.3888
    endloop
  endfacet
  facet normal 0 1 0
    outer loop
      vertex -37.5574 18.05 21.6426
      vertex -46.0426 18.05 21.6426
      vertex -45.1334 18.05 22.3888
    endloop
  endfacet
  facet normal 0 1 0
    outer loop
      vertex -36.8112 18.05 20.7334
      vertex -46.0426 18.05 21.6426
      vertex -37.5574 18.05 21.6426
    endloop
  endfacet
  facet normal 0 1 0
    outer loop
      vertex -36.8112 18.05 20.7334
      vertex -46.7888 18.05 20.7334
      vertex -46.0426 18.05 21.6426
    endloop
  endfacet
  facet normal 0 1 0
    outer loop
      vertex -36.2567 18.05 19.6961
      vertex -46.7888 18.05 20.7334
      vertex -36.8112 18.05 20.7334
    endloop
  endfacet
  facet normal 0 1 0
    outer loop
      vertex -36.2567 18.05 19.6961
      vertex -47.3433 18.05 19.6961
      vertex -46.7888 18.05 20.7334
    endloop
  endfacet
  facet normal 0 1 0
    outer loop
      vertex -35.9153 18.05 18.5705
      vertex -47.3433 18.05 19.6961
      vertex -36.2567 18.05 19.6961
    endloop
  endfacet
  facet normal 0 1 0
    outer loop
      vertex -35.9153 18.05 18.5705
      vertex -47.6847 18.05 18.5705
      vertex -47.3433 18.05 19.6961
    endloop
  endfacet
  facet normal 0 1 0
    outer loop
      vertex -35.8 18.05 17.4
      vertex -47.6847 18.05 18.5705
      vertex -35.9153 18.05 18.5705
    endloop
  endfacet
  facet normal 0 1 0
    outer loop
      vertex -35.8 18.05 17.4
      vertex -47.8 18.05 17.4
      vertex -47.6847 18.05 18.5705
    endloop
  endfacet
  facet normal 0 1 -0
    outer loop
      vertex -35.9153 18.05 16.2295
      vertex -47.8 18.05 17.4
      vertex -35.8 18.05 17.4
    endloop
  endfacet
  facet normal 0 1 0
    outer loop
      vertex -35.9153 18.05 16.2295
      vertex -47.6847 18.05 16.2295
      vertex -47.8 18.05 17.4
    endloop
  endfacet
  facet normal 0 1 -0
    outer loop
      vertex -36.2567 18.05 15.1039
      vertex -47.6847 18.05 16.2295
      vertex -35.9153 18.05 16.2295
    endloop
  endfacet
  facet normal 0 1 0
    outer loop
      vertex -36.2567 18.05 15.1039
      vertex -47.3433 18.05 15.1039
      vertex -47.6847 18.05 16.2295
    endloop
  endfacet
  facet normal 0 1 -0
    outer loop
      vertex -36.8112 18.05 14.0666
      vertex -47.3433 18.05 15.1039
      vertex -36.2567 18.05 15.1039
    endloop
  endfacet
  facet normal 0 1 0
    outer loop
      vertex -36.8112 18.05 14.0666
      vertex -46.7888 18.05 14.0666
      vertex -47.3433 18.05 15.1039
    endloop
  endfacet
  facet normal 0 1 -0
    outer loop
      vertex -37.5574 18.05 13.1574
      vertex -46.7888 18.05 14.0666
      vertex -36.8112 18.05 14.0666
    endloop
  endfacet
  facet normal 0 1 0
    outer loop
      vertex -37.5574 18.05 13.1574
      vertex -46.0426 18.05 13.1574
      vertex -46.7888 18.05 14.0666
    endloop
  endfacet
  facet normal 0 1 -0
    outer loop
      vertex -38.4666 18.05 12.4112
      vertex -46.0426 18.05 13.1574
      vertex -37.5574 18.05 13.1574
    endloop
  endfacet
  facet normal 0 1 0
    outer loop
      vertex -38.4666 18.05 12.4112
      vertex -45.1334 18.05 12.4112
      vertex -46.0426 18.05 13.1574
    endloop
  endfacet
  facet normal 0 1 -0
    outer loop
      vertex -39.5039 18.05 11.8567
      vertex -45.1334 18.05 12.4112
      vertex -38.4666 18.05 12.4112
    endloop
  endfacet
  facet normal 0 1 0
    outer loop
      vertex -39.5039 18.05 11.8567
      vertex -44.0961 18.05 11.8567
      vertex -45.1334 18.05 12.4112
    endloop
  endfacet
  facet normal 0 1 -0
    outer loop
      vertex -40.6295 18.05 11.5153
      vertex -44.0961 18.05 11.8567
      vertex -39.5039 18.05 11.8567
    endloop
  endfacet
  facet normal 0 1 0
    outer loop
      vertex -40.6295 18.05 11.5153
      vertex -42.9705 18.05 11.5153
      vertex -44.0961 18.05 11.8567
    endloop
  endfacet
  facet normal -0 1 0
    outer loop
      vertex -42.9705 18.05 11.5153
      vertex -40.6295 18.05 11.5153
      vertex -41.8 18.05 11.4
    endloop
  endfacet
  facet normal 0.290248 0 -0.956951
    outer loop
      vertex -44.0961 18.05 22.9433
      vertex -42.9705 21.95 23.2847
      vertex -42.9705 18.05 23.2847
    endloop
  endfacet
  facet normal 0.290248 0 -0.956951
    outer loop
      vertex -42.9705 21.95 23.2847
      vertex -44.0961 18.05 22.9433
      vertex -44.0961 21.95 22.9433
    endloop
  endfacet
  facet normal 0.772994 0 -0.634413
    outer loop
      vertex -46.0426 18.05 21.6426
      vertex -46.7888 21.95 20.7334
      vertex -46.0426 21.95 21.6426
    endloop
  endfacet
  facet normal 0.772994 0 -0.634413
    outer loop
      vertex -46.7888 21.95 20.7334
      vertex -46.0426 18.05 21.6426
      vertex -46.7888 18.05 20.7334
    endloop
  endfacet
  facet normal -0.772994 0 -0.634413
    outer loop
      vertex -36.8112 18.05 20.7334
      vertex -37.5574 21.95 21.6426
      vertex -36.8112 21.95 20.7334
    endloop
  endfacet
  facet normal -0.772994 -0 -0.634413
    outer loop
      vertex -37.5574 21.95 21.6426
      vertex -36.8112 18.05 20.7334
      vertex -37.5574 18.05 21.6426
    endloop
  endfacet
  facet normal -0.881903 0 0.471431
    outer loop
      vertex -36.8112 18.05 14.0666
      vertex -36.2567 21.95 15.1039
      vertex -36.8112 21.95 14.0666
    endloop
  endfacet
  facet normal -0.881903 0 0.471431
    outer loop
      vertex -36.2567 21.95 15.1039
      vertex -36.8112 18.05 14.0666
      vertex -36.2567 18.05 15.1039
    endloop
  endfacet
  facet normal 0.881903 -0 0.471431
    outer loop
      vertex -47.3433 18.05 15.1039
      vertex -46.7888 21.95 14.0666
      vertex -47.3433 21.95 15.1039
    endloop
  endfacet
  facet normal 0.881903 0 0.471431
    outer loop
      vertex -46.7888 21.95 14.0666
      vertex -47.3433 18.05 15.1039
      vertex -46.7888 18.05 14.0666
    endloop
  endfacet
  facet normal -0.290248 0 -0.956951
    outer loop
      vertex -40.6295 18.05 23.2847
      vertex -39.5039 21.95 22.9433
      vertex -39.5039 18.05 22.9433
    endloop
  endfacet
  facet normal -0.290248 0 -0.956951
    outer loop
      vertex -39.5039 21.95 22.9433
      vertex -40.6295 18.05 23.2847
      vertex -40.6295 21.95 23.2847
    endloop
  endfacet
  facet normal 0.290248 0 0.956951
    outer loop
      vertex -44.0961 21.95 11.8567
      vertex -42.9705 18.05 11.5153
      vertex -42.9705 21.95 11.5153
    endloop
  endfacet
  facet normal 0.290248 0 0.956951
    outer loop
      vertex -42.9705 18.05 11.5153
      vertex -44.0961 21.95 11.8567
      vertex -44.0961 18.05 11.8567
    endloop
  endfacet
  facet normal 0.0980305 0 -0.995183
    outer loop
      vertex -42.9705 18.05 23.2847
      vertex -41.8 21.95 23.4
      vertex -41.8 18.05 23.4
    endloop
  endfacet
  facet normal 0.0980305 0 -0.995183
    outer loop
      vertex -41.8 21.95 23.4
      vertex -42.9705 18.05 23.2847
      vertex -42.9705 21.95 23.2847
    endloop
  endfacet
  facet normal 0.634413 0 -0.772994
    outer loop
      vertex -46.0426 18.05 21.6426
      vertex -45.1334 21.95 22.3888
      vertex -45.1334 18.05 22.3888
    endloop
  endfacet
  facet normal 0.634413 0 -0.772994
    outer loop
      vertex -45.1334 21.95 22.3888
      vertex -46.0426 18.05 21.6426
      vertex -46.0426 21.95 21.6426
    endloop
  endfacet
  facet normal -0.0980305 0 -0.995183
    outer loop
      vertex -41.8 18.05 23.4
      vertex -40.6295 21.95 23.2847
      vertex -40.6295 18.05 23.2847
    endloop
  endfacet
  facet normal -0.0980305 0 -0.995183
    outer loop
      vertex -40.6295 21.95 23.2847
      vertex -41.8 18.05 23.4
      vertex -41.8 21.95 23.4
    endloop
  endfacet
  facet normal 0.634413 0 0.772994
    outer loop
      vertex -46.0426 21.95 13.1574
      vertex -45.1334 18.05 12.4112
      vertex -45.1334 21.95 12.4112
    endloop
  endfacet
  facet normal 0.634413 0 0.772994
    outer loop
      vertex -45.1334 18.05 12.4112
      vertex -46.0426 21.95 13.1574
      vertex -46.0426 18.05 13.1574
    endloop
  endfacet
  facet normal 0.471431 0 0.881903
    outer loop
      vertex -45.1334 21.95 12.4112
      vertex -44.0961 18.05 11.8567
      vertex -44.0961 21.95 11.8567
    endloop
  endfacet
  facet normal 0.471431 0 0.881903
    outer loop
      vertex -44.0961 18.05 11.8567
      vertex -45.1334 21.95 12.4112
      vertex -45.1334 18.05 12.4112
    endloop
  endfacet
  facet normal -0.634413 0 0.772994
    outer loop
      vertex -38.4666 21.95 12.4112
      vertex -37.5574 18.05 13.1574
      vertex -37.5574 21.95 13.1574
    endloop
  endfacet
  facet normal -0.634413 0 0.772994
    outer loop
      vertex -37.5574 18.05 13.1574
      vertex -38.4666 21.95 12.4112
      vertex -38.4666 18.05 12.4112
    endloop
  endfacet
  facet normal 0.772994 -0 0.634413
    outer loop
      vertex -46.7888 18.05 14.0666
      vertex -46.0426 21.95 13.1574
      vertex -46.7888 21.95 14.0666
    endloop
  endfacet
  facet normal 0.772994 0 0.634413
    outer loop
      vertex -46.0426 21.95 13.1574
      vertex -46.7888 18.05 14.0666
      vertex -46.0426 18.05 13.1574
    endloop
  endfacet
  facet normal 0.995183 -0 0.0980305
    outer loop
      vertex -47.8 18.05 17.4
      vertex -47.6847 21.95 16.2295
      vertex -47.8 21.95 17.4
    endloop
  endfacet
  facet normal 0.995183 0 0.0980305
    outer loop
      vertex -47.6847 21.95 16.2295
      vertex -47.8 18.05 17.4
      vertex -47.6847 18.05 16.2295
    endloop
  endfacet
  facet normal 0.956951 -0 0.290248
    outer loop
      vertex -47.6847 18.05 16.2295
      vertex -47.3433 21.95 15.1039
      vertex -47.6847 21.95 16.2295
    endloop
  endfacet
  facet normal 0.956951 0 0.290248
    outer loop
      vertex -47.3433 21.95 15.1039
      vertex -47.6847 18.05 16.2295
      vertex -47.3433 18.05 15.1039
    endloop
  endfacet
  facet normal -0.471431 0 -0.881903
    outer loop
      vertex -39.5039 18.05 22.9433
      vertex -38.4666 21.95 22.3888
      vertex -38.4666 18.05 22.3888
    endloop
  endfacet
  facet normal -0.471431 0 -0.881903
    outer loop
      vertex -38.4666 21.95 22.3888
      vertex -39.5039 18.05 22.9433
      vertex -39.5039 21.95 22.9433
    endloop
  endfacet
  facet normal 0.471431 0 -0.881903
    outer loop
      vertex -45.1334 18.05 22.3888
      vertex -44.0961 21.95 22.9433
      vertex -44.0961 18.05 22.9433
    endloop
  endfacet
  facet normal 0.471431 0 -0.881903
    outer loop
      vertex -44.0961 21.95 22.9433
      vertex -45.1334 18.05 22.3888
      vertex -45.1334 21.95 22.3888
    endloop
  endfacet
  facet normal -0.956951 0 -0.290248
    outer loop
      vertex -35.9153 18.05 18.5705
      vertex -36.2567 21.95 19.6961
      vertex -35.9153 21.95 18.5705
    endloop
  endfacet
  facet normal -0.956951 -0 -0.290248
    outer loop
      vertex -36.2567 21.95 19.6961
      vertex -35.9153 18.05 18.5705
      vertex -36.2567 18.05 19.6961
    endloop
  endfacet
  facet normal 0.0980305 0 0.995183
    outer loop
      vertex -42.9705 21.95 11.5153
      vertex -41.8 18.05 11.4
      vertex -41.8 21.95 11.4
    endloop
  endfacet
  facet normal 0.0980305 0 0.995183
    outer loop
      vertex -41.8 18.05 11.4
      vertex -42.9705 21.95 11.5153
      vertex -42.9705 18.05 11.5153
    endloop
  endfacet
  facet normal -0.881903 0 -0.471431
    outer loop
      vertex -36.2567 18.05 19.6961
      vertex -36.8112 21.95 20.7334
      vertex -36.2567 21.95 19.6961
    endloop
  endfacet
  facet normal -0.881903 -0 -0.471431
    outer loop
      vertex -36.8112 21.95 20.7334
      vertex -36.2567 18.05 19.6961
      vertex -36.8112 18.05 20.7334
    endloop
  endfacet
  facet normal -0.956951 0 0.290248
    outer loop
      vertex -36.2567 18.05 15.1039
      vertex -35.9153 21.95 16.2295
      vertex -36.2567 21.95 15.1039
    endloop
  endfacet
  facet normal -0.956951 0 0.290248
    outer loop
      vertex -35.9153 21.95 16.2295
      vertex -36.2567 18.05 15.1039
      vertex -35.9153 18.05 16.2295
    endloop
  endfacet
  facet normal -0.995183 0 0.0980305
    outer loop
      vertex -35.9153 18.05 16.2295
      vertex -35.8 21.95 17.4
      vertex -35.9153 21.95 16.2295
    endloop
  endfacet
  facet normal -0.995183 0 0.0980305
    outer loop
      vertex -35.8 21.95 17.4
      vertex -35.9153 18.05 16.2295
      vertex -35.8 18.05 17.4
    endloop
  endfacet
  facet normal -0.772994 0 0.634413
    outer loop
      vertex -37.5574 18.05 13.1574
      vertex -36.8112 21.95 14.0666
      vertex -37.5574 21.95 13.1574
    endloop
  endfacet
  facet normal -0.772994 0 0.634413
    outer loop
      vertex -36.8112 21.95 14.0666
      vertex -37.5574 18.05 13.1574
      vertex -36.8112 18.05 14.0666
    endloop
  endfacet
  facet normal -0.471431 0 0.881903
    outer loop
      vertex -39.5039 21.95 11.8567
      vertex -38.4666 18.05 12.4112
      vertex -38.4666 21.95 12.4112
    endloop
  endfacet
  facet normal -0.471431 0 0.881903
    outer loop
      vertex -38.4666 18.05 12.4112
      vertex -39.5039 21.95 11.8567
      vertex -39.5039 18.05 11.8567
    endloop
  endfacet
  facet normal -0.995183 0 -0.0980305
    outer loop
      vertex -35.8 18.05 17.4
      vertex -35.9153 21.95 18.5705
      vertex -35.8 21.95 17.4
    endloop
  endfacet
  facet normal -0.995183 -0 -0.0980305
    outer loop
      vertex -35.9153 21.95 18.5705
      vertex -35.8 18.05 17.4
      vertex -35.9153 18.05 18.5705
    endloop
  endfacet
  facet normal -0.0980305 0 0.995183
    outer loop
      vertex -41.8 21.95 11.4
      vertex -40.6295 18.05 11.5153
      vertex -40.6295 21.95 11.5153
    endloop
  endfacet
  facet normal -0.0980305 0 0.995183
    outer loop
      vertex -40.6295 18.05 11.5153
      vertex -41.8 21.95 11.4
      vertex -41.8 18.05 11.4
    endloop
  endfacet
  facet normal -0.290248 0 0.956951
    outer loop
      vertex -40.6295 21.95 11.5153
      vertex -39.5039 18.05 11.8567
      vertex -39.5039 21.95 11.8567
    endloop
  endfacet
  facet normal -0.290248 0 0.956951
    outer loop
      vertex -39.5039 18.05 11.8567
      vertex -40.6295 21.95 11.5153
      vertex -40.6295 18.05 11.5153
    endloop
  endfacet
  facet normal 0.0979446 0 -0.995192
    outer loop
      vertex -9.29263 18.05 18.2212
      vertex -9 21.95 18.25
      vertex -9 18.05 18.25
    endloop
  endfacet
  facet normal 0.0979446 0 -0.995192
    outer loop
      vertex -9 21.95 18.25
      vertex -9.29263 18.05 18.2212
      vertex -9.29263 21.95 18.2212
    endloop
  endfacet
  facet normal 0.956904 0 -0.290404
    outer loop
      vertex -10.3858 18.05 17.324
      vertex -10.4712 21.95 17.0426
      vertex -10.3858 21.95 17.324
    endloop
  endfacet
  facet normal 0.956904 0 -0.290404
    outer loop
      vertex -10.4712 21.95 17.0426
      vertex -10.3858 18.05 17.324
      vertex -10.4712 18.05 17.0426
    endloop
  endfacet
  facet normal 0.995191 0 -0.0979545
    outer loop
      vertex -10.4712 18.05 17.0426
      vertex -10.5 21.95 16.75
      vertex -10.4712 21.95 17.0426
    endloop
  endfacet
  facet normal 0.995191 0 -0.0979545
    outer loop
      vertex -10.5 21.95 16.75
      vertex -10.4712 18.05 17.0426
      vertex -10.5 18.05 16.75
    endloop
  endfacet
  facet normal 0.634228 0 0.773146
    outer loop
      vertex -10.0607 21.95 15.6893
      vertex -9.83335 18.05 15.5028
      vertex -9.83335 21.95 15.5028
    endloop
  endfacet
  facet normal 0.634228 0 0.773146
    outer loop
      vertex -9.83335 18.05 15.5028
      vertex -10.0607 21.95 15.6893
      vertex -10.0607 18.05 15.6893
    endloop
  endfacet
  facet normal 0.290404 0 0.956904
    outer loop
      vertex -9.57403 21.95 15.3642
      vertex -9.29263 18.05 15.2788
      vertex -9.29263 21.95 15.2788
    endloop
  endfacet
  facet normal 0.290404 0 0.956904
    outer loop
      vertex -9.29263 18.05 15.2788
      vertex -9.57403 21.95 15.3642
      vertex -9.57403 18.05 15.3642
    endloop
  endfacet
  facet normal 0.0979446 0 0.995192
    outer loop
      vertex -9.29263 21.95 15.2788
      vertex -9 18.05 15.25
      vertex -9 21.95 15.25
    endloop
  endfacet
  facet normal 0.0979446 0 0.995192
    outer loop
      vertex -9 18.05 15.25
      vertex -9.29263 21.95 15.2788
      vertex -9.29263 18.05 15.2788
    endloop
  endfacet
  facet normal -0.995184 0 -0.0980219
    outer loop
      vertex -7.5 18.05 16.75
      vertex -7.52882 21.95 17.0426
      vertex -7.5 21.95 16.75
    endloop
  endfacet
  facet normal -0.995184 -0 -0.0980219
    outer loop
      vertex -7.52882 21.95 17.0426
      vertex -7.5 18.05 16.75
      vertex -7.52882 18.05 17.0426
    endloop
  endfacet
  facet normal -0.634311 0 0.773078
    outer loop
      vertex -8.16664 21.95 15.5028
      vertex -7.93934 18.05 15.6893
      vertex -7.93934 21.95 15.6893
    endloop
  endfacet
  facet normal -0.634311 0 0.773078
    outer loop
      vertex -7.93934 18.05 15.6893
      vertex -8.16664 21.95 15.5028
      vertex -8.16664 18.05 15.5028
    endloop
  endfacet
  facet normal 0.290404 0 -0.956904
    outer loop
      vertex -9.57403 18.05 18.1358
      vertex -9.29263 21.95 18.2212
      vertex -9.29263 18.05 18.2212
    endloop
  endfacet
  facet normal 0.290404 0 -0.956904
    outer loop
      vertex -9.29263 21.95 18.2212
      vertex -9.57403 18.05 18.1358
      vertex -9.57403 21.95 18.1358
    endloop
  endfacet
  facet normal -0.634311 0 -0.773078
    outer loop
      vertex -8.16664 18.05 17.9972
      vertex -7.93934 21.95 17.8107
      vertex -7.93934 18.05 17.8107
    endloop
  endfacet
  facet normal -0.634311 0 -0.773078
    outer loop
      vertex -7.93934 21.95 17.8107
      vertex -8.16664 18.05 17.9972
      vertex -8.16664 21.95 17.9972
    endloop
  endfacet
  facet normal 0.956904 -0 0.290404
    outer loop
      vertex -10.4712 18.05 16.4574
      vertex -10.3858 21.95 16.176
      vertex -10.4712 21.95 16.4574
    endloop
  endfacet
  facet normal 0.956904 0 0.290404
    outer loop
      vertex -10.3858 21.95 16.176
      vertex -10.4712 18.05 16.4574
      vertex -10.3858 18.05 16.176
    endloop
  endfacet
  facet normal -0.773011 0 -0.634393
    outer loop
      vertex -7.7528 18.05 17.5834
      vertex -7.93934 21.95 17.8107
      vertex -7.7528 21.95 17.5834
    endloop
  endfacet
  facet normal -0.773011 -0 -0.634393
    outer loop
      vertex -7.93934 21.95 17.8107
      vertex -7.7528 18.05 17.5834
      vertex -7.93934 18.05 17.8107
    endloop
  endfacet
  facet normal -0.881967 0 0.471312
    outer loop
      vertex -7.7528 18.05 15.9166
      vertex -7.61418 21.95 16.176
      vertex -7.7528 21.95 15.9166
    endloop
  endfacet
  facet normal -0.881967 0 0.471312
    outer loop
      vertex -7.61418 21.95 16.176
      vertex -7.7528 18.05 15.9166
      vertex -7.61418 18.05 16.176
    endloop
  endfacet
  facet normal 0.881995 0 -0.471259
    outer loop
      vertex -10.2472 18.05 17.5834
      vertex -10.3858 21.95 17.324
      vertex -10.2472 21.95 17.5834
    endloop
  endfacet
  facet normal 0.881995 0 -0.471259
    outer loop
      vertex -10.3858 21.95 17.324
      vertex -10.2472 18.05 17.5834
      vertex -10.3858 18.05 17.324
    endloop
  endfacet
  facet normal -0.471358 0 -0.881942
    outer loop
      vertex -8.42597 18.05 18.1358
      vertex -8.16664 21.95 17.9972
      vertex -8.16664 18.05 17.9972
    endloop
  endfacet
  facet normal -0.471358 0 -0.881942
    outer loop
      vertex -8.16664 21.95 17.9972
      vertex -8.42597 18.05 18.1358
      vertex -8.42597 21.95 18.1358
    endloop
  endfacet
  facet normal 0.634228 0 -0.773146
    outer loop
      vertex -10.0607 18.05 17.8107
      vertex -9.83335 21.95 17.9972
      vertex -9.83335 18.05 17.9972
    endloop
  endfacet
  facet normal 0.634228 0 -0.773146
    outer loop
      vertex -9.83335 21.95 17.9972
      vertex -10.0607 18.05 17.8107
      vertex -10.0607 21.95 17.8107
    endloop
  endfacet
  facet normal 0.471372 0 -0.881935
    outer loop
      vertex -9.83335 18.05 17.9972
      vertex -9.57403 21.95 18.1358
      vertex -9.57403 18.05 18.1358
    endloop
  endfacet
  facet normal 0.471372 0 -0.881935
    outer loop
      vertex -9.57403 21.95 18.1358
      vertex -9.83335 18.05 17.9972
      vertex -9.83335 21.95 17.9972
    endloop
  endfacet
  facet normal 0.773078 0 -0.634311
    outer loop
      vertex -10.0607 18.05 17.8107
      vertex -10.2472 21.95 17.5834
      vertex -10.0607 21.95 17.8107
    endloop
  endfacet
  facet normal 0.773078 0 -0.634311
    outer loop
      vertex -10.2472 21.95 17.5834
      vertex -10.0607 18.05 17.8107
      vertex -10.2472 18.05 17.5834
    endloop
  endfacet
  facet normal 0.881995 -0 0.471259
    outer loop
      vertex -10.3858 18.05 16.176
      vertex -10.2472 21.95 15.9166
      vertex -10.3858 21.95 16.176
    endloop
  endfacet
  facet normal 0.881995 0 0.471259
    outer loop
      vertex -10.2472 21.95 15.9166
      vertex -10.3858 18.05 16.176
      vertex -10.2472 18.05 15.9166
    endloop
  endfacet
  facet normal 0.773078 -0 0.634311
    outer loop
      vertex -10.2472 18.05 15.9166
      vertex -10.0607 21.95 15.6893
      vertex -10.2472 21.95 15.9166
    endloop
  endfacet
  facet normal 0.773078 0 0.634311
    outer loop
      vertex -10.0607 21.95 15.6893
      vertex -10.2472 18.05 15.9166
      vertex -10.0607 18.05 15.6893
    endloop
  endfacet
  facet normal 0.471372 0 0.881935
    outer loop
      vertex -9.83335 21.95 15.5028
      vertex -9.57403 18.05 15.3642
      vertex -9.57403 21.95 15.3642
    endloop
  endfacet
  facet normal 0.471372 0 0.881935
    outer loop
      vertex -9.57403 18.05 15.3642
      vertex -9.83335 21.95 15.5028
      vertex -9.83335 18.05 15.5028
    endloop
  endfacet
  facet normal -0.956942 0 -0.290279
    outer loop
      vertex -7.52882 18.05 17.0426
      vertex -7.61418 21.95 17.324
      vertex -7.52882 21.95 17.0426
    endloop
  endfacet
  facet normal -0.956942 -0 -0.290279
    outer loop
      vertex -7.61418 21.95 17.324
      vertex -7.52882 18.05 17.0426
      vertex -7.61418 18.05 17.324
    endloop
  endfacet
  facet normal 0.995191 -0 0.0979545
    outer loop
      vertex -10.5 18.05 16.75
      vertex -10.4712 21.95 16.4574
      vertex -10.5 21.95 16.75
    endloop
  endfacet
  facet normal 0.995191 0 0.0979545
    outer loop
      vertex -10.4712 21.95 16.4574
      vertex -10.5 18.05 16.75
      vertex -10.4712 18.05 16.4574
    endloop
  endfacet
  facet normal -0.290413 0 -0.956901
    outer loop
      vertex -8.70736 18.05 18.2212
      vertex -8.42597 21.95 18.1358
      vertex -8.42597 18.05 18.1358
    endloop
  endfacet
  facet normal -0.290413 0 -0.956901
    outer loop
      vertex -8.42597 21.95 18.1358
      vertex -8.70736 18.05 18.2212
      vertex -8.70736 21.95 18.2212
    endloop
  endfacet
  facet normal 0 1 0
    outer loop
      vertex -8.70736 18.05 18.2212
      vertex -9.29263 18.05 18.2212
      vertex -9 18.05 18.25
    endloop
  endfacet
  facet normal 0 1 0
    outer loop
      vertex -8.42597 18.05 18.1358
      vertex -9.29263 18.05 18.2212
      vertex -8.70736 18.05 18.2212
    endloop
  endfacet
  facet normal 0 1 0
    outer loop
      vertex -8.42597 18.05 18.1358
      vertex -9.57403 18.05 18.1358
      vertex -9.29263 18.05 18.2212
    endloop
  endfacet
  facet normal 0 1 0
    outer loop
      vertex -8.16664 18.05 17.9972
      vertex -9.57403 18.05 18.1358
      vertex -8.42597 18.05 18.1358
    endloop
  endfacet
  facet normal 0 1 0
    outer loop
      vertex -8.16664 18.05 17.9972
      vertex -9.83335 18.05 17.9972
      vertex -9.57403 18.05 18.1358
    endloop
  endfacet
  facet normal 0 1 0
    outer loop
      vertex -7.93934 18.05 17.8107
      vertex -9.83335 18.05 17.9972
      vertex -8.16664 18.05 17.9972
    endloop
  endfacet
  facet normal 0 1 0
    outer loop
      vertex -7.93934 18.05 17.8107
      vertex -10.0607 18.05 17.8107
      vertex -9.83335 18.05 17.9972
    endloop
  endfacet
  facet normal 0 1 0
    outer loop
      vertex -7.7528 18.05 17.5834
      vertex -10.0607 18.05 17.8107
      vertex -7.93934 18.05 17.8107
    endloop
  endfacet
  facet normal 0 1 0
    outer loop
      vertex -7.7528 18.05 17.5834
      vertex -10.2472 18.05 17.5834
      vertex -10.0607 18.05 17.8107
    endloop
  endfacet
  facet normal 0 1 0
    outer loop
      vertex -7.61418 18.05 17.324
      vertex -10.2472 18.05 17.5834
      vertex -7.7528 18.05 17.5834
    endloop
  endfacet
  facet normal 0 1 0
    outer loop
      vertex -7.61418 18.05 17.324
      vertex -10.3858 18.05 17.324
      vertex -10.2472 18.05 17.5834
    endloop
  endfacet
  facet normal 0 1 0
    outer loop
      vertex -7.52882 18.05 17.0426
      vertex -10.3858 18.05 17.324
      vertex -7.61418 18.05 17.324
    endloop
  endfacet
  facet normal 0 1 0
    outer loop
      vertex -7.52882 18.05 17.0426
      vertex -10.4712 18.05 17.0426
      vertex -10.3858 18.05 17.324
    endloop
  endfacet
  facet normal 0 1 0
    outer loop
      vertex -7.5 18.05 16.75
      vertex -10.4712 18.05 17.0426
      vertex -7.52882 18.05 17.0426
    endloop
  endfacet
  facet normal 0 1 0
    outer loop
      vertex -7.5 18.05 16.75
      vertex -10.5 18.05 16.75
      vertex -10.4712 18.05 17.0426
    endloop
  endfacet
  facet normal 0 1 -0
    outer loop
      vertex -7.52882 18.05 16.4574
      vertex -10.5 18.05 16.75
      vertex -7.5 18.05 16.75
    endloop
  endfacet
  facet normal 0 1 0
    outer loop
      vertex -7.52882 18.05 16.4574
      vertex -10.4712 18.05 16.4574
      vertex -10.5 18.05 16.75
    endloop
  endfacet
  facet normal 0 1 -0
    outer loop
      vertex -7.61418 18.05 16.176
      vertex -10.4712 18.05 16.4574
      vertex -7.52882 18.05 16.4574
    endloop
  endfacet
  facet normal 0 1 0
    outer loop
      vertex -7.61418 18.05 16.176
      vertex -10.3858 18.05 16.176
      vertex -10.4712 18.05 16.4574
    endloop
  endfacet
  facet normal 0 1 -0
    outer loop
      vertex -7.7528 18.05 15.9166
      vertex -10.3858 18.05 16.176
      vertex -7.61418 18.05 16.176
    endloop
  endfacet
  facet normal 0 1 0
    outer loop
      vertex -7.7528 18.05 15.9166
      vertex -10.2472 18.05 15.9166
      vertex -10.3858 18.05 16.176
    endloop
  endfacet
  facet normal 0 1 -0
    outer loop
      vertex -7.93934 18.05 15.6893
      vertex -10.2472 18.05 15.9166
      vertex -7.7528 18.05 15.9166
    endloop
  endfacet
  facet normal 0 1 0
    outer loop
      vertex -7.93934 18.05 15.6893
      vertex -10.0607 18.05 15.6893
      vertex -10.2472 18.05 15.9166
    endloop
  endfacet
  facet normal 0 1 -0
    outer loop
      vertex -8.16664 18.05 15.5028
      vertex -10.0607 18.05 15.6893
      vertex -7.93934 18.05 15.6893
    endloop
  endfacet
  facet normal 0 1 0
    outer loop
      vertex -8.16664 18.05 15.5028
      vertex -9.83335 18.05 15.5028
      vertex -10.0607 18.05 15.6893
    endloop
  endfacet
  facet normal 0 1 -0
    outer loop
      vertex -8.42597 18.05 15.3642
      vertex -9.83335 18.05 15.5028
      vertex -8.16664 18.05 15.5028
    endloop
  endfacet
  facet normal 0 1 0
    outer loop
      vertex -8.42597 18.05 15.3642
      vertex -9.57403 18.05 15.3642
      vertex -9.83335 18.05 15.5028
    endloop
  endfacet
  facet normal 0 1 -0
    outer loop
      vertex -8.70736 18.05 15.2788
      vertex -9.57403 18.05 15.3642
      vertex -8.42597 18.05 15.3642
    endloop
  endfacet
  facet normal 0 1 0
    outer loop
      vertex -8.70736 18.05 15.2788
      vertex -9.29263 18.05 15.2788
      vertex -9.57403 18.05 15.3642
    endloop
  endfacet
  facet normal -0 1 0
    outer loop
      vertex -9.29263 18.05 15.2788
      vertex -8.70736 18.05 15.2788
      vertex -9 18.05 15.25
    endloop
  endfacet
  facet normal -0.0979413 0 -0.995192
    outer loop
      vertex -9 18.05 18.25
      vertex -8.70736 21.95 18.2212
      vertex -8.70736 18.05 18.2212
    endloop
  endfacet
  facet normal -0.0979413 0 -0.995192
    outer loop
      vertex -8.70736 21.95 18.2212
      vertex -9 18.05 18.25
      vertex -9 21.95 18.25
    endloop
  endfacet
  facet normal -0.881967 0 -0.471312
    outer loop
      vertex -7.61418 18.05 17.324
      vertex -7.7528 21.95 17.5834
      vertex -7.61418 21.95 17.324
    endloop
  endfacet
  facet normal -0.881967 -0 -0.471312
    outer loop
      vertex -7.7528 21.95 17.5834
      vertex -7.61418 18.05 17.324
      vertex -7.7528 18.05 17.5834
    endloop
  endfacet
  facet normal -0.956942 0 0.290279
    outer loop
      vertex -7.61418 18.05 16.176
      vertex -7.52882 21.95 16.4574
      vertex -7.61418 21.95 16.176
    endloop
  endfacet
  facet normal -0.956942 0 0.290279
    outer loop
      vertex -7.52882 21.95 16.4574
      vertex -7.61418 18.05 16.176
      vertex -7.52882 18.05 16.4574
    endloop
  endfacet
  facet normal -0.995184 0 0.0980219
    outer loop
      vertex -7.52882 18.05 16.4574
      vertex -7.5 21.95 16.75
      vertex -7.52882 21.95 16.4574
    endloop
  endfacet
  facet normal -0.995184 0 0.0980219
    outer loop
      vertex -7.5 21.95 16.75
      vertex -7.52882 18.05 16.4574
      vertex -7.5 18.05 16.75
    endloop
  endfacet
  facet normal -0.773011 0 0.634393
    outer loop
      vertex -7.93934 18.05 15.6893
      vertex -7.7528 21.95 15.9166
      vertex -7.93934 21.95 15.6893
    endloop
  endfacet
  facet normal -0.773011 0 0.634393
    outer loop
      vertex -7.7528 21.95 15.9166
      vertex -7.93934 18.05 15.6893
      vertex -7.7528 18.05 15.9166
    endloop
  endfacet
  facet normal -0.471358 0 0.881942
    outer loop
      vertex -8.42597 21.95 15.3642
      vertex -8.16664 18.05 15.5028
      vertex -8.16664 21.95 15.5028
    endloop
  endfacet
  facet normal -0.471358 0 0.881942
    outer loop
      vertex -8.16664 18.05 15.5028
      vertex -8.42597 21.95 15.3642
      vertex -8.42597 18.05 15.3642
    endloop
  endfacet
  facet normal -0.0979413 0 0.995192
    outer loop
      vertex -9 21.95 15.25
      vertex -8.70736 18.05 15.2788
      vertex -8.70736 21.95 15.2788
    endloop
  endfacet
  facet normal -0.0979413 0 0.995192
    outer loop
      vertex -8.70736 18.05 15.2788
      vertex -9 21.95 15.25
      vertex -9 18.05 15.25
    endloop
  endfacet
  facet normal -0.290413 0 0.956901
    outer loop
      vertex -8.70736 21.95 15.2788
      vertex -8.42597 18.05 15.3642
      vertex -8.42597 21.95 15.3642
    endloop
  endfacet
  facet normal -0.290413 0 0.956901
    outer loop
      vertex -8.42597 18.05 15.3642
      vertex -8.70736 21.95 15.2788
      vertex -8.70736 18.05 15.2788
    endloop
  endfacet
  facet normal -0.471372 0 -0.881935
    outer loop
      vertex 3.97403 18.05 18.1358
      vertex 4.23335 21.95 17.9972
      vertex 4.23335 18.05 17.9972
    endloop
  endfacet
  facet normal -0.471372 0 -0.881935
    outer loop
      vertex 4.23335 21.95 17.9972
      vertex 3.97403 18.05 18.1358
      vertex 3.97403 21.95 18.1358
    endloop
  endfacet
  facet normal 0.956942 0 -0.290279
    outer loop
      vertex 2.01418 18.05 17.324
      vertex 1.92882 21.95 17.0426
      vertex 2.01418 21.95 17.324
    endloop
  endfacet
  facet normal 0.956942 0 -0.290279
    outer loop
      vertex 1.92882 21.95 17.0426
      vertex 2.01418 18.05 17.324
      vertex 1.92882 18.05 17.0426
    endloop
  endfacet
  facet normal 0.995184 0 -0.0980219
    outer loop
      vertex 1.92882 18.05 17.0426
      vertex 1.9 21.95 16.75
      vertex 1.92882 21.95 17.0426
    endloop
  endfacet
  facet normal 0.995184 0 -0.0980219
    outer loop
      vertex 1.9 21.95 16.75
      vertex 1.92882 18.05 17.0426
      vertex 1.9 18.05 16.75
    endloop
  endfacet
  facet normal 0.881967 0 -0.471312
    outer loop
      vertex 2.1528 18.05 17.5834
      vertex 2.01418 21.95 17.324
      vertex 2.1528 21.95 17.5834
    endloop
  endfacet
  facet normal 0.881967 0 -0.471312
    outer loop
      vertex 2.01418 21.95 17.324
      vertex 2.1528 18.05 17.5834
      vertex 2.01418 18.05 17.324
    endloop
  endfacet
  facet normal -0.956942 0 0.290279
    outer loop
      vertex 4.78582 18.05 16.176
      vertex 4.87118 21.95 16.4574
      vertex 4.78582 21.95 16.176
    endloop
  endfacet
  facet normal -0.956942 0 0.290279
    outer loop
      vertex 4.87118 21.95 16.4574
      vertex 4.78582 18.05 16.176
      vertex 4.87118 18.05 16.4574
    endloop
  endfacet
  facet normal 0.471358 0 0.881942
    outer loop
      vertex 2.56664 21.95 15.5028
      vertex 2.82597 18.05 15.3642
      vertex 2.82597 21.95 15.3642
    endloop
  endfacet
  facet normal 0.471358 0 0.881942
    outer loop
      vertex 2.82597 18.05 15.3642
      vertex 2.56664 21.95 15.5028
      vertex 2.56664 18.05 15.5028
    endloop
  endfacet
  facet normal -0.881967 0 -0.471312
    outer loop
      vertex 4.78582 18.05 17.324
      vertex 4.6472 21.95 17.5834
      vertex 4.78582 21.95 17.324
    endloop
  endfacet
  facet normal -0.881967 -0 -0.471312
    outer loop
      vertex 4.6472 21.95 17.5834
      vertex 4.78582 18.05 17.324
      vertex 4.6472 18.05 17.5834
    endloop
  endfacet
  facet normal 0.773011 0 -0.634393
    outer loop
      vertex 2.33934 18.05 17.8107
      vertex 2.1528 21.95 17.5834
      vertex 2.33934 21.95 17.8107
    endloop
  endfacet
  facet normal 0.773011 0 -0.634393
    outer loop
      vertex 2.1528 21.95 17.5834
      vertex 2.33934 18.05 17.8107
      vertex 2.1528 18.05 17.5834
    endloop
  endfacet
  facet normal 0.956942 -0 0.290279
    outer loop
      vertex 1.92882 18.05 16.4574
      vertex 2.01418 21.95 16.176
      vertex 1.92882 21.95 16.4574
    endloop
  endfacet
  facet normal 0.956942 0 0.290279
    outer loop
      vertex 2.01418 21.95 16.176
      vertex 1.92882 18.05 16.4574
      vertex 2.01418 18.05 16.176
    endloop
  endfacet
  facet normal -0.881967 0 0.471312
    outer loop
      vertex 4.6472 18.05 15.9166
      vertex 4.78582 21.95 16.176
      vertex 4.6472 21.95 15.9166
    endloop
  endfacet
  facet normal -0.881967 0 0.471312
    outer loop
      vertex 4.78582 21.95 16.176
      vertex 4.6472 18.05 15.9166
      vertex 4.78582 18.05 16.176
    endloop
  endfacet
  facet normal 0.995184 -0 0.0980219
    outer loop
      vertex 1.9 18.05 16.75
      vertex 1.92882 21.95 16.4574
      vertex 1.9 21.95 16.75
    endloop
  endfacet
  facet normal 0.995184 0 0.0980219
    outer loop
      vertex 1.92882 21.95 16.4574
      vertex 1.9 18.05 16.75
      vertex 1.92882 18.05 16.4574
    endloop
  endfacet
  facet normal 0.471358 0 -0.881942
    outer loop
      vertex 2.56664 18.05 17.9972
      vertex 2.82597 21.95 18.1358
      vertex 2.82597 18.05 18.1358
    endloop
  endfacet
  facet normal 0.471358 0 -0.881942
    outer loop
      vertex 2.82597 21.95 18.1358
      vertex 2.56664 18.05 17.9972
      vertex 2.56664 21.95 17.9972
    endloop
  endfacet
  facet normal 0.0979413 0 -0.995192
    outer loop
      vertex 3.10736 18.05 18.2212
      vertex 3.4 21.95 18.25
      vertex 3.4 18.05 18.25
    endloop
  endfacet
  facet normal 0.0979413 0 -0.995192
    outer loop
      vertex 3.4 21.95 18.25
      vertex 3.10736 18.05 18.2212
      vertex 3.10736 21.95 18.2212
    endloop
  endfacet
  facet normal 0.634311 0 -0.773078
    outer loop
      vertex 2.33934 18.05 17.8107
      vertex 2.56664 21.95 17.9972
      vertex 2.56664 18.05 17.9972
    endloop
  endfacet
  facet normal 0.634311 0 -0.773078
    outer loop
      vertex 2.56664 21.95 17.9972
      vertex 2.33934 18.05 17.8107
      vertex 2.33934 21.95 17.8107
    endloop
  endfacet
  facet normal 0 1 0
    outer loop
      vertex 3.69263 18.05 18.2212
      vertex 3.10736 18.05 18.2212
      vertex 3.4 18.05 18.25
    endloop
  endfacet
  facet normal 0 1 0
    outer loop
      vertex 3.97403 18.05 18.1358
      vertex 3.10736 18.05 18.2212
      vertex 3.69263 18.05 18.2212
    endloop
  endfacet
  facet normal 0 1 0
    outer loop
      vertex 3.97403 18.05 18.1358
      vertex 2.82597 18.05 18.1358
      vertex 3.10736 18.05 18.2212
    endloop
  endfacet
  facet normal 0 1 0
    outer loop
      vertex 4.23335 18.05 17.9972
      vertex 2.82597 18.05 18.1358
      vertex 3.97403 18.05 18.1358
    endloop
  endfacet
  facet normal 0 1 0
    outer loop
      vertex 4.23335 18.05 17.9972
      vertex 2.56664 18.05 17.9972
      vertex 2.82597 18.05 18.1358
    endloop
  endfacet
  facet normal 0 1 0
    outer loop
      vertex 4.46066 18.05 17.8107
      vertex 2.56664 18.05 17.9972
      vertex 4.23335 18.05 17.9972
    endloop
  endfacet
  facet normal 0 1 0
    outer loop
      vertex 4.46066 18.05 17.8107
      vertex 2.33934 18.05 17.8107
      vertex 2.56664 18.05 17.9972
    endloop
  endfacet
  facet normal 0 1 0
    outer loop
      vertex 4.6472 18.05 17.5834
      vertex 2.33934 18.05 17.8107
      vertex 4.46066 18.05 17.8107
    endloop
  endfacet
  facet normal 0 1 0
    outer loop
      vertex 4.6472 18.05 17.5834
      vertex 2.1528 18.05 17.5834
      vertex 2.33934 18.05 17.8107
    endloop
  endfacet
  facet normal 0 1 0
    outer loop
      vertex 4.78582 18.05 17.324
      vertex 2.1528 18.05 17.5834
      vertex 4.6472 18.05 17.5834
    endloop
  endfacet
  facet normal 0 1 0
    outer loop
      vertex 4.78582 18.05 17.324
      vertex 2.01418 18.05 17.324
      vertex 2.1528 18.05 17.5834
    endloop
  endfacet
  facet normal 0 1 0
    outer loop
      vertex 4.87118 18.05 17.0426
      vertex 2.01418 18.05 17.324
      vertex 4.78582 18.05 17.324
    endloop
  endfacet
  facet normal 0 1 0
    outer loop
      vertex 4.87118 18.05 17.0426
      vertex 1.92882 18.05 17.0426
      vertex 2.01418 18.05 17.324
    endloop
  endfacet
  facet normal 0 1 0
    outer loop
      vertex 4.9 18.05 16.75
      vertex 1.92882 18.05 17.0426
      vertex 4.87118 18.05 17.0426
    endloop
  endfacet
  facet normal 0 1 0
    outer loop
      vertex 4.9 18.05 16.75
      vertex 1.9 18.05 16.75
      vertex 1.92882 18.05 17.0426
    endloop
  endfacet
  facet normal 0 1 -0
    outer loop
      vertex 4.87118 18.05 16.4574
      vertex 1.9 18.05 16.75
      vertex 4.9 18.05 16.75
    endloop
  endfacet
  facet normal 0 1 0
    outer loop
      vertex 4.87118 18.05 16.4574
      vertex 1.92882 18.05 16.4574
      vertex 1.9 18.05 16.75
    endloop
  endfacet
  facet normal 0 1 -0
    outer loop
      vertex 4.78582 18.05 16.176
      vertex 1.92882 18.05 16.4574
      vertex 4.87118 18.05 16.4574
    endloop
  endfacet
  facet normal 0 1 0
    outer loop
      vertex 4.78582 18.05 16.176
      vertex 2.01418 18.05 16.176
      vertex 1.92882 18.05 16.4574
    endloop
  endfacet
  facet normal 0 1 -0
    outer loop
      vertex 4.6472 18.05 15.9166
      vertex 2.01418 18.05 16.176
      vertex 4.78582 18.05 16.176
    endloop
  endfacet
  facet normal 0 1 0
    outer loop
      vertex 4.6472 18.05 15.9166
      vertex 2.1528 18.05 15.9166
      vertex 2.01418 18.05 16.176
    endloop
  endfacet
  facet normal 0 1 -0
    outer loop
      vertex 4.46066 18.05 15.6893
      vertex 2.1528 18.05 15.9166
      vertex 4.6472 18.05 15.9166
    endloop
  endfacet
  facet normal 0 1 0
    outer loop
      vertex 4.46066 18.05 15.6893
      vertex 2.33934 18.05 15.6893
      vertex 2.1528 18.05 15.9166
    endloop
  endfacet
  facet normal 0 1 -0
    outer loop
      vertex 4.23335 18.05 15.5028
      vertex 2.33934 18.05 15.6893
      vertex 4.46066 18.05 15.6893
    endloop
  endfacet
  facet normal 0 1 0
    outer loop
      vertex 4.23335 18.05 15.5028
      vertex 2.56664 18.05 15.5028
      vertex 2.33934 18.05 15.6893
    endloop
  endfacet
  facet normal 0 1 -0
    outer loop
      vertex 3.97403 18.05 15.3642
      vertex 2.56664 18.05 15.5028
      vertex 4.23335 18.05 15.5028
    endloop
  endfacet
  facet normal 0 1 0
    outer loop
      vertex 3.97403 18.05 15.3642
      vertex 2.82597 18.05 15.3642
      vertex 2.56664 18.05 15.5028
    endloop
  endfacet
  facet normal 0 1 -0
    outer loop
      vertex 3.69263 18.05 15.2788
      vertex 2.82597 18.05 15.3642
      vertex 3.97403 18.05 15.3642
    endloop
  endfacet
  facet normal 0 1 0
    outer loop
      vertex 3.69263 18.05 15.2788
      vertex 3.10736 18.05 15.2788
      vertex 2.82597 18.05 15.3642
    endloop
  endfacet
  facet normal -0 1 0
    outer loop
      vertex 3.10736 18.05 15.2788
      vertex 3.69263 18.05 15.2788
      vertex 3.4 18.05 15.25
    endloop
  endfacet
  facet normal 0.881967 -0 0.471312
    outer loop
      vertex 2.01418 18.05 16.176
      vertex 2.1528 21.95 15.9166
      vertex 2.01418 21.95 16.176
    endloop
  endfacet
  facet normal 0.881967 0 0.471312
    outer loop
      vertex 2.1528 21.95 15.9166
      vertex 2.01418 18.05 16.176
      vertex 2.1528 18.05 15.9166
    endloop
  endfacet
  facet normal 0.0979413 0 0.995192
    outer loop
      vertex 3.10736 21.95 15.2788
      vertex 3.4 18.05 15.25
      vertex 3.4 21.95 15.25
    endloop
  endfacet
  facet normal 0.0979413 0 0.995192
    outer loop
      vertex 3.4 18.05 15.25
      vertex 3.10736 21.95 15.2788
      vertex 3.10736 18.05 15.2788
    endloop
  endfacet
  facet normal -0.471372 0 0.881935
    outer loop
      vertex 3.97403 21.95 15.3642
      vertex 4.23335 18.05 15.5028
      vertex 4.23335 21.95 15.5028
    endloop
  endfacet
  facet normal -0.471372 0 0.881935
    outer loop
      vertex 4.23335 18.05 15.5028
      vertex 3.97403 21.95 15.3642
      vertex 3.97403 18.05 15.3642
    endloop
  endfacet
  facet normal 0.773011 -0 0.634393
    outer loop
      vertex 2.1528 18.05 15.9166
      vertex 2.33934 21.95 15.6893
      vertex 2.1528 21.95 15.9166
    endloop
  endfacet
  facet normal 0.773011 0 0.634393
    outer loop
      vertex 2.33934 21.95 15.6893
      vertex 2.1528 18.05 15.9166
      vertex 2.33934 18.05 15.6893
    endloop
  endfacet
  facet normal 0.634311 0 0.773078
    outer loop
      vertex 2.33934 21.95 15.6893
      vertex 2.56664 18.05 15.5028
      vertex 2.56664 21.95 15.5028
    endloop
  endfacet
  facet normal 0.634311 0 0.773078
    outer loop
      vertex 2.56664 18.05 15.5028
      vertex 2.33934 21.95 15.6893
      vertex 2.33934 18.05 15.6893
    endloop
  endfacet
  facet normal -0.773011 0 -0.634393
    outer loop
      vertex 4.6472 18.05 17.5834
      vertex 4.46066 21.95 17.8107
      vertex 4.6472 21.95 17.5834
    endloop
  endfacet
  facet normal -0.773011 -0 -0.634393
    outer loop
      vertex 4.46066 21.95 17.8107
      vertex 4.6472 18.05 17.5834
      vertex 4.46066 18.05 17.8107
    endloop
  endfacet
  facet normal 0.290413 0 -0.956901
    outer loop
      vertex 2.82597 18.05 18.1358
      vertex 3.10736 21.95 18.2212
      vertex 3.10736 18.05 18.2212
    endloop
  endfacet
  facet normal 0.290413 0 -0.956901
    outer loop
      vertex 3.10736 21.95 18.2212
      vertex 2.82597 18.05 18.1358
      vertex 2.82597 21.95 18.1358
    endloop
  endfacet
  facet normal -0.634295 0 -0.773091
    outer loop
      vertex 4.23335 18.05 17.9972
      vertex 4.46066 21.95 17.8107
      vertex 4.46066 18.05 17.8107
    endloop
  endfacet
  facet normal -0.634295 0 -0.773091
    outer loop
      vertex 4.46066 21.95 17.8107
      vertex 4.23335 18.05 17.9972
      vertex 4.23335 21.95 17.9972
    endloop
  endfacet
  facet normal -0.0979446 0 -0.995192
    outer loop
      vertex 3.4 18.05 18.25
      vertex 3.69263 21.95 18.2212
      vertex 3.69263 18.05 18.2212
    endloop
  endfacet
  facet normal -0.0979446 0 -0.995192
    outer loop
      vertex 3.69263 21.95 18.2212
      vertex 3.4 18.05 18.25
      vertex 3.4 21.95 18.25
    endloop
  endfacet
  facet normal -0.290404 0 -0.956904
    outer loop
      vertex 3.69263 18.05 18.2212
      vertex 3.97403 21.95 18.1358
      vertex 3.97403 18.05 18.1358
    endloop
  endfacet
  facet normal -0.290404 0 -0.956904
    outer loop
      vertex 3.97403 21.95 18.1358
      vertex 3.69263 18.05 18.2212
      vertex 3.69263 21.95 18.2212
    endloop
  endfacet
  facet normal -0.773011 0 0.634393
    outer loop
      vertex 4.46066 18.05 15.6893
      vertex 4.6472 21.95 15.9166
      vertex 4.46066 21.95 15.6893
    endloop
  endfacet
  facet normal -0.773011 0 0.634393
    outer loop
      vertex 4.6472 21.95 15.9166
      vertex 4.46066 18.05 15.6893
      vertex 4.6472 18.05 15.9166
    endloop
  endfacet
  facet normal -0.0979446 0 0.995192
    outer loop
      vertex 3.4 21.95 15.25
      vertex 3.69263 18.05 15.2788
      vertex 3.69263 21.95 15.2788
    endloop
  endfacet
  facet normal -0.0979446 0 0.995192
    outer loop
      vertex 3.69263 18.05 15.2788
      vertex 3.4 21.95 15.25
      vertex 3.4 18.05 15.25
    endloop
  endfacet
  facet normal -0.290404 0 0.956904
    outer loop
      vertex 3.69263 21.95 15.2788
      vertex 3.97403 18.05 15.3642
      vertex 3.97403 21.95 15.3642
    endloop
  endfacet
  facet normal -0.290404 0 0.956904
    outer loop
      vertex 3.97403 18.05 15.3642
      vertex 3.69263 21.95 15.2788
      vertex 3.69263 18.05 15.2788
    endloop
  endfacet
  facet normal -0.995184 0 0.0980219
    outer loop
      vertex 4.87118 18.05 16.4574
      vertex 4.9 21.95 16.75
      vertex 4.87118 21.95 16.4574
    endloop
  endfacet
  facet normal -0.995184 0 0.0980219
    outer loop
      vertex 4.9 21.95 16.75
      vertex 4.87118 18.05 16.4574
      vertex 4.9 18.05 16.75
    endloop
  endfacet
  facet normal -0.634295 0 0.773091
    outer loop
      vertex 4.23335 21.95 15.5028
      vertex 4.46066 18.05 15.6893
      vertex 4.46066 21.95 15.6893
    endloop
  endfacet
  facet normal -0.634295 0 0.773091
    outer loop
      vertex 4.46066 18.05 15.6893
      vertex 4.23335 21.95 15.5028
      vertex 4.23335 18.05 15.5028
    endloop
  endfacet
  facet normal 0.290413 0 0.956901
    outer loop
      vertex 2.82597 21.95 15.3642
      vertex 3.10736 18.05 15.2788
      vertex 3.10736 21.95 15.2788
    endloop
  endfacet
  facet normal 0.290413 0 0.956901
    outer loop
      vertex 3.10736 18.05 15.2788
      vertex 2.82597 21.95 15.3642
      vertex 2.82597 18.05 15.3642
    endloop
  endfacet
  facet normal -0.956942 0 -0.290279
    outer loop
      vertex 4.87118 18.05 17.0426
      vertex 4.78582 21.95 17.324
      vertex 4.87118 21.95 17.0426
    endloop
  endfacet
  facet normal -0.956942 -0 -0.290279
    outer loop
      vertex 4.78582 21.95 17.324
      vertex 4.87118 18.05 17.0426
      vertex 4.78582 18.05 17.324
    endloop
  endfacet
  facet normal -0.995184 0 -0.0980219
    outer loop
      vertex 4.9 18.05 16.75
      vertex 4.87118 21.95 17.0426
      vertex 4.9 21.95 16.75
    endloop
  endfacet
  facet normal -0.995184 -0 -0.0980219
    outer loop
      vertex 4.87118 21.95 17.0426
      vertex 4.9 18.05 16.75
      vertex 4.87118 18.05 17.0426
    endloop
  endfacet
  facet normal 0.290404 0 0.956904
    outer loop
      vertex -27.374 21.95 18.0142
      vertex -27.0926 18.05 17.9288
      vertex -27.0926 21.95 17.9288
    endloop
  endfacet
  facet normal 0.290404 0 0.956904
    outer loop
      vertex -27.0926 18.05 17.9288
      vertex -27.374 21.95 18.0142
      vertex -27.374 18.05 18.0142
    endloop
  endfacet
  facet normal 0.956904 0 -0.290404
    outer loop
      vertex -28.1858 18.05 19.974
      vertex -28.2712 21.95 19.6926
      vertex -28.1858 21.95 19.974
    endloop
  endfacet
  facet normal 0.956904 0 -0.290404
    outer loop
      vertex -28.2712 21.95 19.6926
      vertex -28.1858 18.05 19.974
      vertex -28.2712 18.05 19.6926
    endloop
  endfacet
  facet normal 0.995191 0 -0.0979545
    outer loop
      vertex -28.2712 18.05 19.6926
      vertex -28.3 21.95 19.4
      vertex -28.2712 21.95 19.6926
    endloop
  endfacet
  facet normal 0.995191 0 -0.0979545
    outer loop
      vertex -28.3 21.95 19.4
      vertex -28.2712 18.05 19.6926
      vertex -28.3 18.05 19.4
    endloop
  endfacet
  facet normal 0.995191 -0 0.0979545
    outer loop
      vertex -28.3 18.05 19.4
      vertex -28.2712 21.95 19.1074
      vertex -28.3 21.95 19.4
    endloop
  endfacet
  facet normal 0.995191 0 0.0979545
    outer loop
      vertex -28.2712 21.95 19.1074
      vertex -28.3 18.05 19.4
      vertex -28.2712 18.05 19.1074
    endloop
  endfacet
  facet normal 0.471259 0 -0.881995
    outer loop
      vertex -27.6334 18.05 20.6472
      vertex -27.374 21.95 20.7858
      vertex -27.374 18.05 20.7858
    endloop
  endfacet
  facet normal 0.471259 0 -0.881995
    outer loop
      vertex -27.374 21.95 20.7858
      vertex -27.6334 18.05 20.6472
      vertex -27.6334 21.95 20.6472
    endloop
  endfacet
  facet normal 0.956904 -0 0.290404
    outer loop
      vertex -28.2712 18.05 19.1074
      vertex -28.1858 21.95 18.826
      vertex -28.2712 21.95 19.1074
    endloop
  endfacet
  facet normal 0.956904 0 0.290404
    outer loop
      vertex -28.1858 21.95 18.826
      vertex -28.2712 18.05 19.1074
      vertex -28.1858 18.05 18.826
    endloop
  endfacet
  facet normal 0.634311 0 -0.773078
    outer loop
      vertex -27.8607 18.05 20.4607
      vertex -27.6334 21.95 20.6472
      vertex -27.6334 18.05 20.6472
    endloop
  endfacet
  facet normal 0.634311 0 -0.773078
    outer loop
      vertex -27.6334 21.95 20.6472
      vertex -27.8607 18.05 20.4607
      vertex -27.8607 21.95 20.4607
    endloop
  endfacet
  facet normal -0.881995 0 0.471259
    outer loop
      vertex -25.5528 18.05 18.5666
      vertex -25.4142 21.95 18.826
      vertex -25.5528 21.95 18.5666
    endloop
  endfacet
  facet normal -0.881995 0 0.471259
    outer loop
      vertex -25.4142 21.95 18.826
      vertex -25.5528 18.05 18.5666
      vertex -25.4142 18.05 18.826
    endloop
  endfacet
  facet normal 0.0979545 0 0.995191
    outer loop
      vertex -27.0926 21.95 17.9288
      vertex -26.8 18.05 17.9
      vertex -26.8 21.95 17.9
    endloop
  endfacet
  facet normal 0.0979545 0 0.995191
    outer loop
      vertex -26.8 18.05 17.9
      vertex -27.0926 21.95 17.9288
      vertex -27.0926 18.05 17.9288
    endloop
  endfacet
  facet normal -0.0979545 0 -0.995191
    outer loop
      vertex -26.8 18.05 20.9
      vertex -26.5074 21.95 20.8712
      vertex -26.5074 18.05 20.8712
    endloop
  endfacet
  facet normal -0.0979545 0 -0.995191
    outer loop
      vertex -26.5074 21.95 20.8712
      vertex -26.8 18.05 20.9
      vertex -26.8 21.95 20.9
    endloop
  endfacet
  facet normal 0.881995 0 -0.471259
    outer loop
      vertex -28.0472 18.05 20.2334
      vertex -28.1858 21.95 19.974
      vertex -28.0472 21.95 20.2334
    endloop
  endfacet
  facet normal 0.881995 0 -0.471259
    outer loop
      vertex -28.1858 21.95 19.974
      vertex -28.0472 18.05 20.2334
      vertex -28.1858 18.05 19.974
    endloop
  endfacet
  facet normal 0.773078 -0 0.634311
    outer loop
      vertex -28.0472 18.05 18.5666
      vertex -27.8607 21.95 18.3393
      vertex -28.0472 21.95 18.5666
    endloop
  endfacet
  facet normal 0.773078 0 0.634311
    outer loop
      vertex -27.8607 21.95 18.3393
      vertex -28.0472 18.05 18.5666
      vertex -27.8607 18.05 18.3393
    endloop
  endfacet
  facet normal 0.471259 0 0.881995
    outer loop
      vertex -27.6334 21.95 18.1528
      vertex -27.374 18.05 18.0142
      vertex -27.374 21.95 18.0142
    endloop
  endfacet
  facet normal 0.471259 0 0.881995
    outer loop
      vertex -27.374 18.05 18.0142
      vertex -27.6334 21.95 18.1528
      vertex -27.6334 18.05 18.1528
    endloop
  endfacet
  facet normal -0.0979545 0 0.995191
    outer loop
      vertex -26.8 21.95 17.9
      vertex -26.5074 18.05 17.9288
      vertex -26.5074 21.95 17.9288
    endloop
  endfacet
  facet normal -0.0979545 0 0.995191
    outer loop
      vertex -26.5074 18.05 17.9288
      vertex -26.8 21.95 17.9
      vertex -26.8 18.05 17.9
    endloop
  endfacet
  facet normal 0.881995 -0 0.471259
    outer loop
      vertex -28.1858 18.05 18.826
      vertex -28.0472 21.95 18.5666
      vertex -28.1858 21.95 18.826
    endloop
  endfacet
  facet normal 0.881995 0 0.471259
    outer loop
      vertex -28.0472 21.95 18.5666
      vertex -28.1858 18.05 18.826
      vertex -28.0472 18.05 18.5666
    endloop
  endfacet
  facet normal -0.773078 0 -0.634311
    outer loop
      vertex -25.5528 18.05 20.2334
      vertex -25.7393 21.95 20.4607
      vertex -25.5528 21.95 20.2334
    endloop
  endfacet
  facet normal -0.773078 -0 -0.634311
    outer loop
      vertex -25.7393 21.95 20.4607
      vertex -25.5528 18.05 20.2334
      vertex -25.7393 18.05 20.4607
    endloop
  endfacet
  facet normal -0.471259 0 -0.881995
    outer loop
      vertex -26.226 18.05 20.7858
      vertex -25.9666 21.95 20.6472
      vertex -25.9666 18.05 20.6472
    endloop
  endfacet
  facet normal -0.471259 0 -0.881995
    outer loop
      vertex -25.9666 21.95 20.6472
      vertex -26.226 18.05 20.7858
      vertex -26.226 21.95 20.7858
    endloop
  endfacet
  facet normal -0.290404 0 -0.956904
    outer loop
      vertex -26.5074 18.05 20.8712
      vertex -26.226 21.95 20.7858
      vertex -26.226 18.05 20.7858
    endloop
  endfacet
  facet normal -0.290404 0 -0.956904
    outer loop
      vertex -26.226 21.95 20.7858
      vertex -26.5074 18.05 20.8712
      vertex -26.5074 21.95 20.8712
    endloop
  endfacet
  facet normal -0.290404 0 0.956904
    outer loop
      vertex -26.5074 21.95 17.9288
      vertex -26.226 18.05 18.0142
      vertex -26.226 21.95 18.0142
    endloop
  endfacet
  facet normal -0.290404 0 0.956904
    outer loop
      vertex -26.226 18.05 18.0142
      vertex -26.5074 21.95 17.9288
      vertex -26.5074 18.05 17.9288
    endloop
  endfacet
  facet normal 0 -1 0
    outer loop
      vertex -59.4127 18.05 24.8425
      vertex -59.8 18.05 24.9
      vertex -60.0926 18.05 24.8712
    endloop
  endfacet
  facet normal 0 -1 0
    outer loop
      vertex -59.8 18.05 24.9
      vertex -59.4127 18.05 24.8425
      vertex -59.5074 18.05 24.8712
    endloop
  endfacet
  facet normal -0 -1 0
    outer loop
      vertex -59.4127 18.05 24.8425
      vertex -60.0926 18.05 24.8712
      vertex -60.374 18.05 24.7858
    endloop
  endfacet
  facet normal 0 -1 0
    outer loop
      vertex -59.4127 18.05 24.8425
      vertex -51.1804 18.05 25.3125
      vertex -50.8 18.05 25.35
    endloop
  endfacet
  facet normal 0 -1 0
    outer loop
      vertex -59.4127 18.05 24.8425
      vertex -51.5462 18.05 25.2016
      vertex -51.1804 18.05 25.3125
    endloop
  endfacet
  facet normal 0 -1 0
    outer loop
      vertex -59.4127 18.05 24.8425
      vertex -51.8834 18.05 25.0214
      vertex -51.5462 18.05 25.2016
    endloop
  endfacet
  facet normal 0 -1 0
    outer loop
      vertex -60.8607 18.05 24.4607
      vertex -59.4127 18.05 24.8425
      vertex -60.374 18.05 24.7858
    endloop
  endfacet
  facet normal 0 -1 0
    outer loop
      vertex -59.4127 18.05 24.8425
      vertex -52.1789 18.05 24.7789
      vertex -51.8834 18.05 25.0214
    endloop
  endfacet
  facet normal 0 -1 0
    outer loop
      vertex -60.8607 18.05 24.4607
      vertex -60.374 18.05 24.7858
      vertex -60.6334 18.05 24.6472
    endloop
  endfacet
  facet normal 0 -1 0
    outer loop
      vertex -59.4127 18.05 24.8425
      vertex -52.4214 18.05 24.4834
      vertex -52.1789 18.05 24.7789
    endloop
  endfacet
  facet normal 0 -1 -0
    outer loop
      vertex -59.4127 18.05 24.8425
      vertex -60.8607 18.05 24.4607
      vertex -52.7125 18.05 23.7804
    endloop
  endfacet
  facet normal 0 -1 0
    outer loop
      vertex -59.4127 18.05 24.8425
      vertex -52.6016 18.05 24.1462
      vertex -52.4214 18.05 24.4834
    endloop
  endfacet
  facet normal 0 -1 0
    outer loop
      vertex -59.4127 18.05 24.8425
      vertex -52.7125 18.05 23.7804
      vertex -52.6016 18.05 24.1462
    endloop
  endfacet
  facet normal 0 -1 0
    outer loop
      vertex -58.9588 18.05 1.5
      vertex -60.8607 18.05 24.4607
      vertex -84.9007 18.05 1.5
    endloop
  endfacet
  facet normal 0 -1 0
    outer loop
      vertex -60.8607 18.05 24.4607
      vertex -58.9588 18.05 1.5
      vertex -52.7125 18.05 23.7804
    endloop
  endfacet
  facet normal 0 -1 0
    outer loop
      vertex -50.4196 18.05 25.3125
      vertex -32.8 18.05 25.35
      vertex -50.8 18.05 25.35
    endloop
  endfacet
  facet normal 0 -1 0
    outer loop
      vertex -50.4196 18.05 25.3125
      vertex -33.1804 18.05 25.3125
      vertex -32.8 18.05 25.35
    endloop
  endfacet
  facet normal 0 -1 0
    outer loop
      vertex -50.0538 18.05 25.2016
      vertex -33.1804 18.05 25.3125
      vertex -50.4196 18.05 25.3125
    endloop
  endfacet
  facet normal 0 -1 0
    outer loop
      vertex -50.0538 18.05 25.2016
      vertex -33.5462 18.05 25.2016
      vertex -33.1804 18.05 25.3125
    endloop
  endfacet
  facet normal 0 -1 0
    outer loop
      vertex -49.7166 18.05 25.0214
      vertex -33.5462 18.05 25.2016
      vertex -50.0538 18.05 25.2016
    endloop
  endfacet
  facet normal 0 -1 0
    outer loop
      vertex -49.7166 18.05 25.0214
      vertex -33.8834 18.05 25.0214
      vertex -33.5462 18.05 25.2016
    endloop
  endfacet
  facet normal 0 -1 0
    outer loop
      vertex -49.4211 18.05 24.7789
      vertex -33.8834 18.05 25.0214
      vertex -49.7166 18.05 25.0214
    endloop
  endfacet
  facet normal 0 -1 0
    outer loop
      vertex -49.4211 18.05 24.7789
      vertex -34.1789 18.05 24.7789
      vertex -33.8834 18.05 25.0214
    endloop
  endfacet
  facet normal 0 -1 0
    outer loop
      vertex -49.1786 18.05 24.4834
      vertex -34.1789 18.05 24.7789
      vertex -49.4211 18.05 24.7789
    endloop
  endfacet
  facet normal 0 -1 0
    outer loop
      vertex -49.1786 18.05 24.4834
      vertex -34.4214 18.05 24.4834
      vertex -34.1789 18.05 24.7789
    endloop
  endfacet
  facet normal 0 -1 0
    outer loop
      vertex -48.9984 18.05 24.1462
      vertex -34.4214 18.05 24.4834
      vertex -49.1786 18.05 24.4834
    endloop
  endfacet
  facet normal 0 -1 0
    outer loop
      vertex -48.9984 18.05 24.1462
      vertex -34.6016 18.05 24.1462
      vertex -34.4214 18.05 24.4834
    endloop
  endfacet
  facet normal 0 -1 0
    outer loop
      vertex -48.8875 18.05 23.7804
      vertex -34.6016 18.05 24.1462
      vertex -48.9984 18.05 24.1462
    endloop
  endfacet
  facet normal 0 -1 0
    outer loop
      vertex -48.8875 18.05 23.7804
      vertex -34.7125 18.05 23.7804
      vertex -34.6016 18.05 24.1462
    endloop
  endfacet
  facet normal 0 -1 0
    outer loop
      vertex -45.7633 18.05 1.5
      vertex -34.7125 18.05 23.7804
      vertex -48.8875 18.05 23.7804
    endloop
  endfacet
  facet normal 0 -1 0
    outer loop
      vertex -34.7125 18.05 23.7804
      vertex -45.7633 18.05 1.5
      vertex -37.8367 18.05 1.5
    endloop
  endfacet
  facet normal 0 -1 0
    outer loop
      vertex 10.739 18.05 0.66157
      vertex 10.8712 18.05 0.292635
      vertex 10.7858 18.05 0.574024
    endloop
  endfacet
  facet normal 0 -1 0
    outer loop
      vertex 10.739 18.05 0.66157
      vertex 10.9 18.05 0
      vertex 10.8712 18.05 0.292635
    endloop
  endfacet
  facet normal 0 -1 0
    outer loop
      vertex 10.739 18.05 0.66157
      vertex 10.8712 18.05 -0.292635
      vertex 10.9 18.05 0
    endloop
  endfacet
  facet normal 0 -1 0
    outer loop
      vertex 10.739 18.05 -0.66157
      vertex 10.8712 18.05 -0.292635
      vertex 10.739 18.05 0.66157
    endloop
  endfacet
  facet normal 0 -1 0
    outer loop
      vertex 10.8712 18.05 -0.292635
      vertex 10.739 18.05 -0.66157
      vertex 10.7858 18.05 -0.574024
    endloop
  endfacet
  facet normal 0 -1 0
    outer loop
      vertex -32.0538 18.05 25.2016
      vertex -25.9221 18.05 23.8135
      vertex -32.4196 18.05 25.3125
    endloop
  endfacet
  facet normal 0 -1 0
    outer loop
      vertex -31.7166 18.05 25.0214
      vertex -25.9221 18.05 23.8135
      vertex -32.0538 18.05 25.2016
    endloop
  endfacet
  facet normal 0 -1 0
    outer loop
      vertex -31.4211 18.05 24.7789
      vertex -25.9221 18.05 23.8135
      vertex -31.7166 18.05 25.0214
    endloop
  endfacet
  facet normal 0 -1 0
    outer loop
      vertex -31.1786 18.05 24.4834
      vertex -25.9221 18.05 23.8135
      vertex -31.4211 18.05 24.7789
    endloop
  endfacet
  facet normal 0 -1 0
    outer loop
      vertex -30.9984 18.05 24.1462
      vertex -25.9221 18.05 23.8135
      vertex -31.1786 18.05 24.4834
    endloop
  endfacet
  facet normal 0 -1 0
    outer loop
      vertex -30.8875 18.05 23.7804
      vertex -25.9221 18.05 23.8135
      vertex -30.9984 18.05 24.1462
    endloop
  endfacet
  facet normal 0 -1 0
    outer loop
      vertex -27.374 18.05 20.7858
      vertex -25.9221 18.05 23.8135
      vertex -30.8875 18.05 23.7804
    endloop
  endfacet
  facet normal -0 -1 0
    outer loop
      vertex -26.8 18.05 20.9
      vertex -25.9221 18.05 23.8135
      vertex -27.0926 18.05 20.8712
    endloop
  endfacet
  facet normal 0 -1 0
    outer loop
      vertex -26.5074 18.05 20.8712
      vertex -25.9221 18.05 23.8135
      vertex -26.8 18.05 20.9
    endloop
  endfacet
  facet normal 0 -1 -0
    outer loop
      vertex -25.9221 18.05 23.8135
      vertex -26.5074 18.05 20.8712
      vertex -25.0779 18.05 23.5575
    endloop
  endfacet
  facet normal 0 -1 0
    outer loop
      vertex -25.9221 18.05 23.8135
      vertex -27.374 18.05 20.7858
      vertex -27.0926 18.05 20.8712
    endloop
  endfacet
  facet normal 0 -1 0
    outer loop
      vertex -30.8875 18.05 23.7804
      vertex -27.6334 18.05 20.6472
      vertex -27.374 18.05 20.7858
    endloop
  endfacet
  facet normal 0 -1 0
    outer loop
      vertex -30.8875 18.05 23.7804
      vertex -27.8607 18.05 20.4607
      vertex -27.6334 18.05 20.6472
    endloop
  endfacet
  facet normal 0 -1 0
    outer loop
      vertex -30.8875 18.05 23.7804
      vertex -28.0472 18.05 20.2334
      vertex -27.8607 18.05 20.4607
    endloop
  endfacet
  facet normal 0 -1 0
    outer loop
      vertex -30.8875 18.05 23.7804
      vertex -28.1858 18.05 19.974
      vertex -28.0472 18.05 20.2334
    endloop
  endfacet
  facet normal 0 -1 0
    outer loop
      vertex -30.8875 18.05 23.7804
      vertex -28.2712 18.05 19.6926
      vertex -28.1858 18.05 19.974
    endloop
  endfacet
  facet normal 0 -1 0
    outer loop
      vertex -30.8875 18.05 23.7804
      vertex -28.3 18.05 19.4
      vertex -28.2712 18.05 19.6926
    endloop
  endfacet
  facet normal 0 -1 0
    outer loop
      vertex -30.8875 18.05 23.7804
      vertex -28.2712 18.05 19.1074
      vertex -28.3 18.05 19.4
    endloop
  endfacet
  facet normal 0 -1 0
    outer loop
      vertex -30.8875 18.05 23.7804
      vertex -28.1858 18.05 18.826
      vertex -28.2712 18.05 19.1074
    endloop
  endfacet
  facet normal 0 -1 0
    outer loop
      vertex -24.6412 18.05 1.5
      vertex -28.1858 18.05 18.826
      vertex -30.8875 18.05 23.7804
    endloop
  endfacet
  facet normal 0 -1 0
    outer loop
      vertex -27.0926 18.05 17.9288
      vertex -24.6412 18.05 1.5
      vertex -26.8 18.05 17.9
    endloop
  endfacet
  facet normal 0 -1 0
    outer loop
      vertex -27.374 18.05 18.0142
      vertex -24.6412 18.05 1.5
      vertex -27.0926 18.05 17.9288
    endloop
  endfacet
  facet normal 0 -1 0
    outer loop
      vertex -27.6334 18.05 18.1528
      vertex -24.6412 18.05 1.5
      vertex -27.374 18.05 18.0142
    endloop
  endfacet
  facet normal 0 -1 0
    outer loop
      vertex -27.8607 18.05 18.3393
      vertex -24.6412 18.05 1.5
      vertex -27.6334 18.05 18.1528
    endloop
  endfacet
  facet normal 0 -1 0
    outer loop
      vertex -28.0472 18.05 18.5666
      vertex -24.6412 18.05 1.5
      vertex -27.8607 18.05 18.3393
    endloop
  endfacet
  facet normal 0 -1 0
    outer loop
      vertex -28.1858 18.05 18.826
      vertex -24.6412 18.05 1.5
      vertex -28.0472 18.05 18.5666
    endloop
  endfacet
  facet normal 0 -1 0
    outer loop
      vertex -26.226 18.05 20.7858
      vertex -25.0779 18.05 23.5575
      vertex -26.5074 18.05 20.8712
    endloop
  endfacet
  facet normal 0 -1 -0
    outer loop
      vertex -25.0779 18.05 23.5575
      vertex -26.226 18.05 20.7858
      vertex -24.2999 18.05 23.1416
    endloop
  endfacet
  facet normal 0 -1 0
    outer loop
      vertex -25.9666 18.05 20.6472
      vertex -24.2999 18.05 23.1416
      vertex -26.226 18.05 20.7858
    endloop
  endfacet
  facet normal 0 -1 0
    outer loop
      vertex -25.7393 18.05 20.4607
      vertex -24.2999 18.05 23.1416
      vertex -25.9666 18.05 20.6472
    endloop
  endfacet
  facet normal 0 -1 0
    outer loop
      vertex -25.5528 18.05 20.2334
      vertex -24.2999 18.05 23.1416
      vertex -25.7393 18.05 20.4607
    endloop
  endfacet
  facet normal 0 -1 0
    outer loop
      vertex -25.4142 18.05 19.974
      vertex -24.2999 18.05 23.1416
      vertex -25.5528 18.05 20.2334
    endloop
  endfacet
  facet normal 0 -1 0
    outer loop
      vertex -25.3288 18.05 19.6926
      vertex -24.2999 18.05 23.1416
      vertex -25.4142 18.05 19.974
    endloop
  endfacet
  facet normal 0 -1 0
    outer loop
      vertex -25.3 18.05 19.4
      vertex -24.2999 18.05 23.1416
      vertex -25.3288 18.05 19.6926
    endloop
  endfacet
  facet normal 0 -1 0
    outer loop
      vertex -25.3288 18.05 19.1074
      vertex -24.2999 18.05 23.1416
      vertex -25.3 18.05 19.4
    endloop
  endfacet
  facet normal 0 -1 0
    outer loop
      vertex -24.6412 18.05 1.5
      vertex -26.5074 18.05 17.9288
      vertex -26.8 18.05 17.9
    endloop
  endfacet
  facet normal 0 -1 0
    outer loop
      vertex -24.6412 18.05 1.5
      vertex -26.226 18.05 18.0142
      vertex -26.5074 18.05 17.9288
    endloop
  endfacet
  facet normal 0 -1 0
    outer loop
      vertex -24.6412 18.05 1.5
      vertex -25.9666 18.05 18.1528
      vertex -26.226 18.05 18.0142
    endloop
  endfacet
  facet normal 0 -1 0
    outer loop
      vertex -24.6412 18.05 1.5
      vertex -25.7393 18.05 18.3393
      vertex -25.9666 18.05 18.1528
    endloop
  endfacet
  facet normal 0 -1 0
    outer loop
      vertex -24.6412 18.05 1.5
      vertex -25.5528 18.05 18.5666
      vertex -25.7393 18.05 18.3393
    endloop
  endfacet
  facet normal 0 -1 0
    outer loop
      vertex -24.6412 18.05 1.5
      vertex -25.4142 18.05 18.826
      vertex -25.5528 18.05 18.5666
    endloop
  endfacet
  facet normal 0 -1 0
    outer loop
      vertex 9.83463 18.05 1.5
      vertex -25.4142 18.05 18.826
      vertex -24.6412 18.05 1.5
    endloop
  endfacet
  facet normal 0 -1 0
    outer loop
      vertex -25.4142 18.05 18.826
      vertex 9.83463 18.05 1.5
      vertex -25.3288 18.05 19.1074
    endloop
  endfacet
  facet normal 0 -1 0
    outer loop
      vertex -25.3288 18.05 19.1074
      vertex 9.83463 18.05 1.5
      vertex -24.2999 18.05 23.1416
    endloop
  endfacet
  facet normal -0.634311 0 -0.773078
    outer loop
      vertex -25.9666 18.05 20.6472
      vertex -25.7393 21.95 20.4607
      vertex -25.7393 18.05 20.4607
    endloop
  endfacet
  facet normal -0.634311 0 -0.773078
    outer loop
      vertex -25.7393 21.95 20.4607
      vertex -25.9666 18.05 20.6472
      vertex -25.9666 21.95 20.6472
    endloop
  endfacet
  facet normal -0.956904 0 0.290404
    outer loop
      vertex -25.4142 18.05 18.826
      vertex -25.3288 21.95 19.1074
      vertex -25.4142 21.95 18.826
    endloop
  endfacet
  facet normal -0.956904 0 0.290404
    outer loop
      vertex -25.3288 21.95 19.1074
      vertex -25.4142 18.05 18.826
      vertex -25.3288 18.05 19.1074
    endloop
  endfacet
  facet normal 0.290404 0 -0.956904
    outer loop
      vertex -27.374 18.05 20.7858
      vertex -27.0926 21.95 20.8712
      vertex -27.0926 18.05 20.8712
    endloop
  endfacet
  facet normal 0.290404 0 -0.956904
    outer loop
      vertex -27.0926 21.95 20.8712
      vertex -27.374 18.05 20.7858
      vertex -27.374 21.95 20.7858
    endloop
  endfacet
  facet normal 0.773078 0 -0.634311
    outer loop
      vertex -27.8607 18.05 20.4607
      vertex -28.0472 21.95 20.2334
      vertex -27.8607 21.95 20.4607
    endloop
  endfacet
  facet normal 0.773078 0 -0.634311
    outer loop
      vertex -28.0472 21.95 20.2334
      vertex -27.8607 18.05 20.4607
      vertex -28.0472 18.05 20.2334
    endloop
  endfacet
  facet normal -0.881995 0 -0.471259
    outer loop
      vertex -25.4142 18.05 19.974
      vertex -25.5528 21.95 20.2334
      vertex -25.4142 21.95 19.974
    endloop
  endfacet
  facet normal -0.881995 -0 -0.471259
    outer loop
      vertex -25.5528 21.95 20.2334
      vertex -25.4142 18.05 19.974
      vertex -25.5528 18.05 20.2334
    endloop
  endfacet
  facet normal -0.995191 0 -0.0979545
    outer loop
      vertex -25.3 18.05 19.4
      vertex -25.3288 21.95 19.6926
      vertex -25.3 21.95 19.4
    endloop
  endfacet
  facet normal -0.995191 -0 -0.0979545
    outer loop
      vertex -25.3288 21.95 19.6926
      vertex -25.3 18.05 19.4
      vertex -25.3288 18.05 19.6926
    endloop
  endfacet
  facet normal 0.0979545 0 -0.995191
    outer loop
      vertex -27.0926 18.05 20.8712
      vertex -26.8 21.95 20.9
      vertex -26.8 18.05 20.9
    endloop
  endfacet
  facet normal 0.0979545 0 -0.995191
    outer loop
      vertex -26.8 21.95 20.9
      vertex -27.0926 18.05 20.8712
      vertex -27.0926 21.95 20.8712
    endloop
  endfacet
  facet normal 0.634311 0 0.773078
    outer loop
      vertex -27.8607 21.95 18.3393
      vertex -27.6334 18.05 18.1528
      vertex -27.6334 21.95 18.1528
    endloop
  endfacet
  facet normal 0.634311 0 0.773078
    outer loop
      vertex -27.6334 18.05 18.1528
      vertex -27.8607 21.95 18.3393
      vertex -27.8607 18.05 18.3393
    endloop
  endfacet
  facet normal -0.773078 0 0.634311
    outer loop
      vertex -25.7393 18.05 18.3393
      vertex -25.5528 21.95 18.5666
      vertex -25.7393 21.95 18.3393
    endloop
  endfacet
  facet normal -0.773078 0 0.634311
    outer loop
      vertex -25.5528 21.95 18.5666
      vertex -25.7393 18.05 18.3393
      vertex -25.5528 18.05 18.5666
    endloop
  endfacet
  facet normal -0.634311 0 0.773078
    outer loop
      vertex -25.9666 21.95 18.1528
      vertex -25.7393 18.05 18.3393
      vertex -25.7393 21.95 18.3393
    endloop
  endfacet
  facet normal -0.634311 0 0.773078
    outer loop
      vertex -25.7393 18.05 18.3393
      vertex -25.9666 21.95 18.1528
      vertex -25.9666 18.05 18.1528
    endloop
  endfacet
  facet normal -0.956904 0 -0.290404
    outer loop
      vertex -25.3288 18.05 19.6926
      vertex -25.4142 21.95 19.974
      vertex -25.3288 21.95 19.6926
    endloop
  endfacet
  facet normal -0.956904 -0 -0.290404
    outer loop
      vertex -25.4142 21.95 19.974
      vertex -25.3288 18.05 19.6926
      vertex -25.4142 18.05 19.974
    endloop
  endfacet
  facet normal -0.471259 0 0.881995
    outer loop
      vertex -26.226 21.95 18.0142
      vertex -25.9666 18.05 18.1528
      vertex -25.9666 21.95 18.1528
    endloop
  endfacet
  facet normal -0.471259 0 0.881995
    outer loop
      vertex -25.9666 18.05 18.1528
      vertex -26.226 21.95 18.0142
      vertex -26.226 18.05 18.0142
    endloop
  endfacet
  facet normal -0.995191 0 0.0979545
    outer loop
      vertex -25.3288 18.05 19.1074
      vertex -25.3 21.95 19.4
      vertex -25.3288 21.95 19.1074
    endloop
  endfacet
  facet normal -0.995191 0 0.0979545
    outer loop
      vertex -25.3 21.95 19.4
      vertex -25.3288 18.05 19.1074
      vertex -25.3 18.05 19.4
    endloop
  endfacet
  facet normal 0.984798 -0 0.173701
    outer loop
      vertex 7.81353 18.05 17.6279
      vertex 10.6582 21.95 1.5
      vertex 7.81353 21.95 17.6279
    endloop
  endfacet
  facet normal 0.984798 0 0.173701
    outer loop
      vertex 10.6582 21.95 1.5
      vertex 7.81353 18.05 17.6279
      vertex 10.6582 18.05 1.5
    endloop
  endfacet
  facet normal 0.984788 0 0.173762
    outer loop
      vertex 10.739 18.05 1.04187
      vertex 10.8712 18.05 0.292635
      vertex 10.8712 18.1013 0.292635
    endloop
  endfacet
  facet normal -0.690703 0.000140792 0.723138
    outer loop
      vertex -64.2903 21.5733 21.185
      vertex -60.8607 21.95 24.4607
      vertex -64.176 21.95 21.2941
    endloop
  endfacet
  facet normal -0.690689 -0.000117145 0.723152
    outer loop
      vertex -64.5213 21.1411 20.9643
      vertex -60.8607 21.95 24.4607
      vertex -64.2903 21.5733 21.185
    endloop
  endfacet
  facet normal -0.690702 0 0.723139
    outer loop
      vertex -60.8607 21.95 24.4607
      vertex -64.5213 21.1411 20.9643
      vertex -60.8607 18.05 24.4607
    endloop
  endfacet
  facet normal -0.690675 6.11727e-05 0.723165
    outer loop
      vertex -64.8322 20.7622 20.6674
      vertex -60.8607 18.05 24.4607
      vertex -64.5213 21.1411 20.9643
    endloop
  endfacet
  facet normal -0.690652 0.000125519 0.723187
    outer loop
      vertex -65.2111 20.4513 20.3056
      vertex -60.8607 18.05 24.4607
      vertex -64.8322 20.7622 20.6674
    endloop
  endfacet
  facet normal -0.69069 -3.85863e-06 0.723151
    outer loop
      vertex -65.6433 20.2203 19.8928
      vertex -60.8607 18.05 24.4607
      vertex -65.2111 20.4513 20.3056
    endloop
  endfacet
  facet normal -0.690715 -0.00011057 0.723127
    outer loop
      vertex -66.1123 20.078 19.4448
      vertex -60.8607 18.05 24.4607
      vertex -65.6433 20.2203 19.8928
    endloop
  endfacet
  facet normal -0.690686 3.44642e-05 0.723155
    outer loop
      vertex -66.6 20.03 18.979
      vertex -60.8607 18.05 24.4607
      vertex -66.1123 20.078 19.4448
    endloop
  endfacet
  facet normal -0.690686 0 0.723155
    outer loop
      vertex -84.9007 18.05 1.5
      vertex -66.6 20.03 18.979
      vertex -84.9007 20.03 1.5
    endloop
  endfacet
  facet normal -0.690687 2.6169e-05 0.723154
    outer loop
      vertex -66.6 20.03 18.979
      vertex -84.9007 18.05 1.5
      vertex -60.8607 18.05 24.4607
    endloop
  endfacet
  facet normal 0 -1 0
    outer loop
      vertex -41.8 18.05 32.4
      vertex -32.8 18.05 25.35
      vertex -40.6295 18.05 32.2847
    endloop
  endfacet
  facet normal -0.634311 0 0.773078
    outer loop
      vertex -60.8607 21.95 24.4607
      vertex -60.6334 18.05 24.6472
      vertex -60.6334 21.95 24.6472
    endloop
  endfacet
  facet normal -0.634311 0 0.773078
    outer loop
      vertex -60.6334 18.05 24.6472
      vertex -60.8607 21.95 24.4607
      vertex -60.8607 18.05 24.4607
    endloop
  endfacet
  facet normal 0.956901 0 -0.290414
    outer loop
      vertex 10.8712 18.05 -0.292635
      vertex 10.7858 18.0682 -0.574024
      vertex 10.8712 18.1013 -0.292635
    endloop
  endfacet
  facet normal 0.956901 0 -0.290414
    outer loop
      vertex 10.7858 18.0682 -0.574024
      vertex 10.8712 18.05 -0.292635
      vertex 10.7858 18.05 -0.574024
    endloop
  endfacet
  facet normal 0 -1 0
    outer loop
      vertex 6.58198 18.05 19.932
      vertex 10.3704 18.05 1.5
      vertex 10.5053 18.05 1.5
    endloop
  endfacet
  facet normal 0 -1 0
    outer loop
      vertex 10.5053 18.05 1.5
      vertex 7.14161 18.05 19.2501
      vertex 6.58198 18.05 19.932
    endloop
  endfacet
  facet normal 0 -1 0
    outer loop
      vertex 7.14161 18.05 19.2501
      vertex 10.5053 18.05 1.5
      vertex 10.5203 18.05 1.5
    endloop
  endfacet
  facet normal -0.0980305 0 0.995183
    outer loop
      vertex -42.9705 21.95 32.2847
      vertex -41.8 18.05 32.4
      vertex -41.8 21.95 32.4
    endloop
  endfacet
  facet normal -0.0980305 0 0.995183
    outer loop
      vertex -41.8 18.05 32.4
      vertex -42.9705 21.95 32.2847
      vertex -42.9705 18.05 32.2847
    endloop
  endfacet
  facet normal 0 -1 0
    outer loop
      vertex -50.8 18.05 25.35
      vertex -32.8 18.05 25.35
      vertex -41.8 18.05 32.4
    endloop
  endfacet
  facet normal 0.881897 0 -0.471441
    outer loop
      vertex 10.739 18.05 -0.66157
      vertex 10.7858 18.0682 -0.574024
      vertex 10.7858 18.05 -0.574024
    endloop
  endfacet
  facet normal 0 0 -1
    outer loop
      vertex -64.8322 64.2978 -1.5
      vertex -69.1086 78.435 -1.5
      vertex -69.05 79.03 -1.5
    endloop
  endfacet
  facet normal 0 0 -1
    outer loop
      vertex -66.1123 64.982 -1.5
      vertex -69.2822 77.8628 -1.5
      vertex -69.1086 78.435 -1.5
    endloop
  endfacet
  facet normal 0 0 -1
    outer loop
      vertex -66.1123 64.982 -1.5
      vertex -69.564 77.3355 -1.5
      vertex -69.2822 77.8628 -1.5
    endloop
  endfacet
  facet normal 0 0 -1
    outer loop
      vertex -66.1123 64.982 -1.5
      vertex -69.9433 76.8733 -1.5
      vertex -69.564 77.3355 -1.5
    endloop
  endfacet
  facet normal 0 0 -1
    outer loop
      vertex -66.6 65.03 -1.5
      vertex -70.4055 76.494 -1.5
      vertex -69.9433 76.8733 -1.5
    endloop
  endfacet
  facet normal 0 0 -1
    outer loop
      vertex -66.6 65.03 -1.5
      vertex -70.9328 76.2122 -1.5
      vertex -70.4055 76.494 -1.5
    endloop
  endfacet
  facet normal 0 0 -1
    outer loop
      vertex -66.6 65.03 -1.5
      vertex -71.505 76.0386 -1.5
      vertex -70.9328 76.2122 -1.5
    endloop
  endfacet
  facet normal 0 0 -1
    outer loop
      vertex -66.6 65.03 -1.5
      vertex -72.1 75.98 -1.5
      vertex -71.505 76.0386 -1.5
    endloop
  endfacet
  facet normal 0 0 -1
    outer loop
      vertex -78.1 65.03 -1.5
      vertex -72.1 75.98 -1.5
      vertex -66.6 65.03 -1.5
    endloop
  endfacet
  facet normal -0 0 -1
    outer loop
      vertex -72.1 75.98 -1.5
      vertex -78.1 65.03 -1.5
      vertex -72.695 76.0386 -1.5
    endloop
  endfacet
  facet normal 0 0 -1
    outer loop
      vertex -78.1 74.53 -1.5
      vertex -72.695 76.0386 -1.5
      vertex -78.1 65.03 -1.5
    endloop
  endfacet
  facet normal -0 0 -1
    outer loop
      vertex -72.695 76.0386 -1.5
      vertex -78.1 74.53 -1.5
      vertex -73.2672 76.2122 -1.5
    endloop
  endfacet
  facet normal -0 0 -1
    outer loop
      vertex -73.2672 76.2122 -1.5
      vertex -78.1 74.53 -1.5
      vertex -73.7945 76.494 -1.5
    endloop
  endfacet
  facet normal 0 0 -1
    outer loop
      vertex -79.2111 76.6087 -1.5
      vertex -75.15 79.03 -1.5
      vertex -75.0914 78.435 -1.5
    endloop
  endfacet
  facet normal -0 0 -1
    outer loop
      vertex -73.7945 76.494 -1.5
      vertex -78.1 74.53 -1.5
      vertex -74.2567 76.8733 -1.5
    endloop
  endfacet
  facet normal 0 0 -1
    outer loop
      vertex -78.148 75.0177 -1.5
      vertex -74.2567 76.8733 -1.5
      vertex -78.1 74.53 -1.5
    endloop
  endfacet
  facet normal -0 0 -1
    outer loop
      vertex -74.2567 76.8733 -1.5
      vertex -78.148 75.0177 -1.5
      vertex -74.636 77.3355 -1.5
    endloop
  endfacet
  facet normal 0 0 -1
    outer loop
      vertex -78.2903 75.4867 -1.5
      vertex -74.636 77.3355 -1.5
      vertex -78.148 75.0177 -1.5
    endloop
  endfacet
  facet normal -0 0 -1
    outer loop
      vertex -74.636 77.3355 -1.5
      vertex -78.2903 75.4867 -1.5
      vertex -74.9178 77.8628 -1.5
    endloop
  endfacet
  facet normal 0 0 -1
    outer loop
      vertex -78.5213 75.9189 -1.5
      vertex -74.9178 77.8628 -1.5
      vertex -78.2903 75.4867 -1.5
    endloop
  endfacet
  facet normal 0 0 -1
    outer loop
      vertex -78.8322 76.2978 -1.5
      vertex -74.9178 77.8628 -1.5
      vertex -78.5213 75.9189 -1.5
    endloop
  endfacet
  facet normal -0 0 -1
    outer loop
      vertex -74.9178 77.8628 -1.5
      vertex -78.8322 76.2978 -1.5
      vertex -75.0914 78.435 -1.5
    endloop
  endfacet
  facet normal 0 0 -1
    outer loop
      vertex -79.2111 76.6087 -1.5
      vertex -75.0914 78.435 -1.5
      vertex -78.8322 76.2978 -1.5
    endloop
  endfacet
  facet normal 0 0 -1
    outer loop
      vertex -75.15 79.03 -1.5
      vertex -79.2111 76.6087 -1.5
      vertex -79.6433 76.8397 -1.5
    endloop
  endfacet
  facet normal 0 0 -1
    outer loop
      vertex -75.15 79.03 -1.5
      vertex -78.878 89.1739 -1.5
      vertex -76.7687 90.3013 -1.5
    endloop
  endfacet
  facet normal 0 0 -1
    outer loop
      vertex -75.15 79.03 -1.5
      vertex -79.6433 76.8397 -1.5
      vertex -80.1123 76.982 -1.5
    endloop
  endfacet
  facet normal -0 0 -1
    outer loop
      vertex -75.15 79.03 -1.5
      vertex -80.1123 76.982 -1.5
      vertex -83.3713 83.6987 -1.5
    endloop
  endfacet
  facet normal 0 0 -1
    outer loop
      vertex -84.0656 81.4101 -1.5
      vertex -80.1123 76.982 -1.5
      vertex -80.6 77.03 -1.5
    endloop
  endfacet
  facet normal 0 0 -1
    outer loop
      vertex -75.15 79.03 -1.5
      vertex -80.7267 87.6567 -1.5
      vertex -78.878 89.1739 -1.5
    endloop
  endfacet
  facet normal 0 0 -1
    outer loop
      vertex -75.15 79.03 -1.5
      vertex -82.2439 85.808 -1.5
      vertex -80.7267 87.6567 -1.5
    endloop
  endfacet
  facet normal 0 0 -1
    outer loop
      vertex -75.15 79.03 -1.5
      vertex -83.3713 83.6987 -1.5
      vertex -82.2439 85.808 -1.5
    endloop
  endfacet
  facet normal 0 0 -1
    outer loop
      vertex -80.1123 76.982 -1.5
      vertex -84.0656 81.4101 -1.5
      vertex -83.3713 83.6987 -1.5
    endloop
  endfacet
  facet normal 0 0 -1
    outer loop
      vertex -80.6 77.03 -1.5
      vertex -84.3 79.03 -1.5
      vertex -84.0656 81.4101 -1.5
    endloop
  endfacet
  facet normal 0 -0 -1
    outer loop
      vertex -84.3 79.03 -1.5
      vertex -80.6 77.03 -1.5
      vertex -84.4321 77.03 -1.5
    endloop
  endfacet
  facet normal 0 0 -1
    outer loop
      vertex 12.2875 19.6196 -1.5
      vertex 12.2875 20.3804 -1.5
      vertex 12.325 20 -1.5
    endloop
  endfacet
  facet normal 0 0 -1
    outer loop
      vertex 12.1766 19.2538 -1.5
      vertex 12.2875 20.3804 -1.5
      vertex 12.2875 19.6196 -1.5
    endloop
  endfacet
  facet normal 0 0 -1
    outer loop
      vertex 12.1766 19.2538 -1.5
      vertex 12.1766 20.7462 -1.5
      vertex 12.2875 20.3804 -1.5
    endloop
  endfacet
  facet normal 0 0 -1
    outer loop
      vertex 11.9964 18.9166 -1.5
      vertex 12.1766 20.7462 -1.5
      vertex 12.1766 19.2538 -1.5
    endloop
  endfacet
  facet normal 0 0 -1
    outer loop
      vertex 11.9964 18.9166 -1.5
      vertex 11.9964 21.0834 -1.5
      vertex 12.1766 20.7462 -1.5
    endloop
  endfacet
  facet normal 0 0 -1
    outer loop
      vertex 11.7539 18.6211 -1.5
      vertex 11.9964 21.0834 -1.5
      vertex 11.9964 18.9166 -1.5
    endloop
  endfacet
  facet normal 0 0 -1
    outer loop
      vertex 11.4584 18.3786 -1.5
      vertex 11.9964 21.0834 -1.5
      vertex 11.7539 18.6211 -1.5
    endloop
  endfacet
  facet normal 0 0 -1
    outer loop
      vertex 11.1212 18.1984 -1.5
      vertex 11.9964 21.0834 -1.5
      vertex 11.4584 18.3786 -1.5
    endloop
  endfacet
  facet normal 0 0 -1
    outer loop
      vertex -10.2223 40.204 -1.5
      vertex 11.9964 21.0834 -1.5
      vertex 11.1212 18.1984 -1.5
    endloop
  endfacet
  facet normal 0 0 -1
    outer loop
      vertex 11.9964 21.0834 -1.5
      vertex -8.27403 42.1523 -1.5
      vertex -4.11677 48.5301 -1.5
    endloop
  endfacet
  facet normal 0 0 -1
    outer loop
      vertex -4.11677 48.5301 -1.5
      vertex -8.06917 42.8277 -1.5
      vertex -8 43.53 -1.5
    endloop
  endfacet
  facet normal 0 0 -1
    outer loop
      vertex -4.11677 48.5301 -1.5
      vertex -8.27403 42.1523 -1.5
      vertex -8.06917 42.8277 -1.5
    endloop
  endfacet
  facet normal 0 0 -1
    outer loop
      vertex 11.9964 21.0834 -1.5
      vertex -8.60671 41.5299 -1.5
      vertex -8.27403 42.1523 -1.5
    endloop
  endfacet
  facet normal 0 0 -1
    outer loop
      vertex 11.9964 21.0834 -1.5
      vertex -9.05441 40.9844 -1.5
      vertex -8.60671 41.5299 -1.5
    endloop
  endfacet
  facet normal 0 0 -1
    outer loop
      vertex 11.9964 21.0834 -1.5
      vertex -9.59995 40.5367 -1.5
      vertex -9.05441 40.9844 -1.5
    endloop
  endfacet
  facet normal 0 0 -1
    outer loop
      vertex 11.9964 21.0834 -1.5
      vertex -10.2223 40.204 -1.5
      vertex -9.59995 40.5367 -1.5
    endloop
  endfacet
  facet normal 0 0 -1
    outer loop
      vertex 11.1212 18.1984 -1.5
      vertex -10.8977 39.9992 -1.5
      vertex -10.2223 40.204 -1.5
    endloop
  endfacet
  facet normal 0 0 -1
    outer loop
      vertex 11.1212 18.1984 -1.5
      vertex -11.6 39.93 -1.5
      vertex -10.8977 39.9992 -1.5
    endloop
  endfacet
  facet normal 0 0 -1
    outer loop
      vertex -28.0807 31.5054 -1.5
      vertex -11.6 39.93 -1.5
      vertex 11.1212 18.1984 -1.5
    endloop
  endfacet
  facet normal 0 -0 -1
    outer loop
      vertex -26.556 33.6665 -1.5
      vertex -11.6 39.93 -1.5
      vertex -28.0807 31.5054 -1.5
    endloop
  endfacet
  facet normal -0 0 -1
    outer loop
      vertex -11.6 39.93 -1.5
      vertex -26.556 33.6665 -1.5
      vertex -12.3023 39.9992 -1.5
    endloop
  endfacet
  facet normal -0 0 -1
    outer loop
      vertex -12.3023 39.9992 -1.5
      vertex -26.556 33.6665 -1.5
      vertex -12.9777 40.204 -1.5
    endloop
  endfacet
  facet normal 0 0 -1
    outer loop
      vertex -25.617 40.8886 -1.5
      vertex -15.2 43.53 -1.5
      vertex -15.1308 42.8277 -1.5
    endloop
  endfacet
  facet normal -0 0 -1
    outer loop
      vertex -14.926 42.1523 -1.5
      vertex -25.617 40.8886 -1.5
      vertex -15.1308 42.8277 -1.5
    endloop
  endfacet
  facet normal 0 0 -1
    outer loop
      vertex -25.617 40.8886 -1.5
      vertex -14.926 42.1523 -1.5
      vertex -25.3 38.45 -1.5
    endloop
  endfacet
  facet normal -0 0 -1
    outer loop
      vertex -14.5933 41.5299 -1.5
      vertex -25.3 38.45 -1.5
      vertex -14.926 42.1523 -1.5
    endloop
  endfacet
  facet normal -0 0 -1
    outer loop
      vertex -14.1456 40.9844 -1.5
      vertex -25.3 38.45 -1.5
      vertex -14.5933 41.5299 -1.5
    endloop
  endfacet
  facet normal 0 -0 -1
    outer loop
      vertex -25.617 36.0114 -1.5
      vertex -12.9777 40.204 -1.5
      vertex -26.556 33.6665 -1.5
    endloop
  endfacet
  facet normal 0 0 -1
    outer loop
      vertex -14.1456 40.9844 -1.5
      vertex -25.617 36.0114 -1.5
      vertex -25.3 38.45 -1.5
    endloop
  endfacet
  facet normal -0 0 -1
    outer loop
      vertex -13.6001 40.5367 -1.5
      vertex -25.617 36.0114 -1.5
      vertex -14.1456 40.9844 -1.5
    endloop
  endfacet
  facet normal 0 0 -1
    outer loop
      vertex -28.0807 31.5054 -1.5
      vertex 11.1212 18.1984 -1.5
      vertex -27.5538 3.17843 -1.5
    endloop
  endfacet
  facet normal 0 0 -1
    outer loop
      vertex -35.4857 26.9015 -1.5
      vertex -27.5538 3.17843 -1.5
      vertex -27.9196 3.06747 -1.5
    endloop
  endfacet
  facet normal -0 0 -1
    outer loop
      vertex -12.9777 40.204 -1.5
      vertex -25.617 36.0114 -1.5
      vertex -13.6001 40.5367 -1.5
    endloop
  endfacet
  facet normal 0 0 -1
    outer loop
      vertex -27.5538 3.17843 -1.5
      vertex -30.1327 29.6112 -1.5
      vertex -28.0807 31.5054 -1.5
    endloop
  endfacet
  facet normal 0 0 -1
    outer loop
      vertex -27.5538 3.17843 -1.5
      vertex -32.6331 28.0566 -1.5
      vertex -30.1327 29.6112 -1.5
    endloop
  endfacet
  facet normal 0 0 -1
    outer loop
      vertex -27.5538 3.17843 -1.5
      vertex -35.4857 26.9015 -1.5
      vertex -32.6331 28.0566 -1.5
    endloop
  endfacet
  facet normal 0 0 -1
    outer loop
      vertex -27.9196 3.06747 -1.5
      vertex -38.581 26.1902 -1.5
      vertex -35.4857 26.9015 -1.5
    endloop
  endfacet
  facet normal 0 0 -1
    outer loop
      vertex -27.9196 3.06747 -1.5
      vertex -41.8 25.95 -1.5
      vertex -38.581 26.1902 -1.5
    endloop
  endfacet
  facet normal 0 0 -1
    outer loop
      vertex -27.9196 3.06747 -1.5
      vertex -45.019 26.1902 -1.5
      vertex -41.8 25.95 -1.5
    endloop
  endfacet
  facet normal 0 0 -1
    outer loop
      vertex -69.05 8.03 -1.5
      vertex -45.019 26.1902 -1.5
      vertex -27.9196 3.06747 -1.5
    endloop
  endfacet
  facet normal -0 0 -1
    outer loop
      vertex -45.019 26.1902 -1.5
      vertex -69.05 8.03 -1.5
      vertex -48.1143 26.9015 -1.5
    endloop
  endfacet
  facet normal 0 -0 -1
    outer loop
      vertex -64.8322 20.7622 -1.5
      vertex -48.1143 26.9015 -1.5
      vertex -69.05 8.03 -1.5
    endloop
  endfacet
  facet normal -0 0 -1
    outer loop
      vertex -48.1143 26.9015 -1.5
      vertex -64.2903 21.5733 -1.5
      vertex -50.9669 28.0566 -1.5
    endloop
  endfacet
  facet normal -0 0 -1
    outer loop
      vertex -57.983 36.0114 -1.5
      vertex -64.1 22.53 -1.5
      vertex -58.3 38.45 -1.5
    endloop
  endfacet
  facet normal -0 0 -1
    outer loop
      vertex -57.044 33.6665 -1.5
      vertex -64.1 22.53 -1.5
      vertex -57.983 36.0114 -1.5
    endloop
  endfacet
  facet normal -0 0 -1
    outer loop
      vertex -55.5192 31.5054 -1.5
      vertex -64.1 22.53 -1.5
      vertex -57.044 33.6665 -1.5
    endloop
  endfacet
  facet normal 0 -0 -1
    outer loop
      vertex -64.1 22.53 -1.5
      vertex -50.9669 28.0566 -1.5
      vertex -64.148 22.0423 -1.5
    endloop
  endfacet
  facet normal -0 0 -1
    outer loop
      vertex -53.4673 29.6112 -1.5
      vertex -64.1 22.53 -1.5
      vertex -55.5192 31.5054 -1.5
    endloop
  endfacet
  facet normal -0 0 -1
    outer loop
      vertex -50.9669 28.0566 -1.5
      vertex -64.1 22.53 -1.5
      vertex -53.4673 29.6112 -1.5
    endloop
  endfacet
  facet normal 0 -0 -1
    outer loop
      vertex -64.148 22.0423 -1.5
      vertex -50.9669 28.0566 -1.5
      vertex -64.2903 21.5733 -1.5
    endloop
  endfacet
  facet normal 0 -0 -1
    outer loop
      vertex -64.2903 21.5733 -1.5
      vertex -48.1143 26.9015 -1.5
      vertex -64.5213 21.1411 -1.5
    endloop
  endfacet
  facet normal 0 0 -1
    outer loop
      vertex -48.1143 26.9015 -1.5
      vertex -64.8322 20.7622 -1.5
      vertex -64.5213 21.1411 -1.5
    endloop
  endfacet
  facet normal 0 0 -1
    outer loop
      vertex -69.1086 8.62502 -1.5
      vertex -64.8322 20.7622 -1.5
      vertex -69.05 8.03 -1.5
    endloop
  endfacet
  facet normal 0 0 -1
    outer loop
      vertex -64.8322 20.7622 -1.5
      vertex -69.1086 8.62502 -1.5
      vertex -65.2111 20.4513 -1.5
    endloop
  endfacet
  facet normal 0 0 -1
    outer loop
      vertex -69.2822 9.19718 -1.5
      vertex -65.2111 20.4513 -1.5
      vertex -69.1086 8.62502 -1.5
    endloop
  endfacet
  facet normal 0 0 -1
    outer loop
      vertex -65.2111 20.4513 -1.5
      vertex -69.2822 9.19718 -1.5
      vertex -65.6433 20.2203 -1.5
    endloop
  endfacet
  facet normal 0 0 -1
    outer loop
      vertex -27.9196 3.06747 -1.5
      vertex -69.1086 7.43497 -1.5
      vertex -69.05 8.03 -1.5
    endloop
  endfacet
  facet normal 0 0 -1
    outer loop
      vertex -27.9196 3.06747 -1.5
      vertex -69.2822 6.86281 -1.5
      vertex -69.1086 7.43497 -1.5
    endloop
  endfacet
  facet normal 0 0 -1
    outer loop
      vertex -69.7199 -3.93558 -1.5
      vertex -69.2822 6.86281 -1.5
      vertex -27.9196 3.06747 -1.5
    endloop
  endfacet
  facet normal 0 0 -1
    outer loop
      vertex -69.2822 6.86281 -1.5
      vertex -69.7199 -3.93558 -1.5
      vertex -69.564 6.33551 -1.5
    endloop
  endfacet
  facet normal 0 0 -1
    outer loop
      vertex -69.7199 -3.93558 -1.5
      vertex -69.9433 5.87332 -1.5
      vertex -69.564 6.33551 -1.5
    endloop
  endfacet
  facet normal 0 0 -1
    outer loop
      vertex -69.7199 -3.93558 -1.5
      vertex -70.4055 5.49402 -1.5
      vertex -69.9433 5.87332 -1.5
    endloop
  endfacet
  facet normal 0 0 -1
    outer loop
      vertex -69.7199 -3.93558 -1.5
      vertex -70.9328 5.21217 -1.5
      vertex -70.4055 5.49402 -1.5
    endloop
  endfacet
  facet normal 0 0 -1
    outer loop
      vertex -69.7199 -3.93558 -1.5
      vertex -71.505 5.0386 -1.5
      vertex -70.9328 5.21217 -1.5
    endloop
  endfacet
  facet normal 0 0 -1
    outer loop
      vertex -72.1 -4.17 -1.5
      vertex -71.505 5.0386 -1.5
      vertex -69.7199 -3.93558 -1.5
    endloop
  endfacet
  facet normal 0 0 -1
    outer loop
      vertex -72.1 -4.17 -1.5
      vertex -72.1 4.98 -1.5
      vertex -71.505 5.0386 -1.5
    endloop
  endfacet
  facet normal 0 0 -1
    outer loop
      vertex -72.1 -4.17 -1.5
      vertex -72.695 5.0386 -1.5
      vertex -72.1 4.98 -1.5
    endloop
  endfacet
  facet normal 0 0 -1
    outer loop
      vertex -74.4801 -3.93558 -1.5
      vertex -72.695 5.0386 -1.5
      vertex -72.1 -4.17 -1.5
    endloop
  endfacet
  facet normal -0 0 -1
    outer loop
      vertex -72.695 5.0386 -1.5
      vertex -74.4801 -3.93558 -1.5
      vertex -73.2672 5.21217 -1.5
    endloop
  endfacet
  facet normal 0 0 -1
    outer loop
      vertex -76.7687 -3.24133 -1.5
      vertex -73.2672 5.21217 -1.5
      vertex -74.4801 -3.93558 -1.5
    endloop
  endfacet
  facet normal -0 0 -1
    outer loop
      vertex -73.2672 5.21217 -1.5
      vertex -76.7687 -3.24133 -1.5
      vertex -73.7945 5.49402 -1.5
    endloop
  endfacet
  facet normal 0 0 -1
    outer loop
      vertex -78.878 -2.11393 -1.5
      vertex -73.7945 5.49402 -1.5
      vertex -76.7687 -3.24133 -1.5
    endloop
  endfacet
  facet normal -0 0 -1
    outer loop
      vertex -73.7945 5.49402 -1.5
      vertex -78.878 -2.11393 -1.5
      vertex -74.2567 5.87332 -1.5
    endloop
  endfacet
  facet normal 0 0 -1
    outer loop
      vertex -80.7267 -0.596703 -1.5
      vertex -74.2567 5.87332 -1.5
      vertex -78.878 -2.11393 -1.5
    endloop
  endfacet
  facet normal -0 0 -1
    outer loop
      vertex -74.2567 5.87332 -1.5
      vertex -80.7267 -0.596703 -1.5
      vertex -74.636 6.33551 -1.5
    endloop
  endfacet
  facet normal 0 0 -1
    outer loop
      vertex -82.2439 1.25204 -1.5
      vertex -74.636 6.33551 -1.5
      vertex -80.7267 -0.596703 -1.5
    endloop
  endfacet
  facet normal 0 0 -1
    outer loop
      vertex -8.06917 44.2323 -1.5
      vertex -4.11677 48.5301 -1.5
      vertex -8 43.53 -1.5
    endloop
  endfacet
  facet normal 0 0 -1
    outer loop
      vertex -8.27403 44.9077 -1.5
      vertex -4.11677 48.5301 -1.5
      vertex -8.06917 44.2323 -1.5
    endloop
  endfacet
  facet normal 0 0 -1
    outer loop
      vertex -8.60671 45.5301 -1.5
      vertex -4.11677 48.5301 -1.5
      vertex -8.27403 44.9077 -1.5
    endloop
  endfacet
  facet normal 0 0 -1
    outer loop
      vertex -9.05441 46.0756 -1.5
      vertex -4.11677 48.5301 -1.5
      vertex -8.60671 45.5301 -1.5
    endloop
  endfacet
  facet normal 0 0 -1
    outer loop
      vertex -9.59995 46.5233 -1.5
      vertex -4.11677 48.5301 -1.5
      vertex -9.05441 46.0756 -1.5
    endloop
  endfacet
  facet normal 0 0 -1
    outer loop
      vertex -10.2223 46.856 -1.5
      vertex -4.11677 48.5301 -1.5
      vertex -9.59995 46.5233 -1.5
    endloop
  endfacet
  facet normal 0 0 -1
    outer loop
      vertex -10.8977 47.0608 -1.5
      vertex -4.11677 48.5301 -1.5
      vertex -10.2223 46.856 -1.5
    endloop
  endfacet
  facet normal 0 0 -1
    outer loop
      vertex -11.6 47.13 -1.5
      vertex -4.11677 48.5301 -1.5
      vertex -10.8977 47.0608 -1.5
    endloop
  endfacet
  facet normal 0 0 -1
    outer loop
      vertex -25.1786 78.6834 -1.5
      vertex -11.6 47.13 -1.5
      vertex -12.3023 47.0608 -1.5
    endloop
  endfacet
  facet normal 0 0 -1
    outer loop
      vertex -11.6 47.13 -1.5
      vertex -25.1786 78.6834 -1.5
      vertex -4.11677 48.5301 -1.5
    endloop
  endfacet
  facet normal 0 0 -1
    outer loop
      vertex -12.9777 46.856 -1.5
      vertex -25.1786 78.6834 -1.5
      vertex -12.3023 47.0608 -1.5
    endloop
  endfacet
  facet normal 0 0 -1
    outer loop
      vertex -13.6001 46.5233 -1.5
      vertex -25.1786 78.6834 -1.5
      vertex -12.9777 46.856 -1.5
    endloop
  endfacet
  facet normal 0 0 -1
    outer loop
      vertex -14.1456 46.0756 -1.5
      vertex -25.1786 78.6834 -1.5
      vertex -13.6001 46.5233 -1.5
    endloop
  endfacet
  facet normal 0 0 -1
    outer loop
      vertex -14.5933 45.5301 -1.5
      vertex -25.1786 78.6834 -1.5
      vertex -14.1456 46.0756 -1.5
    endloop
  endfacet
  facet normal 0 0 -1
    outer loop
      vertex -14.926 44.9077 -1.5
      vertex -25.1786 78.6834 -1.5
      vertex -14.5933 45.5301 -1.5
    endloop
  endfacet
  facet normal 0 0 -1
    outer loop
      vertex -15.1308 44.2323 -1.5
      vertex -25.1786 78.6834 -1.5
      vertex -14.926 44.9077 -1.5
    endloop
  endfacet
  facet normal 0 0 -1
    outer loop
      vertex -25.1786 78.6834 -1.5
      vertex -15.1308 44.2323 -1.5
      vertex -15.2 43.53 -1.5
    endloop
  endfacet
  facet normal 0 0 -1
    outer loop
      vertex -15.2 43.53 -1.5
      vertex -25.617 40.8886 -1.5
      vertex -26.556 43.2335 -1.5
    endloop
  endfacet
  facet normal -0 0 -1
    outer loop
      vertex -15.2 43.53 -1.5
      vertex -26.556 43.2335 -1.5
      vertex -28.0807 45.3946 -1.5
    endloop
  endfacet
  facet normal 0 0 -1
    outer loop
      vertex -15.2 43.53 -1.5
      vertex -28.0807 45.3946 -1.5
      vertex -30.1327 47.2888 -1.5
    endloop
  endfacet
  facet normal 0 0 -1
    outer loop
      vertex -15.2 43.53 -1.5
      vertex -30.1327 47.2888 -1.5
      vertex -25.1786 78.6834 -1.5
    endloop
  endfacet
  facet normal 0 0 -1
    outer loop
      vertex -32.6331 48.8434 -1.5
      vertex -25.1786 78.6834 -1.5
      vertex -30.1327 47.2888 -1.5
    endloop
  endfacet
  facet normal 0 0 -1
    outer loop
      vertex -35.4857 49.9985 -1.5
      vertex -25.1786 78.6834 -1.5
      vertex -32.6331 48.8434 -1.5
    endloop
  endfacet
  facet normal 0 0 -1
    outer loop
      vertex -38.581 50.7098 -1.5
      vertex -25.1786 78.6834 -1.5
      vertex -35.4857 49.9985 -1.5
    endloop
  endfacet
  facet normal 0 0 -1
    outer loop
      vertex -25.1786 78.6834 -1.5
      vertex -26.4196 79.5125 -1.5
      vertex -25.4211 78.9789 -1.5
    endloop
  endfacet
  facet normal 0 0 -1
    outer loop
      vertex -25.4211 78.9789 -1.5
      vertex -26.4196 79.5125 -1.5
      vertex -25.7166 79.2214 -1.5
    endloop
  endfacet
  facet normal 0 0 -1
    outer loop
      vertex -25.7166 79.2214 -1.5
      vertex -26.4196 79.5125 -1.5
      vertex -26.0538 79.4016 -1.5
    endloop
  endfacet
  facet normal -0 0 -1
    outer loop
      vertex -25.1786 78.6834 -1.5
      vertex -38.581 50.7098 -1.5
      vertex -26.4196 79.5125 -1.5
    endloop
  endfacet
  facet normal 0 0 -1
    outer loop
      vertex -41.8 50.95 -1.5
      vertex -26.4196 79.5125 -1.5
      vertex -38.581 50.7098 -1.5
    endloop
  endfacet
  facet normal 0 0 -1
    outer loop
      vertex -45.019 50.7098 -1.5
      vertex -26.4196 79.5125 -1.5
      vertex -41.8 50.95 -1.5
    endloop
  endfacet
  facet normal 0 0 -1
    outer loop
      vertex -64.148 63.0177 -1.5
      vertex -45.019 50.7098 -1.5
      vertex -48.1143 49.9985 -1.5
    endloop
  endfacet
  facet normal 0 0 -1
    outer loop
      vertex -64.1 62.53 -1.5
      vertex -48.1143 49.9985 -1.5
      vertex -50.9669 48.8434 -1.5
    endloop
  endfacet
  facet normal 0 0 -1
    outer loop
      vertex -64.1 62.53 -1.5
      vertex -50.9669 48.8434 -1.5
      vertex -53.4673 47.2888 -1.5
    endloop
  endfacet
  facet normal 0 0 -1
    outer loop
      vertex -64.1 62.53 -1.5
      vertex -53.4673 47.2888 -1.5
      vertex -55.5192 45.3946 -1.5
    endloop
  endfacet
  facet normal 0 0 -1
    outer loop
      vertex -64.1 62.53 -1.5
      vertex -58.3 38.45 -1.5
      vertex -64.1 22.53 -1.5
    endloop
  endfacet
  facet normal 0 0 -1
    outer loop
      vertex -58.3 38.45 -1.5
      vertex -64.1 62.53 -1.5
      vertex -57.983 40.8886 -1.5
    endloop
  endfacet
  facet normal 0 0 -1
    outer loop
      vertex -64.1 62.53 -1.5
      vertex -57.044 43.2335 -1.5
      vertex -57.983 40.8886 -1.5
    endloop
  endfacet
  facet normal 0 0 -1
    outer loop
      vertex -64.1 62.53 -1.5
      vertex -55.5192 45.3946 -1.5
      vertex -57.044 43.2335 -1.5
    endloop
  endfacet
  facet normal 0 0 -1
    outer loop
      vertex -48.1143 49.9985 -1.5
      vertex -64.1 62.53 -1.5
      vertex -64.148 63.0177 -1.5
    endloop
  endfacet
  facet normal 0 0 -1
    outer loop
      vertex -45.019 50.7098 -1.5
      vertex -64.148 63.0177 -1.5
      vertex -64.2903 63.4867 -1.5
    endloop
  endfacet
  facet normal 0 0 -1
    outer loop
      vertex -45.019 50.7098 -1.5
      vertex -64.2903 63.4867 -1.5
      vertex -26.4196 79.5125 -1.5
    endloop
  endfacet
  facet normal 0 0 -1
    outer loop
      vertex -64.5213 63.9189 -1.5
      vertex -26.4196 79.5125 -1.5
      vertex -64.2903 63.4867 -1.5
    endloop
  endfacet
  facet normal 0 0 -1
    outer loop
      vertex -69.05 79.03 -1.5
      vertex -64.5213 63.9189 -1.5
      vertex -64.8322 64.2978 -1.5
    endloop
  endfacet
  facet normal 0 0 -1
    outer loop
      vertex -69.1086 78.435 -1.5
      vertex -64.8322 64.2978 -1.5
      vertex -65.2111 64.6087 -1.5
    endloop
  endfacet
  facet normal 0 0 -1
    outer loop
      vertex -69.1086 78.435 -1.5
      vertex -65.2111 64.6087 -1.5
      vertex -65.6433 64.8397 -1.5
    endloop
  endfacet
  facet normal 0 0 -1
    outer loop
      vertex -69.1086 78.435 -1.5
      vertex -65.6433 64.8397 -1.5
      vertex -66.1123 64.982 -1.5
    endloop
  endfacet
  facet normal 0 0 -1
    outer loop
      vertex -69.9433 76.8733 -1.5
      vertex -66.1123 64.982 -1.5
      vertex -66.6 65.03 -1.5
    endloop
  endfacet
  facet normal 0 0 -1
    outer loop
      vertex -64.5213 63.9189 -1.5
      vertex -69.05 79.03 -1.5
      vertex -26.4196 79.5125 -1.5
    endloop
  endfacet
  facet normal 0 0 -1
    outer loop
      vertex -69.1086 79.625 -1.5
      vertex -26.4196 79.5125 -1.5
      vertex -69.05 79.03 -1.5
    endloop
  endfacet
  facet normal 0 0 -1
    outer loop
      vertex -69.2822 80.1972 -1.5
      vertex -26.4196 79.5125 -1.5
      vertex -69.1086 79.625 -1.5
    endloop
  endfacet
  facet normal 0 0 -1
    outer loop
      vertex -69.7199 90.9956 -1.5
      vertex -69.2822 80.1972 -1.5
      vertex -69.564 80.7245 -1.5
    endloop
  endfacet
  facet normal 0 0 -1
    outer loop
      vertex -69.2822 80.1972 -1.5
      vertex -69.7199 90.9956 -1.5
      vertex -26.4196 79.5125 -1.5
    endloop
  endfacet
  facet normal 0 0 -1
    outer loop
      vertex -69.9433 81.1867 -1.5
      vertex -69.7199 90.9956 -1.5
      vertex -69.564 80.7245 -1.5
    endloop
  endfacet
  facet normal 0 0 -1
    outer loop
      vertex -70.4055 81.566 -1.5
      vertex -69.7199 90.9956 -1.5
      vertex -69.9433 81.1867 -1.5
    endloop
  endfacet
  facet normal 0 0 -1
    outer loop
      vertex -70.9328 81.8478 -1.5
      vertex -69.7199 90.9956 -1.5
      vertex -70.4055 81.566 -1.5
    endloop
  endfacet
  facet normal 0 0 -1
    outer loop
      vertex -71.505 82.0214 -1.5
      vertex -69.7199 90.9956 -1.5
      vertex -70.9328 81.8478 -1.5
    endloop
  endfacet
  facet normal 0 0 -1
    outer loop
      vertex -72.1 82.08 -1.5
      vertex -69.7199 90.9956 -1.5
      vertex -71.505 82.0214 -1.5
    endloop
  endfacet
  facet normal 0 0 -1
    outer loop
      vertex -72.1 82.08 -1.5
      vertex -72.1 91.23 -1.5
      vertex -69.7199 90.9956 -1.5
    endloop
  endfacet
  facet normal 0 0 -1
    outer loop
      vertex -72.695 82.0214 -1.5
      vertex -72.1 91.23 -1.5
      vertex -72.1 82.08 -1.5
    endloop
  endfacet
  facet normal 0 0 -1
    outer loop
      vertex -74.4801 90.9956 -1.5
      vertex -72.695 82.0214 -1.5
      vertex -73.2672 81.8478 -1.5
    endloop
  endfacet
  facet normal 0 0 -1
    outer loop
      vertex -76.7687 90.3013 -1.5
      vertex -73.2672 81.8478 -1.5
      vertex -73.7945 81.566 -1.5
    endloop
  endfacet
  facet normal 0 0 -1
    outer loop
      vertex -76.7687 90.3013 -1.5
      vertex -73.7945 81.566 -1.5
      vertex -74.2567 81.1867 -1.5
    endloop
  endfacet
  facet normal 0 0 -1
    outer loop
      vertex -72.695 82.0214 -1.5
      vertex -74.4801 90.9956 -1.5
      vertex -72.1 91.23 -1.5
    endloop
  endfacet
  facet normal 0 0 -1
    outer loop
      vertex -76.7687 90.3013 -1.5
      vertex -74.2567 81.1867 -1.5
      vertex -74.636 80.7245 -1.5
    endloop
  endfacet
  facet normal 0 0 -1
    outer loop
      vertex -76.7687 90.3013 -1.5
      vertex -74.636 80.7245 -1.5
      vertex -74.9178 80.1972 -1.5
    endloop
  endfacet
  facet normal 0 0 -1
    outer loop
      vertex -76.7687 90.3013 -1.5
      vertex -74.9178 80.1972 -1.5
      vertex -75.0914 79.625 -1.5
    endloop
  endfacet
  facet normal 0 0 -1
    outer loop
      vertex -76.7687 90.3013 -1.5
      vertex -75.0914 79.625 -1.5
      vertex -75.15 79.03 -1.5
    endloop
  endfacet
  facet normal 0 0 -1
    outer loop
      vertex -73.2672 81.8478 -1.5
      vertex -76.7687 90.3013 -1.5
      vertex -74.4801 90.9956 -1.5
    endloop
  endfacet
  facet normal 0 0 -1
    outer loop
      vertex -69.564 9.72449 -1.5
      vertex -65.6433 20.2203 -1.5
      vertex -69.2822 9.19718 -1.5
    endloop
  endfacet
  facet normal 0 0 -1
    outer loop
      vertex -65.6433 20.2203 -1.5
      vertex -69.564 9.72449 -1.5
      vertex -66.1123 20.078 -1.5
    endloop
  endfacet
  facet normal 0 0 -1
    outer loop
      vertex -69.9433 10.1867 -1.5
      vertex -66.1123 20.078 -1.5
      vertex -69.564 9.72449 -1.5
    endloop
  endfacet
  facet normal 0 0 -1
    outer loop
      vertex -66.1123 20.078 -1.5
      vertex -69.9433 10.1867 -1.5
      vertex -66.6 20.03 -1.5
    endloop
  endfacet
  facet normal 0 0 -1
    outer loop
      vertex -70.4055 10.566 -1.5
      vertex -66.6 20.03 -1.5
      vertex -69.9433 10.1867 -1.5
    endloop
  endfacet
  facet normal 0 0 -1
    outer loop
      vertex -70.9328 10.8478 -1.5
      vertex -66.6 20.03 -1.5
      vertex -70.4055 10.566 -1.5
    endloop
  endfacet
  facet normal 0 0 -1
    outer loop
      vertex -71.505 11.0214 -1.5
      vertex -66.6 20.03 -1.5
      vertex -70.9328 10.8478 -1.5
    endloop
  endfacet
  facet normal 0 0 -1
    outer loop
      vertex -72.1 11.08 -1.5
      vertex -66.6 20.03 -1.5
      vertex -71.505 11.0214 -1.5
    endloop
  endfacet
  facet normal 0 0 -1
    outer loop
      vertex -72.695 11.0214 -1.5
      vertex -66.6 20.03 -1.5
      vertex -72.1 11.08 -1.5
    endloop
  endfacet
  facet normal 0 0 -1
    outer loop
      vertex -73.2672 10.8478 -1.5
      vertex -66.6 20.03 -1.5
      vertex -72.695 11.0214 -1.5
    endloop
  endfacet
  facet normal 0 0 -1
    outer loop
      vertex -88.1625 19.6196 -1.5
      vertex -73.2672 10.8478 -1.5
      vertex -73.7945 10.566 -1.5
    endloop
  endfacet
  facet normal 0 0 -1
    outer loop
      vertex -88.1625 19.6196 -1.5
      vertex -73.7945 10.566 -1.5
      vertex -74.2567 10.1867 -1.5
    endloop
  endfacet
  facet normal 0 0 -1
    outer loop
      vertex -88.1625 19.6196 -1.5
      vertex -74.2567 10.1867 -1.5
      vertex -74.636 9.72449 -1.5
    endloop
  endfacet
  facet normal -0 0 -1
    outer loop
      vertex -74.636 6.33551 -1.5
      vertex -82.2439 1.25204 -1.5
      vertex -74.9178 6.86281 -1.5
    endloop
  endfacet
  facet normal 0 0 -1
    outer loop
      vertex -83.3713 3.36126 -1.5
      vertex -74.9178 6.86281 -1.5
      vertex -82.2439 1.25204 -1.5
    endloop
  endfacet
  facet normal -0 0 -1
    outer loop
      vertex -74.9178 6.86281 -1.5
      vertex -83.3713 3.36126 -1.5
      vertex -75.0914 7.43497 -1.5
    endloop
  endfacet
  facet normal 0 0 -1
    outer loop
      vertex -84.0656 5.6499 -1.5
      vertex -75.0914 7.43497 -1.5
      vertex -83.3713 3.36126 -1.5
    endloop
  endfacet
  facet normal -0 0 -1
    outer loop
      vertex -75.0914 7.43497 -1.5
      vertex -84.0656 5.6499 -1.5
      vertex -75.15 8.03 -1.5
    endloop
  endfacet
  facet normal -0 0 -1
    outer loop
      vertex -75.15 8.03 -1.5
      vertex -84.0656 5.6499 -1.5
      vertex -75.0914 8.62502 -1.5
    endloop
  endfacet
  facet normal -0 0 -1
    outer loop
      vertex -75.0914 8.62502 -1.5
      vertex -84.0656 5.6499 -1.5
      vertex -74.9178 9.19718 -1.5
    endloop
  endfacet
  facet normal -0 0 -1
    outer loop
      vertex -74.9178 9.19718 -1.5
      vertex -84.0656 5.6499 -1.5
      vertex -74.636 9.72449 -1.5
    endloop
  endfacet
  facet normal 0 0 -1
    outer loop
      vertex -88.1625 19.6196 -1.5
      vertex -74.636 9.72449 -1.5
      vertex -84.0656 5.6499 -1.5
    endloop
  endfacet
  facet normal 0 0 -1
    outer loop
      vertex -73.2672 10.8478 -1.5
      vertex -88.1625 19.6196 -1.5
      vertex -66.6 20.03 -1.5
    endloop
  endfacet
  facet normal 0 0 -1
    outer loop
      vertex -88.1625 19.6196 -1.5
      vertex -88.198 20.03 -1.5
      vertex -66.6 20.03 -1.5
    endloop
  endfacet
  facet normal 0 -0 -1
    outer loop
      vertex -88.198 20.03 -1.5
      vertex -88.1625 19.6196 -1.5
      vertex -88.2 20 -1.5
    endloop
  endfacet
  facet normal 0 -1 0
    outer loop
      vertex -59.5074 18.05 24.8712
      vertex -41.8 18.05 32.4
      vertex -59.8 18.05 24.9
    endloop
  endfacet
  facet normal 0 -1 0
    outer loop
      vertex -41.8 18.05 32.4
      vertex -60.0926 18.05 24.8712
      vertex -59.8 18.05 24.9
    endloop
  endfacet
  facet normal -0 -1 0
    outer loop
      vertex -60.0926 18.05 24.8712
      vertex -41.8 18.05 32.4
      vertex -60.374 18.05 24.7858
    endloop
  endfacet
  facet normal 0 -1 0
    outer loop
      vertex -41.8 18.05 32.4
      vertex -59.5074 18.05 24.8712
      vertex -50.8 18.05 25.35
    endloop
  endfacet
  facet normal 0 -1 0
    outer loop
      vertex -50.8 18.05 25.35
      vertex -59.5074 18.05 24.8712
      vertex -59.4127 18.05 24.8425
    endloop
  endfacet
  facet normal 0 -1 0
    outer loop
      vertex 10.739 18.05 0.66157
      vertex 10.7858 18.05 0.574024
      vertex 10.739 18.05 0.833449
    endloop
  endfacet
  facet normal 0 -1 0
    outer loop
      vertex 7.55746 18.05 18.4721
      vertex 10.5304 18.05 1.5
      vertex 10.6188 18.05 1.5
    endloop
  endfacet
  facet normal 0 -1 0
    outer loop
      vertex 5.90007 18.05 20.4916
      vertex 10.1764 18.05 1.5
      vertex 10.3575 18.05 1.5
    endloop
  endfacet
  facet normal -0.402514 0 0.915414
    outer loop
      vertex -60.374 21.95 24.7858
      vertex -44.0961 18.05 31.9433
      vertex -44.0961 21.95 31.9433
    endloop
  endfacet
  facet normal -0.402514 0 0.915414
    outer loop
      vertex -44.0961 18.05 31.9433
      vertex -60.374 21.95 24.7858
      vertex -60.374 18.05 24.7858
    endloop
  endfacet
  facet normal 0.0980305 0 0.995183
    outer loop
      vertex -41.8 21.95 32.4
      vertex -40.6295 18.05 32.2847
      vertex -40.6295 21.95 32.2847
    endloop
  endfacet
  facet normal 0.0980305 0 0.995183
    outer loop
      vertex -40.6295 18.05 32.2847
      vertex -41.8 21.95 32.4
      vertex -41.8 18.05 32.4
    endloop
  endfacet
  facet normal 0.956945 -0 0.290269
    outer loop
      vertex 7.55746 18.05 18.4721
      vertex 7.81353 21.95 17.6279
      vertex 7.55746 21.95 18.4721
    endloop
  endfacet
  facet normal 0.956945 0 0.290269
    outer loop
      vertex 7.81353 21.95 17.6279
      vertex 7.55746 18.05 18.4721
      vertex 7.81353 18.05 17.6279
    endloop
  endfacet
  facet normal 0.240386 0 0.970677
    outer loop
      vertex -40.6295 21.95 32.2847
      vertex 4.27791 18.05 21.1635
      vertex 4.27791 21.95 21.1635
    endloop
  endfacet
  facet normal 0.240386 0 0.970677
    outer loop
      vertex 4.27791 18.05 21.1635
      vertex -40.6295 21.95 32.2847
      vertex -40.6295 18.05 32.2847
    endloop
  endfacet
  facet normal 0.881921 -0 0.471397
    outer loop
      vertex 7.14161 18.05 19.2501
      vertex 7.55746 21.95 18.4721
      vertex 7.14161 21.95 19.2501
    endloop
  endfacet
  facet normal 0.881921 0 0.471397
    outer loop
      vertex 7.55746 21.95 18.4721
      vertex 7.14161 18.05 19.2501
      vertex 7.55746 18.05 18.4721
    endloop
  endfacet
  facet normal -0.471259 0 0.881995
    outer loop
      vertex -60.6334 21.95 24.6472
      vertex -60.374 18.05 24.7858
      vertex -60.374 21.95 24.7858
    endloop
  endfacet
  facet normal -0.471259 0 0.881995
    outer loop
      vertex -60.374 18.05 24.7858
      vertex -60.6334 21.95 24.6472
      vertex -60.6334 18.05 24.6472
    endloop
  endfacet
  facet normal 0 -1 0
    outer loop
      vertex 10.5203 18.05 1.5
      vertex 7.55746 18.05 18.4721
      vertex 7.14161 18.05 19.2501
    endloop
  endfacet
  facet normal 0 -1 0
    outer loop
      vertex 7.55746 18.05 18.4721
      vertex 10.5203 18.05 1.5
      vertex 10.5304 18.05 1.5
    endloop
  endfacet
  facet normal 0.471446 0 0.881895
    outer loop
      vertex 5.12208 21.95 20.9075
      vertex 5.90007 18.05 20.4916
      vertex 5.90007 21.95 20.4916
    endloop
  endfacet
  facet normal 0.471446 0 0.881895
    outer loop
      vertex 5.90007 18.05 20.4916
      vertex 5.12208 21.95 20.9075
      vertex 5.12208 18.05 20.9075
    endloop
  endfacet
  facet normal 0.290206 0 0.956964
    outer loop
      vertex 4.27791 21.95 21.1635
      vertex 5.12208 18.05 20.9075
      vertex 5.12208 21.95 20.9075
    endloop
  endfacet
  facet normal 0.290206 0 0.956964
    outer loop
      vertex 5.12208 18.05 20.9075
      vertex 4.27791 21.95 21.1635
      vertex 4.27791 18.05 21.1635
    endloop
  endfacet
  facet normal 0 -1 0
    outer loop
      vertex -25.0779 18.05 23.5575
      vertex -24.2999 18.05 23.1416
      vertex 5.12208 18.05 20.9075
    endloop
  endfacet
  facet normal 0 -1 0
    outer loop
      vertex -25.0779 18.05 23.5575
      vertex 4.27791 18.05 21.1635
      vertex -25.9221 18.05 23.8135
    endloop
  endfacet
  facet normal -0 -1 -0
    outer loop
      vertex 4.27791 18.05 21.1635
      vertex -25.0779 18.05 23.5575
      vertex 5.12208 18.05 20.9075
    endloop
  endfacet
  facet normal 0 -1 0
    outer loop
      vertex 10.6511 18.05 1.5
      vertex 7.81353 18.05 17.6279
      vertex 7.55746 18.05 18.4721
    endloop
  endfacet
  facet normal 0 -1 0
    outer loop
      vertex 7.81353 18.05 17.6279
      vertex 10.6511 18.05 1.5
      vertex 10.6582 18.05 1.5
    endloop
  endfacet
  facet normal 0 -1 0
    outer loop
      vertex 10.739 18.05 1.01764
      vertex 10.8712 18.05 0.292635
      vertex 10.739 18.05 1.04187
    endloop
  endfacet
  facet normal 0.995192 0 -0.0979429
    outer loop
      vertex 10.9 18.05 0
      vertex 10.8712 18.1013 -0.292635
      vertex 10.9 18.1125 0
    endloop
  endfacet
  facet normal 0.995192 0 -0.0979429
    outer loop
      vertex 10.8712 18.1013 -0.292635
      vertex 10.9 18.05 0
      vertex 10.8712 18.05 -0.292635
    endloop
  endfacet
  facet normal 0.995192 0 0.0979429
    outer loop
      vertex 10.9 18.05 0
      vertex 10.8712 18.1013 0.292635
      vertex 10.8712 18.05 0.292635
    endloop
  endfacet
  facet normal 0.995192 0 0.0979429
    outer loop
      vertex 10.8712 18.1013 0.292635
      vertex 10.9 18.05 0
      vertex 10.9 18.1125 0
    endloop
  endfacet
  facet normal 0.773005 -0 0.634399
    outer loop
      vertex 6.58198 18.05 19.932
      vertex 7.14161 21.95 19.2501
      vertex 6.58198 21.95 19.932
    endloop
  endfacet
  facet normal 0.773005 0 0.634399
    outer loop
      vertex 7.14161 21.95 19.2501
      vertex 6.58198 18.05 19.932
      vertex 7.14161 18.05 19.2501
    endloop
  endfacet
  facet normal 0 -1 0
    outer loop
      vertex 9.83463 18.05 1.5
      vertex 5.90007 18.05 20.4916
      vertex -24.2999 18.05 23.1416
    endloop
  endfacet
  facet normal 0 -1 0
    outer loop
      vertex 5.90007 18.05 20.4916
      vertex 9.83463 18.05 1.5
      vertex 10.1764 18.05 1.5
    endloop
  endfacet
  facet normal 0.634374 0 0.773027
    outer loop
      vertex 5.90007 21.95 20.4916
      vertex 6.58198 18.05 19.932
      vertex 6.58198 21.95 19.932
    endloop
  endfacet
  facet normal 0.634374 0 0.773027
    outer loop
      vertex 6.58198 18.05 19.932
      vertex 5.90007 21.95 20.4916
      vertex 5.90007 18.05 20.4916
    endloop
  endfacet
  facet normal 0 -1 0
    outer loop
      vertex 10.7858 18.05 0.574024
      vertex 10.739 18.05 1.01764
      vertex 10.739 18.05 0.833449
    endloop
  endfacet
  facet normal 0 -1 0
    outer loop
      vertex 10.739 18.05 1.01764
      vertex 10.7858 18.05 0.574024
      vertex 10.8712 18.05 0.292635
    endloop
  endfacet
  facet normal 0 -1 0
    outer loop
      vertex 7.55746 18.05 18.4721
      vertex 10.6188 18.05 1.5
      vertex 10.6511 18.05 1.5
    endloop
  endfacet
  facet normal 0 -1 0
    outer loop
      vertex -40.6295 18.05 32.2847
      vertex -32.8 18.05 25.35
      vertex -32.4196 18.05 25.3125
    endloop
  endfacet
  facet normal 0 -1 0
    outer loop
      vertex -40.6295 18.05 32.2847
      vertex -32.4196 18.05 25.3125
      vertex -25.9221 18.05 23.8135
    endloop
  endfacet
  facet normal 0 -1 0
    outer loop
      vertex -40.6295 18.05 32.2847
      vertex -25.9221 18.05 23.8135
      vertex 4.27791 18.05 21.1635
    endloop
  endfacet
  facet normal 0 -1 0
    outer loop
      vertex 10.3575 18.05 1.5
      vertex 6.58198 18.05 19.932
      vertex 5.90007 18.05 20.4916
    endloop
  endfacet
  facet normal 0 -1 0
    outer loop
      vertex 6.58198 18.05 19.932
      vertex 10.3575 18.05 1.5
      vertex 10.3704 18.05 1.5
    endloop
  endfacet
  facet normal 0 -1 0
    outer loop
      vertex -24.2999 18.05 23.1416
      vertex 5.90007 18.05 20.4916
      vertex 5.12208 18.05 20.9075
    endloop
  endfacet
  facet normal -0.290248 0 0.956951
    outer loop
      vertex -44.0961 21.95 31.9433
      vertex -42.9705 18.05 32.2847
      vertex -42.9705 21.95 32.2847
    endloop
  endfacet
  facet normal -0.290248 0 0.956951
    outer loop
      vertex -42.9705 18.05 32.2847
      vertex -44.0961 21.95 31.9433
      vertex -44.0961 18.05 31.9433
    endloop
  endfacet
  facet normal 0 -1 0
    outer loop
      vertex -60.374 18.05 24.7858
      vertex -41.8 18.05 32.4
      vertex -42.9705 18.05 32.2847
    endloop
  endfacet
  facet normal 0 -1 0
    outer loop
      vertex -60.374 18.05 24.7858
      vertex -42.9705 18.05 32.2847
      vertex -44.0961 18.05 31.9433
    endloop
  endfacet
  facet normal 0.819813 0.572632 0
    outer loop
      vertex -25.1786 78.6834 1.5
      vertex -10.4285 57.5663 0.214015
      vertex -25.1786 78.6834 -1.5
    endloop
  endfacet
  facet normal 0.819818 0.572624 0.000197088
    outer loop
      vertex -25.1786 78.6834 1.5
      vertex -10.3242 57.4169 0.431722
      vertex -10.4285 57.5663 0.214015
    endloop
  endfacet
  facet normal 0.819812 0.572633 -6.90945e-05
    outer loop
      vertex -7.75722 53.742 1.5
      vertex -10.3242 57.4169 0.431722
      vertex -25.1786 78.6834 1.5
    endloop
  endfacet
  facet normal 0.306008 -0.0624036 -0.949981
    outer loop
      vertex -7.75722 53.742 1.5
      vertex -6.23384 51.561 2.13398
      vertex -10.3242 57.4169 0.431722
    endloop
  endfacet
  facet normal 0.370283 0.411982 0.832563
    outer loop
      vertex -5.45639 50.448 2.33896
      vertex -5.13793 49.9921 2.42292
      vertex -6.23384 51.561 2.13398
    endloop
  endfacet
  facet normal 0.819812 0.572633 -0
    outer loop
      vertex -4.11677 48.5301 -1.5
      vertex -10.4285 57.5663 0.214015
      vertex -4.11677 48.5301 0
    endloop
  endfacet
  facet normal 0.819812 0.572632 9.19952e-06
    outer loop
      vertex -10.4285 57.5663 0.214015
      vertex -4.11677 48.5301 -1.5
      vertex -25.1786 78.6834 -1.5
    endloop
  endfacet
  facet normal 0.86251 0.50604 0.000225868
    outer loop
      vertex -0.965338 43.162 1.57172
      vertex -0.744151 42.7853 0.90539
      vertex -1.07155 43.343 1.64062
    endloop
  endfacet
  facet normal 0.862369 0.506281 4.33615e-05
    outer loop
      vertex -0.854787 42.9737 1.5
      vertex -0.744151 42.7853 0.90539
      vertex -0.965338 43.162 1.57172
    endloop
  endfacet
  facet normal 0.862452 0.50614 0.000103431
    outer loop
      vertex -0.854787 42.9737 1.5
      vertex -0.340986 42.0985 0
      vertex -0.744151 42.7853 0.90539
    endloop
  endfacet
  facet normal 0.862372 0.506275 -2.6482e-06
    outer loop
      vertex -0.340986 42.0985 0
      vertex -0.854787 42.9737 1.5
      vertex 11.9964 21.0834 1.5
    endloop
  endfacet
  facet normal 0 0 0
    outer loop
      vertex -0.340987 42.0985 -5.98293e-08
      vertex -0.340987 42.0985 -6.3706e-08
      vertex -0.340987 42.0985 -6.20334e-08
    endloop
  endfacet
  facet normal 0 0 0
    outer loop
      vertex -0.340987 42.0985 -5.98293e-08
      vertex -0.340987 42.0985 -6.46797e-08
      vertex -0.340987 42.0985 -6.3706e-08
    endloop
  endfacet
  facet normal 0 0 0
    outer loop
      vertex -0.340987 42.0985 -5.98293e-08
      vertex -0.340987 42.0985 -6.4849e-08
      vertex -0.340987 42.0985 -6.46797e-08
    endloop
  endfacet
  facet normal 0 1 0
    outer loop
      vertex -0.340987 42.0985 -6.4849e-08
      vertex -0.340987 42.0985 -5.98293e-08
      vertex -0.340986 42.0985 0
    endloop
  endfacet
  facet normal 0.862374 0.506272 0
    outer loop
      vertex -0.340987 42.0985 -6.4849e-08
      vertex -4.11677 48.5301 -1.5
      vertex -4.11677 48.5301 0
    endloop
  endfacet
  facet normal -0.0635198 0.191153 0.979503
    outer loop
      vertex -0.340986 42.0985 0
      vertex -4.11677 48.5301 -1.5
      vertex -0.340987 42.0985 -6.4849e-08
    endloop
  endfacet
  facet normal 0.862372 0.506275 -0
    outer loop
      vertex 11.9964 21.0834 -1.5
      vertex -0.340986 42.0985 0
      vertex 11.9964 21.0834 1.5
    endloop
  endfacet
  facet normal 0.862373 0.506274 1.36877e-05
    outer loop
      vertex -0.340986 42.0985 0
      vertex 11.9964 21.0834 -1.5
      vertex -4.11677 48.5301 -1.5
    endloop
  endfacet
  facet normal -0.468552 -0.142942 -0.871795
    outer loop
      vertex -2.27077 45.3857 2.21556
      vertex -2.9337 46.5149 2.38671
      vertex -3.2193 47.0014 2.46044
    endloop
  endfacet
  facet normal 0.468552 0.142942 0.871795
    outer loop
      vertex -3.2193 47.0014 2.46044
      vertex -2.9337 46.5149 2.38671
      vertex -2.27077 45.3857 2.21556
    endloop
  endfacet
  facet normal -0.547557 -0.05386 0.835033
    outer loop
      vertex -80.1062 79.03 2.25
      vertex -81.2207 78.7325 1.5
      vertex -80.0623 78.5837 2.25
    endloop
  endfacet
  facet normal -0.547542 -0.053926 0.835039
    outer loop
      vertex -81.2207 78.7325 1.5
      vertex -80.1062 79.03 2.25
      vertex -81.25 79.03 1.5
    endloop
  endfacet
  facet normal 0.259368 0.485234 0.83503
    outer loop
      vertex -69.0361 86.4268 2.25
      vertex -68.3348 87.3426 1.5
      vertex -68.5984 87.4835 1.5
    endloop
  endfacet
  facet normal 0.259413 0.485203 0.835034
    outer loop
      vertex -68.3348 87.3426 1.5
      vertex -69.0361 86.4268 2.25
      vertex -68.6407 86.2154 2.25
    endloop
  endfacet
  facet normal -0.547546 -0.0539399 0.835035
    outer loop
      vertex -80.0623 78.5837 2.25
      vertex -81.0742 77.2449 1.5
      vertex -79.9524 77.4681 2.25
    endloop
  endfacet
  facet normal -0.54756 -0.0539242 0.835027
    outer loop
      vertex -81.0742 77.2449 1.5
      vertex -80.0623 78.5837 2.25
      vertex -81.2207 78.7325 1.5
    endloop
  endfacet
  facet normal -0.547546 0.0539399 0.835035
    outer loop
      vertex -81.0742 80.8151 1.5
      vertex -80.0623 79.4763 2.25
      vertex -79.9524 80.5919 2.25
    endloop
  endfacet
  facet normal -0.54756 0.0539242 0.835027
    outer loop
      vertex -80.0623 79.4763 2.25
      vertex -81.0742 80.8151 1.5
      vertex -81.2207 79.3275 1.5
    endloop
  endfacet
  facet normal 0.376799 0.309205 0.873164
    outer loop
      vertex -5.57917 48.0516 3.30052
      vertex -4.11677 48.5301 2.5
      vertex -4.64597 49.2878 2.46005
    endloop
  endfacet
  facet normal 0.376771 0.30927 0.873153
    outer loop
      vertex -5.57917 48.0516 3.30052
      vertex -5.80941 47.3992 3.63095
      vertex -4.11677 48.5301 2.5
    endloop
  endfacet
  facet normal 0.376778 0.309267 0.873151
    outer loop
      vertex -5.91148 48.0818 3.43322
      vertex -5.80941 47.3992 3.63095
      vertex -5.57917 48.0516 3.30052
    endloop
  endfacet
  facet normal 0.376771 0.309267 0.873154
    outer loop
      vertex -5.80941 47.3992 3.63095
      vertex -5.91148 48.0818 3.43322
      vertex -6.13364 47.7942 3.63095
    endloop
  endfacet
  facet normal 0.159734 0.526497 0.835036
    outer loop
      vertex -70.5381 86.8824 2.25
      vertex -70.0288 87.9174 1.5
      vertex -70.3149 88.0042 1.5
    endloop
  endfacet
  facet normal 0.159718 0.526504 0.835035
    outer loop
      vertex -70.0288 87.9174 1.5
      vertex -70.5381 86.8824 2.25
      vertex -70.1089 86.7522 2.25
    endloop
  endfacet
  facet normal -0.52651 0.159713 0.835032
    outer loop
      vertex -81.0742 80.8151 1.5
      vertex -79.627 81.6647 2.25
      vertex -80.6403 82.2455 1.5
    endloop
  endfacet
  facet normal -0.526505 0.159699 0.835038
    outer loop
      vertex -79.627 81.6647 2.25
      vertex -81.0742 80.8151 1.5
      vertex -79.9524 80.5919 2.25
    endloop
  endfacet
  facet normal -0.259376 0.485231 0.83503
    outer loop
      vertex -75.6016 87.4835 1.5
      vertex -76.1526 85.8983 2.25
      vertex -75.1639 86.4268 2.25
    endloop
  endfacet
  facet normal -0.259363 0.485229 0.835035
    outer loop
      vertex -76.1526 85.8983 2.25
      vertex -75.6016 87.4835 1.5
      vertex -76.9198 86.7789 1.5
    endloop
  endfacet
  facet normal 0.466435 0.141504 0.873164
    outer loop
      vertex -2.9337 46.5149 2.38671
      vertex -3.99001 45.9095 3.04909
      vertex -3.60918 45.9642 2.83679
    endloop
  endfacet
  facet normal 0.466441 0.141495 0.873162
    outer loop
      vertex -3.60918 45.9642 2.83679
      vertex -2.27077 45.3857 2.21556
      vertex -2.9337 46.5149 2.38671
    endloop
  endfacet
  facet normal 0.466442 0.1415 0.873161
    outer loop
      vertex -2.27077 45.3857 2.21556
      vertex -3.60918 45.9642 2.83679
      vertex -4.46816 44.9486 3.46024
    endloop
  endfacet
  facet normal 0.159711 0.526505 0.835036
    outer loop
      vertex -70.1089 86.7522 2.25
      vertex -68.5984 87.4835 1.5
      vertex -70.0288 87.9174 1.5
    endloop
  endfacet
  facet normal 0.159702 0.526517 0.83503
    outer loop
      vertex -68.5984 87.4835 1.5
      vertex -70.1089 86.7522 2.25
      vertex -69.0361 86.4268 2.25
    endloop
  endfacet
  facet normal 0.46644 0.141494 0.873163
    outer loop
      vertex -3.2193 47.0014 2.46044
      vertex -3.99001 45.9095 3.04909
      vertex -2.9337 46.5149 2.38671
    endloop
  endfacet
  facet normal 0.466449 0.141486 0.873159
    outer loop
      vertex -5.16584 46.1951 3.63095
      vertex -3.99001 45.9095 3.04909
      vertex -3.2193 47.0014 2.46044
    endloop
  endfacet
  facet normal 0.466455 0.141531 0.873149
    outer loop
      vertex -3.99001 45.9095 3.04909
      vertex -5.16584 46.1951 3.63095
      vertex -5.08419 45.926 3.63095
    endloop
  endfacet
  facet normal -0.485229 0.259363 0.835035
    outer loop
      vertex -80.5535 82.5316 1.5
      vertex -78.9683 83.0826 2.25
      vertex -79.8489 83.8498 1.5
    endloop
  endfacet
  facet normal -0.485231 0.259376 0.83503
    outer loop
      vertex -78.9683 83.0826 2.25
      vertex -80.5535 82.5316 1.5
      vertex -79.4968 82.0939 2.25
    endloop
  endfacet
  facet normal -0.425325 0.349051 0.835022
    outer loop
      vertex -79.7079 84.1135 1.5
      vertex -78.0458 84.3446 2.25
      vertex -78.7597 85.2689 1.5
    endloop
  endfacet
  facet normal -0.425325 0.349055 0.835021
    outer loop
      vertex -78.0458 84.3446 2.25
      vertex -79.7079 84.1135 1.5
      vertex -78.757 83.478 2.25
    endloop
  endfacet
  facet normal 0.429873 0.229796 0.873157
    outer loop
      vertex -5.80941 47.3992 3.63095
      vertex -3.82151 48.0272 2.48699
      vertex -4.11677 48.5301 2.5
    endloop
  endfacet
  facet normal 0.429882 0.229771 0.873159
    outer loop
      vertex -3.82151 48.0272 2.48699
      vertex -5.80941 47.3992 3.63095
      vertex -5.35819 46.6882 3.5959
    endloop
  endfacet
  facet normal 0.429762 0.229691 0.873239
    outer loop
      vertex -5.35819 46.6882 3.5959
      vertex -5.80941 47.3992 3.63095
      vertex -5.46169 46.7486 3.63095
    endloop
  endfacet
  facet normal -0.485085 -0.047761 -0.873161
    outer loop
      vertex -4.46816 44.9486 3.46024
      vertex -4.27147 44.9877 3.34883
      vertex -1.69965 44.4128 1.9515
    endloop
  endfacet
  facet normal 0.485087 0.0477706 0.87316
    outer loop
      vertex -4.46816 44.9486 3.46024
      vertex -1.69965 44.4128 1.9515
      vertex -2.27077 45.3857 2.21556
    endloop
  endfacet
  facet normal -0.259321 0.485261 0.835029
    outer loop
      vertex -76.9198 86.7789 1.5
      vertex -76.548 85.687 2.25
      vertex -76.1526 85.8983 2.25
    endloop
  endfacet
  facet normal -0.259443 0.485213 0.83502
    outer loop
      vertex -76.548 85.687 2.25
      vertex -76.9198 86.7789 1.5
      vertex -77.1835 86.6379 1.5
    endloop
  endfacet
  facet normal -0.526504 0.159736 0.835031
    outer loop
      vertex -80.6403 82.2455 1.5
      vertex -79.4968 82.0939 2.25
      vertex -80.5535 82.5316 1.5
    endloop
  endfacet
  facet normal -0.526507 0.159719 0.835033
    outer loop
      vertex -79.4968 82.0939 2.25
      vertex -80.6403 82.2455 1.5
      vertex -79.627 81.6647 2.25
    endloop
  endfacet
  facet normal -0.250894 -0.416294 0.873929
    outer loop
      vertex -65.5037 69.7187 4.5
      vertex -57.6282 62.0785 3.12156
      vertex -56.7915 64.468 4.5
    endloop
  endfacet
  facet normal -0.250939 -0.416335 0.873897
    outer loop
      vertex -65.8478 69.673 4.37942
      vertex -57.6282 62.0785 3.12156
      vertex -65.5037 69.7187 4.5
    endloop
  endfacet
  facet normal -0.250883 -0.416282 0.873938
    outer loop
      vertex -57.6282 62.0785 3.12156
      vertex -65.8478 69.673 4.37942
      vertex -67.4108 69.6382 3.91415
    endloop
  endfacet
  facet normal -0.250893 -0.416314 0.873919
    outer loop
      vertex -30.1327 47.2888 3.97009
      vertex -27.7816 46.158 4.10638
      vertex -27.3897 46.7481 4.5
    endloop
  endfacet
  facet normal -0.250858 -0.416238 0.873966
    outer loop
      vertex -30.1327 47.2888 3.97009
      vertex -27.9257 45.8739 3.92971
      vertex -27.8552 46.0473 4.03253
    endloop
  endfacet
  facet normal -0.250923 -0.416337 0.8739
    outer loop
      vertex -27.9257 45.8739 3.92971
      vertex -30.1327 47.2888 3.97009
      vertex -28.1098 45.4215 3.66132
    endloop
  endfacet
  facet normal -0.250863 -0.416246 0.87396
    outer loop
      vertex -27.7816 46.158 4.10638
      vertex -30.1327 47.2888 3.97009
      vertex -27.8552 46.0473 4.03253
    endloop
  endfacet
  facet normal -0.250889 -0.416277 0.873938
    outer loop
      vertex -27.3897 46.7481 4.5
      vertex -32.6331 48.8434 3.99277
      vertex -30.1327 47.2888 3.97009
    endloop
  endfacet
  facet normal -0.250899 -0.416304 0.873923
    outer loop
      vertex -50.0136 60.3831 4.5
      vertex -32.6331 48.8434 3.99277
      vertex -27.3897 46.7481 4.5
    endloop
  endfacet
  facet normal -0.250886 -0.416286 0.873935
    outer loop
      vertex -32.6331 48.8434 3.99277
      vertex -50.0136 60.3831 4.5
      vertex -35.4857 49.9985 3.72407
    endloop
  endfacet
  facet normal -0.250886 -0.416285 0.873935
    outer loop
      vertex -50.0136 60.3831 4.5
      vertex -38.581 50.7098 3.1743
      vertex -35.4857 49.9985 3.72407
    endloop
  endfacet
  facet normal -0.25089 -0.41629 0.873932
    outer loop
      vertex -50.0136 60.3831 4.5
      vertex -41.8 50.95 2.3646
      vertex -38.581 50.7098 3.1743
    endloop
  endfacet
  facet normal -0.250892 -0.416291 0.873931
    outer loop
      vertex -50.0136 60.3831 4.5
      vertex -43.1018 50.8529 1.94462
      vertex -41.8 50.95 2.3646
    endloop
  endfacet
  facet normal -0.250892 -0.416291 0.873931
    outer loop
      vertex -43.1018 50.8529 1.94462
      vertex -50.0136 60.3831 4.5
      vertex -51.4252 57.285 2.61899
    endloop
  endfacet
  facet normal -0.349026 -0.425333 0.835029
    outer loop
      vertex -77.4146 71.6117 1.5
      vertex -76.548 72.373 2.25
      vertex -76.8947 72.6575 2.25
    endloop
  endfacet
  facet normal -0.348986 -0.425373 0.835025
    outer loop
      vertex -76.548 72.373 2.25
      vertex -77.4146 71.6117 1.5
      vertex -77.1835 71.4221 1.5
    endloop
  endfacet
  facet normal -0.348986 0.425373 0.835025
    outer loop
      vertex -77.4146 86.4483 1.5
      vertex -76.548 85.687 2.25
      vertex -77.1835 86.6379 1.5
    endloop
  endfacet
  facet normal -0.349026 0.425333 0.835029
    outer loop
      vertex -76.548 85.687 2.25
      vertex -77.4146 86.4483 1.5
      vertex -76.8947 85.4025 2.25
    endloop
  endfacet
  facet normal 0.259374 0.485217 0.835039
    outer loop
      vertex -68.6407 86.2154 2.25
      vertex -67.0165 86.6379 1.5
      vertex -68.3348 87.3426 1.5
    endloop
  endfacet
  facet normal 0.259348 0.485272 0.835015
    outer loop
      vertex -67.0165 86.6379 1.5
      vertex -68.6407 86.2154 2.25
      vertex -67.652 85.687 2.25
    endloop
  endfacet
  facet normal 0.264254 0.48217 0.835274
    outer loop
      vertex -34.6819 68.9169 1.5
      vertex -53.5282 75.9577 3.398
      vertex -35.1811 68.0875 2.13671
    endloop
  endfacet
  facet normal 0.264258 0.482182 0.835266
    outer loop
      vertex -34.6819 68.9169 1.5
      vertex -54.8771 78.1276 2.57212
      vertex -53.5282 75.9577 3.398
    endloop
  endfacet
  facet normal 0.262312 0.477535 0.838542
    outer loop
      vertex -34.6819 68.9169 1.5
      vertex -54.8855 78.1398 2.5678
      vertex -54.8771 78.1276 2.57212
    endloop
  endfacet
  facet normal 0.264264 0.48219 0.835259
    outer loop
      vertex -34.6819 68.9169 1.5
      vertex -55.1482 78.4796 2.45475
      vertex -54.8855 78.1398 2.5678
    endloop
  endfacet
  facet normal 0.26664 0.487669 0.831313
    outer loop
      vertex -34.6819 68.9169 1.5
      vertex -55.1584 78.4892 2.45239
      vertex -55.1482 78.4796 2.45475
    endloop
  endfacet
  facet normal 0.264184 0.48201 0.835388
    outer loop
      vertex -34.6819 68.9169 1.5
      vertex -55.4572 78.7507 2.396
      vertex -55.1584 78.4892 2.45239
    endloop
  endfacet
  facet normal 0.264384 0.482462 0.835064
    outer loop
      vertex -34.6819 68.9169 1.5
      vertex -55.4687 78.7583 2.39525
      vertex -55.4572 78.7507 2.396
    endloop
  endfacet
  facet normal 0.264258 0.482179 0.835267
    outer loop
      vertex -67.0165 86.6379 1.5
      vertex -55.4687 78.7583 2.39525
      vertex -34.6819 68.9169 1.5
    endloop
  endfacet
  facet normal 0.264235 0.48212 0.835309
    outer loop
      vertex -57.6784 77.9296 3.57272
      vertex -61.5391 79.3941 3.94871
      vertex -57.739 77.764 3.68747
    endloop
  endfacet
  facet normal 0.26453 0.483061 0.834671
    outer loop
      vertex -57.6666 77.9517 3.55619
      vertex -61.5391 79.3941 3.94871
      vertex -57.6784 77.9296 3.57272
    endloop
  endfacet
  facet normal 0.264266 0.482193 0.835256
    outer loop
      vertex -57.4625 78.3105 3.28448
      vertex -61.5391 79.3941 3.94871
      vertex -57.6666 77.9517 3.55619
    endloop
  endfacet
  facet normal 0.264261 0.482161 0.835276
    outer loop
      vertex -57.2079 78.6067 3.03295
      vertex -61.5391 79.3941 3.94871
      vertex -57.4625 78.3105 3.28448
    endloop
  endfacet
  facet normal 0.264176 0.480655 0.836171
    outer loop
      vertex -57.1944 78.622 3.01989
      vertex -61.5391 79.3941 3.94871
      vertex -57.2079 78.6067 3.03295
    endloop
  endfacet
  facet normal 0.264219 0.481498 0.835672
    outer loop
      vertex -57.1777 78.6346 3.00735
      vertex -61.5391 79.3941 3.94871
      vertex -57.1944 78.622 3.01989
    endloop
  endfacet
  facet normal 0.264255 0.48227 0.835216
    outer loop
      vertex -56.8856 78.8493 2.79096
      vertex -61.5391 79.3941 3.94871
      vertex -57.1777 78.6346 3.00735
    endloop
  endfacet
  facet normal 0.264451 0.482831 0.834829
    outer loop
      vertex -62.5526 80.9291 3.38324
      vertex -56.8856 78.8493 2.79096
      vertex -56.8688 78.8577 2.78078
    endloop
  endfacet
  facet normal 0.264244 0.482125 0.835303
    outer loop
      vertex -62.5526 80.9291 3.38324
      vertex -56.8688 78.8577 2.78078
      vertex -56.5489 78.9817 2.60801
    endloop
  endfacet
  facet normal 0.263723 0.479957 0.836715
    outer loop
      vertex -62.5526 80.9291 3.38324
      vertex -56.5489 78.9817 2.60801
      vertex -56.5328 78.9868 2.60001
    endloop
  endfacet
  facet normal 0.264267 0.482242 0.835228
    outer loop
      vertex -62.5526 80.9291 3.38324
      vertex -56.5328 78.9868 2.60001
      vertex -56.5158 78.9894 2.59313
    endloop
  endfacet
  facet normal 0.264345 0.482391 0.835117
    outer loop
      vertex -63.6015 82.2215 2.96904
      vertex -56.5158 78.9894 2.59313
      vertex -56.1829 79.0151 2.47291
    endloop
  endfacet
  facet normal 0.262187 0.477173 0.838787
    outer loop
      vertex -63.8012 82.4675 2.89021
      vertex -56.1829 79.0151 2.47291
      vertex -56.1673 79.0153 2.46792
    endloop
  endfacet
  facet normal 0.264257 0.482178 0.835268
    outer loop
      vertex -56.8856 78.8493 2.79096
      vertex -62.5526 80.9291 3.38324
      vertex -61.5391 79.3941 3.94871
    endloop
  endfacet
  facet normal 0.266761 0.487905 0.831136
    outer loop
      vertex -64.0539 82.7229 2.82271
      vertex -56.1673 79.0153 2.46792
      vertex -56.1519 79.0132 2.46421
    endloop
  endfacet
  facet normal 0.264137 0.482018 0.835398
    outer loop
      vertex -67.0165 86.6379 1.5
      vertex -56.1519 79.0132 2.46421
      vertex -55.8182 78.9393 2.40134
    endloop
  endfacet
  facet normal 0.266518 0.485178 0.832809
    outer loop
      vertex -67.0165 86.6379 1.5
      vertex -55.8182 78.9393 2.40134
      vertex -55.8042 78.9353 2.39919
    endloop
  endfacet
  facet normal 0.264247 0.482159 0.835282
    outer loop
      vertex -56.5158 78.9894 2.59313
      vertex -63.6015 82.2215 2.96904
      vertex -62.5526 80.9291 3.38324
    endloop
  endfacet
  facet normal 0.264265 0.482184 0.835262
    outer loop
      vertex -56.1829 79.0151 2.47291
      vertex -63.8012 82.4675 2.89021
      vertex -63.6015 82.2215 2.96904
    endloop
  endfacet
  facet normal 0.264276 0.482227 0.835234
    outer loop
      vertex -56.1673 79.0153 2.46792
      vertex -64.0539 82.7229 2.82271
      vertex -63.8012 82.4675 2.89021
    endloop
  endfacet
  facet normal 0.25948 0.475819 0.840397
    outer loop
      vertex -67.0165 86.6379 1.5
      vertex -55.8042 78.9353 2.39919
      vertex -55.7912 78.9295 2.39846
    endloop
  endfacet
  facet normal 0.264258 0.482174 0.83527
    outer loop
      vertex -56.1519 79.0132 2.46421
      vertex -67.0165 86.6379 1.5
      vertex -64.0539 82.7229 2.82271
    endloop
  endfacet
  facet normal 0.26433 0.482275 0.835189
    outer loop
      vertex -55.4687 78.7583 2.39525
      vertex -67.0165 86.6379 1.5
      vertex -55.7912 78.9295 2.39846
    endloop
  endfacet
  facet normal 0.264186 0.482135 0.835316
    outer loop
      vertex -64.0539 82.7229 2.82271
      vertex -67.0165 86.6379 1.5
      vertex -65.0565 83.7363 2.55488
    endloop
  endfacet
  facet normal 0.264307 0.482191 0.835245
    outer loop
      vertex -65.0565 83.7363 2.55488
      vertex -67.0165 86.6379 1.5
      vertex -66.0119 84.529 2.39958
    endloop
  endfacet
  facet normal 0.264171 0.482154 0.835309
    outer loop
      vertex -66.0119 84.529 2.39958
      vertex -67.0165 86.6379 1.5
      vertex -66.3339 84.7961 2.34724
    endloop
  endfacet
  facet normal 0.26431 0.482178 0.835251
    outer loop
      vertex -66.3339 84.7961 2.34724
      vertex -67.0165 86.6379 1.5
      vertex -66.6987 85.0427 2.32032
    endloop
  endfacet
  facet normal 0.264273 0.482177 0.835263
    outer loop
      vertex -66.6987 85.0427 2.32032
      vertex -67.0165 86.6379 1.5
      vertex -67.652 85.687 2.25
    endloop
  endfacet
  facet normal 0.264631 0.482814 0.834782
    outer loop
      vertex -25.9193 64.1145 1.5
      vertex -26.3247 64.3367 1.5
      vertex -26.3149 64.2843 1.5272
    endloop
  endfacet
  facet normal -0.0538857 0.547544 0.83504
    outer loop
      vertex -72.1 88.18 1.5
      vertex -73.2157 86.9264 2.25
      vertex -72.1 87.0362 2.25
    endloop
  endfacet
  facet normal -0.0539249 0.547567 0.835022
    outer loop
      vertex -73.2157 86.9264 2.25
      vertex -72.1 88.18 1.5
      vertex -73.5876 88.0335 1.5
    endloop
  endfacet
  facet normal 0.241305 0.422502 0.87365
    outer loop
      vertex -8.93138 49.9726 3.64721
      vertex -6.23384 51.561 2.13398
      vertex -7.75722 53.742 1.5
    endloop
  endfacet
  facet normal 0.24132 0.422498 0.873647
    outer loop
      vertex -6.23384 51.561 2.13398
      vertex -8.43948 49.7055 3.64055
      vertex -7.73085 49.3206 3.63095
    endloop
  endfacet
  facet normal 0.241271 0.422548 0.873637
    outer loop
      vertex -6.23384 51.561 2.13398
      vertex -8.93138 49.9726 3.64721
      vertex -8.43948 49.7055 3.64055
    endloop
  endfacet
  facet normal 0.241326 0.422494 0.873648
    outer loop
      vertex -7.75722 53.742 1.5
      vertex -9.70165 50.2518 3.72496
      vertex -8.93138 49.9726 3.64721
    endloop
  endfacet
  facet normal 0.241284 0.422518 0.873648
    outer loop
      vertex -7.75722 53.742 1.5
      vertex -10.2252 50.4415 3.77781
      vertex -9.70165 50.2518 3.72496
    endloop
  endfacet
  facet normal 0.241268 0.422529 0.873647
    outer loop
      vertex -7.75722 53.742 1.5
      vertex -10.7545 50.5471 3.87291
      vertex -10.2252 50.4415 3.77781
    endloop
  endfacet
  facet normal 0.24129 0.42251 0.87365
    outer loop
      vertex -7.75722 53.742 1.5
      vertex -11.6 50.7158 4.02484
      vertex -10.7545 50.5471 3.87291
    endloop
  endfacet
  facet normal 0.241311 0.422488 0.873655
    outer loop
      vertex -7.75722 53.742 1.5
      vertex -12.516 50.7568 4.25802
      vertex -11.6 50.7158 4.02484
    endloop
  endfacet
  facet normal 0.241301 0.422501 0.873651
    outer loop
      vertex -15.5291 52.5978 4.19992
      vertex -12.516 50.7568 4.25802
      vertex -7.75722 53.742 1.5
    endloop
  endfacet
  facet normal 0.241286 0.422476 0.873667
    outer loop
      vertex -12.516 50.7568 4.25802
      vertex -15.5291 52.5978 4.19992
      vertex -13.0422 50.7803 4.39198
    endloop
  endfacet
  facet normal 0.241308 0.422505 0.873648
    outer loop
      vertex -13.0422 50.7803 4.39198
      vertex -15.5291 52.5978 4.19992
      vertex -13.3699 50.7441 4.5
    endloop
  endfacet
  facet normal 0.241298 0.422512 0.873647
    outer loop
      vertex -7.75722 53.742 1.5
      vertex -17.3892 56.5575 2.79869
      vertex -15.5291 52.5978 4.19992
    endloop
  endfacet
  facet normal 0.241341 0.422587 0.873599
    outer loop
      vertex -20.4875 55.0612 4.37807
      vertex -24.9297 57.3461 4.5
      vertex -20.6508 54.9024 4.5
    endloop
  endfacet
  facet normal 0.241307 0.422517 0.873642
    outer loop
      vertex -20.1181 55.2787 4.17085
      vertex -24.9297 57.3461 4.5
      vertex -20.4875 55.0612 4.37807
    endloop
  endfacet
  facet normal 0.241302 0.422504 0.87365
    outer loop
      vertex -17.3892 56.5575 2.79869
      vertex -24.9297 57.3461 4.5
      vertex -20.1181 55.2787 4.17085
    endloop
  endfacet
  facet normal 0.241297 0.422507 0.873649
    outer loop
      vertex -25.9193 64.1145 1.5
      vertex -17.3892 56.5575 2.79869
      vertex -7.75722 53.742 1.5
    endloop
  endfacet
  facet normal 0.241302 0.422512 0.873646
    outer loop
      vertex -25.9193 64.1145 1.5
      vertex -24.9297 57.3461 4.5
      vertex -17.3892 56.5575 2.79869
    endloop
  endfacet
  facet normal 0.241419 0.422514 0.873613
    outer loop
      vertex -24.9297 57.3461 4.5
      vertex -25.9193 64.1145 1.5
      vertex -26.3149 64.2843 1.5272
    endloop
  endfacet
  facet normal 0.241287 0.422482 0.873664
    outer loop
      vertex -13.3699 50.7441 4.5
      vertex -15.5291 52.5978 4.19992
      vertex -17.08 52.863 4.5
    endloop
  endfacet
  facet normal 0.241283 0.422425 0.873693
    outer loop
      vertex -57.9442 77.1031 4.06378
      vertex -60.7815 77.8215 4.5
      vertex -57.9855 76.6793 4.28009
    endloop
  endfacet
  facet normal 0.241301 0.422527 0.873639
    outer loop
      vertex -57.8417 77.5139 3.83679
      vertex -60.7815 77.8215 4.5
      vertex -57.9442 77.1031 4.06378
    endloop
  endfacet
  facet normal 0.241297 0.423249 0.87329
    outer loop
      vertex -57.8349 77.5386 3.82294
      vertex -60.7815 77.8215 4.5
      vertex -57.8417 77.5139 3.83679
    endloop
  endfacet
  facet normal 0.241309 0.422432 0.873682
    outer loop
      vertex -57.739 77.764 3.68747
      vertex -60.7815 77.8215 4.5
      vertex -57.8349 77.5386 3.82294
    endloop
  endfacet
  facet normal 0.2413 0.422522 0.873642
    outer loop
      vertex -57.739 77.764 3.68747
      vertex -61.2888 78.9496 4.09453
      vertex -60.7815 77.8215 4.5
    endloop
  endfacet
  facet normal 0.241264 0.422388 0.873716
    outer loop
      vertex -57.739 77.764 3.68747
      vertex -61.3249 79.03 4.06563
      vertex -61.2888 78.9496 4.09453
    endloop
  endfacet
  facet normal 0.241299 0.422506 0.873649
    outer loop
      vertex -57.739 77.764 3.68747
      vertex -61.379 79.122 4.03608
      vertex -61.3249 79.03 4.06563
    endloop
  endfacet
  facet normal 0.241297 0.422501 0.873652
    outer loop
      vertex -61.379 79.122 4.03608
      vertex -57.739 77.764 3.68747
      vertex -61.5391 79.3941 3.94871
    endloop
  endfacet
  facet normal 0.241112 0.422174 0.873861
    outer loop
      vertex -57.9644 76.2292 4.49198
      vertex -60.7815 77.8215 4.5
      vertex -57.9623 76.2114 4.5
    endloop
  endfacet
  facet normal 0.241856 0.423495 0.873016
    outer loop
      vertex -57.966 76.2585 4.47821
      vertex -60.7815 77.8215 4.5
      vertex -57.9644 76.2292 4.49198
    endloop
  endfacet
  facet normal 0.241314 0.422509 0.873644
    outer loop
      vertex -60.7815 77.8215 4.5
      vertex -57.966 76.2585 4.47821
      vertex -57.9855 76.6793 4.28009
    endloop
  endfacet
  facet normal 0.241299 0.422505 0.87365
    outer loop
      vertex -35.1811 68.0875 2.13671
      vertex -43.3218 67.85 4.5
      vertex -35.3255 67.85 2.29145
    endloop
  endfacet
  facet normal 0.241299 0.422506 0.873649
    outer loop
      vertex -53.5282 75.9577 3.398
      vertex -43.3218 67.85 4.5
      vertex -35.1811 68.0875 2.13671
    endloop
  endfacet
  facet normal 0.241291 0.422498 0.873656
    outer loop
      vertex -43.3218 67.85 4.5
      vertex -53.5282 75.9577 3.398
      vertex -51.3126 72.4136 4.5
    endloop
  endfacet
  facet normal 0.241302 0.422502 0.873651
    outer loop
      vertex -36.493 63.95 4.5
      vertex -34.8867 63.0326 4.5
      vertex -35.3552 63.95 4.18574
    endloop
  endfacet
  facet normal 0.309222 0.376805 0.873155
    outer loop
      vertex -6.23384 51.561 2.13398
      vertex -6.69169 49.4939 3.18817
      vertex -5.45639 50.448 2.33896
    endloop
  endfacet
  facet normal 0.309211 0.376809 0.873157
    outer loop
      vertex -6.23384 51.561 2.13398
      vertex -7.2303 49.4523 3.39686
      vertex -6.69169 49.4939 3.18817
    endloop
  endfacet
  facet normal 0.309203 0.376813 0.873158
    outer loop
      vertex -7.73085 49.3206 3.63095
      vertex -7.2303 49.4523 3.39686
      vertex -6.23384 51.561 2.13398
    endloop
  endfacet
  facet normal 0.309232 0.376739 0.87318
    outer loop
      vertex -7.2303 49.4523 3.39686
      vertex -7.73085 49.3206 3.63095
      vertex -7.52983 49.1556 3.63095
    endloop
  endfacet
  facet normal -0.291383 -0.464723 0.836139
    outer loop
      vertex -57.6282 62.0785 3.12156
      vertex -64.2346 63.3032 1.5
      vertex -58.497 59.7057 1.5
    endloop
  endfacet
  facet normal -0.291389 -0.464841 0.836072
    outer loop
      vertex -57.6282 62.0785 3.12156
      vertex -64.2903 63.4867 1.58261
      vertex -64.2346 63.3032 1.5
    endloop
  endfacet
  facet normal -0.29138 -0.46473 0.836136
    outer loop
      vertex -57.6282 62.0785 3.12156
      vertex -64.5213 63.9189 1.74233
      vertex -64.2903 63.4867 1.58261
    endloop
  endfacet
  facet normal -0.291371 -0.464664 0.836176
    outer loop
      vertex -57.6282 62.0785 3.12156
      vertex -64.8322 64.2978 1.84455
      vertex -64.5213 63.9189 1.74233
    endloop
  endfacet
  facet normal -0.291383 -0.464727 0.836137
    outer loop
      vertex -67.4108 69.6382 3.91415
      vertex -64.8322 64.2978 1.84455
      vertex -57.6282 62.0785 3.12156
    endloop
  endfacet
  facet normal -0.291312 -0.464707 0.836173
    outer loop
      vertex -64.8322 64.2978 1.84455
      vertex -67.4108 69.6382 3.91415
      vertex -65.2111 64.6087 1.88533
    endloop
  endfacet
  facet normal -0.291369 -0.464721 0.836145
    outer loop
      vertex -65.2111 64.6087 1.88533
      vertex -67.4108 69.6382 3.91415
      vertex -65.6433 64.8397 1.86311
    endloop
  endfacet
  facet normal -0.2914 -0.464726 0.836131
    outer loop
      vertex -67.4108 69.6382 3.91415
      vertex -66.1123 64.982 1.77875
      vertex -65.6433 64.8397 1.86311
    endloop
  endfacet
  facet normal -0.29137 -0.464723 0.836144
    outer loop
      vertex -67.4108 69.6382 3.91415
      vertex -66.6 65.03 1.63548
      vertex -66.1123 64.982 1.77875
    endloop
  endfacet
  facet normal -0.291361 -0.464723 0.836147
    outer loop
      vertex -67.4108 69.6382 3.91415
      vertex -66.9888 65.03 1.5
      vertex -66.6 65.03 1.63548
    endloop
  endfacet
  facet normal -0.291362 -0.464723 0.836146
    outer loop
      vertex -68.0477 69.6594 3.704
      vertex -66.9888 65.03 1.5
      vertex -67.4108 69.6382 3.91415
    endloop
  endfacet
  facet normal -0.291387 -0.464724 0.836137
    outer loop
      vertex -68.221 69.6652 3.64683
      vertex -66.9888 65.03 1.5
      vertex -68.0477 69.6594 3.704
    endloop
  endfacet
  facet normal -0.291408 -0.464726 0.836129
    outer loop
      vertex -68.4277 69.6926 3.59002
      vertex -66.9888 65.03 1.5
      vertex -68.221 69.6652 3.64683
    endloop
  endfacet
  facet normal -0.291378 -0.464723 0.836141
    outer loop
      vertex -70.2918 69.9396 3.0777
      vertex -66.9888 65.03 1.5
      vertex -68.4277 69.6926 3.59002
    endloop
  endfacet
  facet normal -0.291389 -0.464728 0.836134
    outer loop
      vertex -71.7546 70.2824 2.75845
      vertex -66.9888 65.03 1.5
      vertex -70.2918 69.9396 3.0777
    endloop
  endfacet
  facet normal -0.291326 -0.464682 0.836182
    outer loop
      vertex -72.1 70.3633 2.68307
      vertex -66.9888 65.03 1.5
      vertex -71.7546 70.2824 2.75845
    endloop
  endfacet
  facet normal -0.291433 -0.464766 0.836098
    outer loop
      vertex -72.4721 70.4902 2.62391
      vertex -66.9888 65.03 1.5
      vertex -72.1 70.3633 2.68307
    endloop
  endfacet
  facet normal -0.291355 -0.464701 0.836161
    outer loop
      vertex -73.7144 70.9137 2.4264
      vertex -66.9888 65.03 1.5
      vertex -72.4721 70.4902 2.62391
    endloop
  endfacet
  facet normal -0.291391 -0.464527 0.836245
    outer loop
      vertex -77.1835 71.4221 1.5
      vertex -73.7144 70.9137 2.4264
      vertex -74.1059 71.0919 2.38897
    endloop
  endfacet
  facet normal -0.291377 -0.464799 0.836098
    outer loop
      vertex -77.1835 71.4221 1.5
      vertex -74.1059 71.0919 2.38897
      vertex -75.1848 71.5827 2.28582
    endloop
  endfacet
  facet normal -0.291403 -0.464702 0.836144
    outer loop
      vertex -77.1835 71.4221 1.5
      vertex -75.1848 71.5827 2.28582
      vertex -76.1629 72.1498 2.26012
    endloop
  endfacet
  facet normal -0.291346 -0.464766 0.836128
    outer loop
      vertex -77.1835 71.4221 1.5
      vertex -76.1629 72.1498 2.26012
      vertex -76.548 72.373 2.25
    endloop
  endfacet
  facet normal -0.29139 -0.464736 0.83613
    outer loop
      vertex -73.7144 70.9137 2.4264
      vertex -77.1835 71.4221 1.5
      vertex -66.9888 65.03 1.5
    endloop
  endfacet
  facet normal -0.291389 -0.464733 0.836132
    outer loop
      vertex -51.4252 57.285 2.61899
      vertex -44.2419 50.7678 1.5
      vertex -43.1018 50.8529 1.94462
    endloop
  endfacet
  facet normal -0.291378 -0.464722 0.836142
    outer loop
      vertex -44.2419 50.7678 1.5
      vertex -51.4252 57.285 2.61899
      vertex -52.1313 55.7144 1.5
    endloop
  endfacet
  facet normal -0.159734 0.526497 0.835036
    outer loop
      vertex -74.1712 87.9174 1.5
      vertex -73.6619 86.8824 2.25
      vertex -73.8851 88.0042 1.5
    endloop
  endfacet
  facet normal -0.159718 0.526504 0.835035
    outer loop
      vertex -73.6619 86.8824 2.25
      vertex -74.1712 87.9174 1.5
      vertex -74.0911 86.7522 2.25
    endloop
  endfacet
  facet normal -0.425383 -0.349024 0.835004
    outer loop
      vertex -78.1 73.03 1.93588
      vertex -77.7613 73.3687 2.25
      vertex -78.1 73.7815 2.25
    endloop
  endfacet
  facet normal -0.349068 -0.425341 0.835007
    outer loop
      vertex -78.1 73.03 1.93588
      vertex -76.8947 72.6575 2.25
      vertex -77.7613 73.3687 2.25
    endloop
  endfacet
  facet normal -0.349062 -0.425301 0.83503
    outer loop
      vertex -76.8947 72.6575 2.25
      vertex -78.1 73.03 1.93588
      vertex -78.1 72.1742 1.5
    endloop
  endfacet
  facet normal -0.349053 -0.425317 0.835025
    outer loop
      vertex -76.8947 72.6575 2.25
      vertex -78.1 72.1742 1.5
      vertex -77.4146 71.6117 1.5
    endloop
  endfacet
  facet normal 0.0539249 0.547567 0.835022
    outer loop
      vertex -72.1 88.18 1.5
      vertex -70.9843 86.9264 2.25
      vertex -70.6124 88.0335 1.5
    endloop
  endfacet
  facet normal 0.0538857 0.547544 0.83504
    outer loop
      vertex -70.9843 86.9264 2.25
      vertex -72.1 88.18 1.5
      vertex -72.1 87.0362 2.25
    endloop
  endfacet
  facet normal 0.48509 0.0477769 0.873158
    outer loop
      vertex -3.22418 43.53 2.84677
      vertex -1.18135 43.53 1.71186
      vertex -1.31034 43.7497 1.7715
    endloop
  endfacet
  facet normal -0.547557 0.05386 0.835033
    outer loop
      vertex -81.2207 79.3275 1.5
      vertex -80.1062 79.03 2.25
      vertex -80.0623 79.4763 2.25
    endloop
  endfacet
  facet normal -0.547542 0.053926 0.835039
    outer loop
      vertex -80.1062 79.03 2.25
      vertex -81.2207 79.3275 1.5
      vertex -81.25 79.03 1.5
    endloop
  endfacet
  facet normal 0.429892 -0.229765 0.873156
    outer loop
      vertex -1.6221 39.397 1.5
      vertex -1.67622 39.4194 1.53254
      vertex -1.72226 39.2096 1.5
    endloop
  endfacet
  facet normal 0.30926 0.376761 0.87316
    outer loop
      vertex -5.45639 50.448 2.33896
      vertex -6.69169 49.4939 3.18817
      vertex -6.0548 49.5553 2.9361
    endloop
  endfacet
  facet normal 0.30921 0.376797 0.873163
    outer loop
      vertex -6.0548 49.5553 2.9361
      vertex -5.13793 49.9921 2.42292
      vertex -5.45639 50.448 2.33896
    endloop
  endfacet
  facet normal 0.309203 0.376808 0.873161
    outer loop
      vertex -6.0548 49.5553 2.9361
      vertex -6.67551 48.4545 3.63095
      vertex -5.13793 49.9921 2.42292
    endloop
  endfacet
  facet normal 0.309175 0.376825 0.873163
    outer loop
      vertex -6.67551 48.4545 3.63095
      vertex -6.0548 49.5553 2.9361
      vertex -6.79605 48.5534 3.63095
    endloop
  endfacet
  facet normal 0.376796 0.309207 0.873164
    outer loop
      vertex -5.13793 49.9921 2.42292
      vertex -6.23385 48.8961 3.28396
      vertex -5.07144 49.8969 2.42794
    endloop
  endfacet
  facet normal 0.541932 0.112427 0.832869
    outer loop
      vertex -6.67551 48.4545 3.63095
      vertex -6.23385 48.8961 3.28396
      vertex -5.13793 49.9921 2.42292
    endloop
  endfacet
  facet normal 0.376807 0.309237 0.873149
    outer loop
      vertex -5.91148 48.0818 3.43322
      vertex -6.32018 48.0215 3.63095
      vertex -6.13364 47.7942 3.63095
    endloop
  endfacet
  facet normal 0.37683 0.309146 0.873171
    outer loop
      vertex -6.32018 48.0215 3.63095
      vertex -5.91148 48.0818 3.43322
      vertex -6.37974 48.0941 3.63095
    endloop
  endfacet
  facet normal -0.485213 0.259443 0.83502
    outer loop
      vertex -79.8489 83.8498 1.5
      vertex -78.757 83.478 2.25
      vertex -79.7079 84.1135 1.5
    endloop
  endfacet
  facet normal -0.485261 0.259321 0.835029
    outer loop
      vertex -78.757 83.478 2.25
      vertex -79.8489 83.8498 1.5
      vertex -78.9683 83.0826 2.25
    endloop
  endfacet
  facet normal -0.0539941 0.547549 0.83503
    outer loop
      vertex -73.5876 88.0335 1.5
      vertex -73.6619 86.8824 2.25
      vertex -73.2157 86.9264 2.25
    endloop
  endfacet
  facet normal -0.0539266 0.547548 0.835035
    outer loop
      vertex -73.6619 86.8824 2.25
      vertex -73.5876 88.0335 1.5
      vertex -73.8851 88.0042 1.5
    endloop
  endfacet
  facet normal -0.526484 -0.159661 0.835059
    outer loop
      vertex -79.8222 77.0389 2.25
      vertex -80.1123 76.982 2.05622
      vertex -79.7738 76.8793 2.25
    endloop
  endfacet
  facet normal -0.526631 -0.159015 0.835089
    outer loop
      vertex -80.1123 76.982 2.05622
      vertex -79.8222 77.0389 2.25
      vertex -80.3337 77.0038 1.92075
    endloop
  endfacet
  facet normal 0.0539266 0.547548 0.835035
    outer loop
      vertex -70.6124 88.0335 1.5
      vertex -70.5381 86.8824 2.25
      vertex -70.3149 88.0042 1.5
    endloop
  endfacet
  facet normal 0.0539941 0.547549 0.83503
    outer loop
      vertex -70.5381 86.8824 2.25
      vertex -70.6124 88.0335 1.5
      vertex -70.9843 86.9264 2.25
    endloop
  endfacet
  facet normal -0.349072 0.425306 0.835023
    outer loop
      vertex -78.57 85.5 1.5
      vertex -76.8947 85.4025 2.25
      vertex -77.4146 86.4483 1.5
    endloop
  endfacet
  facet normal -0.349064 0.425336 0.835011
    outer loop
      vertex -76.8947 85.4025 2.25
      vertex -78.57 85.5 1.5
      vertex -77.7613 84.6913 2.25
    endloop
  endfacet
  facet normal -0 0 1
    outer loop
      vertex -60.8823 76.7987 4.5
      vertex -57.9623 76.2114 4.5
      vertex -60.7815 77.8215 4.5
    endloop
  endfacet
  facet normal -0 0 1
    outer loop
      vertex -62.5901 72.6757 4.5
      vertex -56.3779 66.0358 4.5
      vertex -57.9301 75.3489 4.5
    endloop
  endfacet
  facet normal 0 0 1
    outer loop
      vertex -57.9623 76.2114 4.5
      vertex -60.8823 76.7987 4.5
      vertex -57.9623 75.6757 4.5
    endloop
  endfacet
  facet normal 0 0 1
    outer loop
      vertex -57.9623 75.6757 4.5
      vertex -60.8823 76.7987 4.5
      vertex -57.9301 75.3489 4.5
    endloop
  endfacet
  facet normal 0 0 1
    outer loop
      vertex -61.5331 74.6531 4.5
      vertex -57.9301 75.3489 4.5
      vertex -60.8823 76.7987 4.5
    endloop
  endfacet
  facet normal 0 0 1
    outer loop
      vertex -62.5901 72.6757 4.5
      vertex -57.9301 75.3489 4.5
      vertex -61.5331 74.6531 4.5
    endloop
  endfacet
  facet normal -0 0 1
    outer loop
      vertex -64.0125 70.9425 4.5
      vertex -56.3779 66.0358 4.5
      vertex -62.5901 72.6757 4.5
    endloop
  endfacet
  facet normal 0 0 1
    outer loop
      vertex -56.3779 66.0358 4.5
      vertex -64.0125 70.9425 4.5
      vertex -56.7915 64.468 4.5
    endloop
  endfacet
  facet normal 0 0 1
    outer loop
      vertex -56.7915 64.468 4.5
      vertex -64.0125 70.9425 4.5
      vertex -65.5037 69.7187 4.5
    endloop
  endfacet
  facet normal 0 0 1
    outer loop
      vertex -24.9297 57.3461 4.5
      vertex -23.4428 53.064 4.5
      vertex -22.2335 54.0564 4.5
    endloop
  endfacet
  facet normal 0 0 1
    outer loop
      vertex -23.4428 53.064 4.5
      vertex -24.9297 57.3461 4.5
      vertex -23.7365 52.823 4.5
    endloop
  endfacet
  facet normal 0 0 1
    outer loop
      vertex -21.4244 54.4889 4.5
      vertex -24.9297 57.3461 4.5
      vertex -22.2335 54.0564 4.5
    endloop
  endfacet
  facet normal 0 0 1
    outer loop
      vertex -24.9297 57.3461 4.5
      vertex -21.4244 54.4889 4.5
      vertex -20.6508 54.9024 4.5
    endloop
  endfacet
  facet normal 0 0 1
    outer loop
      vertex -34.8867 63.0326 4.5
      vertex -27.3897 46.7482 4.5
      vertex -27.2005 47.372 4.5
    endloop
  endfacet
  facet normal -0 0 1
    outer loop
      vertex -50.0136 60.3831 4.5
      vertex -27.3897 46.7482 4.5
      vertex -34.8867 63.0326 4.5
    endloop
  endfacet
  facet normal 0 0 1
    outer loop
      vertex -50.0136 60.3831 4.5
      vertex -34.8867 63.0326 4.5
      vertex -36.493 63.95 4.5
    endloop
  endfacet
  facet normal 0 0 1
    outer loop
      vertex -50.0136 60.3831 4.5
      vertex -36.493 63.95 4.5
      vertex -48.263 63.95 4.5
    endloop
  endfacet
  facet normal 0 0 1
    outer loop
      vertex -27.3897 46.7482 4.5
      vertex -50.0136 60.3831 4.5
      vertex -27.3897 46.7481 4.5
    endloop
  endfacet
  facet normal 0 0 1
    outer loop
      vertex -51.3126 72.4136 4.5
      vertex -48.3872 67.85 4.5
      vertex -43.3218 67.85 4.5
    endloop
  endfacet
  facet normal -0.159711 0.526505 0.835036
    outer loop
      vertex -75.6016 87.4835 1.5
      vertex -74.0911 86.7522 2.25
      vertex -74.1712 87.9174 1.5
    endloop
  endfacet
  facet normal -0.159702 0.526517 0.83503
    outer loop
      vertex -74.0911 86.7522 2.25
      vertex -75.6016 87.4835 1.5
      vertex -75.1639 86.4268 2.25
    endloop
  endfacet
  facet normal 0.429883 0.22977 0.873159
    outer loop
      vertex -5.35819 46.6882 3.5959
      vertex -3.2193 47.0014 2.46044
      vertex -3.82151 48.0272 2.48699
    endloop
  endfacet
  facet normal 0.429893 0.229741 0.873162
    outer loop
      vertex -3.2193 47.0014 2.46044
      vertex -5.31743 46.5561 3.6106
      vertex -5.16584 46.1951 3.63095
    endloop
  endfacet
  facet normal 0.429876 0.229804 0.873154
    outer loop
      vertex -3.2193 47.0014 2.46044
      vertex -5.35819 46.6882 3.5959
      vertex -5.31743 46.5561 3.6106
    endloop
  endfacet
  facet normal 0.429609 0.229631 0.87333
    outer loop
      vertex -5.16584 46.1951 3.63095
      vertex -5.31743 46.5561 3.6106
      vertex -5.33528 46.5121 3.63095
    endloop
  endfacet
  facet normal 0.544223 -0 0.838941
    outer loop
      vertex -1.07155 43.3429 1.64062
      vertex -0.965338 43.162 1.57172
      vertex -1.07155 43.343 1.64062
    endloop
  endfacet
  facet normal 0.485069 -0.0477682 0.87317
    outer loop
      vertex -0.965338 43.162 1.57172
      vertex -1.07155 43.3429 1.64062
      vertex -1.09095 43.1459 1.64062
    endloop
  endfacet
  facet normal 0.48509 -0.0477748 0.873158
    outer loop
      vertex -3.22418 43.53 2.84677
      vertex -1.11294 43.4135 1.66748
      vertex -1.18135 43.53 1.71186
    endloop
  endfacet
  facet normal 0.466455 -0.141478 0.873157
    outer loop
      vertex -1.26983 40.7591 1.53254
      vertex -1.10995 41.0854 1.5
      vertex -1.2632 41.0959 1.58357
    endloop
  endfacet
  facet normal 0.466511 -0.141509 0.873123
    outer loop
      vertex -1.26983 40.7591 1.53254
      vertex -1.6221 39.397 1.5
      vertex -1.10995 41.0854 1.5
    endloop
  endfacet
  facet normal 0.466435 -0.14149 0.873166
    outer loop
      vertex -1.6221 39.397 1.5
      vertex -1.26983 40.7591 1.53254
      vertex -1.67622 39.4194 1.53254
    endloop
  endfacet
  facet normal -0.425296 0.349107 0.835013
    outer loop
      vertex -78.7597 85.2689 1.5
      vertex -77.7613 84.6913 2.25
      vertex -78.57 85.5 1.5
    endloop
  endfacet
  facet normal -0.425343 0.349034 0.83502
    outer loop
      vertex -77.7613 84.6913 2.25
      vertex -78.7597 85.2689 1.5
      vertex -78.0458 84.3446 2.25
    endloop
  endfacet
  facet normal 0.466447 -0.141525 0.873154
    outer loop
      vertex -1.262 41.1565 1.59275
      vertex -1.00752 41.423 1.5
      vertex -1.25578 41.4724 1.64063
    endloop
  endfacet
  facet normal 0.466445 -0.141522 0.873156
    outer loop
      vertex -1.00752 41.423 1.5
      vertex -1.262 41.1565 1.59275
      vertex -1.10995 41.0854 1.5
    endloop
  endfacet
  facet normal 0.466452 -0.141507 0.873155
    outer loop
      vertex -1.10995 41.0854 1.5
      vertex -1.262 41.1565 1.59275
      vertex -1.2632 41.0959 1.58357
    endloop
  endfacet
  facet normal -0.493574 -0.00477608 -0.86969
    outer loop
      vertex -1.00752 41.423 1.5
      vertex -2.30576 41.6813 2.23537
      vertex -2.16096 41.6525 2.15335
    endloop
  endfacet
  facet normal -0.103322 0.867245 -0.487042
    outer loop
      vertex -1.00752 41.423 1.5
      vertex -2.16096 41.6525 2.15335
      vertex -1.25578 41.4724 1.64063
    endloop
  endfacet
  facet normal 0.485071 -0.0477886 0.873168
    outer loop
      vertex -1.09095 43.1459 1.64062
      vertex -0.854787 42.9737 1.5
      vertex -0.965338 43.162 1.57172
    endloop
  endfacet
  facet normal 0.485076 -0.0477792 0.873166
    outer loop
      vertex -0.854787 42.9737 1.5
      vertex -1.09095 43.1459 1.64062
      vertex -1.1736 42.3068 1.64062
    endloop
  endfacet
  facet normal 0.485071 -0.047776 0.873169
    outer loop
      vertex -0.854787 42.9737 1.5
      vertex -1.1736 42.3068 1.64062
      vertex -1.00752 41.423 1.5
    endloop
  endfacet
  facet normal 0.485085 -0.0477721 0.873161
    outer loop
      vertex -1.00752 41.423 1.5
      vertex -1.1736 42.3068 1.64062
      vertex -2.30576 41.6813 2.23537
    endloop
  endfacet
  facet normal -0.526534 -0.159727 0.835015
    outer loop
      vertex -79.9524 77.4681 2.25
      vertex -80.3337 77.0038 1.92075
      vertex -79.8222 77.0389 2.25
    endloop
  endfacet
  facet normal -0.526445 -0.159826 0.835052
    outer loop
      vertex -79.9524 77.4681 2.25
      vertex -80.6 77.03 1.75788
      vertex -80.3337 77.0038 1.92075
    endloop
  endfacet
  facet normal -0.526498 -0.159731 0.835036
    outer loop
      vertex -81.0742 77.2449 1.5
      vertex -80.6 77.03 1.75788
      vertex -79.9524 77.4681 2.25
    endloop
  endfacet
  facet normal -0.5265 -0.159738 0.835034
    outer loop
      vertex -80.6 77.03 1.75788
      vertex -81.0742 77.2449 1.5
      vertex -81.009 77.03 1.5
    endloop
  endfacet
  facet normal 0.547557 -0.0539275 0.835029
    outer loop
      vertex -80.0623 79.4763 2.25
      vertex -78.9625 79.03 1.5
      vertex -78.9039 79.625 1.5
    endloop
  endfacet
  facet normal 0.547578 -0.0538621 0.835019
    outer loop
      vertex -78.9625 79.03 1.5
      vertex -80.0623 79.4763 2.25
      vertex -80.1062 79.03 2.25
    endloop
  endfacet
  facet normal -0.0539614 0.547565 0.835022
    outer loop
      vertex -71.7546 70.2824 2.75845
      vertex -70.7612 72.2994 1.5
      vertex -71.505 72.2261 1.5
    endloop
  endfacet
  facet normal -0.0539257 0.547553 0.835031
    outer loop
      vertex -70.7612 72.2994 1.5
      vertex -71.7546 70.2824 2.75845
      vertex -70.2918 69.9396 3.0777
    endloop
  endfacet
  facet normal -0.159709 -0.526538 0.835016
    outer loop
      vertex -70.189 85.5871 1.5
      vertex -69.0361 86.4268 2.25
      vertex -70.1089 86.7522 2.25
    endloop
  endfacet
  facet normal -0.159746 -0.5265 0.835032
    outer loop
      vertex -69.0361 86.4268 2.25
      vertex -70.189 85.5871 1.5
      vertex -69.4738 85.3701 1.5
    endloop
  endfacet
  facet normal 0.425319 -0.349014 0.835041
    outer loop
      vertex -78.0458 84.3446 2.25
      vertex -76.9525 83.8825 1.5
      vertex -77.7613 84.6913 2.25
    endloop
  endfacet
  facet normal 0.425312 -0.349028 0.835039
    outer loop
      vertex -76.9525 83.8825 1.5
      vertex -78.0458 84.3446 2.25
      vertex -77.3318 83.4203 1.5
    endloop
  endfacet
  facet normal -0.425323 0.349053 0.835022
    outer loop
      vertex -66.7733 74.7552 1.5
      vertex -64.0125 70.9425 4.5
      vertex -62.5901 72.6757 4.5
    endloop
  endfacet
  facet normal -0.425281 0.349088 0.835029
    outer loop
      vertex -64.0125 70.9425 4.5
      vertex -66.7733 74.7552 1.5
      vertex -67.2475 74.1775 1.5
    endloop
  endfacet
  facet normal 0.485238 0.259368 0.835029
    outer loop
      vertex -78.5213 75.9189 1.6978
      vertex -78.0878 75.7447 1.5
      vertex -78.4401 76.4038 1.5
    endloop
  endfacet
  facet normal 0.485238 0.259369 0.835028
    outer loop
      vertex -78.0878 75.7447 1.5
      vertex -78.5213 75.9189 1.6978
      vertex -78.32 75.5423 1.6978
    endloop
  endfacet
  facet normal 0.48525 0.259363 0.835023
    outer loop
      vertex -78.5213 75.9189 1.6978
      vertex -78.4401 76.4038 1.5
      vertex -78.7977 76.2557 1.75381
    endloop
  endfacet
  facet normal -0.34904 0.425327 0.835026
    outer loop
      vertex -67.7097 73.7982 1.5
      vertex -64.0125 70.9425 4.5
      vertex -67.2475 74.1775 1.5
    endloop
  endfacet
  facet normal 0.0539624 -0.547575 0.835015
    outer loop
      vertex -72.1 87.0362 2.25
      vertex -72.8438 85.8192 1.5
      vertex -72.1 85.8925 1.5
    endloop
  endfacet
  facet normal 0.0538857 -0.547544 0.83504
    outer loop
      vertex -72.8438 85.8192 1.5
      vertex -72.1 87.0362 2.25
      vertex -73.2157 86.9264 2.25
    endloop
  endfacet
  facet normal 0.159709 -0.526538 0.835016
    outer loop
      vertex -75.1639 86.4268 2.25
      vertex -74.011 85.5871 1.5
      vertex -74.0911 86.7522 2.25
    endloop
  endfacet
  facet normal 0.159746 -0.5265 0.835032
    outer loop
      vertex -74.011 85.5871 1.5
      vertex -75.1639 86.4268 2.25
      vertex -74.7262 85.3701 1.5
    endloop
  endfacet
  facet normal 0.425326 0.349094 0.835003
    outer loop
      vertex -77.4267 74.7552 1.5
      vertex -78.1454 74.9906 1.76767
      vertex -78.1 74.53 1.93711
    endloop
  endfacet
  facet normal 0.425318 0.349033 0.835034
    outer loop
      vertex -78.1454 74.9906 1.76767
      vertex -77.4267 74.7552 1.5
      vertex -77.806 75.2174 1.5
    endloop
  endfacet
  facet normal 0.425356 0.349029 0.835016
    outer loop
      vertex -77.4267 74.7552 1.5
      vertex -78.1 74.53 1.93711
      vertex -78.1 74.4205 1.98288
    endloop
  endfacet
  facet normal 0.259362 0.485228 0.835036
    outer loop
      vertex -75.3853 73.0422 1.5
      vertex -75.1848 71.5827 2.28582
      vertex -74.7262 72.6899 1.5
    endloop
  endfacet
  facet normal 0.259393 0.485227 0.835027
    outer loop
      vertex -75.1848 71.5827 2.28582
      vertex -75.3853 73.0422 1.5
      vertex -76.1629 72.1498 2.26012
    endloop
  endfacet
  facet normal -0.3491 -0.425275 0.835027
    outer loop
      vertex -66.6987 85.0427 2.32032
      vertex -67.2475 83.8825 1.5
      vertex -66.3339 84.7961 2.34724
    endloop
  endfacet
  facet normal -0.34903 -0.425314 0.835036
    outer loop
      vertex -67.2475 83.8825 1.5
      vertex -66.6987 85.0427 2.32032
      vertex -67.7097 84.2618 1.5
    endloop
  endfacet
  facet normal -0.547561 -0.0539225 0.835026
    outer loop
      vertex -65.2961 79.625 1.5
      vertex -61.5391 79.3941 3.94871
      vertex -62.5526 80.9291 3.38324
    endloop
  endfacet
  facet normal -0.547563 -0.0540592 0.835016
    outer loop
      vertex -61.5391 79.3941 3.94871
      vertex -65.2961 79.625 1.5
      vertex -61.379 79.122 4.03608
    endloop
  endfacet
  facet normal -0.547548 -0.0539598 0.835033
    outer loop
      vertex -65.2961 79.625 1.5
      vertex -62.5526 80.9291 3.38324
      vertex -65.3694 80.3688 1.5
    endloop
  endfacet
  facet normal 0.0539251 -0.547533 0.835045
    outer loop
      vertex -73.2157 86.9264 2.25
      vertex -73.4388 85.7606 1.5
      vertex -72.8438 85.8192 1.5
    endloop
  endfacet
  facet normal 0.0539932 -0.54754 0.835036
    outer loop
      vertex -73.4388 85.7606 1.5
      vertex -73.2157 86.9264 2.25
      vertex -73.6619 86.8824 2.25
    endloop
  endfacet
  facet normal -0.349042 -0.425301 0.835038
    outer loop
      vertex -67.652 85.687 2.25
      vertex -67.7097 84.2618 1.5
      vertex -66.6987 85.0427 2.32032
    endloop
  endfacet
  facet normal -0.349096 -0.42529 0.835021
    outer loop
      vertex -67.7097 84.2618 1.5
      vertex -67.652 85.687 2.25
      vertex -68.2874 84.736 1.5
    endloop
  endfacet
  facet normal 0.526525 -0.159705 0.835024
    outer loop
      vertex -79.9524 80.5919 2.25
      vertex -78.6137 81.084 1.5
      vertex -79.627 81.6647 2.25
    endloop
  endfacet
  facet normal 0.52652 -0.159679 0.835033
    outer loop
      vertex -78.6137 81.084 1.5
      vertex -79.9524 80.5919 2.25
      vertex -78.8306 80.3688 1.5
    endloop
  endfacet
  facet normal 0.547557 0.0539275 0.835029
    outer loop
      vertex -78.9625 79.03 1.5
      vertex -80.0623 78.5837 2.25
      vertex -78.9039 78.435 1.5
    endloop
  endfacet
  facet normal 0.547578 0.0538621 0.835019
    outer loop
      vertex -80.0623 78.5837 2.25
      vertex -78.9625 79.03 1.5
      vertex -80.1062 79.03 2.25
    endloop
  endfacet
  facet normal 0.0539756 0.547554 0.835028
    outer loop
      vertex -72.1 72.1675 1.5
      vertex -72.4721 70.4902 2.62391
      vertex -72.1 70.3633 2.68307
    endloop
  endfacet
  facet normal 0.053928 0.547562 0.835025
    outer loop
      vertex -72.4721 70.4902 2.62391
      vertex -72.1 72.1675 1.5
      vertex -72.695 72.2261 1.5
    endloop
  endfacet
  facet normal -0.425294 -0.34908 0.835026
    outer loop
      vertex -67.2475 83.8825 1.5
      vertex -66.0119 84.529 2.39958
      vertex -66.3339 84.7961 2.34724
    endloop
  endfacet
  facet normal -0.42532 -0.349035 0.835031
    outer loop
      vertex -66.0119 84.529 2.39958
      vertex -67.2475 83.8825 1.5
      vertex -66.8682 83.4203 1.5
    endloop
  endfacet
  facet normal 0.0539581 0.547531 0.835044
    outer loop
      vertex -73.7144 70.9137 2.4264
      vertex -72.695 72.2261 1.5
      vertex -73.4388 72.2994 1.5
    endloop
  endfacet
  facet normal 0.0539047 0.547561 0.835028
    outer loop
      vertex -72.695 72.2261 1.5
      vertex -73.7144 70.9137 2.4264
      vertex -72.4721 70.4902 2.62391
    endloop
  endfacet
  facet normal 0.526537 0.159757 0.835007
    outer loop
      vertex -78.8322 76.2978 1.76753
      vertex -78.4401 76.4038 1.5
      vertex -78.6571 77.119 1.5
    endloop
  endfacet
  facet normal 0.526627 0.159436 0.835012
    outer loop
      vertex -78.4401 76.4038 1.5
      vertex -78.8322 76.2978 1.76753
      vertex -78.7977 76.2557 1.75381
    endloop
  endfacet
  facet normal 0.526477 0.159781 0.83504
    outer loop
      vertex -78.6571 77.119 1.5
      vertex -79.2111 76.6087 1.94693
      vertex -78.8322 76.2978 1.76753
    endloop
  endfacet
  facet normal 0.526534 0.159702 0.83502
    outer loop
      vertex -78.6571 77.119 1.5
      vertex -79.6433 76.8397 2.17528
      vertex -79.2111 76.6087 1.94693
    endloop
  endfacet
  facet normal 0.526543 0.159668 0.83502
    outer loop
      vertex -79.8222 77.0389 2.25
      vertex -79.6433 76.8397 2.17528
      vertex -78.6571 77.119 1.5
    endloop
  endfacet
  facet normal 0.526555 0.159682 0.83501
    outer loop
      vertex -79.6433 76.8397 2.17528
      vertex -79.8222 77.0389 2.25
      vertex -79.7738 76.8793 2.25
    endloop
  endfacet
  facet normal 0.259366 -0.485235 0.83503
    outer loop
      vertex -75.1639 86.4268 2.25
      vertex -75.3853 85.0178 1.5
      vertex -74.7262 85.3701 1.5
    endloop
  endfacet
  facet normal 0.259378 -0.485235 0.835027
    outer loop
      vertex -75.3853 85.0178 1.5
      vertex -75.1639 86.4268 2.25
      vertex -76.1526 85.8983 2.25
    endloop
  endfacet
  facet normal -0.0538857 -0.547544 0.83504
    outer loop
      vertex -72.1 87.0362 2.25
      vertex -71.3562 85.8192 1.5
      vertex -70.9843 86.9264 2.25
    endloop
  endfacet
  facet normal -0.0539624 -0.547575 0.835015
    outer loop
      vertex -71.3562 85.8192 1.5
      vertex -72.1 87.0362 2.25
      vertex -72.1 85.8925 1.5
    endloop
  endfacet
  facet normal -0.15972 -0.526511 0.835031
    outer loop
      vertex -70.7612 85.7606 1.5
      vertex -70.1089 86.7522 2.25
      vertex -70.5381 86.8824 2.25
    endloop
  endfacet
  facet normal -0.159657 -0.526545 0.835021
    outer loop
      vertex -70.1089 86.7522 2.25
      vertex -70.7612 85.7606 1.5
      vertex -70.189 85.5871 1.5
    endloop
  endfacet
  facet normal -0.259349 -0.485273 0.835014
    outer loop
      vertex -68.9465 85.0883 1.5
      vertex -67.652 85.687 2.25
      vertex -68.6407 86.2154 2.25
    endloop
  endfacet
  facet normal -0.25937 -0.485242 0.835025
    outer loop
      vertex -67.652 85.687 2.25
      vertex -68.9465 85.0883 1.5
      vertex -68.2874 84.736 1.5
    endloop
  endfacet
  facet normal -0.526507 0.159737 0.83503
    outer loop
      vertex -65.7599 76.4038 1.5
      vertex -61.5331 74.6531 4.5
      vertex -65.5863 76.976 1.5
    endloop
  endfacet
  facet normal 0.547546 -0.0539596 0.835034
    outer loop
      vertex -79.9524 80.5919 2.25
      vertex -78.9039 79.625 1.5
      vertex -78.8306 80.3688 1.5
    endloop
  endfacet
  facet normal 0.547558 -0.0539411 0.835027
    outer loop
      vertex -78.9039 79.625 1.5
      vertex -79.9524 80.5919 2.25
      vertex -80.0623 79.4763 2.25
    endloop
  endfacet
  facet normal 0.547546 0.0539596 0.835034
    outer loop
      vertex -78.9039 78.435 1.5
      vertex -79.9524 77.4681 2.25
      vertex -78.8306 77.6912 1.5
    endloop
  endfacet
  facet normal 0.547558 0.0539411 0.835027
    outer loop
      vertex -79.9524 77.4681 2.25
      vertex -78.9039 78.435 1.5
      vertex -80.0623 78.5837 2.25
    endloop
  endfacet
  facet normal -0.053928 0.547563 0.835025
    outer loop
      vertex -72.1 72.1675 1.5
      vertex -71.7546 70.2824 2.75845
      vertex -71.505 72.2261 1.5
    endloop
  endfacet
  facet normal -0.0539875 0.547553 0.835027
    outer loop
      vertex -71.7546 70.2824 2.75845
      vertex -72.1 72.1675 1.5
      vertex -72.1 70.3633 2.68307
    endloop
  endfacet
  facet normal 0.349039 0.425325 0.835027
    outer loop
      vertex -76.8947 72.6575 2.25
      vertex -75.9126 73.324 1.5
      vertex -76.3748 73.7033 1.5
    endloop
  endfacet
  facet normal 0.349029 0.425337 0.835025
    outer loop
      vertex -75.9126 73.324 1.5
      vertex -76.8947 72.6575 2.25
      vertex -76.548 72.373 2.25
    endloop
  endfacet
  facet normal -0.159728 0.526518 0.835024
    outer loop
      vertex -70.046 72.5163 1.5
      vertex -70.2918 69.9396 3.0777
      vertex -68.4277 69.6926 3.59002
    endloop
  endfacet
  facet normal -0.159678 0.526519 0.835033
    outer loop
      vertex -70.2918 69.9396 3.0777
      vertex -70.046 72.5163 1.5
      vertex -70.7612 72.2994 1.5
    endloop
  endfacet
  facet normal -0.425341 -0.349051 0.835014
    outer loop
      vertex -66.0119 84.529 2.39958
      vertex -66.394 82.8426 1.5
      vertex -65.0565 83.7363 2.55488
    endloop
  endfacet
  facet normal -0.42527 -0.34908 0.835038
    outer loop
      vertex -66.394 82.8426 1.5
      vertex -66.0119 84.529 2.39958
      vertex -66.8682 83.4203 1.5
    endloop
  endfacet
  facet normal 0.15972 -0.526511 0.835031
    outer loop
      vertex -74.0911 86.7522 2.25
      vertex -73.4388 85.7606 1.5
      vertex -73.6619 86.8824 2.25
    endloop
  endfacet
  facet normal 0.159657 -0.526545 0.835021
    outer loop
      vertex -73.4388 85.7606 1.5
      vertex -74.0911 86.7522 2.25
      vertex -74.011 85.5871 1.5
    endloop
  endfacet
  facet normal -0.547558 0.0539275 0.835028
    outer loop
      vertex -65.2961 78.435 1.5
      vertex -61.3249 79.03 4.06563
      vertex -65.2375 79.03 1.5
    endloop
  endfacet
  facet normal -0.547584 0.0542713 0.834989
    outer loop
      vertex -61.3249 79.03 4.06563
      vertex -65.2961 78.435 1.5
      vertex -61.2888 78.9496 4.09453
    endloop
  endfacet
  facet normal -0.259418 -0.485212 0.835028
    outer loop
      vertex -69.4738 85.3701 1.5
      vertex -68.6407 86.2154 2.25
      vertex -69.0361 86.4268 2.25
    endloop
  endfacet
  facet normal -0.259341 -0.485276 0.835015
    outer loop
      vertex -68.6407 86.2154 2.25
      vertex -69.4738 85.3701 1.5
      vertex -68.9465 85.0883 1.5
    endloop
  endfacet
  facet normal 0.526545 0.159657 0.835021
    outer loop
      vertex -78.8306 77.6912 1.5
      vertex -79.8222 77.0389 2.25
      vertex -78.6571 77.119 1.5
    endloop
  endfacet
  facet normal 0.526511 0.15972 0.835031
    outer loop
      vertex -79.8222 77.0389 2.25
      vertex -78.8306 77.6912 1.5
      vertex -79.9524 77.4681 2.25
    endloop
  endfacet
  facet normal 0.259336 -0.485267 0.835022
    outer loop
      vertex -76.1526 85.8983 2.25
      vertex -75.9126 84.736 1.5
      vertex -75.3853 85.0178 1.5
    endloop
  endfacet
  facet normal 0.259326 -0.48527 0.835023
    outer loop
      vertex -75.9126 84.736 1.5
      vertex -76.1526 85.8983 2.25
      vertex -76.548 85.687 2.25
    endloop
  endfacet
  facet normal 0.425308 0.349111 0.835006
    outer loop
      vertex -78.1 74.4205 1.98288
      vertex -76.9525 74.1775 1.5
      vertex -77.4267 74.7552 1.5
    endloop
  endfacet
  facet normal 0.425307 0.349064 0.835026
    outer loop
      vertex -76.9525 74.1775 1.5
      vertex -78.1 74.4205 1.98288
      vertex -78.1 73.7815 2.25
    endloop
  endfacet
  facet normal 0.425341 0.34899 0.835039
    outer loop
      vertex -76.9525 74.1775 1.5
      vertex -78.1 73.7815 2.25
      vertex -77.7613 73.3687 2.25
    endloop
  endfacet
  facet normal -0.547474 0.0539552 0.835081
    outer loop
      vertex -61.2888 78.9496 4.09453
      vertex -60.8823 76.7987 4.5
      vertex -60.7815 77.8215 4.5
    endloop
  endfacet
  facet normal -0.547565 0.0539614 0.835021
    outer loop
      vertex -65.3694 77.6912 1.5
      vertex -61.2888 78.9496 4.09453
      vertex -65.2961 78.435 1.5
    endloop
  endfacet
  facet normal -0.547559 0.053929 0.835028
    outer loop
      vertex -61.2888 78.9496 4.09453
      vertex -65.3694 77.6912 1.5
      vertex -60.8823 76.7987 4.5
    endloop
  endfacet
  facet normal 0.425302 -0.349036 0.83504
    outer loop
      vertex -78.757 83.478 2.25
      vertex -77.3318 83.4203 1.5
      vertex -78.0458 84.3446 2.25
    endloop
  endfacet
  facet normal 0.42529 -0.349096 0.835021
    outer loop
      vertex -77.3318 83.4203 1.5
      vertex -78.757 83.478 2.25
      vertex -77.806 82.8426 1.5
    endloop
  endfacet
  facet normal -0.0539932 -0.54754 0.835036
    outer loop
      vertex -70.9843 86.9264 2.25
      vertex -70.7612 85.7606 1.5
      vertex -70.5381 86.8824 2.25
    endloop
  endfacet
  facet normal -0.0539251 -0.547533 0.835045
    outer loop
      vertex -70.7612 85.7606 1.5
      vertex -70.9843 86.9264 2.25
      vertex -71.3562 85.8192 1.5
    endloop
  endfacet
  facet normal -0.547562 -0.0537806 0.835035
    outer loop
      vertex -61.379 79.122 4.03608
      vertex -65.2375 79.03 1.5
      vertex -61.3249 79.03 4.06563
    endloop
  endfacet
  facet normal -0.547555 -0.0539273 0.83503
    outer loop
      vertex -65.2375 79.03 1.5
      vertex -61.379 79.122 4.03608
      vertex -65.2961 79.625 1.5
    endloop
  endfacet
  facet normal 0.349073 0.425263 0.835044
    outer loop
      vertex -77.7613 73.3687 2.25
      vertex -76.3748 73.7033 1.5
      vertex -76.9525 74.1775 1.5
    endloop
  endfacet
  facet normal 0.34905 0.425319 0.835026
    outer loop
      vertex -76.3748 73.7033 1.5
      vertex -77.7613 73.3687 2.25
      vertex -76.8947 72.6575 2.25
    endloop
  endfacet
  facet normal -0.526515 -0.159696 0.835032
    outer loop
      vertex -63.6015 82.2215 2.96904
      vertex -65.3694 80.3688 1.5
      vertex -62.5526 80.9291 3.38324
    endloop
  endfacet
  facet normal -0.526527 -0.159681 0.835027
    outer loop
      vertex -65.3694 80.3688 1.5
      vertex -63.6015 82.2215 2.96904
      vertex -65.5863 81.084 1.5
    endloop
  endfacet
  facet normal -0.526471 -0.159797 0.835041
    outer loop
      vertex -63.8012 82.4675 2.89021
      vertex -65.5863 81.084 1.5
      vertex -63.6015 82.2215 2.96904
    endloop
  endfacet
  facet normal -0.526508 -0.159737 0.835029
    outer loop
      vertex -65.5863 81.084 1.5
      vertex -63.8012 82.4675 2.89021
      vertex -65.7599 81.6562 1.5
    endloop
  endfacet
  facet normal 0.34905 -0.425319 0.835026
    outer loop
      vertex -77.7613 84.6913 2.25
      vertex -76.3748 84.3567 1.5
      vertex -76.8947 85.4025 2.25
    endloop
  endfacet
  facet normal 0.349073 -0.425263 0.835044
    outer loop
      vertex -76.3748 84.3567 1.5
      vertex -77.7613 84.6913 2.25
      vertex -76.9525 83.8825 1.5
    endloop
  endfacet
  facet normal -0.485239 0.259368 0.835028
    outer loop
      vertex -66.1122 75.7447 1.5
      vertex -61.5331 74.6531 4.5
      vertex -65.7599 76.4038 1.5
    endloop
  endfacet
  facet normal -0.485236 0.259378 0.835027
    outer loop
      vertex -61.5331 74.6531 4.5
      vertex -66.1122 75.7447 1.5
      vertex -62.5901 72.6757 4.5
    endloop
  endfacet
  facet normal 0.349029 -0.425337 0.835025
    outer loop
      vertex -76.8947 85.4025 2.25
      vertex -75.9126 84.736 1.5
      vertex -76.548 85.687 2.25
    endloop
  endfacet
  facet normal 0.349039 -0.425325 0.835027
    outer loop
      vertex -75.9126 84.736 1.5
      vertex -76.8947 85.4025 2.25
      vertex -76.3748 84.3567 1.5
    endloop
  endfacet
  facet normal 0.48525 0.259328 0.835034
    outer loop
      vertex -78.2903 75.4867 1.6978
      vertex -77.806 75.2174 1.5
      vertex -78.0878 75.7447 1.5
    endloop
  endfacet
  facet normal 0.485908 0.258289 0.834973
    outer loop
      vertex -77.806 75.2174 1.5
      vertex -78.148 75.0177 1.7608
      vertex -78.1454 74.9906 1.76767
    endloop
  endfacet
  facet normal 0.485276 0.259402 0.834996
    outer loop
      vertex -77.806 75.2174 1.5
      vertex -78.2903 75.4867 1.6978
      vertex -78.148 75.0177 1.7608
    endloop
  endfacet
  facet normal 0.485329 0.259249 0.835012
    outer loop
      vertex -78.2903 75.4867 1.6978
      vertex -78.0878 75.7447 1.5
      vertex -78.32 75.5423 1.6978
    endloop
  endfacet
  facet normal 0.485235 -0.259378 0.835027
    outer loop
      vertex -79.4968 82.0939 2.25
      vertex -78.0878 82.3153 1.5
      vertex -78.9683 83.0826 2.25
    endloop
  endfacet
  facet normal 0.485235 -0.259366 0.83503
    outer loop
      vertex -78.0878 82.3153 1.5
      vertex -79.4968 82.0939 2.25
      vertex -78.4401 81.6562 1.5
    endloop
  endfacet
  facet normal 0.526511 -0.15972 0.835031
    outer loop
      vertex -79.627 81.6647 2.25
      vertex -78.4401 81.6562 1.5
      vertex -79.4968 82.0939 2.25
    endloop
  endfacet
  facet normal 0.526509 -0.159738 0.835028
    outer loop
      vertex -78.4401 81.6562 1.5
      vertex -79.627 81.6647 2.25
      vertex -78.6137 81.084 1.5
    endloop
  endfacet
  facet normal -0.34909 0.425366 0.834985
    outer loop
      vertex -64.0125 70.9425 4.5
      vertex -65.8478 69.673 4.37942
      vertex -65.5037 69.7187 4.5
    endloop
  endfacet
  facet normal -0.349054 0.425311 0.835028
    outer loop
      vertex -67.7097 73.7982 1.5
      vertex -65.8478 69.673 4.37942
      vertex -64.0125 70.9425 4.5
    endloop
  endfacet
  facet normal -0.349095 0.425289 0.835022
    outer loop
      vertex -65.8478 69.673 4.37942
      vertex -67.7097 73.7982 1.5
      vertex -68.2874 73.324 1.5
    endloop
  endfacet
  facet normal -0.526525 0.15968 0.835029
    outer loop
      vertex -65.5863 76.976 1.5
      vertex -60.8823 76.7987 4.5
      vertex -65.3694 77.6912 1.5
    endloop
  endfacet
  facet normal -0.526523 0.159704 0.835026
    outer loop
      vertex -60.8823 76.7987 4.5
      vertex -65.5863 76.976 1.5
      vertex -61.5331 74.6531 4.5
    endloop
  endfacet
  facet normal 0.159744 0.526491 0.835038
    outer loop
      vertex -75.1848 71.5827 2.28582
      vertex -74.011 72.4729 1.5
      vertex -74.7262 72.6899 1.5
    endloop
  endfacet
  facet normal 0.159694 0.526539 0.835018
    outer loop
      vertex -74.011 72.4729 1.5
      vertex -75.1848 71.5827 2.28582
      vertex -74.1059 71.0919 2.38897
    endloop
  endfacet
  facet normal -0.485223 -0.259404 0.835026
    outer loop
      vertex -64.0539 82.7229 2.82271
      vertex -65.7599 81.6562 1.5
      vertex -63.8012 82.4675 2.89021
    endloop
  endfacet
  facet normal -0.485264 -0.259335 0.835023
    outer loop
      vertex -65.7599 81.6562 1.5
      vertex -64.0539 82.7229 2.82271
      vertex -66.0417 82.1835 1.5
    endloop
  endfacet
  facet normal -0.485246 -0.259389 0.835017
    outer loop
      vertex -65.0565 83.7363 2.55488
      vertex -66.0417 82.1835 1.5
      vertex -64.0539 82.7229 2.82271
    endloop
  endfacet
  facet normal -0.485258 -0.259378 0.835013
    outer loop
      vertex -66.0417 82.1835 1.5
      vertex -65.0565 83.7363 2.55488
      vertex -66.394 82.8426 1.5
    endloop
  endfacet
  facet normal -0.485267 0.259337 0.835021
    outer loop
      vertex -66.394 75.2174 1.5
      vertex -62.5901 72.6757 4.5
      vertex -66.1122 75.7447 1.5
    endloop
  endfacet
  facet normal -0.425329 0.349042 0.835024
    outer loop
      vertex -66.7733 74.7552 1.5
      vertex -62.5901 72.6757 4.5
      vertex -66.394 75.2174 1.5
    endloop
  endfacet
  facet normal 0.259338 0.485269 0.83502
    outer loop
      vertex -75.9126 73.324 1.5
      vertex -76.1629 72.1498 2.26012
      vertex -75.3853 73.0422 1.5
    endloop
  endfacet
  facet normal 0.259317 0.485275 0.835022
    outer loop
      vertex -76.1629 72.1498 2.26012
      vertex -75.9126 73.324 1.5
      vertex -76.548 72.373 2.25
    endloop
  endfacet
  facet normal -0.259372 0.485243 0.835024
    outer loop
      vertex -68.2874 73.324 1.5
      vertex -67.4108 69.6382 3.91415
      vertex -65.8478 69.673 4.37942
    endloop
  endfacet
  facet normal -0.259371 0.485243 0.835024
    outer loop
      vertex -67.4108 69.6382 3.91415
      vertex -68.2874 73.324 1.5
      vertex -68.0477 69.6594 3.704
    endloop
  endfacet
  facet normal -0.259371 0.485243 0.835024
    outer loop
      vertex -68.0477 69.6594 3.704
      vertex -68.2874 73.324 1.5
      vertex -68.9465 72.9717 1.5
    endloop
  endfacet
  facet normal 0.159656 0.526544 0.835022
    outer loop
      vertex -74.1059 71.0919 2.38897
      vertex -73.4388 72.2994 1.5
      vertex -74.011 72.4729 1.5
    endloop
  endfacet
  facet normal 0.159802 0.526475 0.835037
    outer loop
      vertex -73.4388 72.2994 1.5
      vertex -74.1059 71.0919 2.38897
      vertex -73.7144 70.9137 2.4264
    endloop
  endfacet
  facet normal 0.48527 -0.259326 0.835023
    outer loop
      vertex -78.9683 83.0826 2.25
      vertex -77.806 82.8426 1.5
      vertex -78.757 83.478 2.25
    endloop
  endfacet
  facet normal 0.485267 -0.259336 0.835022
    outer loop
      vertex -77.806 82.8426 1.5
      vertex -78.9683 83.0826 2.25
      vertex -78.0878 82.3153 1.5
    endloop
  endfacet
  facet normal -0.159705 0.526524 0.835025
    outer loop
      vertex -69.4738 72.6899 1.5
      vertex -68.4277 69.6926 3.59002
      vertex -68.221 69.6652 3.64683
    endloop
  endfacet
  facet normal -0.159739 0.526513 0.835026
    outer loop
      vertex -68.4277 69.6926 3.59002
      vertex -69.4738 72.6899 1.5
      vertex -70.046 72.5163 1.5
    endloop
  endfacet
  facet normal -0.25923 0.485292 0.83504
    outer loop
      vertex -68.9465 72.9717 1.5
      vertex -68.221 69.6652 3.64683
      vertex -68.0477 69.6594 3.704
    endloop
  endfacet
  facet normal -0.259333 0.48526 0.835026
    outer loop
      vertex -68.221 69.6652 3.64683
      vertex -68.9465 72.9717 1.5
      vertex -69.4738 72.6899 1.5
    endloop
  endfacet
  facet normal -0.242762 -0.800309 0.548245
    outer loop
      vertex -56.0462 3.17843 1.5
      vertex -55.6804 3.06747 1.5
      vertex -51.5462 18.05 25.2016
    endloop
  endfacet
  facet normal -0.396793 -0.7425 0.539675
    outer loop
      vertex -56.3834 3.35863 1.5
      vertex -56.0462 3.17843 1.5
      vertex -51.8834 18.05 25.0214
    endloop
  endfacet
  facet normal -0.95544 -0.124047 0.267857
    outer loop
      vertex -58.9588 18.05 1.5
      vertex -57.2125 4.59957 1.5
      vertex -52.7125 18.05 23.7804
    endloop
  endfacet
  facet normal 0.254845 -0.840143 0.478763
    outer loop
      vertex -54.9196 3.06747 1.5
      vertex -54.5538 3.17843 1.5
      vertex -50.0538 18.05 25.2016
    endloop
  endfacet
  facet normal 0.754337 -0.615365 0.228693
    outer loop
      vertex -53.6786 3.89664 1.5
      vertex -48.8875 18.05 23.7804
      vertex -48.9984 18.05 24.1462
    endloop
  endfacet
  facet normal 0.0517716 -0.849421 0.525171
    outer loop
      vertex -55.3 3.03 1.5
      vertex -50.4196 18.05 25.3125
      vertex -50.8 18.05 25.35
    endloop
  endfacet
  facet normal -0.679617 -0.557723 0.476515
    outer loop
      vertex -56.9214 3.89664 1.5
      vertex -56.6789 3.60114 1.5
      vertex -52.4214 18.05 24.4834
    endloop
  endfacet
  facet normal 0.25572 -0.840017 0.478517
    outer loop
      vertex -54.5538 3.17843 1.5
      vertex -49.7166 18.05 25.0214
      vertex -50.0538 18.05 25.2016
    endloop
  endfacet
  facet normal -0.543404 -0.662141 0.516025
    outer loop
      vertex -56.6789 3.60114 1.5
      vertex -56.3834 3.35863 1.5
      vertex -52.1789 18.05 24.7789
    endloop
  endfacet
  facet normal -0.944905 -0.1584 0.286468
    outer loop
      vertex -57.2125 4.59957 1.5
      vertex -52.6016 18.05 24.1462
      vertex -52.7125 18.05 23.7804
    endloop
  endfacet
  facet normal 0.42827 -0.801401 0.417542
    outer loop
      vertex -54.5538 3.17843 1.5
      vertex -54.2166 3.35863 1.5
      vertex -49.4211 18.05 24.7789
    endloop
  endfacet
  facet normal 0.86632 -0.484492 0.121477
    outer loop
      vertex -53.6786 3.89664 1.5
      vertex -45.7633 18.05 1.5
      vertex -48.8875 18.05 23.7804
    endloop
  endfacet
  facet normal -0.292571 -0.784011 0.547475
    outer loop
      vertex -56.0462 3.17843 1.5
      vertex -51.5462 18.05 25.2016
      vertex -51.8834 18.05 25.0214
    endloop
  endfacet
  facet normal -0.800351 -0.427797 0.420032
    outer loop
      vertex -57.1016 4.23377 1.5
      vertex -56.9214 3.89664 1.5
      vertex -52.6016 18.05 24.1462
    endloop
  endfacet
  facet normal -0.438962 -0.721938 0.5349
    outer loop
      vertex -56.3834 3.35863 1.5
      vertex -51.8834 18.05 25.0214
      vertex -52.1789 18.05 24.7789
    endloop
  endfacet
  facet normal 0.153209 -0.849202 0.505354
    outer loop
      vertex -54.9196 3.06747 1.5
      vertex -50.0538 18.05 25.2016
      vertex -50.4196 18.05 25.3125
    endloop
  endfacet
  facet normal 0.597827 -0.728456 0.334596
    outer loop
      vertex -54.2166 3.35863 1.5
      vertex -53.9211 3.60114 1.5
      vertex -49.1786 18.05 24.4834
    endloop
  endfacet
  facet normal 0.611539 -0.720567 0.326807
    outer loop
      vertex -53.9211 3.60114 1.5
      vertex -48.9984 18.05 24.1462
      vertex -49.1786 18.05 24.4834
    endloop
  endfacet
  facet normal -0.165967 -0.820223 0.547438
    outer loop
      vertex -55.6804 3.06747 1.5
      vertex -51.1804 18.05 25.3125
      vertex -51.5462 18.05 25.2016
    endloop
  endfacet
  facet normal -0.793569 -0.436351 0.424084
    outer loop
      vertex -56.9214 3.89664 1.5
      vertex -52.4214 18.05 24.4834
      vertex -52.6016 18.05 24.1462
    endloop
  endfacet
  facet normal -0.898347 -0.272353 0.344669
    outer loop
      vertex -57.2125 4.59957 1.5
      vertex -57.1016 4.23377 1.5
      vertex -52.6016 18.05 24.1462
    endloop
  endfacet
  facet normal 0.0837742 -0.850486 0.519284
    outer loop
      vertex -55.3 3.03 1.5
      vertex -54.9196 3.06747 1.5
      vertex -50.4196 18.05 25.3125
    endloop
  endfacet
  facet normal 0.752236 -0.617317 0.230348
    outer loop
      vertex -53.9211 3.60114 1.5
      vertex -53.6786 3.89664 1.5
      vertex -48.9984 18.05 24.1462
    endloop
  endfacet
  facet normal -0.0531652 -0.840429 0.539308
    outer loop
      vertex -55.3 3.03 1.5
      vertex -50.8 18.05 25.35
      vertex -51.1804 18.05 25.3125
    endloop
  endfacet
  facet normal -0.0823899 -0.836432 0.541842
    outer loop
      vertex -55.6804 3.06747 1.5
      vertex -55.3 3.03 1.5
      vertex -51.1804 18.05 25.3125
    endloop
  endfacet
  facet normal -0.609145 -0.615672 0.499891
    outer loop
      vertex -56.6789 3.60114 1.5
      vertex -52.1789 18.05 24.7789
      vertex -52.4214 18.05 24.4834
    endloop
  endfacet
  facet normal 0.363721 -0.819309 0.443215
    outer loop
      vertex -54.5538 3.17843 1.5
      vertex -49.4211 18.05 24.7789
      vertex -49.7166 18.05 25.0214
    endloop
  endfacet
  facet normal 0.481138 -0.782691 0.394843
    outer loop
      vertex -54.2166 3.35863 1.5
      vertex -49.1786 18.05 24.4834
      vertex -49.4211 18.05 24.7789
    endloop
  endfacet
  facet normal -0.0837742 -0.850486 0.519284
    outer loop
      vertex -33.1804 18.05 25.3125
      vertex -28.6804 3.06747 1.5
      vertex -28.3 3.03 1.5
    endloop
  endfacet
  facet normal 0.396793 -0.7425 0.539675
    outer loop
      vertex -31.7166 18.05 25.0214
      vertex -27.5538 3.17843 1.5
      vertex -27.2166 3.35863 1.5
    endloop
  endfacet
  facet normal 0.290275 -0.956943 0
    outer loop
      vertex -27.9196 3.06747 -1.5
      vertex -27.5538 3.17843 1.5
      vertex -27.9196 3.06747 1.5
    endloop
  endfacet
  facet normal 0.290275 -0.956943 0
    outer loop
      vertex -27.5538 3.17843 1.5
      vertex -27.9196 3.06747 -1.5
      vertex -27.5538 3.17843 -1.5
    endloop
  endfacet
  facet normal -0.153209 -0.849202 0.505354
    outer loop
      vertex -33.5462 18.05 25.2016
      vertex -28.6804 3.06747 1.5
      vertex -33.1804 18.05 25.3125
    endloop
  endfacet
  facet normal 0.543404 -0.662141 0.516025
    outer loop
      vertex -31.4211 18.05 24.7789
      vertex -27.2166 3.35863 1.5
      vertex -26.9211 3.60114 1.5
    endloop
  endfacet
  facet normal -0.363721 -0.819309 0.443215
    outer loop
      vertex -34.1789 18.05 24.7789
      vertex -29.0462 3.17843 1.5
      vertex -33.8834 18.05 25.0214
    endloop
  endfacet
  facet normal 0.800351 -0.427797 0.420032
    outer loop
      vertex -30.9984 18.05 24.1462
      vertex -26.6786 3.89664 1.5
      vertex -26.4984 4.23377 1.5
    endloop
  endfacet
  facet normal -0.0517716 -0.849421 0.525171
    outer loop
      vertex -33.1804 18.05 25.3125
      vertex -28.3 3.03 1.5
      vertex -32.8 18.05 25.35
    endloop
  endfacet
  facet normal 0.898347 -0.272353 0.344669
    outer loop
      vertex -30.9984 18.05 24.1462
      vertex -26.4984 4.23377 1.5
      vertex -26.3875 4.59957 1.5
    endloop
  endfacet
  facet normal 0.292571 -0.784011 0.547475
    outer loop
      vertex -32.0538 18.05 25.2016
      vertex -27.5538 3.17843 1.5
      vertex -31.7166 18.05 25.0214
    endloop
  endfacet
  facet normal -0.254845 -0.840143 0.478763
    outer loop
      vertex -33.5462 18.05 25.2016
      vertex -29.0462 3.17843 1.5
      vertex -28.6804 3.06747 1.5
    endloop
  endfacet
  facet normal -0.42827 -0.801401 0.417542
    outer loop
      vertex -34.1789 18.05 24.7789
      vertex -29.3834 3.35863 1.5
      vertex -29.0462 3.17843 1.5
    endloop
  endfacet
  facet normal -0.597827 -0.728456 0.334596
    outer loop
      vertex -34.4214 18.05 24.4834
      vertex -29.6789 3.60114 1.5
      vertex -29.3834 3.35863 1.5
    endloop
  endfacet
  facet normal 0.95544 -0.124047 0.267857
    outer loop
      vertex -30.8875 18.05 23.7804
      vertex -26.3875 4.59957 1.5
      vertex -24.6412 18.05 1.5
    endloop
  endfacet
  facet normal -0.86632 -0.484492 0.121477
    outer loop
      vertex -37.8367 18.05 1.5
      vertex -29.9214 3.89664 1.5
      vertex -34.7125 18.05 23.7804
    endloop
  endfacet
  facet normal 0.944905 -0.1584 0.286468
    outer loop
      vertex -30.9984 18.05 24.1462
      vertex -26.3875 4.59957 1.5
      vertex -30.8875 18.05 23.7804
    endloop
  endfacet
  facet normal 0.793569 -0.436351 0.424084
    outer loop
      vertex -31.1786 18.05 24.4834
      vertex -26.6786 3.89664 1.5
      vertex -30.9984 18.05 24.1462
    endloop
  endfacet
  facet normal 0.679617 -0.557723 0.476515
    outer loop
      vertex -31.1786 18.05 24.4834
      vertex -26.9211 3.60114 1.5
      vertex -26.6786 3.89664 1.5
    endloop
  endfacet
  facet normal -0.754337 -0.615365 0.228693
    outer loop
      vertex -34.7125 18.05 23.7804
      vertex -29.9214 3.89664 1.5
      vertex -34.6016 18.05 24.1462
    endloop
  endfacet
  facet normal 0.609145 -0.615672 0.499891
    outer loop
      vertex -31.4211 18.05 24.7789
      vertex -26.9211 3.60114 1.5
      vertex -31.1786 18.05 24.4834
    endloop
  endfacet
  facet normal 0.438962 -0.721938 0.5349
    outer loop
      vertex -31.7166 18.05 25.0214
      vertex -27.2166 3.35863 1.5
      vertex -31.4211 18.05 24.7789
    endloop
  endfacet
  facet normal -0.481138 -0.782691 0.394843
    outer loop
      vertex -34.4214 18.05 24.4834
      vertex -29.3834 3.35863 1.5
      vertex -34.1789 18.05 24.7789
    endloop
  endfacet
  facet normal -0.25572 -0.840017 0.478517
    outer loop
      vertex -33.8834 18.05 25.0214
      vertex -29.0462 3.17843 1.5
      vertex -33.5462 18.05 25.2016
    endloop
  endfacet
  facet normal 0.242762 -0.800309 0.548245
    outer loop
      vertex -32.0538 18.05 25.2016
      vertex -27.9196 3.06747 1.5
      vertex -27.5538 3.17843 1.5
    endloop
  endfacet
  facet normal -0.611539 -0.720567 0.326807
    outer loop
      vertex -34.6016 18.05 24.1462
      vertex -29.6789 3.60114 1.5
      vertex -34.4214 18.05 24.4834
    endloop
  endfacet
  facet normal -0.752236 -0.617317 0.230348
    outer loop
      vertex -34.6016 18.05 24.1462
      vertex -29.9214 3.89664 1.5
      vertex -29.6789 3.60114 1.5
    endloop
  endfacet
  facet normal 0.0531652 -0.840429 0.539308
    outer loop
      vertex -32.8 18.05 25.35
      vertex -28.3 3.03 1.5
      vertex -32.4196 18.05 25.3125
    endloop
  endfacet
  facet normal 0.165967 -0.820223 0.547438
    outer loop
      vertex -32.4196 18.05 25.3125
      vertex -27.9196 3.06747 1.5
      vertex -32.0538 18.05 25.2016
    endloop
  endfacet
  facet normal 0.0823899 -0.836432 0.541842
    outer loop
      vertex -32.4196 18.05 25.3125
      vertex -28.3 3.03 1.5
      vertex -27.9196 3.06747 1.5
    endloop
  endfacet
  facet normal -0.371436 0.615284 0.695314
    outer loop
      vertex -17.1746 33.1949 8.59692
      vertex -22.0637 21.95 15.9358
      vertex -17.0384 33.2116 8.6549
    endloop
  endfacet
  facet normal -0.371604 0.615293 0.695216
    outer loop
      vertex -22.0637 21.95 15.9358
      vertex -17.1746 33.1949 8.59692
      vertex -22.323 21.95 15.7972
    endloop
  endfacet
  facet normal -0.614776 0.606015 0.504774
    outer loop
      vertex -22.7369 21.95 15.3834
      vertex -17.342 33.1688 8.48505
      vertex -17.4448 33.1467 8.38638
    endloop
  endfacet
  facet normal -0.614818 0.606008 0.50473
    outer loop
      vertex -22.5503 21.95 15.6107
      vertex -17.342 33.1688 8.48505
      vertex -22.7369 21.95 15.3834
    endloop
  endfacet
  facet normal 0.475911 -0.873304 -0.104156
    outer loop
      vertex -18.4034 32.8061 7.21897
      vertex -18.3169 32.84 7.32997
      vertex -18.3937 32.8099 7.23143
    endloop
  endfacet
  facet normal -0.720242 0.577065 0.385031
    outer loop
      vertex -22.8755 21.95 15.124
      vertex -18.3169 32.84 7.32997
      vertex -18.4034 32.8061 7.21897
    endloop
  endfacet
  facet normal -0.720356 0.577014 0.384893
    outer loop
      vertex -18.3169 32.84 7.32997
      vertex -22.8755 21.95 15.124
      vertex -22.7369 21.95 15.3834
    endloop
  endfacet
  facet normal 0.763602 0.0750831 0.641307
    outer loop
      vertex -15.5125 32.9637 8.46717
      vertex -20.429 21.95 15.6107
      vertex -15.4751 32.9384 8.4256
    endloop
  endfacet
  facet normal 0.824103 4.16683e-06 0.56644
    outer loop
      vertex -18.7819 21.95 13.2584
      vertex -15.405 32.8898 8.34533
      vertex -20.2425 21.95 15.3834
    endloop
  endfacet
  facet normal 0.82411 -2.9662e-06 0.566429
    outer loop
      vertex -15.405 32.8898 8.34533
      vertex -18.7819 21.95 13.2584
      vertex -15.2 32.7145 8.04707
    endloop
  endfacet
  facet normal 0.8241 7.51741e-06 0.566444
    outer loop
      vertex -15.2 32.7145 8.04707
      vertex -18.7819 21.95 13.2584
      vertex -14.9324 32.5384 7.65775
    endloop
  endfacet
  facet normal 0.824192 -9.64664e-05 0.56631
    outer loop
      vertex -14.9324 32.5384 7.65775
      vertex -18.7819 21.95 13.2584
      vertex -14.8394 32.4772 7.52239
    endloop
  endfacet
  facet normal 0.148941 0.490327 0.858718
    outer loop
      vertex -21.197 21.95 16.0212
      vertex -16.2164 33.1781 8.74611
      vertex -16.3064 33.1912 8.75424
    endloop
  endfacet
  facet normal -0.745704 0.564698 0.353612
    outer loop
      vertex -29.3364 21.95 1.5
      vertex -19.9251 32.1227 5.10153
      vertex -22.2801 31.2681 1.5
    endloop
  endfacet
  facet normal -0.745702 0.564688 0.353634
    outer loop
      vertex -22.8755 21.95 15.124
      vertex -19.9251 32.1227 5.10153
      vertex -29.3364 21.95 1.5
    endloop
  endfacet
  facet normal -0.745695 0.564693 0.353641
    outer loop
      vertex -19.9251 32.1227 5.10153
      vertex -22.8755 21.95 15.124
      vertex -18.4034 32.8061 7.21897
    endloop
  endfacet
  facet normal -0.178506 0.589028 0.788151
    outer loop
      vertex -21.7823 21.95 16.0212
      vertex -16.7597 33.2246 8.73264
      vertex -16.8336 33.2236 8.71665
    endloop
  endfacet
  facet normal -0.699329 0.586173 0.409072
    outer loop
      vertex -17.4448 33.1467 8.38638
      vertex -18.2386 32.8689 7.42741
      vertex -22.7369 21.95 15.3834
    endloop
  endfacet
  facet normal 0.875804 -0.0675921 0.477911
    outer loop
      vertex -18.7819 21.95 13.2584
      vertex -14.2039 31.8911 6.2749
      vertex -14.8394 32.4772 7.52239
    endloop
  endfacet
  facet normal 0.908314 -0.41829 0
    outer loop
      vertex -14.2039 31.8911 6.2749
      vertex -18.7819 21.95 13.2584
      vertex -14.2039 31.8911 6.27489
    endloop
  endfacet
  facet normal 0.8758 -0.0675846 0.477918
    outer loop
      vertex -18.7819 21.95 13.2584
      vertex -12.5885 30.4013 3.10394
      vertex -14.2039 31.8911 6.27489
    endloop
  endfacet
  facet normal 0.875805 -0.0676012 0.477908
    outer loop
      vertex -12.3656 21.95 1.5
      vertex -12.5885 30.4013 3.10394
      vertex -18.7819 21.95 13.2584
    endloop
  endfacet
  facet normal 0.999652 0.0263655 0
    outer loop
      vertex -12.5885 30.4013 3.10394
      vertex -12.3656 21.95 1.5
      vertex -12.5885 30.4013 3.10393
    endloop
  endfacet
  facet normal 0.89548 -0.0600827 0.441029
    outer loop
      vertex -12.5885 30.4013 3.10393
      vertex -12.3656 21.95 1.5
      vertex -12.5882 30.401 3.10328
    endloop
  endfacet
  facet normal 0.875811 -0.0675954 0.477898
    outer loop
      vertex -12.5882 30.401 3.10328
      vertex -12.3656 21.95 1.5
      vertex -11.7609 29.7849 1.5
    endloop
  endfacet
  facet normal 0.260635 0.440758 0.858954
    outer loop
      vertex -16.1273 33.161 8.73013
      vertex -20.9156 21.95 15.9358
      vertex -15.9987 33.135 8.70445
    endloop
  endfacet
  facet normal 0.260677 0.440739 0.858951
    outer loop
      vertex -20.9156 21.95 15.9358
      vertex -16.1273 33.161 8.73013
      vertex -21.197 21.95 16.0212
    endloop
  endfacet
  facet normal 0.642023 0.194422 0.741624
    outer loop
      vertex -15.5125 32.9637 8.46717
      vertex -15.5649 32.989 8.5059
      vertex -20.429 21.95 15.6107
    endloop
  endfacet
  facet normal 0.0784599 0.516924 0.852428
    outer loop
      vertex -16.3122 33.1918 8.75441
      vertex -21.197 21.95 16.0212
      vertex -16.3064 33.1912 8.75424
    endloop
  endfacet
  facet normal 0.0840598 0.514927 0.853103
    outer loop
      vertex -16.4455 33.207 8.75837
      vertex -21.197 21.95 16.0212
      vertex -16.3122 33.1918 8.75441
    endloop
  endfacet
  facet normal 0.0839391 0.514969 0.853089
    outer loop
      vertex -21.197 21.95 16.0212
      vertex -16.4455 33.207 8.75837
      vertex -21.4897 21.95 16.05
    endloop
  endfacet
  facet normal -0.498996 0.617676 0.607848
    outer loop
      vertex -17.2594 33.1767 8.5458
      vertex -22.323 21.95 15.7972
      vertex -17.1746 33.1949 8.59692
    endloop
  endfacet
  facet normal -0.498839 0.617684 0.607969
    outer loop
      vertex -22.323 21.95 15.7972
      vertex -17.2594 33.1767 8.5458
      vertex -22.5503 21.95 15.6107
    endloop
  endfacet
  facet normal -0.499595 0.617663 0.60737
    outer loop
      vertex -22.5503 21.95 15.6107
      vertex -17.2594 33.1767 8.5458
      vertex -17.2975 33.1732 8.51802
    endloop
  endfacet
  facet normal -0.506797 0.617409 0.601634
    outer loop
      vertex -22.5503 21.95 15.6107
      vertex -17.2975 33.1732 8.51802
      vertex -17.342 33.1688 8.48505
    endloop
  endfacet
  facet normal 0.771387 0.0660924 0.632924
    outer loop
      vertex -20.2425 21.95 15.3834
      vertex -15.4751 32.9384 8.4256
      vertex -20.429 21.95 15.6107
    endloop
  endfacet
  facet normal 0.771232 0.066268 0.633095
    outer loop
      vertex -15.4751 32.9384 8.4256
      vertex -20.2425 21.95 15.3834
      vertex -15.4343 32.9101 8.37886
    endloop
  endfacet
  facet normal 0.770961 0.0665768 0.633393
    outer loop
      vertex -15.4343 32.9101 8.37886
      vertex -20.2425 21.95 15.3834
      vertex -15.405 32.8898 8.34533
    endloop
  endfacet
  facet normal 0.529109 0.283035 0.799959
    outer loop
      vertex -20.6563 21.95 15.7972
      vertex -15.6584 33.0319 8.57058
      vertex -15.7244 33.0565 8.60553
    endloop
  endfacet
  facet normal 0.240638 0.450358 0.859809
    outer loop
      vertex -16.1273 33.161 8.73013
      vertex -16.2164 33.1781 8.74611
      vertex -21.197 21.95 16.0212
    endloop
  endfacet
  facet normal 0.443157 0.340243 0.829365
    outer loop
      vertex -15.8374 33.0916 8.65151
      vertex -20.6563 21.95 15.7972
      vertex -15.7244 33.0565 8.60553
    endloop
  endfacet
  facet normal 0.443289 0.340162 0.829328
    outer loop
      vertex -20.6563 21.95 15.7972
      vertex -15.8374 33.0916 8.65151
      vertex -20.9156 21.95 15.9358
    endloop
  endfacet
  facet normal 0.0520406 0.526387 0.848651
    outer loop
      vertex -21.4897 21.95 16.05
      vertex -16.4455 33.207 8.75837
      vertex -16.5335 33.2157 8.75837
    endloop
  endfacet
  facet normal 0.427142 0.350297 0.833572
    outer loop
      vertex -15.8374 33.0916 8.65151
      vertex -15.9143 33.1146 8.68125
      vertex -20.9156 21.95 15.9358
    endloop
  endfacet
  facet normal 0.332044 0.404849 0.851965
    outer loop
      vertex -15.9143 33.1146 8.68125
      vertex -15.9987 33.135 8.70445
      vertex -20.9156 21.95 15.9358
    endloop
  endfacet
  facet normal -0.709468 0.581927 0.397513
    outer loop
      vertex -18.2386 32.8689 7.42741
      vertex -18.3169 32.84 7.32997
      vertex -22.7369 21.95 15.3834
    endloop
  endfacet
  facet normal -0.0807612 0.566247 0.820269
    outer loop
      vertex -16.7597 33.2246 8.73264
      vertex -21.4897 21.95 16.05
      vertex -16.6161 33.2196 8.75023
    endloop
  endfacet
  facet normal -0.080738 0.566241 0.820276
    outer loop
      vertex -21.4897 21.95 16.05
      vertex -16.7597 33.2246 8.73264
      vertex -21.7823 21.95 16.0212
    endloop
  endfacet
  facet normal 0.620037 0.212819 0.755157
    outer loop
      vertex -15.6584 33.0319 8.57058
      vertex -20.429 21.95 15.6107
      vertex -15.5649 32.989 8.5059
    endloop
  endfacet
  facet normal 0.619748 0.213053 0.755328
    outer loop
      vertex -20.429 21.95 15.6107
      vertex -15.6584 33.0319 8.57058
      vertex -20.6563 21.95 15.7972
    endloop
  endfacet
  facet normal -0.0550813 0.5595 0.826998
    outer loop
      vertex -21.4897 21.95 16.05
      vertex -16.5335 33.2157 8.75837
      vertex -16.6161 33.2196 8.75023
    endloop
  endfacet
  facet normal -0.232937 0.598765 0.766304
    outer loop
      vertex -16.9761 33.2175 8.6781
      vertex -21.7823 21.95 16.0212
      vertex -16.8336 33.2236 8.71665
    endloop
  endfacet
  facet normal -0.232603 0.598714 0.766445
    outer loop
      vertex -21.7823 21.95 16.0212
      vertex -16.9761 33.2175 8.6781
      vertex -22.0637 21.95 15.9358
    endloop
  endfacet
  facet normal -0.326318 0.611592 0.720743
    outer loop
      vertex -16.9761 33.2175 8.6781
      vertex -17.0384 33.2116 8.6549
      vertex -22.0637 21.95 15.9358
    endloop
  endfacet
  facet normal -0.213623 0.677409 0.703905
    outer loop
      vertex -60.9659 42.9089 4.43621
      vertex -60.374 21.95 24.7858
      vertex -60.0926 21.95 24.8712
    endloop
  endfacet
  facet normal -0.212847 0.677538 0.704016
    outer loop
      vertex -61.0546 42.9144 4.4041
      vertex -60.374 21.95 24.7858
      vertex -60.9659 42.9089 4.43621
    endloop
  endfacet
  facet normal -0.213935 0.677354 0.703863
    outer loop
      vertex -61.0954 42.92 4.38631
      vertex -60.374 21.95 24.7858
      vertex -61.0546 42.9144 4.4041
    endloop
  endfacet
  facet normal -0.213444 0.677438 0.703932
    outer loop
      vertex -60.374 21.95 24.7858
      vertex -61.0954 42.92 4.38631
      vertex -61.2488 42.9448 4.31593
    endloop
  endfacet
  facet normal 0.910766 0.30709 0.276046
    outer loop
      vertex -59.2673 42.4258 4.01013
      vertex -58.4142 21.95 23.974
      vertex -59.1912 42.3384 3.85628
    endloop
  endfacet
  facet normal 0.994529 0.0911669 0.0510025
    outer loop
      vertex -57.1769 21.95 1.5
      vertex -59.1443 42.2128 3.64378
      vertex -58.3 21.95 23.4
    endloop
  endfacet
  facet normal 0.99453 0.0911707 0.0509684
    outer loop
      vertex -59.1443 42.2128 3.64378
      vertex -57.1769 21.95 1.5
      vertex -59.1077 42.0039 3.30329
    endloop
  endfacet
  facet normal 0.994538 0.0911891 0.050773
    outer loop
      vertex -59.1077 42.0039 3.30329
      vertex -57.1769 21.95 1.5
      vertex -59.102 41.9716 3.24965
    endloop
  endfacet
  facet normal 0.994505 0.0911179 0.0515509
    outer loop
      vertex -59.102 41.9716 3.24965
      vertex -57.1769 21.95 1.5
      vertex -59.0975 41.9492 3.20243
    endloop
  endfacet
  facet normal 0.994521 0.0911519 0.0511702
    outer loop
      vertex -59.0975 41.9492 3.20243
      vertex -57.1769 21.95 1.5
      vertex -59.0622 41.7876 2.80422
    endloop
  endfacet
  facet normal 0.994624 0.0913148 0.0488401
    outer loop
      vertex -59.0622 41.7876 2.80422
      vertex -57.1769 21.95 1.5
      vertex -59.0598 41.7779 2.77348
    endloop
  endfacet
  facet normal 0.994532 0.0911719 0.0509294
    outer loop
      vertex -59.0598 41.7779 2.77348
      vertex -57.1769 21.95 1.5
      vertex -59.0411 41.7502 2.4579
    endloop
  endfacet
  facet normal 0.994479 0.0911125 0.0520532
    outer loop
      vertex -59.0411 41.7502 2.4579
      vertex -57.1769 21.95 1.5
      vertex -59.04 41.7487 2.43951
    endloop
  endfacet
  facet normal 0.994527 0.091165 0.0510428
    outer loop
      vertex -59.04 41.7487 2.43951
      vertex -57.1769 21.95 1.5
      vertex -58.9908 41.738 1.5
    endloop
  endfacet
  facet normal -0.817012 0.384554 0.429662
    outer loop
      vertex -62.8245 42.5515 2.40315
      vertex -64.1 40.8507 1.5
      vertex -62.7581 42.5352 2.544
    endloop
  endfacet
  facet normal -0.817058 0.384709 0.429436
    outer loop
      vertex -62.891 42.6538 2.18498
      vertex -64.1 40.8507 1.5
      vertex -62.8245 42.5515 2.40315
    endloop
  endfacet
  facet normal -0.816596 0.383736 0.431181
    outer loop
      vertex -62.8926 42.6588 2.1775
      vertex -64.1 40.8507 1.5
      vertex -62.891 42.6538 2.18498
    endloop
  endfacet
  facet normal -0.817056 0.384688 0.429459
    outer loop
      vertex -62.6695 43.889 1.5
      vertex -64.1 40.8507 1.5
      vertex -62.8926 42.6588 2.1775
    endloop
  endfacet
  facet normal -0.817278 0.38574 0.42809
    outer loop
      vertex -64.1 40.8507 1.5
      vertex -62.7493 42.5355 2.56053
      vertex -62.7581 42.5352 2.544
    endloop
  endfacet
  facet normal -0.817048 0.384681 0.42948
    outer loop
      vertex -64.1 40.8507 1.5
      vertex -62.5358 42.5669 2.93857
      vertex -62.7493 42.5355 2.56053
    endloop
  endfacet
  facet normal -0.817037 0.38457 0.4296
    outer loop
      vertex -64.1 40.8507 1.5
      vertex -62.2114 42.7264 3.41275
      vertex -62.5358 42.5669 2.93857
    endloop
  endfacet
  facet normal -0.817077 0.385984 0.428254
    outer loop
      vertex -64.1 40.8507 1.5
      vertex -62.1838 42.7409 3.45234
      vertex -62.2114 42.7264 3.41275
    endloop
  endfacet
  facet normal -0.817039 0.384409 0.42974
    outer loop
      vertex -64.1 40.8507 1.5
      vertex -62.0556 42.825 3.62085
      vertex -62.1838 42.7409 3.45234
    endloop
  endfacet
  facet normal -0.817043 0.384696 0.429477
    outer loop
      vertex -64.1 22.53 17.9104
      vertex -62.0556 42.825 3.62085
      vertex -64.1 40.8507 1.5
    endloop
  endfacet
  facet normal -0.817056 0.384668 0.429476
    outer loop
      vertex -61.1858 21.95 23.974
      vertex -64.1 22.53 17.9104
      vertex -64.148 22.0423 18.2559
    endloop
  endfacet
  facet normal -0.817046 0.384693 0.429474
    outer loop
      vertex -64.1 22.53 17.9104
      vertex -61.1858 21.95 23.974
      vertex -62.0556 42.825 3.62085
    endloop
  endfacet
  facet normal -0.817058 0.384662 0.429477
    outer loop
      vertex -61.1858 21.95 23.974
      vertex -64.148 22.0423 18.2559
      vertex -64.176 21.95 18.2853
    endloop
  endfacet
  facet normal 0.647985 0.545381 0.531672
    outer loop
      vertex -58.5528 21.95 24.2334
      vertex -59.4366 42.5223 4.2078
      vertex -58.7393 21.95 24.4607
    endloop
  endfacet
  facet normal 0.648442 0.545119 0.531383
    outer loop
      vertex -59.4366 42.5223 4.2078
      vertex -58.5528 21.95 24.2334
      vertex -59.4095 42.5107 4.18663
    endloop
  endfacet
  facet normal 0.0701568 0.697877 0.712773
    outer loop
      vertex -60.6331 42.8517 4.51712
      vertex -59.8 21.95 24.9
      vertex -59.5074 21.95 24.8712
    endloop
  endfacet
  facet normal 0.0705001 0.697867 0.712749
    outer loop
      vertex -60.6702 42.8589 4.51374
      vertex -59.8 21.95 24.9
      vertex -60.6331 42.8517 4.51712
    endloop
  endfacet
  facet normal 0.0539872 0.698234 0.713831
    outer loop
      vertex -59.8 21.95 24.9
      vertex -60.6702 42.8589 4.51374
      vertex -60.6712 42.8591 4.51362
    endloop
  endfacet
  facet normal -0.360791 0.64333 0.675246
    outer loop
      vertex -61.2488 42.9448 4.31593
      vertex -60.6334 21.95 24.6472
      vertex -60.374 21.95 24.7858
    endloop
  endfacet
  facet normal -0.361114 0.643238 0.675161
    outer loop
      vertex -61.4321 42.9488 4.21408
      vertex -60.6334 21.95 24.6472
      vertex -61.2488 42.9448 4.31593
    endloop
  endfacet
  facet normal -0.361201 0.643212 0.675138
    outer loop
      vertex -60.6334 21.95 24.6472
      vertex -61.4321 42.9488 4.21408
      vertex -61.5087 42.9594 4.163
    endloop
  endfacet
  facet normal 0.910578 0.307378 0.276345
    outer loop
      vertex -58.3288 21.95 23.6926
      vertex -59.1912 42.3384 3.85628
      vertex -58.4142 21.95 23.974
    endloop
  endfacet
  facet normal 0.910602 0.307341 0.276306
    outer loop
      vertex -59.1912 42.3384 3.85628
      vertex -58.3288 21.95 23.6926
      vertex -59.1777 42.3229 3.82903
    endloop
  endfacet
  facet normal -0.0728697 0.694701 0.715598
    outer loop
      vertex -60.7163 42.8643 4.50414
      vertex -60.0926 21.95 24.8712
      vertex -60.709 42.8635 4.50566
    endloop
  endfacet
  facet normal -0.0706168 0.694848 0.715681
    outer loop
      vertex -60.0926 21.95 24.8712
      vertex -60.7163 42.8643 4.50414
      vertex -60.9659 42.9089 4.43621
    endloop
  endfacet
  facet normal 0.789754 0.444783 0.422441
    outer loop
      vertex -59.3479 42.4697 4.11459
      vertex -58.4142 21.95 23.974
      vertex -59.2673 42.4258 4.01013
    endloop
  endfacet
  facet normal 0.789775 0.444765 0.422421
    outer loop
      vertex -59.3792 42.4886 4.15321
      vertex -58.4142 21.95 23.974
      vertex -59.3479 42.4697 4.11459
    endloop
  endfacet
  facet normal 0.790907 0.443776 0.421341
    outer loop
      vertex -58.4142 21.95 23.974
      vertex -59.3792 42.4886 4.15321
      vertex -59.3889 42.4957 4.16394
    endloop
  endfacet
  facet normal -0.0704435 0.69486 0.715687
    outer loop
      vertex -60.6712 42.8591 4.51362
      vertex -60.0926 21.95 24.8712
      vertex -59.8 21.95 24.9
    endloop
  endfacet
  facet normal -0.0698278 0.694899 0.715709
    outer loop
      vertex -60.0926 21.95 24.8712
      vertex -60.6712 42.8591 4.51362
      vertex -60.709 42.8635 4.50566
    endloop
  endfacet
  facet normal -0.665945 0.506374 0.547817
    outer loop
      vertex -61.0472 21.95 24.2334
      vertex -61.8971 42.9146 3.82162
      vertex -61.9206 42.9106 3.79675
    endloop
  endfacet
  facet normal -0.666922 0.505744 0.54721
    outer loop
      vertex -61.8971 42.9146 3.82162
      vertex -61.0472 21.95 24.2334
      vertex -60.8607 21.95 24.4607
    endloop
  endfacet
  facet normal -0.813464 0.388307 0.433006
    outer loop
      vertex -61.1858 21.95 23.974
      vertex -61.9206 42.9106 3.79675
      vertex -61.9377 42.8997 3.7744
    endloop
  endfacet
  facet normal -0.81239 0.389367 0.434068
    outer loop
      vertex -61.9206 42.9106 3.79675
      vertex -61.1858 21.95 23.974
      vertex -61.0472 21.95 24.2334
    endloop
  endfacet
  facet normal 0.500112 0.61512 0.60952
    outer loop
      vertex -58.7393 21.95 24.4607
      vertex -59.8299 42.6693 4.44587
      vertex -58.9666 21.95 24.6472
    endloop
  endfacet
  facet normal 0.500257 0.615066 0.609456
    outer loop
      vertex -58.7393 21.95 24.4607
      vertex -59.6982 42.6212 4.38631
      vertex -59.8299 42.6693 4.44587
    endloop
  endfacet
  facet normal 0.501024 0.614775 0.60912
    outer loop
      vertex -58.7393 21.95 24.4607
      vertex -59.6564 42.6059 4.36737
      vertex -59.6982 42.6212 4.38631
    endloop
  endfacet
  facet normal 0.498711 0.615654 0.610129
    outer loop
      vertex -58.7393 21.95 24.4607
      vertex -59.6148 42.5956 4.34376
      vertex -59.6564 42.6059 4.36737
    endloop
  endfacet
  facet normal 0.500944 0.614802 0.609157
    outer loop
      vertex -59.6148 42.5956 4.34376
      vertex -58.7393 21.95 24.4607
      vertex -59.5994 42.5919 4.33483
    endloop
  endfacet
  facet normal 0.353854 0.660451 0.662263
    outer loop
      vertex -59.8299 42.6693 4.44587
      vertex -59.226 21.95 24.7858
      vertex -58.9666 21.95 24.6472
    endloop
  endfacet
  facet normal 0.353754 0.660476 0.662291
    outer loop
      vertex -59.9833 42.7034 4.4938
      vertex -59.226 21.95 24.7858
      vertex -59.8299 42.6693 4.44587
    endloop
  endfacet
  facet normal 0.354044 0.660404 0.662208
    outer loop
      vertex -59.226 21.95 24.7858
      vertex -59.9833 42.7034 4.4938
      vertex -60.0922 42.7392 4.51632
    endloop
  endfacet
  facet normal 0.790068 0.444509 0.422141
    outer loop
      vertex -58.4142 21.95 23.974
      vertex -59.4095 42.5107 4.18663
      vertex -58.5528 21.95 24.2334
    endloop
  endfacet
  facet normal 0.789537 0.444971 0.422648
    outer loop
      vertex -59.4095 42.5107 4.18663
      vertex -58.4142 21.95 23.974
      vertex -59.3889 42.4957 4.16394
    endloop
  endfacet
  facet normal 0.0703324 0.697873 0.71276
    outer loop
      vertex -60.6331 42.8517 4.51712
      vertex -59.5074 21.95 24.8712
      vertex -60.3762 42.8019 4.54053
    endloop
  endfacet
  facet normal -0.812262 0.389495 0.434194
    outer loop
      vertex -62.0556 42.825 3.62085
      vertex -61.1858 21.95 23.974
      vertex -61.9377 42.8997 3.7744
    endloop
  endfacet
  facet normal 0.648002 0.545371 0.531661
    outer loop
      vertex -59.5994 42.5919 4.33483
      vertex -58.7393 21.95 24.4607
      vertex -59.4366 42.5223 4.2078
    endloop
  endfacet
  facet normal 0.21106 0.686868 0.695461
    outer loop
      vertex -60.0922 42.7392 4.51632
      vertex -59.5074 21.95 24.8712
      vertex -59.226 21.95 24.7858
    endloop
  endfacet
  facet normal 0.211176 0.686852 0.695441
    outer loop
      vertex -60.2945 42.7813 4.53617
      vertex -59.5074 21.95 24.8712
      vertex -60.0922 42.7392 4.51632
    endloop
  endfacet
  facet normal 0.210569 0.686932 0.695546
    outer loop
      vertex -60.341 42.7912 4.54047
      vertex -59.5074 21.95 24.8712
      vertex -60.2945 42.7813 4.53617
    endloop
  endfacet
  facet normal 0.210019 0.687004 0.695642
    outer loop
      vertex -59.5074 21.95 24.8712
      vertex -60.341 42.7912 4.54047
      vertex -60.3762 42.8019 4.54053
    endloop
  endfacet
  facet normal -0.66666 0.505913 0.547373
    outer loop
      vertex -61.7659 42.9403 3.95778
      vertex -60.8607 21.95 24.4607
      vertex -61.7356 42.9495 3.98618
    endloop
  endfacet
  facet normal -0.667255 0.505527 0.547003
    outer loop
      vertex -61.8023 42.9307 3.92225
      vertex -60.8607 21.95 24.4607
      vertex -61.7659 42.9403 3.95778
    endloop
  endfacet
  facet normal -0.666826 0.505806 0.547269
    outer loop
      vertex -60.8607 21.95 24.4607
      vertex -61.8023 42.9307 3.92225
      vertex -61.8971 42.9146 3.82162
    endloop
  endfacet
  facet normal 0.985984 0.135706 0.0970484
    outer loop
      vertex -58.3 21.95 23.4
      vertex -59.1777 42.3229 3.82903
      vertex -58.3288 21.95 23.6926
    endloop
  endfacet
  facet normal 0.988453 0.124943 0.0857335
    outer loop
      vertex -59.1777 42.3229 3.82903
      vertex -58.3 21.95 23.4
      vertex -59.1776 42.3225 3.82846
    endloop
  endfacet
  facet normal 0.985832 0.136335 0.0977095
    outer loop
      vertex -59.1776 42.3225 3.82846
      vertex -58.3 21.95 23.4
      vertex -59.1653 42.2798 3.76394
    endloop
  endfacet
  facet normal 0.986043 0.135462 0.0967957
    outer loop
      vertex -59.1653 42.2798 3.76394
      vertex -58.3 21.95 23.4
      vertex -59.1443 42.2128 3.64378
    endloop
  endfacet
  facet normal -0.512978 0.588199 0.6252
    outer loop
      vertex -61.5087 42.9594 4.163
      vertex -60.8607 21.95 24.4607
      vertex -60.6334 21.95 24.6472
    endloop
  endfacet
  facet normal -0.5129 0.588233 0.625232
    outer loop
      vertex -60.8607 21.95 24.4607
      vertex -61.5087 42.9594 4.163
      vertex -61.7356 42.9495 3.98618
    endloop
  endfacet
  facet normal 0.494633 -0.139752 0.857792
    outer loop
      vertex -6.45269 38.4268 4.14116
      vertex -1.262 41.1565 1.59275
      vertex -1.25578 41.4724 1.64063
    endloop
  endfacet
  facet normal 0.494628 -0.139738 0.857797
    outer loop
      vertex -1.262 41.1565 1.59275
      vertex -6.45269 38.4268 4.14116
      vertex -1.2632 41.0959 1.58357
    endloop
  endfacet
  facet normal 0.494697 -0.139941 0.857724
    outer loop
      vertex -6.47026 38.4003 4.14697
      vertex -1.2632 41.0959 1.58357
      vertex -6.45269 38.4268 4.14116
    endloop
  endfacet
  facet normal 0.494628 -0.139738 0.857798
    outer loop
      vertex -1.2632 41.0959 1.58357
      vertex -6.47026 38.4003 4.14697
      vertex -6.87454 37.9525 4.30714
    endloop
  endfacet
  facet normal 0.494657 -0.139786 0.857773
    outer loop
      vertex -15.6584 33.0319 8.57058
      vertex -12.6635 34.7096 7.1169
      vertex -12.8677 34.6674 7.22778
    endloop
  endfacet
  facet normal 0 0 1
    outer loop
      vertex -1.07155 43.343 1.64062
      vertex -1.09095 43.1459 1.64062
      vertex -1.07155 43.3429 1.64062
    endloop
  endfacet
  facet normal 0 -0 1
    outer loop
      vertex -1.09095 43.1459 1.64062
      vertex -1.07155 43.343 1.64062
      vertex -1.1736 42.3068 1.64062
    endloop
  endfacet
  facet normal 0.47627 -0.0949659 0.874156
    outer loop
      vertex -4.91891 41.6344 3.65401
      vertex -2.16096 41.6525 2.15335
      vertex -4.76953 42.1713 3.63095
    endloop
  endfacet
  facet normal 0.47627 -0.0949767 0.874155
    outer loop
      vertex -5.13641 40.8527 3.68758
      vertex -2.16096 41.6525 2.15335
      vertex -4.91891 41.6344 3.65401
    endloop
  endfacet
  facet normal 0.476272 -0.0949923 0.874152
    outer loop
      vertex -5.36084 40.3522 3.75547
      vertex -2.16096 41.6525 2.15335
      vertex -5.13641 40.8527 3.68758
    endloop
  endfacet
  facet normal 0.476268 -0.0949755 0.874156
    outer loop
      vertex -5.70279 39.5896 3.85892
      vertex -2.16096 41.6525 2.15335
      vertex -5.36084 40.3522 3.75547
    endloop
  endfacet
  facet normal 0.476259 -0.0949539 0.874163
    outer loop
      vertex -2.16096 41.6525 2.15335
      vertex -5.70279 39.5896 3.85892
      vertex -1.25578 41.4724 1.64063
    endloop
  endfacet
  facet normal 0.476259 -0.0949563 0.874163
    outer loop
      vertex -5.99157 39.1418 3.96761
      vertex -1.25578 41.4724 1.64063
      vertex -5.70279 39.5896 3.85892
    endloop
  endfacet
  facet normal 0.476265 -0.0949722 0.874158
    outer loop
      vertex -1.25578 41.4724 1.64063
      vertex -5.99157 39.1418 3.96761
      vertex -6.45269 38.4268 4.14116
    endloop
  endfacet
  facet normal 0.476268 -0.0949571 0.874158
    outer loop
      vertex -13.383 34.5664 7.49756
      vertex -15.6584 33.0319 8.57058
      vertex -12.8677 34.6674 7.22778
    endloop
  endfacet
  facet normal 0.476253 -0.0949263 0.874169
    outer loop
      vertex -13.8821 34.5591 7.76868
      vertex -15.6584 33.0319 8.57058
      vertex -13.383 34.5664 7.49756
    endloop
  endfacet
  facet normal 0.309148 0.37682 0.873175
    outer loop
      vertex -7.52983 49.1556 3.63095
      vertex -7.41501 49.0614 3.63095
      vertex -7.2303 49.4523 3.39686
    endloop
  endfacet
  facet normal 0.0646664 0.0379636 -0.997185
    outer loop
      vertex -4.11677 48.5301 0
      vertex -0.340986 42.0985 0
      vertex -0.340987 42.0985 -6.4849e-08
    endloop
  endfacet
  facet normal 0.862374 0.506272 -3.14609e-05
    outer loop
      vertex -4.11677 48.5301 0
      vertex -0.744151 42.7853 0.905391
      vertex -0.340986 42.0985 0
    endloop
  endfacet
  facet normal 0.330342 0.499146 -0.801079
    outer loop
      vertex -1.18135 43.53 1.71186
      vertex -1.11294 43.4135 1.66748
      vertex -1.07155 43.343 1.64062
    endloop
  endfacet
  facet normal 0.485083 -0.0478779 0.873156
    outer loop
      vertex -3.22418 43.53 2.84677
      vertex -1.07155 43.343 1.64062
      vertex -1.11294 43.4135 1.66748
    endloop
  endfacet
  facet normal 0.485091 -0.0475938 0.873168
    outer loop
      vertex -4.63675 43.5194 3.63095
      vertex -3.22418 43.53 2.84677
      vertex -4.63571 43.53 3.63095
    endloop
  endfacet
  facet normal 0.485087 -0.0478369 0.873157
    outer loop
      vertex -3.22418 43.53 2.84677
      vertex -4.63675 43.5194 3.63095
      vertex -1.07155 43.343 1.64062
    endloop
  endfacet
  facet normal 0.241304 0.422514 0.873644
    outer loop
      vertex -20.6508 54.9024 4.5
      vertex -15.5291 52.5978 4.19992
      vertex -17.3892 56.5575 2.79869
    endloop
  endfacet
  facet normal 0.225921 0.175655 0.958178
    outer loop
      vertex -15.9987 33.135 8.70445
      vertex -15.0334 34.6574 8.19776
      vertex -15.0504 34.6605 8.2012
    endloop
  endfacet
  facet normal 0.226524 0.17525 0.95811
    outer loop
      vertex -15.0334 34.6574 8.19776
      vertex -15.9987 33.135 8.70445
      vertex -14.9341 34.6391 8.17763
    endloop
  endfacet
  facet normal 0.226725 0.175125 0.958085
    outer loop
      vertex -16.1273 33.161 8.73013
      vertex -15.9987 33.135 8.70445
      vertex -15.0504 34.6605 8.2012
    endloop
  endfacet
  facet normal 0.466452 0.141489 0.873157
    outer loop
      vertex -4.80103 44.9925 3.63095
      vertex -4.46816 44.9486 3.46024
      vertex -3.60918 45.9642 2.83679
    endloop
  endfacet
  facet normal 0.466455 0.141554 0.873145
    outer loop
      vertex -4.46816 44.9486 3.46024
      vertex -4.80103 44.9925 3.63095
      vertex -4.76953 44.8887 3.63095
    endloop
  endfacet
  facet normal -0.499157 0.505367 -0.70388
    outer loop
      vertex -4.27147 44.9877 3.34883
      vertex -4.46816 44.9486 3.46024
      vertex -4.76953 44.8887 3.63095
    endloop
  endfacet
  facet normal -0.86238 -0.506262 -0
    outer loop
      vertex -0.744151 42.7853 0.905391
      vertex -1.07155 43.343 1.64062
      vertex -0.744151 42.7853 0.90539
    endloop
  endfacet
  facet normal 0.48509 -0.047779 0.873158
    outer loop
      vertex -4.71463 42.7287 3.63095
      vertex -1.07155 43.343 1.64062
      vertex -4.63675 43.5194 3.63095
    endloop
  endfacet
  facet normal 0.48509 -0.0477789 0.873158
    outer loop
      vertex -1.07155 43.343 1.64062
      vertex -4.71463 42.7287 3.63095
      vertex -4.75913 42.2769 3.63095
    endloop
  endfacet
  facet normal 0.0617408 0.203805 0.977063
    outer loop
      vertex -20.6508 54.9024 4.5
      vertex -19.0872 47.0779 6.0333
      vertex -19.0856 47.0801 6.03274
    endloop
  endfacet
  facet normal 0.0495262 0.201592 0.978217
    outer loop
      vertex -16.7604 35.4598 8.30971
      vertex -16.3122 33.1918 8.75441
      vertex -16.3064 33.1912 8.75424
    endloop
  endfacet
  facet normal 0.0517408 0.201991 0.97802
    outer loop
      vertex -16.3122 33.1918 8.75441
      vertex -16.7604 35.4598 8.30971
      vertex -16.7661 35.4631 8.30933
    endloop
  endfacet
  facet normal 0.21979 0.180334 0.958734
    outer loop
      vertex -16.1273 33.161 8.73013
      vertex -15.0504 34.6605 8.2012
      vertex -15.19 34.6871 8.2282
    endloop
  endfacet
  facet normal 0.0194929 0.196204 0.980369
    outer loop
      vertex -20.6508 54.9024 4.5
      vertex -19.1483 46.9882 6.05402
      vertex -19.1239 47.0246 6.04625
    endloop
  endfacet
  facet normal 0.019396 0.196189 0.980374
    outer loop
      vertex -16.8975 35.5388 8.30068
      vertex -16.5335 33.2157 8.75837
      vertex -16.4455 33.207 8.75837
    endloop
  endfacet
  facet normal 0.019705 0.196235 0.980359
    outer loop
      vertex -16.9275 35.5568 8.29768
      vertex -16.5335 33.2157 8.75837
      vertex -16.8975 35.5388 8.30068
    endloop
  endfacet
  facet normal 0.0192034 0.196155 0.980385
    outer loop
      vertex -16.5335 33.2157 8.75837
      vertex -16.9275 35.5568 8.29768
      vertex -16.989 35.6147 8.2873
    endloop
  endfacet
  facet normal 0.101453 0.122914 0.987218
    outer loop
      vertex -5.13793 49.9921 2.42292
      vertex -5.07144 49.8969 2.42794
      vertex -4.80461 49.5149 2.44808
    endloop
  endfacet
  facet normal 0.376784 0.309222 0.873164
    outer loop
      vertex -6.23385 48.8961 3.28396
      vertex -4.80461 49.5149 2.44808
      vertex -5.07144 49.8969 2.42794
    endloop
  endfacet
  facet normal 0.376752 0.309283 0.873156
    outer loop
      vertex -6.23385 48.8961 3.28396
      vertex -6.6421 48.4138 3.63095
      vertex -4.80461 49.5149 2.44808
    endloop
  endfacet
  facet normal 0.37676 0.309276 0.873155
    outer loop
      vertex -6.6421 48.4138 3.63095
      vertex -6.23385 48.8961 3.28396
      vertex -6.67551 48.4545 3.63095
    endloop
  endfacet
  facet normal -0.862392 -0.506241 0
    outer loop
      vertex -0.340986 42.0985 0
      vertex -0.744151 42.7853 0.905391
      vertex -0.744151 42.7853 0.90539
    endloop
  endfacet
  facet normal 0.819814 0.57263 0.000203722
    outer loop
      vertex -10.4285 57.5663 0.214015
      vertex -10.3242 57.4169 0.431722
      vertex -4.11677 48.5301 0
    endloop
  endfacet
  facet normal -0.275608 0.0835925 0.957629
    outer loop
      vertex -27.3897 46.7482 4.5
      vertex -25.9286 44.8497 5.08623
      vertex -27.2005 47.372 4.5
    endloop
  endfacet
  facet normal -0.275723 0.083506 0.957603
    outer loop
      vertex -24.1377 43.9709 5.67833
      vertex -16.9761 33.2175 8.6781
      vertex -24.0388 44.0087 5.70351
    endloop
  endfacet
  facet normal -0.27555 0.0836316 0.957642
    outer loop
      vertex -24.4165 43.9205 5.60251
      vertex -16.9761 33.2175 8.6781
      vertex -24.1377 43.9709 5.67833
    endloop
  endfacet
  facet normal -0.27576 0.0834722 0.957595
    outer loop
      vertex -24.4801 43.9092 5.58518
      vertex -16.9761 33.2175 8.6781
      vertex -24.4165 43.9205 5.60251
    endloop
  endfacet
  facet normal -0.275543 0.083639 0.957643
    outer loop
      vertex -24.546 43.9101 5.56614
      vertex -16.9761 33.2175 8.6781
      vertex -24.4801 43.9092 5.58518
    endloop
  endfacet
  facet normal -0.275578 0.0836118 0.957636
    outer loop
      vertex -24.8121 43.9184 5.48884
      vertex -16.9761 33.2175 8.6781
      vertex -24.546 43.9101 5.56614
    endloop
  endfacet
  facet normal -0.27566 0.0835462 0.957618
    outer loop
      vertex -24.8768 43.9313 5.46909
      vertex -16.9761 33.2175 8.6781
      vertex -24.8121 43.9184 5.48884
    endloop
  endfacet
  facet normal -0.275587 0.0836045 0.957633
    outer loop
      vertex -25.1206 43.9983 5.39308
      vertex -16.9761 33.2175 8.6781
      vertex -24.8768 43.9313 5.46909
    endloop
  endfacet
  facet normal -0.275484 0.0836892 0.957656
    outer loop
      vertex -25.182 44.0223 5.37332
      vertex -16.9761 33.2175 8.6781
      vertex -25.1206 43.9983 5.39308
    endloop
  endfacet
  facet normal -0.275666 0.0835389 0.957616
    outer loop
      vertex -16.9761 33.2175 8.6781
      vertex -25.182 44.0223 5.37332
      vertex -25.3812 44.1385 5.30584
    endloop
  endfacet
  facet normal -0.452277 -0.0725876 0.888919
    outer loop
      vertex -25.8312 44.6609 5.12251
      vertex -27.3897 46.7482 4.5
      vertex -25.8298 44.6583 5.12301
    endloop
  endfacet
  facet normal -0.496818 -0.114385 0.860284
    outer loop
      vertex -25.8639 44.7208 5.11159
      vertex -27.3897 46.7482 4.5
      vertex -25.8312 44.6609 5.12251
    endloop
  endfacet
  facet normal -0.493936 -0.111606 0.862306
    outer loop
      vertex -27.3897 46.7482 4.5
      vertex -25.8639 44.7208 5.11159
      vertex -25.8682 44.7294 5.11024
    endloop
  endfacet
  facet normal -0.495121 -0.112764 0.861475
    outer loop
      vertex -25.4559 44.1824 5.27558
      vertex -17.2594 33.1767 8.5458
      vertex -17.1746 33.1949 8.59692
    endloop
  endfacet
  facet normal -0.493457 -0.11118 0.862635
    outer loop
      vertex -25.4964 44.2152 5.25664
      vertex -17.2594 33.1767 8.5458
      vertex -25.4559 44.1824 5.27558
    endloop
  endfacet
  facet normal -0.493081 -0.110822 0.862896
    outer loop
      vertex -17.2594 33.1767 8.5458
      vertex -25.4964 44.2152 5.25664
      vertex -25.5068 44.2255 5.25202
    endloop
  endfacet
  facet normal -0.645921 -0.399641 0.65044
    outer loop
      vertex -25.4984 36.9241 2.70963
      vertex -18.2386 32.8689 7.42741
      vertex -17.4448 33.1467 8.38638
    endloop
  endfacet
  facet normal -0.64591 -0.399527 0.650522
    outer loop
      vertex -18.2386 32.8689 7.42741
      vertex -25.4984 36.9241 2.70963
      vertex -25.5258 36.7134 2.55302
    endloop
  endfacet
  facet normal 0.5147 0.278016 0.811043
    outer loop
      vertex -4.76953 42.1713 3.63095
      vertex -2.16096 41.6525 2.15335
      vertex -2.30576 41.6813 2.23537
    endloop
  endfacet
  facet normal 0.485089 -0.0477825 0.873158
    outer loop
      vertex -4.76953 42.1713 3.63095
      vertex -2.30576 41.6813 2.23537
      vertex -1.1736 42.3068 1.64062
    endloop
  endfacet
  facet normal 0.485089 -0.0477739 0.873159
    outer loop
      vertex -4.75913 42.2769 3.63095
      vertex -4.76953 42.1713 3.63095
      vertex -1.1736 42.3068 1.64062
    endloop
  endfacet
  facet normal 0.485089 -0.0477739 0.873159
    outer loop
      vertex -4.75913 42.2769 3.63095
      vertex -1.1736 42.3068 1.64062
      vertex -1.07155 43.343 1.64062
    endloop
  endfacet
  facet normal 0.429672 0.229595 0.873309
    outer loop
      vertex -5.35457 46.5482 3.63095
      vertex -5.33528 46.5121 3.63095
      vertex -5.31743 46.5561 3.6106
    endloop
  endfacet
  facet normal 0.320605 0.0972348 0.942209
    outer loop
      vertex -15.9143 33.1146 8.68125
      vertex -14.5416 34.5875 8.06216
      vertex -14.7042 34.6056 8.11562
    endloop
  endfacet
  facet normal 0.29116 0.123579 0.948659
    outer loop
      vertex -14.7847 34.6164 8.13892
      vertex -15.9143 33.1146 8.68125
      vertex -14.7042 34.6056 8.11562
    endloop
  endfacet
  facet normal 0.290744 0.123922 0.948742
    outer loop
      vertex -15.9987 33.135 8.70445
      vertex -15.9143 33.1146 8.68125
      vertex -14.7847 34.6164 8.13892
    endloop
  endfacet
  facet normal 0.377509 0.0371018 0.925262
    outer loop
      vertex -15.8374 33.0916 8.65151
      vertex -14.2813 34.5699 7.95734
      vertex -14.4609 34.5818 8.03014
    endloop
  endfacet
  facet normal 0.241286 0.422469 0.873671
    outer loop
      vertex -20.6508 54.9024 4.5
      vertex -17.08 52.863 4.5
      vertex -15.5291 52.5978 4.19992
    endloop
  endfacet
  facet normal 0 -1 0
    outer loop
      vertex -0.340987 42.0985 -6.4849e-08
      vertex -0.340986 42.0985 0
      vertex -0.340987 42.0985 -6.46797e-08
    endloop
  endfacet
  facet normal -0.113955 0.168974 0.979011
    outer loop
      vertex -22.2335 54.0564 4.5
      vertex -19.9028 45.1864 6.30222
      vertex -19.8674 45.2798 6.29022
    endloop
  endfacet
  facet normal -0.114039 0.168949 0.979005
    outer loop
      vertex -17.3654 35.9989 8.18332
      vertex -16.7597 33.2246 8.73264
      vertex -16.6161 33.2196 8.75023
    endloop
  endfacet
  facet normal -0.114127 0.168928 0.978999
    outer loop
      vertex -16.7597 33.2246 8.73264
      vertex -17.3654 35.9989 8.18332
      vertex -17.5347 36.174 8.13337
    endloop
  endfacet
  facet normal -0.624232 -0.275625 0.731003
    outer loop
      vertex -25.4794 39.8302 4.04789
      vertex -17.342 33.1688 8.48505
      vertex -25.5746 40.562 4.24252
    endloop
  endfacet
  facet normal 0.379291 -0.747965 0.54469
    outer loop
      vertex -8.91199 31.0974 1.5
      vertex -14.2039 31.8911 6.27489
      vertex -9.05358 31.0256 1.5
    endloop
  endfacet
  facet normal 0.379225 -0.748042 0.544629
    outer loop
      vertex -14.2039 31.8911 6.27489
      vertex -8.91199 31.0974 1.5
      vertex -14.8394 32.4772 7.52239
    endloop
  endfacet
  facet normal 0.384435 0.0286196 0.922709
    outer loop
      vertex -14.2813 34.5699 7.95734
      vertex -15.7244 33.0565 8.60553
      vertex -14.1607 34.5626 7.90732
    endloop
  endfacet
  facet normal 0.384373 0.0286882 0.922732
    outer loop
      vertex -15.7244 33.0565 8.60553
      vertex -14.2813 34.5699 7.95734
      vertex -15.8374 33.0916 8.65151
    endloop
  endfacet
  facet normal 0.862372 0.506275 -7.4537e-06
    outer loop
      vertex -4.11677 48.5301 0
      vertex -3.82151 48.0272 2.48699
      vertex -0.744151 42.7853 0.905391
    endloop
  endfacet
  facet normal 0.819826 0.572613 0
    outer loop
      vertex -4.80461 49.5149 2.44808
      vertex -4.11677 48.5301 2.5
      vertex -4.11677 48.5301 0
    endloop
  endfacet
  facet normal 0.47544 0.0405763 0.878812
    outer loop
      vertex -1.43259 43.958 1.82802
      vertex -1.31034 43.7497 1.7715
      vertex -1.18135 43.53 1.71186
    endloop
  endfacet
  facet normal 0.48509 0.0477742 0.873158
    outer loop
      vertex -1.43259 43.958 1.82802
      vertex -3.22418 43.53 2.84677
      vertex -1.31034 43.7497 1.7715
    endloop
  endfacet
  facet normal 0.485087 0.047791 0.873159
    outer loop
      vertex -4.63832 43.5565 3.63095
      vertex -3.22418 43.53 2.84677
      vertex -1.43259 43.958 1.82802
    endloop
  endfacet
  facet normal 0.485087 0.0477765 0.87316
    outer loop
      vertex -3.22418 43.53 2.84677
      vertex -4.63832 43.5565 3.63095
      vertex -4.63571 43.53 3.63095
    endloop
  endfacet
  facet normal 0.819813 0.572631 -1.11929e-05
    outer loop
      vertex -5.13793 49.9921 2.42292
      vertex -4.80461 49.5149 2.44808
      vertex -4.11677 48.5301 0
    endloop
  endfacet
  facet normal 0.429833 0.229941 0.873138
    outer loop
      vertex -5.35819 46.6882 3.5959
      vertex -5.42987 46.6891 3.63095
      vertex -5.40676 46.6459 3.63095
    endloop
  endfacet
  facet normal 0.42984 0.229874 0.873153
    outer loop
      vertex -5.42987 46.6891 3.63095
      vertex -5.35819 46.6882 3.5959
      vertex -5.46169 46.7486 3.63095
    endloop
  endfacet
  facet normal -0.211405 0.127238 0.969081
    outer loop
      vertex -22.7936 44.8923 5.8844
      vertex -16.8336 33.2236 8.71665
      vertex -16.7597 33.2246 8.73264
    endloop
  endfacet
  facet normal -0.211271 0.127312 0.969101
    outer loop
      vertex -16.8336 33.2236 8.71665
      vertex -22.7936 44.8923 5.8844
      vertex -22.8082 44.8734 5.8837
    endloop
  endfacet
  facet normal 0.12245 0.214402 0.96904
    outer loop
      vertex -17.08 52.863 4.5
      vertex -14.9329 50.3408 4.78673
      vertex -14.4936 50.5158 4.6925
    endloop
  endfacet
  facet normal 0.122444 0.214394 0.969042
    outer loop
      vertex -17.08 52.863 4.5
      vertex -13.53 50.7116 4.52742
      vertex -13.3699 50.7441 4.5
    endloop
  endfacet
  facet normal 0.122447 0.214399 0.969041
    outer loop
      vertex -17.08 52.863 4.5
      vertex -14.4936 50.5158 4.6925
      vertex -13.53 50.7116 4.52742
    endloop
  endfacet
  facet normal 0.122442 0.214395 0.969042
    outer loop
      vertex -14.9329 50.3408 4.78673
      vertex -17.08 52.863 4.5
      vertex -15.8948 49.9576 4.99305
    endloop
  endfacet
  facet normal 0.122451 0.214399 0.96904
    outer loop
      vertex -17.08 52.863 4.5
      vertex -16.8226 49.3745 5.2393
      vertex -15.8948 49.9576 4.99305
    endloop
  endfacet
  facet normal 0.122432 0.214398 0.969043
    outer loop
      vertex -17.08 52.863 4.5
      vertex -17.2045 49.1345 5.34065
      vertex -16.8226 49.3745 5.2393
    endloop
  endfacet
  facet normal 0.122464 0.214396 0.969039
    outer loop
      vertex -17.08 52.863 4.5
      vertex -18.0605 48.3418 5.62421
      vertex -17.2045 49.1345 5.34065
    endloop
  endfacet
  facet normal 0.12245 0.214399 0.96904
    outer loop
      vertex -20.6508 54.9024 4.5
      vertex -18.0605 48.3418 5.62421
      vertex -17.08 52.863 4.5
    endloop
  endfacet
  facet normal 0.122441 0.214396 0.969042
    outer loop
      vertex -18.0605 48.3418 5.62421
      vertex -20.6508 54.9024 4.5
      vertex -18.3709 48.0542 5.72706
    endloop
  endfacet
  facet normal 0.122431 0.214393 0.969044
    outer loop
      vertex -18.3709 48.0542 5.72706
      vertex -20.6508 54.9024 4.5
      vertex -18.6059 47.7341 5.82757
    endloop
  endfacet
  facet normal 0.122439 0.214395 0.969043
    outer loop
      vertex -18.6059 47.7341 5.82757
      vertex -20.6508 54.9024 4.5
      vertex -19.061 47.1138 6.02231
    endloop
  endfacet
  facet normal 0.122455 0.214393 0.969041
    outer loop
      vertex -16.6726 35.4132 8.30926
      vertex -16.2164 33.1781 8.74611
      vertex -15.8608 34.9841 8.30161
    endloop
  endfacet
  facet normal 0.11839 0.213697 0.9697
    outer loop
      vertex -20.6508 54.9024 4.5
      vertex -19.0856 47.0801 6.03274
      vertex -19.061 47.1138 6.02231
    endloop
  endfacet
  facet normal 0.118704 0.213746 0.96965
    outer loop
      vertex -16.6726 35.4132 8.30926
      vertex -16.3064 33.1912 8.75424
      vertex -16.2164 33.1781 8.74611
    endloop
  endfacet
  facet normal 0.118447 0.213712 0.969689
    outer loop
      vertex -16.7406 35.4493 8.30961
      vertex -16.3064 33.1912 8.75424
      vertex -16.6726 35.4132 8.30926
    endloop
  endfacet
  facet normal 0.118209 0.213674 0.969727
    outer loop
      vertex -16.3064 33.1912 8.75424
      vertex -16.7406 35.4493 8.30961
      vertex -16.7604 35.4598 8.30971
    endloop
  endfacet
  facet normal 0.241075 0.422828 0.873556
    outer loop
      vertex -20.6508 54.9024 4.5
      vertex -20.1181 55.2787 4.17085
      vertex -20.4875 55.0612 4.37807
    endloop
  endfacet
  facet normal -0.624195 -0.275538 0.731067
    outer loop
      vertex -17.342 33.1688 8.48505
      vertex -25.4794 39.8302 4.04789
      vertex -25.3 38.45 3.68087
    endloop
  endfacet
  facet normal -0.624221 -0.275626 0.731012
    outer loop
      vertex -17.342 33.1688 8.48505
      vertex -25.3 38.45 3.68087
      vertex -25.3352 38.1791 3.54867
    endloop
  endfacet
  facet normal 0.498706 -0.15128 0.853467
    outer loop
      vertex -7.2309 37.5578 4.44833
      vertex -1.67622 39.4194 1.53254
      vertex -1.26983 40.7591 1.53254
    endloop
  endfacet
  facet normal 0.498703 -0.151259 0.853473
    outer loop
      vertex -7.44891 37.3175 4.53313
      vertex -1.67622 39.4194 1.53254
      vertex -7.2309 37.5578 4.44833
    endloop
  endfacet
  facet normal 0.498696 -0.151227 0.853483
    outer loop
      vertex -7.82237 37.0135 4.69748
      vertex -1.67622 39.4194 1.53254
      vertex -7.44891 37.3175 4.53313
    endloop
  endfacet
  facet normal 0.498709 -0.151286 0.853465
    outer loop
      vertex -8.6289 36.3571 5.05241
      vertex -1.67622 39.4194 1.53254
      vertex -7.82237 37.0135 4.69748
    endloop
  endfacet
  facet normal 0.498712 -0.151297 0.853461
    outer loop
      vertex -9.01225 36.133 5.23669
      vertex -1.67622 39.4194 1.53254
      vertex -8.6289 36.3571 5.05241
    endloop
  endfacet
  facet normal 0.498728 -0.151353 0.853442
    outer loop
      vertex -1.67622 39.4194 1.53254
      vertex -9.01225 36.133 5.23669
      vertex -9.52094 35.8357 5.48123
    endloop
  endfacet
  facet normal 0.498661 -0.151121 0.853522
    outer loop
      vertex -15.6584 33.0319 8.57058
      vertex -11.9316 34.8623 6.71732
      vertex -12.4535 34.7531 7.0029
    endloop
  endfacet
  facet normal 0.49848 -0.150482 0.853741
    outer loop
      vertex -11.2416 35.0709 6.35111
      vertex -15.6584 33.0319 8.57058
      vertex -10.9301 35.1919 6.19056
    endloop
  endfacet
  facet normal 0.498693 -0.151222 0.853486
    outer loop
      vertex -11.6 34.9317 6.53586
      vertex -15.6584 33.0319 8.57058
      vertex -11.2416 35.0709 6.35111
    endloop
  endfacet
  facet normal 0.498698 -0.151241 0.853479
    outer loop
      vertex -11.9316 34.8623 6.71732
      vertex -15.6584 33.0319 8.57058
      vertex -11.6 34.9317 6.53586
    endloop
  endfacet
  facet normal 0.528355 -0.439936 0.726152
    outer loop
      vertex -15.475 32.9384 8.4256
      vertex -4.1446 35.1147 1.5
      vertex -4.14052 35.1196 1.5
    endloop
  endfacet
  facet normal 0.528579 -0.438071 0.727116
    outer loop
      vertex -4.1446 35.1147 1.5
      vertex -15.4343 32.9101 8.37886
      vertex -15.405 32.8898 8.34533
    endloop
  endfacet
  facet normal 0.528391 -0.439643 0.726303
    outer loop
      vertex -4.1446 35.1147 1.5
      vertex -15.475 32.9384 8.4256
      vertex -15.4343 32.9101 8.37886
    endloop
  endfacet
  facet normal 0 -0.85423 0.519895
    outer loop
      vertex -15.475 32.9384 8.4256
      vertex -15.5125 32.9637 8.46717
      vertex -15.4751 32.9384 8.4256
    endloop
  endfacet
  facet normal 0 -0.855419 0.517937
    outer loop
      vertex -15.475 32.9384 8.4256
      vertex -15.4751 32.9384 8.4256
      vertex -15.4343 32.9101 8.37886
    endloop
  endfacet
  facet normal 0.442119 -0.0437028 0.895891
    outer loop
      vertex -15.7244 33.0565 8.60553
      vertex -13.9606 34.5597 7.80843
      vertex -14.1607 34.5626 7.90732
    endloop
  endfacet
  facet normal 0.450691 -0.0564127 0.890896
    outer loop
      vertex -13.9606 34.5597 7.80843
      vertex -15.6584 33.0319 8.57058
      vertex -13.8821 34.5591 7.76868
    endloop
  endfacet
  facet normal 0.450719 -0.0564525 0.890879
    outer loop
      vertex -15.6584 33.0319 8.57058
      vertex -13.9606 34.5597 7.80843
      vertex -15.7244 33.0565 8.60553
    endloop
  endfacet
  facet normal 0.862375 0.50627 1.24964e-05
    outer loop
      vertex -3.82151 48.0272 2.48699
      vertex -1.18135 43.53 1.71186
      vertex -0.744151 42.7853 0.905391
    endloop
  endfacet
  facet normal 0.485088 0.0477763 0.873159
    outer loop
      vertex -1.43259 43.958 1.82802
      vertex -4.71463 44.3313 3.63095
      vertex -4.63832 43.5565 3.63095
    endloop
  endfacet
  facet normal 0.485089 0.047782 0.873159
    outer loop
      vertex -4.71463 44.3313 3.63095
      vertex -1.43259 43.958 1.82802
      vertex -4.75999 44.7918 3.63095
    endloop
  endfacet
  facet normal 0.42993 0.229817 0.873123
    outer loop
      vertex -5.40676 46.6459 3.63095
      vertex -5.31743 46.5561 3.6106
      vertex -5.35819 46.6882 3.5959
    endloop
  endfacet
  facet normal 0.429689 0.229534 0.873316
    outer loop
      vertex -5.31743 46.5561 3.6106
      vertex -5.40676 46.6459 3.63095
      vertex -5.35457 46.5482 3.63095
    endloop
  endfacet
  facet normal 0.452205 0.0234615 0.891606
    outer loop
      vertex -2.27077 45.3857 2.21556
      vertex -1.69965 44.4128 1.9515
      vertex -1.43259 43.958 1.82802
    endloop
  endfacet
  facet normal 0.485088 0.0477792 0.873159
    outer loop
      vertex -4.27147 44.9877 3.34883
      vertex -1.43259 43.958 1.82802
      vertex -1.69965 44.4128 1.9515
    endloop
  endfacet
  facet normal 0.485088 0.0477802 0.873159
    outer loop
      vertex -4.27147 44.9877 3.34883
      vertex -4.75999 44.7918 3.63095
      vertex -1.43259 43.958 1.82802
    endloop
  endfacet
  facet normal 0.485096 0.0477586 0.873156
    outer loop
      vertex -4.75999 44.7918 3.63095
      vertex -4.27147 44.9877 3.34883
      vertex -4.76953 44.8887 3.63095
    endloop
  endfacet
  facet normal -0.144001 -0.15213 -0.977814
    outer loop
      vertex -4.80461 49.5149 2.44808
      vertex -4.64597 49.2878 2.46005
      vertex -4.11677 48.5301 2.5
    endloop
  endfacet
  facet normal 0.37678 0.309221 0.873166
    outer loop
      vertex -4.64597 49.2878 2.46005
      vertex -4.80461 49.5149 2.44808
      vertex -5.57917 48.0516 3.30052
    endloop
  endfacet
  facet normal 0.37678 0.309221 0.873166
    outer loop
      vertex -4.80461 49.5149 2.44808
      vertex -5.91148 48.0818 3.43322
      vertex -5.57917 48.0516 3.30052
    endloop
  endfacet
  facet normal 0.376808 0.309197 0.873163
    outer loop
      vertex -6.6421 48.4138 3.63095
      vertex -5.91148 48.0818 3.43322
      vertex -4.80461 49.5149 2.44808
    endloop
  endfacet
  facet normal 0.376821 0.309236 0.873143
    outer loop
      vertex -5.91148 48.0818 3.43322
      vertex -6.6421 48.4138 3.63095
      vertex -6.37974 48.0941 3.63095
    endloop
  endfacet
  facet normal 0.190937 0.198984 0.961222
    outer loop
      vertex -15.8608 34.9841 8.30161
      vertex -16.2164 33.1781 8.74611
      vertex -15.2682 34.7054 8.24159
    endloop
  endfacet
  facet normal 0.208382 0.187713 0.959865
    outer loop
      vertex -15.2573 34.7005 8.24019
      vertex -16.1273 33.161 8.73013
      vertex -15.19 34.6871 8.2282
    endloop
  endfacet
  facet normal 0.207826 0.188045 0.959921
    outer loop
      vertex -15.2682 34.7054 8.24159
      vertex -16.1273 33.161 8.73013
      vertex -15.2573 34.7005 8.24019
    endloop
  endfacet
  facet normal 0.208201 0.187824 0.959883
    outer loop
      vertex -16.1273 33.161 8.73013
      vertex -15.2682 34.7054 8.24159
      vertex -16.2164 33.1781 8.74611
    endloop
  endfacet
  facet normal -0.093444 0.174739 0.980171
    outer loop
      vertex -22.2335 54.0564 4.5
      vertex -19.7716 45.528 6.2551
      vertex -19.5364 46.1373 6.1689
    endloop
  endfacet
  facet normal -0.093412 0.174751 0.980172
    outer loop
      vertex -22.2335 54.0564 4.5
      vertex -19.5364 46.1373 6.1689
      vertex -21.4244 54.4889 4.5
    endloop
  endfacet
  facet normal -0.093413 0.174749 0.980172
    outer loop
      vertex -19.7716 45.528 6.2551
      vertex -22.2335 54.0564 4.5
      vertex -19.8674 45.2798 6.29022
    endloop
  endfacet
  facet normal -0.0933183 0.174774 0.980176
    outer loop
      vertex -17.3654 35.9989 8.18332
      vertex -16.6161 33.2196 8.75023
      vertex -17.2081 35.8382 8.22695
    endloop
  endfacet
  facet normal -0.177488 0.145793 0.973264
    outer loop
      vertex -19.0586 38.2221 7.56479
      vertex -16.7597 33.2246 8.73264
      vertex -18.5836 37.4671 7.76451
    endloop
  endfacet
  facet normal -0.177581 0.145748 0.973254
    outer loop
      vertex -19.2022 38.4504 7.5044
      vertex -16.7597 33.2246 8.73264
      vertex -19.0586 38.2221 7.56479
    endloop
  endfacet
  facet normal -0.177503 0.145801 0.97326
    outer loop
      vertex -22.7936 44.8923 5.8844
      vertex -19.9155 40.4158 7.07992
      vertex -19.9687 40.6888 7.02932
    endloop
  endfacet
  facet normal -0.177608 0.145732 0.973251
    outer loop
      vertex -22.3785 45.9253 5.80546
      vertex -19.9687 40.6888 7.02932
      vertex -22.3577 46.2455 5.76131
    endloop
  endfacet
  facet normal -0.177624 0.145724 0.973249
    outer loop
      vertex -22.3863 45.8645 5.81314
      vertex -19.9687 40.6888 7.02932
      vertex -22.3785 45.9253 5.80546
    endloop
  endfacet
  facet normal -0.177572 0.14575 0.973255
    outer loop
      vertex -22.4317 45.5925 5.84559
      vertex -19.9687 40.6888 7.02932
      vertex -22.3863 45.8645 5.81314
    endloop
  endfacet
  facet normal -0.177544 0.145764 0.973258
    outer loop
      vertex -22.5311 45.3226 5.86788
      vertex -19.9687 40.6888 7.02932
      vertex -22.4317 45.5925 5.84559
    endloop
  endfacet
  facet normal -0.177707 0.14567 0.973242
    outer loop
      vertex -22.5537 45.2659 5.87224
      vertex -19.9687 40.6888 7.02932
      vertex -22.5311 45.3226 5.86788
    endloop
  endfacet
  facet normal -0.177638 0.145711 0.973249
    outer loop
      vertex -22.7038 45.0069 5.88362
      vertex -19.9687 40.6888 7.02932
      vertex -22.5537 45.2659 5.87224
    endloop
  endfacet
  facet normal -0.177382 0.145879 0.97327
    outer loop
      vertex -22.7399 44.9578 5.8844
      vertex -19.9687 40.6888 7.02932
      vertex -22.7038 45.0069 5.88362
    endloop
  endfacet
  facet normal -0.177685 0.145675 0.973245
    outer loop
      vertex -22.7936 44.8923 5.8844
      vertex -19.9687 40.6888 7.02932
      vertex -22.7399 44.9578 5.8844
    endloop
  endfacet
  facet normal -0.177487 0.145812 0.973261
    outer loop
      vertex -19.9155 40.4158 7.07992
      vertex -22.7936 44.8923 5.8844
      vertex -19.856 40.1103 7.13654
    endloop
  endfacet
  facet normal -0.177616 0.14573 0.97325
    outer loop
      vertex -19.856 40.1103 7.13654
      vertex -22.7936 44.8923 5.8844
      vertex -19.3066 38.7154 7.44567
    endloop
  endfacet
  facet normal -0.177672 0.145697 0.973245
    outer loop
      vertex -19.3066 38.7154 7.44567
      vertex -22.7936 44.8923 5.8844
      vertex -19.2022 38.4504 7.5044
    endloop
  endfacet
  facet normal -0.177607 0.145735 0.973251
    outer loop
      vertex -19.2022 38.4504 7.5044
      vertex -22.7936 44.8923 5.8844
      vertex -16.7597 33.2246 8.73264
    endloop
  endfacet
  facet normal 0.0517451 0.201994 0.978019
    outer loop
      vertex -20.6508 54.9024 4.5
      vertex -19.1239 47.0246 6.04625
      vertex -19.0872 47.0779 6.0333
    endloop
  endfacet
  facet normal 0.0520936 0.202055 0.977988
    outer loop
      vertex -16.7661 35.4631 8.30933
      vertex -16.4455 33.207 8.75837
      vertex -16.3122 33.1918 8.75441
    endloop
  endfacet
  facet normal 0.0520184 0.202046 0.977994
    outer loop
      vertex -16.4455 33.207 8.75837
      vertex -16.7661 35.4631 8.30933
      vertex -16.8975 35.5388 8.30068
    endloop
  endfacet
  facet normal 0.241165 0.422723 0.873581
    outer loop
      vertex -20.6508 54.9024 4.5
      vertex -17.3892 56.5575 2.79869
      vertex -20.1181 55.2787 4.17085
    endloop
  endfacet
  facet normal 0 -1 0
    outer loop
      vertex -0.340987 42.0985 -6.3706e-08
      vertex -0.340986 42.0985 0
      vertex -0.340987 42.0985 -6.20334e-08
    endloop
  endfacet
  facet normal -0.594292 -0.217442 0.774297
    outer loop
      vertex -17.342 33.1688 8.48505
      vertex -26.556 43.2335 4.2395
      vertex -25.9941 41.8302 4.27669
    endloop
  endfacet
  facet normal -0.594296 -0.217448 0.774293
    outer loop
      vertex -27.8552 46.0473 4.03253
      vertex -26.556 43.2335 4.2395
      vertex -17.342 33.1688 8.48505
    endloop
  endfacet
  facet normal -0.594333 -0.217467 0.774259
    outer loop
      vertex -27.9257 45.8739 3.92971
      vertex -26.556 43.2335 4.2395
      vertex -27.8552 46.0473 4.03253
    endloop
  endfacet
  facet normal -0.594342 -0.217473 0.77425
    outer loop
      vertex -27.9257 45.8739 3.92971
      vertex -28.0807 45.3946 3.6761
      vertex -26.556 43.2335 4.2395
    endloop
  endfacet
  facet normal -0.594307 -0.217495 0.774271
    outer loop
      vertex -28.0807 45.3946 3.6761
      vertex -27.9257 45.8739 3.92971
      vertex -28.1098 45.4215 3.66132
    endloop
  endfacet
  facet normal -0.594238 -0.217342 0.774366
    outer loop
      vertex -17.342 33.1688 8.48505
      vertex -25.617 40.8886 4.30165
      vertex -25.5746 40.562 4.24252
    endloop
  endfacet
  facet normal -0.594327 -0.217497 0.774255
    outer loop
      vertex -25.617 40.8886 4.30165
      vertex -17.342 33.1688 8.48505
      vertex -25.9941 41.8302 4.27669
    endloop
  endfacet
  facet normal -0.177567 0.145755 0.973255
    outer loop
      vertex -18.2281 36.9019 7.91402
      vertex -16.7597 33.2246 8.73264
      vertex -18.1318 36.799 7.947
    endloop
  endfacet
  facet normal -0.177607 0.145738 0.97325
    outer loop
      vertex -16.7597 33.2246 8.73264
      vertex -18.2281 36.9019 7.91402
      vertex -18.5836 37.4671 7.76451
    endloop
  endfacet
  facet normal -0.177742 0.145663 0.973237
    outer loop
      vertex -20.194 42.1713 6.7662
      vertex -22.3465 46.8469 5.6733
      vertex -22.3353 46.5893 5.7139
    endloop
  endfacet
  facet normal -0.177449 0.145805 0.973269
    outer loop
      vertex -20.194 42.1713 6.7662
      vertex -22.3528 46.9186 5.66141
      vertex -22.3465 46.8469 5.6733
    endloop
  endfacet
  facet normal -0.177549 0.145757 0.973258
    outer loop
      vertex -22.3528 46.9186 5.66141
      vertex -20.194 42.1713 6.7662
      vertex -22.8836 49.1777 5.22625
    endloop
  endfacet
  facet normal -0.177515 0.145778 0.973261
    outer loop
      vertex -22.3577 46.2455 5.76131
      vertex -20.194 42.1713 6.7662
      vertex -22.3353 46.5893 5.7139
    endloop
  endfacet
  facet normal -0.177515 0.145778 0.973261
    outer loop
      vertex -20.194 42.1713 6.7662
      vertex -22.3577 46.2455 5.76131
      vertex -20.1895 41.8214 6.81943
    endloop
  endfacet
  facet normal -0.177592 0.145739 0.973253
    outer loop
      vertex -20.1895 41.8214 6.81943
      vertex -22.3577 46.2455 5.76131
      vertex -19.9687 40.6888 7.02932
    endloop
  endfacet
  facet normal 0.494616 -0.139707 0.857809
    outer loop
      vertex -6.87454 37.9525 4.30714
      vertex -1.26983 40.7591 1.53254
      vertex -1.2632 41.0959 1.58357
    endloop
  endfacet
  facet normal 0.494608 -0.139681 0.857819
    outer loop
      vertex -7.10196 37.7006 4.39725
      vertex -1.26983 40.7591 1.53254
      vertex -6.87454 37.9525 4.30714
    endloop
  endfacet
  facet normal 0.494655 -0.139818 0.857769
    outer loop
      vertex -1.26983 40.7591 1.53254
      vertex -7.10196 37.7006 4.39725
      vertex -7.2309 37.5578 4.44833
    endloop
  endfacet
  facet normal 0.494604 -0.139646 0.857826
    outer loop
      vertex -15.6584 33.0319 8.57058
      vertex -12.4535 34.7531 7.0029
      vertex -12.6635 34.7096 7.1169
    endloop
  endfacet
  facet normal 0.530264 -0.422172 0.735249
    outer loop
      vertex -15.5125 32.9637 8.46717
      vertex -3.97494 35.3214 1.5
      vertex -3.97287 35.324 1.5
    endloop
  endfacet
  facet normal 0.530268 -0.422135 0.735267
    outer loop
      vertex -3.97494 35.3214 1.5
      vertex -15.5125 32.9637 8.46717
      vertex -15.475 32.9384 8.4256
    endloop
  endfacet
  facet normal 0.535043 -0.36043 0.764081
    outer loop
      vertex -15.5125 32.9637 8.46717
      vertex -3.97287 35.324 1.5
      vertex -2.68203 37.2402 1.5
    endloop
  endfacet
  facet normal 0.501328 -0.550562 0.667497
    outer loop
      vertex -15.405 32.8898 8.34533
      vertex -6.06802 33.0926 1.5
      vertex -6.04353 33.1149 1.5
    endloop
  endfacet
  facet normal 0.501614 -0.5498 0.66791
    outer loop
      vertex -6.06802 33.0926 1.5
      vertex -15.405 32.8898 8.34533
      vertex -15.2 32.7145 8.04707
    endloop
  endfacet
  facet normal -0.555616 -0.171654 0.813527
    outer loop
      vertex -27.8552 46.0473 4.03253
      vertex -25.5068 44.2255 5.25202
      vertex -25.66 44.3747 5.17887
    endloop
  endfacet
  facet normal -0.556159 -0.172786 0.812916
    outer loop
      vertex -27.8552 46.0473 4.03253
      vertex -25.66 44.3747 5.17887
      vertex -25.7007 44.4245 5.16161
    endloop
  endfacet
  facet normal -0.370903 0 0.928672
    outer loop
      vertex -27.3897 46.7481 4.5
      vertex -25.8298 44.6583 5.12301
      vertex -27.3897 46.7482 4.5
    endloop
  endfacet
  facet normal -0.556201 -0.172834 0.812877
    outer loop
      vertex -27.7816 46.158 4.10638
      vertex -25.8298 44.6583 5.12301
      vertex -27.3897 46.7481 4.5
    endloop
  endfacet
  facet normal -0.556102 -0.172629 0.812988
    outer loop
      vertex -27.8552 46.0473 4.03253
      vertex -25.8298 44.6583 5.12301
      vertex -27.7816 46.158 4.10638
    endloop
  endfacet
  facet normal -0.556234 -0.172945 0.812831
    outer loop
      vertex -25.8298 44.6583 5.12301
      vertex -27.8552 46.0473 4.03253
      vertex -25.7007 44.4245 5.16161
    endloop
  endfacet
  facet normal -0.556205 -0.172854 0.81287
    outer loop
      vertex -25.5068 44.2255 5.25202
      vertex -27.8552 46.0473 4.03253
      vertex -17.2594 33.1767 8.5458
    endloop
  endfacet
  facet normal 0.371131 0.0439425 0.92754
    outer loop
      vertex -14.5416 34.5875 8.06216
      vertex -15.8374 33.0916 8.65151
      vertex -14.4609 34.5818 8.03014
    endloop
  endfacet
  facet normal 0.371636 0.0434358 0.927362
    outer loop
      vertex -15.9143 33.1146 8.68125
      vertex -15.8374 33.0916 8.65151
      vertex -14.5416 34.5875 8.06216
    endloop
  endfacet
  facet normal 0.466432 0.141519 0.873163
    outer loop
      vertex -3.99001 45.9095 3.04909
      vertex -4.80103 44.9925 3.63095
      vertex -3.60918 45.9642 2.83679
    endloop
  endfacet
  facet normal 0.466441 0.141508 0.87316
    outer loop
      vertex -3.99001 45.9095 3.04909
      vertex -4.93212 45.4246 3.63095
      vertex -4.80103 44.9925 3.63095
    endloop
  endfacet
  facet normal 0.466458 0.141472 0.873157
    outer loop
      vertex -4.93212 45.4246 3.63095
      vertex -3.99001 45.9095 3.04909
      vertex -5.08419 45.926 3.63095
    endloop
  endfacet
  facet normal 0.86232 0.506364 -0.000104503
    outer loop
      vertex -1.18135 43.53 1.71186
      vertex -1.07155 43.343 1.64062
      vertex -0.744151 42.7853 0.905391
    endloop
  endfacet
  facet normal 0.862374 0.506271 -9.19224e-05
    outer loop
      vertex -3.82151 48.0272 2.48699
      vertex -3.2193 47.0014 2.46044
      vertex -2.9337 46.5149 2.38671
    endloop
  endfacet
  facet normal 0.862379 0.506263 6.55659e-05
    outer loop
      vertex -3.82151 48.0272 2.48699
      vertex -2.9337 46.5149 2.38671
      vertex -1.18135 43.53 1.71186
    endloop
  endfacet
  facet normal 0.268446 0.14364 0.952525
    outer loop
      vertex -15.9987 33.135 8.70445
      vertex -14.7847 34.6164 8.13892
      vertex -14.8369 34.6243 8.15244
    endloop
  endfacet
  facet normal 0.268684 0.14344 0.952488
    outer loop
      vertex -15.9987 33.135 8.70445
      vertex -14.8369 34.6243 8.15244
      vertex -14.9341 34.6391 8.17763
    endloop
  endfacet
  facet normal 0.309225 0.376787 0.873162
    outer loop
      vertex -6.0548 49.5553 2.9361
      vertex -7.10847 48.8098 3.63095
      vertex -6.79605 48.5534 3.63095
    endloop
  endfacet
  facet normal 0.309216 0.376798 0.87316
    outer loop
      vertex -7.10847 48.8098 3.63095
      vertex -6.0548 49.5553 2.9361
      vertex -7.29625 48.9639 3.63095
    endloop
  endfacet
  facet normal 0.309273 0.376703 0.873181
    outer loop
      vertex -6.69169 49.4939 3.18817
      vertex -7.29625 48.9639 3.63095
      vertex -6.0548 49.5553 2.9361
    endloop
  endfacet
  facet normal 0.309222 0.376758 0.873176
    outer loop
      vertex -7.2303 49.4523 3.39686
      vertex -7.29625 48.9639 3.63095
      vertex -6.69169 49.4939 3.18817
    endloop
  endfacet
  facet normal 0.309296 0.376739 0.873157
    outer loop
      vertex -7.29625 48.9639 3.63095
      vertex -7.2303 49.4523 3.39686
      vertex -7.41501 49.0614 3.63095
    endloop
  endfacet
  facet normal 0.819788 0.572666 0.000145388
    outer loop
      vertex -10.3242 57.4169 0.431722
      vertex -6.23384 51.561 2.13398
      vertex -5.13793 49.9921 2.42292
    endloop
  endfacet
  facet normal 0.819809 0.572637 -1.63944e-05
    outer loop
      vertex -10.3242 57.4169 0.431722
      vertex -5.13793 49.9921 2.42292
      vertex -4.11677 48.5301 0
    endloop
  endfacet
  facet normal 0 -1 0
    outer loop
      vertex -0.340987 42.0985 -6.46797e-08
      vertex -0.340986 42.0985 0
      vertex -0.340987 42.0985 -6.3706e-08
    endloop
  endfacet
  facet normal 0 -1 0
    outer loop
      vertex -0.340987 42.0985 -6.20334e-08
      vertex -0.340986 42.0985 0
      vertex -0.340987 42.0985 -5.98293e-08
    endloop
  endfacet
  facet normal -0.134041 0.163378 0.977415
    outer loop
      vertex -22.8836 49.1777 5.22625
      vertex -20.1983 43.1895 6.59545
      vertex -20.1993 43.4354 6.55421
    endloop
  endfacet
  facet normal -0.134115 0.163343 0.977411
    outer loop
      vertex -20.1983 43.1895 6.59545
      vertex -22.8836 49.1777 5.22625
      vertex -20.194 42.1713 6.7662
    endloop
  endfacet
  facet normal -0.134074 0.163362 0.977414
    outer loop
      vertex -23.4428 53.064 4.5
      vertex -22.8836 49.1777 5.22625
      vertex -20.1993 43.4354 6.55421
    endloop
  endfacet
  facet normal -0.134052 0.163365 0.977416
    outer loop
      vertex -22.8836 49.1777 5.22625
      vertex -23.4428 53.064 4.5
      vertex -23.7365 52.823 4.5
    endloop
  endfacet
  facet normal -0.134104 0.163353 0.977411
    outer loop
      vertex -18.1318 36.799 7.947
      vertex -16.7597 33.2246 8.73264
      vertex -17.8722 36.5274 8.02801
    endloop
  endfacet
  facet normal 0.522475 -0.241488 0.817743
    outer loop
      vertex -1.67622 39.4194 1.53254
      vertex -2.31614 37.9247 1.5
      vertex -1.72226 39.2096 1.5
    endloop
  endfacet
  facet normal 0.522512 -0.241503 0.817715
    outer loop
      vertex -2.31614 37.9247 1.5
      vertex -1.67622 39.4194 1.53254
      vertex -15.5125 32.9637 8.46717
    endloop
  endfacet
  facet normal 0.504927 -0.17366 0.845512
    outer loop
      vertex -9.92485 35.6003 5.67409
      vertex -1.67622 39.4194 1.53254
      vertex -9.52094 35.8357 5.48123
    endloop
  endfacet
  facet normal 0.505006 -0.173954 0.845405
    outer loop
      vertex -10.9301 35.1919 6.19056
      vertex -15.5649 32.989 8.5059
      vertex -10.1551 35.4937 5.78971
    endloop
  endfacet
  facet normal 0.505006 -0.173955 0.845404
    outer loop
      vertex -15.6584 33.0319 8.57058
      vertex -15.5649 32.989 8.5059
      vertex -10.9301 35.1919 6.19056
    endloop
  endfacet
  facet normal 0.521148 -0.492047 0.697348
    outer loop
      vertex -15.405 32.8898 8.34533
      vertex -5.92944 33.2243 1.5
      vertex -4.1446 35.1147 1.5
    endloop
  endfacet
  facet normal 0.52906 -0.434102 0.729144
    outer loop
      vertex -15.475 32.9384 8.4256
      vertex -4.14052 35.1196 1.5
      vertex -3.97494 35.3214 1.5
    endloop
  endfacet
  facet normal 0.677958 0.735101 -0
    outer loop
      vertex -14.2039 31.8911 6.27489
      vertex -14.8394 32.4772 7.52239
      vertex -14.2039 31.8911 6.2749
    endloop
  endfacet
  facet normal 0.379234 -0.748031 0.544638
    outer loop
      vertex -9.05358 31.0256 1.5
      vertex -12.5885 30.4013 3.10394
      vertex -9.92581 30.5834 1.5
    endloop
  endfacet
  facet normal 0.379235 -0.748029 0.544641
    outer loop
      vertex -12.5885 30.4013 3.10394
      vertex -9.05358 31.0256 1.5
      vertex -14.2039 31.8911 6.27489
    endloop
  endfacet
  facet normal -0.224467 0.120047 0.967059
    outer loop
      vertex -22.9311 44.7103 5.87542
      vertex -16.8336 33.2236 8.71665
      vertex -22.8082 44.8734 5.8837
    endloop
  endfacet
  facet normal -0.224581 0.119982 0.967041
    outer loop
      vertex -23.1579 44.488 5.85033
      vertex -16.8336 33.2236 8.71665
      vertex -22.9311 44.7103 5.87542
    endloop
  endfacet
  facet normal -0.224167 0.120232 0.967106
    outer loop
      vertex -16.8336 33.2236 8.71665
      vertex -23.1579 44.488 5.85033
      vertex -23.1778 44.4698 5.84798
    endloop
  endfacet
  facet normal -0.572048 -0.191221 0.797619
    outer loop
      vertex -27.8552 46.0473 4.03253
      vertex -17.342 33.1688 8.48505
      vertex -17.2975 33.1732 8.51802
    endloop
  endfacet
  facet normal -0.567645 -0.186096 0.801965
    outer loop
      vertex -27.8552 46.0473 4.03253
      vertex -17.2975 33.1732 8.51802
      vertex -17.2594 33.1767 8.5458
    endloop
  endfacet
  facet normal -0.628565 -0.292929 0.720485
    outer loop
      vertex -25.3352 38.1791 3.54867
      vertex -17.4448 33.1467 8.38638
      vertex -17.342 33.1688 8.48505
    endloop
  endfacet
  facet normal -0.628558 -0.292898 0.720504
    outer loop
      vertex -17.4448 33.1467 8.38638
      vertex -25.3352 38.1791 3.54867
      vertex -25.3387 38.152 3.5346
    endloop
  endfacet
  facet normal -0.641385 -0.349484 0.682998
    outer loop
      vertex -25.3763 37.8628 3.35131
      vertex -17.4448 33.1467 8.38638
      vertex -25.3387 38.152 3.5346
    endloop
  endfacet
  facet normal 0.862372 0.506275 3.4337e-05
    outer loop
      vertex -2.9337 46.5149 2.38671
      vertex -2.27077 45.3857 2.21556
      vertex -1.43259 43.958 1.82802
    endloop
  endfacet
  facet normal 0.862255 0.506473 -0.00118448
    outer loop
      vertex -2.9337 46.5149 2.38671
      vertex -1.43259 43.958 1.82802
      vertex -1.18135 43.53 1.71186
    endloop
  endfacet
  facet normal 0.862356 0.506302 -0
    outer loop
      vertex -4.11677 48.5301 0
      vertex -4.11677 48.5301 2.5
      vertex -3.82151 48.0272 2.48699
    endloop
  endfacet
  facet normal 0.471356 -0.625969 0.621279
    outer loop
      vertex -15.2 32.7145 8.04707
      vertex -7.99136 31.6446 1.5
      vertex -7.78233 31.802 1.5
    endloop
  endfacet
  facet normal 0.47131 -0.626043 0.621238
    outer loop
      vertex -6.06802 33.0926 1.5
      vertex -15.2 32.7145 8.04707
      vertex -7.78233 31.802 1.5
    endloop
  endfacet
  facet normal 0.454161 -0.652217 0.606919
    outer loop
      vertex -8.36 31.3849 1.5
      vertex -14.9324 32.5384 7.65775
      vertex -14.8394 32.4772 7.52239
    endloop
  endfacet
  facet normal 0.454489 -0.65174 0.607186
    outer loop
      vertex -8.36 31.3849 1.5
      vertex -14.8394 32.4772 7.52239
      vertex -8.39542 31.3602 1.5
    endloop
  endfacet
  facet normal 0.454508 -0.651717 0.607196
    outer loop
      vertex -14.9324 32.5384 7.65775
      vertex -8.36 31.3849 1.5
      vertex -15.2 32.7145 8.04707
    endloop
  endfacet
  facet normal 0.514785 -0.210649 0.831037
    outer loop
      vertex -10.0126 35.5495 5.71557
      vertex -1.67622 39.4194 1.53254
      vertex -9.92485 35.6003 5.67409
    endloop
  endfacet
  facet normal 0.513985 -0.207547 0.832312
    outer loop
      vertex -10.0126 35.5495 5.71557
      vertex -15.5125 32.9637 8.46717
      vertex -1.67622 39.4194 1.53254
    endloop
  endfacet
  facet normal 0.51496 -0.211256 0.830775
    outer loop
      vertex -10.1551 35.4937 5.78971
      vertex -15.5125 32.9637 8.46717
      vertex -10.0126 35.5495 5.71557
    endloop
  endfacet
  facet normal 0.514229 -0.208492 0.831925
    outer loop
      vertex -15.5125 32.9637 8.46717
      vertex -10.1551 35.4937 5.78971
      vertex -15.5649 32.989 8.5059
    endloop
  endfacet
  facet normal 0.528788 -0.282627 0.800316
    outer loop
      vertex -15.5125 32.9637 8.46717
      vertex -2.68203 37.2402 1.5
      vertex -2.53927 37.5073 1.5
    endloop
  endfacet
  facet normal 0.508644 -0.530449 0.678163
    outer loop
      vertex -15.405 32.8898 8.34533
      vertex -6.04353 33.1149 1.5
      vertex -5.92944 33.2243 1.5
    endloop
  endfacet
  facet normal -0.134101 0.16335 0.977412
    outer loop
      vertex -23.4428 53.064 4.5
      vertex -20.1374 43.8783 6.48866
      vertex -19.9045 45.1819 6.30275
    endloop
  endfacet
  facet normal -0.131187 0.164697 0.977581
    outer loop
      vertex -19.9028 45.1864 6.30222
      vertex -23.4428 53.064 4.5
      vertex -19.9045 45.1819 6.30275
    endloop
  endfacet
  facet normal -0.134064 0.163365 0.977414
    outer loop
      vertex -23.4428 53.064 4.5
      vertex -19.9028 45.1864 6.30222
      vertex -22.2335 54.0564 4.5
    endloop
  endfacet
  facet normal -0.133957 0.163404 0.977422
    outer loop
      vertex -20.1374 43.8783 6.48866
      vertex -23.4428 53.064 4.5
      vertex -20.1997 43.53 6.53835
    endloop
  endfacet
  facet normal -0.134258 0.163296 0.977399
    outer loop
      vertex -20.1997 43.53 6.53835
      vertex -23.4428 53.064 4.5
      vertex -20.1993 43.4354 6.55421
    endloop
  endfacet
  facet normal -0.134063 0.163367 0.977414
    outer loop
      vertex -17.8722 36.5274 8.02801
      vertex -16.7597 33.2246 8.73264
      vertex -17.5347 36.174 8.13337
    endloop
  endfacet
  facet normal -0.658166 -0.512493 0.551515
    outer loop
      vertex -25.617 36.0114 1.9225
      vertex -19.9251 32.1227 5.10153
      vertex -25.6048 36.1058 2.02478
    endloop
  endfacet
  facet normal -0.658129 -0.512117 0.551908
    outer loop
      vertex -25.7374 35.7108 1.5
      vertex -19.9251 32.1227 5.10153
      vertex -25.617 36.0114 1.9225
    endloop
  endfacet
  facet normal -0.65813 -0.512155 0.551872
    outer loop
      vertex -19.9251 32.1227 5.10153
      vertex -25.7374 35.7108 1.5
      vertex -22.2801 31.2681 1.5
    endloop
  endfacet
  facet normal -0.645013 -0.372291 0.667351
    outer loop
      vertex -25.4984 36.9241 2.70963
      vertex -17.4448 33.1467 8.38638
      vertex -25.3763 37.8628 3.35131
    endloop
  endfacet
  facet normal 0.456823 -0.648453 0.608952
    outer loop
      vertex -15.2 32.7145 8.04707
      vertex -8.36 31.3849 1.5
      vertex -7.99136 31.6446 1.5
    endloop
  endfacet
  facet normal -0.707107 -0.707107 -0
    outer loop
      vertex -12.5885 30.4013 3.10394
      vertex -12.5885 30.4013 3.10393
      vertex -12.5882 30.401 3.10328
    endloop
  endfacet
  facet normal 0.528794 -0.282678 0.800294
    outer loop
      vertex -15.5125 32.9637 8.46717
      vertex -2.53927 37.5073 1.5
      vertex -2.31614 37.9247 1.5
    endloop
  endfacet
  facet normal -0.0934069 0.174751 0.980172
    outer loop
      vertex -21.4244 54.4889 4.5
      vertex -19.1712 46.9508 6.05866
      vertex -20.6508 54.9024 4.5
    endloop
  endfacet
  facet normal -0.0934043 0.174752 0.980172
    outer loop
      vertex -19.1712 46.9508 6.05866
      vertex -21.4244 54.4889 4.5
      vertex -19.31 46.7236 6.08594
    endloop
  endfacet
  facet normal -0.0933918 0.174755 0.980173
    outer loop
      vertex -19.31 46.7236 6.08594
      vertex -21.4244 54.4889 4.5
      vertex -19.5364 46.1373 6.1689
    endloop
  endfacet
  facet normal -0.0920289 0.175027 0.980253
    outer loop
      vertex -17.0859 35.7134 8.26085
      vertex -16.6161 33.2196 8.75023
      vertex -17.0788 35.7061 8.26282
    endloop
  endfacet
  facet normal -0.0934531 0.174742 0.980169
    outer loop
      vertex -16.6161 33.2196 8.75023
      vertex -17.0859 35.7134 8.26085
      vertex -17.2081 35.8382 8.22695
    endloop
  endfacet
  facet normal -0.0883649 0.175746 0.980462
    outer loop
      vertex -20.6508 54.9024 4.5
      vertex -19.1712 46.9508 6.05866
      vertex -19.1483 46.9882 6.05402
    endloop
  endfacet
  facet normal -0.0883236 0.175755 0.980464
    outer loop
      vertex -16.989 35.6147 8.2873
      vertex -16.6161 33.2196 8.75023
      vertex -16.5335 33.2157 8.75837
    endloop
  endfacet
  facet normal -0.0884066 0.175741 0.980459
    outer loop
      vertex -16.6161 33.2196 8.75023
      vertex -16.989 35.6147 8.2873
      vertex -17.0788 35.7061 8.26282
    endloop
  endfacet
  facet normal -0.263701 0.0920901 0.960198
    outer loop
      vertex -24.0048 44.0211 5.71165
      vertex -16.9761 33.2175 8.6781
      vertex -16.8336 33.2236 8.71665
    endloop
  endfacet
  facet normal -0.263523 0.0922159 0.960235
    outer loop
      vertex -16.9761 33.2175 8.6781
      vertex -24.0048 44.0211 5.71165
      vertex -24.0388 44.0087 5.70351
    endloop
  endfacet
  facet normal -0.22454 0.120006 0.967047
    outer loop
      vertex -23.2046 44.4452 5.84481
      vertex -16.8336 33.2236 8.71665
      vertex -23.1778 44.4698 5.84798
    endloop
  endfacet
  facet normal -0.224544 0.120004 0.967047
    outer loop
      vertex -23.461 44.2603 5.80822
      vertex -16.8336 33.2236 8.71665
      vertex -23.2046 44.4452 5.84481
    endloop
  endfacet
  facet normal -0.22464 0.119942 0.967032
    outer loop
      vertex -23.5167 44.2283 5.79925
      vertex -16.8336 33.2236 8.71665
      vertex -23.461 44.2603 5.80822
    endloop
  endfacet
  facet normal -0.224518 0.120021 0.96705
    outer loop
      vertex -23.793 44.0882 5.75249
      vertex -16.8336 33.2236 8.71665
      vertex -23.5167 44.2283 5.79925
    endloop
  endfacet
  facet normal -0.224306 0.120165 0.967082
    outer loop
      vertex -23.8553 44.068 5.74055
      vertex -16.8336 33.2236 8.71665
      vertex -23.793 44.0882 5.75249
    endloop
  endfacet
  facet normal -0.224578 0.119978 0.967042
    outer loop
      vertex -16.8336 33.2236 8.71665
      vertex -23.8553 44.068 5.74055
      vertex -24.0048 44.0211 5.71165
    endloop
  endfacet
  facet normal -0.389502 -0.0151856 0.920901
    outer loop
      vertex -27.3897 46.7482 4.5
      vertex -25.8682 44.7294 5.11024
      vertex -25.9106 44.8139 5.0937
    endloop
  endfacet
  facet normal -0.390011 -0.0156478 0.920677
    outer loop
      vertex -25.4038 44.1511 5.29713
      vertex -17.1746 33.1949 8.59692
      vertex -17.0384 33.2116 8.6549
    endloop
  endfacet
  facet normal -0.389822 -0.0154804 0.92076
    outer loop
      vertex -25.4481 44.1758 5.27879
      vertex -17.1746 33.1949 8.59692
      vertex -25.4038 44.1511 5.29713
    endloop
  endfacet
  facet normal -0.394931 -0.0200149 0.918493
    outer loop
      vertex -17.1746 33.1949 8.59692
      vertex -25.4481 44.1758 5.27879
      vertex -25.4559 44.1824 5.27558
    endloop
  endfacet
  facet normal -0.351281 0.0187005 0.936083
    outer loop
      vertex -27.3897 46.7482 4.5
      vertex -25.9106 44.8139 5.0937
      vertex -25.9286 44.8497 5.08623
    endloop
  endfacet
  facet normal -0.350524 0.0193609 0.936354
    outer loop
      vertex -25.3812 44.1385 5.30584
      vertex -17.0384 33.2116 8.6549
      vertex -16.9761 33.2175 8.6781
    endloop
  endfacet
  facet normal -0.350174 0.0196658 0.936478
    outer loop
      vertex -25.3935 44.1452 5.3011
      vertex -17.0384 33.2116 8.6549
      vertex -25.3812 44.1385 5.30584
    endloop
  endfacet
  facet normal -0.349411 0.0203323 0.936749
    outer loop
      vertex -17.0384 33.2116 8.6549
      vertex -25.3935 44.1452 5.3011
      vertex -25.4038 44.1511 5.29713
    endloop
  endfacet
  facet normal -0.648704 -0.45216 0.612155
    outer loop
      vertex -19.9251 32.1227 5.10153
      vertex -25.5321 36.6646 2.51457
      vertex -25.6048 36.1058 2.02478
    endloop
  endfacet
  facet normal -0.64871 -0.452178 0.612136
    outer loop
      vertex -25.5321 36.6646 2.51457
      vertex -19.9251 32.1227 5.10153
      vertex -18.4034 32.8061 7.21897
    endloop
  endfacet
  facet normal 0.380095 -0.747129 0.545276
    outer loop
      vertex -14.8394 32.4772 7.52239
      vertex -8.91199 31.0974 1.5
      vertex -8.39542 31.3602 1.5
    endloop
  endfacet
  facet normal -0.64694 -0.416316 0.638866
    outer loop
      vertex -18.4034 32.8061 7.21897
      vertex -25.5317 36.6676 2.51693
      vertex -25.5321 36.6646 2.51457
    endloop
  endfacet
  facet normal -0.647425 -0.423971 0.633316
    outer loop
      vertex -25.5317 36.6676 2.51693
      vertex -18.4034 32.8061 7.21897
      vertex -18.3937 32.8099 7.23143
    endloop
  endfacet
  facet normal 0.633597 -0.554148 0.539884
    outer loop
      vertex -12.5882 30.401 3.10328
      vertex -11.7609 29.7849 1.5
      vertex -12.5885 30.4013 3.10394
    endloop
  endfacet
  facet normal -0.647434 -0.424125 0.633204
    outer loop
      vertex -18.3937 32.8099 7.23143
      vertex -25.5287 36.6907 2.53547
      vertex -25.5317 36.6676 2.51693
    endloop
  endfacet
  facet normal -0.64738 -0.423254 0.633841
    outer loop
      vertex -25.5287 36.6907 2.53547
      vertex -18.3937 32.8099 7.23143
      vertex -18.3169 32.84 7.32997
    endloop
  endfacet
  facet normal -0.646784 -0.413053 0.641138
    outer loop
      vertex -18.3169 32.84 7.32997
      vertex -25.5258 36.7134 2.55302
      vertex -25.5287 36.6907 2.53547
    endloop
  endfacet
  facet normal -0.646714 -0.412008 0.64188
    outer loop
      vertex -25.5258 36.7134 2.55302
      vertex -18.3169 32.84 7.32997
      vertex -18.2386 32.8689 7.42741
    endloop
  endfacet
  facet normal 0.348382 -0.800641 0.487447
    outer loop
      vertex -12.5885 30.4013 3.10394
      vertex -11.7609 29.7849 1.5
      vertex -9.92581 30.5834 1.5
    endloop
  endfacet
  facet normal 0.868372 -0.0856382 0.488464
    outer loop
      vertex -17.3656 43.53 1.5
      vertex -20.1374 43.8783 6.48866
      vertex -20.1997 43.53 6.53835
    endloop
  endfacet
  facet normal 0.86839 -0.0854633 0.488462
    outer loop
      vertex -20.1374 43.8783 6.48866
      vertex -17.3656 43.53 1.5
      vertex -17.2954 44.2433 1.5
    endloop
  endfacet
  facet normal 0.25335 -0.834992 0.488469
    outer loop
      vertex -13.8064 48.8567 1.5
      vertex -13.53 50.7116 4.52742
      vertex -14.4936 50.5158 4.6925
    endloop
  endfacet
  facet normal 0.253426 -0.834978 0.488453
    outer loop
      vertex -13.53 50.7116 4.52742
      vertex -13.8064 48.8567 1.5
      vertex -13.4107 48.9768 1.5
    endloop
  endfacet
  facet normal -0.253425 -0.834975 0.48846
    outer loop
      vertex -9.39359 48.8567 1.5
      vertex -9.70165 50.2518 3.72496
      vertex -9.78929 48.9768 1.5
    endloop
  endfacet
  facet normal -0.253352 -0.834987 0.488477
    outer loop
      vertex -9.70165 50.2518 3.72496
      vertex -9.39359 48.8567 1.5
      vertex -8.93138 49.9726 3.64721
    endloop
  endfacet
  facet normal -0.76942 -0.411604 0.488442
    outer loop
      vertex -6.61113 46.3685 1.5
      vertex -5.40676 46.6459 3.63095
      vertex -5.42987 46.6891 3.63095
    endloop
  endfacet
  facet normal -0.769636 -0.411129 0.488502
    outer loop
      vertex -5.40676 46.6459 3.63095
      vertex -6.61113 46.3685 1.5
      vertex -5.35457 46.5482 3.63095
    endloop
  endfacet
  facet normal -0.769592 -0.411231 0.488485
    outer loop
      vertex -5.35457 46.5482 3.63095
      vertex -6.61113 46.3685 1.5
      vertex -5.33528 46.5121 3.63095
    endloop
  endfacet
  facet normal -0.769549 -0.411333 0.488466
    outer loop
      vertex -6.61113 46.3685 1.5
      vertex -5.16584 46.1951 3.63095
      vertex -5.33528 46.5121 3.63095
    endloop
  endfacet
  facet normal -0.769547 -0.411338 0.488464
    outer loop
      vertex -5.16584 46.1951 3.63095
      vertex -6.61113 46.3685 1.5
      vertex -6.27326 45.7364 1.5
    endloop
  endfacet
  facet normal -0.674478 0.553616 0.488455
    outer loop
      vertex -7.52309 39.4531 1.5
      vertex -5.99157 39.1418 3.96761
      vertex -7.26076 39.7727 1.5
    endloop
  endfacet
  facet normal -0.674507 0.55357 0.488468
    outer loop
      vertex -7.52309 39.4531 1.5
      vertex -6.45269 38.4268 4.14116
      vertex -5.99157 39.1418 3.96761
    endloop
  endfacet
  facet normal -0.674104 0.554042 0.488488
    outer loop
      vertex -6.45269 38.4268 4.14116
      vertex -7.52309 39.4531 1.5
      vertex -6.47026 38.4003 4.14697
    endloop
  endfacet
  facet normal -0.769554 0.411322 0.488469
    outer loop
      vertex -6.80606 40.3268 1.5
      vertex -5.36084 40.3522 3.75547
      vertex -6.61113 40.6915 1.5
    endloop
  endfacet
  facet normal -0.769551 0.411329 0.488467
    outer loop
      vertex -5.36084 40.3522 3.75547
      vertex -6.80606 40.3268 1.5
      vertex -5.70279 39.5896 3.85892
    endloop
  endfacet
  facet normal -0.834992 -0.253352 0.488468
    outer loop
      vertex -6.27326 45.7364 1.5
      vertex -5.08419 45.926 3.63095
      vertex -5.16584 46.1951 3.63095
    endloop
  endfacet
  facet normal -0.835019 -0.253253 0.488473
    outer loop
      vertex -6.27326 45.7364 1.5
      vertex -4.93212 45.4246 3.63095
      vertex -5.08419 45.926 3.63095
    endloop
  endfacet
  facet normal -0.83501 -0.25331 0.48846
    outer loop
      vertex -4.93212 45.4246 3.63095
      vertex -6.27326 45.7364 1.5
      vertex -6.15322 45.3407 1.5
    endloop
  endfacet
  facet normal 0.0854751 -0.86839 0.48846
    outer loop
      vertex -12.0115 49.2551 1.5
      vertex -11.6 50.7158 4.02484
      vertex -12.516 50.7568 4.25802
    endloop
  endfacet
  facet normal 0.0854673 -0.86839 0.488461
    outer loop
      vertex -11.6 50.7158 4.02484
      vertex -12.0115 49.2551 1.5
      vertex -11.6 49.2956 1.5
    endloop
  endfacet
  facet normal 0.0857762 0.868361 0.488459
    outer loop
      vertex -12.7248 37.8752 1.5
      vertex -12.8677 34.6674 7.22778
      vertex -12.6635 34.7096 7.1169
    endloop
  endfacet
  facet normal 0.0852949 0.868394 0.488483
    outer loop
      vertex -12.7248 37.8752 1.5
      vertex -12.6635 34.7096 7.1169
      vertex -12.4535 34.7531 7.0029
    endloop
  endfacet
  facet normal 0.0855862 0.868379 0.48846
    outer loop
      vertex -12.7248 37.8752 1.5
      vertex -12.4535 34.7531 7.0029
      vertex -11.9316 34.8623 6.71732
    endloop
  endfacet
  facet normal 0.0856771 0.868378 0.488446
    outer loop
      vertex -12.7248 37.8752 1.5
      vertex -11.9316 34.8623 6.71732
      vertex -12.3133 37.8346 1.5
    endloop
  endfacet
  facet normal 0.0855257 0.868382 0.488465
    outer loop
      vertex -12.8677 34.6674 7.22778
      vertex -12.7248 37.8752 1.5
      vertex -13.383 34.5664 7.49756
    endloop
  endfacet
  facet normal 0.411342 -0.769546 0.488464
    outer loop
      vertex -14.8032 48.3239 1.5
      vertex -14.9329 50.3408 4.78673
      vertex -15.8948 49.9576 4.99305
    endloop
  endfacet
  facet normal 0.411444 -0.769505 0.488443
    outer loop
      vertex -14.9329 50.3408 4.78673
      vertex -14.8032 48.3239 1.5
      vertex -14.4385 48.5189 1.5
    endloop
  endfacet
  facet normal 0.0855738 -0.868373 0.488472
    outer loop
      vertex -12.7248 49.1848 1.5
      vertex -12.516 50.7568 4.25802
      vertex -13.0422 50.7803 4.39198
    endloop
  endfacet
  facet normal 0.0855834 -0.868373 0.488471
    outer loop
      vertex -12.516 50.7568 4.25802
      vertex -12.7248 49.1848 1.5
      vertex -12.0115 49.2551 1.5
    endloop
  endfacet
  facet normal 0.549943 0.672845 0.494815
    outer loop
      vertex -16.9275 35.5568 8.29768
      vertex -17.0788 35.7061 8.26282
      vertex -16.989 35.6147 8.2873
    endloop
  endfacet
  facet normal 0.507407 0.647075 0.569062
    outer loop
      vertex -16.9275 35.5568 8.29768
      vertex -17.0859 35.7134 8.26085
      vertex -17.0788 35.7061 8.26282
    endloop
  endfacet
  facet normal 0.553533 0.674539 0.488465
    outer loop
      vertex -15.3573 39.1908 1.5
      vertex -16.9275 35.5568 8.29768
      vertex -14.8032 38.7361 1.5
    endloop
  endfacet
  facet normal 0.553393 0.674639 0.488486
    outer loop
      vertex -16.9275 35.5568 8.29768
      vertex -15.3573 39.1908 1.5
      vertex -17.0859 35.7134 8.26085
    endloop
  endfacet
  facet normal -0.0854941 -0.868388 0.48846
    outer loop
      vertex -11.6 49.2956 1.5
      vertex -10.7545 50.5471 3.87291
      vertex -11.6 50.7158 4.02484
    endloop
  endfacet
  facet normal -0.0854677 -0.868394 0.488454
    outer loop
      vertex -10.7545 50.5471 3.87291
      vertex -11.6 49.2956 1.5
      vertex -11.1885 49.2551 1.5
    endloop
  endfacet
  facet normal -0.553619 -0.674475 0.488457
    outer loop
      vertex -8.07714 48.0616 1.5
      vertex -7.52983 49.1556 3.63095
      vertex -7.73085 49.3206 3.63095
    endloop
  endfacet
  facet normal -0.553518 -0.674541 0.488479
    outer loop
      vertex -8.07714 48.0616 1.5
      vertex -7.73085 49.3206 3.63095
      vertex -8.39679 48.3239 1.5
    endloop
  endfacet
  facet normal -0.55356 -0.674518 0.488464
    outer loop
      vertex -7.52983 49.1556 3.63095
      vertex -8.07714 48.0616 1.5
      vertex -7.10847 48.8098 3.63095
    endloop
  endfacet
  facet normal 0 0 1
    outer loop
      vertex -7.52983 49.1556 3.63095
      vertex -7.29625 48.9639 3.63095
      vertex -7.41501 49.0614 3.63095
    endloop
  endfacet
  facet normal 0 0 -1
    outer loop
      vertex -7.29625 48.9639 3.63095
      vertex -7.52983 49.1556 3.63095
      vertex -7.10847 48.8098 3.63095
    endloop
  endfacet
  facet normal 0.411335 -0.769556 0.488454
    outer loop
      vertex -14.4385 48.5189 1.5
      vertex -14.4936 50.5158 4.6925
      vertex -14.9329 50.3408 4.78673
    endloop
  endfacet
  facet normal 0.411271 -0.769581 0.488469
    outer loop
      vertex -14.4936 50.5158 4.6925
      vertex -14.4385 48.5189 1.5
      vertex -13.8064 48.8567 1.5
    endloop
  endfacet
  facet normal -0.86838 -0.0855267 0.488469
    outer loop
      vertex -5.87491 43.9415 1.5
      vertex -4.63832 43.5565 3.63095
      vertex -4.71463 44.3313 3.63095
    endloop
  endfacet
  facet normal -0.86838 -0.0855507 0.488464
    outer loop
      vertex -5.83437 43.53 1.5
      vertex -4.63832 43.5565 3.63095
      vertex -5.87491 43.9415 1.5
    endloop
  endfacet
  facet normal -0.868382 -0.0855274 0.488465
    outer loop
      vertex -4.63832 43.5565 3.63095
      vertex -5.83437 43.53 1.5
      vertex -4.63571 43.53 3.63095
    endloop
  endfacet
  facet normal 0.674538 0.553533 0.488467
    outer loop
      vertex -19.2022 38.4504 7.5044
      vertex -15.9392 39.7727 1.5
      vertex -16.3939 40.3268 1.5
    endloop
  endfacet
  facet normal 0.674557 0.553505 0.488472
    outer loop
      vertex -15.9392 39.7727 1.5
      vertex -19.2022 38.4504 7.5044
      vertex -19.0586 38.2221 7.56479
    endloop
  endfacet
  facet normal -0.868385 -0.0854942 0.488466
    outer loop
      vertex -5.94516 44.6548 1.5
      vertex -4.75999 44.7918 3.63095
      vertex -4.76953 44.8887 3.63095
    endloop
  endfacet
  facet normal -0.86838 -0.0855369 0.488466
    outer loop
      vertex -5.94516 44.6548 1.5
      vertex -4.71463 44.3313 3.63095
      vertex -4.75999 44.7918 3.63095
    endloop
  endfacet
  facet normal -0.86838 -0.0855232 0.488468
    outer loop
      vertex -4.71463 44.3313 3.63095
      vertex -5.94516 44.6548 1.5
      vertex -5.87491 43.9415 1.5
    endloop
  endfacet
  facet normal 0.0854628 0.868385 0.488471
    outer loop
      vertex -12.3133 37.8346 1.5
      vertex -11.6 34.9317 6.53586
      vertex -11.6 37.7644 1.5
    endloop
  endfacet
  facet normal 0.085554 0.868383 0.488458
    outer loop
      vertex -11.6 34.9317 6.53586
      vertex -12.3133 37.8346 1.5
      vertex -11.9316 34.8623 6.71732
    endloop
  endfacet
  facet normal -0.253388 0.834977 0.488475
    outer loop
      vertex -10.4752 37.8752 1.5
      vertex -9.92485 35.6003 5.67409
      vertex -9.52094 35.8357 5.48123
    endloop
  endfacet
  facet normal -0.253213 0.835036 0.488466
    outer loop
      vertex -10.0795 37.9952 1.5
      vertex -9.52094 35.8357 5.48123
      vertex -9.01225 36.133 5.23669
    endloop
  endfacet
  facet normal -0.253231 0.83503 0.488465
    outer loop
      vertex -9.52094 35.8357 5.48123
      vertex -10.0795 37.9952 1.5
      vertex -10.4752 37.8752 1.5
    endloop
  endfacet
  facet normal -0.252599 0.835204 0.488495
    outer loop
      vertex -9.92485 35.6003 5.67409
      vertex -10.4752 37.8752 1.5
      vertex -10.0126 35.5495 5.71557
    endloop
  endfacet
  facet normal 0.769576 0.411271 0.488476
    outer loop
      vertex -19.856 40.1103 7.13654
      vertex -16.7318 40.9589 1.5
      vertex -16.9267 41.3236 1.5
    endloop
  endfacet
  facet normal 0.769541 0.411346 0.488468
    outer loop
      vertex -16.7318 40.9589 1.5
      vertex -19.856 40.1103 7.13654
      vertex -19.3066 38.7154 7.44567
    endloop
  endfacet
  facet normal -0.553585 0.674499 0.488462
    outer loop
      vertex -7.52309 39.4531 1.5
      vertex -6.87454 37.9525 4.30714
      vertex -6.47026 38.4003 4.14697
    endloop
  endfacet
  facet normal -0.553571 0.674509 0.488464
    outer loop
      vertex -6.87454 37.9525 4.30714
      vertex -7.52309 39.4531 1.5
      vertex -7.10196 37.7006 4.39725
    endloop
  endfacet
  facet normal -0.553531 0.674535 0.488474
    outer loop
      vertex -7.10196 37.7006 4.39725
      vertex -7.52309 39.4531 1.5
      vertex -7.84273 39.1908 1.5
    endloop
  endfacet
  facet normal 0.674478 -0.553607 0.488465
    outer loop
      vertex -18.0605 48.3418 5.62421
      vertex -15.6769 47.6069 1.5
      vertex -17.2045 49.1345 5.34065
    endloop
  endfacet
  facet normal 0.674502 -0.553572 0.488472
    outer loop
      vertex -15.6769 47.6069 1.5
      vertex -18.0605 48.3418 5.62421
      vertex -15.9392 47.2873 1.5
    endloop
  endfacet
  facet normal 0.553563 -0.674523 0.488453
    outer loop
      vertex -15.1229 48.0616 1.5
      vertex -15.8948 49.9576 4.99305
      vertex -16.8226 49.3745 5.2393
    endloop
  endfacet
  facet normal 0.55347 -0.674588 0.488468
    outer loop
      vertex -15.8948 49.9576 4.99305
      vertex -15.1229 48.0616 1.5
      vertex -14.8032 48.3239 1.5
    endloop
  endfacet
  facet normal -0.835006 -0.253323 0.488458
    outer loop
      vertex -6.15322 45.3407 1.5
      vertex -4.80103 44.9925 3.63095
      vertex -4.93212 45.4246 3.63095
    endloop
  endfacet
  facet normal -0.835011 -0.253291 0.488467
    outer loop
      vertex -5.94516 44.6548 1.5
      vertex -4.80103 44.9925 3.63095
      vertex -6.15322 45.3407 1.5
    endloop
  endfacet
  facet normal -0.834981 -0.25339 0.488466
    outer loop
      vertex -4.80103 44.9925 3.63095
      vertex -5.94516 44.6548 1.5
      vertex -4.76953 44.8887 3.63095
    endloop
  endfacet
  facet normal 0.251934 0.841668 0.477624
    outer loop
      vertex -14.8369 34.6243 8.15244
      vertex -15.0334 34.6574 8.19776
      vertex -14.9341 34.6391 8.17763
    endloop
  endfacet
  facet normal 0.250823 0.843019 0.475822
    outer loop
      vertex -14.7042 34.6056 8.11562
      vertex -14.8369 34.6243 8.15244
      vertex -14.7847 34.6164 8.13892
    endloop
  endfacet
  facet normal 0.25353 0.833926 0.490194
    outer loop
      vertex -14.8369 34.6243 8.15244
      vertex -14.7042 34.6056 8.11562
      vertex -15.0334 34.6574 8.19776
    endloop
  endfacet
  facet normal 0.255557 0.829629 0.496394
    outer loop
      vertex -14.4609 34.5818 8.03014
      vertex -14.7042 34.6056 8.11562
      vertex -14.5416 34.5875 8.06216
    endloop
  endfacet
  facet normal 0.25324 0.835146 0.488263
    outer loop
      vertex -14.7042 34.6056 8.11562
      vertex -14.4609 34.5818 8.03014
      vertex -15.0334 34.6574 8.19776
    endloop
  endfacet
  facet normal 0.253225 0.835191 0.488193
    outer loop
      vertex -14.2813 34.5699 7.95734
      vertex -15.0334 34.6574 8.19776
      vertex -14.4609 34.5818 8.03014
    endloop
  endfacet
  facet normal 0.251935 0.837308 0.485225
    outer loop
      vertex -13.9606 34.5597 7.80843
      vertex -14.2813 34.5699 7.95734
      vertex -14.1607 34.5626 7.90732
    endloop
  endfacet
  facet normal 0.253366 0.834989 0.488466
    outer loop
      vertex -13.1205 37.9952 1.5
      vertex -14.2813 34.5699 7.95734
      vertex -13.9606 34.5597 7.80843
    endloop
  endfacet
  facet normal 0.253721 0.834886 0.488458
    outer loop
      vertex -13.1205 37.9952 1.5
      vertex -13.9606 34.5597 7.80843
      vertex -13.8821 34.5591 7.76868
    endloop
  endfacet
  facet normal 0.253136 0.835052 0.488478
    outer loop
      vertex -13.1205 37.9952 1.5
      vertex -13.8821 34.5591 7.76868
      vertex -13.383 34.5664 7.49756
    endloop
  endfacet
  facet normal 0.253231 0.835029 0.488468
    outer loop
      vertex -13.1205 37.9952 1.5
      vertex -13.383 34.5664 7.49756
      vertex -12.7248 37.8752 1.5
    endloop
  endfacet
  facet normal 0.253291 0.835012 0.488465
    outer loop
      vertex -14.2813 34.5699 7.95734
      vertex -13.1205 37.9952 1.5
      vertex -15.0334 34.6574 8.19776
    endloop
  endfacet
  facet normal 0.834997 0.253335 0.488469
    outer loop
      vertex -19.9155 40.4158 7.07992
      vertex -16.9267 41.3236 1.5
      vertex -17.1348 42.0095 1.5
    endloop
  endfacet
  facet normal 0.835048 0.253167 0.488469
    outer loop
      vertex -16.9267 41.3236 1.5
      vertex -19.9155 40.4158 7.07992
      vertex -19.856 40.1103 7.13654
    endloop
  endfacet
  facet normal 0.812896 -0.581039 0.0399066
    outer loop
      vertex -19.0872 47.0779 6.0333
      vertex -19.061 47.1138 6.02231
      vertex -19.0856 47.0801 6.03274
    endloop
  endfacet
  facet normal 0.766787 -0.407868 0.495663
    outer loop
      vertex -19.061 47.1138 6.02231
      vertex -19.0872 47.0779 6.0333
      vertex -19.1712 46.9508 6.05866
    endloop
  endfacet
  facet normal 0.769128 -0.410596 0.489747
    outer loop
      vertex -19.1712 46.9508 6.05866
      vertex -19.0872 47.0779 6.0333
      vertex -19.1239 47.0246 6.04625
    endloop
  endfacet
  facet normal 0.766033 -0.40735 0.497252
    outer loop
      vertex -19.1712 46.9508 6.05866
      vertex -19.1239 47.0246 6.04625
      vertex -19.1483 46.9882 6.05402
    endloop
  endfacet
  facet normal 0.769956 -0.411858 0.487381
    outer loop
      vertex -19.31 46.7236 6.08594
      vertex -19.061 47.1138 6.02231
      vertex -19.1712 46.9508 6.05866
    endloop
  endfacet
  facet normal 0.769515 -0.4114 0.488463
    outer loop
      vertex -19.061 47.1138 6.02231
      vertex -19.31 46.7236 6.08594
      vertex -16.7318 46.1011 1.5
    endloop
  endfacet
  facet normal 0.769581 -0.411272 0.488468
    outer loop
      vertex -19.061 47.1138 6.02231
      vertex -16.7318 46.1011 1.5
      vertex -18.6059 47.7341 5.82757
    endloop
  endfacet
  facet normal 0.769575 -0.41127 0.488479
    outer loop
      vertex -16.7318 46.1011 1.5
      vertex -19.31 46.7236 6.08594
      vertex -16.9267 45.7364 1.5
    endloop
  endfacet
  facet normal -0.25331 0.834999 0.488479
    outer loop
      vertex -9.39359 38.2033 1.5
      vertex -9.01225 36.133 5.23669
      vertex -8.6289 36.3571 5.05241
    endloop
  endfacet
  facet normal -0.253331 0.834993 0.488478
    outer loop
      vertex -9.01225 36.133 5.23669
      vertex -9.39359 38.2033 1.5
      vertex -10.0795 37.9952 1.5
    endloop
  endfacet
  facet normal 0.674505 0.553576 0.488463
    outer loop
      vertex -19.0586 38.2221 7.56479
      vertex -15.6769 39.4531 1.5
      vertex -15.9392 39.7727 1.5
    endloop
  endfacet
  facet normal 0.674508 0.553572 0.488464
    outer loop
      vertex -18.5836 37.4671 7.76451
      vertex -15.6769 39.4531 1.5
      vertex -19.0586 38.2221 7.56479
    endloop
  endfacet
  facet normal 0.674564 0.5535 0.488467
    outer loop
      vertex -15.6769 39.4531 1.5
      vertex -18.5836 37.4671 7.76451
      vertex -18.2281 36.9019 7.91402
    endloop
  endfacet
  facet normal 0.868359 -0.0856752 0.48848
    outer loop
      vertex -19.9045 45.1819 6.30275
      vertex -17.2954 44.2433 1.5
      vertex -17.2548 44.6548 1.5
    endloop
  endfacet
  facet normal 0.868389 -0.085485 0.48846
    outer loop
      vertex -17.2954 44.2433 1.5
      vertex -19.9045 45.1819 6.30275
      vertex -20.1374 43.8783 6.48866
    endloop
  endfacet
  facet normal 0.868383 0.0855631 0.488456
    outer loop
      vertex -17.2954 42.8167 1.5
      vertex -20.1997 43.53 6.53835
      vertex -20.1993 43.4354 6.55421
    endloop
  endfacet
  facet normal 0.868386 0.0854532 0.488471
    outer loop
      vertex -17.2954 42.8167 1.5
      vertex -20.1993 43.4354 6.55421
      vertex -20.1983 43.1895 6.59545
    endloop
  endfacet
  facet normal 0.868385 0.0854628 0.488471
    outer loop
      vertex -20.1997 43.53 6.53835
      vertex -17.2954 42.8167 1.5
      vertex -17.3656 43.53 1.5
    endloop
  endfacet
  facet normal 0.835027 0.25323 0.488471
    outer loop
      vertex -20.1895 41.8214 6.81943
      vertex -17.1348 42.0095 1.5
      vertex -17.2548 42.4052 1.5
    endloop
  endfacet
  facet normal 0.835009 0.253305 0.488464
    outer loop
      vertex -19.9687 40.6888 7.02932
      vertex -17.1348 42.0095 1.5
      vertex -20.1895 41.8214 6.81943
    endloop
  endfacet
  facet normal 0.835025 0.253258 0.488461
    outer loop
      vertex -17.1348 42.0095 1.5
      vertex -19.9687 40.6888 7.02932
      vertex -19.9155 40.4158 7.07992
    endloop
  endfacet
  facet normal -0.0855837 -0.868376 0.488466
    outer loop
      vertex -10.4752 49.1848 1.5
      vertex -10.7545 50.5471 3.87291
      vertex -11.1885 49.2551 1.5
    endloop
  endfacet
  facet normal -0.0854835 -0.868378 0.488479
    outer loop
      vertex -10.7545 50.5471 3.87291
      vertex -10.4752 49.1848 1.5
      vertex -10.2252 50.4415 3.77781
    endloop
  endfacet
  facet normal -0.0855196 0.868384 0.488463
    outer loop
      vertex -10.8867 37.8346 1.5
      vertex -10.9301 35.1919 6.19056
      vertex -10.1551 35.4937 5.78971
    endloop
  endfacet
  facet normal -0.0858664 0.868332 0.488494
    outer loop
      vertex -10.8867 37.8346 1.5
      vertex -10.1551 35.4937 5.78971
      vertex -10.0126 35.5495 5.71557
    endloop
  endfacet
  facet normal -0.0856757 0.868363 0.488472
    outer loop
      vertex -10.8867 37.8346 1.5
      vertex -10.0126 35.5495 5.71557
      vertex -10.4752 37.8752 1.5
    endloop
  endfacet
  facet normal -0.085559 0.868381 0.488461
    outer loop
      vertex -10.9301 35.1919 6.19056
      vertex -10.8867 37.8346 1.5
      vertex -11.2416 35.0709 6.35111
    endloop
  endfacet
  facet normal -0.868406 0.0852021 0.488479
    outer loop
      vertex -5.83437 43.53 1.5
      vertex -4.63675 43.5194 3.63095
      vertex -4.63571 43.53 3.63095
    endloop
  endfacet
  facet normal -0.868379 0.0855507 0.488465
    outer loop
      vertex -5.87491 43.1185 1.5
      vertex -4.63675 43.5194 3.63095
      vertex -5.83437 43.53 1.5
    endloop
  endfacet
  facet normal -0.868379 0.085531 0.488469
    outer loop
      vertex -4.63675 43.5194 3.63095
      vertex -5.87491 43.1185 1.5
      vertex -4.71463 42.7287 3.63095
    endloop
  endfacet
  facet normal 0.411362 0.769534 0.488465
    outer loop
      vertex -14.1711 38.3982 1.5
      vertex -16.6726 35.4132 8.30926
      vertex -15.8608 34.9841 8.30161
    endloop
  endfacet
  facet normal 0.411381 0.769525 0.488464
    outer loop
      vertex -14.1711 38.3982 1.5
      vertex -15.8608 34.9841 8.30161
      vertex -15.2682 34.7054 8.24159
    endloop
  endfacet
  facet normal 0.409168 0.770569 0.488676
    outer loop
      vertex -14.1711 38.3982 1.5
      vertex -15.2682 34.7054 8.24159
      vertex -15.2573 34.7005 8.24019
    endloop
  endfacet
  facet normal 0.411272 0.769578 0.488472
    outer loop
      vertex -14.1711 38.3982 1.5
      vertex -15.2573 34.7005 8.24019
      vertex -13.8064 38.2033 1.5
    endloop
  endfacet
  facet normal 0.411123 0.769678 0.48844
    outer loop
      vertex -16.6726 35.4132 8.30926
      vertex -14.1711 38.3982 1.5
      vertex -16.7406 35.4493 8.30961
    endloop
  endfacet
  facet normal 0.868376 0.085677 0.488449
    outer loop
      vertex -20.1983 43.1895 6.59545
      vertex -17.2548 42.4052 1.5
      vertex -17.2954 42.8167 1.5
    endloop
  endfacet
  facet normal 0.868377 0.0855817 0.488464
    outer loop
      vertex -20.194 42.1713 6.7662
      vertex -17.2548 42.4052 1.5
      vertex -20.1983 43.1895 6.59545
    endloop
  endfacet
  facet normal 0.868387 0.085478 0.488465
    outer loop
      vertex -17.2548 42.4052 1.5
      vertex -20.194 42.1713 6.7662
      vertex -20.1895 41.8214 6.81943
    endloop
  endfacet
  facet normal 0.67462 -0.55341 0.488492
    outer loop
      vertex -18.3709 48.0542 5.72706
      vertex -15.9392 47.2873 1.5
      vertex -18.0605 48.3418 5.62421
    endloop
  endfacet
  facet normal 0.674538 -0.553533 0.488467
    outer loop
      vertex -15.9392 47.2873 1.5
      vertex -18.3709 48.0542 5.72706
      vertex -16.3939 46.7332 1.5
    endloop
  endfacet
  facet normal -0.0854628 0.868385 0.488471
    outer loop
      vertex -11.6 37.7644 1.5
      vertex -11.2416 35.0709 6.35111
      vertex -10.8867 37.8346 1.5
    endloop
  endfacet
  facet normal -0.0854744 0.868384 0.488471
    outer loop
      vertex -11.2416 35.0709 6.35111
      vertex -11.6 37.7644 1.5
      vertex -11.6 34.9317 6.53586
    endloop
  endfacet
  facet normal 0.769529 0.411365 0.48847
    outer loop
      vertex -19.3066 38.7154 7.44567
      vertex -16.3939 40.3268 1.5
      vertex -16.7318 40.9589 1.5
    endloop
  endfacet
  facet normal 0.769504 0.411412 0.48847
    outer loop
      vertex -16.3939 40.3268 1.5
      vertex -19.3066 38.7154 7.44567
      vertex -19.2022 38.4504 7.5044
    endloop
  endfacet
  facet normal 0.404047 0.757026 0.513476
    outer loop
      vertex -16.7406 35.4493 8.30961
      vertex -16.7661 35.4631 8.30933
      vertex -16.7604 35.4598 8.30971
    endloop
  endfacet
  facet normal 0.410808 0.769038 0.489711
    outer loop
      vertex -16.7406 35.4493 8.30961
      vertex -16.8975 35.5388 8.30068
      vertex -16.7661 35.4631 8.30933
    endloop
  endfacet
  facet normal 0.401273 0.755179 0.518348
    outer loop
      vertex -16.7406 35.4493 8.30961
      vertex -16.9275 35.5568 8.29768
      vertex -16.8975 35.5388 8.30068
    endloop
  endfacet
  facet normal 0.411366 0.769531 0.488468
    outer loop
      vertex -14.8032 38.7361 1.5
      vertex -16.7406 35.4493 8.30961
      vertex -14.1711 38.3982 1.5
    endloop
  endfacet
  facet normal 0.411418 0.769502 0.488469
    outer loop
      vertex -16.7406 35.4493 8.30961
      vertex -14.8032 38.7361 1.5
      vertex -16.9275 35.5568 8.29768
    endloop
  endfacet
  facet normal -0.674445 -0.553641 0.488473
    outer loop
      vertex -7.52309 47.6069 1.5
      vertex -6.6421 48.4138 3.63095
      vertex -6.67551 48.4545 3.63095
    endloop
  endfacet
  facet normal -0.674525 -0.553545 0.48847
    outer loop
      vertex -6.6421 48.4138 3.63095
      vertex -7.52309 47.6069 1.5
      vertex -6.37974 48.0941 3.63095
    endloop
  endfacet
  facet normal -0.674604 -0.553435 0.488487
    outer loop
      vertex -6.37974 48.0941 3.63095
      vertex -7.52309 47.6069 1.5
      vertex -6.32018 48.0215 3.63095
    endloop
  endfacet
  facet normal -0.674494 -0.553596 0.488456
    outer loop
      vertex -6.32018 48.0215 3.63095
      vertex -7.52309 47.6069 1.5
      vertex -7.06839 47.0529 1.5
    endloop
  endfacet
  facet normal -0.674537 0.553532 0.488469
    outer loop
      vertex -7.26076 39.7727 1.5
      vertex -5.70279 39.5896 3.85892
      vertex -6.80606 40.3268 1.5
    endloop
  endfacet
  facet normal -0.674525 0.553552 0.488463
    outer loop
      vertex -5.70279 39.5896 3.85892
      vertex -7.26076 39.7727 1.5
      vertex -5.99157 39.1418 3.96761
    endloop
  endfacet
  facet normal -0.553566 -0.674513 0.488464
    outer loop
      vertex -7.52309 47.6069 1.5
      vertex -6.79605 48.5534 3.63095
      vertex -7.10847 48.8098 3.63095
    endloop
  endfacet
  facet normal -0.553564 -0.674515 0.488464
    outer loop
      vertex -7.52309 47.6069 1.5
      vertex -7.10847 48.8098 3.63095
      vertex -8.07714 48.0616 1.5
    endloop
  endfacet
  facet normal -0.553479 -0.674584 0.488465
    outer loop
      vertex -6.79605 48.5534 3.63095
      vertex -7.52309 47.6069 1.5
      vertex -6.67551 48.4545 3.63095
    endloop
  endfacet
  facet normal -0.835006 0.253308 0.488467
    outer loop
      vertex -6.27326 41.3236 1.5
      vertex -4.91891 41.6344 3.65401
      vertex -6.15322 41.7193 1.5
    endloop
  endfacet
  facet normal -0.835006 0.253309 0.488467
    outer loop
      vertex -4.91891 41.6344 3.65401
      vertex -6.27326 41.3236 1.5
      vertex -5.13641 40.8527 3.68758
    endloop
  endfacet
  facet normal 0.253566 0.834921 0.488479
    outer loop
      vertex -13.8064 38.2033 1.5
      vertex -15.19 34.6871 8.2282
      vertex -15.0504 34.6605 8.2012
    endloop
  endfacet
  facet normal 0.25122 0.835657 0.488432
    outer loop
      vertex -13.8064 38.2033 1.5
      vertex -15.0504 34.6605 8.2012
      vertex -15.0334 34.6574 8.19776
    endloop
  endfacet
  facet normal 0.253335 0.834996 0.48847
    outer loop
      vertex -13.8064 38.2033 1.5
      vertex -15.0334 34.6574 8.19776
      vertex -13.1205 37.9952 1.5
    endloop
  endfacet
  facet normal 0.253282 0.835013 0.488469
    outer loop
      vertex -15.19 34.6871 8.2282
      vertex -13.8064 38.2033 1.5
      vertex -15.2573 34.7005 8.24019
    endloop
  endfacet
  facet normal 0.253172 -0.83504 0.488479
    outer loop
      vertex -13.4107 48.9768 1.5
      vertex -13.3699 50.7441 4.5
      vertex -13.53 50.7116 4.52742
    endloop
  endfacet
  facet normal 0.253256 -0.835022 0.488467
    outer loop
      vertex -13.3699 50.7441 4.5
      vertex -13.4107 48.9768 1.5
      vertex -13.0422 50.7803 4.39198
    endloop
  endfacet
  facet normal 0.253223 -0.835027 0.488475
    outer loop
      vertex -13.0422 50.7803 4.39198
      vertex -13.4107 48.9768 1.5
      vertex -12.7248 49.1848 1.5
    endloop
  endfacet
  facet normal -0.253218 -0.835023 0.488486
    outer loop
      vertex -9.78929 48.9768 1.5
      vertex -10.2252 50.4415 3.77781
      vertex -10.4752 49.1848 1.5
    endloop
  endfacet
  facet normal -0.253246 -0.835019 0.488478
    outer loop
      vertex -10.2252 50.4415 3.77781
      vertex -9.78929 48.9768 1.5
      vertex -9.70165 50.2518 3.72496
    endloop
  endfacet
  facet normal -0.411458 -0.76949 0.488455
    outer loop
      vertex -8.39679 48.3239 1.5
      vertex -8.43948 49.7055 3.64055
      vertex -8.76147 48.5189 1.5
    endloop
  endfacet
  facet normal -0.411359 -0.769526 0.48848
    outer loop
      vertex -8.43948 49.7055 3.64055
      vertex -8.39679 48.3239 1.5
      vertex -7.73085 49.3206 3.63095
    endloop
  endfacet
  facet normal 0.553439 0.674599 0.488488
    outer loop
      vertex -15.6769 39.4531 1.5
      vertex -17.2081 35.8382 8.22695
      vertex -17.0859 35.7134 8.26085
    endloop
  endfacet
  facet normal 0.553588 0.674494 0.488465
    outer loop
      vertex -17.2081 35.8382 8.22695
      vertex -15.6769 39.4531 1.5
      vertex -17.3654 35.9989 8.18332
    endloop
  endfacet
  facet normal 0.553528 0.674538 0.488473
    outer loop
      vertex -17.3654 35.9989 8.18332
      vertex -15.6769 39.4531 1.5
      vertex -17.5347 36.174 8.13337
    endloop
  endfacet
  facet normal 0.553697 0.67441 0.488457
    outer loop
      vertex -17.5347 36.174 8.13337
      vertex -15.6769 39.4531 1.5
      vertex -17.8722 36.5274 8.02801
    endloop
  endfacet
  facet normal 0.553403 0.674646 0.488464
    outer loop
      vertex -17.8722 36.5274 8.02801
      vertex -15.6769 39.4531 1.5
      vertex -18.1318 36.799 7.947
    endloop
  endfacet
  facet normal 0.553575 0.674505 0.488464
    outer loop
      vertex -15.6769 39.4531 1.5
      vertex -17.0859 35.7134 8.26085
      vertex -15.3573 39.1908 1.5
    endloop
  endfacet
  facet normal 0.553505 0.67456 0.488468
    outer loop
      vertex -18.1318 36.799 7.947
      vertex -15.6769 39.4531 1.5
      vertex -18.2281 36.9019 7.91402
    endloop
  endfacet
  facet normal -0.769547 0.411338 0.488466
    outer loop
      vertex -6.61113 40.6915 1.5
      vertex -5.13641 40.8527 3.68758
      vertex -6.27326 41.3236 1.5
    endloop
  endfacet
  facet normal -0.769549 0.411332 0.488468
    outer loop
      vertex -5.13641 40.8527 3.68758
      vertex -6.61113 40.6915 1.5
      vertex -5.36084 40.3522 3.75547
    endloop
  endfacet
  facet normal -0.553531 0.674535 0.488474
    outer loop
      vertex -7.84273 39.1908 1.5
      vertex -7.2309 37.5578 4.44833
      vertex -7.10196 37.7006 4.39725
    endloop
  endfacet
  facet normal -0.553511 0.674548 0.488477
    outer loop
      vertex -7.2309 37.5578 4.44833
      vertex -7.84273 39.1908 1.5
      vertex -7.44891 37.3175 4.53313
    endloop
  endfacet
  facet normal -0.553557 0.674519 0.488465
    outer loop
      vertex -7.44891 37.3175 4.53313
      vertex -7.84273 39.1908 1.5
      vertex -8.39679 38.7361 1.5
    endloop
  endfacet
  facet normal 0.553535 -0.67454 0.488461
    outer loop
      vertex -15.6769 47.6069 1.5
      vertex -16.8226 49.3745 5.2393
      vertex -17.2045 49.1345 5.34065
    endloop
  endfacet
  facet normal 0.553596 -0.674493 0.488457
    outer loop
      vertex -16.8226 49.3745 5.2393
      vertex -15.6769 47.6069 1.5
      vertex -15.1229 48.0616 1.5
    endloop
  endfacet
  facet normal -0.411336 0.769544 0.488472
    outer loop
      vertex -9.02891 38.3982 1.5
      vertex -8.6289 36.3571 5.05241
      vertex -7.82237 37.0135 4.69748
    endloop
  endfacet
  facet normal -0.411287 0.769565 0.488479
    outer loop
      vertex -8.6289 36.3571 5.05241
      vertex -9.02891 38.3982 1.5
      vertex -9.39359 38.2033 1.5
    endloop
  endfacet
  facet normal 0.834998 -0.253317 0.488477
    outer loop
      vertex -19.5364 46.1373 6.1689
      vertex -16.9267 45.7364 1.5
      vertex -19.31 46.7236 6.08594
    endloop
  endfacet
  facet normal 0.835029 -0.25323 0.488469
    outer loop
      vertex -17.0468 45.3407 1.5
      vertex -19.5364 46.1373 6.1689
      vertex -19.7716 45.528 6.2551
    endloop
  endfacet
  facet normal 0.834969 -0.253424 0.48847
    outer loop
      vertex -19.5364 46.1373 6.1689
      vertex -17.0468 45.3407 1.5
      vertex -16.9267 45.7364 1.5
    endloop
  endfacet
  facet normal 0.835039 -0.253189 0.488473
    outer loop
      vertex -19.8674 45.2798 6.29022
      vertex -17.0468 45.3407 1.5
      vertex -19.7716 45.528 6.2551
    endloop
  endfacet
  facet normal 0.834899 -0.253683 0.488455
    outer loop
      vertex -17.2548 44.6548 1.5
      vertex -19.8674 45.2798 6.29022
      vertex -19.9028 45.1864 6.30222
    endloop
  endfacet
  facet normal 0.83383 -0.257493 0.488288
    outer loop
      vertex -17.2548 44.6548 1.5
      vertex -19.9028 45.1864 6.30222
      vertex -19.9045 45.1819 6.30275
    endloop
  endfacet
  facet normal 0.835031 -0.253224 0.488468
    outer loop
      vertex -19.8674 45.2798 6.29022
      vertex -17.2548 44.6548 1.5
      vertex -17.0468 45.3407 1.5
    endloop
  endfacet
  facet normal -0.411258 -0.769582 0.488478
    outer loop
      vertex -8.76147 48.5189 1.5
      vertex -8.93138 49.9726 3.64721
      vertex -9.39359 48.8567 1.5
    endloop
  endfacet
  facet normal -0.411265 -0.769579 0.488476
    outer loop
      vertex -8.93138 49.9726 3.64721
      vertex -8.76147 48.5189 1.5
      vertex -8.43948 49.7055 3.64055
    endloop
  endfacet
  facet normal -0.769562 -0.411301 0.488473
    outer loop
      vertex -6.80606 46.7332 1.5
      vertex -5.46169 46.7486 3.63095
      vertex -5.80941 47.3992 3.63095
    endloop
  endfacet
  facet normal -0.769481 -0.411511 0.488423
    outer loop
      vertex -6.80606 46.7332 1.5
      vertex -5.42987 46.6891 3.63095
      vertex -5.46169 46.7486 3.63095
    endloop
  endfacet
  facet normal -0.769552 -0.411321 0.488472
    outer loop
      vertex -5.42987 46.6891 3.63095
      vertex -6.80606 46.7332 1.5
      vertex -6.61113 46.3685 1.5
    endloop
  endfacet
  facet normal -0.674522 -0.553565 0.488452
    outer loop
      vertex -7.06839 47.0529 1.5
      vertex -6.13364 47.7942 3.63095
      vertex -6.32018 48.0215 3.63095
    endloop
  endfacet
  facet normal -0.67447 -0.553629 0.488452
    outer loop
      vertex -6.13364 47.7942 3.63095
      vertex -7.06839 47.0529 1.5
      vertex -5.80941 47.3992 3.63095
    endloop
  endfacet
  facet normal -0.674552 -0.553504 0.48848
    outer loop
      vertex -5.80941 47.3992 3.63095
      vertex -7.06839 47.0529 1.5
      vertex -6.80606 46.7332 1.5
    endloop
  endfacet
  facet normal -0.835009 0.253291 0.488471
    outer loop
      vertex -6.15322 41.7193 1.5
      vertex -4.76953 42.1713 3.63095
      vertex -5.94516 42.4052 1.5
    endloop
  endfacet
  facet normal -0.835008 0.253301 0.488467
    outer loop
      vertex -4.76953 42.1713 3.63095
      vertex -6.15322 41.7193 1.5
      vertex -4.91891 41.6344 3.65401
    endloop
  endfacet
  facet normal -0.86838 0.0855232 0.488468
    outer loop
      vertex -5.94516 42.4052 1.5
      vertex -4.71463 42.7287 3.63095
      vertex -5.87491 43.1185 1.5
    endloop
  endfacet
  facet normal -0.86838 0.085531 0.488467
    outer loop
      vertex -5.94516 42.4052 1.5
      vertex -4.75913 42.2769 3.63095
      vertex -4.71463 42.7287 3.63095
    endloop
  endfacet
  facet normal -0.868381 0.0855224 0.488467
    outer loop
      vertex -4.75913 42.2769 3.63095
      vertex -5.94516 42.4052 1.5
      vertex -4.76953 42.1713 3.63095
    endloop
  endfacet
  facet normal 0.76945 -0.41151 0.488474
    outer loop
      vertex -18.6059 47.7341 5.82757
      vertex -16.3939 46.7332 1.5
      vertex -18.3709 48.0542 5.72706
    endloop
  endfacet
  facet normal 0.769525 -0.411363 0.488478
    outer loop
      vertex -16.3939 46.7332 1.5
      vertex -18.6059 47.7341 5.82757
      vertex -16.7318 46.1011 1.5
    endloop
  endfacet
  facet normal -0.411419 0.769501 0.488469
    outer loop
      vertex -8.39679 38.7361 1.5
      vertex -7.82237 37.0135 4.69748
      vertex -7.44891 37.3175 4.53313
    endloop
  endfacet
  facet normal -0.411354 0.769533 0.488474
    outer loop
      vertex -7.82237 37.0135 4.69748
      vertex -8.39679 38.7361 1.5
      vertex -9.02891 38.3982 1.5
    endloop
  endfacet
  facet normal 0.956936 0 -0.290298
    outer loop
      vertex -48.7291 63.95 20.2701
      vertex -49.1559 65.9 18.8632
      vertex -48.7291 65.9 20.2701
    endloop
  endfacet
  facet normal 0.956936 0 -0.290298
    outer loop
      vertex -49.1559 65.9 18.8632
      vertex -48.7291 63.95 20.2701
      vertex -49.1559 63.95 18.8632
    endloop
  endfacet
  facet normal 0.995186 0 -0.0980086
    outer loop
      vertex -49.1559 63.95 18.8632
      vertex -49.3 65.9 17.4
      vertex -49.1559 65.9 18.8632
    endloop
  endfacet
  facet normal 0.995186 0 -0.0980086
    outer loop
      vertex -49.3 65.9 17.4
      vertex -49.1559 63.95 18.8632
      vertex -49.3 63.95 17.4
    endloop
  endfacet
  facet normal 0.881921 0 -0.471396
    outer loop
      vertex -48.036 63.95 21.5668
      vertex -48.7291 65.9 20.2701
      vertex -48.036 65.9 21.5668
    endloop
  endfacet
  facet normal 0.881921 0 -0.471396
    outer loop
      vertex -48.7291 65.9 20.2701
      vertex -48.036 63.95 21.5668
      vertex -48.7291 63.95 20.2701
    endloop
  endfacet
  facet normal -0.634393 0 -0.773011
    outer loop
      vertex -37.6332 63.95 23.636
      vertex -36.4967 65.9 22.7033
      vertex -36.4967 63.95 22.7033
    endloop
  endfacet
  facet normal -0.634393 0 -0.773011
    outer loop
      vertex -36.4967 65.9 22.7033
      vertex -37.6332 63.95 23.636
      vertex -37.6332 65.9 23.636
    endloop
  endfacet
  facet normal 0 1 0
    outer loop
      vertex -41.8 63.95 23.4
      vertex -41.8 63.95 24.9
      vertex -40.3368 63.95 24.7559
    endloop
  endfacet
  facet normal 0 1 0
    outer loop
      vertex -40.6295 63.95 23.2847
      vertex -40.3368 63.95 24.7559
      vertex -38.9299 63.95 24.3291
    endloop
  endfacet
  facet normal 0 1 0
    outer loop
      vertex -41.8 63.95 24.9
      vertex -41.8 63.95 23.4
      vertex -43.2632 63.95 24.7559
    endloop
  endfacet
  facet normal 0 1 0
    outer loop
      vertex -39.5039 63.95 22.9433
      vertex -38.9299 63.95 24.3291
      vertex -37.6332 63.95 23.636
    endloop
  endfacet
  facet normal 0 1 -0
    outer loop
      vertex -42.9705 63.95 23.2847
      vertex -43.2632 63.95 24.7559
      vertex -41.8 63.95 23.4
    endloop
  endfacet
  facet normal 0 1 0
    outer loop
      vertex -43.2632 63.95 24.7559
      vertex -42.9705 63.95 23.2847
      vertex -44.6701 63.95 24.3291
    endloop
  endfacet
  facet normal 0 1 0
    outer loop
      vertex -40.3368 63.95 24.7559
      vertex -40.6295 63.95 23.2847
      vertex -41.8 63.95 23.4
    endloop
  endfacet
  facet normal 0 1 0
    outer loop
      vertex -38.9299 63.95 24.3291
      vertex -39.5039 63.95 22.9433
      vertex -40.6295 63.95 23.2847
    endloop
  endfacet
  facet normal 0 1 0
    outer loop
      vertex -38.4666 63.95 22.3888
      vertex -37.6332 63.95 23.636
      vertex -36.4967 63.95 22.7033
    endloop
  endfacet
  facet normal 0 1 0
    outer loop
      vertex -37.6332 63.95 23.636
      vertex -38.4666 63.95 22.3888
      vertex -39.5039 63.95 22.9433
    endloop
  endfacet
  facet normal 0 1 0
    outer loop
      vertex -36.4967 63.95 22.7033
      vertex -37.5574 63.95 21.6426
      vertex -38.4666 63.95 22.3888
    endloop
  endfacet
  facet normal 0 1 0
    outer loop
      vertex -35.564 63.95 21.5668
      vertex -37.5574 63.95 21.6426
      vertex -36.4967 63.95 22.7033
    endloop
  endfacet
  facet normal 0 1 0
    outer loop
      vertex -35.564 63.95 21.5668
      vertex -36.8112 63.95 20.7334
      vertex -37.5574 63.95 21.6426
    endloop
  endfacet
  facet normal 0 1 0
    outer loop
      vertex -34.8709 63.95 20.2701
      vertex -36.8112 63.95 20.7334
      vertex -35.564 63.95 21.5668
    endloop
  endfacet
  facet normal 0 1 0
    outer loop
      vertex -34.8709 63.95 20.2701
      vertex -36.2567 63.95 19.6961
      vertex -36.8112 63.95 20.7334
    endloop
  endfacet
  facet normal 0 1 0
    outer loop
      vertex -34.4441 63.95 18.8632
      vertex -36.2567 63.95 19.6961
      vertex -34.8709 63.95 20.2701
    endloop
  endfacet
  facet normal 0 1 0
    outer loop
      vertex -34.4441 63.95 18.8632
      vertex -35.9153 63.95 18.5705
      vertex -36.2567 63.95 19.6961
    endloop
  endfacet
  facet normal 0 1 0
    outer loop
      vertex -34.3 63.95 17.4
      vertex -35.9153 63.95 18.5705
      vertex -34.4441 63.95 18.8632
    endloop
  endfacet
  facet normal 0 1 0
    outer loop
      vertex -34.3 63.95 17.4
      vertex -35.8 63.95 17.4
      vertex -35.9153 63.95 18.5705
    endloop
  endfacet
  facet normal 0 1 0
    outer loop
      vertex -34.3 63.95 17.4
      vertex -35.9153 63.95 16.2295
      vertex -35.8 63.95 17.4
    endloop
  endfacet
  facet normal 0 1 -0
    outer loop
      vertex -34.4441 63.95 15.9368
      vertex -35.9153 63.95 16.2295
      vertex -34.3 63.95 17.4
    endloop
  endfacet
  facet normal 0 1 0
    outer loop
      vertex -34.4441 63.95 15.9368
      vertex -36.2567 63.95 15.1039
      vertex -35.9153 63.95 16.2295
    endloop
  endfacet
  facet normal 0 1 -0
    outer loop
      vertex -34.8709 63.95 14.5299
      vertex -36.2567 63.95 15.1039
      vertex -34.4441 63.95 15.9368
    endloop
  endfacet
  facet normal 0 1 0
    outer loop
      vertex -34.8709 63.95 14.5299
      vertex -36.8112 63.95 14.0666
      vertex -36.2567 63.95 15.1039
    endloop
  endfacet
  facet normal 0 1 -0
    outer loop
      vertex -35.564 63.95 13.2332
      vertex -36.8112 63.95 14.0666
      vertex -34.8709 63.95 14.5299
    endloop
  endfacet
  facet normal 0 1 0
    outer loop
      vertex -35.564 63.95 13.2332
      vertex -37.5574 63.95 13.1574
      vertex -36.8112 63.95 14.0666
    endloop
  endfacet
  facet normal 0 1 -0
    outer loop
      vertex -36.4967 63.95 12.0967
      vertex -37.5574 63.95 13.1574
      vertex -35.564 63.95 13.2332
    endloop
  endfacet
  facet normal 0 1 0
    outer loop
      vertex -37.5574 63.95 13.1574
      vertex -36.4967 63.95 12.0967
      vertex -38.4666 63.95 12.4112
    endloop
  endfacet
  facet normal 0 1 -0
    outer loop
      vertex -37.6332 63.95 11.164
      vertex -38.4666 63.95 12.4112
      vertex -36.4967 63.95 12.0967
    endloop
  endfacet
  facet normal 0 1 0
    outer loop
      vertex -38.4666 63.95 12.4112
      vertex -37.6332 63.95 11.164
      vertex -39.5039 63.95 11.8567
    endloop
  endfacet
  facet normal 0 1 0
    outer loop
      vertex -39.5039 63.95 11.8567
      vertex -38.9299 63.95 10.4709
      vertex -40.6295 63.95 11.5153
    endloop
  endfacet
  facet normal 0 1 -0
    outer loop
      vertex -38.9299 63.95 10.4709
      vertex -39.5039 63.95 11.8567
      vertex -37.6332 63.95 11.164
    endloop
  endfacet
  facet normal 0 1 -0
    outer loop
      vertex -44.0961 63.95 22.9433
      vertex -44.6701 63.95 24.3291
      vertex -42.9705 63.95 23.2847
    endloop
  endfacet
  facet normal 0 1 0
    outer loop
      vertex -44.6701 63.95 24.3291
      vertex -44.0961 63.95 22.9433
      vertex -45.9668 63.95 23.636
    endloop
  endfacet
  facet normal 0 1 -0
    outer loop
      vertex -45.1334 63.95 22.3888
      vertex -45.9668 63.95 23.636
      vertex -44.0961 63.95 22.9433
    endloop
  endfacet
  facet normal 0 1 0
    outer loop
      vertex -45.9668 63.95 23.636
      vertex -45.1334 63.95 22.3888
      vertex -47.1033 63.95 22.7033
    endloop
  endfacet
  facet normal 0 1 -0
    outer loop
      vertex -46.0426 63.95 21.6426
      vertex -47.1033 63.95 22.7033
      vertex -45.1334 63.95 22.3888
    endloop
  endfacet
  facet normal 0 1 0
    outer loop
      vertex -46.0426 63.95 21.6426
      vertex -48.036 63.95 21.5668
      vertex -47.1033 63.95 22.7033
    endloop
  endfacet
  facet normal 0 1 -0
    outer loop
      vertex -46.7888 63.95 20.7334
      vertex -48.036 63.95 21.5668
      vertex -46.0426 63.95 21.6426
    endloop
  endfacet
  facet normal 0 1 0
    outer loop
      vertex -46.7888 63.95 20.7334
      vertex -48.7291 63.95 20.2701
      vertex -48.036 63.95 21.5668
    endloop
  endfacet
  facet normal 0 1 -0
    outer loop
      vertex -47.3433 63.95 19.6961
      vertex -48.7291 63.95 20.2701
      vertex -46.7888 63.95 20.7334
    endloop
  endfacet
  facet normal 0 1 0
    outer loop
      vertex -47.3433 63.95 19.6961
      vertex -49.1559 63.95 18.8632
      vertex -48.7291 63.95 20.2701
    endloop
  endfacet
  facet normal 0 1 -0
    outer loop
      vertex -47.6847 63.95 18.5705
      vertex -49.1559 63.95 18.8632
      vertex -47.3433 63.95 19.6961
    endloop
  endfacet
  facet normal 0 1 -0
    outer loop
      vertex -47.8 63.95 17.4
      vertex -49.1559 63.95 18.8632
      vertex -47.6847 63.95 18.5705
    endloop
  endfacet
  facet normal 0 1 0
    outer loop
      vertex -47.8 63.95 17.4
      vertex -49.3 63.95 17.4
      vertex -49.1559 63.95 18.8632
    endloop
  endfacet
  facet normal 0 1 0
    outer loop
      vertex -47.6847 63.95 16.2295
      vertex -49.3 63.95 17.4
      vertex -47.8 63.95 17.4
    endloop
  endfacet
  facet normal 0 1 0
    outer loop
      vertex -47.6847 63.95 16.2295
      vertex -49.1559 63.95 15.9368
      vertex -49.3 63.95 17.4
    endloop
  endfacet
  facet normal 0 1 0
    outer loop
      vertex -47.3433 63.95 15.1039
      vertex -49.1559 63.95 15.9368
      vertex -47.6847 63.95 16.2295
    endloop
  endfacet
  facet normal 0 1 0
    outer loop
      vertex -47.3433 63.95 15.1039
      vertex -48.7291 63.95 14.5299
      vertex -49.1559 63.95 15.9368
    endloop
  endfacet
  facet normal 0 1 0
    outer loop
      vertex -46.7888 63.95 14.0666
      vertex -48.7291 63.95 14.5299
      vertex -47.3433 63.95 15.1039
    endloop
  endfacet
  facet normal 0 1 0
    outer loop
      vertex -46.7888 63.95 14.0666
      vertex -48.036 63.95 13.2332
      vertex -48.7291 63.95 14.5299
    endloop
  endfacet
  facet normal 0 1 0
    outer loop
      vertex -46.0426 63.95 13.1574
      vertex -48.036 63.95 13.2332
      vertex -46.7888 63.95 14.0666
    endloop
  endfacet
  facet normal 0 1 0
    outer loop
      vertex -47.1033 63.95 12.0967
      vertex -46.0426 63.95 13.1574
      vertex -45.1334 63.95 12.4112
    endloop
  endfacet
  facet normal 0 1 0
    outer loop
      vertex -46.0426 63.95 13.1574
      vertex -47.1033 63.95 12.0967
      vertex -48.036 63.95 13.2332
    endloop
  endfacet
  facet normal 0 1 0
    outer loop
      vertex -45.9668 63.95 11.164
      vertex -45.1334 63.95 12.4112
      vertex -44.0961 63.95 11.8567
    endloop
  endfacet
  facet normal 0 1 0
    outer loop
      vertex -44.6701 63.95 10.4709
      vertex -44.0961 63.95 11.8567
      vertex -42.9705 63.95 11.5153
    endloop
  endfacet
  facet normal 0 1 0
    outer loop
      vertex -45.1334 63.95 12.4112
      vertex -45.9668 63.95 11.164
      vertex -47.1033 63.95 12.0967
    endloop
  endfacet
  facet normal 0 1 0
    outer loop
      vertex -43.2632 63.95 10.0441
      vertex -42.9705 63.95 11.5153
      vertex -41.8 63.95 11.4
    endloop
  endfacet
  facet normal 0 1 -0
    outer loop
      vertex -40.3368 63.95 10.0441
      vertex -40.6295 63.95 11.5153
      vertex -38.9299 63.95 10.4709
    endloop
  endfacet
  facet normal 0 1 0
    outer loop
      vertex -40.6295 63.95 11.5153
      vertex -40.3368 63.95 10.0441
      vertex -41.8 63.95 11.4
    endloop
  endfacet
  facet normal 0 1 0
    outer loop
      vertex -44.0961 63.95 11.8567
      vertex -44.6701 63.95 10.4709
      vertex -45.9668 63.95 11.164
    endloop
  endfacet
  facet normal 0 1 0
    outer loop
      vertex -41.8 63.95 9.9
      vertex -41.8 63.95 11.4
      vertex -40.3368 63.95 10.0441
    endloop
  endfacet
  facet normal 0 1 0
    outer loop
      vertex -42.9705 63.95 11.5153
      vertex -43.2632 63.95 10.0441
      vertex -44.6701 63.95 10.4709
    endloop
  endfacet
  facet normal 0 1 0
    outer loop
      vertex -41.8 63.95 11.4
      vertex -41.8 63.95 9.9
      vertex -43.2632 63.95 10.0441
    endloop
  endfacet
  facet normal 0.290298 0 -0.956936
    outer loop
      vertex -44.6701 63.95 24.3291
      vertex -43.2632 65.9 24.7559
      vertex -43.2632 63.95 24.7559
    endloop
  endfacet
  facet normal 0.290298 0 -0.956936
    outer loop
      vertex -43.2632 65.9 24.7559
      vertex -44.6701 63.95 24.3291
      vertex -44.6701 65.9 24.3291
    endloop
  endfacet
  facet normal 0.773011 0 -0.634393
    outer loop
      vertex -47.1033 63.95 22.7033
      vertex -48.036 65.9 21.5668
      vertex -47.1033 65.9 22.7033
    endloop
  endfacet
  facet normal 0.773011 0 -0.634393
    outer loop
      vertex -48.036 65.9 21.5668
      vertex -47.1033 63.95 22.7033
      vertex -48.036 63.95 21.5668
    endloop
  endfacet
  facet normal -0.773011 0 -0.634393
    outer loop
      vertex -35.564 63.95 21.5668
      vertex -36.4967 65.9 22.7033
      vertex -35.564 65.9 21.5668
    endloop
  endfacet
  facet normal -0.773011 -0 -0.634393
    outer loop
      vertex -36.4967 65.9 22.7033
      vertex -35.564 63.95 21.5668
      vertex -36.4967 63.95 22.7033
    endloop
  endfacet
  facet normal 0 -1 0
    outer loop
      vertex -41.8 65.9 24.15
      vertex -41.8 65.9 24.9
      vertex -43.2632 65.9 24.7559
    endloop
  endfacet
  facet normal 0 -1 0
    outer loop
      vertex -43.1169 65.9 24.0203
      vertex -43.2632 65.9 24.7559
      vertex -44.6701 65.9 24.3291
    endloop
  endfacet
  facet normal 0 -1 0
    outer loop
      vertex -41.8 65.9 24.9
      vertex -41.8 65.9 24.15
      vertex -40.3368 65.9 24.7559
    endloop
  endfacet
  facet normal 0 -1 0
    outer loop
      vertex -40.4831 65.9 24.0203
      vertex -40.3368 65.9 24.7559
      vertex -41.8 65.9 24.15
    endloop
  endfacet
  facet normal 0 -1 0
    outer loop
      vertex -43.2632 65.9 24.7559
      vertex -43.1169 65.9 24.0203
      vertex -41.8 65.9 24.15
    endloop
  endfacet
  facet normal 0 -1 0
    outer loop
      vertex -44.6701 65.9 24.3291
      vertex -44.3831 65.9 23.6362
      vertex -43.1169 65.9 24.0203
    endloop
  endfacet
  facet normal 0 -1 0
    outer loop
      vertex -45.9668 65.9 23.636
      vertex -44.3831 65.9 23.6362
      vertex -44.6701 65.9 24.3291
    endloop
  endfacet
  facet normal 0 -1 0
    outer loop
      vertex -45.9668 65.9 23.636
      vertex -45.5501 65.9 23.0124
      vertex -44.3831 65.9 23.6362
    endloop
  endfacet
  facet normal 0 -1 0
    outer loop
      vertex -47.1033 65.9 22.7033
      vertex -45.5501 65.9 23.0124
      vertex -45.9668 65.9 23.636
    endloop
  endfacet
  facet normal 0 -1 0
    outer loop
      vertex -47.1033 65.9 22.7033
      vertex -46.573 65.9 22.173
      vertex -45.5501 65.9 23.0124
    endloop
  endfacet
  facet normal 0 -1 0
    outer loop
      vertex -48.036 65.9 21.5668
      vertex -46.573 65.9 22.173
      vertex -47.1033 65.9 22.7033
    endloop
  endfacet
  facet normal 0 -1 0
    outer loop
      vertex -48.036 65.9 21.5668
      vertex -47.4124 65.9 21.1501
      vertex -46.573 65.9 22.173
    endloop
  endfacet
  facet normal 0 -1 0
    outer loop
      vertex -48.7291 65.9 20.2701
      vertex -47.4124 65.9 21.1501
      vertex -48.036 65.9 21.5668
    endloop
  endfacet
  facet normal 0 -1 0
    outer loop
      vertex -48.7291 65.9 20.2701
      vertex -48.0362 65.9 19.9831
      vertex -47.4124 65.9 21.1501
    endloop
  endfacet
  facet normal 0 -1 0
    outer loop
      vertex -49.1559 65.9 18.8632
      vertex -48.0362 65.9 19.9831
      vertex -48.7291 65.9 20.2701
    endloop
  endfacet
  facet normal 0 -1 0
    outer loop
      vertex -49.1559 65.9 18.8632
      vertex -48.4203 65.9 18.7169
      vertex -48.0362 65.9 19.9831
    endloop
  endfacet
  facet normal 0 -1 0
    outer loop
      vertex -49.3 65.9 17.4
      vertex -48.4203 65.9 18.7169
      vertex -49.1559 65.9 18.8632
    endloop
  endfacet
  facet normal 0 -1 0
    outer loop
      vertex -49.3 65.9 17.4
      vertex -48.55 65.9 17.4
      vertex -48.4203 65.9 18.7169
    endloop
  endfacet
  facet normal 0 -1 0
    outer loop
      vertex -49.3 65.9 17.4
      vertex -48.4203 65.9 16.0831
      vertex -48.55 65.9 17.4
    endloop
  endfacet
  facet normal 0 -1 0
    outer loop
      vertex -49.1559 65.9 15.9368
      vertex -48.4203 65.9 16.0831
      vertex -49.3 65.9 17.4
    endloop
  endfacet
  facet normal 0 -1 0
    outer loop
      vertex -49.1559 65.9 15.9368
      vertex -48.0362 65.9 14.8169
      vertex -48.4203 65.9 16.0831
    endloop
  endfacet
  facet normal 0 -1 0
    outer loop
      vertex -48.7291 65.9 14.5299
      vertex -48.0362 65.9 14.8169
      vertex -49.1559 65.9 15.9368
    endloop
  endfacet
  facet normal 0 -1 0
    outer loop
      vertex -48.7291 65.9 14.5299
      vertex -47.4124 65.9 13.6499
      vertex -48.0362 65.9 14.8169
    endloop
  endfacet
  facet normal 0 -1 0
    outer loop
      vertex -48.036 65.9 13.2332
      vertex -47.4124 65.9 13.6499
      vertex -48.7291 65.9 14.5299
    endloop
  endfacet
  facet normal 0 -1 0
    outer loop
      vertex -48.036 65.9 13.2332
      vertex -46.573 65.9 12.627
      vertex -47.4124 65.9 13.6499
    endloop
  endfacet
  facet normal 0 -1 0
    outer loop
      vertex -47.1033 65.9 12.0967
      vertex -46.573 65.9 12.627
      vertex -48.036 65.9 13.2332
    endloop
  endfacet
  facet normal 0 -1 0
    outer loop
      vertex -47.1033 65.9 12.0967
      vertex -45.5501 65.9 11.7876
      vertex -46.573 65.9 12.627
    endloop
  endfacet
  facet normal 0 -1 0
    outer loop
      vertex -45.9668 65.9 11.164
      vertex -45.5501 65.9 11.7876
      vertex -47.1033 65.9 12.0967
    endloop
  endfacet
  facet normal 0 -1 0
    outer loop
      vertex -45.9668 65.9 11.164
      vertex -44.3831 65.9 11.1638
      vertex -45.5501 65.9 11.7876
    endloop
  endfacet
  facet normal 0 -1 0
    outer loop
      vertex -44.6701 65.9 10.4709
      vertex -44.3831 65.9 11.1638
      vertex -45.9668 65.9 11.164
    endloop
  endfacet
  facet normal 0 -1 0
    outer loop
      vertex -43.2632 65.9 10.0441
      vertex -43.1169 65.9 10.7797
      vertex -44.6701 65.9 10.4709
    endloop
  endfacet
  facet normal 0 -1 -0
    outer loop
      vertex -44.3831 65.9 11.1638
      vertex -44.6701 65.9 10.4709
      vertex -43.1169 65.9 10.7797
    endloop
  endfacet
  facet normal 0 -1 -0
    outer loop
      vertex -40.3368 65.9 24.7559
      vertex -40.4831 65.9 24.0203
      vertex -38.9299 65.9 24.3291
    endloop
  endfacet
  facet normal 0 -1 0
    outer loop
      vertex -39.2169 65.9 23.6362
      vertex -38.9299 65.9 24.3291
      vertex -40.4831 65.9 24.0203
    endloop
  endfacet
  facet normal 0 -1 0
    outer loop
      vertex -39.2169 65.9 23.6362
      vertex -37.6332 65.9 23.636
      vertex -38.9299 65.9 24.3291
    endloop
  endfacet
  facet normal 0 -1 0
    outer loop
      vertex -38.0499 65.9 23.0124
      vertex -37.6332 65.9 23.636
      vertex -39.2169 65.9 23.6362
    endloop
  endfacet
  facet normal 0 -1 0
    outer loop
      vertex -38.0499 65.9 23.0124
      vertex -36.4967 65.9 22.7033
      vertex -37.6332 65.9 23.636
    endloop
  endfacet
  facet normal 0 -1 0
    outer loop
      vertex -37.027 65.9 22.173
      vertex -36.4967 65.9 22.7033
      vertex -38.0499 65.9 23.0124
    endloop
  endfacet
  facet normal 0 -1 0
    outer loop
      vertex -37.027 65.9 22.173
      vertex -35.564 65.9 21.5668
      vertex -36.4967 65.9 22.7033
    endloop
  endfacet
  facet normal 0 -1 0
    outer loop
      vertex -36.1876 65.9 21.1501
      vertex -35.564 65.9 21.5668
      vertex -37.027 65.9 22.173
    endloop
  endfacet
  facet normal 0 -1 0
    outer loop
      vertex -36.1876 65.9 21.1501
      vertex -34.8709 65.9 20.2701
      vertex -35.564 65.9 21.5668
    endloop
  endfacet
  facet normal 0 -1 0
    outer loop
      vertex -35.5638 65.9 19.9831
      vertex -34.8709 65.9 20.2701
      vertex -36.1876 65.9 21.1501
    endloop
  endfacet
  facet normal 0 -1 0
    outer loop
      vertex -35.5638 65.9 19.9831
      vertex -34.4441 65.9 18.8632
      vertex -34.8709 65.9 20.2701
    endloop
  endfacet
  facet normal 0 -1 0
    outer loop
      vertex -35.1797 65.9 18.7169
      vertex -34.4441 65.9 18.8632
      vertex -35.5638 65.9 19.9831
    endloop
  endfacet
  facet normal 0 -1 0
    outer loop
      vertex -35.05 65.9 17.4
      vertex -34.4441 65.9 18.8632
      vertex -35.1797 65.9 18.7169
    endloop
  endfacet
  facet normal 0 -1 0
    outer loop
      vertex -35.05 65.9 17.4
      vertex -34.3 65.9 17.4
      vertex -34.4441 65.9 18.8632
    endloop
  endfacet
  facet normal 0 -1 0
    outer loop
      vertex -35.1797 65.9 16.0831
      vertex -34.3 65.9 17.4
      vertex -35.05 65.9 17.4
    endloop
  endfacet
  facet normal 0 -1 0
    outer loop
      vertex -35.1797 65.9 16.0831
      vertex -34.4441 65.9 15.9368
      vertex -34.3 65.9 17.4
    endloop
  endfacet
  facet normal 0 -1 0
    outer loop
      vertex -35.5638 65.9 14.8169
      vertex -34.4441 65.9 15.9368
      vertex -35.1797 65.9 16.0831
    endloop
  endfacet
  facet normal 0 -1 0
    outer loop
      vertex -35.5638 65.9 14.8169
      vertex -34.8709 65.9 14.5299
      vertex -34.4441 65.9 15.9368
    endloop
  endfacet
  facet normal 0 -1 0
    outer loop
      vertex -36.1876 65.9 13.6499
      vertex -34.8709 65.9 14.5299
      vertex -35.5638 65.9 14.8169
    endloop
  endfacet
  facet normal 0 -1 0
    outer loop
      vertex -36.1876 65.9 13.6499
      vertex -35.564 65.9 13.2332
      vertex -34.8709 65.9 14.5299
    endloop
  endfacet
  facet normal 0 -1 0
    outer loop
      vertex -37.027 65.9 12.627
      vertex -35.564 65.9 13.2332
      vertex -36.1876 65.9 13.6499
    endloop
  endfacet
  facet normal 0 -1 0
    outer loop
      vertex -37.027 65.9 12.627
      vertex -36.4967 65.9 12.0967
      vertex -35.564 65.9 13.2332
    endloop
  endfacet
  facet normal 0 -1 0
    outer loop
      vertex -38.0499 65.9 11.7876
      vertex -36.4967 65.9 12.0967
      vertex -37.027 65.9 12.627
    endloop
  endfacet
  facet normal 0 -1 0
    outer loop
      vertex -38.0499 65.9 11.7876
      vertex -37.6332 65.9 11.164
      vertex -36.4967 65.9 12.0967
    endloop
  endfacet
  facet normal 0 -1 0
    outer loop
      vertex -39.2169 65.9 11.1638
      vertex -37.6332 65.9 11.164
      vertex -38.0499 65.9 11.7876
    endloop
  endfacet
  facet normal 0 -1 0
    outer loop
      vertex -38.9299 65.9 10.4709
      vertex -39.2169 65.9 11.1638
      vertex -40.4831 65.9 10.7797
    endloop
  endfacet
  facet normal 0 -1 0
    outer loop
      vertex -39.2169 65.9 11.1638
      vertex -38.9299 65.9 10.4709
      vertex -37.6332 65.9 11.164
    endloop
  endfacet
  facet normal 0 -1 0
    outer loop
      vertex -40.3368 65.9 10.0441
      vertex -40.4831 65.9 10.7797
      vertex -41.8 65.9 10.65
    endloop
  endfacet
  facet normal 0 -1 -0
    outer loop
      vertex -43.1169 65.9 10.7797
      vertex -43.2632 65.9 10.0441
      vertex -41.8 65.9 10.65
    endloop
  endfacet
  facet normal 0 -1 0
    outer loop
      vertex -41.8 65.9 9.9
      vertex -41.8 65.9 10.65
      vertex -43.2632 65.9 10.0441
    endloop
  endfacet
  facet normal 0 -1 0
    outer loop
      vertex -40.4831 65.9 10.7797
      vertex -40.3368 65.9 10.0441
      vertex -38.9299 65.9 10.4709
    endloop
  endfacet
  facet normal 0 -1 0
    outer loop
      vertex -41.8 65.9 10.65
      vertex -41.8 65.9 9.9
      vertex -40.3368 65.9 10.0441
    endloop
  endfacet
  facet normal -0.881921 0 0.471396
    outer loop
      vertex -35.564 63.95 13.2332
      vertex -34.8709 65.9 14.5299
      vertex -35.564 65.9 13.2332
    endloop
  endfacet
  facet normal -0.881921 0 0.471396
    outer loop
      vertex -34.8709 65.9 14.5299
      vertex -35.564 63.95 13.2332
      vertex -34.8709 63.95 14.5299
    endloop
  endfacet
  facet normal 0.881921 -0 0.471396
    outer loop
      vertex -48.7291 63.95 14.5299
      vertex -48.036 65.9 13.2332
      vertex -48.7291 65.9 14.5299
    endloop
  endfacet
  facet normal 0.881921 0 0.471396
    outer loop
      vertex -48.036 65.9 13.2332
      vertex -48.7291 63.95 14.5299
      vertex -48.036 63.95 13.2332
    endloop
  endfacet
  facet normal -0.290298 0 -0.956936
    outer loop
      vertex -40.3368 63.95 24.7559
      vertex -38.9299 65.9 24.3291
      vertex -38.9299 63.95 24.3291
    endloop
  endfacet
  facet normal -0.290298 0 -0.956936
    outer loop
      vertex -38.9299 65.9 24.3291
      vertex -40.3368 63.95 24.7559
      vertex -40.3368 65.9 24.7559
    endloop
  endfacet
  facet normal 0.290298 0 0.956936
    outer loop
      vertex -44.6701 65.9 10.4709
      vertex -43.2632 63.95 10.0441
      vertex -43.2632 65.9 10.0441
    endloop
  endfacet
  facet normal 0.290298 0 0.956936
    outer loop
      vertex -43.2632 63.95 10.0441
      vertex -44.6701 65.9 10.4709
      vertex -44.6701 63.95 10.4709
    endloop
  endfacet
  facet normal 0.0980086 0 -0.995186
    outer loop
      vertex -43.2632 63.95 24.7559
      vertex -41.8 65.9 24.9
      vertex -41.8 63.95 24.9
    endloop
  endfacet
  facet normal 0.0980086 0 -0.995186
    outer loop
      vertex -41.8 65.9 24.9
      vertex -43.2632 63.95 24.7559
      vertex -43.2632 65.9 24.7559
    endloop
  endfacet
  facet normal 0.634393 0 -0.773011
    outer loop
      vertex -47.1033 63.95 22.7033
      vertex -45.9668 65.9 23.636
      vertex -45.9668 63.95 23.636
    endloop
  endfacet
  facet normal 0.634393 0 -0.773011
    outer loop
      vertex -45.9668 65.9 23.636
      vertex -47.1033 63.95 22.7033
      vertex -47.1033 65.9 22.7033
    endloop
  endfacet
  facet normal -0.0980086 0 -0.995186
    outer loop
      vertex -41.8 63.95 24.9
      vertex -40.3368 65.9 24.7559
      vertex -40.3368 63.95 24.7559
    endloop
  endfacet
  facet normal -0.0980086 0 -0.995186
    outer loop
      vertex -40.3368 65.9 24.7559
      vertex -41.8 63.95 24.9
      vertex -41.8 65.9 24.9
    endloop
  endfacet
  facet normal 0.634393 0 0.773011
    outer loop
      vertex -47.1033 65.9 12.0967
      vertex -45.9668 63.95 11.164
      vertex -45.9668 65.9 11.164
    endloop
  endfacet
  facet normal 0.634393 0 0.773011
    outer loop
      vertex -45.9668 63.95 11.164
      vertex -47.1033 65.9 12.0967
      vertex -47.1033 63.95 12.0967
    endloop
  endfacet
  facet normal 0.471396 0 0.881921
    outer loop
      vertex -45.9668 65.9 11.164
      vertex -44.6701 63.95 10.4709
      vertex -44.6701 65.9 10.4709
    endloop
  endfacet
  facet normal 0.471396 0 0.881921
    outer loop
      vertex -44.6701 63.95 10.4709
      vertex -45.9668 65.9 11.164
      vertex -45.9668 63.95 11.164
    endloop
  endfacet
  facet normal -0.634393 0 0.773011
    outer loop
      vertex -37.6332 65.9 11.164
      vertex -36.4967 63.95 12.0967
      vertex -36.4967 65.9 12.0967
    endloop
  endfacet
  facet normal -0.634393 0 0.773011
    outer loop
      vertex -36.4967 63.95 12.0967
      vertex -37.6332 65.9 11.164
      vertex -37.6332 63.95 11.164
    endloop
  endfacet
  facet normal 0.773011 -0 0.634393
    outer loop
      vertex -48.036 63.95 13.2332
      vertex -47.1033 65.9 12.0967
      vertex -48.036 65.9 13.2332
    endloop
  endfacet
  facet normal 0.773011 0 0.634393
    outer loop
      vertex -47.1033 65.9 12.0967
      vertex -48.036 63.95 13.2332
      vertex -47.1033 63.95 12.0967
    endloop
  endfacet
  facet normal 0.995186 -0 0.0980086
    outer loop
      vertex -49.3 63.95 17.4
      vertex -49.1559 65.9 15.9368
      vertex -49.3 65.9 17.4
    endloop
  endfacet
  facet normal 0.995186 0 0.0980086
    outer loop
      vertex -49.1559 65.9 15.9368
      vertex -49.3 63.95 17.4
      vertex -49.1559 63.95 15.9368
    endloop
  endfacet
  facet normal 0.956936 -0 0.290298
    outer loop
      vertex -49.1559 63.95 15.9368
      vertex -48.7291 65.9 14.5299
      vertex -49.1559 65.9 15.9368
    endloop
  endfacet
  facet normal 0.956936 0 0.290298
    outer loop
      vertex -48.7291 65.9 14.5299
      vertex -49.1559 63.95 15.9368
      vertex -48.7291 63.95 14.5299
    endloop
  endfacet
  facet normal -0.995186 0 -0.0980086
    outer loop
      vertex -34.3 63.95 17.4
      vertex -34.4441 65.9 18.8632
      vertex -34.3 65.9 17.4
    endloop
  endfacet
  facet normal -0.995186 -0 -0.0980086
    outer loop
      vertex -34.4441 65.9 18.8632
      vertex -34.3 63.95 17.4
      vertex -34.4441 63.95 18.8632
    endloop
  endfacet
  facet normal -0.471396 0 -0.881921
    outer loop
      vertex -38.9299 63.95 24.3291
      vertex -37.6332 65.9 23.636
      vertex -37.6332 63.95 23.636
    endloop
  endfacet
  facet normal -0.471396 0 -0.881921
    outer loop
      vertex -37.6332 65.9 23.636
      vertex -38.9299 63.95 24.3291
      vertex -38.9299 65.9 24.3291
    endloop
  endfacet
  facet normal 0.471396 0 -0.881921
    outer loop
      vertex -45.9668 63.95 23.636
      vertex -44.6701 65.9 24.3291
      vertex -44.6701 63.95 24.3291
    endloop
  endfacet
  facet normal 0.471396 0 -0.881921
    outer loop
      vertex -44.6701 65.9 24.3291
      vertex -45.9668 63.95 23.636
      vertex -45.9668 65.9 23.636
    endloop
  endfacet
  facet normal -0.956936 0 -0.290298
    outer loop
      vertex -34.4441 63.95 18.8632
      vertex -34.8709 65.9 20.2701
      vertex -34.4441 65.9 18.8632
    endloop
  endfacet
  facet normal -0.956936 -0 -0.290298
    outer loop
      vertex -34.8709 65.9 20.2701
      vertex -34.4441 63.95 18.8632
      vertex -34.8709 63.95 20.2701
    endloop
  endfacet
  facet normal 0.0980086 0 0.995186
    outer loop
      vertex -43.2632 65.9 10.0441
      vertex -41.8 63.95 9.9
      vertex -41.8 65.9 9.9
    endloop
  endfacet
  facet normal 0.0980086 0 0.995186
    outer loop
      vertex -41.8 63.95 9.9
      vertex -43.2632 65.9 10.0441
      vertex -43.2632 63.95 10.0441
    endloop
  endfacet
  facet normal -0.881921 0 -0.471396
    outer loop
      vertex -34.8709 63.95 20.2701
      vertex -35.564 65.9 21.5668
      vertex -34.8709 65.9 20.2701
    endloop
  endfacet
  facet normal -0.881921 -0 -0.471396
    outer loop
      vertex -35.564 65.9 21.5668
      vertex -34.8709 63.95 20.2701
      vertex -35.564 63.95 21.5668
    endloop
  endfacet
  facet normal -0.956936 0 0.290298
    outer loop
      vertex -34.8709 63.95 14.5299
      vertex -34.4441 65.9 15.9368
      vertex -34.8709 65.9 14.5299
    endloop
  endfacet
  facet normal -0.956936 0 0.290298
    outer loop
      vertex -34.4441 65.9 15.9368
      vertex -34.8709 63.95 14.5299
      vertex -34.4441 63.95 15.9368
    endloop
  endfacet
  facet normal -0.995186 0 0.0980086
    outer loop
      vertex -34.4441 63.95 15.9368
      vertex -34.3 65.9 17.4
      vertex -34.4441 65.9 15.9368
    endloop
  endfacet
  facet normal -0.995186 0 0.0980086
    outer loop
      vertex -34.3 65.9 17.4
      vertex -34.4441 63.95 15.9368
      vertex -34.3 63.95 17.4
    endloop
  endfacet
  facet normal -0.773011 0 0.634393
    outer loop
      vertex -36.4967 63.95 12.0967
      vertex -35.564 65.9 13.2332
      vertex -36.4967 65.9 12.0967
    endloop
  endfacet
  facet normal -0.773011 0 0.634393
    outer loop
      vertex -35.564 65.9 13.2332
      vertex -36.4967 63.95 12.0967
      vertex -35.564 63.95 13.2332
    endloop
  endfacet
  facet normal -0.471396 0 0.881921
    outer loop
      vertex -38.9299 65.9 10.4709
      vertex -37.6332 63.95 11.164
      vertex -37.6332 65.9 11.164
    endloop
  endfacet
  facet normal -0.471396 0 0.881921
    outer loop
      vertex -37.6332 63.95 11.164
      vertex -38.9299 65.9 10.4709
      vertex -38.9299 63.95 10.4709
    endloop
  endfacet
  facet normal -0.0980086 0 0.995186
    outer loop
      vertex -41.8 65.9 9.9
      vertex -40.3368 63.95 10.0441
      vertex -40.3368 65.9 10.0441
    endloop
  endfacet
  facet normal -0.0980086 0 0.995186
    outer loop
      vertex -40.3368 63.95 10.0441
      vertex -41.8 65.9 9.9
      vertex -41.8 63.95 9.9
    endloop
  endfacet
  facet normal -0.290298 0 0.956936
    outer loop
      vertex -40.3368 65.9 10.0441
      vertex -38.9299 63.95 10.4709
      vertex -38.9299 65.9 10.4709
    endloop
  endfacet
  facet normal -0.290298 0 0.956936
    outer loop
      vertex -38.9299 63.95 10.4709
      vertex -40.3368 65.9 10.0441
      vertex -40.3368 63.95 10.0441
    endloop
  endfacet
  facet normal -0.929427 -0.357472 0.0915382
    outer loop
      vertex -48.55 65.9 17.4
      vertex -47.8 63.95 17.4
      vertex -48.4203 65.9 18.7169
    endloop
  endfacet
  facet normal -0.823633 -0.357465 -0.440282
    outer loop
      vertex -48.0362 65.9 14.8169
      vertex -46.7888 63.95 14.0666
      vertex -47.3433 63.95 15.1039
    endloop
  endfacet
  facet normal -0.271106 -0.357467 0.893711
    outer loop
      vertex -44.3831 65.9 23.6362
      vertex -44.0961 63.95 22.9433
      vertex -43.1169 65.9 24.0203
    endloop
  endfacet
  facet normal -0.440262 -0.357476 0.823638
    outer loop
      vertex -45.5501 65.9 23.0124
      vertex -45.1334 63.95 22.3888
      vertex -44.3831 65.9 23.6362
    endloop
  endfacet
  facet normal -0.0915527 -0.35748 -0.929422
    outer loop
      vertex -43.1169 65.9 10.7797
      vertex -41.8 63.95 11.4
      vertex -42.9705 63.95 11.5153
    endloop
  endfacet
  facet normal -0.721946 -0.357512 -0.592435
    outer loop
      vertex -47.4124 65.9 13.6499
      vertex -46.573 65.9 12.627
      vertex -46.0426 63.95 13.1574
    endloop
  endfacet
  facet normal -0.271068 -0.357487 0.893714
    outer loop
      vertex -44.0961 63.95 22.9433
      vertex -42.9705 63.95 23.2847
      vertex -43.1169 65.9 24.0203
    endloop
  endfacet
  facet normal 0.0915382 -0.357472 0.929427
    outer loop
      vertex -41.8 63.95 23.4
      vertex -40.4831 65.9 24.0203
      vertex -41.8 65.9 24.15
    endloop
  endfacet
  facet normal 0.929422 -0.35748 -0.0915527
    outer loop
      vertex -35.9153 63.95 16.2295
      vertex -35.1797 65.9 16.0831
      vertex -35.8 63.95 17.4
    endloop
  endfacet
  facet normal -0.929427 -0.357472 -0.0915382
    outer loop
      vertex -48.55 65.9 17.4
      vertex -48.4203 65.9 16.0831
      vertex -47.8 63.95 17.4
    endloop
  endfacet
  facet normal 0.893711 -0.357467 -0.271106
    outer loop
      vertex -36.2567 63.95 15.1039
      vertex -35.5638 65.9 14.8169
      vertex -35.1797 65.9 16.0831
    endloop
  endfacet
  facet normal 0.823638 -0.357476 -0.440262
    outer loop
      vertex -36.8112 63.95 14.0666
      vertex -36.1876 65.9 13.6499
      vertex -35.5638 65.9 14.8169
    endloop
  endfacet
  facet normal -0.893714 -0.357487 0.271068
    outer loop
      vertex -48.4203 65.9 18.7169
      vertex -47.6847 63.95 18.5705
      vertex -47.3433 63.95 19.6961
    endloop
  endfacet
  facet normal -0.592492 -0.357476 0.721917
    outer loop
      vertex -46.0426 63.95 21.6426
      vertex -45.1334 63.95 22.3888
      vertex -45.5501 65.9 23.0124
    endloop
  endfacet
  facet normal -0.823638 -0.357476 -0.440262
    outer loop
      vertex -48.0362 65.9 14.8169
      vertex -47.4124 65.9 13.6499
      vertex -46.7888 63.95 14.0666
    endloop
  endfacet
  facet normal -0.721946 -0.357512 0.592435
    outer loop
      vertex -47.4124 65.9 21.1501
      vertex -46.0426 63.95 21.6426
      vertex -46.573 65.9 22.173
    endloop
  endfacet
  facet normal -0.0915382 -0.357472 -0.929427
    outer loop
      vertex -43.1169 65.9 10.7797
      vertex -41.8 65.9 10.65
      vertex -41.8 63.95 11.4
    endloop
  endfacet
  facet normal 0.592492 -0.357476 -0.721917
    outer loop
      vertex -38.4666 63.95 12.4112
      vertex -38.0499 65.9 11.7876
      vertex -37.5574 63.95 13.1574
    endloop
  endfacet
  facet normal -0.271106 -0.357467 -0.893711
    outer loop
      vertex -44.3831 65.9 11.1638
      vertex -43.1169 65.9 10.7797
      vertex -44.0961 63.95 11.8567
    endloop
  endfacet
  facet normal -0.440282 -0.357465 -0.823633
    outer loop
      vertex -45.1334 63.95 12.4112
      vertex -44.3831 65.9 11.1638
      vertex -44.0961 63.95 11.8567
    endloop
  endfacet
  facet normal -0.592435 -0.357512 0.721946
    outer loop
      vertex -46.573 65.9 22.173
      vertex -46.0426 63.95 21.6426
      vertex -45.5501 65.9 23.0124
    endloop
  endfacet
  facet normal 0.929427 -0.357472 0.0915382
    outer loop
      vertex -35.8 63.95 17.4
      vertex -35.05 65.9 17.4
      vertex -35.1797 65.9 18.7169
    endloop
  endfacet
  facet normal 0.0915382 -0.357472 -0.929427
    outer loop
      vertex -41.8 63.95 11.4
      vertex -41.8 65.9 10.65
      vertex -40.4831 65.9 10.7797
    endloop
  endfacet
  facet normal -0.893711 -0.357467 0.271106
    outer loop
      vertex -48.4203 65.9 18.7169
      vertex -47.3433 63.95 19.6961
      vertex -48.0362 65.9 19.9831
    endloop
  endfacet
  facet normal -0.929422 -0.35748 0.0915527
    outer loop
      vertex -48.4203 65.9 18.7169
      vertex -47.8 63.95 17.4
      vertex -47.6847 63.95 18.5705
    endloop
  endfacet
  facet normal -0.721917 -0.357476 0.592492
    outer loop
      vertex -47.4124 65.9 21.1501
      vertex -46.7888 63.95 20.7334
      vertex -46.0426 63.95 21.6426
    endloop
  endfacet
  facet normal -0.823633 -0.357465 0.440282
    outer loop
      vertex -48.0362 65.9 19.9831
      vertex -47.3433 63.95 19.6961
      vertex -46.7888 63.95 20.7334
    endloop
  endfacet
  facet normal -0.823638 -0.357476 0.440262
    outer loop
      vertex -48.0362 65.9 19.9831
      vertex -46.7888 63.95 20.7334
      vertex -47.4124 65.9 21.1501
    endloop
  endfacet
  facet normal 0.271106 -0.357467 0.893711
    outer loop
      vertex -40.4831 65.9 24.0203
      vertex -39.5039 63.95 22.9433
      vertex -39.2169 65.9 23.6362
    endloop
  endfacet
  facet normal 0.592435 -0.357512 0.721946
    outer loop
      vertex -38.0499 65.9 23.0124
      vertex -37.5574 63.95 21.6426
      vertex -37.027 65.9 22.173
    endloop
  endfacet
  facet normal 0.440282 -0.357465 -0.823633
    outer loop
      vertex -39.5039 63.95 11.8567
      vertex -39.2169 65.9 11.1638
      vertex -38.4666 63.95 12.4112
    endloop
  endfacet
  facet normal -0.0915382 -0.357472 0.929427
    outer loop
      vertex -43.1169 65.9 24.0203
      vertex -41.8 63.95 23.4
      vertex -41.8 65.9 24.15
    endloop
  endfacet
  facet normal -0.0915527 -0.35748 0.929422
    outer loop
      vertex -43.1169 65.9 24.0203
      vertex -42.9705 63.95 23.2847
      vertex -41.8 63.95 23.4
    endloop
  endfacet
  facet normal 0.440262 -0.357476 -0.823638
    outer loop
      vertex -39.2169 65.9 11.1638
      vertex -38.0499 65.9 11.7876
      vertex -38.4666 63.95 12.4112
    endloop
  endfacet
  facet normal 0.271106 -0.357467 -0.893711
    outer loop
      vertex -40.4831 65.9 10.7797
      vertex -39.2169 65.9 11.1638
      vertex -39.5039 63.95 11.8567
    endloop
  endfacet
  facet normal -0.721917 -0.357476 -0.592492
    outer loop
      vertex -47.4124 65.9 13.6499
      vertex -46.0426 63.95 13.1574
      vertex -46.7888 63.95 14.0666
    endloop
  endfacet
  facet normal -0.440282 -0.357465 0.823633
    outer loop
      vertex -45.1334 63.95 22.3888
      vertex -44.0961 63.95 22.9433
      vertex -44.3831 65.9 23.6362
    endloop
  endfacet
  facet normal 0.592492 -0.357476 0.721917
    outer loop
      vertex -38.4666 63.95 22.3888
      vertex -37.5574 63.95 21.6426
      vertex -38.0499 65.9 23.0124
    endloop
  endfacet
  facet normal 0.823638 -0.357476 0.440262
    outer loop
      vertex -36.8112 63.95 20.7334
      vertex -35.5638 65.9 19.9831
      vertex -36.1876 65.9 21.1501
    endloop
  endfacet
  facet normal 0.721917 -0.357476 0.592492
    outer loop
      vertex -37.5574 63.95 21.6426
      vertex -36.8112 63.95 20.7334
      vertex -36.1876 65.9 21.1501
    endloop
  endfacet
  facet normal 0.440282 -0.357465 0.823633
    outer loop
      vertex -39.5039 63.95 22.9433
      vertex -38.4666 63.95 22.3888
      vertex -39.2169 65.9 23.6362
    endloop
  endfacet
  facet normal 0.893711 -0.357467 0.271106
    outer loop
      vertex -36.2567 63.95 19.6961
      vertex -35.1797 65.9 18.7169
      vertex -35.5638 65.9 19.9831
    endloop
  endfacet
  facet normal -0.893711 -0.357467 -0.271106
    outer loop
      vertex -48.4203 65.9 16.0831
      vertex -48.0362 65.9 14.8169
      vertex -47.3433 63.95 15.1039
    endloop
  endfacet
  facet normal 0.929422 -0.35748 0.0915527
    outer loop
      vertex -35.9153 63.95 18.5705
      vertex -35.8 63.95 17.4
      vertex -35.1797 65.9 18.7169
    endloop
  endfacet
  facet normal -0.271068 -0.357487 -0.893714
    outer loop
      vertex -44.0961 63.95 11.8567
      vertex -43.1169 65.9 10.7797
      vertex -42.9705 63.95 11.5153
    endloop
  endfacet
  facet normal 0.592435 -0.357512 -0.721946
    outer loop
      vertex -38.0499 65.9 11.7876
      vertex -37.027 65.9 12.627
      vertex -37.5574 63.95 13.1574
    endloop
  endfacet
  facet normal 0.440262 -0.357476 0.823638
    outer loop
      vertex -39.2169 65.9 23.6362
      vertex -38.4666 63.95 22.3888
      vertex -38.0499 65.9 23.0124
    endloop
  endfacet
  facet normal 0.893714 -0.357487 -0.271068
    outer loop
      vertex -36.2567 63.95 15.1039
      vertex -35.1797 65.9 16.0831
      vertex -35.9153 63.95 16.2295
    endloop
  endfacet
  facet normal -0.440262 -0.357476 -0.823638
    outer loop
      vertex -45.5501 65.9 11.7876
      vertex -44.3831 65.9 11.1638
      vertex -45.1334 63.95 12.4112
    endloop
  endfacet
  facet normal 0.721946 -0.357512 -0.592435
    outer loop
      vertex -37.5574 63.95 13.1574
      vertex -37.027 65.9 12.627
      vertex -36.1876 65.9 13.6499
    endloop
  endfacet
  facet normal -0.592435 -0.357512 -0.721946
    outer loop
      vertex -46.573 65.9 12.627
      vertex -45.5501 65.9 11.7876
      vertex -46.0426 63.95 13.1574
    endloop
  endfacet
  facet normal 0.271068 -0.357487 -0.893714
    outer loop
      vertex -40.6295 63.95 11.5153
      vertex -40.4831 65.9 10.7797
      vertex -39.5039 63.95 11.8567
    endloop
  endfacet
  facet normal 0.0915527 -0.35748 -0.929422
    outer loop
      vertex -41.8 63.95 11.4
      vertex -40.4831 65.9 10.7797
      vertex -40.6295 63.95 11.5153
    endloop
  endfacet
  facet normal -0.592492 -0.357476 -0.721917
    outer loop
      vertex -46.0426 63.95 13.1574
      vertex -45.5501 65.9 11.7876
      vertex -45.1334 63.95 12.4112
    endloop
  endfacet
  facet normal 0.271068 -0.357487 0.893714
    outer loop
      vertex -40.6295 63.95 23.2847
      vertex -39.5039 63.95 22.9433
      vertex -40.4831 65.9 24.0203
    endloop
  endfacet
  facet normal -0.893714 -0.357487 -0.271068
    outer loop
      vertex -48.4203 65.9 16.0831
      vertex -47.3433 63.95 15.1039
      vertex -47.6847 63.95 16.2295
    endloop
  endfacet
  facet normal -0.929422 -0.35748 -0.0915527
    outer loop
      vertex -48.4203 65.9 16.0831
      vertex -47.6847 63.95 16.2295
      vertex -47.8 63.95 17.4
    endloop
  endfacet
  facet normal 0.721917 -0.357476 -0.592492
    outer loop
      vertex -37.5574 63.95 13.1574
      vertex -36.1876 65.9 13.6499
      vertex -36.8112 63.95 14.0666
    endloop
  endfacet
  facet normal 0.721946 -0.357512 0.592435
    outer loop
      vertex -37.5574 63.95 21.6426
      vertex -36.1876 65.9 21.1501
      vertex -37.027 65.9 22.173
    endloop
  endfacet
  facet normal 0.893714 -0.357487 0.271068
    outer loop
      vertex -36.2567 63.95 19.6961
      vertex -35.9153 63.95 18.5705
      vertex -35.1797 65.9 18.7169
    endloop
  endfacet
  facet normal 0.823633 -0.357465 0.440282
    outer loop
      vertex -36.8112 63.95 20.7334
      vertex -36.2567 63.95 19.6961
      vertex -35.5638 65.9 19.9831
    endloop
  endfacet
  facet normal 0.0915527 -0.35748 0.929422
    outer loop
      vertex -41.8 63.95 23.4
      vertex -40.6295 63.95 23.2847
      vertex -40.4831 65.9 24.0203
    endloop
  endfacet
  facet normal 0.929427 -0.357472 -0.0915382
    outer loop
      vertex -35.8 63.95 17.4
      vertex -35.1797 65.9 16.0831
      vertex -35.05 65.9 17.4
    endloop
  endfacet
  facet normal 0.823633 -0.357465 -0.440282
    outer loop
      vertex -36.8112 63.95 14.0666
      vertex -35.5638 65.9 14.8169
      vertex -36.2567 63.95 15.1039
    endloop
  endfacet
  facet normal 0 1 -0
    outer loop
      vertex -33.7289 67.85 23.7789
      vertex -36.9666 67.85 28.4714
      vertex -33.4334 67.85 24.0214
    endloop
  endfacet
  facet normal 0 1 0
    outer loop
      vertex -45.55 67.85 28.8
      vertex -50.8696 67.85 24.3125
      vertex -51.25 67.85 24.35
    endloop
  endfacet
  facet normal 0 1 -0
    outer loop
      vertex -33.9714 67.85 23.4834
      vertex -36.9666 67.85 28.4714
      vertex -33.7289 67.85 23.7789
    endloop
  endfacet
  facet normal 0 1 -0
    outer loop
      vertex -42.9705 67.85 23.2847
      vertex -45.55 67.85 28.8
      vertex -41.8 67.85 23.4
    endloop
  endfacet
  facet normal -0 1 0
    outer loop
      vertex -41.8 67.85 23.4
      vertex -38.05 67.85 28.8
      vertex -40.6295 67.85 23.2847
    endloop
  endfacet
  facet normal 0 1 0
    outer loop
      vertex -45.55 67.85 28.8
      vertex -50.5038 67.85 24.2016
      vertex -50.8696 67.85 24.3125
    endloop
  endfacet
  facet normal 0 1 0
    outer loop
      vertex -38.4666 67.85 22.3888
      vertex -36.9666 67.85 28.4714
      vertex -33.9714 67.85 23.4834
    endloop
  endfacet
  facet normal 0 1 -0
    outer loop
      vertex -44.0961 67.85 22.9433
      vertex -45.55 67.85 28.8
      vertex -42.9705 67.85 23.2847
    endloop
  endfacet
  facet normal -0 1 0
    outer loop
      vertex -39.5039 67.85 22.9433
      vertex -36.9666 67.85 28.4714
      vertex -38.4666 67.85 22.3888
    endloop
  endfacet
  facet normal 0 1 0
    outer loop
      vertex -45.55 67.85 28.8
      vertex -50.1666 67.85 24.0214
      vertex -50.5038 67.85 24.2016
    endloop
  endfacet
  facet normal 0 1 -0
    outer loop
      vertex -45.1334 67.85 22.3888
      vertex -45.55 67.85 28.8
      vertex -44.0961 67.85 22.9433
    endloop
  endfacet
  facet normal 0 1 0
    outer loop
      vertex -38.05 67.85 28.8
      vertex -41.8 67.85 23.4
      vertex -45.55 67.85 28.8
    endloop
  endfacet
  facet normal 0 1 0
    outer loop
      vertex -38.4666 67.85 22.3888
      vertex -33.9714 67.85 23.4834
      vertex -34.1516 67.85 23.1462
    endloop
  endfacet
  facet normal 0 1 0
    outer loop
      vertex -38.05 67.85 28.8
      vertex -39.5039 67.85 22.9433
      vertex -40.6295 67.85 23.2847
    endloop
  endfacet
  facet normal 0 1 0
    outer loop
      vertex -37.5574 67.85 21.6426
      vertex -34.1516 67.85 23.1462
      vertex -34.2625 67.85 22.7804
    endloop
  endfacet
  facet normal 0 1 0
    outer loop
      vertex -37.5574 67.85 21.6426
      vertex -34.2625 67.85 22.7804
      vertex -34.3 67.85 22.4
    endloop
  endfacet
  facet normal 0 1 0
    outer loop
      vertex -36.9666 67.85 28.4714
      vertex -39.5039 67.85 22.9433
      vertex -38.05 67.85 28.8
    endloop
  endfacet
  facet normal 0 1 0
    outer loop
      vertex -34.1516 67.85 23.1462
      vertex -37.5574 67.85 21.6426
      vertex -38.4666 67.85 22.3888
    endloop
  endfacet
  facet normal 0 1 0
    outer loop
      vertex -34.3 67.85 22.4
      vertex -36.8112 67.85 20.7334
      vertex -37.5574 67.85 21.6426
    endloop
  endfacet
  facet normal 0 1 0
    outer loop
      vertex -34.3 67.85 22.4
      vertex -36.2567 67.85 19.6961
      vertex -36.8112 67.85 20.7334
    endloop
  endfacet
  facet normal 0 1 0
    outer loop
      vertex -34.3 67.85 22.4
      vertex -35.9153 67.85 18.5705
      vertex -36.2567 67.85 19.6961
    endloop
  endfacet
  facet normal 0 1 0
    outer loop
      vertex -34.3 67.85 22.4
      vertex -35.8 67.85 17.4
      vertex -35.9153 67.85 18.5705
    endloop
  endfacet
  facet normal 0 1 0
    outer loop
      vertex -34.3 67.85 22.4
      vertex -35.9153 67.85 16.2295
      vertex -35.8 67.85 17.4
    endloop
  endfacet
  facet normal 0 1 0
    outer loop
      vertex -40.6295 67.85 11.5153
      vertex -43.3218 67.85 4.5
      vertex -41.8 67.85 11.4
    endloop
  endfacet
  facet normal 0 1 0
    outer loop
      vertex -39.5039 67.85 11.8567
      vertex -43.3218 67.85 4.5
      vertex -40.6295 67.85 11.5153
    endloop
  endfacet
  facet normal 0 1 0
    outer loop
      vertex -35.3255 67.85 2.29145
      vertex -39.5039 67.85 11.8567
      vertex -38.4666 67.85 12.4112
    endloop
  endfacet
  facet normal 0 1 0
    outer loop
      vertex -35.3255 67.85 2.29145
      vertex -38.4666 67.85 12.4112
      vertex -37.5574 67.85 13.1574
    endloop
  endfacet
  facet normal 0 1 0
    outer loop
      vertex -35.3255 67.85 2.29145
      vertex -37.5574 67.85 13.1574
      vertex -36.8112 67.85 14.0666
    endloop
  endfacet
  facet normal 0 1 0
    outer loop
      vertex -39.5039 67.85 11.8567
      vertex -35.3255 67.85 2.29145
      vertex -43.3218 67.85 4.5
    endloop
  endfacet
  facet normal 0 1 0
    outer loop
      vertex -36.2567 67.85 15.1039
      vertex -35.3255 67.85 2.29145
      vertex -36.8112 67.85 14.0666
    endloop
  endfacet
  facet normal 0 1 0
    outer loop
      vertex -35.9153 67.85 16.2295
      vertex -35.3255 67.85 2.29145
      vertex -36.2567 67.85 15.1039
    endloop
  endfacet
  facet normal 0 1 -0
    outer loop
      vertex -35.3255 67.85 2.29145
      vertex -35.9153 67.85 16.2295
      vertex -34.3 67.85 22.4
    endloop
  endfacet
  facet normal 0 1 0
    outer loop
      vertex -36.9666 67.85 28.4714
      vertex -38.05 67.85 28.8
      vertex -37.6696 67.85 28.7625
    endloop
  endfacet
  facet normal 0 1 -0
    outer loop
      vertex -33.0962 67.85 24.2016
      vertex -36.9666 67.85 28.4714
      vertex -32.7304 67.85 24.3125
    endloop
  endfacet
  facet normal 0 1 0
    outer loop
      vertex -36.9666 67.85 28.4714
      vertex -37.6696 67.85 28.7625
      vertex -37.3038 67.85 28.6516
    endloop
  endfacet
  facet normal 0 1 -0
    outer loop
      vertex -32.7304 67.85 24.3125
      vertex -36.9666 67.85 28.4714
      vertex -32.35 67.85 24.35
    endloop
  endfacet
  facet normal 0 1 -0
    outer loop
      vertex -33.4334 67.85 24.0214
      vertex -36.9666 67.85 28.4714
      vertex -33.0962 67.85 24.2016
    endloop
  endfacet
  facet normal 0 1 0
    outer loop
      vertex -45.9304 67.85 28.7625
      vertex -46.6334 67.85 28.4714
      vertex -46.2962 67.85 28.6516
    endloop
  endfacet
  facet normal -0 1 0
    outer loop
      vertex -46.6334 67.85 28.4714
      vertex -45.55 67.85 28.8
      vertex -51.25 67.85 24.35
    endloop
  endfacet
  facet normal 0 1 0
    outer loop
      vertex -36.9666 67.85 28.4714
      vertex -31.9696 67.85 24.3125
      vertex -32.35 67.85 24.35
    endloop
  endfacet
  facet normal 0 1 0
    outer loop
      vertex -36.9666 67.85 28.4714
      vertex -31.6038 67.85 24.2016
      vertex -31.9696 67.85 24.3125
    endloop
  endfacet
  facet normal -0 1 -0
    outer loop
      vertex -31.6038 67.85 24.2016
      vertex -36.9666 67.85 28.4714
      vertex -31.2666 67.85 24.0214
    endloop
  endfacet
  facet normal 0 1 0
    outer loop
      vertex -45.55 67.85 28.8
      vertex -46.6334 67.85 28.4714
      vertex -45.9304 67.85 28.7625
    endloop
  endfacet
  facet normal 0 1 0
    outer loop
      vertex -51.6304 67.85 24.3125
      vertex -46.6334 67.85 28.4714
      vertex -51.25 67.85 24.35
    endloop
  endfacet
  facet normal 0 1 0
    outer loop
      vertex -51.9962 67.85 24.2016
      vertex -46.6334 67.85 28.4714
      vertex -51.6304 67.85 24.3125
    endloop
  endfacet
  facet normal 0 1 0
    outer loop
      vertex -46.6334 67.85 28.4714
      vertex -51.9962 67.85 24.2016
      vertex -52.3334 67.85 24.0214
    endloop
  endfacet
  facet normal 0 1 0
    outer loop
      vertex -45.55 67.85 28.8
      vertex -49.8711 67.85 23.7789
      vertex -50.1666 67.85 24.0214
    endloop
  endfacet
  facet normal -0 1 0
    outer loop
      vertex -49.6286 67.85 23.4834
      vertex -45.55 67.85 28.8
      vertex -45.1334 67.85 22.3888
    endloop
  endfacet
  facet normal 0 1 0
    outer loop
      vertex -45.55 67.85 28.8
      vertex -49.6286 67.85 23.4834
      vertex -49.8711 67.85 23.7789
    endloop
  endfacet
  facet normal 0 1 0
    outer loop
      vertex -49.6286 67.85 23.4834
      vertex -45.1334 67.85 22.3888
      vertex -49.4484 67.85 23.1462
    endloop
  endfacet
  facet normal 0 1 -0
    outer loop
      vertex -46.0426 67.85 21.6426
      vertex -49.4484 67.85 23.1462
      vertex -45.1334 67.85 22.3888
    endloop
  endfacet
  facet normal 0 1 0
    outer loop
      vertex -49.4484 67.85 23.1462
      vertex -46.0426 67.85 21.6426
      vertex -49.3375 67.85 22.7804
    endloop
  endfacet
  facet normal 0 1 0
    outer loop
      vertex -49.3375 67.85 22.7804
      vertex -46.0426 67.85 21.6426
      vertex -49.3 67.85 22.4
    endloop
  endfacet
  facet normal 0 1 -0
    outer loop
      vertex -46.7888 67.85 20.7334
      vertex -49.3 67.85 22.4
      vertex -46.0426 67.85 21.6426
    endloop
  endfacet
  facet normal 0 1 -0
    outer loop
      vertex -47.3433 67.85 19.6961
      vertex -49.3 67.85 22.4
      vertex -46.7888 67.85 20.7334
    endloop
  endfacet
  facet normal 0 1 -0
    outer loop
      vertex -47.6847 67.85 18.5705
      vertex -49.3 67.85 22.4
      vertex -47.3433 67.85 19.6961
    endloop
  endfacet
  facet normal 0 1 -0
    outer loop
      vertex -47.8 67.85 17.4
      vertex -49.3 67.85 22.4
      vertex -47.6847 67.85 18.5705
    endloop
  endfacet
  facet normal 0 1 0
    outer loop
      vertex -47.6847 67.85 16.2295
      vertex -49.3 67.85 22.4
      vertex -47.8 67.85 17.4
    endloop
  endfacet
  facet normal 0 1 0
    outer loop
      vertex -43.3218 67.85 4.5
      vertex -42.9705 67.85 11.5153
      vertex -41.8 67.85 11.4
    endloop
  endfacet
  facet normal 0 1 -0
    outer loop
      vertex -43.3218 67.85 4.5
      vertex -44.0961 67.85 11.8567
      vertex -42.9705 67.85 11.5153
    endloop
  endfacet
  facet normal 0 1 0
    outer loop
      vertex -48.3872 67.85 4.5
      vertex -44.0961 67.85 11.8567
      vertex -43.3218 67.85 4.5
    endloop
  endfacet
  facet normal 0 1 0
    outer loop
      vertex -44.0961 67.85 11.8567
      vertex -48.3872 67.85 4.5
      vertex -45.1334 67.85 12.4112
    endloop
  endfacet
  facet normal 0 1 0
    outer loop
      vertex -45.1334 67.85 12.4112
      vertex -48.3872 67.85 4.5
      vertex -46.0426 67.85 13.1574
    endloop
  endfacet
  facet normal 0 1 0
    outer loop
      vertex -46.0426 67.85 13.1574
      vertex -48.3872 67.85 4.5
      vertex -46.7888 67.85 14.0666
    endloop
  endfacet
  facet normal 0 1 0
    outer loop
      vertex -47.6847 67.85 16.2295
      vertex -48.3872 67.85 4.5
      vertex -49.3 67.85 22.4
    endloop
  endfacet
  facet normal 0 1 0
    outer loop
      vertex -47.3433 67.85 15.1039
      vertex -48.3872 67.85 4.5
      vertex -47.6847 67.85 16.2295
    endloop
  endfacet
  facet normal 0 1 0
    outer loop
      vertex -46.7888 67.85 14.0666
      vertex -48.3872 67.85 4.5
      vertex -47.3433 67.85 15.1039
    endloop
  endfacet
  facet normal 0 -1 0
    outer loop
      vertex -49.8711 63.95 23.7789
      vertex -46.6334 63.95 28.4714
      vertex -50.1666 63.95 24.0214
    endloop
  endfacet
  facet normal 0 -1 0
    outer loop
      vertex -38.05 63.95 28.8
      vertex -32.7304 63.95 24.3125
      vertex -32.35 63.95 24.35
    endloop
  endfacet
  facet normal 0 -1 0
    outer loop
      vertex -49.6286 63.95 23.4834
      vertex -46.6334 63.95 28.4714
      vertex -49.8711 63.95 23.7789
    endloop
  endfacet
  facet normal 0 -1 0
    outer loop
      vertex -40.6295 63.95 23.2847
      vertex -38.05 63.95 28.8
      vertex -41.8 63.95 23.4
    endloop
  endfacet
  facet normal -0 -1 0
    outer loop
      vertex -41.8 63.95 23.4
      vertex -45.55 63.95 28.8
      vertex -42.9705 63.95 23.2847
    endloop
  endfacet
  facet normal 0 -1 0
    outer loop
      vertex -38.05 63.95 28.8
      vertex -33.0962 63.95 24.2016
      vertex -32.7304 63.95 24.3125
    endloop
  endfacet
  facet normal 0 -1 0
    outer loop
      vertex -45.1334 63.95 22.3888
      vertex -46.6334 63.95 28.4714
      vertex -49.6286 63.95 23.4834
    endloop
  endfacet
  facet normal 0 -1 0
    outer loop
      vertex -39.5039 63.95 22.9433
      vertex -38.05 63.95 28.8
      vertex -40.6295 63.95 23.2847
    endloop
  endfacet
  facet normal -0 -1 0
    outer loop
      vertex -44.0961 63.95 22.9433
      vertex -46.6334 63.95 28.4714
      vertex -45.1334 63.95 22.3888
    endloop
  endfacet
  facet normal 0 -1 0
    outer loop
      vertex -38.05 63.95 28.8
      vertex -33.4334 63.95 24.0214
      vertex -33.0962 63.95 24.2016
    endloop
  endfacet
  facet normal 0 -1 0
    outer loop
      vertex -38.4666 63.95 22.3888
      vertex -38.05 63.95 28.8
      vertex -39.5039 63.95 22.9433
    endloop
  endfacet
  facet normal 0 -1 0
    outer loop
      vertex -45.55 63.95 28.8
      vertex -41.8 63.95 23.4
      vertex -38.05 63.95 28.8
    endloop
  endfacet
  facet normal 0 -1 0
    outer loop
      vertex -45.1334 63.95 22.3888
      vertex -49.6286 63.95 23.4834
      vertex -49.4484 63.95 23.1462
    endloop
  endfacet
  facet normal 0 -1 0
    outer loop
      vertex -45.55 63.95 28.8
      vertex -44.0961 63.95 22.9433
      vertex -42.9705 63.95 23.2847
    endloop
  endfacet
  facet normal 0 -1 0
    outer loop
      vertex -46.0426 63.95 21.6426
      vertex -49.4484 63.95 23.1462
      vertex -49.3375 63.95 22.7804
    endloop
  endfacet
  facet normal 0 -1 0
    outer loop
      vertex -46.0426 63.95 21.6426
      vertex -49.3375 63.95 22.7804
      vertex -49.3 63.95 22.4
    endloop
  endfacet
  facet normal 0 -1 0
    outer loop
      vertex -46.6334 63.95 28.4714
      vertex -44.0961 63.95 22.9433
      vertex -45.55 63.95 28.8
    endloop
  endfacet
  facet normal 0 -1 0
    outer loop
      vertex -49.4484 63.95 23.1462
      vertex -46.0426 63.95 21.6426
      vertex -45.1334 63.95 22.3888
    endloop
  endfacet
  facet normal 0 -1 0
    outer loop
      vertex -49.3 63.95 22.4
      vertex -46.7888 63.95 20.7334
      vertex -46.0426 63.95 21.6426
    endloop
  endfacet
  facet normal 0 -1 0
    outer loop
      vertex -49.3 63.95 22.4
      vertex -47.3433 63.95 19.6961
      vertex -46.7888 63.95 20.7334
    endloop
  endfacet
  facet normal 0 -1 0
    outer loop
      vertex -49.1049 63.95 19.0314
      vertex -47.3433 63.95 19.6961
      vertex -49.3 63.95 22.4
    endloop
  endfacet
  facet normal 0 -1 0
    outer loop
      vertex -47.6847 63.95 18.5705
      vertex -49.1049 63.95 19.0314
      vertex -49.1559 63.95 18.8632
    endloop
  endfacet
  facet normal 0 -1 0
    outer loop
      vertex -49.1049 63.95 19.0314
      vertex -47.6847 63.95 18.5705
      vertex -47.3433 63.95 19.6961
    endloop
  endfacet
  facet normal 0 -1 0
    outer loop
      vertex -49.3 63.95 17.4
      vertex -47.6847 63.95 18.5705
      vertex -49.1559 63.95 18.8632
    endloop
  endfacet
  facet normal 0 -1 0
    outer loop
      vertex -49.3 63.95 17.4
      vertex -47.8 63.95 17.4
      vertex -47.6847 63.95 18.5705
    endloop
  endfacet
  facet normal 0 -1 0
    outer loop
      vertex -49.3 63.95 17.4
      vertex -47.6847 63.95 16.2295
      vertex -47.8 63.95 17.4
    endloop
  endfacet
  facet normal 0 -1 0
    outer loop
      vertex -49.1559 63.95 15.9368
      vertex -47.6847 63.95 16.2295
      vertex -49.3 63.95 17.4
    endloop
  endfacet
  facet normal 0 -1 0
    outer loop
      vertex -48.8712 63.95 14.9984
      vertex -47.6847 63.95 16.2295
      vertex -49.1559 63.95 15.9368
    endloop
  endfacet
  facet normal 0 -1 -0
    outer loop
      vertex -47.6847 63.95 16.2295
      vertex -48.8712 63.95 14.9984
      vertex -47.3433 63.95 15.1039
    endloop
  endfacet
  facet normal 0 -1 0
    outer loop
      vertex -48.8712 63.95 14.9984
      vertex -46.7888 63.95 14.0666
      vertex -47.3433 63.95 15.1039
    endloop
  endfacet
  facet normal 0 -1 0
    outer loop
      vertex -48.8712 63.95 14.9984
      vertex -46.0426 63.95 13.1574
      vertex -46.7888 63.95 14.0666
    endloop
  endfacet
  facet normal 0 -1 0
    outer loop
      vertex -48.263 63.95 4.5
      vertex -46.0426 63.95 13.1574
      vertex -48.8712 63.95 14.9984
    endloop
  endfacet
  facet normal 0 -1 -0
    outer loop
      vertex -42.9705 63.95 11.5153
      vertex -48.263 63.95 4.5
      vertex -41.8 63.95 11.4
    endloop
  endfacet
  facet normal 0 -1 -0
    outer loop
      vertex -44.0961 63.95 11.8567
      vertex -48.263 63.95 4.5
      vertex -42.9705 63.95 11.5153
    endloop
  endfacet
  facet normal 0 -1 -0
    outer loop
      vertex -45.1334 63.95 12.4112
      vertex -48.263 63.95 4.5
      vertex -44.0961 63.95 11.8567
    endloop
  endfacet
  facet normal 0 -1 -0
    outer loop
      vertex -46.0426 63.95 13.1574
      vertex -48.263 63.95 4.5
      vertex -45.1334 63.95 12.4112
    endloop
  endfacet
  facet normal 0 -1 0
    outer loop
      vertex -46.6334 63.95 28.4714
      vertex -45.55 63.95 28.8
      vertex -45.9304 63.95 28.7625
    endloop
  endfacet
  facet normal 0 -1 0
    outer loop
      vertex -50.5038 63.95 24.2016
      vertex -46.6334 63.95 28.4714
      vertex -50.8696 63.95 24.3125
    endloop
  endfacet
  facet normal 0 -1 0
    outer loop
      vertex -46.6334 63.95 28.4714
      vertex -45.9304 63.95 28.7625
      vertex -46.2962 63.95 28.6516
    endloop
  endfacet
  facet normal 0 -1 0
    outer loop
      vertex -50.8696 63.95 24.3125
      vertex -46.6334 63.95 28.4714
      vertex -51.25 63.95 24.35
    endloop
  endfacet
  facet normal 0 -1 0
    outer loop
      vertex -50.1666 63.95 24.0214
      vertex -46.6334 63.95 28.4714
      vertex -50.5038 63.95 24.2016
    endloop
  endfacet
  facet normal 0 -1 0
    outer loop
      vertex -37.6696 63.95 28.7625
      vertex -36.9666 63.95 28.4714
      vertex -37.3038 63.95 28.6516
    endloop
  endfacet
  facet normal -0 -1 -0
    outer loop
      vertex -36.9666 63.95 28.4714
      vertex -38.05 63.95 28.8
      vertex -32.35 63.95 24.35
    endloop
  endfacet
  facet normal 0 -1 0
    outer loop
      vertex -46.6334 63.95 28.4714
      vertex -51.6304 63.95 24.3125
      vertex -51.25 63.95 24.35
    endloop
  endfacet
  facet normal 0 -1 0
    outer loop
      vertex -46.6334 63.95 28.4714
      vertex -51.9962 63.95 24.2016
      vertex -51.6304 63.95 24.3125
    endloop
  endfacet
  facet normal -0 -1 0
    outer loop
      vertex -51.9962 63.95 24.2016
      vertex -46.6334 63.95 28.4714
      vertex -52.3334 63.95 24.0214
    endloop
  endfacet
  facet normal 0 -1 0
    outer loop
      vertex -38.05 63.95 28.8
      vertex -36.9666 63.95 28.4714
      vertex -37.6696 63.95 28.7625
    endloop
  endfacet
  facet normal 0 -1 0
    outer loop
      vertex -31.9696 63.95 24.3125
      vertex -36.9666 63.95 28.4714
      vertex -32.35 63.95 24.35
    endloop
  endfacet
  facet normal 0 -1 0
    outer loop
      vertex -31.6038 63.95 24.2016
      vertex -36.9666 63.95 28.4714
      vertex -31.9696 63.95 24.3125
    endloop
  endfacet
  facet normal 0 -1 0
    outer loop
      vertex -36.9666 63.95 28.4714
      vertex -31.6038 63.95 24.2016
      vertex -31.2666 63.95 24.0214
    endloop
  endfacet
  facet normal 0 -1 0
    outer loop
      vertex -38.05 63.95 28.8
      vertex -33.7289 63.95 23.7789
      vertex -33.4334 63.95 24.0214
    endloop
  endfacet
  facet normal -0 -1 0
    outer loop
      vertex -33.9714 63.95 23.4834
      vertex -38.05 63.95 28.8
      vertex -38.4666 63.95 22.3888
    endloop
  endfacet
  facet normal 0 -1 0
    outer loop
      vertex -38.05 63.95 28.8
      vertex -33.9714 63.95 23.4834
      vertex -33.7289 63.95 23.7789
    endloop
  endfacet
  facet normal 0 -1 0
    outer loop
      vertex -33.9714 63.95 23.4834
      vertex -38.4666 63.95 22.3888
      vertex -34.1516 63.95 23.1462
    endloop
  endfacet
  facet normal 0 -1 0
    outer loop
      vertex -37.5574 63.95 21.6426
      vertex -34.1516 63.95 23.1462
      vertex -38.4666 63.95 22.3888
    endloop
  endfacet
  facet normal 0 -1 0
    outer loop
      vertex -34.1516 63.95 23.1462
      vertex -37.5574 63.95 21.6426
      vertex -34.2625 63.95 22.7804
    endloop
  endfacet
  facet normal 0 -1 0
    outer loop
      vertex -34.2625 63.95 22.7804
      vertex -37.5574 63.95 21.6426
      vertex -34.3 63.95 22.4
    endloop
  endfacet
  facet normal 0 -1 0
    outer loop
      vertex -36.8112 63.95 20.7334
      vertex -34.3 63.95 22.4
      vertex -37.5574 63.95 21.6426
    endloop
  endfacet
  facet normal 0 -1 0
    outer loop
      vertex -36.2567 63.95 19.6961
      vertex -34.3 63.95 22.4
      vertex -36.8112 63.95 20.7334
    endloop
  endfacet
  facet normal 0 -1 0
    outer loop
      vertex -36.2567 63.95 19.6961
      vertex -34.4951 63.95 19.0314
      vertex -34.3 63.95 22.4
    endloop
  endfacet
  facet normal 0 -1 0
    outer loop
      vertex -35.9153 63.95 18.5705
      vertex -34.4951 63.95 19.0314
      vertex -36.2567 63.95 19.6961
    endloop
  endfacet
  facet normal 0 -1 -0
    outer loop
      vertex -34.4951 63.95 19.0314
      vertex -35.9153 63.95 18.5705
      vertex -34.4441 63.95 18.8632
    endloop
  endfacet
  facet normal 0 -1 0
    outer loop
      vertex -35.8 63.95 17.4
      vertex -34.4441 63.95 18.8632
      vertex -35.9153 63.95 18.5705
    endloop
  endfacet
  facet normal 0 -1 0
    outer loop
      vertex -35.8 63.95 17.4
      vertex -34.3 63.95 17.4
      vertex -34.4441 63.95 18.8632
    endloop
  endfacet
  facet normal 0 -1 0
    outer loop
      vertex -35.9153 63.95 16.2295
      vertex -34.3 63.95 17.4
      vertex -35.8 63.95 17.4
    endloop
  endfacet
  facet normal 0 -1 0
    outer loop
      vertex -35.9153 63.95 16.2295
      vertex -34.4441 63.95 15.9368
      vertex -34.3 63.95 17.4
    endloop
  endfacet
  facet normal 0 -1 0
    outer loop
      vertex -34.7288 63.95 14.9984
      vertex -35.9153 63.95 16.2295
      vertex -36.2567 63.95 15.1039
    endloop
  endfacet
  facet normal 0 -1 0
    outer loop
      vertex -35.9153 63.95 16.2295
      vertex -34.7288 63.95 14.9984
      vertex -34.4441 63.95 15.9368
    endloop
  endfacet
  facet normal 0 -1 0
    outer loop
      vertex -36.8112 63.95 14.0666
      vertex -34.7288 63.95 14.9984
      vertex -36.2567 63.95 15.1039
    endloop
  endfacet
  facet normal 0 -1 0
    outer loop
      vertex -37.5574 63.95 13.1574
      vertex -34.7288 63.95 14.9984
      vertex -36.8112 63.95 14.0666
    endloop
  endfacet
  facet normal 0 -1 0
    outer loop
      vertex -36.493 63.95 4.5
      vertex -37.5574 63.95 13.1574
      vertex -38.4666 63.95 12.4112
    endloop
  endfacet
  facet normal 0 -1 0
    outer loop
      vertex -36.493 63.95 4.5
      vertex -41.8 63.95 11.4
      vertex -48.263 63.95 4.5
    endloop
  endfacet
  facet normal 0 -1 0
    outer loop
      vertex -41.8 63.95 11.4
      vertex -36.493 63.95 4.5
      vertex -40.6295 63.95 11.5153
    endloop
  endfacet
  facet normal 0 -1 0
    outer loop
      vertex -40.6295 63.95 11.5153
      vertex -36.493 63.95 4.5
      vertex -39.5039 63.95 11.8567
    endloop
  endfacet
  facet normal 0 -1 0
    outer loop
      vertex -39.5039 63.95 11.8567
      vertex -36.493 63.95 4.5
      vertex -38.4666 63.95 12.4112
    endloop
  endfacet
  facet normal 0 -1 0
    outer loop
      vertex -37.5574 63.95 13.1574
      vertex -36.493 63.95 4.5
      vertex -35.3552 63.95 4.18574
    endloop
  endfacet
  facet normal 0 -1 0
    outer loop
      vertex -37.5574 63.95 13.1574
      vertex -35.3552 63.95 4.18574
      vertex -34.7288 63.95 14.9984
    endloop
  endfacet
  facet normal 0.956951 0 -0.290248
    outer loop
      vertex -47.3433 63.95 19.6961
      vertex -47.6847 67.85 18.5705
      vertex -47.3433 67.85 19.6961
    endloop
  endfacet
  facet normal 0.956951 0 -0.290248
    outer loop
      vertex -47.6847 67.85 18.5705
      vertex -47.3433 63.95 19.6961
      vertex -47.6847 63.95 18.5705
    endloop
  endfacet
  facet normal 0.995183 0 -0.0980305
    outer loop
      vertex -47.6847 63.95 18.5705
      vertex -47.8 67.85 17.4
      vertex -47.6847 67.85 18.5705
    endloop
  endfacet
  facet normal 0.995183 0 -0.0980305
    outer loop
      vertex -47.8 67.85 17.4
      vertex -47.6847 63.95 18.5705
      vertex -47.8 63.95 17.4
    endloop
  endfacet
  facet normal 0.881903 0 -0.471431
    outer loop
      vertex -46.7888 63.95 20.7334
      vertex -47.3433 67.85 19.6961
      vertex -46.7888 67.85 20.7334
    endloop
  endfacet
  facet normal 0.881903 0 -0.471431
    outer loop
      vertex -47.3433 67.85 19.6961
      vertex -46.7888 63.95 20.7334
      vertex -47.3433 63.95 19.6961
    endloop
  endfacet
  facet normal -0.634413 0 -0.772994
    outer loop
      vertex -38.4666 63.95 22.3888
      vertex -37.5574 67.85 21.6426
      vertex -37.5574 63.95 21.6426
    endloop
  endfacet
  facet normal -0.634413 0 -0.772994
    outer loop
      vertex -37.5574 67.85 21.6426
      vertex -38.4666 63.95 22.3888
      vertex -38.4666 67.85 22.3888
    endloop
  endfacet
  facet normal 0.290248 0 -0.956951
    outer loop
      vertex -44.0961 63.95 22.9433
      vertex -42.9705 67.85 23.2847
      vertex -42.9705 63.95 23.2847
    endloop
  endfacet
  facet normal 0.290248 0 -0.956951
    outer loop
      vertex -42.9705 67.85 23.2847
      vertex -44.0961 63.95 22.9433
      vertex -44.0961 67.85 22.9433
    endloop
  endfacet
  facet normal 0.772994 0 -0.634413
    outer loop
      vertex -46.0426 63.95 21.6426
      vertex -46.7888 67.85 20.7334
      vertex -46.0426 67.85 21.6426
    endloop
  endfacet
  facet normal 0.772994 0 -0.634413
    outer loop
      vertex -46.7888 67.85 20.7334
      vertex -46.0426 63.95 21.6426
      vertex -46.7888 63.95 20.7334
    endloop
  endfacet
  facet normal -0.772994 0 -0.634413
    outer loop
      vertex -36.8112 63.95 20.7334
      vertex -37.5574 67.85 21.6426
      vertex -36.8112 67.85 20.7334
    endloop
  endfacet
  facet normal -0.772994 -0 -0.634413
    outer loop
      vertex -37.5574 67.85 21.6426
      vertex -36.8112 63.95 20.7334
      vertex -37.5574 63.95 21.6426
    endloop
  endfacet
  facet normal -0.881903 0 0.471431
    outer loop
      vertex -36.8112 63.95 14.0666
      vertex -36.2567 67.85 15.1039
      vertex -36.8112 67.85 14.0666
    endloop
  endfacet
  facet normal -0.881903 0 0.471431
    outer loop
      vertex -36.2567 67.85 15.1039
      vertex -36.8112 63.95 14.0666
      vertex -36.2567 63.95 15.1039
    endloop
  endfacet
  facet normal 0.881903 -0 0.471431
    outer loop
      vertex -47.3433 63.95 15.1039
      vertex -46.7888 67.85 14.0666
      vertex -47.3433 67.85 15.1039
    endloop
  endfacet
  facet normal 0.881903 0 0.471431
    outer loop
      vertex -46.7888 67.85 14.0666
      vertex -47.3433 63.95 15.1039
      vertex -46.7888 63.95 14.0666
    endloop
  endfacet
  facet normal -0.290248 0 -0.956951
    outer loop
      vertex -40.6295 63.95 23.2847
      vertex -39.5039 67.85 22.9433
      vertex -39.5039 63.95 22.9433
    endloop
  endfacet
  facet normal -0.290248 0 -0.956951
    outer loop
      vertex -39.5039 67.85 22.9433
      vertex -40.6295 63.95 23.2847
      vertex -40.6295 67.85 23.2847
    endloop
  endfacet
  facet normal 0.290248 0 0.956951
    outer loop
      vertex -44.0961 67.85 11.8567
      vertex -42.9705 63.95 11.5153
      vertex -42.9705 67.85 11.5153
    endloop
  endfacet
  facet normal 0.290248 0 0.956951
    outer loop
      vertex -42.9705 63.95 11.5153
      vertex -44.0961 67.85 11.8567
      vertex -44.0961 63.95 11.8567
    endloop
  endfacet
  facet normal 0.0980305 0 -0.995183
    outer loop
      vertex -42.9705 63.95 23.2847
      vertex -41.8 67.85 23.4
      vertex -41.8 63.95 23.4
    endloop
  endfacet
  facet normal 0.0980305 0 -0.995183
    outer loop
      vertex -41.8 67.85 23.4
      vertex -42.9705 63.95 23.2847
      vertex -42.9705 67.85 23.2847
    endloop
  endfacet
  facet normal 0.634413 0 -0.772994
    outer loop
      vertex -46.0426 63.95 21.6426
      vertex -45.1334 67.85 22.3888
      vertex -45.1334 63.95 22.3888
    endloop
  endfacet
  facet normal 0.634413 0 -0.772994
    outer loop
      vertex -45.1334 67.85 22.3888
      vertex -46.0426 63.95 21.6426
      vertex -46.0426 67.85 21.6426
    endloop
  endfacet
  facet normal -0.0980305 0 -0.995183
    outer loop
      vertex -41.8 63.95 23.4
      vertex -40.6295 67.85 23.2847
      vertex -40.6295 63.95 23.2847
    endloop
  endfacet
  facet normal -0.0980305 0 -0.995183
    outer loop
      vertex -40.6295 67.85 23.2847
      vertex -41.8 63.95 23.4
      vertex -41.8 67.85 23.4
    endloop
  endfacet
  facet normal 0.634413 0 0.772994
    outer loop
      vertex -46.0426 67.85 13.1574
      vertex -45.1334 63.95 12.4112
      vertex -45.1334 67.85 12.4112
    endloop
  endfacet
  facet normal 0.634413 0 0.772994
    outer loop
      vertex -45.1334 63.95 12.4112
      vertex -46.0426 67.85 13.1574
      vertex -46.0426 63.95 13.1574
    endloop
  endfacet
  facet normal 0.471431 0 0.881903
    outer loop
      vertex -45.1334 67.85 12.4112
      vertex -44.0961 63.95 11.8567
      vertex -44.0961 67.85 11.8567
    endloop
  endfacet
  facet normal 0.471431 0 0.881903
    outer loop
      vertex -44.0961 63.95 11.8567
      vertex -45.1334 67.85 12.4112
      vertex -45.1334 63.95 12.4112
    endloop
  endfacet
  facet normal -0.634413 0 0.772994
    outer loop
      vertex -38.4666 67.85 12.4112
      vertex -37.5574 63.95 13.1574
      vertex -37.5574 67.85 13.1574
    endloop
  endfacet
  facet normal -0.634413 0 0.772994
    outer loop
      vertex -37.5574 63.95 13.1574
      vertex -38.4666 67.85 12.4112
      vertex -38.4666 63.95 12.4112
    endloop
  endfacet
  facet normal 0.772994 -0 0.634413
    outer loop
      vertex -46.7888 63.95 14.0666
      vertex -46.0426 67.85 13.1574
      vertex -46.7888 67.85 14.0666
    endloop
  endfacet
  facet normal 0.772994 0 0.634413
    outer loop
      vertex -46.0426 67.85 13.1574
      vertex -46.7888 63.95 14.0666
      vertex -46.0426 63.95 13.1574
    endloop
  endfacet
  facet normal 0.995183 -0 0.0980305
    outer loop
      vertex -47.8 63.95 17.4
      vertex -47.6847 67.85 16.2295
      vertex -47.8 67.85 17.4
    endloop
  endfacet
  facet normal 0.995183 0 0.0980305
    outer loop
      vertex -47.6847 67.85 16.2295
      vertex -47.8 63.95 17.4
      vertex -47.6847 63.95 16.2295
    endloop
  endfacet
  facet normal 0.956951 -0 0.290248
    outer loop
      vertex -47.6847 63.95 16.2295
      vertex -47.3433 67.85 15.1039
      vertex -47.6847 67.85 16.2295
    endloop
  endfacet
  facet normal 0.956951 0 0.290248
    outer loop
      vertex -47.3433 67.85 15.1039
      vertex -47.6847 63.95 16.2295
      vertex -47.3433 63.95 15.1039
    endloop
  endfacet
  facet normal -0.471431 0 -0.881903
    outer loop
      vertex -39.5039 63.95 22.9433
      vertex -38.4666 67.85 22.3888
      vertex -38.4666 63.95 22.3888
    endloop
  endfacet
  facet normal -0.471431 0 -0.881903
    outer loop
      vertex -38.4666 67.85 22.3888
      vertex -39.5039 63.95 22.9433
      vertex -39.5039 67.85 22.9433
    endloop
  endfacet
  facet normal 0.471431 0 -0.881903
    outer loop
      vertex -45.1334 63.95 22.3888
      vertex -44.0961 67.85 22.9433
      vertex -44.0961 63.95 22.9433
    endloop
  endfacet
  facet normal 0.471431 0 -0.881903
    outer loop
      vertex -44.0961 67.85 22.9433
      vertex -45.1334 63.95 22.3888
      vertex -45.1334 67.85 22.3888
    endloop
  endfacet
  facet normal -0.956951 0 -0.290248
    outer loop
      vertex -35.9153 63.95 18.5705
      vertex -36.2567 67.85 19.6961
      vertex -35.9153 67.85 18.5705
    endloop
  endfacet
  facet normal -0.956951 -0 -0.290248
    outer loop
      vertex -36.2567 67.85 19.6961
      vertex -35.9153 63.95 18.5705
      vertex -36.2567 63.95 19.6961
    endloop
  endfacet
  facet normal 0.0980305 0 0.995183
    outer loop
      vertex -42.9705 67.85 11.5153
      vertex -41.8 63.95 11.4
      vertex -41.8 67.85 11.4
    endloop
  endfacet
  facet normal 0.0980305 0 0.995183
    outer loop
      vertex -41.8 63.95 11.4
      vertex -42.9705 67.85 11.5153
      vertex -42.9705 63.95 11.5153
    endloop
  endfacet
  facet normal -0.881903 0 -0.471431
    outer loop
      vertex -36.2567 63.95 19.6961
      vertex -36.8112 67.85 20.7334
      vertex -36.2567 67.85 19.6961
    endloop
  endfacet
  facet normal -0.881903 -0 -0.471431
    outer loop
      vertex -36.8112 67.85 20.7334
      vertex -36.2567 63.95 19.6961
      vertex -36.8112 63.95 20.7334
    endloop
  endfacet
  facet normal -0.956951 0 0.290248
    outer loop
      vertex -36.2567 63.95 15.1039
      vertex -35.9153 67.85 16.2295
      vertex -36.2567 67.85 15.1039
    endloop
  endfacet
  facet normal -0.956951 0 0.290248
    outer loop
      vertex -35.9153 67.85 16.2295
      vertex -36.2567 63.95 15.1039
      vertex -35.9153 63.95 16.2295
    endloop
  endfacet
  facet normal -0.995183 0 0.0980305
    outer loop
      vertex -35.9153 63.95 16.2295
      vertex -35.8 67.85 17.4
      vertex -35.9153 67.85 16.2295
    endloop
  endfacet
  facet normal -0.995183 0 0.0980305
    outer loop
      vertex -35.8 67.85 17.4
      vertex -35.9153 63.95 16.2295
      vertex -35.8 63.95 17.4
    endloop
  endfacet
  facet normal -0.772994 0 0.634413
    outer loop
      vertex -37.5574 63.95 13.1574
      vertex -36.8112 67.85 14.0666
      vertex -37.5574 67.85 13.1574
    endloop
  endfacet
  facet normal -0.772994 0 0.634413
    outer loop
      vertex -36.8112 67.85 14.0666
      vertex -37.5574 63.95 13.1574
      vertex -36.8112 63.95 14.0666
    endloop
  endfacet
  facet normal -0.471431 0 0.881903
    outer loop
      vertex -39.5039 67.85 11.8567
      vertex -38.4666 63.95 12.4112
      vertex -38.4666 67.85 12.4112
    endloop
  endfacet
  facet normal -0.471431 0 0.881903
    outer loop
      vertex -38.4666 63.95 12.4112
      vertex -39.5039 67.85 11.8567
      vertex -39.5039 63.95 11.8567
    endloop
  endfacet
  facet normal -0.995183 0 -0.0980305
    outer loop
      vertex -35.8 63.95 17.4
      vertex -35.9153 67.85 18.5705
      vertex -35.8 67.85 17.4
    endloop
  endfacet
  facet normal -0.995183 -0 -0.0980305
    outer loop
      vertex -35.9153 67.85 18.5705
      vertex -35.8 63.95 17.4
      vertex -35.9153 63.95 18.5705
    endloop
  endfacet
  facet normal -0.0980305 0 0.995183
    outer loop
      vertex -41.8 67.85 11.4
      vertex -40.6295 63.95 11.5153
      vertex -40.6295 67.85 11.5153
    endloop
  endfacet
  facet normal -0.0980305 0 0.995183
    outer loop
      vertex -40.6295 63.95 11.5153
      vertex -41.8 67.85 11.4
      vertex -41.8 63.95 11.4
    endloop
  endfacet
  facet normal -0.290248 0 0.956951
    outer loop
      vertex -40.6295 67.85 11.5153
      vertex -39.5039 63.95 11.8567
      vertex -39.5039 67.85 11.8567
    endloop
  endfacet
  facet normal -0.290248 0 0.956951
    outer loop
      vertex -39.5039 63.95 11.8567
      vertex -40.6295 67.85 11.5153
      vertex -40.6295 63.95 11.5153
    endloop
  endfacet
  facet normal 0.204907 -0.711976 0.671643
    outer loop
      vertex -59.6148 42.5956 4.34376
      vertex -50.8696 63.95 24.3125
      vertex -59.6564 42.6059 4.36737
    endloop
  endfacet
  facet normal 0.203752 -0.711903 0.672071
    outer loop
      vertex -50.8696 63.95 24.3125
      vertex -59.6148 42.5956 4.34376
      vertex -50.5038 63.95 24.2016
    endloop
  endfacet
  facet normal 0.0689147 -0.696146 0.714585
    outer loop
      vertex -51.25 63.95 24.35
      vertex -59.8299 42.6693 4.44587
      vertex -59.6982 42.6212 4.38631
    endloop
  endfacet
  facet normal 0.0685641 -0.696088 0.714675
    outer loop
      vertex -59.8299 42.6693 4.44587
      vertex -51.25 63.95 24.35
      vertex -59.9833 42.7034 4.4938
    endloop
  endfacet
  facet normal -0.948378 0.129565 0.289469
    outer loop
      vertex -62.891 42.6538 2.18498
      vertex -53.1625 67.85 22.7804
      vertex -62.8926 42.6588 2.1775
    endloop
  endfacet
  facet normal -0.948714 0.131204 0.287623
    outer loop
      vertex -53.1625 67.85 22.7804
      vertex -62.891 42.6538 2.18498
      vertex -53.0516 67.85 23.1462
    endloop
  endfacet
  facet normal 0.878166 -0.469185 0.0932193
    outer loop
      vertex -59.0598 41.7779 2.77348
      vertex -59.0411 41.7502 2.4579
      vertex -49.3375 63.95 22.7804
    endloop
  endfacet
  facet normal -0.904626 0 0.426206
    outer loop
      vertex -62.8245 42.5515 2.40315
      vertex -53.0516 63.95 23.1462
      vertex -53.0516 67.85 23.1462
    endloop
  endfacet
  facet normal -0.904537 -0.00022277 0.426394
    outer loop
      vertex -53.0516 63.95 23.1462
      vertex -62.8245 42.5515 2.40315
      vertex -62.7581 42.5352 2.544
    endloop
  endfacet
  facet normal 0.215785 -0.712722 0.667431
    outer loop
      vertex -59.5994 42.5919 4.33483
      vertex -50.5038 63.95 24.2016
      vertex -59.6148 42.5956 4.34376
    endloop
  endfacet
  facet normal 0.216009 -0.712736 0.667344
    outer loop
      vertex -59.4366 42.5223 4.2078
      vertex -50.5038 63.95 24.2016
      vertex -59.5994 42.5919 4.33483
    endloop
  endfacet
  facet normal 0.216178 -0.712746 0.667278
    outer loop
      vertex -59.4095 42.5107 4.18663
      vertex -50.5038 63.95 24.2016
      vertex -59.4366 42.5223 4.2078
    endloop
  endfacet
  facet normal 0.216048 -0.712739 0.667328
    outer loop
      vertex -59.3889 42.4957 4.16394
      vertex -50.5038 63.95 24.2016
      vertex -59.4095 42.5107 4.18663
    endloop
  endfacet
  facet normal 0.216352 -0.712755 0.667212
    outer loop
      vertex -50.5038 63.95 24.2016
      vertex -59.3889 42.4957 4.16394
      vertex -59.3792 42.4886 4.15321
    endloop
  endfacet
  facet normal -0.424586 -0.517037 0.743236
    outer loop
      vertex -52.3334 63.95 24.0214
      vertex -61.2488 42.9448 4.31593
      vertex -61.0954 42.92 4.38631
    endloop
  endfacet
  facet normal -0.42429 -0.517208 0.743285
    outer loop
      vertex -61.2488 42.9448 4.31593
      vertex -52.3334 63.95 24.0214
      vertex -61.4321 42.9488 4.21408
    endloop
  endfacet
  facet normal 0.881198 -0.464697 0.0868689
    outer loop
      vertex -59.0411 41.7502 2.4579
      vertex -49.3 63.95 22.4
      vertex -49.3375 63.95 22.7804
    endloop
  endfacet
  facet normal 0.879396 -0.467368 0.0907225
    outer loop
      vertex -49.3 63.95 22.4
      vertex -59.0411 41.7502 2.4579
      vertex -59.04 41.7487 2.43951
    endloop
  endfacet
  facet normal -0.956945 0.252451 0.143262
    outer loop
      vertex -56.7915 64.468 4.5
      vertex -54.1362 66.2779 19.0472
      vertex -56.3779 66.0358 4.5
    endloop
  endfacet
  facet normal -0.956949 0.252437 0.143265
    outer loop
      vertex -57.6282 62.0785 3.12156
      vertex -54.1362 66.2779 19.0472
      vertex -56.7915 64.468 4.5
    endloop
  endfacet
  facet normal -0.956938 0.252487 0.143249
    outer loop
      vertex -58.497 59.7057 1.5
      vertex -54.1362 66.2779 19.0472
      vertex -57.6282 62.0785 3.12156
    endloop
  endfacet
  facet normal -0.956946 0.252446 0.143267
    outer loop
      vertex -62.6695 43.889 1.5
      vertex -54.1362 66.2779 19.0472
      vertex -58.497 59.7057 1.5
    endloop
  endfacet
  facet normal -0.956946 0.252445 0.143267
    outer loop
      vertex -62.8926 42.6588 2.1775
      vertex -54.1362 66.2779 19.0472
      vertex -62.6695 43.889 1.5
    endloop
  endfacet
  facet normal -0.956982 0.25172 0.144301
    outer loop
      vertex -54.1362 66.2779 19.0472
      vertex -62.8926 42.6588 2.1775
      vertex -54.1202 66.2896 19.1329
    endloop
  endfacet
  facet normal -0.956945 0.252454 0.143259
    outer loop
      vertex -54.1202 66.2896 19.1329
      vertex -62.8926 42.6588 2.1775
      vertex -53.1625 67.85 22.7804
    endloop
  endfacet
  facet normal -0.229435 -0.612076 0.756785
    outer loop
      vertex -51.9962 63.95 24.2016
      vertex -60.6702 42.8589 4.51374
      vertex -51.6304 63.95 24.3125
    endloop
  endfacet
  facet normal -0.214361 -0.617947 0.756433
    outer loop
      vertex -51.9962 63.95 24.2016
      vertex -60.6712 42.8591 4.51362
      vertex -60.6702 42.8589 4.51374
    endloop
  endfacet
  facet normal -0.230564 -0.611628 0.756803
    outer loop
      vertex -51.9962 63.95 24.2016
      vertex -60.709 42.8635 4.50566
      vertex -60.6712 42.8591 4.51362
    endloop
  endfacet
  facet normal -0.224834 -0.613893 0.756693
    outer loop
      vertex -60.709 42.8635 4.50566
      vertex -51.9962 63.95 24.2016
      vertex -60.7163 42.8643 4.50414
    endloop
  endfacet
  facet normal -0.577763 -0.412942 0.704037
    outer loop
      vertex -52.6289 63.95 23.7789
      vertex -61.7659 42.9403 3.95778
      vertex -52.3334 63.95 24.0214
    endloop
  endfacet
  facet normal -0.578232 -0.412577 0.703867
    outer loop
      vertex -61.7659 42.9403 3.95778
      vertex -52.6289 63.95 23.7789
      vertex -61.8023 42.9307 3.92225
    endloop
  endfacet
  facet normal -0.0732999 -0.664646 0.743554
    outer loop
      vertex -51.6304 63.95 24.3125
      vertex -60.2945 42.7813 4.53617
      vertex -51.25 63.95 24.35
    endloop
  endfacet
  facet normal -0.0727835 -0.664787 0.743479
    outer loop
      vertex -60.2945 42.7813 4.53617
      vertex -51.6304 63.95 24.3125
      vertex -60.341 42.7912 4.54047
    endloop
  endfacet
  facet normal 0.734846 -0.603264 0.309956
    outer loop
      vertex -59.0975 41.9492 3.20243
      vertex -59.0622 41.7876 2.80422
      vertex -49.4484 63.95 23.1462
    endloop
  endfacet
  facet normal 0.569681 -0.675946 0.467505
    outer loop
      vertex -59.1077 42.0039 3.30329
      vertex -49.6286 63.95 23.4834
      vertex -49.8711 63.95 23.7789
    endloop
  endfacet
  facet normal 0.569597 -0.67597 0.467572
    outer loop
      vertex -49.6286 63.95 23.4834
      vertex -59.1077 42.0039 3.30329
      vertex -59.102 41.9716 3.24965
    endloop
  endfacet
  facet normal -0.065682 -0.666778 0.742357
    outer loop
      vertex -51.25 63.95 24.35
      vertex -60.0922 42.7392 4.51632
      vertex -59.9833 42.7034 4.4938
    endloop
  endfacet
  facet normal -0.0659038 -0.666717 0.742391
    outer loop
      vertex -60.0922 42.7392 4.51632
      vertex -51.25 63.95 24.35
      vertex -60.2945 42.7813 4.53617
    endloop
  endfacet
  facet normal 0.896551 -0.439887 0.0519257
    outer loop
      vertex -49.3 63.95 22.4
      vertex -49.1559 63.8262 18.8632
      vertex -49.1049 63.95 19.0314
    endloop
  endfacet
  facet normal 0.896544 -0.439901 0.051926
    outer loop
      vertex -49.3 63.95 22.4
      vertex -49.3 63.3598 17.4
      vertex -49.1559 63.8262 18.8632
    endloop
  endfacet
  facet normal 0.896495 -0.439999 0.0519375
    outer loop
      vertex -59.04 41.7487 2.43951
      vertex -49.3 63.3598 17.4
      vertex -49.3 63.95 22.4
    endloop
  endfacet
  facet normal 0.896491 -0.440007 0.0519407
    outer loop
      vertex -49.3 63.3598 17.4
      vertex -51.4252 57.285 2.61899
      vertex -50.0136 60.3831 4.5
    endloop
  endfacet
  facet normal 0.896495 -0.439999 0.0519364
    outer loop
      vertex -49.3 63.3598 17.4
      vertex -59.04 41.7487 2.43951
      vertex -51.4252 57.285 2.61899
    endloop
  endfacet
  facet normal 0.896498 -0.44 0.0518735
    outer loop
      vertex -51.4252 57.285 2.61899
      vertex -59.04 41.7487 2.43951
      vertex -52.1313 55.7144 1.5
    endloop
  endfacet
  facet normal 0.896497 -0.439993 0.0519585
    outer loop
      vertex -52.1313 55.7144 1.5
      vertex -59.04 41.7487 2.43951
      vertex -58.9908 41.738 1.5
    endloop
  endfacet
  facet normal 0.896494 -0.44 0.0519394
    outer loop
      vertex -50.0136 60.3831 4.5
      vertex -48.8712 63.95 14.9984
      vertex -49.1559 63.4807 15.9368
    endloop
  endfacet
  facet normal 0.896501 -0.439986 0.0519352
    outer loop
      vertex -50.0136 60.3831 4.5
      vertex -49.1559 63.4807 15.9368
      vertex -49.3 63.3598 17.4
    endloop
  endfacet
  facet normal 0.896498 -0.439993 0.0519365
    outer loop
      vertex -48.8712 63.95 14.9984
      vertex -50.0136 60.3831 4.5
      vertex -48.263 63.95 4.5
    endloop
  endfacet
  facet normal 0.558167 -0.679364 0.476356
    outer loop
      vertex -59.1443 42.2128 3.64378
      vertex -49.8711 63.95 23.7789
      vertex -59.1653 42.2798 3.76394
    endloop
  endfacet
  facet normal 0.557522 -0.679547 0.47685
    outer loop
      vertex -49.8711 63.95 23.7789
      vertex -59.1443 42.2128 3.64378
      vertex -59.1077 42.0039 3.30329
    endloop
  endfacet
  facet normal 0.0704071 -0.696382 0.714209
    outer loop
      vertex -51.25 63.95 24.35
      vertex -59.6564 42.6059 4.36737
      vertex -50.8696 63.95 24.3125
    endloop
  endfacet
  facet normal 0.0689672 -0.696154 0.714572
    outer loop
      vertex -59.6564 42.6059 4.36737
      vertex -51.25 63.95 24.35
      vertex -59.6982 42.6212 4.38631
    endloop
  endfacet
  facet normal -0.7482 -0.251384 0.614005
    outer loop
      vertex -52.8714 63.95 23.4834
      vertex -62.1838 42.7409 3.45234
      vertex -52.6289 63.95 23.7789
    endloop
  endfacet
  facet normal -0.748522 -0.251016 0.613764
    outer loop
      vertex -62.1838 42.7409 3.45234
      vertex -52.8714 63.95 23.4834
      vertex -62.2114 42.7264 3.41275
    endloop
  endfacet
  facet normal -0.653538 -0.349173 0.67154
    outer loop
      vertex -52.6289 63.95 23.7789
      vertex -61.8971 42.9146 3.82162
      vertex -61.8023 42.9307 3.92225
    endloop
  endfacet
  facet normal -0.651873 -0.350691 0.672367
    outer loop
      vertex -52.6289 63.95 23.7789
      vertex -61.9206 42.9106 3.79675
      vertex -61.8971 42.9146 3.82162
    endloop
  endfacet
  facet normal -0.655041 -0.347795 0.67079
    outer loop
      vertex -52.6289 63.95 23.7789
      vertex -61.9377 42.8997 3.7744
      vertex -61.9206 42.9106 3.79675
    endloop
  endfacet
  facet normal -0.653377 -0.349319 0.671621
    outer loop
      vertex -52.6289 63.95 23.7789
      vertex -62.0556 42.825 3.62085
      vertex -61.9377 42.8997 3.7744
    endloop
  endfacet
  facet normal -0.653631 -0.349086 0.671495
    outer loop
      vertex -62.0556 42.825 3.62085
      vertex -52.6289 63.95 23.7789
      vertex -62.1838 42.7409 3.45234
    endloop
  endfacet
  facet normal -0.539134 -0.442369 0.71669
    outer loop
      vertex -52.3334 63.95 24.0214
      vertex -61.5087 42.9594 4.163
      vertex -61.4321 42.9488 4.21408
    endloop
  endfacet
  facet normal -0.539193 -0.442326 0.716672
    outer loop
      vertex -52.3334 63.95 24.0214
      vertex -61.7356 42.9495 3.98618
      vertex -61.5087 42.9594 4.163
    endloop
  endfacet
  facet normal -0.537524 -0.443549 0.71717
    outer loop
      vertex -61.7356 42.9495 3.98618
      vertex -52.3334 63.95 24.0214
      vertex -61.7659 42.9403 3.95778
    endloop
  endfacet
  facet normal -0.939514 0.09255 0.329768
    outer loop
      vertex -62.891 42.6538 2.18498
      vertex -62.8245 42.5515 2.40315
      vertex -53.0516 67.85 23.1462
    endloop
  endfacet
  facet normal -0.881962 0 0.471321
    outer loop
      vertex -53.0516 63.95 23.1462
      vertex -52.8714 67.85 23.4834
      vertex -53.0516 67.85 23.1462
    endloop
  endfacet
  facet normal -0.881962 0 0.471321
    outer loop
      vertex -52.8714 67.85 23.4834
      vertex -53.0516 63.95 23.1462
      vertex -52.8714 63.95 23.4834
    endloop
  endfacet
  facet normal -0.30885 -0.577928 0.755388
    outer loop
      vertex -51.9962 63.95 24.2016
      vertex -60.9659 42.9089 4.43621
      vertex -60.7163 42.8643 4.50414
    endloop
  endfacet
  facet normal -0.309271 -0.577729 0.755367
    outer loop
      vertex -60.9659 42.9089 4.43621
      vertex -51.9962 63.95 24.2016
      vertex -61.0546 42.9144 4.4041
    endloop
  endfacet
  facet normal 0.790832 -0.563118 0.239757
    outer loop
      vertex -59.0622 41.7876 2.80422
      vertex -49.3375 63.95 22.7804
      vertex -49.4484 63.95 23.1462
    endloop
  endfacet
  facet normal 0.791098 -0.562901 0.239388
    outer loop
      vertex -49.3375 63.95 22.7804
      vertex -59.0622 41.7876 2.80422
      vertex -59.0598 41.7779 2.77348
    endloop
  endfacet
  facet normal 0.45171 -0.702126 0.550434
    outer loop
      vertex -59.1776 42.3225 3.82846
      vertex -49.8711 63.95 23.7789
      vertex -50.1666 63.95 24.0214
    endloop
  endfacet
  facet normal 0.451219 -0.7022 0.550743
    outer loop
      vertex -49.8711 63.95 23.7789
      vertex -59.1776 42.3225 3.82846
      vertex -59.1653 42.2798 3.76394
    endloop
  endfacet
  facet normal 0.379888 -0.710893 0.591875
    outer loop
      vertex -59.2673 42.4258 4.01013
      vertex -50.1666 63.95 24.0214
      vertex -59.3479 42.4697 4.11459
    endloop
  endfacet
  facet normal 0.380008 -0.710883 0.591809
    outer loop
      vertex -59.1912 42.3384 3.85628
      vertex -50.1666 63.95 24.0214
      vertex -59.2673 42.4258 4.01013
    endloop
  endfacet
  facet normal 0.379189 -0.710953 0.592251
    outer loop
      vertex -59.1777 42.3229 3.82903
      vertex -50.1666 63.95 24.0214
      vertex -59.1912 42.3384 3.85628
    endloop
  endfacet
  facet normal 0.419775 -0.706677 0.569558
    outer loop
      vertex -50.1666 63.95 24.0214
      vertex -59.1777 42.3229 3.82903
      vertex -59.1776 42.3225 3.82846
    endloop
  endfacet
  facet normal -0.773024 0 0.634377
    outer loop
      vertex -52.8714 63.95 23.4834
      vertex -52.6289 67.85 23.7789
      vertex -52.8714 67.85 23.4834
    endloop
  endfacet
  facet normal -0.773024 0 0.634377
    outer loop
      vertex -52.6289 67.85 23.7789
      vertex -52.8714 63.95 23.4834
      vertex -52.6289 63.95 23.7789
    endloop
  endfacet
  facet normal -0.189493 -0.627612 0.755113
    outer loop
      vertex -51.6304 63.95 24.3125
      vertex -60.3762 42.8019 4.54053
      vertex -60.341 42.7912 4.54047
    endloop
  endfacet
  facet normal -0.190411 -0.627277 0.755161
    outer loop
      vertex -51.6304 63.95 24.3125
      vertex -60.6331 42.8517 4.51712
      vertex -60.3762 42.8019 4.54053
    endloop
  endfacet
  facet normal -0.190527 -0.627234 0.755167
    outer loop
      vertex -60.6331 42.8517 4.51712
      vertex -51.6304 63.95 24.3125
      vertex -60.6702 42.8589 4.51374
    endloop
  endfacet
  facet normal -0.634377 0 0.773024
    outer loop
      vertex -52.6289 67.85 23.7789
      vertex -52.3334 63.95 24.0214
      vertex -52.3334 67.85 24.0214
    endloop
  endfacet
  facet normal -0.634377 0 0.773024
    outer loop
      vertex -52.3334 63.95 24.0214
      vertex -52.6289 67.85 23.7789
      vertex -52.6289 63.95 23.7789
    endloop
  endfacet
  facet normal -0.764689 -0.232005 0.601185
    outer loop
      vertex -62.5358 42.5669 2.93857
      vertex -62.2114 42.7264 3.41275
      vertex -52.8714 63.95 23.4834
    endloop
  endfacet
  facet normal -0.864526 -0.0851667 0.495319
    outer loop
      vertex -62.7493 42.5355 2.56053
      vertex -62.5358 42.5669 2.93857
      vertex -52.8714 63.95 23.4834
    endloop
  endfacet
  facet normal 0.68398 -0.631322 0.365519
    outer loop
      vertex -59.102 41.9716 3.24965
      vertex -49.4484 63.95 23.1462
      vertex -49.6286 63.95 23.4834
    endloop
  endfacet
  facet normal 0.684939 -0.630851 0.364534
    outer loop
      vertex -49.4484 63.95 23.1462
      vertex -59.102 41.9716 3.24965
      vertex -59.0975 41.9492 3.20243
    endloop
  endfacet
  facet normal 0.330155 -0.713664 0.617804
    outer loop
      vertex -59.3792 42.4886 4.15321
      vertex -50.1666 63.95 24.0214
      vertex -50.5038 63.95 24.2016
    endloop
  endfacet
  facet normal 0.330906 -0.71364 0.61743
    outer loop
      vertex -50.1666 63.95 24.0214
      vertex -59.3792 42.4886 4.15321
      vertex -59.3479 42.4697 4.11459
    endloop
  endfacet
  facet normal -0.399304 -0.531272 0.747199
    outer loop
      vertex -52.3334 63.95 24.0214
      vertex -61.0546 42.9144 4.4041
      vertex -51.9962 63.95 24.2016
    endloop
  endfacet
  facet normal -0.398791 -0.531553 0.747273
    outer loop
      vertex -61.0546 42.9144 4.4041
      vertex -52.3334 63.95 24.0214
      vertex -61.0954 42.92 4.38631
    endloop
  endfacet
  facet normal -0.880694 -0.0535996 0.470644
    outer loop
      vertex -53.0516 63.95 23.1462
      vertex -62.7493 42.5355 2.56053
      vertex -52.8714 63.95 23.4834
    endloop
  endfacet
  facet normal -0.881077 -0.0528204 0.470014
    outer loop
      vertex -62.7493 42.5355 2.56053
      vertex -53.0516 63.95 23.1462
      vertex -62.7581 42.5352 2.544
    endloop
  endfacet
  facet normal 0.190289 -0.627322 0.755154
    outer loop
      vertex -31.9696 63.95 24.3125
      vertex -23.793 44.0882 5.75249
      vertex -23.5167 44.2283 5.79925
    endloop
  endfacet
  facet normal 0.0658214 -0.666741 0.742377
    outer loop
      vertex -24.0388 44.0087 5.70351
      vertex -32.35 63.95 24.35
      vertex -24.1377 43.9709 5.67833
    endloop
  endfacet
  facet normal 0.0654773 -0.666834 0.742324
    outer loop
      vertex -24.0048 44.0211 5.71165
      vertex -32.35 63.95 24.35
      vertex -24.0388 44.0087 5.70351
    endloop
  endfacet
  facet normal 0.0656722 -0.666781 0.742354
    outer loop
      vertex -32.35 63.95 24.35
      vertex -24.0048 44.0211 5.71165
      vertex -23.8553 44.068 5.74055
    endloop
  endfacet
  facet normal -0.880984 -0.465017 0.0873321
    outer loop
      vertex -25.8312 44.6609 5.12251
      vertex -34.3 63.95 22.4
      vertex -25.8639 44.7208 5.11159
    endloop
  endfacet
  facet normal -0.881199 -0.464696 0.086869
    outer loop
      vertex -34.3 63.95 22.4
      vertex -25.8312 44.6609 5.12251
      vertex -34.2625 63.95 22.7804
    endloop
  endfacet
  facet normal 0.948714 0.131203 0.287623
    outer loop
      vertex -30.5484 67.85 23.1462
      vertex -22.3528 46.9186 5.66141
      vertex -30.4375 67.85 22.7804
    endloop
  endfacet
  facet normal 0.94869 0.131077 0.287762
    outer loop
      vertex -22.3528 46.9186 5.66141
      vertex -30.5484 67.85 23.1462
      vertex -22.3465 46.8469 5.6733
    endloop
  endfacet
  facet normal 0.880694 -0.0536 0.470644
    outer loop
      vertex -22.3863 45.8645 5.81314
      vertex -30.5484 63.95 23.1462
      vertex -30.7286 63.95 23.4834
    endloop
  endfacet
  facet normal 0.880722 -0.0535434 0.470598
    outer loop
      vertex -30.5484 63.95 23.1462
      vertex -22.3863 45.8645 5.81314
      vertex -22.3785 45.9253 5.80546
    endloop
  endfacet
  facet normal -0.735154 -0.603072 0.3096
    outer loop
      vertex -25.5068 44.2255 5.25202
      vertex -34.1516 63.95 23.1462
      vertex -25.66 44.3747 5.17887
    endloop
  endfacet
  facet normal -0.734992 -0.603173 0.30979
    outer loop
      vertex -34.1516 63.95 23.1462
      vertex -25.5068 44.2255 5.25202
      vertex -25.4964 44.2152 5.25664
    endloop
  endfacet
  facet normal 0.881962 -0 0.471321
    outer loop
      vertex -30.7286 63.95 23.4834
      vertex -30.5484 67.85 23.1462
      vertex -30.7286 67.85 23.4834
    endloop
  endfacet
  facet normal 0.881962 0 0.471321
    outer loop
      vertex -30.5484 67.85 23.1462
      vertex -30.7286 63.95 23.4834
      vertex -30.5484 63.95 23.1462
    endloop
  endfacet
  facet normal 0.904625 -0 0.426208
    outer loop
      vertex -30.5484 63.95 23.1462
      vertex -22.3353 46.5893 5.7139
      vertex -30.5484 67.85 23.1462
    endloop
  endfacet
  facet normal 0.904569 -0.000146037 0.426327
    outer loop
      vertex -30.5484 63.95 23.1462
      vertex -22.3577 46.2455 5.76131
      vertex -22.3353 46.5893 5.7139
    endloop
  endfacet
  facet normal 0.904627 1.95124e-06 0.426203
    outer loop
      vertex -22.3577 46.2455 5.76131
      vertex -30.5484 63.95 23.1462
      vertex -22.3785 45.9253 5.80546
    endloop
  endfacet
  facet normal -0.203752 -0.711903 0.672071
    outer loop
      vertex -24.546 43.9101 5.56614
      vertex -32.7304 63.95 24.3125
      vertex -33.0962 63.95 24.2016
    endloop
  endfacet
  facet normal -0.203885 -0.711911 0.672022
    outer loop
      vertex -32.7304 63.95 24.3125
      vertex -24.546 43.9101 5.56614
      vertex -24.4801 43.9092 5.58518
    endloop
  endfacet
  facet normal 0.864508 -0.085201 0.495346
    outer loop
      vertex -30.7286 63.95 23.4834
      vertex -22.4317 45.5925 5.84559
      vertex -22.3863 45.8645 5.81314
    endloop
  endfacet
  facet normal -0.790781 -0.56316 0.239827
    outer loop
      vertex -25.66 44.3747 5.17887
      vertex -34.2625 63.95 22.7804
      vertex -25.7007 44.4245 5.16161
    endloop
  endfacet
  facet normal -0.790831 -0.563119 0.239757
    outer loop
      vertex -34.2625 63.95 22.7804
      vertex -25.66 44.3747 5.17887
      vertex -34.1516 63.95 23.1462
    endloop
  endfacet
  facet normal 0.39819 -0.531883 0.747359
    outer loop
      vertex -31.2666 63.95 24.0214
      vertex -23.1778 44.4698 5.84798
      vertex -23.1579 44.488 5.85033
    endloop
  endfacet
  facet normal 0.399287 -0.531281 0.747202
    outer loop
      vertex -31.2666 63.95 24.0214
      vertex -23.2046 44.4452 5.84481
      vertex -23.1778 44.4698 5.84798
    endloop
  endfacet
  facet normal 0.399304 -0.531272 0.747199
    outer loop
      vertex -23.2046 44.4452 5.84481
      vertex -31.2666 63.95 24.0214
      vertex -31.6038 63.95 24.2016
    endloop
  endfacet
  facet normal -0.451709 -0.702127 0.550433
    outer loop
      vertex -33.7289 63.95 23.7789
      vertex -25.1206 43.9983 5.39308
      vertex -33.4334 63.95 24.0214
    endloop
  endfacet
  facet normal -0.451614 -0.702141 0.550493
    outer loop
      vertex -25.1206 43.9983 5.39308
      vertex -33.7289 63.95 23.7789
      vertex -25.182 44.0223 5.37332
    endloop
  endfacet
  facet normal -0.896482 -0.440027 0.0519351
    outer loop
      vertex -34.8867 63.0326 4.5
      vertex -34.7288 63.95 14.9984
      vertex -35.3552 63.95 4.18574
    endloop
  endfacet
  facet normal -0.896495 -0.439999 0.0519328
    outer loop
      vertex -27.2005 47.372 4.5
      vertex -34.7288 63.95 14.9984
      vertex -34.8867 63.0326 4.5
    endloop
  endfacet
  facet normal -0.896494 -0.440002 0.0519385
    outer loop
      vertex -34.7288 63.95 14.9984
      vertex -27.2005 47.372 4.5
      vertex -34.4441 63.4807 15.9368
    endloop
  endfacet
  facet normal -0.896551 -0.439887 0.0519257
    outer loop
      vertex -34.4441 63.8262 18.8632
      vertex -34.3 63.95 22.4
      vertex -34.4951 63.95 19.0314
    endloop
  endfacet
  facet normal -0.896544 -0.439901 0.051926
    outer loop
      vertex -34.3 63.3598 17.4
      vertex -34.3 63.95 22.4
      vertex -34.4441 63.8262 18.8632
    endloop
  endfacet
  facet normal -0.896495 -0.439999 0.0519335
    outer loop
      vertex -34.4441 63.4807 15.9368
      vertex -27.2005 47.372 4.5
      vertex -34.3 63.3598 17.4
    endloop
  endfacet
  facet normal -0.896496 -0.439998 0.0519331
    outer loop
      vertex -25.9286 44.8497 5.08623
      vertex -34.3 63.3598 17.4
      vertex -27.2005 47.372 4.5
    endloop
  endfacet
  facet normal -0.896525 -0.43995 0.05184
    outer loop
      vertex -25.9106 44.8139 5.0937
      vertex -34.3 63.3598 17.4
      vertex -25.9286 44.8497 5.08623
    endloop
  endfacet
  facet normal -0.896612 -0.439805 0.0515622
    outer loop
      vertex -25.8682 44.7294 5.11024
      vertex -34.3 63.3598 17.4
      vertex -25.9106 44.8139 5.0937
    endloop
  endfacet
  facet normal -0.896459 -0.440059 0.0520518
    outer loop
      vertex -25.8639 44.7208 5.11159
      vertex -34.3 63.3598 17.4
      vertex -25.8682 44.7294 5.11024
    endloop
  endfacet
  facet normal -0.896495 -0.439999 0.0519375
    outer loop
      vertex -34.3 63.3598 17.4
      vertex -25.8639 44.7208 5.11159
      vertex -34.3 63.95 22.4
    endloop
  endfacet
  facet normal 0.308939 -0.577887 0.755383
    outer loop
      vertex -31.6038 63.95 24.2016
      vertex -23.461 44.2603 5.80822
      vertex -23.2046 44.4452 5.84481
    endloop
  endfacet
  facet normal 0.773024 -0 0.634377
    outer loop
      vertex -30.9711 63.95 23.7789
      vertex -30.7286 67.85 23.4834
      vertex -30.9711 67.85 23.7789
    endloop
  endfacet
  facet normal 0.773024 0 0.634377
    outer loop
      vertex -30.7286 67.85 23.4834
      vertex -30.9711 63.95 23.7789
      vertex -30.7286 63.95 23.4834
    endloop
  endfacet
  facet normal 0.634377 0 0.773024
    outer loop
      vertex -31.2666 67.85 24.0214
      vertex -30.9711 63.95 23.7789
      vertex -30.9711 67.85 23.7789
    endloop
  endfacet
  facet normal 0.634377 0 0.773024
    outer loop
      vertex -30.9711 63.95 23.7789
      vertex -31.2666 67.85 24.0214
      vertex -31.2666 63.95 24.0214
    endloop
  endfacet
  facet normal 0.577763 -0.412942 0.704037
    outer loop
      vertex -31.2666 63.95 24.0214
      vertex -22.7038 45.0069 5.88362
      vertex -30.9711 63.95 23.7789
    endloop
  endfacet
  facet normal 0.57733 -0.413286 0.704191
    outer loop
      vertex -22.7038 45.0069 5.88362
      vertex -31.2666 63.95 24.0214
      vertex -22.7399 44.9578 5.8844
    endloop
  endfacet
  facet normal 0.229705 -0.611968 0.756789
    outer loop
      vertex -31.6038 63.95 24.2016
      vertex -23.5167 44.2283 5.79925
      vertex -23.461 44.2603 5.80822
    endloop
  endfacet
  facet normal 0.229435 -0.612075 0.756785
    outer loop
      vertex -23.5167 44.2283 5.79925
      vertex -31.6038 63.95 24.2016
      vertex -31.9696 63.95 24.3125
    endloop
  endfacet
  facet normal -0.216081 -0.712741 0.667315
    outer loop
      vertex -33.0962 63.95 24.2016
      vertex -24.8121 43.9184 5.48884
      vertex -24.546 43.9101 5.56614
    endloop
  endfacet
  facet normal -0.557814 -0.679464 0.476626
    outer loop
      vertex -33.7289 63.95 23.7789
      vertex -25.3812 44.1385 5.30584
      vertex -25.182 44.0223 5.37332
    endloop
  endfacet
  facet normal -0.555035 -0.680258 0.478733
    outer loop
      vertex -25.3812 44.1385 5.30584
      vertex -33.7289 63.95 23.7789
      vertex -25.3935 44.1452 5.3011
    endloop
  endfacet
  facet normal -0.683046 -0.631778 0.366476
    outer loop
      vertex -25.4559 44.1824 5.27558
      vertex -34.1516 63.95 23.1462
      vertex -25.4964 44.2152 5.25664
    endloop
  endfacet
  facet normal -0.684329 -0.631152 0.36516
    outer loop
      vertex -25.4481 44.1758 5.27879
      vertex -34.1516 63.95 23.1462
      vertex -25.4559 44.1824 5.27558
    endloop
  endfacet
  facet normal -0.683979 -0.631322 0.365519
    outer loop
      vertex -34.1516 63.95 23.1462
      vertex -25.4481 44.1758 5.27879
      vertex -33.9714 63.95 23.4834
    endloop
  endfacet
  facet normal -0.569681 -0.675946 0.467505
    outer loop
      vertex -33.9714 63.95 23.4834
      vertex -25.3935 44.1452 5.3011
      vertex -33.7289 63.95 23.7789
    endloop
  endfacet
  facet normal -0.568123 -0.676403 0.468738
    outer loop
      vertex -33.9714 63.95 23.4834
      vertex -25.4038 44.1511 5.29713
      vertex -25.3935 44.1452 5.3011
    endloop
  endfacet
  facet normal -0.570181 -0.675798 0.467109
    outer loop
      vertex -25.4038 44.1511 5.29713
      vertex -33.9714 63.95 23.4834
      vertex -25.4481 44.1758 5.27879
    endloop
  endfacet
  facet normal 0.0730297 -0.664719 0.743515
    outer loop
      vertex -31.9696 63.95 24.3125
      vertex -23.8553 44.068 5.74055
      vertex -23.793 44.0882 5.75249
    endloop
  endfacet
  facet normal 0.0732999 -0.664645 0.743555
    outer loop
      vertex -23.8553 44.068 5.74055
      vertex -31.9696 63.95 24.3125
      vertex -32.35 63.95 24.35
    endloop
  endfacet
  facet normal 0.939581 0.0927856 0.329514
    outer loop
      vertex -30.5484 67.85 23.1462
      vertex -22.3353 46.5893 5.7139
      vertex -22.3465 46.8469 5.6733
    endloop
  endfacet
  facet normal 0.538953 -0.442501 0.716744
    outer loop
      vertex -22.8082 44.8734 5.8837
      vertex -31.2666 63.95 24.0214
      vertex -22.9311 44.7103 5.87542
    endloop
  endfacet
  facet normal 0.538699 -0.442687 0.716821
    outer loop
      vertex -22.7936 44.8923 5.8844
      vertex -31.2666 63.95 24.0214
      vertex -22.8082 44.8734 5.8837
    endloop
  endfacet
  facet normal 0.539367 -0.442198 0.71662
    outer loop
      vertex -31.2666 63.95 24.0214
      vertex -22.7936 44.8923 5.8844
      vertex -22.7399 44.9578 5.8844
    endloop
  endfacet
  facet normal 0.7482 -0.251384 0.614005
    outer loop
      vertex -22.5537 45.2659 5.87224
      vertex -30.7286 63.95 23.4834
      vertex -30.9711 63.95 23.7789
    endloop
  endfacet
  facet normal 0.748434 -0.251117 0.61383
    outer loop
      vertex -30.7286 63.95 23.4834
      vertex -22.5537 45.2659 5.87224
      vertex -22.5311 45.3226 5.86788
    endloop
  endfacet
  facet normal -0.330154 -0.713666 0.617802
    outer loop
      vertex -24.8768 43.9313 5.46909
      vertex -33.0962 63.95 24.2016
      vertex -33.4334 63.95 24.0214
    endloop
  endfacet
  facet normal -0.330781 -0.713638 0.617498
    outer loop
      vertex -33.0962 63.95 24.2016
      vertex -24.8768 43.9313 5.46909
      vertex -24.8121 43.9184 5.48884
    endloop
  endfacet
  facet normal -0.883996 -0.460443 0.0808868
    outer loop
      vertex -25.8298 44.6583 5.12301
      vertex -34.2625 63.95 22.7804
      vertex -25.8312 44.6609 5.12251
    endloop
  endfacet
  facet normal -0.878025 -0.46939 0.0935139
    outer loop
      vertex -34.2625 63.95 22.7804
      vertex -25.8298 44.6583 5.12301
      vertex -25.7007 44.4245 5.16161
    endloop
  endfacet
  facet normal 0.956932 0.252504 0.143259
    outer loop
      vertex -26.3149 64.2843 1.5272
      vertex -26.7598 65.9858 1.5
      vertex -29.4638 66.2779 19.0472
    endloop
  endfacet
  facet normal 0.957163 0.252539 0.141648
    outer loop
      vertex -26.7598 65.9858 1.5
      vertex -26.3149 64.2843 1.5272
      vertex -26.3247 64.3367 1.5
    endloop
  endfacet
  facet normal 0.956948 0.252439 0.143269
    outer loop
      vertex -29.4638 66.2779 19.0472
      vertex -24.9297 57.3461 4.5
      vertex -26.3149 64.2843 1.5272
    endloop
  endfacet
  facet normal 0.956977 0.251741 0.144297
    outer loop
      vertex -22.3528 46.9186 5.66141
      vertex -29.4638 66.2779 19.0472
      vertex -29.4798 66.2896 19.1329
    endloop
  endfacet
  facet normal 0.956946 0.25245 0.143261
    outer loop
      vertex -22.3528 46.9186 5.66141
      vertex -29.4798 66.2896 19.1329
      vertex -30.4375 67.85 22.7804
    endloop
  endfacet
  facet normal 0.956947 0.252444 0.143266
    outer loop
      vertex -29.4638 66.2779 19.0472
      vertex -23.7365 52.823 4.5
      vertex -24.9297 57.3461 4.5
    endloop
  endfacet
  facet normal 0.956947 0.252442 0.143267
    outer loop
      vertex -29.4638 66.2779 19.0472
      vertex -22.8836 49.1777 5.22625
      vertex -23.7365 52.823 4.5
    endloop
  endfacet
  facet normal 0.956947 0.252442 0.143268
    outer loop
      vertex -29.4638 66.2779 19.0472
      vertex -22.3528 46.9186 5.66141
      vertex -22.8836 49.1777 5.22625
    endloop
  endfacet
  facet normal 0.424567 -0.517047 0.74324
    outer loop
      vertex -31.2666 63.95 24.0214
      vertex -23.1579 44.488 5.85033
      vertex -22.9311 44.7103 5.87542
    endloop
  endfacet
  facet normal -0.379893 -0.710894 0.591871
    outer loop
      vertex -33.4334 63.95 24.0214
      vertex -25.1206 43.9983 5.39308
      vertex -24.8768 43.9313 5.46909
    endloop
  endfacet
  facet normal 0.764709 -0.231982 0.60117
    outer loop
      vertex -30.7286 63.95 23.4834
      vertex -22.5311 45.3226 5.86788
      vertex -22.4317 45.5925 5.84559
    endloop
  endfacet
  facet normal -0.0708402 -0.696451 0.714099
    outer loop
      vertex -32.35 63.95 24.35
      vertex -24.4801 43.9092 5.58518
      vertex -24.4165 43.9205 5.60251
    endloop
  endfacet
  facet normal -0.0704069 -0.696383 0.714208
    outer loop
      vertex -24.4801 43.9092 5.58518
      vertex -32.35 63.95 24.35
      vertex -32.7304 63.95 24.3125
    endloop
  endfacet
  facet normal -0.0685252 -0.696082 0.714684
    outer loop
      vertex -32.35 63.95 24.35
      vertex -24.4165 43.9205 5.60251
      vertex -24.1377 43.9709 5.67833
    endloop
  endfacet
  facet normal 0.653491 -0.349215 0.671564
    outer loop
      vertex -30.9711 63.95 23.7789
      vertex -22.7038 45.0069 5.88362
      vertex -22.5537 45.2659 5.87224
    endloop
  endfacet
  facet normal 0.402938 0.853405 0.330668
    outer loop
      vertex -49.6286 67.85 23.4834
      vertex -55.8042 78.9353 2.39919
      vertex -49.8711 67.85 23.7789
    endloop
  endfacet
  facet normal 0.39981 0.854331 0.332071
    outer loop
      vertex -55.8042 78.9353 2.39919
      vertex -49.6286 67.85 23.4834
      vertex -55.7912 78.9295 2.39846
    endloop
  endfacet
  facet normal -0.260622 0.833207 0.48769
    outer loop
      vertex -57.1777 78.6346 3.00735
      vertex -52.3334 67.85 24.0214
      vertex -51.9962 67.85 24.2016
    endloop
  endfacet
  facet normal -0.262022 0.832725 0.487765
    outer loop
      vertex -52.3334 67.85 24.0214
      vertex -57.1777 78.6346 3.00735
      vertex -57.1944 78.622 3.01989
    endloop
  endfacet
  facet normal -0.892685 0.270849 0.360213
    outer loop
      vertex -57.9855 76.6793 4.28009
      vertex -53.0516 67.85 23.1462
      vertex -57.9442 77.1031 4.06378
    endloop
  endfacet
  facet normal 0.304145 0.877575 0.370618
    outer loop
      vertex -49.8711 67.85 23.7789
      vertex -55.8182 78.9393 2.40134
      vertex -50.1666 67.85 24.0214
    endloop
  endfacet
  facet normal 0.307299 0.876977 0.369431
    outer loop
      vertex -55.8182 78.9393 2.40134
      vertex -49.8711 67.85 23.7789
      vertex -55.8042 78.9353 2.39919
    endloop
  endfacet
  facet normal 0.804065 0.589234 0.079265
    outer loop
      vertex -49.3 67.85 22.4
      vertex -54.8855 78.1398 2.5678
      vertex -49.3375 67.85 22.7804
    endloop
  endfacet
  facet normal 0.808749 0.583366 0.0749009
    outer loop
      vertex -54.8855 78.1398 2.5678
      vertex -49.3 67.85 22.4
      vertex -54.8771 78.1276 2.57212
    endloop
  endfacet
  facet normal 0.841092 0.539187 0.0429041
    outer loop
      vertex -49.3 67.85 22.4
      vertex -53.5282 75.9577 3.398
      vertex -54.8771 78.1276 2.57212
    endloop
  endfacet
  facet normal 0.841112 0.539158 0.0428871
    outer loop
      vertex -49.3 67.85 22.4
      vertex -51.3126 72.4136 4.5
      vertex -53.5282 75.9577 3.398
    endloop
  endfacet
  facet normal 0.841103 0.539171 0.0428916
    outer loop
      vertex -51.3126 72.4136 4.5
      vertex -49.3 67.85 22.4
      vertex -48.3872 67.85 4.5
    endloop
  endfacet
  facet normal 0.768261 0.630589 0.110145
    outer loop
      vertex -55.1482 78.4796 2.45475
      vertex -49.3375 67.85 22.7804
      vertex -54.8855 78.1398 2.5678
    endloop
  endfacet
  facet normal -0.951593 0.0937226 0.292724
    outer loop
      vertex -57.9855 76.6793 4.28009
      vertex -57.966 76.2585 4.47821
      vertex -53.0516 67.85 23.1462
    endloop
  endfacet
  facet normal -0.976155 -0.0961817 0.194606
    outer loop
      vertex -54.1362 66.2779 19.0472
      vertex -57.9623 75.6757 4.5
      vertex -57.9301 75.3489 4.5
    endloop
  endfacet
  facet normal -0.976125 -0.0951934 0.195237
    outer loop
      vertex -57.9623 75.6757 4.5
      vertex -54.1362 66.2779 19.0472
      vertex -54.1202 66.2896 19.1329
    endloop
  endfacet
  facet normal -0.579037 0.662509 0.475183
    outer loop
      vertex -57.6666 77.9517 3.55619
      vertex -52.8714 67.85 23.4834
      vertex -52.6289 67.85 23.7789
    endloop
  endfacet
  facet normal -0.577289 0.663848 0.475441
    outer loop
      vertex -52.8714 67.85 23.4834
      vertex -57.6666 77.9517 3.55619
      vertex -57.6784 77.9296 3.57272
    endloop
  endfacet
  facet normal -0.802887 0.429029 0.413892
    outer loop
      vertex -57.9442 77.1031 4.06378
      vertex -53.0516 67.85 23.1462
      vertex -57.8417 77.5139 3.83679
    endloop
  endfacet
  facet normal -0.785782 0.452663 0.421477
    outer loop
      vertex -53.0516 67.85 23.1462
      vertex -57.8349 77.5386 3.82294
      vertex -57.8417 77.5139 3.83679
    endloop
  endfacet
  facet normal -0.787399 0.450489 0.420787
    outer loop
      vertex -57.8349 77.5386 3.82294
      vertex -53.0516 67.85 23.1462
      vertex -52.8714 67.85 23.4834
    endloop
  endfacet
  facet normal 0.51739 0.810105 0.275748
    outer loop
      vertex -55.4687 78.7583 2.39525
      vertex -49.4484 67.85 23.1462
      vertex -55.4572 78.7507 2.396
    endloop
  endfacet
  facet normal 0.51669 0.810426 0.276119
    outer loop
      vertex -49.4484 67.85 23.1462
      vertex -55.4687 78.7583 2.39525
      vertex -49.6286 67.85 23.4834
    endloop
  endfacet
  facet normal 0.0440482 0.893536 0.446825
    outer loop
      vertex -50.8696 67.85 24.3125
      vertex -56.5328 78.9868 2.60001
      vertex -51.25 67.85 24.35
    endloop
  endfacet
  facet normal 0.0441625 0.893544 0.446799
    outer loop
      vertex -56.5328 78.9868 2.60001
      vertex -50.8696 67.85 24.3125
      vertex -56.5158 78.9894 2.59313
    endloop
  endfacet
  facet normal -0.0865763 0.878354 0.470105
    outer loop
      vertex -56.8688 78.8577 2.78078
      vertex -51.6304 67.85 24.3125
      vertex -56.5489 78.9817 2.60801
    endloop
  endfacet
  facet normal -0.411107 0.769028 0.489477
    outer loop
      vertex -57.4625 78.3105 3.28448
      vertex -52.6289 67.85 23.7789
      vertex -57.2079 78.6067 3.03295
    endloop
  endfacet
  facet normal -0.688984 0.565907 0.452825
    outer loop
      vertex -57.739 77.764 3.68747
      vertex -52.8714 67.85 23.4834
      vertex -57.6784 77.9296 3.57272
    endloop
  endfacet
  facet normal -0.689461 0.565425 0.452701
    outer loop
      vertex -52.8714 67.85 23.4834
      vertex -57.739 77.764 3.68747
      vertex -57.8349 77.5386 3.82294
    endloop
  endfacet
  facet normal -0.25336 0.835731 0.487199
    outer loop
      vertex -57.1777 78.6346 3.00735
      vertex -51.9962 67.85 24.2016
      vertex -56.8856 78.8493 2.79096
    endloop
  endfacet
  facet normal -0.144952 0.866251 0.47812
    outer loop
      vertex -56.8688 78.8577 2.78078
      vertex -51.9962 67.85 24.2016
      vertex -51.6304 67.85 24.3125
    endloop
  endfacet
  facet normal -0.143644 0.866548 0.477975
    outer loop
      vertex -51.9962 67.85 24.2016
      vertex -56.8688 78.8577 2.78078
      vertex -56.8856 78.8493 2.79096
    endloop
  endfacet
  facet normal -0.401982 0.773608 0.489838
    outer loop
      vertex -57.1944 78.622 3.01989
      vertex -52.6289 67.85 23.7789
      vertex -52.3334 67.85 24.0214
    endloop
  endfacet
  facet normal -0.402572 0.773315 0.489816
    outer loop
      vertex -52.6289 67.85 23.7789
      vertex -57.1944 78.622 3.01989
      vertex -57.2079 78.6067 3.03295
    endloop
  endfacet
  facet normal -0.967171 0.000395191 0.254126
    outer loop
      vertex -57.9623 76.2114 4.5
      vertex -53.1625 67.85 22.7804
      vertex -57.9644 76.2292 4.49198
    endloop
  endfacet
  facet normal -0.967215 0 0.253958
    outer loop
      vertex -54.1202 66.2896 19.1329
      vertex -57.9623 76.2114 4.5
      vertex -57.9623 75.6757 4.5
    endloop
  endfacet
  facet normal -0.967216 -2.15359e-06 0.253956
    outer loop
      vertex -57.9623 76.2114 4.5
      vertex -54.1202 66.2896 19.1329
      vertex -53.1625 67.85 22.7804
    endloop
  endfacet
  facet normal -0.557272 0.678959 0.477978
    outer loop
      vertex -57.6666 77.9517 3.55619
      vertex -52.6289 67.85 23.7789
      vertex -57.4625 78.3105 3.28448
    endloop
  endfacet
  facet normal 0.0884221 0.895458 0.436275
    outer loop
      vertex -56.5158 78.9894 2.59313
      vertex -50.8696 67.85 24.3125
      vertex -56.1829 79.0151 2.47291
    endloop
  endfacet
  facet normal 0.448241 0.838574 0.309636
    outer loop
      vertex -55.7912 78.9295 2.39846
      vertex -49.6286 67.85 23.4834
      vertex -55.4687 78.7583 2.39525
    endloop
  endfacet
  facet normal -0.974793 -0.162467 0.152918
    outer loop
      vertex -57.9301 75.3489 4.5
      vertex -56.3779 66.0358 4.5
      vertex -54.1362 66.2779 19.0472
    endloop
  endfacet
  facet normal 0.267961 0.883892 0.383317
    outer loop
      vertex -56.1519 79.0132 2.46421
      vertex -50.1666 67.85 24.0214
      vertex -55.8182 78.9393 2.40134
    endloop
  endfacet
  facet normal -0.0457481 0.884617 0.464068
    outer loop
      vertex -56.5328 78.9868 2.60001
      vertex -51.6304 67.85 24.3125
      vertex -51.25 67.85 24.35
    endloop
  endfacet
  facet normal -0.0492099 0.884147 0.464609
    outer loop
      vertex -51.6304 67.85 24.3125
      vertex -56.5328 78.9868 2.60001
      vertex -56.5489 78.9817 2.60801
    endloop
  endfacet
  facet normal 0.619369 0.754512 0.217012
    outer loop
      vertex -55.4572 78.7507 2.396
      vertex -49.4484 67.85 23.1462
      vertex -55.1584 78.4892 2.45239
    endloop
  endfacet
  facet normal 0.646542 0.736154 0.200149
    outer loop
      vertex -55.1584 78.4892 2.45239
      vertex -49.3375 67.85 22.7804
      vertex -55.1482 78.4796 2.45475
    endloop
  endfacet
  facet normal 0.650856 0.73311 0.197321
    outer loop
      vertex -49.3375 67.85 22.7804
      vertex -55.1584 78.4892 2.45239
      vertex -49.4484 67.85 23.1462
    endloop
  endfacet
  facet normal -0.953753 0.0836113 0.28873
    outer loop
      vertex -53.1625 67.85 22.7804
      vertex -57.966 76.2585 4.47821
      vertex -57.9644 76.2292 4.49198
    endloop
  endfacet
  facet normal -0.953564 0.0845087 0.289093
    outer loop
      vertex -57.966 76.2585 4.47821
      vertex -53.1625 67.85 22.7804
      vertex -53.0516 67.85 23.1462
    endloop
  endfacet
  facet normal 0.129234 0.895316 0.426273
    outer loop
      vertex -50.5038 67.85 24.2016
      vertex -56.1829 79.0151 2.47291
      vertex -50.8696 67.85 24.3125
    endloop
  endfacet
  facet normal 0.125219 0.895372 0.427352
    outer loop
      vertex -56.1829 79.0151 2.47291
      vertex -50.5038 67.85 24.2016
      vertex -56.1673 79.0153 2.46792
    endloop
  endfacet
  facet normal 0.214562 0.890371 0.401501
    outer loop
      vertex -50.1666 67.85 24.0214
      vertex -56.1673 79.0153 2.46792
      vertex -50.5038 67.85 24.2016
    endloop
  endfacet
  facet normal 0.217838 0.890059 0.400427
    outer loop
      vertex -56.1673 79.0153 2.46792
      vertex -50.1666 67.85 24.0214
      vertex -56.1519 79.0132 2.46421
    endloop
  endfacet
  facet normal -0.214561 0.890372 0.401499
    outer loop
      vertex -33.4334 67.85 24.0214
      vertex -33.0962 67.85 24.2016
      vertex -27.1804 79.5125 1.5
    endloop
  endfacet
  facet normal -0.768325 0.630521 0.110093
    outer loop
      vertex -34.2625 67.85 22.7804
      vertex -28.1789 78.9789 1.5
      vertex -28.4214 78.6834 1.5
    endloop
  endfacet
  facet normal 0.0865883 0.878351 0.470108
    outer loop
      vertex -31.9696 67.85 24.3125
      vertex -26.4196 79.5125 1.5
      vertex -26.8 79.55 1.5
    endloop
  endfacet
  facet normal 0.967216 -2.35119e-06 0.253956
    outer loop
      vertex -30.4375 67.85 22.7804
      vertex -29.4798 66.2896 19.1329
      vertex -24.85 77.6 1.5
    endloop
  endfacet
  facet normal 0.410998 0.769082 0.489482
    outer loop
      vertex -30.9711 67.85 23.7789
      vertex -25.7166 79.2214 1.5
      vertex -26.0538 79.4016 1.5
    endloop
  endfacet
  facet normal 0.0457479 0.884618 0.464067
    outer loop
      vertex -32.35 67.85 24.35
      vertex -31.9696 67.85 24.3125
      vertex -26.8 79.55 1.5
    endloop
  endfacet
  facet normal 0.689255 0.565633 0.452755
    outer loop
      vertex -30.7286 67.85 23.4834
      vertex -25.1786 78.6834 1.5
      vertex -25.4211 78.9789 1.5
    endloop
  endfacet
  facet normal 0.976125 -0.0951937 0.195237
    outer loop
      vertex -29.4638 66.2779 19.0472
      vertex -24.85 77.6 1.5
      vertex -29.4798 66.2896 19.1329
    endloop
  endfacet
  facet normal 0.976156 -0.0962299 0.194576
    outer loop
      vertex -24.85 77.6 1.5
      vertex -29.4638 66.2779 19.0472
      vertex -24.8875 77.2196 1.5
    endloop
  endfacet
  facet normal -0.26797 0.883891 0.383314
    outer loop
      vertex -33.4334 67.85 24.0214
      vertex -27.1804 79.5125 1.5
      vertex -27.5462 79.4016 1.5
    endloop
  endfacet
  facet normal 0.260622 0.833208 0.48769
    outer loop
      vertex -31.6038 67.85 24.2016
      vertex -31.2666 67.85 24.0214
      vertex -26.0538 79.4016 1.5
    endloop
  endfacet
  facet normal -0.841108 0.539165 0.0428805
    outer loop
      vertex -35.1811 68.0875 2.13671
      vertex -28.4214 78.6834 1.5
      vertex -34.6819 68.9169 1.5
    endloop
  endfacet
  facet normal -0.841126 0.53916 0.0425995
    outer loop
      vertex -35.3255 67.85 2.29145
      vertex -28.4214 78.6834 1.5
      vertex -35.1811 68.0875 2.13671
    endloop
  endfacet
  facet normal -0.841105 0.539168 0.0428949
    outer loop
      vertex -28.4214 78.6834 1.5
      vertex -35.3255 67.85 2.29145
      vertex -34.3 67.85 22.4
    endloop
  endfacet
  facet normal 0.974793 -0.162465 0.152919
    outer loop
      vertex -29.4638 66.2779 19.0472
      vertex -26.7598 65.9858 1.5
      vertex -24.8875 77.2196 1.5
    endloop
  endfacet
  facet normal -0.516691 0.810425 0.27612
    outer loop
      vertex -34.1516 67.85 23.1462
      vertex -33.9714 67.85 23.4834
      vertex -27.8834 79.2214 1.5
    endloop
  endfacet
  facet normal -0.804065 0.589234 0.079265
    outer loop
      vertex -34.3 67.85 22.4
      vertex -34.2625 67.85 22.7804
      vertex -28.4214 78.6834 1.5
    endloop
  endfacet
  facet normal -0.0440481 0.893537 0.446824
    outer loop
      vertex -32.7304 67.85 24.3125
      vertex -32.35 67.85 24.35
      vertex -26.8 79.55 1.5
    endloop
  endfacet
  facet normal 0.953563 0.0845105 0.289093
    outer loop
      vertex -30.5484 67.85 23.1462
      vertex -30.4375 67.85 22.7804
      vertex -24.85 77.6 1.5
    endloop
  endfacet
  facet normal 0.57904 0.662504 0.475185
    outer loop
      vertex -30.9711 67.85 23.7789
      vertex -30.7286 67.85 23.4834
      vertex -25.4211 78.9789 1.5
    endloop
  endfacet
  facet normal 0.401983 0.773607 0.489839
    outer loop
      vertex -31.2666 67.85 24.0214
      vertex -30.9711 67.85 23.7789
      vertex -26.0538 79.4016 1.5
    endloop
  endfacet
  facet normal 0.787402 0.450484 0.420788
    outer loop
      vertex -30.7286 67.85 23.4834
      vertex -30.5484 67.85 23.1462
      vertex -25.1786 78.6834 1.5
    endloop
  endfacet
  facet normal 0.802869 0.429054 0.4139
    outer loop
      vertex -30.5484 67.85 23.1462
      vertex -24.9984 78.3462 1.5
      vertex -25.1786 78.6834 1.5
    endloop
  endfacet
  facet normal 0.290131 0.956987 -0
    outer loop
      vertex -26.0538 79.4016 -1.5
      vertex -26.4196 79.5125 1.5
      vertex -26.0538 79.4016 1.5
    endloop
  endfacet
  facet normal 0.290131 0.956987 0
    outer loop
      vertex -26.4196 79.5125 1.5
      vertex -26.0538 79.4016 -1.5
      vertex -26.4196 79.5125 -1.5
    endloop
  endfacet
  facet normal -0.65086 0.733106 0.197322
    outer loop
      vertex -34.2625 67.85 22.7804
      vertex -34.1516 67.85 23.1462
      vertex -28.1789 78.9789 1.5
    endloop
  endfacet
  facet normal -0.619248 0.754589 0.217089
    outer loop
      vertex -34.1516 67.85 23.1462
      vertex -27.8834 79.2214 1.5
      vertex -28.1789 78.9789 1.5
    endloop
  endfacet
  facet normal -0.129234 0.895315 0.426274
    outer loop
      vertex -33.0962 67.85 24.2016
      vertex -32.7304 67.85 24.3125
      vertex -27.1804 79.5125 1.5
    endloop
  endfacet
  facet normal -0.304145 0.877575 0.370618
    outer loop
      vertex -33.7289 67.85 23.7789
      vertex -33.4334 67.85 24.0214
      vertex -27.5462 79.4016 1.5
    endloop
  endfacet
  facet normal 0.144952 0.86625 0.478121
    outer loop
      vertex -31.9696 67.85 24.3125
      vertex -31.6038 67.85 24.2016
      vertex -26.4196 79.5125 1.5
    endloop
  endfacet
  facet normal 0.253369 0.835728 0.487199
    outer loop
      vertex -31.6038 67.85 24.2016
      vertex -26.0538 79.4016 1.5
      vertex -26.4196 79.5125 1.5
    endloop
  endfacet
  facet normal -0.402939 0.853404 0.330669
    outer loop
      vertex -33.9714 67.85 23.4834
      vertex -33.7289 67.85 23.7789
      vertex -27.5462 79.4016 1.5
    endloop
  endfacet
  facet normal 0.892769 0.270662 0.360146
    outer loop
      vertex -30.5484 67.85 23.1462
      vertex -24.8875 77.9804 1.5
      vertex -24.9984 78.3462 1.5
    endloop
  endfacet
  facet normal 0.951574 0.0938066 0.292757
    outer loop
      vertex -30.5484 67.85 23.1462
      vertex -24.85 77.6 1.5
      vertex -24.8875 77.9804 1.5
    endloop
  endfacet
  facet normal -0.0882744 0.895456 0.43631
    outer loop
      vertex -32.7304 67.85 24.3125
      vertex -26.8 79.55 1.5
      vertex -27.1804 79.5125 1.5
    endloop
  endfacet
  facet normal -0.448152 0.838606 0.309678
    outer loop
      vertex -33.9714 67.85 23.4834
      vertex -27.5462 79.4016 1.5
      vertex -27.8834 79.2214 1.5
    endloop
  endfacet
  facet normal 0.557215 0.678998 0.477988
    outer loop
      vertex -30.9711 67.85 23.7789
      vertex -25.4211 78.9789 1.5
      vertex -25.7166 79.2214 1.5
    endloop
  endfacet
  facet normal 0.956977 0 -0.290165
    outer loop
      vertex -49.1559 63.8262 18.8632
      vertex -49.1559 63.95 18.8632
      vertex -49.1049 63.95 19.0314
    endloop
  endfacet
  facet normal -0.995186 0 -0.0980086
    outer loop
      vertex -34.3 63.95 17.4
      vertex -34.4441 63.8262 18.8632
      vertex -34.4441 63.95 18.8632
    endloop
  endfacet
  facet normal -0.995186 0 -0.0980086
    outer loop
      vertex -34.4441 63.8262 18.8632
      vertex -34.3 63.95 17.4
      vertex -34.3 63.3598 17.4
    endloop
  endfacet
  facet normal 0.995186 0 0.0980086
    outer loop
      vertex -49.3 63.95 17.4
      vertex -49.1559 63.4807 15.9368
      vertex -49.1559 63.95 15.9368
    endloop
  endfacet
  facet normal 0.995186 0 0.0980086
    outer loop
      vertex -49.1559 63.4807 15.9368
      vertex -49.3 63.95 17.4
      vertex -49.3 63.3598 17.4
    endloop
  endfacet
  facet normal -0.956977 0 -0.290165
    outer loop
      vertex -34.4951 63.95 19.0314
      vertex -34.4441 63.95 18.8632
      vertex -34.4441 63.8262 18.8632
    endloop
  endfacet
  facet normal -0.995186 0 0.0980086
    outer loop
      vertex -34.4441 63.4807 15.9368
      vertex -34.3 63.95 17.4
      vertex -34.4441 63.95 15.9368
    endloop
  endfacet
  facet normal -0.995186 0 0.0980086
    outer loop
      vertex -34.3 63.95 17.4
      vertex -34.4441 63.4807 15.9368
      vertex -34.3 63.3598 17.4
    endloop
  endfacet
  facet normal 0.956929 -0 0.290322
    outer loop
      vertex -49.1559 63.4807 15.9368
      vertex -48.8712 63.95 14.9984
      vertex -49.1559 63.95 15.9368
    endloop
  endfacet
  facet normal -0.956929 0 0.290322
    outer loop
      vertex -34.7288 63.95 14.9984
      vertex -34.4441 63.4807 15.9368
      vertex -34.4441 63.95 15.9368
    endloop
  endfacet
  facet normal 0.995186 0 -0.0980086
    outer loop
      vertex -49.1559 63.8262 18.8632
      vertex -49.3 63.95 17.4
      vertex -49.1559 63.95 18.8632
    endloop
  endfacet
  facet normal 0.995186 0 -0.0980086
    outer loop
      vertex -49.3 63.95 17.4
      vertex -49.1559 63.8262 18.8632
      vertex -49.3 63.3598 17.4
    endloop
  endfacet
  facet normal -0 0 1
    outer loop
      vertex -45.55 67.85 28.8
      vertex -38.05 63.95 28.8
      vertex -38.05 67.85 28.8
    endloop
  endfacet
  facet normal 0 0 1
    outer loop
      vertex -38.05 63.95 28.8
      vertex -45.55 67.85 28.8
      vertex -45.55 63.95 28.8
    endloop
  endfacet
  facet normal 0.290131 0 0.956987
    outer loop
      vertex -37.6696 67.85 28.7625
      vertex -37.3038 63.95 28.6516
      vertex -37.3038 67.85 28.6516
    endloop
  endfacet
  facet normal 0.290131 0 0.956987
    outer loop
      vertex -37.3038 63.95 28.6516
      vertex -37.6696 67.85 28.7625
      vertex -37.6696 63.95 28.7625
    endloop
  endfacet
  facet normal -0.290131 0 0.956987
    outer loop
      vertex -46.2962 67.85 28.6516
      vertex -45.9304 63.95 28.7625
      vertex -45.9304 67.85 28.7625
    endloop
  endfacet
  facet normal -0.290131 0 0.956987
    outer loop
      vertex -45.9304 63.95 28.7625
      vertex -46.2962 67.85 28.6516
      vertex -46.2962 63.95 28.6516
    endloop
  endfacet
  facet normal 0.615376 0 0.788234
    outer loop
      vertex -36.9666 67.85 28.4714
      vertex -31.2666 63.95 24.0214
      vertex -31.2666 67.85 24.0214
    endloop
  endfacet
  facet normal 0.615376 0 0.788234
    outer loop
      vertex -31.2666 63.95 24.0214
      vertex -36.9666 67.85 28.4714
      vertex -36.9666 63.95 28.4714
    endloop
  endfacet
  facet normal -0.615376 0 0.788234
    outer loop
      vertex -52.3334 67.85 24.0214
      vertex -46.6334 63.95 28.4714
      vertex -46.6334 67.85 28.4714
    endloop
  endfacet
  facet normal -0.615376 0 0.788234
    outer loop
      vertex -46.6334 63.95 28.4714
      vertex -52.3334 67.85 24.0214
      vertex -52.3334 63.95 24.0214
    endloop
  endfacet
  facet normal 0.0981049 0 0.995176
    outer loop
      vertex -38.05 67.85 28.8
      vertex -37.6696 63.95 28.7625
      vertex -37.6696 67.85 28.7625
    endloop
  endfacet
  facet normal 0.0981049 0 0.995176
    outer loop
      vertex -37.6696 63.95 28.7625
      vertex -38.05 67.85 28.8
      vertex -38.05 63.95 28.8
    endloop
  endfacet
  facet normal 0.471321 0 0.881962
    outer loop
      vertex -37.3038 67.85 28.6516
      vertex -36.9666 63.95 28.4714
      vertex -36.9666 67.85 28.4714
    endloop
  endfacet
  facet normal 0.471321 0 0.881962
    outer loop
      vertex -36.9666 63.95 28.4714
      vertex -37.3038 67.85 28.6516
      vertex -37.3038 63.95 28.6516
    endloop
  endfacet
  facet normal -0.0981049 0 0.995176
    outer loop
      vertex -45.9304 67.85 28.7625
      vertex -45.55 63.95 28.8
      vertex -45.55 67.85 28.8
    endloop
  endfacet
  facet normal -0.0981049 0 0.995176
    outer loop
      vertex -45.55 63.95 28.8
      vertex -45.9304 67.85 28.7625
      vertex -45.9304 63.95 28.7625
    endloop
  endfacet
  facet normal -0.471321 0 0.881962
    outer loop
      vertex -46.6334 67.85 28.4714
      vertex -46.2962 63.95 28.6516
      vertex -46.2962 67.85 28.6516
    endloop
  endfacet
  facet normal -0.471321 0 0.881962
    outer loop
      vertex -46.2962 63.95 28.6516
      vertex -46.6334 67.85 28.4714
      vertex -46.6334 63.95 28.4714
    endloop
  endfacet
  facet normal -0.959585 -0.281418 0
    outer loop
      vertex -84.0656 5.6499 -1.5
      vertex -88.1625 19.6196 1.5
      vertex -88.1625 19.6196 -1.5
    endloop
  endfacet
  facet normal -0.959585 -0.281418 0
    outer loop
      vertex -88.1625 19.6196 1.5
      vertex -84.0656 5.6499 -1.5
      vertex -84.0656 5.6499 1.5
    endloop
  endfacet
  facet normal -0.773008 0.634396 0
    outer loop
      vertex -82.2439 85.808 -1.5
      vertex -80.7267 87.6567 1.5
      vertex -80.7267 87.6567 -1.5
    endloop
  endfacet
  facet normal -0.773008 0.634396 0
    outer loop
      vertex -80.7267 87.6567 1.5
      vertex -82.2439 85.808 -1.5
      vertex -82.2439 85.808 1.5
    endloop
  endfacet
  facet normal -0.634396 0.773008 0
    outer loop
      vertex -78.878 89.1739 -1.5
      vertex -80.7267 87.6567 1.5
      vertex -78.878 89.1739 1.5
    endloop
  endfacet
  facet normal -0.634396 0.773008 0
    outer loop
      vertex -80.7267 87.6567 1.5
      vertex -78.878 89.1739 -1.5
      vertex -80.7267 87.6567 -1.5
    endloop
  endfacet
  facet normal -0.997785 0.066519 0
    outer loop
      vertex -88.2 20 -1.5
      vertex -88.198 20.03 1.5
      vertex -88.198 20.03 -1.5
    endloop
  endfacet
  facet normal -0.997785 0.066519 0
    outer loop
      vertex -88.198 20.03 1.5
      vertex -88.2 20 -1.5
      vertex -88.2 20 1.5
    endloop
  endfacet
  facet normal -0.997826 0.0659064 0
    outer loop
      vertex -84.4321 77.03 -1.5
      vertex -84.3 79.03 1.5
      vertex -84.3 79.03 -1.5
    endloop
  endfacet
  facet normal -0.997826 0.0659064 0
    outer loop
      vertex -84.3 79.03 1.5
      vertex -84.4321 77.03 -1.5
      vertex -84.4321 77.03 1.5
    endloop
  endfacet
  facet normal -0.995176 -0.0981049 0
    outer loop
      vertex -88.1625 19.6196 -1.5
      vertex -88.2 20 1.5
      vertex -88.2 20 -1.5
    endloop
  endfacet
  facet normal -0.995176 -0.0981049 0
    outer loop
      vertex -88.2 20 1.5
      vertex -88.1625 19.6196 -1.5
      vertex -88.1625 19.6196 1.5
    endloop
  endfacet
  facet normal 0.256336 0.966588 -0
    outer loop
      vertex -26.4196 79.5125 -1.5
      vertex -69.7199 90.9956 1.5
      vertex -26.4196 79.5125 1.5
    endloop
  endfacet
  facet normal 0.256336 0.966588 0
    outer loop
      vertex -26.4196 79.5125 -1.5
      vertex -69.7199 90.9956 -1.5
      vertex -69.7199 90.9956 1.5
    endloop
  endfacet
  facet normal -0.995186 0.0980091 0
    outer loop
      vertex -84.3 79.03 -1.5
      vertex -84.0656 81.4101 1.5
      vertex -84.0656 81.4101 -1.5
    endloop
  endfacet
  facet normal -0.995186 0.0980091 0
    outer loop
      vertex -84.0656 81.4101 1.5
      vertex -84.3 79.03 -1.5
      vertex -84.3 79.03 1.5
    endloop
  endfacet
  facet normal 0.956987 0.290131 0
    outer loop
      vertex 12.2875 20.3804 1.5
      vertex 12.1766 20.7462 -1.5
      vertex 12.1766 20.7462 1.5
    endloop
  endfacet
  facet normal 0.956987 0.290131 0
    outer loop
      vertex 12.1766 20.7462 -1.5
      vertex 12.2875 20.3804 1.5
      vertex 12.2875 20.3804 -1.5
    endloop
  endfacet
  facet normal 0.0980091 0.995186 -0
    outer loop
      vertex -69.7199 90.9956 -1.5
      vertex -72.1 91.23 1.5
      vertex -69.7199 90.9956 1.5
    endloop
  endfacet
  facet normal 0.0980091 0.995186 0
    outer loop
      vertex -72.1 91.23 1.5
      vertex -69.7199 90.9956 -1.5
      vertex -72.1 91.23 -1.5
    endloop
  endfacet
  facet normal -0.956933 0.290308 0
    outer loop
      vertex -84.0656 81.4101 -1.5
      vertex -83.3713 83.6987 1.5
      vertex -83.3713 83.6987 -1.5
    endloop
  endfacet
  facet normal -0.956933 0.290308 0
    outer loop
      vertex -83.3713 83.6987 1.5
      vertex -84.0656 81.4101 -1.5
      vertex -84.0656 81.4101 1.5
    endloop
  endfacet
  facet normal 0.773024 0.634377 0
    outer loop
      vertex -25.1786 78.6834 1.5
      vertex -25.4211 78.9789 -1.5
      vertex -25.4211 78.9789 1.5
    endloop
  endfacet
  facet normal 0.773024 0.634377 0
    outer loop
      vertex -25.4211 78.9789 -1.5
      vertex -25.1786 78.6834 1.5
      vertex -25.1786 78.6834 -1.5
    endloop
  endfacet
  facet normal 0.165233 -0.986255 0
    outer loop
      vertex -69.7199 -3.93558 -1.5
      vertex -27.9196 3.06747 1.5
      vertex -69.7199 -3.93558 1.5
    endloop
  endfacet
  facet normal 0.165233 -0.986255 0
    outer loop
      vertex -27.9196 3.06747 1.5
      vertex -69.7199 -3.93558 -1.5
      vertex -27.9196 3.06747 -1.5
    endloop
  endfacet
  facet normal -0.773015 -0.634387 0
    outer loop
      vertex -80.7267 -0.596703 -1.5
      vertex -82.2439 1.25204 1.5
      vertex -82.2439 1.25204 -1.5
    endloop
  endfacet
  facet normal -0.773015 -0.634387 0
    outer loop
      vertex -82.2439 1.25204 1.5
      vertex -80.7267 -0.596703 -1.5
      vertex -80.7267 -0.596703 1.5
    endloop
  endfacet
  facet normal 0.0980174 -0.995185 0
    outer loop
      vertex -72.1 -4.17 -1.5
      vertex -69.7199 -3.93558 1.5
      vertex -72.1 -4.17 1.5
    endloop
  endfacet
  facet normal 0.0980174 -0.995185 0
    outer loop
      vertex -69.7199 -3.93558 1.5
      vertex -72.1 -4.17 -1.5
      vertex -69.7199 -3.93558 -1.5
    endloop
  endfacet
  facet normal 0.881962 0.471321 0
    outer loop
      vertex 12.1766 20.7462 1.5
      vertex 11.9964 21.0834 -1.5
      vertex 11.9964 21.0834 1.5
    endloop
  endfacet
  facet normal 0.881962 0.471321 0
    outer loop
      vertex 11.9964 21.0834 -1.5
      vertex 12.1766 20.7462 1.5
      vertex 12.1766 20.7462 -1.5
    endloop
  endfacet
  facet normal -0.0980174 -0.995185 0
    outer loop
      vertex -74.4801 -3.93558 -1.5
      vertex -72.1 -4.17 1.5
      vertex -74.4801 -3.93558 1.5
    endloop
  endfacet
  facet normal -0.0980174 -0.995185 -0
    outer loop
      vertex -72.1 -4.17 1.5
      vertex -74.4801 -3.93558 -1.5
      vertex -72.1 -4.17 -1.5
    endloop
  endfacet
  facet normal 0.362021 -0.93217 -6.64231e-05
    outer loop
      vertex -27.5538 3.17843 1.5
      vertex 10.739 18.05 1.04187
      vertex 11.1212 18.1984 1.5
    endloop
  endfacet
  facet normal 0.362022 -0.93217 0
    outer loop
      vertex -27.5538 3.17843 1.5
      vertex 10.739 18.05 1.01764
      vertex 10.739 18.05 1.04187
    endloop
  endfacet
  facet normal 0.362022 -0.93217 0
    outer loop
      vertex -27.5538 3.17843 1.5
      vertex 10.739 18.05 0.833449
      vertex 10.739 18.05 1.01764
    endloop
  endfacet
  facet normal 0.362022 -0.93217 0
    outer loop
      vertex -27.5538 3.17843 1.5
      vertex 10.739 18.05 0.66157
      vertex 10.739 18.05 0.833449
    endloop
  endfacet
  facet normal 0.362022 -0.93217 0
    outer loop
      vertex -27.5538 3.17843 1.5
      vertex 10.739 18.05 -0.66157
      vertex 10.739 18.05 0.66157
    endloop
  endfacet
  facet normal 0.362022 -0.93217 0
    outer loop
      vertex 10.739 18.05 -0.66157
      vertex -27.5538 3.17843 1.5
      vertex -27.5538 3.17843 -1.5
    endloop
  endfacet
  facet normal 0.361919 -0.932209 3.12239e-05
    outer loop
      vertex 10.8712 18.1013 0.292635
      vertex 11.1212 18.1984 1.5
      vertex 10.739 18.05 1.04187
    endloop
  endfacet
  facet normal 0.362178 -0.932109 -3.03993e-05
    outer loop
      vertex 10.9 18.1125 0
      vertex 11.1212 18.1984 1.5
      vertex 10.8712 18.1013 0.292635
    endloop
  endfacet
  facet normal 0.362178 -0.932109 3.03993e-05
    outer loop
      vertex 11.1212 18.1984 -1.5
      vertex 10.9 18.1125 0
      vertex 10.8712 18.1013 -0.292635
    endloop
  endfacet
  facet normal 0.361999 -0.932179 0
    outer loop
      vertex 10.9 18.1125 0
      vertex 11.1212 18.1984 -1.5
      vertex 11.1212 18.1984 1.5
    endloop
  endfacet
  facet normal 0.361659 -0.93231 -9.32008e-05
    outer loop
      vertex 10.7858 18.0682 -0.574024
      vertex 11.1212 18.1984 -1.5
      vertex 10.8712 18.1013 -0.292635
    endloop
  endfacet
  facet normal 0.362219 -0.932093 0.000140009
    outer loop
      vertex 10.739 18.05 -0.66157
      vertex 11.1212 18.1984 -1.5
      vertex 10.7858 18.0682 -0.574024
    endloop
  endfacet
  facet normal 0.362021 -0.93217 3.62945e-05
    outer loop
      vertex 11.1212 18.1984 -1.5
      vertex 10.739 18.05 -0.66157
      vertex -27.5538 3.17843 -1.5
    endloop
  endfacet
  facet normal -0.881929 0.471382 0
    outer loop
      vertex -83.3713 83.6987 -1.5
      vertex -82.2439 85.808 1.5
      vertex -82.2439 85.808 -1.5
    endloop
  endfacet
  facet normal -0.881929 0.471382 0
    outer loop
      vertex -82.2439 85.808 1.5
      vertex -83.3713 83.6987 -1.5
      vertex -83.3713 83.6987 1.5
    endloop
  endfacet
  facet normal -0.0980091 0.995186 0
    outer loop
      vertex -72.1 91.23 -1.5
      vertex -74.4801 90.9956 1.5
      vertex -72.1 91.23 1.5
    endloop
  endfacet
  facet normal -0.0980091 0.995186 0
    outer loop
      vertex -74.4801 90.9956 1.5
      vertex -72.1 91.23 -1.5
      vertex -74.4801 90.9956 -1.5
    endloop
  endfacet
  facet normal -0.634403 -0.773003 0
    outer loop
      vertex -80.7267 -0.596703 -1.5
      vertex -78.878 -2.11393 1.5
      vertex -80.7267 -0.596703 1.5
    endloop
  endfacet
  facet normal -0.634403 -0.773003 -0
    outer loop
      vertex -78.878 -2.11393 1.5
      vertex -80.7267 -0.596703 -1.5
      vertex -78.878 -2.11393 -1.5
    endloop
  endfacet
  facet normal 0 0 1
    outer loop
      vertex 12.2875 20.3804 1.5
      vertex 12.2875 19.6196 1.5
      vertex 12.325 20 1.5
    endloop
  endfacet
  facet normal 0 0 1
    outer loop
      vertex 12.1766 20.7462 1.5
      vertex 12.2875 19.6196 1.5
      vertex 12.2875 20.3804 1.5
    endloop
  endfacet
  facet normal 0 0 1
    outer loop
      vertex 12.1766 20.7462 1.5
      vertex 12.1766 19.2538 1.5
      vertex 12.2875 19.6196 1.5
    endloop
  endfacet
  facet normal 0 0 1
    outer loop
      vertex 11.9964 21.0834 1.5
      vertex 12.1766 19.2538 1.5
      vertex 12.1766 20.7462 1.5
    endloop
  endfacet
  facet normal 0 0 1
    outer loop
      vertex 11.9964 21.0834 1.5
      vertex 11.9964 18.9166 1.5
      vertex 12.1766 19.2538 1.5
    endloop
  endfacet
  facet normal 0 0 1
    outer loop
      vertex 11.9964 21.0834 1.5
      vertex 11.7539 18.6211 1.5
      vertex 11.9964 18.9166 1.5
    endloop
  endfacet
  facet normal 0 0 1
    outer loop
      vertex 11.9964 21.0834 1.5
      vertex 11.4584 18.3786 1.5
      vertex 11.7539 18.6211 1.5
    endloop
  endfacet
  facet normal 0 0 1
    outer loop
      vertex 11.9964 21.0834 1.5
      vertex 11.1212 18.1984 1.5
      vertex 11.4584 18.3786 1.5
    endloop
  endfacet
  facet normal 0 0 1
    outer loop
      vertex 11.9964 21.0834 1.5
      vertex 10.6582 21.95 1.5
      vertex 11.1212 18.1984 1.5
    endloop
  endfacet
  facet normal 0 0 1
    outer loop
      vertex -0.854787 42.9737 1.5
      vertex 10.6582 21.95 1.5
      vertex 11.9964 21.0834 1.5
    endloop
  endfacet
  facet normal -0 0 1
    outer loop
      vertex -1.00752 41.423 1.5
      vertex 10.6582 21.95 1.5
      vertex -0.854787 42.9737 1.5
    endloop
  endfacet
  facet normal -0 0 1
    outer loop
      vertex -1.10995 41.0854 1.5
      vertex 10.6582 21.95 1.5
      vertex -1.00752 41.423 1.5
    endloop
  endfacet
  facet normal -0 0 1
    outer loop
      vertex -1.6221 39.397 1.5
      vertex 10.6582 21.95 1.5
      vertex -1.10995 41.0854 1.5
    endloop
  endfacet
  facet normal -0 0 1
    outer loop
      vertex -1.72226 39.2096 1.5
      vertex 10.6582 21.95 1.5
      vertex -1.6221 39.397 1.5
    endloop
  endfacet
  facet normal 0 0 1
    outer loop
      vertex -1.72226 39.2096 1.5
      vertex -2.31614 37.9247 1.5
      vertex 10.6582 21.95 1.5
    endloop
  endfacet
  facet normal -0 0 1
    outer loop
      vertex -2.53927 37.5073 1.5
      vertex 10.6582 21.95 1.5
      vertex -2.31614 37.9247 1.5
    endloop
  endfacet
  facet normal -0 0 1
    outer loop
      vertex -2.68203 37.2402 1.5
      vertex 10.6582 21.95 1.5
      vertex -2.53927 37.5073 1.5
    endloop
  endfacet
  facet normal -0 0 1
    outer loop
      vertex -3.97287 35.324 1.5
      vertex 10.6582 21.95 1.5
      vertex -2.68203 37.2402 1.5
    endloop
  endfacet
  facet normal -0 0 1
    outer loop
      vertex -3.97494 35.3214 1.5
      vertex 10.6582 21.95 1.5
      vertex -3.97287 35.324 1.5
    endloop
  endfacet
  facet normal -0 0 1
    outer loop
      vertex -4.14052 35.1196 1.5
      vertex 10.6582 21.95 1.5
      vertex -3.97494 35.3214 1.5
    endloop
  endfacet
  facet normal -0 0 1
    outer loop
      vertex -4.1446 35.1147 1.5
      vertex 10.6582 21.95 1.5
      vertex -4.14052 35.1196 1.5
    endloop
  endfacet
  facet normal -0 0 1
    outer loop
      vertex -5.92944 33.2243 1.5
      vertex 10.6582 21.95 1.5
      vertex -4.1446 35.1147 1.5
    endloop
  endfacet
  facet normal -0 0 1
    outer loop
      vertex -6.04353 33.1149 1.5
      vertex 10.6582 21.95 1.5
      vertex -5.92944 33.2243 1.5
    endloop
  endfacet
  facet normal -0 0 1
    outer loop
      vertex -6.06802 33.0926 1.5
      vertex 10.6582 21.95 1.5
      vertex -6.04353 33.1149 1.5
    endloop
  endfacet
  facet normal -0 0 1
    outer loop
      vertex -7.78233 31.802 1.5
      vertex 10.6582 21.95 1.5
      vertex -6.06802 33.0926 1.5
    endloop
  endfacet
  facet normal 0 0 1
    outer loop
      vertex -12.3656 21.95 1.5
      vertex -7.78233 31.802 1.5
      vertex -7.99136 31.6446 1.5
    endloop
  endfacet
  facet normal 0 0 1
    outer loop
      vertex -12.3656 21.95 1.5
      vertex -7.99136 31.6446 1.5
      vertex -8.36 31.3849 1.5
    endloop
  endfacet
  facet normal 0 0 1
    outer loop
      vertex -12.3656 21.95 1.5
      vertex -8.36 31.3849 1.5
      vertex -8.39542 31.3602 1.5
    endloop
  endfacet
  facet normal 0 0 1
    outer loop
      vertex -12.3656 21.95 1.5
      vertex -8.39542 31.3602 1.5
      vertex -8.91199 31.0974 1.5
    endloop
  endfacet
  facet normal 0 0 1
    outer loop
      vertex -12.3656 21.95 1.5
      vertex -8.91199 31.0974 1.5
      vertex -9.05358 31.0256 1.5
    endloop
  endfacet
  facet normal 0 0 1
    outer loop
      vertex -12.3656 21.95 1.5
      vertex -9.05358 31.0256 1.5
      vertex -9.92581 30.5834 1.5
    endloop
  endfacet
  facet normal 0 0 1
    outer loop
      vertex -12.3656 21.95 1.5
      vertex -9.92581 30.5834 1.5
      vertex -11.7609 29.7849 1.5
    endloop
  endfacet
  facet normal 0 0 1
    outer loop
      vertex -7.78233 31.802 1.5
      vertex -12.3656 21.95 1.5
      vertex 10.6582 21.95 1.5
    endloop
  endfacet
  facet normal 0 0 1
    outer loop
      vertex 10.6582 18.05 1.5
      vertex 11.1212 18.1984 1.5
      vertex 10.6582 21.95 1.5
    endloop
  endfacet
  facet normal 0 0 0
    outer loop
      vertex 10.6188 18.05 1.5
      vertex 10.6582 18.05 1.5
      vertex 10.6511 18.05 1.5
    endloop
  endfacet
  facet normal 0 0 0
    outer loop
      vertex 10.5304 18.05 1.5
      vertex 10.6582 18.05 1.5
      vertex 10.6188 18.05 1.5
    endloop
  endfacet
  facet normal 0 0 0
    outer loop
      vertex 10.5203 18.05 1.5
      vertex 10.6582 18.05 1.5
      vertex 10.5304 18.05 1.5
    endloop
  endfacet
  facet normal 0 0 0
    outer loop
      vertex 10.5053 18.05 1.5
      vertex 10.6582 18.05 1.5
      vertex 10.5203 18.05 1.5
    endloop
  endfacet
  facet normal 0 0 0
    outer loop
      vertex 10.3704 18.05 1.5
      vertex 10.6582 18.05 1.5
      vertex 10.5053 18.05 1.5
    endloop
  endfacet
  facet normal 0 0 0
    outer loop
      vertex 10.3575 18.05 1.5
      vertex 10.6582 18.05 1.5
      vertex 10.3704 18.05 1.5
    endloop
  endfacet
  facet normal 0 0 0
    outer loop
      vertex 10.1764 18.05 1.5
      vertex 10.6582 18.05 1.5
      vertex 10.3575 18.05 1.5
    endloop
  endfacet
  facet normal 0 0 0
    outer loop
      vertex 9.83463 18.05 1.5
      vertex 10.6582 18.05 1.5
      vertex 10.1764 18.05 1.5
    endloop
  endfacet
  facet normal 0 0 1
    outer loop
      vertex -26.3875 4.59957 1.5
      vertex 9.83463 18.05 1.5
      vertex -24.6412 18.05 1.5
    endloop
  endfacet
  facet normal 0 0 1
    outer loop
      vertex -26.4984 4.23377 1.5
      vertex 9.83463 18.05 1.5
      vertex -26.3875 4.59957 1.5
    endloop
  endfacet
  facet normal 0 0 1
    outer loop
      vertex -26.6786 3.89664 1.5
      vertex 9.83463 18.05 1.5
      vertex -26.4984 4.23377 1.5
    endloop
  endfacet
  facet normal 0 0 1
    outer loop
      vertex -26.9211 3.60114 1.5
      vertex 9.83463 18.05 1.5
      vertex -26.6786 3.89664 1.5
    endloop
  endfacet
  facet normal -0 0 1
    outer loop
      vertex 9.83463 18.05 1.5
      vertex -26.9211 3.60114 1.5
      vertex 10.6582 18.05 1.5
    endloop
  endfacet
  facet normal 0 0 1
    outer loop
      vertex -27.2166 3.35863 1.5
      vertex 10.6582 18.05 1.5
      vertex -26.9211 3.60114 1.5
    endloop
  endfacet
  facet normal 0 0 1
    outer loop
      vertex -27.5538 3.17843 1.5
      vertex 10.6582 18.05 1.5
      vertex -27.2166 3.35863 1.5
    endloop
  endfacet
  facet normal -0 0 1
    outer loop
      vertex 10.6582 18.05 1.5
      vertex -27.5538 3.17843 1.5
      vertex 11.1212 18.1984 1.5
    endloop
  endfacet
  facet normal 0 0 1
    outer loop
      vertex -28.4214 78.6834 1.5
      vertex -67.0165 86.6379 1.5
      vertex -34.6819 68.9169 1.5
    endloop
  endfacet
  facet normal 0 0 1
    outer loop
      vertex -28.1789 78.9789 1.5
      vertex -67.0165 86.6379 1.5
      vertex -28.4214 78.6834 1.5
    endloop
  endfacet
  facet normal 0 0 1
    outer loop
      vertex -27.8834 79.2214 1.5
      vertex -67.0165 86.6379 1.5
      vertex -28.1789 78.9789 1.5
    endloop
  endfacet
  facet normal 0 0 1
    outer loop
      vertex -69.7199 90.9956 1.5
      vertex -27.8834 79.2214 1.5
      vertex -27.5462 79.4016 1.5
    endloop
  endfacet
  facet normal 0 0 1
    outer loop
      vertex -69.7199 90.9956 1.5
      vertex -27.5462 79.4016 1.5
      vertex -27.1804 79.5125 1.5
    endloop
  endfacet
  facet normal 0 0 1
    outer loop
      vertex -69.7199 90.9956 1.5
      vertex -27.1804 79.5125 1.5
      vertex -26.8 79.55 1.5
    endloop
  endfacet
  facet normal 0 0 1
    outer loop
      vertex -69.7199 90.9956 1.5
      vertex -26.8 79.55 1.5
      vertex -26.4196 79.5125 1.5
    endloop
  endfacet
  facet normal 0 0 1
    outer loop
      vertex -27.8834 79.2214 1.5
      vertex -69.7199 90.9956 1.5
      vertex -67.0165 86.6379 1.5
    endloop
  endfacet
  facet normal 0 0 1
    outer loop
      vertex -67.0165 86.6379 1.5
      vertex -69.7199 90.9956 1.5
      vertex -68.3348 87.3426 1.5
    endloop
  endfacet
  facet normal 0 0 1
    outer loop
      vertex -68.3348 87.3426 1.5
      vertex -69.7199 90.9956 1.5
      vertex -68.5984 87.4835 1.5
    endloop
  endfacet
  facet normal 0 0 1
    outer loop
      vertex -69.7199 90.9956 1.5
      vertex -70.0288 87.9174 1.5
      vertex -68.5984 87.4835 1.5
    endloop
  endfacet
  facet normal 0 0 1
    outer loop
      vertex -69.7199 90.9956 1.5
      vertex -70.3149 88.0042 1.5
      vertex -70.0288 87.9174 1.5
    endloop
  endfacet
  facet normal 0 0 1
    outer loop
      vertex -69.7199 90.9956 1.5
      vertex -70.6124 88.0335 1.5
      vertex -70.3149 88.0042 1.5
    endloop
  endfacet
  facet normal 0 0 1
    outer loop
      vertex -72.1 91.23 1.5
      vertex -70.6124 88.0335 1.5
      vertex -69.7199 90.9956 1.5
    endloop
  endfacet
  facet normal 0 0 1
    outer loop
      vertex -72.1 91.23 1.5
      vertex -72.1 88.18 1.5
      vertex -70.6124 88.0335 1.5
    endloop
  endfacet
  facet normal 0 0 1
    outer loop
      vertex -72.1 91.23 1.5
      vertex -73.5876 88.0335 1.5
      vertex -72.1 88.18 1.5
    endloop
  endfacet
  facet normal -0 0 1
    outer loop
      vertex -74.4801 90.9956 1.5
      vertex -73.5876 88.0335 1.5
      vertex -72.1 91.23 1.5
    endloop
  endfacet
  facet normal 0 0 1
    outer loop
      vertex -73.5876 88.0335 1.5
      vertex -74.4801 90.9956 1.5
      vertex -73.8851 88.0042 1.5
    endloop
  endfacet
  facet normal 0 0 1
    outer loop
      vertex -73.8851 88.0042 1.5
      vertex -74.4801 90.9956 1.5
      vertex -74.1712 87.9174 1.5
    endloop
  endfacet
  facet normal -0 0 1
    outer loop
      vertex -76.7687 90.3013 1.5
      vertex -74.1712 87.9174 1.5
      vertex -74.4801 90.9956 1.5
    endloop
  endfacet
  facet normal 0 0 1
    outer loop
      vertex -74.1712 87.9174 1.5
      vertex -76.7687 90.3013 1.5
      vertex -75.6016 87.4835 1.5
    endloop
  endfacet
  facet normal 0 0 1
    outer loop
      vertex -76.7687 90.3013 1.5
      vertex -76.9198 86.7789 1.5
      vertex -75.6016 87.4835 1.5
    endloop
  endfacet
  facet normal -0 0 1
    outer loop
      vertex -78.878 89.1739 1.5
      vertex -76.9198 86.7789 1.5
      vertex -76.7687 90.3013 1.5
    endloop
  endfacet
  facet normal 0 0 1
    outer loop
      vertex -76.9198 86.7789 1.5
      vertex -78.878 89.1739 1.5
      vertex -77.1835 86.6379 1.5
    endloop
  endfacet
  facet normal 0 0 1
    outer loop
      vertex -77.1835 86.6379 1.5
      vertex -78.878 89.1739 1.5
      vertex -77.4146 86.4483 1.5
    endloop
  endfacet
  facet normal -0 0 1
    outer loop
      vertex -80.7267 87.6567 1.5
      vertex -77.4146 86.4483 1.5
      vertex -78.878 89.1739 1.5
    endloop
  endfacet
  facet normal 0 0 1
    outer loop
      vertex -77.4146 86.4483 1.5
      vertex -80.7267 87.6567 1.5
      vertex -78.57 85.5 1.5
    endloop
  endfacet
  facet normal 0 0 1
    outer loop
      vertex -78.57 85.5 1.5
      vertex -80.7267 87.6567 1.5
      vertex -78.7597 85.2689 1.5
    endloop
  endfacet
  facet normal -0 0 1
    outer loop
      vertex -82.2439 85.808 1.5
      vertex -78.7597 85.2689 1.5
      vertex -80.7267 87.6567 1.5
    endloop
  endfacet
  facet normal 0 0 1
    outer loop
      vertex -78.7597 85.2689 1.5
      vertex -82.2439 85.808 1.5
      vertex -79.7079 84.1135 1.5
    endloop
  endfacet
  facet normal 0 0 1
    outer loop
      vertex -79.7079 84.1135 1.5
      vertex -82.2439 85.808 1.5
      vertex -79.8489 83.8498 1.5
    endloop
  endfacet
  facet normal 0 0 1
    outer loop
      vertex -83.3713 83.6987 1.5
      vertex -79.8489 83.8498 1.5
      vertex -82.2439 85.808 1.5
    endloop
  endfacet
  facet normal 0 0 1
    outer loop
      vertex -79.8489 83.8498 1.5
      vertex -83.3713 83.6987 1.5
      vertex -80.5535 82.5316 1.5
    endloop
  endfacet
  facet normal 0 0 1
    outer loop
      vertex -80.5535 82.5316 1.5
      vertex -83.3713 83.6987 1.5
      vertex -80.6403 82.2455 1.5
    endloop
  endfacet
  facet normal 0 0 1
    outer loop
      vertex -84.0656 81.4101 1.5
      vertex -80.6403 82.2455 1.5
      vertex -83.3713 83.6987 1.5
    endloop
  endfacet
  facet normal 0 0 1
    outer loop
      vertex -80.6403 82.2455 1.5
      vertex -84.0656 81.4101 1.5
      vertex -81.0742 80.8151 1.5
    endloop
  endfacet
  facet normal -0 0 1
    outer loop
      vertex -84.3 79.03 1.5
      vertex -81.2207 78.7325 1.5
      vertex -81.25 79.03 1.5
    endloop
  endfacet
  facet normal 0 0 1
    outer loop
      vertex -81.0742 80.8151 1.5
      vertex -84.0656 81.4101 1.5
      vertex -81.2207 79.3275 1.5
    endloop
  endfacet
  facet normal 0 0 1
    outer loop
      vertex -84.3 79.03 1.5
      vertex -81.2207 79.3275 1.5
      vertex -84.0656 81.4101 1.5
    endloop
  endfacet
  facet normal 0 0 1
    outer loop
      vertex -81.2207 79.3275 1.5
      vertex -84.3 79.03 1.5
      vertex -81.25 79.03 1.5
    endloop
  endfacet
  facet normal 0 0 1
    outer loop
      vertex -84.4321 77.03 1.5
      vertex -81.2207 78.7325 1.5
      vertex -84.3 79.03 1.5
    endloop
  endfacet
  facet normal 0 0 1
    outer loop
      vertex -81.2207 78.7325 1.5
      vertex -84.4321 77.03 1.5
      vertex -81.0742 77.2449 1.5
    endloop
  endfacet
  facet normal 0 0 1
    outer loop
      vertex -81.0742 77.2449 1.5
      vertex -84.4321 77.03 1.5
      vertex -81.009 77.03 1.5
    endloop
  endfacet
  facet normal 0 0 1
    outer loop
      vertex -84.9007 20.03 1.5
      vertex -88.1625 19.6196 1.5
      vertex -84.9007 18.05 1.5
    endloop
  endfacet
  facet normal -0 0 1
    outer loop
      vertex -88.198 20.03 1.5
      vertex -88.1625 19.6196 1.5
      vertex -84.9007 20.03 1.5
    endloop
  endfacet
  facet normal 0 0 1
    outer loop
      vertex -88.1625 19.6196 1.5
      vertex -88.198 20.03 1.5
      vertex -88.2 20 1.5
    endloop
  endfacet
  facet normal 0 0 1
    outer loop
      vertex -57.2125 4.59957 1.5
      vertex -69.1086 8.62502 1.5
      vertex -69.05 8.03 1.5
    endloop
  endfacet
  facet normal 0 0 1
    outer loop
      vertex -58.9588 18.05 1.5
      vertex -69.2822 9.19718 1.5
      vertex -69.1086 8.62502 1.5
    endloop
  endfacet
  facet normal 0 0 1
    outer loop
      vertex -58.9588 18.05 1.5
      vertex -69.564 9.72449 1.5
      vertex -69.2822 9.19718 1.5
    endloop
  endfacet
  facet normal 0 0 1
    outer loop
      vertex -58.9588 18.05 1.5
      vertex -69.9433 10.1867 1.5
      vertex -69.564 9.72449 1.5
    endloop
  endfacet
  facet normal 0 0 1
    outer loop
      vertex -58.9588 18.05 1.5
      vertex -70.4055 10.566 1.5
      vertex -69.9433 10.1867 1.5
    endloop
  endfacet
  facet normal 0 0 1
    outer loop
      vertex -58.9588 18.05 1.5
      vertex -70.9328 10.8478 1.5
      vertex -70.4055 10.566 1.5
    endloop
  endfacet
  facet normal 0 0 1
    outer loop
      vertex -58.9588 18.05 1.5
      vertex -71.505 11.0214 1.5
      vertex -70.9328 10.8478 1.5
    endloop
  endfacet
  facet normal 0 0 1
    outer loop
      vertex -58.9588 18.05 1.5
      vertex -72.1 11.08 1.5
      vertex -71.505 11.0214 1.5
    endloop
  endfacet
  facet normal -0 0 1
    outer loop
      vertex -84.9007 18.05 1.5
      vertex -72.1 11.08 1.5
      vertex -58.9588 18.05 1.5
    endloop
  endfacet
  facet normal 0 0 1
    outer loop
      vertex -72.1 11.08 1.5
      vertex -84.9007 18.05 1.5
      vertex -72.695 11.0214 1.5
    endloop
  endfacet
  facet normal 0 0 1
    outer loop
      vertex -84.0656 5.6499 1.5
      vertex -75.15 8.03 1.5
      vertex -75.0914 8.62502 1.5
    endloop
  endfacet
  facet normal 0 0 1
    outer loop
      vertex -75.15 8.03 1.5
      vertex -78.878 -2.11393 1.5
      vertex -76.7687 -3.24133 1.5
    endloop
  endfacet
  facet normal 0 0 1
    outer loop
      vertex -84.0656 5.6499 1.5
      vertex -75.0914 8.62502 1.5
      vertex -74.9178 9.19718 1.5
    endloop
  endfacet
  facet normal 0 0 1
    outer loop
      vertex -75.15 8.03 1.5
      vertex -80.7267 -0.596703 1.5
      vertex -78.878 -2.11393 1.5
    endloop
  endfacet
  facet normal 0 0 1
    outer loop
      vertex -84.9007 18.05 1.5
      vertex -74.9178 9.19718 1.5
      vertex -74.636 9.72449 1.5
    endloop
  endfacet
  facet normal 0 0 1
    outer loop
      vertex -75.15 8.03 1.5
      vertex -82.2439 1.25204 1.5
      vertex -80.7267 -0.596703 1.5
    endloop
  endfacet
  facet normal 0 0 1
    outer loop
      vertex -84.9007 18.05 1.5
      vertex -74.636 9.72449 1.5
      vertex -74.2567 10.1867 1.5
    endloop
  endfacet
  facet normal 0 0 1
    outer loop
      vertex -75.15 8.03 1.5
      vertex -83.3713 3.36126 1.5
      vertex -82.2439 1.25204 1.5
    endloop
  endfacet
  facet normal 0 0 1
    outer loop
      vertex -84.9007 18.05 1.5
      vertex -74.2567 10.1867 1.5
      vertex -73.7945 10.566 1.5
    endloop
  endfacet
  facet normal 0 0 1
    outer loop
      vertex -75.15 8.03 1.5
      vertex -84.0656 5.6499 1.5
      vertex -83.3713 3.36126 1.5
    endloop
  endfacet
  facet normal 0 0 1
    outer loop
      vertex -84.9007 18.05 1.5
      vertex -73.7945 10.566 1.5
      vertex -73.2672 10.8478 1.5
    endloop
  endfacet
  facet normal 0 0 1
    outer loop
      vertex -72.695 11.0214 1.5
      vertex -84.9007 18.05 1.5
      vertex -73.2672 10.8478 1.5
    endloop
  endfacet
  facet normal 0 0 1
    outer loop
      vertex -74.9178 9.19718 1.5
      vertex -84.9007 18.05 1.5
      vertex -84.0656 5.6499 1.5
    endloop
  endfacet
  facet normal 0 0 1
    outer loop
      vertex -84.0656 5.6499 1.5
      vertex -84.9007 18.05 1.5
      vertex -88.1625 19.6196 1.5
    endloop
  endfacet
  facet normal -0 0 1
    outer loop
      vertex -45.7633 18.05 1.5
      vertex -29.9214 3.89664 1.5
      vertex -37.8367 18.05 1.5
    endloop
  endfacet
  facet normal 0 0 1
    outer loop
      vertex -53.6786 3.89664 1.5
      vertex -29.9214 3.89664 1.5
      vertex -45.7633 18.05 1.5
    endloop
  endfacet
  facet normal 0 0 1
    outer loop
      vertex -29.9214 3.89664 1.5
      vertex -53.6786 3.89664 1.5
      vertex -29.6789 3.60114 1.5
    endloop
  endfacet
  facet normal 0 0 1
    outer loop
      vertex -53.9211 3.60114 1.5
      vertex -29.6789 3.60114 1.5
      vertex -53.6786 3.89664 1.5
    endloop
  endfacet
  facet normal 0 0 1
    outer loop
      vertex -29.6789 3.60114 1.5
      vertex -53.9211 3.60114 1.5
      vertex -29.3834 3.35863 1.5
    endloop
  endfacet
  facet normal 0 0 1
    outer loop
      vertex -54.2166 3.35863 1.5
      vertex -29.3834 3.35863 1.5
      vertex -53.9211 3.60114 1.5
    endloop
  endfacet
  facet normal 0 0 1
    outer loop
      vertex -29.3834 3.35863 1.5
      vertex -54.2166 3.35863 1.5
      vertex -29.0462 3.17843 1.5
    endloop
  endfacet
  facet normal 0 0 1
    outer loop
      vertex -54.5538 3.17843 1.5
      vertex -29.0462 3.17843 1.5
      vertex -54.2166 3.35863 1.5
    endloop
  endfacet
  facet normal 0 0 1
    outer loop
      vertex -29.0462 3.17843 1.5
      vertex -54.5538 3.17843 1.5
      vertex -28.6804 3.06747 1.5
    endloop
  endfacet
  facet normal 0 0 1
    outer loop
      vertex -54.9196 3.06747 1.5
      vertex -28.6804 3.06747 1.5
      vertex -54.5538 3.17843 1.5
    endloop
  endfacet
  facet normal 0 0 1
    outer loop
      vertex -69.7199 -3.93558 1.5
      vertex -28.6804 3.06747 1.5
      vertex -54.9196 3.06747 1.5
    endloop
  endfacet
  facet normal 0 0 1
    outer loop
      vertex -69.7199 -3.93558 1.5
      vertex -54.9196 3.06747 1.5
      vertex -55.3 3.03 1.5
    endloop
  endfacet
  facet normal -0 0 1
    outer loop
      vertex -69.1086 8.62502 1.5
      vertex -57.2125 4.59957 1.5
      vertex -58.9588 18.05 1.5
    endloop
  endfacet
  facet normal -0 0 1
    outer loop
      vertex -69.1086 7.43497 1.5
      vertex -57.2125 4.59957 1.5
      vertex -69.05 8.03 1.5
    endloop
  endfacet
  facet normal -0 0 1
    outer loop
      vertex -69.2822 6.86281 1.5
      vertex -57.2125 4.59957 1.5
      vertex -69.1086 7.43497 1.5
    endloop
  endfacet
  facet normal -0 0 1
    outer loop
      vertex -69.564 6.33551 1.5
      vertex -57.2125 4.59957 1.5
      vertex -69.2822 6.86281 1.5
    endloop
  endfacet
  facet normal 0 0 1
    outer loop
      vertex -57.2125 4.59957 1.5
      vertex -69.564 6.33551 1.5
      vertex -57.1016 4.23377 1.5
    endloop
  endfacet
  facet normal -0 0 1
    outer loop
      vertex -69.9433 5.87332 1.5
      vertex -57.1016 4.23377 1.5
      vertex -69.564 6.33551 1.5
    endloop
  endfacet
  facet normal 0 -0 1
    outer loop
      vertex -69.7199 -3.93558 1.5
      vertex -57.1016 4.23377 1.5
      vertex -69.9433 5.87332 1.5
    endloop
  endfacet
  facet normal 0 0 1
    outer loop
      vertex -57.1016 4.23377 1.5
      vertex -69.7199 -3.93558 1.5
      vertex -56.9214 3.89664 1.5
    endloop
  endfacet
  facet normal 0 0 1
    outer loop
      vertex -56.9214 3.89664 1.5
      vertex -69.7199 -3.93558 1.5
      vertex -56.6789 3.60114 1.5
    endloop
  endfacet
  facet normal 0 0 1
    outer loop
      vertex -56.3834 3.35863 1.5
      vertex -69.7199 -3.93558 1.5
      vertex -56.0462 3.17843 1.5
    endloop
  endfacet
  facet normal -0 0 1
    outer loop
      vertex -28.3 3.03 1.5
      vertex -69.7199 -3.93558 1.5
      vertex -27.9196 3.06747 1.5
    endloop
  endfacet
  facet normal 0 0 1
    outer loop
      vertex -28.6804 3.06747 1.5
      vertex -69.7199 -3.93558 1.5
      vertex -28.3 3.03 1.5
    endloop
  endfacet
  facet normal 0 0 1
    outer loop
      vertex -55.6804 3.06747 1.5
      vertex -69.7199 -3.93558 1.5
      vertex -55.3 3.03 1.5
    endloop
  endfacet
  facet normal 0 0 1
    outer loop
      vertex -56.0462 3.17843 1.5
      vertex -69.7199 -3.93558 1.5
      vertex -55.6804 3.06747 1.5
    endloop
  endfacet
  facet normal 0 0 1
    outer loop
      vertex -56.6789 3.60114 1.5
      vertex -69.7199 -3.93558 1.5
      vertex -56.3834 3.35863 1.5
    endloop
  endfacet
  facet normal -0 0 1
    outer loop
      vertex -70.4055 5.49402 1.5
      vertex -69.7199 -3.93558 1.5
      vertex -69.9433 5.87332 1.5
    endloop
  endfacet
  facet normal -0 0 1
    outer loop
      vertex -70.9328 5.21217 1.5
      vertex -69.7199 -3.93558 1.5
      vertex -70.4055 5.49402 1.5
    endloop
  endfacet
  facet normal -0 0 1
    outer loop
      vertex -71.505 5.0386 1.5
      vertex -69.7199 -3.93558 1.5
      vertex -70.9328 5.21217 1.5
    endloop
  endfacet
  facet normal -0 0 1
    outer loop
      vertex -72.1 4.98 1.5
      vertex -69.7199 -3.93558 1.5
      vertex -71.505 5.0386 1.5
    endloop
  endfacet
  facet normal 0 0 1
    outer loop
      vertex -72.1 4.98 1.5
      vertex -72.1 -4.17 1.5
      vertex -69.7199 -3.93558 1.5
    endloop
  endfacet
  facet normal 0 0 1
    outer loop
      vertex -72.695 5.0386 1.5
      vertex -72.1 -4.17 1.5
      vertex -72.1 4.98 1.5
    endloop
  endfacet
  facet normal 0 0 1
    outer loop
      vertex -74.4801 -3.93558 1.5
      vertex -72.695 5.0386 1.5
      vertex -73.2672 5.21217 1.5
    endloop
  endfacet
  facet normal 0 0 1
    outer loop
      vertex -76.7687 -3.24133 1.5
      vertex -73.2672 5.21217 1.5
      vertex -73.7945 5.49402 1.5
    endloop
  endfacet
  facet normal 0 0 1
    outer loop
      vertex -76.7687 -3.24133 1.5
      vertex -73.7945 5.49402 1.5
      vertex -74.2567 5.87332 1.5
    endloop
  endfacet
  facet normal 0 0 1
    outer loop
      vertex -72.695 5.0386 1.5
      vertex -74.4801 -3.93558 1.5
      vertex -72.1 -4.17 1.5
    endloop
  endfacet
  facet normal 0 0 1
    outer loop
      vertex -76.7687 -3.24133 1.5
      vertex -74.2567 5.87332 1.5
      vertex -74.636 6.33551 1.5
    endloop
  endfacet
  facet normal 0 0 1
    outer loop
      vertex -76.7687 -3.24133 1.5
      vertex -74.636 6.33551 1.5
      vertex -74.9178 6.86281 1.5
    endloop
  endfacet
  facet normal 0 0 1
    outer loop
      vertex -76.7687 -3.24133 1.5
      vertex -74.9178 6.86281 1.5
      vertex -75.0914 7.43497 1.5
    endloop
  endfacet
  facet normal 0 0 1
    outer loop
      vertex -76.7687 -3.24133 1.5
      vertex -75.0914 7.43497 1.5
      vertex -75.15 8.03 1.5
    endloop
  endfacet
  facet normal 0 0 1
    outer loop
      vertex -73.2672 5.21217 1.5
      vertex -76.7687 -3.24133 1.5
      vertex -74.4801 -3.93558 1.5
    endloop
  endfacet
  facet normal 0 0 1
    outer loop
      vertex -7.75722 53.742 1.5
      vertex -24.8875 77.9804 1.5
      vertex -24.85 77.6 1.5
    endloop
  endfacet
  facet normal 0 0 1
    outer loop
      vertex -7.75722 53.742 1.5
      vertex -24.9984 78.3462 1.5
      vertex -24.8875 77.9804 1.5
    endloop
  endfacet
  facet normal -0 -0 1
    outer loop
      vertex -24.9984 78.3462 1.5
      vertex -7.75722 53.742 1.5
      vertex -25.1786 78.6834 1.5
    endloop
  endfacet
  facet normal -0 0 1
    outer loop
      vertex -24.8875 77.2196 1.5
      vertex -7.75722 53.742 1.5
      vertex -24.85 77.6 1.5
    endloop
  endfacet
  facet normal 0 0 1
    outer loop
      vertex -24.8875 77.2196 1.5
      vertex -25.9193 64.1145 1.5
      vertex -7.75722 53.742 1.5
    endloop
  endfacet
  facet normal -0 0 1
    outer loop
      vertex -26.7598 65.9858 1.5
      vertex -25.9193 64.1145 1.5
      vertex -24.8875 77.2196 1.5
    endloop
  endfacet
  facet normal 0 0 1
    outer loop
      vertex -25.9193 64.1145 1.5
      vertex -26.7598 65.9858 1.5
      vertex -26.3247 64.3367 1.5
    endloop
  endfacet
  facet normal 0 0 1
    outer loop
      vertex -52.1313 55.7144 1.5
      vertex -45.019 50.7098 1.5
      vertex -44.2419 50.7678 1.5
    endloop
  endfacet
  facet normal 0 0 1
    outer loop
      vertex -52.1313 55.7144 1.5
      vertex -48.1143 49.9985 1.5
      vertex -45.019 50.7098 1.5
    endloop
  endfacet
  facet normal 0 0 1
    outer loop
      vertex -52.1313 55.7144 1.5
      vertex -50.9669 48.8434 1.5
      vertex -48.1143 49.9985 1.5
    endloop
  endfacet
  facet normal 0 0 1
    outer loop
      vertex -52.1313 55.7144 1.5
      vertex -53.4673 47.2888 1.5
      vertex -50.9669 48.8434 1.5
    endloop
  endfacet
  facet normal 0 0 1
    outer loop
      vertex -52.1313 55.7144 1.5
      vertex -55.5192 45.3946 1.5
      vertex -53.4673 47.2888 1.5
    endloop
  endfacet
  facet normal 0 0 1
    outer loop
      vertex -58.9908 41.738 1.5
      vertex -55.5192 45.3946 1.5
      vertex -52.1313 55.7144 1.5
    endloop
  endfacet
  facet normal 0 0 1
    outer loop
      vertex -55.5192 45.3946 1.5
      vertex -58.9908 41.738 1.5
      vertex -57.044 43.2335 1.5
    endloop
  endfacet
  facet normal 0 0 1
    outer loop
      vertex -57.983 40.8886 1.5
      vertex -58.9908 41.738 1.5
      vertex -58.3 38.45 1.5
    endloop
  endfacet
  facet normal 0 0 1
    outer loop
      vertex -57.044 43.2335 1.5
      vertex -58.9908 41.738 1.5
      vertex -57.983 40.8886 1.5
    endloop
  endfacet
  facet normal -0 0 1
    outer loop
      vertex -26.556 33.6665 1.5
      vertex -22.2801 31.2681 1.5
      vertex -25.7374 35.7108 1.5
    endloop
  endfacet
  facet normal -0 0 1
    outer loop
      vertex -28.0807 31.5054 1.5
      vertex -22.2801 31.2681 1.5
      vertex -26.556 33.6665 1.5
    endloop
  endfacet
  facet normal 0 0 1
    outer loop
      vertex -30.1327 29.6112 1.5
      vertex -22.2801 31.2681 1.5
      vertex -28.0807 31.5054 1.5
    endloop
  endfacet
  facet normal 0 0 1
    outer loop
      vertex -22.2801 31.2681 1.5
      vertex -30.1327 29.6112 1.5
      vertex -29.3364 21.95 1.5
    endloop
  endfacet
  facet normal -0 0 1
    outer loop
      vertex -32.6331 28.0566 1.5
      vertex -29.3364 21.95 1.5
      vertex -30.1327 29.6112 1.5
    endloop
  endfacet
  facet normal -0 0 1
    outer loop
      vertex -35.4857 26.9015 1.5
      vertex -29.3364 21.95 1.5
      vertex -32.6331 28.0566 1.5
    endloop
  endfacet
  facet normal -0 0 1
    outer loop
      vertex -38.581 26.1902 1.5
      vertex -29.3364 21.95 1.5
      vertex -35.4857 26.9015 1.5
    endloop
  endfacet
  facet normal -0 0 1
    outer loop
      vertex -41.8 25.95 1.5
      vertex -29.3364 21.95 1.5
      vertex -38.581 26.1902 1.5
    endloop
  endfacet
  facet normal 0 0 1
    outer loop
      vertex -57.1769 21.95 1.5
      vertex -41.8 25.95 1.5
      vertex -45.019 26.1902 1.5
    endloop
  endfacet
  facet normal 0 0 1
    outer loop
      vertex -57.1769 21.95 1.5
      vertex -45.019 26.1902 1.5
      vertex -48.1143 26.9015 1.5
    endloop
  endfacet
  facet normal 0 0 1
    outer loop
      vertex -41.8 25.95 1.5
      vertex -57.1769 21.95 1.5
      vertex -29.3364 21.95 1.5
    endloop
  endfacet
  facet normal 0 0 1
    outer loop
      vertex -50.9669 28.0566 1.5
      vertex -57.1769 21.95 1.5
      vertex -48.1143 26.9015 1.5
    endloop
  endfacet
  facet normal 0 0 1
    outer loop
      vertex -53.4673 29.6112 1.5
      vertex -57.1769 21.95 1.5
      vertex -50.9669 28.0566 1.5
    endloop
  endfacet
  facet normal 0 0 1
    outer loop
      vertex -55.5192 31.5054 1.5
      vertex -57.1769 21.95 1.5
      vertex -53.4673 29.6112 1.5
    endloop
  endfacet
  facet normal 0 0 1
    outer loop
      vertex -57.044 33.6665 1.5
      vertex -57.1769 21.95 1.5
      vertex -55.5192 31.5054 1.5
    endloop
  endfacet
  facet normal 0 0 1
    outer loop
      vertex -57.983 36.0114 1.5
      vertex -57.1769 21.95 1.5
      vertex -57.044 33.6665 1.5
    endloop
  endfacet
  facet normal 0 0 1
    outer loop
      vertex -58.9908 41.738 1.5
      vertex -57.983 36.0114 1.5
      vertex -58.3 38.45 1.5
    endloop
  endfacet
  facet normal 0 0 1
    outer loop
      vertex -57.983 36.0114 1.5
      vertex -58.9908 41.738 1.5
      vertex -57.1769 21.95 1.5
    endloop
  endfacet
  facet normal 0 0 1
    outer loop
      vertex -58.497 59.7057 1.5
      vertex -64.1 62.53 1.5
      vertex -62.6695 43.889 1.5
    endloop
  endfacet
  facet normal 0 0 1
    outer loop
      vertex -58.497 59.7057 1.5
      vertex -64.148 63.0177 1.5
      vertex -64.1 62.53 1.5
    endloop
  endfacet
  facet normal -0 -0 1
    outer loop
      vertex -64.148 63.0177 1.5
      vertex -58.497 59.7057 1.5
      vertex -64.2346 63.3032 1.5
    endloop
  endfacet
  facet normal 0 0 1
    outer loop
      vertex -62.6695 43.889 1.5
      vertex -64.1 62.53 1.5
      vertex -64.1 40.8507 1.5
    endloop
  endfacet
  facet normal 0 0 1
    outer loop
      vertex -8 43.53 1.5
      vertex -5.83437 43.53 1.5
      vertex -5.87491 43.9415 1.5
    endloop
  endfacet
  facet normal -0 0 1
    outer loop
      vertex -8.06917 44.2323 1.5
      vertex -5.87491 43.9415 1.5
      vertex -5.94516 44.6548 1.5
    endloop
  endfacet
  facet normal 0 0 1
    outer loop
      vertex -5.83437 43.53 1.5
      vertex -8 43.53 1.5
      vertex -5.87491 43.1185 1.5
    endloop
  endfacet
  facet normal 0 0 1
    outer loop
      vertex -8.06917 44.2323 1.5
      vertex -5.94516 44.6548 1.5
      vertex -6.15322 45.3407 1.5
    endloop
  endfacet
  facet normal 0 0 1
    outer loop
      vertex -8.06917 42.8277 1.5
      vertex -5.87491 43.1185 1.5
      vertex -8 43.53 1.5
    endloop
  endfacet
  facet normal 0 0 1
    outer loop
      vertex -8.27403 44.9077 1.5
      vertex -6.15322 45.3407 1.5
      vertex -6.27326 45.7364 1.5
    endloop
  endfacet
  facet normal 0 0 1
    outer loop
      vertex -5.87491 43.1185 1.5
      vertex -8.06917 42.8277 1.5
      vertex -5.94516 42.4052 1.5
    endloop
  endfacet
  facet normal 0 0 1
    outer loop
      vertex -8.27403 44.9077 1.5
      vertex -6.27326 45.7364 1.5
      vertex -6.61113 46.3685 1.5
    endloop
  endfacet
  facet normal 0 0 1
    outer loop
      vertex -5.94516 42.4052 1.5
      vertex -8.06917 42.8277 1.5
      vertex -6.15322 41.7193 1.5
    endloop
  endfacet
  facet normal 0 0 1
    outer loop
      vertex -8.60671 45.5301 1.5
      vertex -6.61113 46.3685 1.5
      vertex -6.80606 46.7332 1.5
    endloop
  endfacet
  facet normal -0 0 1
    outer loop
      vertex -8.27403 42.1523 1.5
      vertex -6.15322 41.7193 1.5
      vertex -8.06917 42.8277 1.5
    endloop
  endfacet
  facet normal 0 0 1
    outer loop
      vertex -8.60671 45.5301 1.5
      vertex -6.80606 46.7332 1.5
      vertex -7.06839 47.0529 1.5
    endloop
  endfacet
  facet normal 0 0 1
    outer loop
      vertex -6.15322 41.7193 1.5
      vertex -8.27403 42.1523 1.5
      vertex -6.27326 41.3236 1.5
    endloop
  endfacet
  facet normal 0 0 1
    outer loop
      vertex -9.05441 46.0756 1.5
      vertex -7.06839 47.0529 1.5
      vertex -7.52309 47.6069 1.5
    endloop
  endfacet
  facet normal 0 0 1
    outer loop
      vertex -6.27326 41.3236 1.5
      vertex -8.27403 42.1523 1.5
      vertex -6.61113 40.6915 1.5
    endloop
  endfacet
  facet normal -0 0 1
    outer loop
      vertex -8.60671 41.5299 1.5
      vertex -6.61113 40.6915 1.5
      vertex -8.27403 42.1523 1.5
    endloop
  endfacet
  facet normal 0 0 1
    outer loop
      vertex -6.61113 40.6915 1.5
      vertex -8.60671 41.5299 1.5
      vertex -6.80606 40.3268 1.5
    endloop
  endfacet
  facet normal 0 0 1
    outer loop
      vertex -5.87491 43.9415 1.5
      vertex -8.06917 44.2323 1.5
      vertex -8 43.53 1.5
    endloop
  endfacet
  facet normal 0 0 1
    outer loop
      vertex -9.05441 46.0756 1.5
      vertex -7.52309 47.6069 1.5
      vertex -8.07714 48.0616 1.5
    endloop
  endfacet
  facet normal 0 0 1
    outer loop
      vertex -6.15322 45.3407 1.5
      vertex -8.27403 44.9077 1.5
      vertex -8.06917 44.2323 1.5
    endloop
  endfacet
  facet normal 0 0 1
    outer loop
      vertex -9.59995 46.5233 1.5
      vertex -8.07714 48.0616 1.5
      vertex -8.39679 48.3239 1.5
    endloop
  endfacet
  facet normal 0 0 1
    outer loop
      vertex -6.61113 46.3685 1.5
      vertex -8.60671 45.5301 1.5
      vertex -8.27403 44.9077 1.5
    endloop
  endfacet
  facet normal 0 0 1
    outer loop
      vertex -9.59995 46.5233 1.5
      vertex -8.39679 48.3239 1.5
      vertex -8.76147 48.5189 1.5
    endloop
  endfacet
  facet normal 0 0 1
    outer loop
      vertex -7.06839 47.0529 1.5
      vertex -9.05441 46.0756 1.5
      vertex -8.60671 45.5301 1.5
    endloop
  endfacet
  facet normal 0 0 1
    outer loop
      vertex -10.2223 46.856 1.5
      vertex -8.76147 48.5189 1.5
      vertex -9.39359 48.8567 1.5
    endloop
  endfacet
  facet normal 0 0 1
    outer loop
      vertex -8.07714 48.0616 1.5
      vertex -9.59995 46.5233 1.5
      vertex -9.05441 46.0756 1.5
    endloop
  endfacet
  facet normal 0 0 1
    outer loop
      vertex -10.2223 46.856 1.5
      vertex -9.39359 48.8567 1.5
      vertex -9.78929 48.9768 1.5
    endloop
  endfacet
  facet normal 0 0 1
    outer loop
      vertex -8.76147 48.5189 1.5
      vertex -10.2223 46.856 1.5
      vertex -9.59995 46.5233 1.5
    endloop
  endfacet
  facet normal 0 0 1
    outer loop
      vertex -10.8977 47.0608 1.5
      vertex -9.78929 48.9768 1.5
      vertex -10.4752 49.1848 1.5
    endloop
  endfacet
  facet normal 0 0 1
    outer loop
      vertex -9.78929 48.9768 1.5
      vertex -10.8977 47.0608 1.5
      vertex -10.2223 46.856 1.5
    endloop
  endfacet
  facet normal 0 0 1
    outer loop
      vertex -11.1885 49.2551 1.5
      vertex -10.8977 47.0608 1.5
      vertex -10.4752 49.1848 1.5
    endloop
  endfacet
  facet normal 0 0 1
    outer loop
      vertex -11.6 47.13 1.5
      vertex -11.1885 49.2551 1.5
      vertex -11.6 49.2956 1.5
    endloop
  endfacet
  facet normal 0 0 1
    outer loop
      vertex -11.1885 49.2551 1.5
      vertex -11.6 47.13 1.5
      vertex -10.8977 47.0608 1.5
    endloop
  endfacet
  facet normal -0 0 1
    outer loop
      vertex -12.0115 49.2551 1.5
      vertex -11.6 47.13 1.5
      vertex -11.6 49.2956 1.5
    endloop
  endfacet
  facet normal 0 0 1
    outer loop
      vertex -12.0115 49.2551 1.5
      vertex -12.3023 47.0608 1.5
      vertex -11.6 47.13 1.5
    endloop
  endfacet
  facet normal -0 0 1
    outer loop
      vertex -12.7248 49.1848 1.5
      vertex -12.3023 47.0608 1.5
      vertex -12.0115 49.2551 1.5
    endloop
  endfacet
  facet normal -0 0 1
    outer loop
      vertex -13.4107 48.9768 1.5
      vertex -12.3023 47.0608 1.5
      vertex -12.7248 49.1848 1.5
    endloop
  endfacet
  facet normal 0 0 1
    outer loop
      vertex -12.3023 47.0608 1.5
      vertex -13.4107 48.9768 1.5
      vertex -12.9777 46.856 1.5
    endloop
  endfacet
  facet normal -0 0 1
    outer loop
      vertex -13.8064 48.8567 1.5
      vertex -12.9777 46.856 1.5
      vertex -13.4107 48.9768 1.5
    endloop
  endfacet
  facet normal -0 0 1
    outer loop
      vertex -14.4385 48.5189 1.5
      vertex -12.9777 46.856 1.5
      vertex -13.8064 48.8567 1.5
    endloop
  endfacet
  facet normal 0 0 1
    outer loop
      vertex -12.9777 46.856 1.5
      vertex -14.4385 48.5189 1.5
      vertex -13.6001 46.5233 1.5
    endloop
  endfacet
  facet normal -0 0 1
    outer loop
      vertex -14.8032 48.3239 1.5
      vertex -13.6001 46.5233 1.5
      vertex -14.4385 48.5189 1.5
    endloop
  endfacet
  facet normal -0 0 1
    outer loop
      vertex -15.1229 48.0616 1.5
      vertex -13.6001 46.5233 1.5
      vertex -14.8032 48.3239 1.5
    endloop
  endfacet
  facet normal 0 0 1
    outer loop
      vertex -13.6001 46.5233 1.5
      vertex -15.1229 48.0616 1.5
      vertex -14.1456 46.0756 1.5
    endloop
  endfacet
  facet normal -0 0 1
    outer loop
      vertex -15.6769 47.6069 1.5
      vertex -14.1456 46.0756 1.5
      vertex -15.1229 48.0616 1.5
    endloop
  endfacet
  facet normal -0 0 1
    outer loop
      vertex -15.9392 47.2873 1.5
      vertex -14.1456 46.0756 1.5
      vertex -15.6769 47.6069 1.5
    endloop
  endfacet
  facet normal 0 0 1
    outer loop
      vertex -14.1456 46.0756 1.5
      vertex -15.9392 47.2873 1.5
      vertex -14.5933 45.5301 1.5
    endloop
  endfacet
  facet normal -0 0 1
    outer loop
      vertex -16.3939 46.7332 1.5
      vertex -14.5933 45.5301 1.5
      vertex -15.9392 47.2873 1.5
    endloop
  endfacet
  facet normal -0 0 1
    outer loop
      vertex -16.7318 46.1011 1.5
      vertex -14.5933 45.5301 1.5
      vertex -16.3939 46.7332 1.5
    endloop
  endfacet
  facet normal 0 0 1
    outer loop
      vertex -14.5933 45.5301 1.5
      vertex -16.7318 46.1011 1.5
      vertex -14.926 44.9077 1.5
    endloop
  endfacet
  facet normal -0 0 1
    outer loop
      vertex -16.9267 45.7364 1.5
      vertex -14.926 44.9077 1.5
      vertex -16.7318 46.1011 1.5
    endloop
  endfacet
  facet normal 0 0 1
    outer loop
      vertex -15.2 43.53 1.5
      vertex -15.9392 39.7727 1.5
      vertex -15.3573 39.1908 1.5
    endloop
  endfacet
  facet normal 0 0 1
    outer loop
      vertex -15.3573 39.1908 1.5
      vertex -15.9392 39.7727 1.5
      vertex -15.6769 39.4531 1.5
    endloop
  endfacet
  facet normal -0 0 1
    outer loop
      vertex -17.0468 45.3407 1.5
      vertex -14.926 44.9077 1.5
      vertex -16.9267 45.7364 1.5
    endloop
  endfacet
  facet normal 0 0 1
    outer loop
      vertex -14.926 44.9077 1.5
      vertex -17.0468 45.3407 1.5
      vertex -15.1308 44.2323 1.5
    endloop
  endfacet
  facet normal 0 -0 1
    outer loop
      vertex -16.3939 40.3268 1.5
      vertex -15.2 43.53 1.5
      vertex -16.7318 40.9589 1.5
    endloop
  endfacet
  facet normal 0 0 1
    outer loop
      vertex -15.2 43.53 1.5
      vertex -16.3939 40.3268 1.5
      vertex -15.9392 39.7727 1.5
    endloop
  endfacet
  facet normal -0 0 1
    outer loop
      vertex -17.2548 44.6548 1.5
      vertex -15.1308 44.2323 1.5
      vertex -17.0468 45.3407 1.5
    endloop
  endfacet
  facet normal -0 0 1
    outer loop
      vertex -17.2954 44.2433 1.5
      vertex -15.1308 44.2323 1.5
      vertex -17.2548 44.6548 1.5
    endloop
  endfacet
  facet normal 0 -0 1
    outer loop
      vertex -16.9267 41.3236 1.5
      vertex -15.2 43.53 1.5
      vertex -17.1348 42.0095 1.5
    endloop
  endfacet
  facet normal 0 0 1
    outer loop
      vertex -15.2 43.53 1.5
      vertex -16.9267 41.3236 1.5
      vertex -16.7318 40.9589 1.5
    endloop
  endfacet
  facet normal 0 0 1
    outer loop
      vertex -15.1308 44.2323 1.5
      vertex -17.2954 44.2433 1.5
      vertex -15.2 43.53 1.5
    endloop
  endfacet
  facet normal 0 0 1
    outer loop
      vertex -17.3656 43.53 1.5
      vertex -15.2 43.53 1.5
      vertex -17.2954 44.2433 1.5
    endloop
  endfacet
  facet normal 0 -0 1
    outer loop
      vertex -17.2548 42.4052 1.5
      vertex -15.2 43.53 1.5
      vertex -17.2954 42.8167 1.5
    endloop
  endfacet
  facet normal 0 0 1
    outer loop
      vertex -15.2 43.53 1.5
      vertex -17.2548 42.4052 1.5
      vertex -17.1348 42.0095 1.5
    endloop
  endfacet
  facet normal 0 0 1
    outer loop
      vertex -15.2 43.53 1.5
      vertex -17.3656 43.53 1.5
      vertex -17.2954 42.8167 1.5
    endloop
  endfacet
  facet normal 0 0 1
    outer loop
      vertex -6.80606 40.3268 1.5
      vertex -8.60671 41.5299 1.5
      vertex -7.26076 39.7727 1.5
    endloop
  endfacet
  facet normal -0 0 1
    outer loop
      vertex -9.05441 40.9844 1.5
      vertex -7.26076 39.7727 1.5
      vertex -8.60671 41.5299 1.5
    endloop
  endfacet
  facet normal 0 0 1
    outer loop
      vertex -7.26076 39.7727 1.5
      vertex -9.05441 40.9844 1.5
      vertex -7.52309 39.4531 1.5
    endloop
  endfacet
  facet normal 0 0 1
    outer loop
      vertex -7.52309 39.4531 1.5
      vertex -9.05441 40.9844 1.5
      vertex -7.84273 39.1908 1.5
    endloop
  endfacet
  facet normal -0 0 1
    outer loop
      vertex -9.59995 40.5367 1.5
      vertex -7.84273 39.1908 1.5
      vertex -9.05441 40.9844 1.5
    endloop
  endfacet
  facet normal 0 0 1
    outer loop
      vertex -7.84273 39.1908 1.5
      vertex -9.59995 40.5367 1.5
      vertex -8.39679 38.7361 1.5
    endloop
  endfacet
  facet normal 0 0 1
    outer loop
      vertex -8.39679 38.7361 1.5
      vertex -9.59995 40.5367 1.5
      vertex -9.02891 38.3982 1.5
    endloop
  endfacet
  facet normal -0 0 1
    outer loop
      vertex -10.2223 40.204 1.5
      vertex -9.02891 38.3982 1.5
      vertex -9.59995 40.5367 1.5
    endloop
  endfacet
  facet normal 0 0 1
    outer loop
      vertex -9.02891 38.3982 1.5
      vertex -10.2223 40.204 1.5
      vertex -9.39359 38.2033 1.5
    endloop
  endfacet
  facet normal 0 0 1
    outer loop
      vertex -9.39359 38.2033 1.5
      vertex -10.2223 40.204 1.5
      vertex -10.0795 37.9952 1.5
    endloop
  endfacet
  facet normal -0 0 1
    outer loop
      vertex -10.8977 39.9992 1.5
      vertex -10.0795 37.9952 1.5
      vertex -10.2223 40.204 1.5
    endloop
  endfacet
  facet normal 0 0 1
    outer loop
      vertex -10.0795 37.9952 1.5
      vertex -10.8977 39.9992 1.5
      vertex -10.4752 37.8752 1.5
    endloop
  endfacet
  facet normal 0 0 1
    outer loop
      vertex -10.4752 37.8752 1.5
      vertex -10.8977 39.9992 1.5
      vertex -10.8867 37.8346 1.5
    endloop
  endfacet
  facet normal -0 0 1
    outer loop
      vertex -11.6 39.93 1.5
      vertex -10.8867 37.8346 1.5
      vertex -10.8977 39.9992 1.5
    endloop
  endfacet
  facet normal 0 0 1
    outer loop
      vertex -11.6 39.93 1.5
      vertex -11.6 37.7644 1.5
      vertex -10.8867 37.8346 1.5
    endloop
  endfacet
  facet normal 0 0 1
    outer loop
      vertex -12.3133 37.8346 1.5
      vertex -11.6 39.93 1.5
      vertex -12.3023 39.9992 1.5
    endloop
  endfacet
  facet normal 0 0 1
    outer loop
      vertex -11.6 39.93 1.5
      vertex -12.3133 37.8346 1.5
      vertex -11.6 37.7644 1.5
    endloop
  endfacet
  facet normal 0 0 1
    outer loop
      vertex -12.3023 39.9992 1.5
      vertex -12.7248 37.8752 1.5
      vertex -12.3133 37.8346 1.5
    endloop
  endfacet
  facet normal 0 0 1
    outer loop
      vertex -13.1205 37.9952 1.5
      vertex -12.3023 39.9992 1.5
      vertex -12.9777 40.204 1.5
    endloop
  endfacet
  facet normal 0 0 1
    outer loop
      vertex -12.3023 39.9992 1.5
      vertex -13.1205 37.9952 1.5
      vertex -12.7248 37.8752 1.5
    endloop
  endfacet
  facet normal 0 0 1
    outer loop
      vertex -14.1711 38.3982 1.5
      vertex -12.9777 40.204 1.5
      vertex -13.6001 40.5367 1.5
    endloop
  endfacet
  facet normal 0 0 1
    outer loop
      vertex -12.9777 40.204 1.5
      vertex -13.8064 38.2033 1.5
      vertex -13.1205 37.9952 1.5
    endloop
  endfacet
  facet normal 0 0 1
    outer loop
      vertex -15.3573 39.1908 1.5
      vertex -13.6001 40.5367 1.5
      vertex -14.1456 40.9844 1.5
    endloop
  endfacet
  facet normal 0 0 1
    outer loop
      vertex -12.9777 40.204 1.5
      vertex -14.1711 38.3982 1.5
      vertex -13.8064 38.2033 1.5
    endloop
  endfacet
  facet normal 0 0 1
    outer loop
      vertex -15.3573 39.1908 1.5
      vertex -14.1456 40.9844 1.5
      vertex -14.5933 41.5299 1.5
    endloop
  endfacet
  facet normal 0 0 1
    outer loop
      vertex -13.6001 40.5367 1.5
      vertex -14.8032 38.7361 1.5
      vertex -14.1711 38.3982 1.5
    endloop
  endfacet
  facet normal 0 0 1
    outer loop
      vertex -15.3573 39.1908 1.5
      vertex -14.5933 41.5299 1.5
      vertex -14.926 42.1523 1.5
    endloop
  endfacet
  facet normal 0 0 1
    outer loop
      vertex -15.3573 39.1908 1.5
      vertex -14.926 42.1523 1.5
      vertex -15.1308 42.8277 1.5
    endloop
  endfacet
  facet normal 0 0 1
    outer loop
      vertex -15.3573 39.1908 1.5
      vertex -15.1308 42.8277 1.5
      vertex -15.2 43.53 1.5
    endloop
  endfacet
  facet normal 0 0 1
    outer loop
      vertex -13.6001 40.5367 1.5
      vertex -15.3573 39.1908 1.5
      vertex -14.8032 38.7361 1.5
    endloop
  endfacet
  facet normal 0 0 1
    outer loop
      vertex -69.05 79.03 1.5
      vertex -65.2375 79.03 1.5
      vertex -65.2961 79.625 1.5
    endloop
  endfacet
  facet normal 0 0 1
    outer loop
      vertex -69.1086 79.625 1.5
      vertex -65.2961 79.625 1.5
      vertex -65.3694 80.3688 1.5
    endloop
  endfacet
  facet normal 0 0 1
    outer loop
      vertex -65.2375 79.03 1.5
      vertex -69.05 79.03 1.5
      vertex -65.2961 78.435 1.5
    endloop
  endfacet
  facet normal 0 0 1
    outer loop
      vertex -69.1086 79.625 1.5
      vertex -65.3694 80.3688 1.5
      vertex -65.5863 81.084 1.5
    endloop
  endfacet
  facet normal 0 0 1
    outer loop
      vertex -69.1086 78.435 1.5
      vertex -65.2961 78.435 1.5
      vertex -69.05 79.03 1.5
    endloop
  endfacet
  facet normal 0 0 1
    outer loop
      vertex -69.2822 80.1972 1.5
      vertex -65.5863 81.084 1.5
      vertex -65.7599 81.6562 1.5
    endloop
  endfacet
  facet normal 0 0 1
    outer loop
      vertex -65.2961 78.435 1.5
      vertex -69.1086 78.435 1.5
      vertex -65.3694 77.6912 1.5
    endloop
  endfacet
  facet normal 0 0 1
    outer loop
      vertex -69.2822 80.1972 1.5
      vertex -65.7599 81.6562 1.5
      vertex -66.0417 82.1835 1.5
    endloop
  endfacet
  facet normal 0 0 1
    outer loop
      vertex -65.3694 77.6912 1.5
      vertex -69.1086 78.435 1.5
      vertex -65.5863 76.976 1.5
    endloop
  endfacet
  facet normal 0 0 1
    outer loop
      vertex -69.564 80.7245 1.5
      vertex -66.0417 82.1835 1.5
      vertex -66.394 82.8426 1.5
    endloop
  endfacet
  facet normal -0 0 1
    outer loop
      vertex -69.2822 77.8628 1.5
      vertex -65.5863 76.976 1.5
      vertex -69.1086 78.435 1.5
    endloop
  endfacet
  facet normal 0 0 1
    outer loop
      vertex -65.5863 76.976 1.5
      vertex -69.2822 77.8628 1.5
      vertex -65.7599 76.4038 1.5
    endloop
  endfacet
  facet normal 0 0 1
    outer loop
      vertex -69.564 80.7245 1.5
      vertex -66.394 82.8426 1.5
      vertex -66.8682 83.4203 1.5
    endloop
  endfacet
  facet normal 0 0 1
    outer loop
      vertex -69.9433 81.1867 1.5
      vertex -66.8682 83.4203 1.5
      vertex -67.2475 83.8825 1.5
    endloop
  endfacet
  facet normal 0 0 1
    outer loop
      vertex -65.7599 76.4038 1.5
      vertex -69.2822 77.8628 1.5
      vertex -66.1122 75.7447 1.5
    endloop
  endfacet
  facet normal 0 0 1
    outer loop
      vertex -69.9433 81.1867 1.5
      vertex -67.2475 83.8825 1.5
      vertex -67.7097 84.2618 1.5
    endloop
  endfacet
  facet normal -0 0 1
    outer loop
      vertex -69.564 77.3355 1.5
      vertex -66.1122 75.7447 1.5
      vertex -69.2822 77.8628 1.5
    endloop
  endfacet
  facet normal 0 0 1
    outer loop
      vertex -70.4055 81.566 1.5
      vertex -67.7097 84.2618 1.5
      vertex -68.2874 84.736 1.5
    endloop
  endfacet
  facet normal 0 0 1
    outer loop
      vertex -66.1122 75.7447 1.5
      vertex -69.564 77.3355 1.5
      vertex -66.394 75.2174 1.5
    endloop
  endfacet
  facet normal 0 0 1
    outer loop
      vertex -70.4055 81.566 1.5
      vertex -68.2874 84.736 1.5
      vertex -68.9465 85.0883 1.5
    endloop
  endfacet
  facet normal 0 0 1
    outer loop
      vertex -66.394 75.2174 1.5
      vertex -69.564 77.3355 1.5
      vertex -66.7733 74.7552 1.5
    endloop
  endfacet
  facet normal -0 0 1
    outer loop
      vertex -69.9433 76.8733 1.5
      vertex -66.7733 74.7552 1.5
      vertex -69.564 77.3355 1.5
    endloop
  endfacet
  facet normal 0 0 1
    outer loop
      vertex -65.2961 79.625 1.5
      vertex -69.1086 79.625 1.5
      vertex -69.05 79.03 1.5
    endloop
  endfacet
  facet normal 0 0 1
    outer loop
      vertex -65.5863 81.084 1.5
      vertex -69.2822 80.1972 1.5
      vertex -69.1086 79.625 1.5
    endloop
  endfacet
  facet normal 0 0 1
    outer loop
      vertex -70.9328 81.8478 1.5
      vertex -68.9465 85.0883 1.5
      vertex -69.4738 85.3701 1.5
    endloop
  endfacet
  facet normal 0 0 1
    outer loop
      vertex -66.0417 82.1835 1.5
      vertex -69.564 80.7245 1.5
      vertex -69.2822 80.1972 1.5
    endloop
  endfacet
  facet normal 0 0 1
    outer loop
      vertex -66.8682 83.4203 1.5
      vertex -69.9433 81.1867 1.5
      vertex -69.564 80.7245 1.5
    endloop
  endfacet
  facet normal 0 0 1
    outer loop
      vertex -70.9328 81.8478 1.5
      vertex -69.4738 85.3701 1.5
      vertex -70.189 85.5871 1.5
    endloop
  endfacet
  facet normal 0 0 1
    outer loop
      vertex -67.7097 84.2618 1.5
      vertex -70.4055 81.566 1.5
      vertex -69.9433 81.1867 1.5
    endloop
  endfacet
  facet normal 0 0 1
    outer loop
      vertex -71.505 82.0214 1.5
      vertex -70.189 85.5871 1.5
      vertex -70.7612 85.7606 1.5
    endloop
  endfacet
  facet normal 0 0 1
    outer loop
      vertex -68.9465 85.0883 1.5
      vertex -70.9328 81.8478 1.5
      vertex -70.4055 81.566 1.5
    endloop
  endfacet
  facet normal 0 0 1
    outer loop
      vertex -71.505 82.0214 1.5
      vertex -70.7612 85.7606 1.5
      vertex -71.3562 85.8192 1.5
    endloop
  endfacet
  facet normal 0 0 1
    outer loop
      vertex -70.189 85.5871 1.5
      vertex -71.505 82.0214 1.5
      vertex -70.9328 81.8478 1.5
    endloop
  endfacet
  facet normal 0 0 1
    outer loop
      vertex -72.1 82.08 1.5
      vertex -71.3562 85.8192 1.5
      vertex -72.1 85.8925 1.5
    endloop
  endfacet
  facet normal 0 0 1
    outer loop
      vertex -71.3562 85.8192 1.5
      vertex -72.1 82.08 1.5
      vertex -71.505 82.0214 1.5
    endloop
  endfacet
  facet normal -0 0 1
    outer loop
      vertex -72.8438 85.8192 1.5
      vertex -72.1 82.08 1.5
      vertex -72.1 85.8925 1.5
    endloop
  endfacet
  facet normal 0 0 1
    outer loop
      vertex -72.1 82.08 1.5
      vertex -72.8438 85.8192 1.5
      vertex -72.695 82.0214 1.5
    endloop
  endfacet
  facet normal -0 0 1
    outer loop
      vertex -73.4388 85.7606 1.5
      vertex -72.695 82.0214 1.5
      vertex -72.8438 85.8192 1.5
    endloop
  endfacet
  facet normal -0 0 1
    outer loop
      vertex -74.011 85.5871 1.5
      vertex -72.695 82.0214 1.5
      vertex -73.4388 85.7606 1.5
    endloop
  endfacet
  facet normal 0 0 1
    outer loop
      vertex -72.695 82.0214 1.5
      vertex -74.011 85.5871 1.5
      vertex -73.2672 81.8478 1.5
    endloop
  endfacet
  facet normal -0 0 1
    outer loop
      vertex -74.7262 85.3701 1.5
      vertex -73.2672 81.8478 1.5
      vertex -74.011 85.5871 1.5
    endloop
  endfacet
  facet normal -0 0 1
    outer loop
      vertex -75.3853 85.0178 1.5
      vertex -73.2672 81.8478 1.5
      vertex -74.7262 85.3701 1.5
    endloop
  endfacet
  facet normal 0 0 1
    outer loop
      vertex -73.2672 81.8478 1.5
      vertex -75.3853 85.0178 1.5
      vertex -73.7945 81.566 1.5
    endloop
  endfacet
  facet normal -0 0 1
    outer loop
      vertex -75.9126 84.736 1.5
      vertex -73.7945 81.566 1.5
      vertex -75.3853 85.0178 1.5
    endloop
  endfacet
  facet normal -0 0 1
    outer loop
      vertex -76.3748 84.3567 1.5
      vertex -73.7945 81.566 1.5
      vertex -75.9126 84.736 1.5
    endloop
  endfacet
  facet normal 0 0 1
    outer loop
      vertex -73.7945 81.566 1.5
      vertex -76.3748 84.3567 1.5
      vertex -74.2567 81.1867 1.5
    endloop
  endfacet
  facet normal -0 0 1
    outer loop
      vertex -76.9525 83.8825 1.5
      vertex -74.2567 81.1867 1.5
      vertex -76.3748 84.3567 1.5
    endloop
  endfacet
  facet normal -0 0 1
    outer loop
      vertex -77.3318 83.4203 1.5
      vertex -74.2567 81.1867 1.5
      vertex -76.9525 83.8825 1.5
    endloop
  endfacet
  facet normal 0 0 1
    outer loop
      vertex -66.7733 74.7552 1.5
      vertex -69.9433 76.8733 1.5
      vertex -67.2475 74.1775 1.5
    endloop
  endfacet
  facet normal 0 0 1
    outer loop
      vertex -67.2475 74.1775 1.5
      vertex -69.9433 76.8733 1.5
      vertex -67.7097 73.7982 1.5
    endloop
  endfacet
  facet normal -0 0 1
    outer loop
      vertex -70.4055 76.494 1.5
      vertex -67.7097 73.7982 1.5
      vertex -69.9433 76.8733 1.5
    endloop
  endfacet
  facet normal 0 0 1
    outer loop
      vertex -67.7097 73.7982 1.5
      vertex -70.4055 76.494 1.5
      vertex -68.2874 73.324 1.5
    endloop
  endfacet
  facet normal 0 0 1
    outer loop
      vertex -68.2874 73.324 1.5
      vertex -70.4055 76.494 1.5
      vertex -68.9465 72.9717 1.5
    endloop
  endfacet
  facet normal -0 0 1
    outer loop
      vertex -70.9328 76.2122 1.5
      vertex -68.9465 72.9717 1.5
      vertex -70.4055 76.494 1.5
    endloop
  endfacet
  facet normal 0 0 1
    outer loop
      vertex -68.9465 72.9717 1.5
      vertex -70.9328 76.2122 1.5
      vertex -69.4738 72.6899 1.5
    endloop
  endfacet
  facet normal 0 0 1
    outer loop
      vertex -69.4738 72.6899 1.5
      vertex -70.9328 76.2122 1.5
      vertex -70.046 72.5163 1.5
    endloop
  endfacet
  facet normal -0 0 1
    outer loop
      vertex -71.505 76.0386 1.5
      vertex -70.046 72.5163 1.5
      vertex -70.9328 76.2122 1.5
    endloop
  endfacet
  facet normal 0 0 1
    outer loop
      vertex -70.046 72.5163 1.5
      vertex -71.505 76.0386 1.5
      vertex -70.7612 72.2994 1.5
    endloop
  endfacet
  facet normal 0 0 1
    outer loop
      vertex -71.505 76.0386 1.5
      vertex -71.505 72.2261 1.5
      vertex -70.7612 72.2994 1.5
    endloop
  endfacet
  facet normal -0 0 1
    outer loop
      vertex -72.1 75.98 1.5
      vertex -71.505 72.2261 1.5
      vertex -71.505 76.0386 1.5
    endloop
  endfacet
  facet normal 0 0 1
    outer loop
      vertex -72.1 75.98 1.5
      vertex -72.1 72.1675 1.5
      vertex -71.505 72.2261 1.5
    endloop
  endfacet
  facet normal 0 0 1
    outer loop
      vertex -72.695 72.2261 1.5
      vertex -72.1 75.98 1.5
      vertex -72.695 76.0386 1.5
    endloop
  endfacet
  facet normal 0 0 1
    outer loop
      vertex -72.1 75.98 1.5
      vertex -72.695 72.2261 1.5
      vertex -72.1 72.1675 1.5
    endloop
  endfacet
  facet normal 0 0 1
    outer loop
      vertex -74.011 72.4729 1.5
      vertex -72.695 76.0386 1.5
      vertex -73.2672 76.2122 1.5
    endloop
  endfacet
  facet normal 0 0 1
    outer loop
      vertex -72.695 76.0386 1.5
      vertex -73.4388 72.2994 1.5
      vertex -72.695 72.2261 1.5
    endloop
  endfacet
  facet normal 0 0 1
    outer loop
      vertex -75.3853 73.0422 1.5
      vertex -73.2672 76.2122 1.5
      vertex -73.7945 76.494 1.5
    endloop
  endfacet
  facet normal 0 0 1
    outer loop
      vertex -72.695 76.0386 1.5
      vertex -74.011 72.4729 1.5
      vertex -73.4388 72.2994 1.5
    endloop
  endfacet
  facet normal 0 0 1
    outer loop
      vertex -76.3748 73.7033 1.5
      vertex -73.7945 76.494 1.5
      vertex -74.2567 76.8733 1.5
    endloop
  endfacet
  facet normal 0 0 1
    outer loop
      vertex -77.4267 74.7552 1.5
      vertex -74.2567 76.8733 1.5
      vertex -74.636 77.3355 1.5
    endloop
  endfacet
  facet normal 0 0 1
    outer loop
      vertex -73.2672 76.2122 1.5
      vertex -74.7262 72.6899 1.5
      vertex -74.011 72.4729 1.5
    endloop
  endfacet
  facet normal 0 0 1
    outer loop
      vertex -78.0878 75.7447 1.5
      vertex -74.636 77.3355 1.5
      vertex -74.9178 77.8628 1.5
    endloop
  endfacet
  facet normal 0 0 1
    outer loop
      vertex -78.6571 77.119 1.5
      vertex -74.9178 77.8628 1.5
      vertex -75.0914 78.435 1.5
    endloop
  endfacet
  facet normal 0 0 1
    outer loop
      vertex -78.9039 78.435 1.5
      vertex -75.0914 78.435 1.5
      vertex -75.15 79.03 1.5
    endloop
  endfacet
  facet normal 0 0 1
    outer loop
      vertex -73.2672 76.2122 1.5
      vertex -75.3853 73.0422 1.5
      vertex -74.7262 72.6899 1.5
    endloop
  endfacet
  facet normal -0 0 1
    outer loop
      vertex -77.806 82.8426 1.5
      vertex -74.636 80.7245 1.5
      vertex -77.3318 83.4203 1.5
    endloop
  endfacet
  facet normal 0 0 1
    outer loop
      vertex -74.2567 81.1867 1.5
      vertex -77.3318 83.4203 1.5
      vertex -74.636 80.7245 1.5
    endloop
  endfacet
  facet normal -0 0 1
    outer loop
      vertex -78.0878 82.3153 1.5
      vertex -74.636 80.7245 1.5
      vertex -77.806 82.8426 1.5
    endloop
  endfacet
  facet normal 0 0 1
    outer loop
      vertex -73.7945 76.494 1.5
      vertex -76.3748 73.7033 1.5
      vertex -75.9126 73.324 1.5
    endloop
  endfacet
  facet normal 0 0 1
    outer loop
      vertex -73.7945 76.494 1.5
      vertex -75.9126 73.324 1.5
      vertex -75.3853 73.0422 1.5
    endloop
  endfacet
  facet normal 0 0 1
    outer loop
      vertex -74.636 80.7245 1.5
      vertex -78.0878 82.3153 1.5
      vertex -74.9178 80.1972 1.5
    endloop
  endfacet
  facet normal -0 0 1
    outer loop
      vertex -78.4401 81.6562 1.5
      vertex -74.9178 80.1972 1.5
      vertex -78.0878 82.3153 1.5
    endloop
  endfacet
  facet normal 0 0 1
    outer loop
      vertex -74.2567 76.8733 1.5
      vertex -77.4267 74.7552 1.5
      vertex -76.9525 74.1775 1.5
    endloop
  endfacet
  facet normal 0 0 1
    outer loop
      vertex -74.2567 76.8733 1.5
      vertex -76.9525 74.1775 1.5
      vertex -76.3748 73.7033 1.5
    endloop
  endfacet
  facet normal -0 0 1
    outer loop
      vertex -78.6137 81.084 1.5
      vertex -74.9178 80.1972 1.5
      vertex -78.4401 81.6562 1.5
    endloop
  endfacet
  facet normal 0 0 1
    outer loop
      vertex -74.9178 80.1972 1.5
      vertex -78.6137 81.084 1.5
      vertex -75.0914 79.625 1.5
    endloop
  endfacet
  facet normal 0 0 1
    outer loop
      vertex -74.636 77.3355 1.5
      vertex -78.0878 75.7447 1.5
      vertex -77.806 75.2174 1.5
    endloop
  endfacet
  facet normal 0 0 1
    outer loop
      vertex -74.636 77.3355 1.5
      vertex -77.806 75.2174 1.5
      vertex -77.4267 74.7552 1.5
    endloop
  endfacet
  facet normal -0 0 1
    outer loop
      vertex -78.8306 80.3688 1.5
      vertex -75.0914 79.625 1.5
      vertex -78.6137 81.084 1.5
    endloop
  endfacet
  facet normal 0 0 1
    outer loop
      vertex -78.9039 79.625 1.5
      vertex -75.0914 79.625 1.5
      vertex -78.8306 80.3688 1.5
    endloop
  endfacet
  facet normal 0 0 1
    outer loop
      vertex -74.9178 77.8628 1.5
      vertex -78.6571 77.119 1.5
      vertex -78.4401 76.4038 1.5
    endloop
  endfacet
  facet normal 0 0 1
    outer loop
      vertex -74.9178 77.8628 1.5
      vertex -78.4401 76.4038 1.5
      vertex -78.0878 75.7447 1.5
    endloop
  endfacet
  facet normal 0 0 1
    outer loop
      vertex -75.0914 79.625 1.5
      vertex -78.9039 79.625 1.5
      vertex -75.15 79.03 1.5
    endloop
  endfacet
  facet normal 0 0 1
    outer loop
      vertex -78.9625 79.03 1.5
      vertex -75.15 79.03 1.5
      vertex -78.9039 79.625 1.5
    endloop
  endfacet
  facet normal 0 0 1
    outer loop
      vertex -75.0914 78.435 1.5
      vertex -78.9039 78.435 1.5
      vertex -78.8306 77.6912 1.5
    endloop
  endfacet
  facet normal 0 0 1
    outer loop
      vertex -75.0914 78.435 1.5
      vertex -78.8306 77.6912 1.5
      vertex -78.6571 77.119 1.5
    endloop
  endfacet
  facet normal 0 0 1
    outer loop
      vertex -75.15 79.03 1.5
      vertex -78.9625 79.03 1.5
      vertex -78.9039 78.435 1.5
    endloop
  endfacet
  facet normal 0 0 1
    outer loop
      vertex -78.1 65.03 1.5
      vertex -77.4146 71.6117 1.5
      vertex -78.1 72.1742 1.5
    endloop
  endfacet
  facet normal 0 0 1
    outer loop
      vertex -77.1835 71.4221 1.5
      vertex -78.1 65.03 1.5
      vertex -66.9888 65.03 1.5
    endloop
  endfacet
  facet normal 0 0 1
    outer loop
      vertex -77.4146 71.6117 1.5
      vertex -78.1 65.03 1.5
      vertex -77.1835 71.4221 1.5
    endloop
  endfacet
  facet normal -0.471382 -0.881929 0
    outer loop
      vertex -78.878 -2.11393 -1.5
      vertex -76.7687 -3.24133 1.5
      vertex -78.878 -2.11393 1.5
    endloop
  endfacet
  facet normal -0.471382 -0.881929 -0
    outer loop
      vertex -76.7687 -3.24133 1.5
      vertex -78.878 -2.11393 -1.5
      vertex -76.7687 -3.24133 -1.5
    endloop
  endfacet
  facet normal -0.290308 0.956933 0
    outer loop
      vertex -74.4801 90.9956 -1.5
      vertex -76.7687 90.3013 1.5
      vertex -74.4801 90.9956 1.5
    endloop
  endfacet
  facet normal -0.290308 0.956933 0
    outer loop
      vertex -76.7687 90.3013 1.5
      vertex -74.4801 90.9956 -1.5
      vertex -76.7687 90.3013 -1.5
    endloop
  endfacet
  facet normal -0.471382 0.881929 0
    outer loop
      vertex -76.7687 90.3013 -1.5
      vertex -78.878 89.1739 1.5
      vertex -76.7687 90.3013 1.5
    endloop
  endfacet
  facet normal -0.471382 0.881929 0
    outer loop
      vertex -78.878 89.1739 1.5
      vertex -76.7687 90.3013 -1.5
      vertex -78.878 89.1739 -1.5
    endloop
  endfacet
  facet normal 0.634377 0.773024 -0
    outer loop
      vertex -25.4211 78.9789 -1.5
      vertex -25.7166 79.2214 1.5
      vertex -25.4211 78.9789 1.5
    endloop
  endfacet
  facet normal 0.634377 0.773024 0
    outer loop
      vertex -25.7166 79.2214 1.5
      vertex -25.4211 78.9789 -1.5
      vertex -25.7166 79.2214 -1.5
    endloop
  endfacet
  facet normal -0.881922 -0.471396 0
    outer loop
      vertex -82.2439 1.25204 -1.5
      vertex -83.3713 3.36126 1.5
      vertex -83.3713 3.36126 -1.5
    endloop
  endfacet
  facet normal -0.881922 -0.471396 0
    outer loop
      vertex -83.3713 3.36126 1.5
      vertex -82.2439 1.25204 -1.5
      vertex -82.2439 1.25204 1.5
    endloop
  endfacet
  facet normal 0.471321 -0.881962 0
    outer loop
      vertex 11.1212 18.1984 -1.5
      vertex 11.4584 18.3786 1.5
      vertex 11.1212 18.1984 1.5
    endloop
  endfacet
  facet normal 0.471321 -0.881962 0
    outer loop
      vertex 11.4584 18.3786 1.5
      vertex 11.1212 18.1984 -1.5
      vertex 11.4584 18.3786 -1.5
    endloop
  endfacet
  facet normal 0.995176 0.0981049 0
    outer loop
      vertex 12.325 20 1.5
      vertex 12.2875 20.3804 -1.5
      vertex 12.2875 20.3804 1.5
    endloop
  endfacet
  facet normal 0.995176 0.0981049 0
    outer loop
      vertex 12.2875 20.3804 -1.5
      vertex 12.325 20 1.5
      vertex 12.325 20 -1.5
    endloop
  endfacet
  facet normal 0.773024 -0.634377 0
    outer loop
      vertex 11.7539 18.6211 1.5
      vertex 11.9964 18.9166 -1.5
      vertex 11.9964 18.9166 1.5
    endloop
  endfacet
  facet normal 0.773024 -0.634377 0
    outer loop
      vertex 11.9964 18.9166 -1.5
      vertex 11.7539 18.6211 1.5
      vertex 11.7539 18.6211 -1.5
    endloop
  endfacet
  facet normal 0.881962 -0.471321 0
    outer loop
      vertex 11.9964 18.9166 1.5
      vertex 12.1766 19.2538 -1.5
      vertex 12.1766 19.2538 1.5
    endloop
  endfacet
  facet normal 0.881962 -0.471321 0
    outer loop
      vertex 12.1766 19.2538 -1.5
      vertex 11.9964 18.9166 1.5
      vertex 11.9964 18.9166 -1.5
    endloop
  endfacet
  facet normal 0.634377 -0.773024 0
    outer loop
      vertex 11.4584 18.3786 -1.5
      vertex 11.7539 18.6211 1.5
      vertex 11.4584 18.3786 1.5
    endloop
  endfacet
  facet normal 0.634377 -0.773024 0
    outer loop
      vertex 11.7539 18.6211 1.5
      vertex 11.4584 18.3786 -1.5
      vertex 11.7539 18.6211 -1.5
    endloop
  endfacet
  facet normal -0.290289 -0.956939 0
    outer loop
      vertex -76.7687 -3.24133 -1.5
      vertex -74.4801 -3.93558 1.5
      vertex -76.7687 -3.24133 1.5
    endloop
  endfacet
  facet normal -0.290289 -0.956939 -0
    outer loop
      vertex -74.4801 -3.93558 1.5
      vertex -76.7687 -3.24133 -1.5
      vertex -74.4801 -3.93558 -1.5
    endloop
  endfacet
  facet normal -0.956935 -0.290303 0
    outer loop
      vertex -83.3713 3.36126 -1.5
      vertex -84.0656 5.6499 1.5
      vertex -84.0656 5.6499 -1.5
    endloop
  endfacet
  facet normal -0.956935 -0.290303 0
    outer loop
      vertex -84.0656 5.6499 1.5
      vertex -83.3713 3.36126 -1.5
      vertex -83.3713 3.36126 1.5
    endloop
  endfacet
  facet normal 0.995176 -0.0981049 0
    outer loop
      vertex 12.2875 19.6196 1.5
      vertex 12.325 20 -1.5
      vertex 12.325 20 1.5
    endloop
  endfacet
  facet normal 0.995176 -0.0981049 0
    outer loop
      vertex 12.325 20 -1.5
      vertex 12.2875 19.6196 1.5
      vertex 12.2875 19.6196 -1.5
    endloop
  endfacet
  facet normal 0.956987 -0.290131 0
    outer loop
      vertex 12.1766 19.2538 1.5
      vertex 12.2875 19.6196 -1.5
      vertex 12.2875 19.6196 1.5
    endloop
  endfacet
  facet normal 0.956987 -0.290131 0
    outer loop
      vertex 12.2875 19.6196 -1.5
      vertex 12.1766 19.2538 1.5
      vertex 12.1766 19.2538 -1.5
    endloop
  endfacet
  facet normal 0.471321 0.881962 -0
    outer loop
      vertex -25.7166 79.2214 -1.5
      vertex -26.0538 79.4016 1.5
      vertex -25.7166 79.2214 1.5
    endloop
  endfacet
  facet normal 0.471321 0.881962 0
    outer loop
      vertex -26.0538 79.4016 1.5
      vertex -25.7166 79.2214 -1.5
      vertex -26.0538 79.4016 -1.5
    endloop
  endfacet
  facet normal 0 -1 0
    outer loop
      vertex -78.1 65.03 1.5
      vertex -78.1 65.03 -1.5
      vertex -66.9888 65.03 1.5
    endloop
  endfacet
  facet normal 0 -1 0
    outer loop
      vertex -66.9888 65.03 1.5
      vertex -66.6 65.03 -1.5
      vertex -66.6 65.03 1.63548
    endloop
  endfacet
  facet normal 0 -1 0
    outer loop
      vertex -66.6 65.03 -1.5
      vertex -66.9888 65.03 1.5
      vertex -78.1 65.03 -1.5
    endloop
  endfacet
  facet normal -0.0979479 -0.995192 0
    outer loop
      vertex -66.1123 64.982 -1.5
      vertex -66.6 65.03 1.63548
      vertex -66.6 65.03 -1.5
    endloop
  endfacet
  facet normal -0.0979479 -0.995192 0
    outer loop
      vertex -66.6 65.03 1.63548
      vertex -66.1123 64.982 -1.5
      vertex -66.1123 64.982 1.77875
    endloop
  endfacet
  facet normal -1 0 0
    outer loop
      vertex -64.1 62.53 -1.5
      vertex -64.1 40.8507 1.5
      vertex -64.1 62.53 1.5
    endloop
  endfacet
  facet normal -1 0 0
    outer loop
      vertex -64.1 22.53 -1.5
      vertex -64.1 40.8507 1.5
      vertex -64.1 62.53 -1.5
    endloop
  endfacet
  facet normal -1 -0 0
    outer loop
      vertex -64.1 40.8507 1.5
      vertex -64.1 22.53 -1.5
      vertex -64.1 22.53 17.9104
    endloop
  endfacet
  facet normal -0.881935 -0.471372 -0
    outer loop
      vertex -64.2903 63.4867 1.58261
      vertex -64.5213 63.9189 -1.5
      vertex -64.2903 63.4867 -1.5
    endloop
  endfacet
  facet normal -0.881935 -0.471372 0
    outer loop
      vertex -64.5213 63.9189 -1.5
      vertex -64.2903 63.4867 1.58261
      vertex -64.5213 63.9189 1.74233
    endloop
  endfacet
  facet normal -0.471372 -0.881935 0
    outer loop
      vertex -65.2111 64.6087 -1.5
      vertex -65.6433 64.8397 1.86311
      vertex -65.6433 64.8397 -1.5
    endloop
  endfacet
  facet normal -0.471372 -0.881935 0
    outer loop
      vertex -65.6433 64.8397 1.86311
      vertex -65.2111 64.6087 -1.5
      vertex -65.2111 64.6087 1.88533
    endloop
  endfacet
  facet normal -0.634326 -0.773066 0
    outer loop
      vertex -65.2111 64.6087 -1.5
      vertex -64.8322 64.2978 1.84455
      vertex -65.2111 64.6087 1.88533
    endloop
  endfacet
  facet normal -0.634326 -0.773066 -0
    outer loop
      vertex -64.8322 64.2978 1.84455
      vertex -65.2111 64.6087 -1.5
      vertex -64.8322 64.2978 -1.5
    endloop
  endfacet
  facet normal -0.773066 -0.634326 -0
    outer loop
      vertex -64.5213 63.9189 1.74233
      vertex -64.8322 64.2978 -1.5
      vertex -64.5213 63.9189 -1.5
    endloop
  endfacet
  facet normal -0.773066 -0.634326 0
    outer loop
      vertex -64.8322 64.2978 -1.5
      vertex -64.5213 63.9189 1.74233
      vertex -64.8322 64.2978 1.84455
    endloop
  endfacet
  facet normal -0.290341 -0.956923 0
    outer loop
      vertex -65.6433 64.8397 -1.5
      vertex -66.1123 64.982 1.77875
      vertex -66.1123 64.982 -1.5
    endloop
  endfacet
  facet normal -0.290341 -0.956923 0
    outer loop
      vertex -66.1123 64.982 1.77875
      vertex -65.6433 64.8397 -1.5
      vertex -65.6433 64.8397 1.86311
    endloop
  endfacet
  facet normal -0.956888 -0.290456 0
    outer loop
      vertex -64.2903 63.4867 -1.5
      vertex -64.2346 63.3032 1.5
      vertex -64.2903 63.4867 1.58261
    endloop
  endfacet
  facet normal -0.956923 -0.290341 7.6513e-06
    outer loop
      vertex -64.148 63.0177 -1.5
      vertex -64.2346 63.3032 1.5
      vertex -64.2903 63.4867 -1.5
    endloop
  endfacet
  facet normal -0.956945 -0.290268 0
    outer loop
      vertex -64.2346 63.3032 1.5
      vertex -64.148 63.0177 -1.5
      vertex -64.148 63.0177 1.5
    endloop
  endfacet
  facet normal -0.995192 -0.0979479 0
    outer loop
      vertex -64.1 62.53 -1.5
      vertex -64.148 63.0177 1.5
      vertex -64.148 63.0177 -1.5
    endloop
  endfacet
  facet normal -0.995192 -0.0979479 0
    outer loop
      vertex -64.148 63.0177 1.5
      vertex -64.1 62.53 -1.5
      vertex -64.1 62.53 1.5
    endloop
  endfacet
  facet normal -0.0979479 0.995192 0
    outer loop
      vertex -66.1123 20.078 -1.5
      vertex -66.6 20.03 18.979
      vertex -66.1123 20.078 19.4448
    endloop
  endfacet
  facet normal -0.0979479 0.995192 0
    outer loop
      vertex -66.6 20.03 18.979
      vertex -66.1123 20.078 -1.5
      vertex -66.6 20.03 -1.5
    endloop
  endfacet
  facet normal 0 1 -0
    outer loop
      vertex -66.6 20.03 -1.5
      vertex -84.9007 20.03 1.5
      vertex -66.6 20.03 18.979
    endloop
  endfacet
  facet normal 0 1 0
    outer loop
      vertex -88.198 20.03 -1.5
      vertex -84.9007 20.03 1.5
      vertex -66.6 20.03 -1.5
    endloop
  endfacet
  facet normal 0 1 0
    outer loop
      vertex -84.9007 20.03 1.5
      vertex -88.198 20.03 -1.5
      vertex -88.198 20.03 1.5
    endloop
  endfacet
  facet normal -0.881935 0.471372 0
    outer loop
      vertex -64.5213 21.1411 20.9643
      vertex -64.2903 21.5733 -1.5
      vertex -64.5213 21.1411 -1.5
    endloop
  endfacet
  facet normal -0.881935 0.471372 0
    outer loop
      vertex -64.2903 21.5733 -1.5
      vertex -64.5213 21.1411 20.9643
      vertex -64.2903 21.5733 21.185
    endloop
  endfacet
  facet normal -0.956923 0.290341 0
    outer loop
      vertex -64.2903 21.5733 -1.5
      vertex -64.148 22.0423 18.2559
      vertex -64.148 22.0423 -1.5
    endloop
  endfacet
  facet normal -0.956937 0.290295 1.19275e-06
    outer loop
      vertex -64.148 22.0423 18.2559
      vertex -64.2903 21.5733 -1.5
      vertex -64.176 21.95 18.2853
    endloop
  endfacet
  facet normal -0.95692 0.290353 0
    outer loop
      vertex -64.2903 21.5733 21.185
      vertex -64.176 21.95 18.2853
      vertex -64.2903 21.5733 -1.5
    endloop
  endfacet
  facet normal -0.95692 0.290353 0
    outer loop
      vertex -64.176 21.95 18.2853
      vertex -64.2903 21.5733 21.185
      vertex -64.176 21.95 21.2941
    endloop
  endfacet
  facet normal -0.290341 0.956923 0
    outer loop
      vertex -65.6433 20.2203 -1.5
      vertex -66.1123 20.078 19.4448
      vertex -65.6433 20.2203 19.8928
    endloop
  endfacet
  facet normal -0.290341 0.956923 0
    outer loop
      vertex -66.1123 20.078 19.4448
      vertex -65.6433 20.2203 -1.5
      vertex -66.1123 20.078 -1.5
    endloop
  endfacet
  facet normal -0.995192 0.0979479 0
    outer loop
      vertex -64.148 22.0423 -1.5
      vertex -64.1 22.53 17.9104
      vertex -64.1 22.53 -1.5
    endloop
  endfacet
  facet normal -0.995192 0.0979479 0
    outer loop
      vertex -64.1 22.53 17.9104
      vertex -64.148 22.0423 -1.5
      vertex -64.148 22.0423 18.2559
    endloop
  endfacet
  facet normal -0.773066 0.634326 0
    outer loop
      vertex -64.8322 20.7622 20.6674
      vertex -64.5213 21.1411 -1.5
      vertex -64.8322 20.7622 -1.5
    endloop
  endfacet
  facet normal -0.773066 0.634326 0
    outer loop
      vertex -64.5213 21.1411 -1.5
      vertex -64.8322 20.7622 20.6674
      vertex -64.5213 21.1411 20.9643
    endloop
  endfacet
  facet normal -0.634326 0.773066 0
    outer loop
      vertex -64.8322 20.7622 -1.5
      vertex -65.2111 20.4513 20.3056
      vertex -64.8322 20.7622 20.6674
    endloop
  endfacet
  facet normal -0.634326 0.773066 0
    outer loop
      vertex -65.2111 20.4513 20.3056
      vertex -64.8322 20.7622 -1.5
      vertex -65.2111 20.4513 -1.5
    endloop
  endfacet
  facet normal -0.471372 0.881935 0
    outer loop
      vertex -65.2111 20.4513 -1.5
      vertex -65.6433 20.2203 19.8928
      vertex -65.2111 20.4513 20.3056
    endloop
  endfacet
  facet normal -0.471372 0.881935 0
    outer loop
      vertex -65.6433 20.2203 19.8928
      vertex -65.2111 20.4513 -1.5
      vertex -65.6433 20.2203 -1.5
    endloop
  endfacet
  facet normal -0.290351 -0.95692 4.25668e-05
    outer loop
      vertex -80.1123 76.982 2.05622
      vertex -79.6433 76.8397 2.17528
      vertex -79.7738 76.8793 2.25
    endloop
  endfacet
  facet normal -0.290341 -0.956923 0
    outer loop
      vertex -79.6433 76.8397 -1.5
      vertex -80.1123 76.982 2.05622
      vertex -80.1123 76.982 -1.5
    endloop
  endfacet
  facet normal -0.290341 -0.956923 0
    outer loop
      vertex -80.1123 76.982 2.05622
      vertex -79.6433 76.8397 -1.5
      vertex -79.6433 76.8397 2.17528
    endloop
  endfacet
  facet normal -0.773466 -0.633838 0
    outer loop
      vertex -78.8322 76.2978 -1.5
      vertex -78.7977 76.2557 1.75381
      vertex -78.8322 76.2978 1.76753
    endloop
  endfacet
  facet normal -0.773066 -0.634326 -0
    outer loop
      vertex -78.5213 75.9189 1.6978
      vertex -78.8322 76.2978 -1.5
      vertex -78.5213 75.9189 -1.5
    endloop
  endfacet
  facet normal -0.773017 -0.634386 -1.18531e-05
    outer loop
      vertex -78.8322 76.2978 -1.5
      vertex -78.5213 75.9189 1.6978
      vertex -78.7977 76.2557 1.75381
    endloop
  endfacet
  facet normal 0 -1 0
    outer loop
      vertex -84.4321 77.03 1.5
      vertex -84.4321 77.03 -1.5
      vertex -81.009 77.03 1.5
    endloop
  endfacet
  facet normal 0 -1 0
    outer loop
      vertex -80.6 77.03 -1.5
      vertex -81.009 77.03 1.5
      vertex -84.4321 77.03 -1.5
    endloop
  endfacet
  facet normal 0 -1 0
    outer loop
      vertex -81.009 77.03 1.5
      vertex -80.6 77.03 -1.5
      vertex -80.6 77.03 1.75788
    endloop
  endfacet
  facet normal -1 0 0
    outer loop
      vertex -78.1 73.03 1.93588
      vertex -78.1 74.53 1.93711
      vertex -78.1 74.53 -1.5
    endloop
  endfacet
  facet normal -1 -0 0
    outer loop
      vertex -78.1 74.53 1.93711
      vertex -78.1 73.03 1.93588
      vertex -78.1 74.4205 1.98288
    endloop
  endfacet
  facet normal -1 -0 0
    outer loop
      vertex -78.1 74.4205 1.98288
      vertex -78.1 73.03 1.93588
      vertex -78.1 73.7815 2.25
    endloop
  endfacet
  facet normal -1 0 0
    outer loop
      vertex -78.1 74.53 -1.5
      vertex -78.1 72.1742 1.5
      vertex -78.1 73.03 1.93588
    endloop
  endfacet
  facet normal -1 0 0
    outer loop
      vertex -78.1 65.03 -1.5
      vertex -78.1 72.1742 1.5
      vertex -78.1 74.53 -1.5
    endloop
  endfacet
  facet normal -1 -0 0
    outer loop
      vertex -78.1 72.1742 1.5
      vertex -78.1 65.03 -1.5
      vertex -78.1 65.03 1.5
    endloop
  endfacet
  facet normal -0.0979479 -0.995192 0
    outer loop
      vertex -80.1123 76.982 -1.5
      vertex -80.6 77.03 1.75788
      vertex -80.6 77.03 -1.5
    endloop
  endfacet
  facet normal -0.0979155 -0.995195 4.89713e-06
    outer loop
      vertex -80.6 77.03 1.75788
      vertex -80.1123 76.982 -1.5
      vertex -80.3337 77.0038 1.92075
    endloop
  endfacet
  facet normal -0.0979904 -0.995187 0
    outer loop
      vertex -80.3337 77.0038 1.92075
      vertex -80.1123 76.982 -1.5
      vertex -80.1123 76.982 2.05622
    endloop
  endfacet
  facet normal -0.471372 -0.881935 0
    outer loop
      vertex -79.6433 76.8397 -1.5
      vertex -79.2111 76.6087 1.94693
      vertex -79.6433 76.8397 2.17528
    endloop
  endfacet
  facet normal -0.471372 -0.881935 -0
    outer loop
      vertex -79.2111 76.6087 1.94693
      vertex -79.6433 76.8397 -1.5
      vertex -79.2111 76.6087 -1.5
    endloop
  endfacet
  facet normal -0.995192 -0.0979479 0
    outer loop
      vertex -78.1 74.53 -1.5
      vertex -78.148 75.0177 1.7608
      vertex -78.148 75.0177 -1.5
    endloop
  endfacet
  facet normal -0.995421 -0.0955918 -0.000355762
    outer loop
      vertex -78.148 75.0177 1.7608
      vertex -78.1 74.53 -1.5
      vertex -78.1454 74.9906 1.76767
    endloop
  endfacet
  facet normal -0.995177 -0.0980917 0
    outer loop
      vertex -78.1454 74.9906 1.76767
      vertex -78.1 74.53 -1.5
      vertex -78.1 74.53 1.93711
    endloop
  endfacet
  facet normal -0.956923 -0.290341 0
    outer loop
      vertex -78.148 75.0177 -1.5
      vertex -78.2903 75.4867 1.6978
      vertex -78.2903 75.4867 -1.5
    endloop
  endfacet
  facet normal -0.956923 -0.290341 0
    outer loop
      vertex -78.2903 75.4867 1.6978
      vertex -78.148 75.0177 -1.5
      vertex -78.148 75.0177 1.7608
    endloop
  endfacet
  facet normal -0.634326 -0.773066 0
    outer loop
      vertex -79.2111 76.6087 -1.5
      vertex -78.8322 76.2978 1.76753
      vertex -79.2111 76.6087 1.94693
    endloop
  endfacet
  facet normal -0.634326 -0.773066 -0
    outer loop
      vertex -78.8322 76.2978 1.76753
      vertex -79.2111 76.6087 -1.5
      vertex -78.8322 76.2978 -1.5
    endloop
  endfacet
  facet normal -0.881918 -0.471402 0
    outer loop
      vertex -78.5213 75.9189 -1.5
      vertex -78.32 75.5423 1.6978
      vertex -78.5213 75.9189 1.6978
    endloop
  endfacet
  facet normal -0.881935 -0.471372 4.63273e-06
    outer loop
      vertex -78.2903 75.4867 -1.5
      vertex -78.32 75.5423 1.6978
      vertex -78.5213 75.9189 -1.5
    endloop
  endfacet
  facet normal -0.882045 -0.471165 0
    outer loop
      vertex -78.32 75.5423 1.6978
      vertex -78.2903 75.4867 -1.5
      vertex -78.2903 75.4867 1.6978
    endloop
  endfacet
  facet normal 0.928335 -0.371746 0
    outer loop
      vertex -57.983 40.8886 1.5
      vertex -57.044 43.2335 -1.5
      vertex -57.044 43.2335 1.5
    endloop
  endfacet
  facet normal 0.928335 -0.371746 0
    outer loop
      vertex -57.044 43.2335 -1.5
      vertex -57.983 40.8886 1.5
      vertex -57.983 40.8886 -1.5
    endloop
  endfacet
  facet normal 0.991657 -0.128908 0
    outer loop
      vertex -58.3 38.45 1.5
      vertex -57.983 40.8886 -1.5
      vertex -57.983 40.8886 1.5
    endloop
  endfacet
  facet normal 0.991657 -0.128908 0
    outer loop
      vertex -57.983 40.8886 -1.5
      vertex -58.3 38.45 1.5
      vertex -58.3 38.45 -1.5
    endloop
  endfacet
  facet normal 0.817089 -0.576511 0
    outer loop
      vertex -57.044 43.2335 1.5
      vertex -55.5192 45.3946 -1.5
      vertex -55.5192 45.3946 1.5
    endloop
  endfacet
  facet normal 0.817089 -0.576511 0
    outer loop
      vertex -55.5192 45.3946 -1.5
      vertex -57.044 43.2335 1.5
      vertex -57.044 43.2335 -1.5
    endloop
  endfacet
  facet normal 0.991657 0.128908 0
    outer loop
      vertex -57.983 36.0114 1.5
      vertex -58.3 38.45 -1.5
      vertex -58.3 38.45 1.5
    endloop
  endfacet
  facet normal 0.991657 0.128908 0
    outer loop
      vertex -58.3 38.45 -1.5
      vertex -57.983 36.0114 1.5
      vertex -57.983 36.0114 -1.5
    endloop
  endfacet
  facet normal -0.375326 0.926893 0
    outer loop
      vertex -32.6331 28.0566 -1.5
      vertex -35.4857 26.9015 1.5
      vertex -32.6331 28.0566 1.5
    endloop
  endfacet
  facet normal -0.375326 0.926893 0
    outer loop
      vertex -35.4857 26.9015 1.5
      vertex -32.6331 28.0566 -1.5
      vertex -35.4857 26.9015 -1.5
    endloop
  endfacet
  facet normal 0.528007 0.84924 -0
    outer loop
      vertex -50.9669 28.0566 -1.5
      vertex -53.4673 29.6112 1.5
      vertex -50.9669 28.0566 1.5
    endloop
  endfacet
  facet normal 0.528007 0.84924 0
    outer loop
      vertex -53.4673 29.6112 1.5
      vertex -50.9669 28.0566 -1.5
      vertex -53.4673 29.6112 -1.5
    endloop
  endfacet
  facet normal 0.678307 -0.734779 0
    outer loop
      vertex -55.5192 45.3946 -1.5
      vertex -53.4673 47.2888 1.5
      vertex -55.5192 45.3946 1.5
    endloop
  endfacet
  facet normal 0.678307 -0.734779 0
    outer loop
      vertex -53.4673 47.2888 1.5
      vertex -55.5192 45.3946 -1.5
      vertex -53.4673 47.2888 -1.5
    endloop
  endfacet
  facet normal 0.928335 0.371746 0
    outer loop
      vertex -57.044 33.6665 1.5
      vertex -57.983 36.0114 -1.5
      vertex -57.983 36.0114 1.5
    endloop
  endfacet
  facet normal 0.928335 0.371746 0
    outer loop
      vertex -57.983 36.0114 -1.5
      vertex -57.044 33.6665 1.5
      vertex -57.044 33.6665 -1.5
    endloop
  endfacet
  facet normal -0.678289 0.734795 0
    outer loop
      vertex -28.0807 31.5054 -1.5
      vertex -30.1327 29.6112 1.5
      vertex -28.0807 31.5054 1.5
    endloop
  endfacet
  facet normal -0.678289 0.734795 0
    outer loop
      vertex -30.1327 29.6112 1.5
      vertex -28.0807 31.5054 -1.5
      vertex -30.1327 29.6112 -1.5
    endloop
  endfacet
  facet normal -0.528007 -0.84924 0
    outer loop
      vertex -32.6331 48.8434 -1.5
      vertex -30.1327 47.2888 3.97009
      vertex -32.6331 48.8434 3.99277
    endloop
  endfacet
  facet normal -0.528007 -0.84924 -0
    outer loop
      vertex -30.1327 47.2888 3.97009
      vertex -32.6331 48.8434 -1.5
      vertex -30.1327 47.2888 -1.5
    endloop
  endfacet
  facet normal 0.375326 0.926893 -0
    outer loop
      vertex -48.1143 26.9015 -1.5
      vertex -50.9669 28.0566 1.5
      vertex -48.1143 26.9015 1.5
    endloop
  endfacet
  facet normal 0.375326 0.926893 0
    outer loop
      vertex -50.9669 28.0566 1.5
      vertex -48.1143 26.9015 -1.5
      vertex -50.9669 28.0566 -1.5
    endloop
  endfacet
  facet normal -0.375326 -0.926893 0
    outer loop
      vertex -32.6331 48.8434 -1.5
      vertex -35.4857 49.9985 3.72407
      vertex -35.4857 49.9985 -1.5
    endloop
  endfacet
  facet normal -0.375326 -0.926893 0
    outer loop
      vertex -35.4857 49.9985 3.72407
      vertex -32.6331 48.8434 -1.5
      vertex -32.6331 48.8434 3.99277
    endloop
  endfacet
  facet normal 0.223963 0.974598 -0
    outer loop
      vertex -45.019 26.1902 -1.5
      vertex -48.1143 26.9015 1.5
      vertex -45.019 26.1902 1.5
    endloop
  endfacet
  facet normal 0.223963 0.974598 0
    outer loop
      vertex -48.1143 26.9015 1.5
      vertex -45.019 26.1902 -1.5
      vertex -48.1143 26.9015 -1.5
    endloop
  endfacet
  facet normal 0.375326 -0.926893 0
    outer loop
      vertex -50.9669 48.8434 -1.5
      vertex -48.1143 49.9985 1.5
      vertex -50.9669 48.8434 1.5
    endloop
  endfacet
  facet normal 0.375326 -0.926893 0
    outer loop
      vertex -48.1143 49.9985 1.5
      vertex -50.9669 48.8434 -1.5
      vertex -48.1143 49.9985 -1.5
    endloop
  endfacet
  facet normal -0.223963 -0.974598 0
    outer loop
      vertex -35.4857 49.9985 -1.5
      vertex -38.581 50.7098 3.1743
      vertex -38.581 50.7098 -1.5
    endloop
  endfacet
  facet normal -0.223963 -0.974598 0
    outer loop
      vertex -38.581 50.7098 3.1743
      vertex -35.4857 49.9985 -1.5
      vertex -35.4857 49.9985 3.72407
    endloop
  endfacet
  facet normal -0.817107 0.576486 0
    outer loop
      vertex -28.0807 31.5054 -1.5
      vertex -26.556 33.6665 1.5
      vertex -26.556 33.6665 -1.5
    endloop
  endfacet
  facet normal -0.817107 0.576486 0
    outer loop
      vertex -26.556 33.6665 1.5
      vertex -28.0807 31.5054 -1.5
      vertex -28.0807 31.5054 1.5
    endloop
  endfacet
  facet normal 0.0744294 -0.997226 0
    outer loop
      vertex -45.019 50.7098 1.5
      vertex -45.019 50.7098 -1.5
      vertex -44.2419 50.7678 1.5
    endloop
  endfacet
  facet normal 0.0744287 -0.997226 1.75875e-05
    outer loop
      vertex -41.8 50.95 -1.5
      vertex -43.1018 50.8529 1.94462
      vertex -44.2419 50.7678 1.5
    endloop
  endfacet
  facet normal 0.0744126 -0.997228 4.39701e-06
    outer loop
      vertex -41.8 50.95 -1.5
      vertex -44.2419 50.7678 1.5
      vertex -45.019 50.7098 -1.5
    endloop
  endfacet
  facet normal 0.0743824 -0.99723 0
    outer loop
      vertex -43.1018 50.8529 1.94462
      vertex -41.8 50.95 -1.5
      vertex -41.8 50.95 2.3646
    endloop
  endfacet
  facet normal -0.528007 0.84924 0
    outer loop
      vertex -30.1327 29.6112 -1.5
      vertex -32.6331 28.0566 1.5
      vertex -30.1327 29.6112 1.5
    endloop
  endfacet
  facet normal -0.528007 0.84924 0
    outer loop
      vertex -32.6331 28.0566 1.5
      vertex -30.1327 29.6112 -1.5
      vertex -32.6331 28.0566 -1.5
    endloop
  endfacet
  facet normal 0.223963 -0.974598 0
    outer loop
      vertex -48.1143 49.9985 -1.5
      vertex -45.019 50.7098 1.5
      vertex -48.1143 49.9985 1.5
    endloop
  endfacet
  facet normal 0.223963 -0.974598 0
    outer loop
      vertex -45.019 50.7098 1.5
      vertex -48.1143 49.9985 -1.5
      vertex -45.019 50.7098 -1.5
    endloop
  endfacet
  facet normal -0.817107 -0.576486 0
    outer loop
      vertex -26.556 43.2335 -1.5
      vertex -28.0807 45.3946 3.6761
      vertex -28.0807 45.3946 -1.5
    endloop
  endfacet
  facet normal -0.817107 -0.576486 0
    outer loop
      vertex -28.0807 45.3946 3.6761
      vertex -26.556 43.2335 -1.5
      vertex -26.556 43.2335 4.2395
    endloop
  endfacet
  facet normal 0.817089 0.576511 0
    outer loop
      vertex -55.5192 31.5054 1.5
      vertex -57.044 33.6665 -1.5
      vertex -57.044 33.6665 1.5
    endloop
  endfacet
  facet normal 0.817089 0.576511 0
    outer loop
      vertex -57.044 33.6665 -1.5
      vertex -55.5192 31.5054 1.5
      vertex -55.5192 31.5054 -1.5
    endloop
  endfacet
  facet normal 0.678307 0.734779 -0
    outer loop
      vertex -53.4673 29.6112 -1.5
      vertex -55.5192 31.5054 1.5
      vertex -53.4673 29.6112 1.5
    endloop
  endfacet
  facet normal 0.678307 0.734779 0
    outer loop
      vertex -55.5192 31.5054 1.5
      vertex -53.4673 29.6112 -1.5
      vertex -55.5192 31.5054 -1.5
    endloop
  endfacet
  facet normal 0.528007 -0.84924 0
    outer loop
      vertex -53.4673 47.2888 -1.5
      vertex -50.9669 48.8434 1.5
      vertex -53.4673 47.2888 1.5
    endloop
  endfacet
  facet normal 0.528007 -0.84924 0
    outer loop
      vertex -50.9669 48.8434 1.5
      vertex -53.4673 47.2888 -1.5
      vertex -50.9669 48.8434 -1.5
    endloop
  endfacet
  facet normal 0.0744126 0.997228 -0
    outer loop
      vertex -41.8 25.95 -1.5
      vertex -45.019 26.1902 1.5
      vertex -41.8 25.95 1.5
    endloop
  endfacet
  facet normal 0.0744126 0.997228 0
    outer loop
      vertex -45.019 26.1902 1.5
      vertex -41.8 25.95 -1.5
      vertex -45.019 26.1902 -1.5
    endloop
  endfacet
  facet normal -0.928306 0.371817 0
    outer loop
      vertex -25.617 36.0114 -1.5
      vertex -25.7374 35.7108 1.5
      vertex -25.617 36.0114 1.9225
    endloop
  endfacet
  facet normal -0.928335 0.371746 -8.25573e-06
    outer loop
      vertex -26.556 33.6665 -1.5
      vertex -25.7374 35.7108 1.5
      vertex -25.617 36.0114 -1.5
    endloop
  endfacet
  facet normal -0.928339 0.371735 0
    outer loop
      vertex -25.7374 35.7108 1.5
      vertex -26.556 33.6665 -1.5
      vertex -26.556 33.6665 1.5
    endloop
  endfacet
  facet normal -0.991678 -0.128742 0
    outer loop
      vertex -25.617 40.8886 -1.5
      vertex -25.5746 40.562 4.24252
      vertex -25.617 40.8886 4.30165
    endloop
  endfacet
  facet normal -0.991645 -0.128999 -1.48772e-05
    outer loop
      vertex -25.617 40.8886 -1.5
      vertex -25.4794 39.8302 4.04789
      vertex -25.5746 40.562 4.24252
    endloop
  endfacet
  facet normal -0.991657 -0.128908 -0
    outer loop
      vertex -25.3 38.45 3.68087
      vertex -25.617 40.8886 -1.5
      vertex -25.3 38.45 -1.5
    endloop
  endfacet
  facet normal -0.991658 -0.128898 4.75267e-06
    outer loop
      vertex -25.617 40.8886 -1.5
      vertex -25.3 38.45 3.68087
      vertex -25.4794 39.8302 4.04789
    endloop
  endfacet
  facet normal -0.928344 -0.371721 0
    outer loop
      vertex -26.556 43.2335 -1.5
      vertex -25.9941 41.8302 4.27669
      vertex -26.556 43.2335 4.2395
    endloop
  endfacet
  facet normal -0.928335 -0.371746 -6.81152e-06
    outer loop
      vertex -25.617 40.8886 -1.5
      vertex -25.9941 41.8302 4.27669
      vertex -26.556 43.2335 -1.5
    endloop
  endfacet
  facet normal -0.92832 -0.371782 0
    outer loop
      vertex -25.9941 41.8302 4.27669
      vertex -25.617 40.8886 -1.5
      vertex -25.617 40.8886 4.30165
    endloop
  endfacet
  facet normal -0.0744126 -0.997228 0
    outer loop
      vertex -38.581 50.7098 -1.5
      vertex -41.8 50.95 2.3646
      vertex -41.8 50.95 -1.5
    endloop
  endfacet
  facet normal -0.0744126 -0.997228 0
    outer loop
      vertex -41.8 50.95 2.3646
      vertex -38.581 50.7098 -1.5
      vertex -38.581 50.7098 3.1743
    endloop
  endfacet
  facet normal -0.991664 0.128854 0
    outer loop
      vertex -25.3 38.45 -1.5
      vertex -25.3352 38.1791 3.54867
      vertex -25.3 38.45 3.68087
    endloop
  endfacet
  facet normal -0.991663 0.128857 1.38202e-07
    outer loop
      vertex -25.3763 37.8628 3.35131
      vertex -25.3352 38.1791 3.54867
      vertex -25.3 38.45 -1.5
    endloop
  endfacet
  facet normal -0.99222 0.124269 0.00746832
    outer loop
      vertex -25.3352 38.1791 3.54867
      vertex -25.3763 37.8628 3.35131
      vertex -25.3387 38.152 3.5346
    endloop
  endfacet
  facet normal -0.991648 0.128977 1.49449e-05
    outer loop
      vertex -25.3 38.45 -1.5
      vertex -25.4984 36.9241 2.70963
      vertex -25.3763 37.8628 3.35131
    endloop
  endfacet
  facet normal -0.991651 0.128953 5.97136e-06
    outer loop
      vertex -25.3 38.45 -1.5
      vertex -25.5258 36.7134 2.55302
      vertex -25.4984 36.9241 2.70963
    endloop
  endfacet
  facet normal -0.991867 0.127275 -0.000724945
    outer loop
      vertex -25.3 38.45 -1.5
      vertex -25.5287 36.6907 2.53547
      vertex -25.5258 36.7134 2.55302
    endloop
  endfacet
  facet normal -0.991668 0.12882 -3.99546e-05
    outer loop
      vertex -25.3 38.45 -1.5
      vertex -25.5317 36.6676 2.51693
      vertex -25.5287 36.6907 2.53547
    endloop
  endfacet
  facet normal -0.991339 0.131322 0.00108907
    outer loop
      vertex -25.3 38.45 -1.5
      vertex -25.5321 36.6646 2.51457
      vertex -25.5317 36.6676 2.51693
    endloop
  endfacet
  facet normal -0.991647 0.128985 3.21557e-05
    outer loop
      vertex -25.3 38.45 -1.5
      vertex -25.6048 36.1058 2.02478
      vertex -25.5321 36.6646 2.51457
    endloop
  endfacet
  facet normal -0.991657 0.128908 0
    outer loop
      vertex -25.617 36.0114 1.9225
      vertex -25.3 38.45 -1.5
      vertex -25.617 36.0114 -1.5
    endloop
  endfacet
  facet normal -0.99171 0.128492 -0.000301201
    outer loop
      vertex -25.3 38.45 -1.5
      vertex -25.617 36.0114 1.9225
      vertex -25.6048 36.1058 2.02478
    endloop
  endfacet
  facet normal -0.0744126 0.997228 0
    outer loop
      vertex -38.581 26.1902 -1.5
      vertex -41.8 25.95 1.5
      vertex -38.581 26.1902 1.5
    endloop
  endfacet
  facet normal -0.0744126 0.997228 0
    outer loop
      vertex -41.8 25.95 1.5
      vertex -38.581 26.1902 -1.5
      vertex -41.8 25.95 -1.5
    endloop
  endfacet
  facet normal -0.223963 0.974598 0
    outer loop
      vertex -35.4857 26.9015 -1.5
      vertex -38.581 26.1902 1.5
      vertex -35.4857 26.9015 1.5
    endloop
  endfacet
  facet normal -0.223963 0.974598 0
    outer loop
      vertex -38.581 26.1902 1.5
      vertex -35.4857 26.9015 -1.5
      vertex -38.581 26.1902 -1.5
    endloop
  endfacet
  facet normal -0.678282 -0.734802 -0
    outer loop
      vertex -30.1327 47.2888 3.97009
      vertex -30.1327 47.2888 -1.5
      vertex -28.1098 45.4215 3.66132
    endloop
  endfacet
  facet normal -0.678289 -0.734795 5.38242e-06
    outer loop
      vertex -28.0807 45.3946 -1.5
      vertex -28.1098 45.4215 3.66132
      vertex -30.1327 47.2888 -1.5
    endloop
  endfacet
  facet normal -0.678804 -0.73432 0
    outer loop
      vertex -28.1098 45.4215 3.66132
      vertex -28.0807 45.3946 -1.5
      vertex -28.0807 45.3946 3.6761
    endloop
  endfacet
  facet normal -0.290323 -0.956929 0
    outer loop
      vertex -71.505 11.0214 -1.5
      vertex -70.9328 10.8478 1.5
      vertex -71.505 11.0214 1.5
    endloop
  endfacet
  facet normal -0.290323 -0.956929 -0
    outer loop
      vertex -70.9328 10.8478 1.5
      vertex -71.505 11.0214 -1.5
      vertex -70.9328 10.8478 -1.5
    endloop
  endfacet
  facet normal 0.956923 -0.290342 0
    outer loop
      vertex -75.0914 8.62502 1.5
      vertex -74.9178 9.19718 -1.5
      vertex -74.9178 9.19718 1.5
    endloop
  endfacet
  facet normal 0.956923 -0.290342 0
    outer loop
      vertex -74.9178 9.19718 -1.5
      vertex -75.0914 8.62502 1.5
      vertex -75.0914 8.62502 -1.5
    endloop
  endfacet
  facet normal 0.995185 -0.0980099 0
    outer loop
      vertex -75.15 8.03 1.5
      vertex -75.0914 8.62502 -1.5
      vertex -75.0914 8.62502 1.5
    endloop
  endfacet
  facet normal 0.995185 -0.0980099 0
    outer loop
      vertex -75.0914 8.62502 -1.5
      vertex -75.15 8.03 1.5
      vertex -75.15 8.03 -1.5
    endloop
  endfacet
  facet normal 0.881958 -0.471328 0
    outer loop
      vertex -74.9178 9.19718 1.5
      vertex -74.636 9.72449 -1.5
      vertex -74.636 9.72449 1.5
    endloop
  endfacet
  facet normal 0.881958 -0.471328 0
    outer loop
      vertex -74.636 9.72449 -1.5
      vertex -74.9178 9.19718 1.5
      vertex -74.9178 9.19718 -1.5
    endloop
  endfacet
  facet normal -0.0980132 -0.995185 0
    outer loop
      vertex -72.1 11.08 -1.5
      vertex -71.505 11.0214 1.5
      vertex -72.1 11.08 1.5
    endloop
  endfacet
  facet normal -0.0980132 -0.995185 -0
    outer loop
      vertex -71.505 11.0214 1.5
      vertex -72.1 11.08 -1.5
      vertex -71.505 11.0214 -1.5
    endloop
  endfacet
  facet normal 0.881954 0.471335 0
    outer loop
      vertex -74.636 6.33551 1.5
      vertex -74.9178 6.86281 -1.5
      vertex -74.9178 6.86281 1.5
    endloop
  endfacet
  facet normal 0.881954 0.471335 0
    outer loop
      vertex -74.9178 6.86281 -1.5
      vertex -74.636 6.33551 1.5
      vertex -74.636 6.33551 -1.5
    endloop
  endfacet
  facet normal 0.995186 0.0980083 0
    outer loop
      vertex -75.0914 7.43497 1.5
      vertex -75.15 8.03 -1.5
      vertex -75.15 8.03 1.5
    endloop
  endfacet
  facet normal 0.995186 0.0980083 0
    outer loop
      vertex -75.15 8.03 -1.5
      vertex -75.0914 7.43497 1.5
      vertex -75.0914 7.43497 -1.5
    endloop
  endfacet
  facet normal 0.290277 0.956943 -0
    outer loop
      vertex -72.695 5.0386 -1.5
      vertex -73.2672 5.21217 1.5
      vertex -72.695 5.0386 1.5
    endloop
  endfacet
  facet normal 0.290277 0.956943 0
    outer loop
      vertex -73.2672 5.21217 1.5
      vertex -72.695 5.0386 -1.5
      vertex -73.2672 5.21217 -1.5
    endloop
  endfacet
  facet normal 0.773032 -0.634367 0
    outer loop
      vertex -74.636 9.72449 1.5
      vertex -74.2567 10.1867 -1.5
      vertex -74.2567 10.1867 1.5
    endloop
  endfacet
  facet normal 0.773032 -0.634367 0
    outer loop
      vertex -74.2567 10.1867 -1.5
      vertex -74.636 9.72449 1.5
      vertex -74.636 9.72449 -1.5
    endloop
  endfacet
  facet normal -0.0980132 0.995185 0
    outer loop
      vertex -71.505 5.0386 -1.5
      vertex -72.1 4.98 1.5
      vertex -71.505 5.0386 1.5
    endloop
  endfacet
  facet normal -0.0980132 0.995185 0
    outer loop
      vertex -72.1 4.98 1.5
      vertex -71.505 5.0386 -1.5
      vertex -72.1 4.98 -1.5
    endloop
  endfacet
  facet normal -0.773032 -0.634367 0
    outer loop
      vertex -69.564 9.72449 -1.5
      vertex -69.9433 10.1867 1.5
      vertex -69.9433 10.1867 -1.5
    endloop
  endfacet
  facet normal -0.773032 -0.634367 0
    outer loop
      vertex -69.9433 10.1867 1.5
      vertex -69.564 9.72449 -1.5
      vertex -69.564 9.72449 1.5
    endloop
  endfacet
  facet normal -0.995185 -0.0980099 0
    outer loop
      vertex -69.05 8.03 -1.5
      vertex -69.1086 8.62502 1.5
      vertex -69.1086 8.62502 -1.5
    endloop
  endfacet
  facet normal -0.995185 -0.0980099 0
    outer loop
      vertex -69.1086 8.62502 1.5
      vertex -69.05 8.03 -1.5
      vertex -69.05 8.03 1.5
    endloop
  endfacet
  facet normal -0.773018 0.634384 0
    outer loop
      vertex -69.9433 5.87332 -1.5
      vertex -69.564 6.33551 1.5
      vertex -69.564 6.33551 -1.5
    endloop
  endfacet
  facet normal -0.773018 0.634384 0
    outer loop
      vertex -69.564 6.33551 1.5
      vertex -69.9433 5.87332 -1.5
      vertex -69.9433 5.87332 1.5
    endloop
  endfacet
  facet normal 0.956923 0.290342 0
    outer loop
      vertex -74.9178 6.86281 1.5
      vertex -75.0914 7.43497 -1.5
      vertex -75.0914 7.43497 1.5
    endloop
  endfacet
  facet normal 0.956923 0.290342 0
    outer loop
      vertex -75.0914 7.43497 -1.5
      vertex -74.9178 6.86281 1.5
      vertex -74.9178 6.86281 -1.5
    endloop
  endfacet
  facet normal 0.634376 0.773025 -0
    outer loop
      vertex -73.7945 5.49402 -1.5
      vertex -74.2567 5.87332 1.5
      vertex -73.7945 5.49402 1.5
    endloop
  endfacet
  facet normal 0.634376 0.773025 0
    outer loop
      vertex -74.2567 5.87332 1.5
      vertex -73.7945 5.49402 -1.5
      vertex -74.2567 5.87332 -1.5
    endloop
  endfacet
  facet normal -0.995186 0.0980083 0
    outer loop
      vertex -69.1086 7.43497 -1.5
      vertex -69.05 8.03 1.5
      vertex -69.05 8.03 -1.5
    endloop
  endfacet
  facet normal -0.995186 0.0980083 0
    outer loop
      vertex -69.05 8.03 1.5
      vertex -69.1086 7.43497 -1.5
      vertex -69.1086 7.43497 1.5
    endloop
  endfacet
  facet normal -0.471335 -0.881954 0
    outer loop
      vertex -70.9328 10.8478 -1.5
      vertex -70.4055 10.566 1.5
      vertex -70.9328 10.8478 1.5
    endloop
  endfacet
  facet normal -0.471335 -0.881954 -0
    outer loop
      vertex -70.4055 10.566 1.5
      vertex -70.9328 10.8478 -1.5
      vertex -70.4055 10.566 -1.5
    endloop
  endfacet
  facet normal -0.881954 0.471335 0
    outer loop
      vertex -69.564 6.33551 -1.5
      vertex -69.2822 6.86281 1.5
      vertex -69.2822 6.86281 -1.5
    endloop
  endfacet
  facet normal -0.881954 0.471335 0
    outer loop
      vertex -69.2822 6.86281 1.5
      vertex -69.564 6.33551 -1.5
      vertex -69.564 6.33551 1.5
    endloop
  endfacet
  facet normal -0.4714 0.88192 0
    outer loop
      vertex -70.4055 5.49402 -1.5
      vertex -70.9328 5.21217 1.5
      vertex -70.4055 5.49402 1.5
    endloop
  endfacet
  facet normal -0.4714 0.88192 0
    outer loop
      vertex -70.9328 5.21217 1.5
      vertex -70.4055 5.49402 -1.5
      vertex -70.9328 5.21217 -1.5
    endloop
  endfacet
  facet normal -0.634376 -0.773025 0
    outer loop
      vertex -70.4055 10.566 -1.5
      vertex -69.9433 10.1867 1.5
      vertex -70.4055 10.566 1.5
    endloop
  endfacet
  facet normal -0.634376 -0.773025 -0
    outer loop
      vertex -69.9433 10.1867 1.5
      vertex -70.4055 10.566 -1.5
      vertex -69.9433 10.1867 -1.5
    endloop
  endfacet
  facet normal 0.773018 0.634384 0
    outer loop
      vertex -74.2567 5.87332 1.5
      vertex -74.636 6.33551 -1.5
      vertex -74.636 6.33551 1.5
    endloop
  endfacet
  facet normal 0.773018 0.634384 0
    outer loop
      vertex -74.636 6.33551 -1.5
      vertex -74.2567 5.87332 1.5
      vertex -74.2567 5.87332 -1.5
    endloop
  endfacet
  facet normal 0.290323 -0.956929 0
    outer loop
      vertex -73.2672 10.8478 -1.5
      vertex -72.695 11.0214 1.5
      vertex -73.2672 10.8478 1.5
    endloop
  endfacet
  facet normal 0.290323 -0.956929 0
    outer loop
      vertex -72.695 11.0214 1.5
      vertex -73.2672 10.8478 -1.5
      vertex -72.695 11.0214 -1.5
    endloop
  endfacet
  facet normal 0.4714 0.88192 -0
    outer loop
      vertex -73.2672 5.21217 -1.5
      vertex -73.7945 5.49402 1.5
      vertex -73.2672 5.21217 1.5
    endloop
  endfacet
  facet normal 0.4714 0.88192 0
    outer loop
      vertex -73.7945 5.49402 1.5
      vertex -73.2672 5.21217 -1.5
      vertex -73.7945 5.49402 -1.5
    endloop
  endfacet
  facet normal 0.634376 -0.773025 0
    outer loop
      vertex -74.2567 10.1867 -1.5
      vertex -73.7945 10.566 1.5
      vertex -74.2567 10.1867 1.5
    endloop
  endfacet
  facet normal 0.634376 -0.773025 0
    outer loop
      vertex -73.7945 10.566 1.5
      vertex -74.2567 10.1867 -1.5
      vertex -73.7945 10.566 -1.5
    endloop
  endfacet
  facet normal 0.0980132 -0.995185 0
    outer loop
      vertex -72.695 11.0214 -1.5
      vertex -72.1 11.08 1.5
      vertex -72.695 11.0214 1.5
    endloop
  endfacet
  facet normal 0.0980132 -0.995185 0
    outer loop
      vertex -72.1 11.08 1.5
      vertex -72.695 11.0214 -1.5
      vertex -72.1 11.08 -1.5
    endloop
  endfacet
  facet normal 0.471335 -0.881954 0
    outer loop
      vertex -73.7945 10.566 -1.5
      vertex -73.2672 10.8478 1.5
      vertex -73.7945 10.566 1.5
    endloop
  endfacet
  facet normal 0.471335 -0.881954 0
    outer loop
      vertex -73.2672 10.8478 1.5
      vertex -73.7945 10.566 -1.5
      vertex -73.2672 10.8478 -1.5
    endloop
  endfacet
  facet normal -0.290277 0.956943 0
    outer loop
      vertex -70.9328 5.21217 -1.5
      vertex -71.505 5.0386 1.5
      vertex -70.9328 5.21217 1.5
    endloop
  endfacet
  facet normal -0.290277 0.956943 0
    outer loop
      vertex -71.505 5.0386 1.5
      vertex -70.9328 5.21217 -1.5
      vertex -71.505 5.0386 -1.5
    endloop
  endfacet
  facet normal 0.0980132 0.995185 -0
    outer loop
      vertex -72.1 4.98 -1.5
      vertex -72.695 5.0386 1.5
      vertex -72.1 4.98 1.5
    endloop
  endfacet
  facet normal 0.0980132 0.995185 0
    outer loop
      vertex -72.695 5.0386 1.5
      vertex -72.1 4.98 -1.5
      vertex -72.695 5.0386 -1.5
    endloop
  endfacet
  facet normal -0.956923 0.290342 0
    outer loop
      vertex -69.2822 6.86281 -1.5
      vertex -69.1086 7.43497 1.5
      vertex -69.1086 7.43497 -1.5
    endloop
  endfacet
  facet normal -0.956923 0.290342 0
    outer loop
      vertex -69.1086 7.43497 1.5
      vertex -69.2822 6.86281 -1.5
      vertex -69.2822 6.86281 1.5
    endloop
  endfacet
  facet normal -0.634376 0.773025 0
    outer loop
      vertex -69.9433 5.87332 -1.5
      vertex -70.4055 5.49402 1.5
      vertex -69.9433 5.87332 1.5
    endloop
  endfacet
  facet normal -0.634376 0.773025 0
    outer loop
      vertex -70.4055 5.49402 1.5
      vertex -69.9433 5.87332 -1.5
      vertex -70.4055 5.49402 -1.5
    endloop
  endfacet
  facet normal -0.956923 -0.290342 0
    outer loop
      vertex -69.1086 8.62502 -1.5
      vertex -69.2822 9.19718 1.5
      vertex -69.2822 9.19718 -1.5
    endloop
  endfacet
  facet normal -0.956923 -0.290342 0
    outer loop
      vertex -69.2822 9.19718 1.5
      vertex -69.1086 8.62502 -1.5
      vertex -69.1086 8.62502 1.5
    endloop
  endfacet
  facet normal -0.881958 -0.471328 0
    outer loop
      vertex -69.2822 9.19718 -1.5
      vertex -69.564 9.72449 1.5
      vertex -69.564 9.72449 -1.5
    endloop
  endfacet
  facet normal -0.881958 -0.471328 0
    outer loop
      vertex -69.564 9.72449 1.5
      vertex -69.2822 9.19718 -1.5
      vertex -69.2822 9.19718 1.5
    endloop
  endfacet
  facet normal -0.290323 -0.956929 0
    outer loop
      vertex -71.505 82.0214 -1.5
      vertex -70.9328 81.8478 1.5
      vertex -71.505 82.0214 1.5
    endloop
  endfacet
  facet normal -0.290323 -0.956929 -0
    outer loop
      vertex -70.9328 81.8478 1.5
      vertex -71.505 82.0214 -1.5
      vertex -70.9328 81.8478 -1.5
    endloop
  endfacet
  facet normal 0.956929 -0.290323 0
    outer loop
      vertex -75.0914 79.625 1.5
      vertex -74.9178 80.1972 -1.5
      vertex -74.9178 80.1972 1.5
    endloop
  endfacet
  facet normal 0.956929 -0.290323 0
    outer loop
      vertex -74.9178 80.1972 -1.5
      vertex -75.0914 79.625 1.5
      vertex -75.0914 79.625 -1.5
    endloop
  endfacet
  facet normal 0.995185 -0.0980132 0
    outer loop
      vertex -75.15 79.03 1.5
      vertex -75.0914 79.625 -1.5
      vertex -75.0914 79.625 1.5
    endloop
  endfacet
  facet normal 0.995185 -0.0980132 0
    outer loop
      vertex -75.0914 79.625 -1.5
      vertex -75.15 79.03 1.5
      vertex -75.15 79.03 -1.5
    endloop
  endfacet
  facet normal 0.881954 -0.471335 0
    outer loop
      vertex -74.9178 80.1972 1.5
      vertex -74.636 80.7245 -1.5
      vertex -74.636 80.7245 1.5
    endloop
  endfacet
  facet normal 0.881954 -0.471335 0
    outer loop
      vertex -74.636 80.7245 -1.5
      vertex -74.9178 80.1972 1.5
      vertex -74.9178 80.1972 -1.5
    endloop
  endfacet
  facet normal -0.0980132 -0.995185 0
    outer loop
      vertex -72.1 82.08 -1.5
      vertex -71.505 82.0214 1.5
      vertex -72.1 82.08 1.5
    endloop
  endfacet
  facet normal -0.0980132 -0.995185 -0
    outer loop
      vertex -71.505 82.0214 1.5
      vertex -72.1 82.08 -1.5
      vertex -71.505 82.0214 -1.5
    endloop
  endfacet
  facet normal 0.881954 0.471335 0
    outer loop
      vertex -74.636 77.3355 1.5
      vertex -74.9178 77.8628 -1.5
      vertex -74.9178 77.8628 1.5
    endloop
  endfacet
  facet normal 0.881954 0.471335 0
    outer loop
      vertex -74.9178 77.8628 -1.5
      vertex -74.636 77.3355 1.5
      vertex -74.636 77.3355 -1.5
    endloop
  endfacet
  facet normal 0.995185 0.0980132 0
    outer loop
      vertex -75.0914 78.435 1.5
      vertex -75.15 79.03 -1.5
      vertex -75.15 79.03 1.5
    endloop
  endfacet
  facet normal 0.995185 0.0980132 0
    outer loop
      vertex -75.15 79.03 -1.5
      vertex -75.0914 78.435 1.5
      vertex -75.0914 78.435 -1.5
    endloop
  endfacet
  facet normal 0.290323 0.956929 -0
    outer loop
      vertex -72.695 76.0386 -1.5
      vertex -73.2672 76.2122 1.5
      vertex -72.695 76.0386 1.5
    endloop
  endfacet
  facet normal 0.290323 0.956929 0
    outer loop
      vertex -73.2672 76.2122 1.5
      vertex -72.695 76.0386 -1.5
      vertex -73.2672 76.2122 -1.5
    endloop
  endfacet
  facet normal 0.773025 -0.634376 0
    outer loop
      vertex -74.636 80.7245 1.5
      vertex -74.2567 81.1867 -1.5
      vertex -74.2567 81.1867 1.5
    endloop
  endfacet
  facet normal 0.773025 -0.634376 0
    outer loop
      vertex -74.2567 81.1867 -1.5
      vertex -74.636 80.7245 1.5
      vertex -74.636 80.7245 -1.5
    endloop
  endfacet
  facet normal -0.0980132 0.995185 0
    outer loop
      vertex -71.505 76.0386 -1.5
      vertex -72.1 75.98 1.5
      vertex -71.505 76.0386 1.5
    endloop
  endfacet
  facet normal -0.0980132 0.995185 0
    outer loop
      vertex -72.1 75.98 1.5
      vertex -71.505 76.0386 -1.5
      vertex -72.1 75.98 -1.5
    endloop
  endfacet
  facet normal -0.773025 -0.634376 0
    outer loop
      vertex -69.564 80.7245 -1.5
      vertex -69.9433 81.1867 1.5
      vertex -69.9433 81.1867 -1.5
    endloop
  endfacet
  facet normal -0.773025 -0.634376 0
    outer loop
      vertex -69.9433 81.1867 1.5
      vertex -69.564 80.7245 -1.5
      vertex -69.564 80.7245 1.5
    endloop
  endfacet
  facet normal -0.995185 -0.0980132 0
    outer loop
      vertex -69.05 79.03 -1.5
      vertex -69.1086 79.625 1.5
      vertex -69.1086 79.625 -1.5
    endloop
  endfacet
  facet normal -0.995185 -0.0980132 0
    outer loop
      vertex -69.1086 79.625 1.5
      vertex -69.05 79.03 -1.5
      vertex -69.05 79.03 1.5
    endloop
  endfacet
  facet normal -0.773025 0.634376 0
    outer loop
      vertex -69.9433 76.8733 -1.5
      vertex -69.564 77.3355 1.5
      vertex -69.564 77.3355 -1.5
    endloop
  endfacet
  facet normal -0.773025 0.634376 0
    outer loop
      vertex -69.564 77.3355 1.5
      vertex -69.9433 76.8733 -1.5
      vertex -69.9433 76.8733 1.5
    endloop
  endfacet
  facet normal 0.773025 0.634376 0
    outer loop
      vertex -74.2567 76.8733 1.5
      vertex -74.636 77.3355 -1.5
      vertex -74.636 77.3355 1.5
    endloop
  endfacet
  facet normal 0.773025 0.634376 0
    outer loop
      vertex -74.636 77.3355 -1.5
      vertex -74.2567 76.8733 1.5
      vertex -74.2567 76.8733 -1.5
    endloop
  endfacet
  facet normal 0.956929 0.290323 0
    outer loop
      vertex -74.9178 77.8628 1.5
      vertex -75.0914 78.435 -1.5
      vertex -75.0914 78.435 1.5
    endloop
  endfacet
  facet normal 0.956929 0.290323 0
    outer loop
      vertex -75.0914 78.435 -1.5
      vertex -74.9178 77.8628 1.5
      vertex -74.9178 77.8628 -1.5
    endloop
  endfacet
  facet normal 0.634376 0.773025 -0
    outer loop
      vertex -73.7945 76.494 -1.5
      vertex -74.2567 76.8733 1.5
      vertex -73.7945 76.494 1.5
    endloop
  endfacet
  facet normal 0.634376 0.773025 0
    outer loop
      vertex -74.2567 76.8733 1.5
      vertex -73.7945 76.494 -1.5
      vertex -74.2567 76.8733 -1.5
    endloop
  endfacet
  facet normal -0.995185 0.0980132 0
    outer loop
      vertex -69.1086 78.435 -1.5
      vertex -69.05 79.03 1.5
      vertex -69.05 79.03 -1.5
    endloop
  endfacet
  facet normal -0.995185 0.0980132 0
    outer loop
      vertex -69.05 79.03 1.5
      vertex -69.1086 78.435 -1.5
      vertex -69.1086 78.435 1.5
    endloop
  endfacet
  facet normal -0.471335 -0.881954 0
    outer loop
      vertex -70.9328 81.8478 -1.5
      vertex -70.4055 81.566 1.5
      vertex -70.9328 81.8478 1.5
    endloop
  endfacet
  facet normal -0.471335 -0.881954 -0
    outer loop
      vertex -70.4055 81.566 1.5
      vertex -70.9328 81.8478 -1.5
      vertex -70.4055 81.566 -1.5
    endloop
  endfacet
  facet normal -0.881954 0.471335 0
    outer loop
      vertex -69.564 77.3355 -1.5
      vertex -69.2822 77.8628 1.5
      vertex -69.2822 77.8628 -1.5
    endloop
  endfacet
  facet normal -0.881954 0.471335 0
    outer loop
      vertex -69.2822 77.8628 1.5
      vertex -69.564 77.3355 -1.5
      vertex -69.564 77.3355 1.5
    endloop
  endfacet
  facet normal -0.471335 0.881954 0
    outer loop
      vertex -70.4055 76.494 -1.5
      vertex -70.9328 76.2122 1.5
      vertex -70.4055 76.494 1.5
    endloop
  endfacet
  facet normal -0.471335 0.881954 0
    outer loop
      vertex -70.9328 76.2122 1.5
      vertex -70.4055 76.494 -1.5
      vertex -70.9328 76.2122 -1.5
    endloop
  endfacet
  facet normal -0.634376 -0.773025 0
    outer loop
      vertex -70.4055 81.566 -1.5
      vertex -69.9433 81.1867 1.5
      vertex -70.4055 81.566 1.5
    endloop
  endfacet
  facet normal -0.634376 -0.773025 -0
    outer loop
      vertex -69.9433 81.1867 1.5
      vertex -70.4055 81.566 -1.5
      vertex -69.9433 81.1867 -1.5
    endloop
  endfacet
  facet normal 0.290323 -0.956929 0
    outer loop
      vertex -73.2672 81.8478 -1.5
      vertex -72.695 82.0214 1.5
      vertex -73.2672 81.8478 1.5
    endloop
  endfacet
  facet normal 0.290323 -0.956929 0
    outer loop
      vertex -72.695 82.0214 1.5
      vertex -73.2672 81.8478 -1.5
      vertex -72.695 82.0214 -1.5
    endloop
  endfacet
  facet normal 0.471335 0.881954 -0
    outer loop
      vertex -73.2672 76.2122 -1.5
      vertex -73.7945 76.494 1.5
      vertex -73.2672 76.2122 1.5
    endloop
  endfacet
  facet normal 0.471335 0.881954 0
    outer loop
      vertex -73.7945 76.494 1.5
      vertex -73.2672 76.2122 -1.5
      vertex -73.7945 76.494 -1.5
    endloop
  endfacet
  facet normal 0.634376 -0.773025 0
    outer loop
      vertex -74.2567 81.1867 -1.5
      vertex -73.7945 81.566 1.5
      vertex -74.2567 81.1867 1.5
    endloop
  endfacet
  facet normal 0.634376 -0.773025 0
    outer loop
      vertex -73.7945 81.566 1.5
      vertex -74.2567 81.1867 -1.5
      vertex -73.7945 81.566 -1.5
    endloop
  endfacet
  facet normal 0.0980132 -0.995185 0
    outer loop
      vertex -72.695 82.0214 -1.5
      vertex -72.1 82.08 1.5
      vertex -72.695 82.0214 1.5
    endloop
  endfacet
  facet normal 0.0980132 -0.995185 0
    outer loop
      vertex -72.1 82.08 1.5
      vertex -72.695 82.0214 -1.5
      vertex -72.1 82.08 -1.5
    endloop
  endfacet
  facet normal 0.471335 -0.881954 0
    outer loop
      vertex -73.7945 81.566 -1.5
      vertex -73.2672 81.8478 1.5
      vertex -73.7945 81.566 1.5
    endloop
  endfacet
  facet normal 0.471335 -0.881954 0
    outer loop
      vertex -73.2672 81.8478 1.5
      vertex -73.7945 81.566 -1.5
      vertex -73.2672 81.8478 -1.5
    endloop
  endfacet
  facet normal -0.290323 0.956929 0
    outer loop
      vertex -70.9328 76.2122 -1.5
      vertex -71.505 76.0386 1.5
      vertex -70.9328 76.2122 1.5
    endloop
  endfacet
  facet normal -0.290323 0.956929 0
    outer loop
      vertex -71.505 76.0386 1.5
      vertex -70.9328 76.2122 -1.5
      vertex -71.505 76.0386 -1.5
    endloop
  endfacet
  facet normal 0.0980132 0.995185 -0
    outer loop
      vertex -72.1 75.98 -1.5
      vertex -72.695 76.0386 1.5
      vertex -72.1 75.98 1.5
    endloop
  endfacet
  facet normal 0.0980132 0.995185 0
    outer loop
      vertex -72.695 76.0386 1.5
      vertex -72.1 75.98 -1.5
      vertex -72.695 76.0386 -1.5
    endloop
  endfacet
  facet normal -0.956929 0.290323 0
    outer loop
      vertex -69.2822 77.8628 -1.5
      vertex -69.1086 78.435 1.5
      vertex -69.1086 78.435 -1.5
    endloop
  endfacet
  facet normal -0.956929 0.290323 0
    outer loop
      vertex -69.1086 78.435 1.5
      vertex -69.2822 77.8628 -1.5
      vertex -69.2822 77.8628 1.5
    endloop
  endfacet
  facet normal -0.634376 0.773025 0
    outer loop
      vertex -69.9433 76.8733 -1.5
      vertex -70.4055 76.494 1.5
      vertex -69.9433 76.8733 1.5
    endloop
  endfacet
  facet normal -0.634376 0.773025 0
    outer loop
      vertex -70.4055 76.494 1.5
      vertex -69.9433 76.8733 -1.5
      vertex -70.4055 76.494 -1.5
    endloop
  endfacet
  facet normal -0.956929 -0.290323 0
    outer loop
      vertex -69.1086 79.625 -1.5
      vertex -69.2822 80.1972 1.5
      vertex -69.2822 80.1972 -1.5
    endloop
  endfacet
  facet normal -0.956929 -0.290323 0
    outer loop
      vertex -69.2822 80.1972 1.5
      vertex -69.1086 79.625 -1.5
      vertex -69.1086 79.625 1.5
    endloop
  endfacet
  facet normal -0.881954 -0.471335 0
    outer loop
      vertex -69.2822 80.1972 -1.5
      vertex -69.564 80.7245 1.5
      vertex -69.564 80.7245 -1.5
    endloop
  endfacet
  facet normal -0.881954 -0.471335 0
    outer loop
      vertex -69.564 80.7245 1.5
      vertex -69.2822 80.1972 -1.5
      vertex -69.2822 80.1972 1.5
    endloop
  endfacet
  facet normal 0.29018 0.956972 -0
    outer loop
      vertex -12.3023 39.9992 -1.5
      vertex -12.9777 40.204 1.5
      vertex -12.3023 39.9992 1.5
    endloop
  endfacet
  facet normal 0.29018 0.956972 0
    outer loop
      vertex -12.9777 40.204 1.5
      vertex -12.3023 39.9992 -1.5
      vertex -12.9777 40.204 -1.5
    endloop
  endfacet
  facet normal 0.956972 -0.29018 0
    outer loop
      vertex -15.1308 44.2323 1.5
      vertex -14.926 44.9077 -1.5
      vertex -14.926 44.9077 1.5
    endloop
  endfacet
  facet normal 0.956972 -0.29018 0
    outer loop
      vertex -14.926 44.9077 -1.5
      vertex -15.1308 44.2323 1.5
      vertex -15.1308 44.2323 -1.5
    endloop
  endfacet
  facet normal 0.995181 -0.0980585 0
    outer loop
      vertex -15.2 43.53 1.5
      vertex -15.1308 44.2323 -1.5
      vertex -15.1308 44.2323 1.5
    endloop
  endfacet
  facet normal 0.995181 -0.0980585 0
    outer loop
      vertex -15.1308 44.2323 -1.5
      vertex -15.2 43.53 1.5
      vertex -15.2 43.53 -1.5
    endloop
  endfacet
  facet normal 0.881909 -0.471419 0
    outer loop
      vertex -14.926 44.9077 1.5
      vertex -14.5933 45.5301 -1.5
      vertex -14.5933 45.5301 1.5
    endloop
  endfacet
  facet normal 0.881909 -0.471419 0
    outer loop
      vertex -14.5933 45.5301 -1.5
      vertex -14.926 44.9077 1.5
      vertex -14.926 44.9077 -1.5
    endloop
  endfacet
  facet normal 0.995181 0.0980585 0
    outer loop
      vertex -15.1308 42.8277 1.5
      vertex -15.2 43.53 -1.5
      vertex -15.2 43.53 1.5
    endloop
  endfacet
  facet normal 0.995181 0.0980585 0
    outer loop
      vertex -15.2 43.53 -1.5
      vertex -15.1308 42.8277 1.5
      vertex -15.1308 42.8277 -1.5
    endloop
  endfacet
  facet normal -0.471449 0.881894 0
    outer loop
      vertex -9.59995 40.5367 -1.5
      vertex -10.2223 40.204 1.5
      vertex -9.59995 40.5367 1.5
    endloop
  endfacet
  facet normal -0.471449 0.881894 0
    outer loop
      vertex -10.2223 40.204 1.5
      vertex -9.59995 40.5367 -1.5
      vertex -10.2223 40.204 -1.5
    endloop
  endfacet
  facet normal 0.63441 -0.772997 0
    outer loop
      vertex -14.1456 46.0756 -1.5
      vertex -13.6001 46.5233 1.5
      vertex -14.1456 46.0756 1.5
    endloop
  endfacet
  facet normal 0.63441 -0.772997 0
    outer loop
      vertex -13.6001 46.5233 1.5
      vertex -14.1456 46.0756 -1.5
      vertex -13.6001 46.5233 -1.5
    endloop
  endfacet
  facet normal -0.0980585 -0.995181 0
    outer loop
      vertex -11.6 47.13 -1.5
      vertex -10.8977 47.0608 1.5
      vertex -11.6 47.13 1.5
    endloop
  endfacet
  facet normal -0.0980585 -0.995181 -0
    outer loop
      vertex -10.8977 47.0608 1.5
      vertex -11.6 47.13 -1.5
      vertex -10.8977 47.0608 -1.5
    endloop
  endfacet
  facet normal -0.881921 0.471397 0
    outer loop
      vertex -8.60671 41.5299 -1.5
      vertex -8.27403 42.1523 1.5
      vertex -8.27403 42.1523 -1.5
    endloop
  endfacet
  facet normal -0.881921 0.471397 0
    outer loop
      vertex -8.27403 42.1523 1.5
      vertex -8.60671 41.5299 -1.5
      vertex -8.60671 41.5299 1.5
    endloop
  endfacet
  facet normal 0.0980585 0.995181 -0
    outer loop
      vertex -11.6 39.93 -1.5
      vertex -12.3023 39.9992 1.5
      vertex -11.6 39.93 1.5
    endloop
  endfacet
  facet normal 0.0980585 0.995181 0
    outer loop
      vertex -12.3023 39.9992 1.5
      vertex -11.6 39.93 -1.5
      vertex -12.3023 39.9992 -1.5
    endloop
  endfacet
  facet normal 0.956972 0.29018 0
    outer loop
      vertex -14.926 42.1523 1.5
      vertex -15.1308 42.8277 -1.5
      vertex -15.1308 42.8277 1.5
    endloop
  endfacet
  facet normal 0.956972 0.29018 0
    outer loop
      vertex -15.1308 42.8277 -1.5
      vertex -14.926 42.1523 1.5
      vertex -14.926 42.1523 -1.5
    endloop
  endfacet
  facet normal 0.772997 0.63441 0
    outer loop
      vertex -14.1456 40.9844 1.5
      vertex -14.5933 41.5299 -1.5
      vertex -14.5933 41.5299 1.5
    endloop
  endfacet
  facet normal 0.772997 0.63441 0
    outer loop
      vertex -14.5933 41.5299 -1.5
      vertex -14.1456 40.9844 1.5
      vertex -14.1456 40.9844 -1.5
    endloop
  endfacet
  facet normal -0.0980585 0.995181 0
    outer loop
      vertex -10.8977 39.9992 -1.5
      vertex -11.6 39.93 1.5
      vertex -10.8977 39.9992 1.5
    endloop
  endfacet
  facet normal -0.0980585 0.995181 0
    outer loop
      vertex -11.6 39.93 1.5
      vertex -10.8977 39.9992 -1.5
      vertex -11.6 39.93 -1.5
    endloop
  endfacet
  facet normal 0.881909 0.471419 0
    outer loop
      vertex -14.5933 41.5299 1.5
      vertex -14.926 42.1523 -1.5
      vertex -14.926 42.1523 1.5
    endloop
  endfacet
  facet normal 0.881909 0.471419 0
    outer loop
      vertex -14.926 42.1523 -1.5
      vertex -14.5933 41.5299 1.5
      vertex -14.5933 41.5299 -1.5
    endloop
  endfacet
  facet normal 0.471419 0.881909 -0
    outer loop
      vertex -12.9777 40.204 -1.5
      vertex -13.6001 40.5367 1.5
      vertex -12.9777 40.204 1.5
    endloop
  endfacet
  facet normal 0.471419 0.881909 0
    outer loop
      vertex -13.6001 40.5367 1.5
      vertex -12.9777 40.204 -1.5
      vertex -13.6001 40.5367 -1.5
    endloop
  endfacet
  facet normal -0.956948 0.290258 0
    outer loop
      vertex -8.27403 42.1523 -1.5
      vertex -8.06917 42.8277 1.5
      vertex -8.06917 42.8277 -1.5
    endloop
  endfacet
  facet normal -0.956948 0.290258 0
    outer loop
      vertex -8.06917 42.8277 1.5
      vertex -8.27403 42.1523 -1.5
      vertex -8.27403 42.1523 1.5
    endloop
  endfacet
  facet normal -0.772997 -0.63441 0
    outer loop
      vertex -8.60671 45.5301 -1.5
      vertex -9.05441 46.0756 1.5
      vertex -9.05441 46.0756 -1.5
    endloop
  endfacet
  facet normal -0.772997 -0.63441 0
    outer loop
      vertex -9.05441 46.0756 1.5
      vertex -8.60671 45.5301 -1.5
      vertex -8.60671 45.5301 1.5
    endloop
  endfacet
  facet normal 0.772997 -0.63441 0
    outer loop
      vertex -14.5933 45.5301 1.5
      vertex -14.1456 46.0756 -1.5
      vertex -14.1456 46.0756 1.5
    endloop
  endfacet
  facet normal 0.772997 -0.63441 0
    outer loop
      vertex -14.1456 46.0756 -1.5
      vertex -14.5933 45.5301 1.5
      vertex -14.5933 45.5301 -1.5
    endloop
  endfacet
  facet normal -0.471449 -0.881894 0
    outer loop
      vertex -10.2223 46.856 -1.5
      vertex -9.59995 46.5233 1.5
      vertex -10.2223 46.856 1.5
    endloop
  endfacet
  facet normal -0.471449 -0.881894 -0
    outer loop
      vertex -9.59995 46.5233 1.5
      vertex -10.2223 46.856 -1.5
      vertex -9.59995 46.5233 -1.5
    endloop
  endfacet
  facet normal -0.29018 -0.956972 0
    outer loop
      vertex -10.8977 47.0608 -1.5
      vertex -10.2223 46.856 1.5
      vertex -10.8977 47.0608 1.5
    endloop
  endfacet
  facet normal -0.29018 -0.956972 -0
    outer loop
      vertex -10.2223 46.856 1.5
      vertex -10.8977 47.0608 -1.5
      vertex -10.2223 46.856 -1.5
    endloop
  endfacet
  facet normal -0.29018 0.956972 0
    outer loop
      vertex -10.2223 40.204 -1.5
      vertex -10.8977 39.9992 1.5
      vertex -10.2223 40.204 1.5
    endloop
  endfacet
  facet normal -0.29018 0.956972 0
    outer loop
      vertex -10.8977 39.9992 1.5
      vertex -10.2223 40.204 -1.5
      vertex -10.8977 39.9992 -1.5
    endloop
  endfacet
  facet normal -0.634382 -0.77302 0
    outer loop
      vertex -9.59995 46.5233 -1.5
      vertex -9.05441 46.0756 1.5
      vertex -9.59995 46.5233 1.5
    endloop
  endfacet
  facet normal -0.634382 -0.77302 -0
    outer loop
      vertex -9.05441 46.0756 1.5
      vertex -9.59995 46.5233 -1.5
      vertex -9.05441 46.0756 -1.5
    endloop
  endfacet
  facet normal 0.29018 -0.956972 0
    outer loop
      vertex -12.9777 46.856 -1.5
      vertex -12.3023 47.0608 1.5
      vertex -12.9777 46.856 1.5
    endloop
  endfacet
  facet normal 0.29018 -0.956972 0
    outer loop
      vertex -12.3023 47.0608 1.5
      vertex -12.9777 46.856 -1.5
      vertex -12.3023 47.0608 -1.5
    endloop
  endfacet
  facet normal 0.63441 0.772997 -0
    outer loop
      vertex -13.6001 40.5367 -1.5
      vertex -14.1456 40.9844 1.5
      vertex -13.6001 40.5367 1.5
    endloop
  endfacet
  facet normal 0.63441 0.772997 0
    outer loop
      vertex -14.1456 40.9844 1.5
      vertex -13.6001 40.5367 -1.5
      vertex -14.1456 40.9844 -1.5
    endloop
  endfacet
  facet normal -0.995185 -0.0980164 0
    outer loop
      vertex -8 43.53 -1.5
      vertex -8.06917 44.2323 1.5
      vertex -8.06917 44.2323 -1.5
    endloop
  endfacet
  facet normal -0.995185 -0.0980164 0
    outer loop
      vertex -8.06917 44.2323 1.5
      vertex -8 43.53 -1.5
      vertex -8 43.53 1.5
    endloop
  endfacet
  facet normal 0.0980585 -0.995181 0
    outer loop
      vertex -12.3023 47.0608 -1.5
      vertex -11.6 47.13 1.5
      vertex -12.3023 47.0608 1.5
    endloop
  endfacet
  facet normal 0.0980585 -0.995181 0
    outer loop
      vertex -11.6 47.13 1.5
      vertex -12.3023 47.0608 -1.5
      vertex -11.6 47.13 -1.5
    endloop
  endfacet
  facet normal 0.471419 -0.881909 0
    outer loop
      vertex -13.6001 46.5233 -1.5
      vertex -12.9777 46.856 1.5
      vertex -13.6001 46.5233 1.5
    endloop
  endfacet
  facet normal 0.471419 -0.881909 0
    outer loop
      vertex -12.9777 46.856 1.5
      vertex -13.6001 46.5233 -1.5
      vertex -12.9777 46.856 -1.5
    endloop
  endfacet
  facet normal -0.772997 0.63441 0
    outer loop
      vertex -9.05441 40.9844 -1.5
      vertex -8.60671 41.5299 1.5
      vertex -8.60671 41.5299 -1.5
    endloop
  endfacet
  facet normal -0.772997 0.63441 0
    outer loop
      vertex -8.60671 41.5299 1.5
      vertex -9.05441 40.9844 -1.5
      vertex -9.05441 40.9844 1.5
    endloop
  endfacet
  facet normal -0.634382 0.77302 0
    outer loop
      vertex -9.05441 40.9844 -1.5
      vertex -9.59995 40.5367 1.5
      vertex -9.05441 40.9844 1.5
    endloop
  endfacet
  facet normal -0.634382 0.77302 0
    outer loop
      vertex -9.59995 40.5367 1.5
      vertex -9.05441 40.9844 -1.5
      vertex -9.59995 40.5367 -1.5
    endloop
  endfacet
  facet normal -0.956948 -0.290258 0
    outer loop
      vertex -8.06917 44.2323 -1.5
      vertex -8.27403 44.9077 1.5
      vertex -8.27403 44.9077 -1.5
    endloop
  endfacet
  facet normal -0.956948 -0.290258 0
    outer loop
      vertex -8.27403 44.9077 1.5
      vertex -8.06917 44.2323 -1.5
      vertex -8.06917 44.2323 1.5
    endloop
  endfacet
  facet normal -0.881921 -0.471397 0
    outer loop
      vertex -8.27403 44.9077 -1.5
      vertex -8.60671 45.5301 1.5
      vertex -8.60671 45.5301 -1.5
    endloop
  endfacet
  facet normal -0.881921 -0.471397 0
    outer loop
      vertex -8.60671 45.5301 1.5
      vertex -8.27403 44.9077 -1.5
      vertex -8.27403 44.9077 1.5
    endloop
  endfacet
  facet normal -0.995185 0.0980164 0
    outer loop
      vertex -8.06917 42.8277 -1.5
      vertex -8 43.53 1.5
      vertex -8 43.53 -1.5
    endloop
  endfacet
  facet normal -0.995185 0.0980164 0
    outer loop
      vertex -8 43.53 1.5
      vertex -8.06917 42.8277 -1.5
      vertex -8.06917 42.8277 1.5
    endloop
  endfacet
endsolid OpenSCAD_Model
