solid OpenSCAD_Model
  facet normal 1 0 0
    outer loop
      vertex 60.5 68.75 18.725
      vertex 60.5 41.9988 -0.569798
      vertex 60.5 68.75 -19.125
    endloop
  endfacet
  facet normal 1 0 0
    outer loop
      vertex 60.5 68.75 18.725
      vertex 60.5 41.989 -0.290943
      vertex 60.5 41.9988 -0.569798
    endloop
  endfacet
  facet normal 1 0 0
    outer loop
      vertex 60.5 68.75 18.725
      vertex 60.5 41.9406 -0.0161572
      vertex 60.5 41.989 -0.290943
    endloop
  endfacet
  facet normal 1 0 0
    outer loop
      vertex 60.5 68.75 18.725
      vertex 60.5 41.8544 0.249212
      vertex 60.5 41.9406 -0.0161572
    endloop
  endfacet
  facet normal 1 0 0
    outer loop
      vertex 60.5 68.75 18.725
      vertex 60.5 41.732 0.5
      vertex 60.5 41.8544 0.249212
    endloop
  endfacet
  facet normal 1 0 0
    outer loop
      vertex 60.5 68.75 18.725
      vertex 60.5 41.576 0.731322
      vertex 60.5 41.732 0.5
    endloop
  endfacet
  facet normal 1 0 0
    outer loop
      vertex 60.5 68.75 18.725
      vertex 60.5 41.3893 0.938679
      vertex 60.5 41.576 0.731322
    endloop
  endfacet
  facet normal 1 0 0
    outer loop
      vertex 60.5 68.75 18.725
      vertex 60.5 41.1756 1.11803
      vertex 60.5 41.3893 0.938679
    endloop
  endfacet
  facet normal 1 0 0
    outer loop
      vertex 60.5 68.75 18.725
      vertex 60.5 40.9389 1.26589
      vertex 60.5 41.1756 1.11803
    endloop
  endfacet
  facet normal 1 0 0
    outer loop
      vertex 60.5 68.75 18.725
      vertex 60.5 40.684 1.37938
      vertex 60.5 40.9389 1.26589
    endloop
  endfacet
  facet normal 1 0 0
    outer loop
      vertex 60.5 68.75 18.725
      vertex 60.5 40.4158 1.4563
      vertex 60.5 40.684 1.37938
    endloop
  endfacet
  facet normal 1 -0 0
    outer loop
      vertex 60.5 27.366 11
      vertex 60.5 40.4158 1.4563
      vertex 60.5 68.75 18.725
    endloop
  endfacet
  facet normal 1 -0 -0
    outer loop
      vertex 60.5 27.4272 10.8746
      vertex 60.5 40.4158 1.4563
      vertex 60.5 27.366 11
    endloop
  endfacet
  facet normal 1 0 0
    outer loop
      vertex 60.5 40.1395 1.49513
      vertex 60.5 27.4945 10.6045
      vertex 60.5 27.4994 10.4651
    endloop
  endfacet
  facet normal 1 0 0
    outer loop
      vertex 60.5 40.1395 1.49513
      vertex 60.5 27.4703 10.7419
      vertex 60.5 27.4945 10.6045
    endloop
  endfacet
  facet normal 1 0 0
    outer loop
      vertex 60.5 40.1395 1.49513
      vertex 60.5 27.4272 10.8746
      vertex 60.5 27.4703 10.7419
    endloop
  endfacet
  facet normal 1 0 0
    outer loop
      vertex 60.5 40.4158 1.4563
      vertex 60.5 27.4272 10.8746
      vertex 60.5 40.1395 1.49513
    endloop
  endfacet
  facet normal 1 0 0
    outer loop
      vertex 60.5 68.75 18.725
      vertex 60.5 27.288 11.1157
      vertex 60.5 27.366 11
    endloop
  endfacet
  facet normal 1 0 0
    outer loop
      vertex 60.5 68.75 18.725
      vertex 60.5 27.1947 11.2193
      vertex 60.5 27.288 11.1157
    endloop
  endfacet
  facet normal 1 0 0
    outer loop
      vertex 60.5 68.75 18.725
      vertex 60.5 27.0878 11.309
      vertex 60.5 27.1947 11.2193
    endloop
  endfacet
  facet normal 1 0 0
    outer loop
      vertex 60.5 68.75 18.725
      vertex 60.5 26.9695 11.3829
      vertex 60.5 27.0878 11.309
    endloop
  endfacet
  facet normal 1 0 0
    outer loop
      vertex 60.5 68.75 18.725
      vertex 60.5 26.842 11.4397
      vertex 60.5 26.9695 11.3829
    endloop
  endfacet
  facet normal 1 0 0
    outer loop
      vertex 60.5 68.75 18.725
      vertex 60.5 26.7079 11.4781
      vertex 60.5 26.842 11.4397
    endloop
  endfacet
  facet normal 1 0 0
    outer loop
      vertex 60.5 68.75 18.725
      vertex 60.5 26.5698 11.4976
      vertex 60.5 26.7079 11.4781
    endloop
  endfacet
  facet normal 1 0 0
    outer loop
      vertex 60.5 68.75 18.725
      vertex 60.5 -17.5698 11.4976
      vertex 60.5 26.5698 11.4976
    endloop
  endfacet
  facet normal 1 0 0
    outer loop
      vertex 60.5 -18.4994 10.4651
      vertex 60.5 -68.75 18.725
      vertex 60.5 -18.4994 4.4651
    endloop
  endfacet
  facet normal 1 0 0
    outer loop
      vertex 60.5 -18.4945 10.6045
      vertex 60.5 -68.75 18.725
      vertex 60.5 -18.4994 10.4651
    endloop
  endfacet
  facet normal 1 0 0
    outer loop
      vertex 60.5 -18.4703 10.7419
      vertex 60.5 -68.75 18.725
      vertex 60.5 -18.4945 10.6045
    endloop
  endfacet
  facet normal 1 0 0
    outer loop
      vertex 60.5 -18.4272 10.8746
      vertex 60.5 -68.75 18.725
      vertex 60.5 -18.4703 10.7419
    endloop
  endfacet
  facet normal 1 0 0
    outer loop
      vertex 60.5 -18.366 11
      vertex 60.5 -68.75 18.725
      vertex 60.5 -18.4272 10.8746
    endloop
  endfacet
  facet normal 1 0 0
    outer loop
      vertex 60.5 -18.288 11.1157
      vertex 60.5 -68.75 18.725
      vertex 60.5 -18.366 11
    endloop
  endfacet
  facet normal 1 0 0
    outer loop
      vertex 60.5 -18.1947 11.2193
      vertex 60.5 -68.75 18.725
      vertex 60.5 -18.288 11.1157
    endloop
  endfacet
  facet normal 1 0 0
    outer loop
      vertex 60.5 -18.0878 11.309
      vertex 60.5 -68.75 18.725
      vertex 60.5 -18.1947 11.2193
    endloop
  endfacet
  facet normal 1 0 0
    outer loop
      vertex 60.5 -17.9695 11.3829
      vertex 60.5 -68.75 18.725
      vertex 60.5 -18.0878 11.309
    endloop
  endfacet
  facet normal 1 0 0
    outer loop
      vertex 60.5 -17.842 11.4397
      vertex 60.5 -68.75 18.725
      vertex 60.5 -17.9695 11.3829
    endloop
  endfacet
  facet normal 1 0 0
    outer loop
      vertex 60.5 -17.7079 11.4781
      vertex 60.5 -68.75 18.725
      vertex 60.5 -17.842 11.4397
    endloop
  endfacet
  facet normal 1 0 0
    outer loop
      vertex 60.5 -17.5698 11.4976
      vertex 60.5 -68.75 18.725
      vertex 60.5 -17.7079 11.4781
    endloop
  endfacet
  facet normal 1 -0 0
    outer loop
      vertex 60.5 -68.75 18.725
      vertex 60.5 -17.5698 11.4976
      vertex 60.5 68.75 18.725
    endloop
  endfacet
  facet normal 1 -0 0
    outer loop
      vertex 60.5 41.9988 -11.5698
      vertex 60.5 68.75 -19.125
      vertex 60.5 41.9988 -0.569798
    endloop
  endfacet
  facet normal 1 -0 0
    outer loop
      vertex 60.5 41.9696 -11.8473
      vertex 60.5 68.75 -19.125
      vertex 60.5 41.9988 -11.5698
    endloop
  endfacet
  facet normal 1 -0 0
    outer loop
      vertex 60.5 41.9021 -12.118
      vertex 60.5 68.75 -19.125
      vertex 60.5 41.9696 -11.8473
    endloop
  endfacet
  facet normal 1 -0 0
    outer loop
      vertex 60.5 41.7976 -12.3767
      vertex 60.5 68.75 -19.125
      vertex 60.5 41.9021 -12.118
    endloop
  endfacet
  facet normal 1 -0 0
    outer loop
      vertex 60.5 41.6581 -12.6184
      vertex 60.5 68.75 -19.125
      vertex 60.5 41.7976 -12.3767
    endloop
  endfacet
  facet normal 1 -0 0
    outer loop
      vertex 60.5 41.4863 -12.8383
      vertex 60.5 68.75 -19.125
      vertex 60.5 41.6581 -12.6184
    endloop
  endfacet
  facet normal 1 -0 0
    outer loop
      vertex 60.5 41.2856 -13.0321
      vertex 60.5 68.75 -19.125
      vertex 60.5 41.4863 -12.8383
    endloop
  endfacet
  facet normal 1 -0 0
    outer loop
      vertex 60.5 41.0598 -13.1961
      vertex 60.5 68.75 -19.125
      vertex 60.5 41.2856 -13.0321
    endloop
  endfacet
  facet normal 1 -0 0
    outer loop
      vertex 60.5 40.8135 -13.3271
      vertex 60.5 68.75 -19.125
      vertex 60.5 41.0598 -13.1961
    endloop
  endfacet
  facet normal 1 -0 0
    outer loop
      vertex 60.5 40.5513 -13.4225
      vertex 60.5 68.75 -19.125
      vertex 60.5 40.8135 -13.3271
    endloop
  endfacet
  facet normal 1 -0 0
    outer loop
      vertex 60.5 40.2783 -13.4805
      vertex 60.5 68.75 -19.125
      vertex 60.5 40.5513 -13.4225
    endloop
  endfacet
  facet normal 1 -0 0
    outer loop
      vertex 60.5 40 -13.5
      vertex 60.5 68.75 -19.125
      vertex 60.5 40.2783 -13.4805
    endloop
  endfacet
  facet normal 1 -0 0
    outer loop
      vertex 60.5 -6.5 -13.5
      vertex 60.5 68.75 -19.125
      vertex 60.5 40 -13.5
    endloop
  endfacet
  facet normal 1 0 0
    outer loop
      vertex 60.5 -68.75 -19.125
      vertex 60.5 -6.5 -13.5
      vertex 60.5 -6.77835 -13.4805
    endloop
  endfacet
  facet normal 1 0 0
    outer loop
      vertex 60.5 -17.6392 3.50973
      vertex 60.5 -8.49878 -11.5698
      vertex 60.5 -17.5 3.5
    endloop
  endfacet
  facet normal 1 0 0
    outer loop
      vertex 60.5 -17.7756 3.53874
      vertex 60.5 -8.49878 -11.5698
      vertex 60.5 -17.6392 3.50973
    endloop
  endfacet
  facet normal 1 0 0
    outer loop
      vertex 60.5 -17.9067 3.58646
      vertex 60.5 -8.49878 -11.5698
      vertex 60.5 -17.7756 3.53874
    endloop
  endfacet
  facet normal 1 0 0
    outer loop
      vertex 60.5 -18.0299 3.65195
      vertex 60.5 -8.49878 -11.5698
      vertex 60.5 -17.9067 3.58646
    endloop
  endfacet
  facet normal 1 0 0
    outer loop
      vertex 60.5 -8.49878 -11.5698
      vertex 60.5 -18.0299 3.65195
      vertex 60.5 -8.46961 -11.8473
    endloop
  endfacet
  facet normal 1 0 0
    outer loop
      vertex 60.5 -18.1428 3.73396
      vertex 60.5 -8.46961 -11.8473
      vertex 60.5 -18.0299 3.65195
    endloop
  endfacet
  facet normal 1 0 0
    outer loop
      vertex 60.5 -8.46961 -11.8473
      vertex 60.5 -18.1428 3.73396
      vertex 60.5 -8.40211 -12.118
    endloop
  endfacet
  facet normal 1 0 0
    outer loop
      vertex 60.5 -68.75 -19.125
      vertex 60.5 -8.40211 -12.118
      vertex 60.5 -18.1428 3.73396
    endloop
  endfacet
  facet normal 1 0 0
    outer loop
      vertex 60.5 -8.40211 -12.118
      vertex 60.5 -68.75 -19.125
      vertex 60.5 -8.29759 -12.3767
    endloop
  endfacet
  facet normal 1 0 0
    outer loop
      vertex 60.5 -68.75 -19.125
      vertex 60.5 -18.1428 3.73396
      vertex 60.5 -18.2431 3.83087
    endloop
  endfacet
  facet normal 1 0 0
    outer loop
      vertex 60.5 -68.75 -19.125
      vertex 60.5 -18.2431 3.83087
      vertex 60.5 -18.329 3.94081
    endloop
  endfacet
  facet normal 1 0 0
    outer loop
      vertex 60.5 -68.75 18.725
      vertex 60.5 -18.4848 4.32635
      vertex 60.5 -18.4994 4.4651
    endloop
  endfacet
  facet normal 1 0 0
    outer loop
      vertex 60.5 -68.75 -19.125
      vertex 60.5 -18.4848 4.32635
      vertex 60.5 -68.75 18.725
    endloop
  endfacet
  facet normal 1 0 0
    outer loop
      vertex 60.5 -18.4848 4.32635
      vertex 60.5 -68.75 -19.125
      vertex 60.5 -18.4511 4.19098
    endloop
  endfacet
  facet normal 1 0 0
    outer loop
      vertex 60.5 -18.4511 4.19098
      vertex 60.5 -68.75 -19.125
      vertex 60.5 -18.3988 4.06163
    endloop
  endfacet
  facet normal 1 0 0
    outer loop
      vertex 60.5 -18.3988 4.06163
      vertex 60.5 -68.75 -19.125
      vertex 60.5 -18.329 3.94081
    endloop
  endfacet
  facet normal 1 0 0
    outer loop
      vertex 60.5 -8.29759 -12.3767
      vertex 60.5 -68.75 -19.125
      vertex 60.5 -8.15807 -12.6184
    endloop
  endfacet
  facet normal 1 0 0
    outer loop
      vertex 60.5 -8.15807 -12.6184
      vertex 60.5 -68.75 -19.125
      vertex 60.5 -7.98629 -12.8383
    endloop
  endfacet
  facet normal 1 0 0
    outer loop
      vertex 60.5 -7.98629 -12.8383
      vertex 60.5 -68.75 -19.125
      vertex 60.5 -7.78557 -13.0321
    endloop
  endfacet
  facet normal 1 0 0
    outer loop
      vertex 60.5 -7.78557 -13.0321
      vertex 60.5 -68.75 -19.125
      vertex 60.5 -7.55984 -13.1961
    endloop
  endfacet
  facet normal 1 0 0
    outer loop
      vertex 60.5 -6.5 -13.5
      vertex 60.5 -68.75 -19.125
      vertex 60.5 68.75 -19.125
    endloop
  endfacet
  facet normal 1 0 0
    outer loop
      vertex 60.5 -7.05127 -13.4225
      vertex 60.5 -68.75 -19.125
      vertex 60.5 -6.77835 -13.4805
    endloop
  endfacet
  facet normal 1 0 0
    outer loop
      vertex 60.5 -7.31347 -13.3271
      vertex 60.5 -68.75 -19.125
      vertex 60.5 -7.05127 -13.4225
    endloop
  endfacet
  facet normal 1 0 0
    outer loop
      vertex 60.5 -7.55984 -13.1961
      vertex 60.5 -68.75 -19.125
      vertex 60.5 -7.31347 -13.3271
    endloop
  endfacet
  facet normal 1 -0 0
    outer loop
      vertex 60.5 27.4994 4.4651
      vertex 60.5 40.1395 1.49513
      vertex 60.5 27.4994 10.4651
    endloop
  endfacet
  facet normal 1 -0 0
    outer loop
      vertex 60.5 27.4848 4.32635
      vertex 60.5 40.1395 1.49513
      vertex 60.5 27.4994 4.4651
    endloop
  endfacet
  facet normal 1 -0 0
    outer loop
      vertex 60.5 27.4511 4.19098
      vertex 60.5 40.1395 1.49513
      vertex 60.5 27.4848 4.32635
    endloop
  endfacet
  facet normal 1 -0 0
    outer loop
      vertex 60.5 27.3988 4.06163
      vertex 60.5 40.1395 1.49513
      vertex 60.5 27.4511 4.19098
    endloop
  endfacet
  facet normal 1 -0 0
    outer loop
      vertex 60.5 27.329 3.94081
      vertex 60.5 40.1395 1.49513
      vertex 60.5 27.3988 4.06163
    endloop
  endfacet
  facet normal 1 -0 0
    outer loop
      vertex 60.5 27.2431 3.83087
      vertex 60.5 40.1395 1.49513
      vertex 60.5 27.329 3.94081
    endloop
  endfacet
  facet normal 1 -0 0
    outer loop
      vertex 60.5 27.1428 3.73396
      vertex 60.5 40.1395 1.49513
      vertex 60.5 27.2431 3.83087
    endloop
  endfacet
  facet normal 1 -0 0
    outer loop
      vertex 60.5 27.0299 3.65195
      vertex 60.5 40.1395 1.49513
      vertex 60.5 27.1428 3.73396
    endloop
  endfacet
  facet normal 1 -0 0
    outer loop
      vertex 60.5 26.9067 3.58646
      vertex 60.5 40.1395 1.49513
      vertex 60.5 27.0299 3.65195
    endloop
  endfacet
  facet normal 1 -0 0
    outer loop
      vertex 60.5 26.7756 3.53874
      vertex 60.5 40.1395 1.49513
      vertex 60.5 26.9067 3.58646
    endloop
  endfacet
  facet normal 1 -0 0
    outer loop
      vertex 60.5 26.6392 3.50973
      vertex 60.5 40.1395 1.49513
      vertex 60.5 26.7756 3.53874
    endloop
  endfacet
  facet normal 1 -0 0
    outer loop
      vertex 60.5 26.5 3.5
      vertex 60.5 40.1395 1.49513
      vertex 60.5 26.6392 3.50973
    endloop
  endfacet
  facet normal 1 0 0
    outer loop
      vertex 60.5 8.75106 3.44098
      vertex 60.5 26.5 3.5
      vertex 60.5 8.76577 3.5
    endloop
  endfacet
  facet normal 1 0 0
    outer loop
      vertex 60.5 8.69879 3.31163
      vertex 60.5 26.5 3.5
      vertex 60.5 8.75106 3.44098
    endloop
  endfacet
  facet normal 1 0 0
    outer loop
      vertex 60.5 8.62904 3.19081
      vertex 60.5 26.5 3.5
      vertex 60.5 8.69879 3.31163
    endloop
  endfacet
  facet normal 1 0 0
    outer loop
      vertex 60.5 8.54314 3.08087
      vertex 60.5 26.5 3.5
      vertex 60.5 8.62904 3.19081
    endloop
  endfacet
  facet normal 1 0 0
    outer loop
      vertex 60.5 8.44279 2.98396
      vertex 60.5 26.5 3.5
      vertex 60.5 8.54314 3.08087
    endloop
  endfacet
  facet normal 1 0 0
    outer loop
      vertex 60.5 8.32992 2.90195
      vertex 60.5 26.5 3.5
      vertex 60.5 8.44279 2.98396
    endloop
  endfacet
  facet normal 1 0 0
    outer loop
      vertex 60.5 8.20674 2.83646
      vertex 60.5 26.5 3.5
      vertex 60.5 8.32992 2.90195
    endloop
  endfacet
  facet normal 1 0 0
    outer loop
      vertex 60.5 8.07564 2.78874
      vertex 60.5 26.5 3.5
      vertex 60.5 8.20674 2.83646
    endloop
  endfacet
  facet normal 1 0 0
    outer loop
      vertex 60.5 7.93917 2.75973
      vertex 60.5 26.5 3.5
      vertex 60.5 8.07564 2.78874
    endloop
  endfacet
  facet normal 1 0 0
    outer loop
      vertex 60.5 26.5 3.5
      vertex 60.5 7.93917 2.75973
      vertex 60.5 40.1395 1.49513
    endloop
  endfacet
  facet normal 1 -0 0
    outer loop
      vertex 60.5 7.8 2.75
      vertex 60.5 40.1395 1.49513
      vertex 60.5 7.93917 2.75973
    endloop
  endfacet
  facet normal 1 0 0
    outer loop
      vertex 60.5 7.8 2.75
      vertex 60.5 -6.63951 1.49513
      vertex 60.5 40.1395 1.49513
    endloop
  endfacet
  facet normal 1 -0 0
    outer loop
      vertex 60.5 -7.2 2.75
      vertex 60.5 -6.63951 1.49513
      vertex 60.5 7.8 2.75
    endloop
  endfacet
  facet normal 1 0 0
    outer loop
      vertex 60.5 -7.2 2.75
      vertex 60.5 -6.91582 1.4563
      vertex 60.5 -6.63951 1.49513
    endloop
  endfacet
  facet normal 1 0 0
    outer loop
      vertex 60.5 -7.2 2.75
      vertex 60.5 -7.18404 1.37938
      vertex 60.5 -6.91582 1.4563
    endloop
  endfacet
  facet normal 1 0 0
    outer loop
      vertex 60.5 -7.33917 2.75973
      vertex 60.5 -7.18404 1.37938
      vertex 60.5 -7.2 2.75
    endloop
  endfacet
  facet normal 1 0 0
    outer loop
      vertex 60.5 -7.47564 2.78874
      vertex 60.5 -7.18404 1.37938
      vertex 60.5 -7.33917 2.75973
    endloop
  endfacet
  facet normal 1 0 0
    outer loop
      vertex 60.5 -7.18404 1.37938
      vertex 60.5 -7.47564 2.78874
      vertex 60.5 -7.43894 1.26589
    endloop
  endfacet
  facet normal 1 0 0
    outer loop
      vertex 60.5 -7.60674 2.83646
      vertex 60.5 -7.43894 1.26589
      vertex 60.5 -7.47564 2.78874
    endloop
  endfacet
  facet normal 1 0 0
    outer loop
      vertex 60.5 -7.60674 2.83646
      vertex 60.5 -7.67557 1.11803
      vertex 60.5 -7.43894 1.26589
    endloop
  endfacet
  facet normal 1 0 0
    outer loop
      vertex 60.5 -7.72992 2.90195
      vertex 60.5 -7.67557 1.11803
      vertex 60.5 -7.60674 2.83646
    endloop
  endfacet
  facet normal 1 0 0
    outer loop
      vertex 60.5 -7.84279 2.98396
      vertex 60.5 -7.67557 1.11803
      vertex 60.5 -7.72992 2.90195
    endloop
  endfacet
  facet normal 1 0 0
    outer loop
      vertex 60.5 -7.84279 2.98396
      vertex 60.5 -7.88932 0.938679
      vertex 60.5 -7.67557 1.11803
    endloop
  endfacet
  facet normal 1 0 0
    outer loop
      vertex 60.5 -7.94314 3.08087
      vertex 60.5 -7.88932 0.938679
      vertex 60.5 -7.84279 2.98396
    endloop
  endfacet
  facet normal 1 0 0
    outer loop
      vertex 60.5 -8.07602 0.731322
      vertex 60.5 -7.94314 3.08087
      vertex 60.5 -8.02904 3.19081
    endloop
  endfacet
  facet normal 1 0 0
    outer loop
      vertex 60.5 -7.94314 3.08087
      vertex 60.5 -8.07602 0.731322
      vertex 60.5 -7.88932 0.938679
    endloop
  endfacet
  facet normal 1 0 0
    outer loop
      vertex 60.5 -8.09879 3.31163
      vertex 60.5 -8.07602 0.731322
      vertex 60.5 -8.02904 3.19081
    endloop
  endfacet
  facet normal 1 0 0
    outer loop
      vertex 60.5 -8.23205 0.5
      vertex 60.5 -8.09879 3.31163
      vertex 60.5 -8.15106 3.44098
    endloop
  endfacet
  facet normal 1 -0 0
    outer loop
      vertex 60.5 -17.5 3.5
      vertex 60.5 -8.15106 3.44098
      vertex 60.5 -8.16577 3.5
    endloop
  endfacet
  facet normal 1 0 0
    outer loop
      vertex 60.5 -8.09879 3.31163
      vertex 60.5 -8.23205 0.5
      vertex 60.5 -8.07602 0.731322
    endloop
  endfacet
  facet normal 1 0 0
    outer loop
      vertex 60.5 -8.15106 3.44098
      vertex 60.5 -8.35437 0.249212
      vertex 60.5 -8.23205 0.5
    endloop
  endfacet
  facet normal 1 0 0
    outer loop
      vertex 60.5 -8.15106 3.44098
      vertex 60.5 -17.5 3.5
      vertex 60.5 -8.35437 0.249212
    endloop
  endfacet
  facet normal 1 0 0
    outer loop
      vertex 60.5 -8.35437 0.249212
      vertex 60.5 -17.5 3.5
      vertex 60.5 -8.44059 -0.0161572
    endloop
  endfacet
  facet normal 1 0 0
    outer loop
      vertex 60.5 -8.49878 -0.569798
      vertex 60.5 -17.5 3.5
      vertex 60.5 -8.49878 -11.5698
    endloop
  endfacet
  facet normal 1 0 0
    outer loop
      vertex 60.5 -8.48904 -0.290943
      vertex 60.5 -17.5 3.5
      vertex 60.5 -8.49878 -0.569798
    endloop
  endfacet
  facet normal 1 0 0
    outer loop
      vertex 60.5 -8.44059 -0.0161572
      vertex 60.5 -17.5 3.5
      vertex 60.5 -8.48904 -0.290943
    endloop
  endfacet
  facet normal -0 0 1
    outer loop
      vertex 15.1806 32.7381 18.725
      vertex 26.25 28.75 18.725
      vertex 26.25 39.5012 18.725
    endloop
  endfacet
  facet normal 0 0 1
    outer loop
      vertex 14.6272 24.8245 18.725
      vertex 26.25 28.75 18.725
      vertex 15.1806 28.7619 18.725
    endloop
  endfacet
  facet normal 0 0 1
    outer loop
      vertex 26.25 28.75 18.725
      vertex 25.6527 16.4696 18.725
      vertex 25.9302 16.4988 18.725
    endloop
  endfacet
  facet normal 0 -0 1
    outer loop
      vertex 25.1233 16.2976 18.725
      vertex 26.25 28.75 18.725
      vertex 14.6272 24.8245 18.725
    endloop
  endfacet
  facet normal 0 0 1
    outer loop
      vertex 26.25 28.75 18.725
      vertex 25.382 16.4021 18.725
      vertex 25.6527 16.4696 18.725
    endloop
  endfacet
  facet normal 0 0 1
    outer loop
      vertex 26.25 28.75 18.725
      vertex 25.1233 16.2976 18.725
      vertex 25.382 16.4021 18.725
    endloop
  endfacet
  facet normal 0 0 1
    outer loop
      vertex 25.1233 16.2976 18.725
      vertex 14.6272 24.8245 18.725
      vertex 24.8816 16.1581 18.725
    endloop
  endfacet
  facet normal 0 0 1
    outer loop
      vertex 24.8816 16.1581 18.725
      vertex 14.6272 24.8245 18.725
      vertex 24.6617 15.9863 18.725
    endloop
  endfacet
  facet normal -0 0 1
    outer loop
      vertex 13.5312 21.0024 18.725
      vertex 24.6617 15.9863 18.725
      vertex 14.6272 24.8245 18.725
    endloop
  endfacet
  facet normal 0 0 1
    outer loop
      vertex 24.6617 15.9863 18.725
      vertex 13.5312 21.0024 18.725
      vertex 24.4679 15.7856 18.725
    endloop
  endfacet
  facet normal 0 0 1
    outer loop
      vertex 24.4679 15.7856 18.725
      vertex 13.5312 21.0024 18.725
      vertex 24.3039 15.5598 18.725
    endloop
  endfacet
  facet normal -0 0 1
    outer loop
      vertex 9.80698 13.9981 18.725
      vertex 24 2.5 18.725
      vertex 24 14.5 18.725
    endloop
  endfacet
  facet normal 0 0 1
    outer loop
      vertex 11.914 17.3701 18.725
      vertex 24 14.5 18.725
      vertex 24.0195 14.7783 18.725
    endloop
  endfacet
  facet normal 0 0 1
    outer loop
      vertex 24.3039 15.5598 18.725
      vertex 13.5312 21.0024 18.725
      vertex 24.1729 15.3135 18.725
    endloop
  endfacet
  facet normal -0 0 1
    outer loop
      vertex 11.914 17.3701 18.725
      vertex 24.0775 15.0513 18.725
      vertex 13.5312 21.0024 18.725
    endloop
  endfacet
  facet normal 0 0 1
    outer loop
      vertex 26.25 28.75 18.725
      vertex 15.1806 32.7381 18.725
      vertex 15.1806 28.7619 18.725
    endloop
  endfacet
  facet normal 0 0 1
    outer loop
      vertex 26.25 39.5012 18.725
      vertex 14.6272 36.6755 18.725
      vertex 15.1806 32.7381 18.725
    endloop
  endfacet
  facet normal 0 -0 1
    outer loop
      vertex 14.6272 36.6755 18.725
      vertex 26.25 39.5012 18.725
      vertex 13.8169 39.5012 18.725
    endloop
  endfacet
  facet normal 0 0 1
    outer loop
      vertex 60.5 -68.75 18.725
      vertex 49.4563 -41.0842 18.725
      vertex 49.4951 -41.3605 18.725
    endloop
  endfacet
  facet normal 0 0 1
    outer loop
      vertex 49.118 -40.3244 18.725
      vertex 49.618 1.32443 18.725
      vertex 49.4387 1.11068 18.725
    endloop
  endfacet
  facet normal 0 0 1
    outer loop
      vertex 49.7659 1.56106 18.725
      vertex 49.3794 -40.816 18.725
      vertex 49.4563 -41.0842 18.725
    endloop
  endfacet
  facet normal 0 0 1
    outer loop
      vertex 49.7659 1.56106 18.725
      vertex 49.2659 -40.5611 18.725
      vertex 49.3794 -40.816 18.725
    endloop
  endfacet
  facet normal 0 0 1
    outer loop
      vertex 41.4726 -26.7836 18.725
      vertex 49.4387 1.11068 18.725
      vertex 49.2313 0.923979 18.725
    endloop
  endfacet
  facet normal 0 0 1
    outer loop
      vertex 49.618 1.32443 18.725
      vertex 49.118 -40.3244 18.725
      vertex 49.2659 -40.5611 18.725
    endloop
  endfacet
  facet normal 0 0 1
    outer loop
      vertex 40.646 -22.8943 18.725
      vertex 49.2313 0.923979 18.725
      vertex 49 0.76795 18.725
    endloop
  endfacet
  facet normal 0 0 1
    outer loop
      vertex 49.4387 1.11068 18.725
      vertex 48.9387 -40.1107 18.725
      vertex 49.118 -40.3244 18.725
    endloop
  endfacet
  facet normal 0 0 1
    outer loop
      vertex 40.646 -22.8943 18.725
      vertex 49 0.76795 18.725
      vertex 48.7492 0.645633 18.725
    endloop
  endfacet
  facet normal 0 0 1
    outer loop
      vertex 49.4387 1.11068 18.725
      vertex 41.4726 -26.7836 18.725
      vertex 48.9387 -40.1107 18.725
    endloop
  endfacet
  facet normal 0 0 1
    outer loop
      vertex 48.9387 -40.1107 18.725
      vertex 41.4726 -26.7836 18.725
      vertex 48.7313 -39.924 18.725
    endloop
  endfacet
  facet normal 0 0 1
    outer loop
      vertex 39.286 -19.158 18.725
      vertex 48.7492 0.645633 18.725
      vertex 48.4838 0.559409 18.725
    endloop
  endfacet
  facet normal 0 0 1
    outer loop
      vertex 48.7313 -39.924 18.725
      vertex 41.4726 -26.7836 18.725
      vertex 48.5 -39.768 18.725
    endloop
  endfacet
  facet normal 0 0 1
    outer loop
      vertex 39.286 -19.158 18.725
      vertex 48.4838 0.559409 18.725
      vertex 48.2091 0.510957 18.725
    endloop
  endfacet
  facet normal -0 -0 1
    outer loop
      vertex 41.75 -30.75 18.725
      vertex 48.5 -39.768 18.725
      vertex 41.4726 -26.7836 18.725
    endloop
  endfacet
  facet normal 0 0 1
    outer loop
      vertex 37.4194 -15.6473 18.725
      vertex 48.2091 0.510957 18.725
      vertex 47.9302 0.501219 18.725
    endloop
  endfacet
  facet normal 0 0 1
    outer loop
      vertex 48.5 -39.768 18.725
      vertex 41.75 -30.75 18.725
      vertex 48.2492 -39.6456 18.725
    endloop
  endfacet
  facet normal 0 0 1
    outer loop
      vertex 48.2492 -39.6456 18.725
      vertex 41.75 -30.75 18.725
      vertex 47.9838 -39.5594 18.725
    endloop
  endfacet
  facet normal 0 0 1
    outer loop
      vertex 47.9838 -39.5594 18.725
      vertex 41.75 -30.75 18.725
      vertex 47.7091 -39.511 18.725
    endloop
  endfacet
  facet normal 0 0 1
    outer loop
      vertex 47.7091 -39.511 18.725
      vertex 41.75 -30.75 18.725
      vertex 47.4302 -39.5012 18.725
    endloop
  endfacet
  facet normal 0 0 1
    outer loop
      vertex 49.2313 0.923979 18.725
      vertex 40.646 -22.8943 18.725
      vertex 41.4726 -26.7836 18.725
    endloop
  endfacet
  facet normal 0 0 1
    outer loop
      vertex 48.7492 0.645633 18.725
      vertex 39.286 -19.158 18.725
      vertex 40.646 -22.8943 18.725
    endloop
  endfacet
  facet normal 0 0 1
    outer loop
      vertex 48.2091 0.510957 18.725
      vertex 37.4194 -15.6473 18.725
      vertex 39.286 -19.158 18.725
    endloop
  endfacet
  facet normal 0 0 1
    outer loop
      vertex 47.9302 0.501219 18.725
      vertex 35.0823 -12.4306 18.725
      vertex 37.4194 -15.6473 18.725
    endloop
  endfacet
  facet normal 0 0 1
    outer loop
      vertex 47.9302 0.501219 18.725
      vertex 32.3202 -9.57037 18.725
      vertex 35.0823 -12.4306 18.725
    endloop
  endfacet
  facet normal 0 0 1
    outer loop
      vertex 47.9302 0.501219 18.725
      vertex 29.187 -7.12243 18.725
      vertex 32.3202 -9.57037 18.725
    endloop
  endfacet
  facet normal -0 0 1
    outer loop
      vertex 25.9302 0.501219 18.725
      vertex 29.187 -7.12243 18.725
      vertex 47.9302 0.501219 18.725
    endloop
  endfacet
  facet normal 0 0 1
    outer loop
      vertex 25.9302 0.501219 18.725
      vertex 25.7436 -5.13437 18.725
      vertex 29.187 -7.12243 18.725
    endloop
  endfacet
  facet normal 0 0 1
    outer loop
      vertex 25.6527 0.530385 18.725
      vertex 25.7436 -5.13437 18.725
      vertex 25.9302 0.501219 18.725
    endloop
  endfacet
  facet normal 0 0 1
    outer loop
      vertex 25.382 0.597887 18.725
      vertex 25.7436 -5.13437 18.725
      vertex 25.6527 0.530385 18.725
    endloop
  endfacet
  facet normal 0 0 1
    outer loop
      vertex 22.057 -3.64489 18.725
      vertex 25.382 0.597887 18.725
      vertex 25.1233 0.702413 18.725
    endloop
  endfacet
  facet normal 0 0 1
    outer loop
      vertex 22.057 -3.64489 18.725
      vertex 25.1233 0.702413 18.725
      vertex 24.8816 0.841926 18.725
    endloop
  endfacet
  facet normal 0 0 1
    outer loop
      vertex 22.057 -3.64489 18.725
      vertex 24.8816 0.841926 18.725
      vertex 24.6617 1.01371 18.725
    endloop
  endfacet
  facet normal 0 0 1
    outer loop
      vertex 22.057 -3.64489 18.725
      vertex 24.6617 1.01371 18.725
      vertex 24.4679 1.21443 18.725
    endloop
  endfacet
  facet normal 0 0 1
    outer loop
      vertex 22.057 -3.64489 18.725
      vertex 24.4679 1.21443 18.725
      vertex 24.3039 1.44016 18.725
    endloop
  endfacet
  facet normal 0 0 1
    outer loop
      vertex 22.057 -3.64489 18.725
      vertex 24.3039 1.44016 18.725
      vertex 24.1729 1.68653 18.725
    endloop
  endfacet
  facet normal 0 0 1
    outer loop
      vertex 22.057 -3.64489 18.725
      vertex 24.1729 1.68653 18.725
      vertex 24.0775 1.94873 18.725
    endloop
  endfacet
  facet normal 0 0 1
    outer loop
      vertex 25.382 0.597887 18.725
      vertex 22.057 -3.64489 18.725
      vertex 25.7436 -5.13437 18.725
    endloop
  endfacet
  facet normal 0 0 1
    outer loop
      vertex 24.0195 2.22165 18.725
      vertex 22.057 -3.64489 18.725
      vertex 24.0775 1.94873 18.725
    endloop
  endfacet
  facet normal 0 0 1
    outer loop
      vertex 22.057 -3.64489 18.725
      vertex 24.0195 2.22165 18.725
      vertex 24 2.5 18.725
    endloop
  endfacet
  facet normal 0 0 1
    outer loop
      vertex 53.6887 27.3607 18.725
      vertex 49.9563 14.9158 18.725
      vertex 49.9951 14.6395 18.725
    endloop
  endfacet
  facet normal 0 0 1
    outer loop
      vertex 52.4591 26.761 18.725
      vertex 49.8794 15.184 18.725
      vertex 49.9563 14.9158 18.725
    endloop
  endfacet
  facet normal 0 0 1
    outer loop
      vertex 52.4591 26.761 18.725
      vertex 49.7659 15.4389 18.725
      vertex 49.8794 15.184 18.725
    endloop
  endfacet
  facet normal 0 0 1
    outer loop
      vertex 52.4591 26.761 18.725
      vertex 49.618 15.6756 18.725
      vertex 49.7659 15.4389 18.725
    endloop
  endfacet
  facet normal 0 0 1
    outer loop
      vertex 52.4591 26.761 18.725
      vertex 49.4387 15.8893 18.725
      vertex 49.618 15.6756 18.725
    endloop
  endfacet
  facet normal 0 0 1
    outer loop
      vertex 52.4591 26.761 18.725
      vertex 49.2313 16.076 18.725
      vertex 49.4387 15.8893 18.725
    endloop
  endfacet
  facet normal 0 0 1
    outer loop
      vertex 52.1802 26.7512 18.725
      vertex 49 16.232 18.725
      vertex 49.2313 16.076 18.725
    endloop
  endfacet
  facet normal 0 0 1
    outer loop
      vertex 52.1802 26.7512 18.725
      vertex 48.7492 16.3544 18.725
      vertex 49 16.232 18.725
    endloop
  endfacet
  facet normal 0 0 1
    outer loop
      vertex 52.1802 26.7512 18.725
      vertex 48.4838 16.4406 18.725
      vertex 48.7492 16.3544 18.725
    endloop
  endfacet
  facet normal 0 0 1
    outer loop
      vertex 52.1802 26.7512 18.725
      vertex 48.2091 16.489 18.725
      vertex 48.4838 16.4406 18.725
    endloop
  endfacet
  facet normal 0 0 1
    outer loop
      vertex 52.1802 26.7512 18.725
      vertex 47.9302 16.4988 18.725
      vertex 48.2091 16.489 18.725
    endloop
  endfacet
  facet normal -0 0 1
    outer loop
      vertex 28.1802 26.7512 18.725
      vertex 47.9302 16.4988 18.725
      vertex 52.1802 26.7512 18.725
    endloop
  endfacet
  facet normal 0 0 1
    outer loop
      vertex 25.9302 16.4988 18.725
      vertex 28.1802 26.7512 18.725
      vertex 27.9027 26.7804 18.725
    endloop
  endfacet
  facet normal 0 0 1
    outer loop
      vertex 25.9302 16.4988 18.725
      vertex 27.9027 26.7804 18.725
      vertex 27.632 26.8479 18.725
    endloop
  endfacet
  facet normal 0 0 1
    outer loop
      vertex 25.9302 16.4988 18.725
      vertex 27.632 26.8479 18.725
      vertex 27.3733 26.9524 18.725
    endloop
  endfacet
  facet normal 0 0 1
    outer loop
      vertex 28.1802 26.7512 18.725
      vertex 25.9302 16.4988 18.725
      vertex 47.9302 16.4988 18.725
    endloop
  endfacet
  facet normal 0 0 1
    outer loop
      vertex 27.1316 27.0919 18.725
      vertex 25.9302 16.4988 18.725
      vertex 27.3733 26.9524 18.725
    endloop
  endfacet
  facet normal 0 0 1
    outer loop
      vertex 26.9117 27.2637 18.725
      vertex 25.9302 16.4988 18.725
      vertex 27.1316 27.0919 18.725
    endloop
  endfacet
  facet normal 0 0 1
    outer loop
      vertex 26.7179 27.4644 18.725
      vertex 25.9302 16.4988 18.725
      vertex 26.9117 27.2637 18.725
    endloop
  endfacet
  facet normal 0 0 1
    outer loop
      vertex 26.5539 27.6902 18.725
      vertex 25.9302 16.4988 18.725
      vertex 26.7179 27.4644 18.725
    endloop
  endfacet
  facet normal 0 0 1
    outer loop
      vertex 26.4229 27.9365 18.725
      vertex 25.9302 16.4988 18.725
      vertex 26.5539 27.6902 18.725
    endloop
  endfacet
  facet normal 0 0 1
    outer loop
      vertex 26.3275 28.1987 18.725
      vertex 25.9302 16.4988 18.725
      vertex 26.4229 27.9365 18.725
    endloop
  endfacet
  facet normal 0 0 1
    outer loop
      vertex 26.2695 28.4717 18.725
      vertex 25.9302 16.4988 18.725
      vertex 26.3275 28.1987 18.725
    endloop
  endfacet
  facet normal 0 0 1
    outer loop
      vertex 25.9302 16.4988 18.725
      vertex 26.2695 28.4717 18.725
      vertex 26.25 28.75 18.725
    endloop
  endfacet
  facet normal 0 0 1
    outer loop
      vertex 56.6396 72.7476 18.725
      vertex 60.5 68.75 18.725
      vertex 60.4611 69.3067 18.725
    endloop
  endfacet
  facet normal 0 0 1
    outer loop
      vertex 60.5 68.75 18.725
      vertex 54.2451 28.6105 18.725
      vertex 60.5 -68.75 18.725
    endloop
  endfacet
  facet normal 0 0 1
    outer loop
      vertex 56.6396 72.7476 18.725
      vertex 60.4611 69.3067 18.725
      vertex 60.345 69.8525 18.725
    endloop
  endfacet
  facet normal -0 0 1
    outer loop
      vertex 54.2063 28.3342 18.725
      vertex 60.5 -68.75 18.725
      vertex 54.2451 28.6105 18.725
    endloop
  endfacet
  facet normal 0 0 1
    outer loop
      vertex 56.6396 72.7476 18.725
      vertex 60.345 69.8525 18.725
      vertex 60.1542 70.3769 18.725
    endloop
  endfacet
  facet normal -0 0 1
    outer loop
      vertex 49.9951 2.36049 18.725
      vertex 60.5 -68.75 18.725
      vertex 54.2063 28.3342 18.725
    endloop
  endfacet
  facet normal 0 0 1
    outer loop
      vertex 56.6396 72.7476 18.725
      vertex 60.1542 70.3769 18.725
      vertex 59.8922 70.8697 18.725
    endloop
  endfacet
  facet normal -0 0 1
    outer loop
      vertex 49.9563 2.08418 18.725
      vertex 60.5 -68.75 18.725
      vertex 49.9951 2.36049 18.725
    endloop
  endfacet
  facet normal 0 0 1
    outer loop
      vertex 56.6396 72.7476 18.725
      vertex 59.8922 70.8697 18.725
      vertex 59.5642 71.3212 18.725
    endloop
  endfacet
  facet normal -0 0 1
    outer loop
      vertex 49.4563 -41.0842 18.725
      vertex 60.5 -68.75 18.725
      vertex 49.9563 2.08418 18.725
    endloop
  endfacet
  facet normal 0 0 1
    outer loop
      vertex 56.6396 72.7476 18.725
      vertex 59.5642 71.3212 18.725
      vertex 59.1765 71.7226 18.725
    endloop
  endfacet
  facet normal -0 0 1
    outer loop
      vertex 49.4951 -67.6395 18.725
      vertex 60.5 -68.75 18.725
      vertex 49.4951 -41.3605 18.725
    endloop
  endfacet
  facet normal 0 0 1
    outer loop
      vertex 56.6396 72.7476 18.725
      vertex 59.1765 71.7226 18.725
      vertex 58.7368 72.0661 18.725
    endloop
  endfacet
  facet normal 0 -0 1
    outer loop
      vertex 56.6396 -72.7476 18.725
      vertex 60.5 -68.75 18.725
      vertex 49.4951 -67.6395 18.725
    endloop
  endfacet
  facet normal 0 0 1
    outer loop
      vertex 56.6396 72.7476 18.725
      vertex 58.7368 72.0661 18.725
      vertex 58.2535 72.3452 18.725
    endloop
  endfacet
  facet normal 0 0 1
    outer loop
      vertex 60.5 -68.75 18.725
      vertex 56.6396 -72.7476 18.725
      vertex 60.4611 -69.3067 18.725
    endloop
  endfacet
  facet normal 0 0 1
    outer loop
      vertex 56.6396 72.7476 18.725
      vertex 58.2535 72.3452 18.725
      vertex 57.7361 72.5542 18.725
    endloop
  endfacet
  facet normal 0 0 1
    outer loop
      vertex 60.4611 -69.3067 18.725
      vertex 56.6396 -72.7476 18.725
      vertex 60.345 -69.8525 18.725
    endloop
  endfacet
  facet normal 0 0 1
    outer loop
      vertex 56.6396 72.7476 18.725
      vertex 57.7361 72.5542 18.725
      vertex 57.1946 72.6892 18.725
    endloop
  endfacet
  facet normal 0 0 1
    outer loop
      vertex 60.345 -69.8525 18.725
      vertex 56.6396 -72.7476 18.725
      vertex 60.1542 -70.3769 18.725
    endloop
  endfacet
  facet normal 0 0 1
    outer loop
      vertex 60.5 68.75 18.725
      vertex 56.6396 72.7476 18.725
      vertex 49.5 67.5 18.725
    endloop
  endfacet
  facet normal 0 0 1
    outer loop
      vertex 60.1542 -70.3769 18.725
      vertex 56.6396 -72.7476 18.725
      vertex 59.8922 -70.8697 18.725
    endloop
  endfacet
  facet normal 0 0 1
    outer loop
      vertex 60.5 68.75 18.725
      vertex 54.2451 59.8895 18.725
      vertex 54.2451 28.6105 18.725
    endloop
  endfacet
  facet normal 0 0 1
    outer loop
      vertex 60.5 68.75 18.725
      vertex 54.2063 60.1658 18.725
      vertex 54.2451 59.8895 18.725
    endloop
  endfacet
  facet normal 0 0 1
    outer loop
      vertex 60.5 68.75 18.725
      vertex 54.1294 60.434 18.725
      vertex 54.2063 60.1658 18.725
    endloop
  endfacet
  facet normal 0 0 1
    outer loop
      vertex 60.5 68.75 18.725
      vertex 54.0159 60.6889 18.725
      vertex 54.1294 60.434 18.725
    endloop
  endfacet
  facet normal 0 0 1
    outer loop
      vertex 60.5 68.75 18.725
      vertex 53.868 60.9256 18.725
      vertex 54.0159 60.6889 18.725
    endloop
  endfacet
  facet normal 0 0 1
    outer loop
      vertex 60.5 68.75 18.725
      vertex 53.6887 61.1393 18.725
      vertex 53.868 60.9256 18.725
    endloop
  endfacet
  facet normal 0 0 1
    outer loop
      vertex 60.5 68.75 18.725
      vertex 53.4813 61.326 18.725
      vertex 53.6887 61.1393 18.725
    endloop
  endfacet
  facet normal 0 0 1
    outer loop
      vertex 60.5 68.75 18.725
      vertex 53.25 61.482 18.725
      vertex 53.4813 61.326 18.725
    endloop
  endfacet
  facet normal 0 0 1
    outer loop
      vertex 60.5 68.75 18.725
      vertex 52.9992 61.6044 18.725
      vertex 53.25 61.482 18.725
    endloop
  endfacet
  facet normal 0 0 1
    outer loop
      vertex 60.5 68.75 18.725
      vertex 49.5 67.5 18.725
      vertex 52.9992 61.6044 18.725
    endloop
  endfacet
  facet normal 0 0 1
    outer loop
      vertex 52.9992 61.6044 18.725
      vertex 49.5 67.5 18.725
      vertex 52.7338 61.6906 18.725
    endloop
  endfacet
  facet normal 0 0 1
    outer loop
      vertex 52.7338 61.6906 18.725
      vertex 49.5 67.5 18.725
      vertex 52.4591 61.739 18.725
    endloop
  endfacet
  facet normal 0 0 1
    outer loop
      vertex 52.4591 61.739 18.725
      vertex 49.5 67.5 18.725
      vertex 52.1802 61.7488 18.725
    endloop
  endfacet
  facet normal 0 0 1
    outer loop
      vertex 56.6396 72.7476 18.725
      vertex 49.4805 67.7783 18.725
      vertex 49.5 67.5 18.725
    endloop
  endfacet
  facet normal 0 0 1
    outer loop
      vertex 56.6396 72.7476 18.725
      vertex 49.4225 68.0513 18.725
      vertex 49.4805 67.7783 18.725
    endloop
  endfacet
  facet normal 0 0 1
    outer loop
      vertex 56.6396 72.7476 18.725
      vertex 49.3271 68.3135 18.725
      vertex 49.4225 68.0513 18.725
    endloop
  endfacet
  facet normal 0 0 1
    outer loop
      vertex 56.6396 72.7476 18.725
      vertex 49.1961 68.5598 18.725
      vertex 49.3271 68.3135 18.725
    endloop
  endfacet
  facet normal 0 0 1
    outer loop
      vertex 56.6396 72.7476 18.725
      vertex 49.0321 68.7856 18.725
      vertex 49.1961 68.5598 18.725
    endloop
  endfacet
  facet normal 0 0 1
    outer loop
      vertex 56.6396 72.7476 18.725
      vertex 48.8383 68.9863 18.725
      vertex 49.0321 68.7856 18.725
    endloop
  endfacet
  facet normal 0 0 1
    outer loop
      vertex 56.6396 72.7476 18.725
      vertex 48.6184 69.1581 18.725
      vertex 48.8383 68.9863 18.725
    endloop
  endfacet
  facet normal 0 0 1
    outer loop
      vertex 56.6396 72.7476 18.725
      vertex 48.3767 69.2976 18.725
      vertex 48.6184 69.1581 18.725
    endloop
  endfacet
  facet normal 0 0 1
    outer loop
      vertex 56.6396 72.7476 18.725
      vertex 48.118 69.4021 18.725
      vertex 48.3767 69.2976 18.725
    endloop
  endfacet
  facet normal 0 0 1
    outer loop
      vertex 56.6396 72.7476 18.725
      vertex 47.8473 69.4696 18.725
      vertex 48.118 69.4021 18.725
    endloop
  endfacet
  facet normal 0 0 1
    outer loop
      vertex 56.6396 72.7476 18.725
      vertex 47.5698 69.4988 18.725
      vertex 47.8473 69.4696 18.725
    endloop
  endfacet
  facet normal -0 0 1
    outer loop
      vertex -8.3604 72.7476 18.725
      vertex 47.5698 69.4988 18.725
      vertex 56.6396 72.7476 18.725
    endloop
  endfacet
  facet normal 0 0 1
    outer loop
      vertex -12.4242 69.4988 18.725
      vertex -8.3604 72.7476 18.725
      vertex -8.91811 72.7281 18.725
    endloop
  endfacet
  facet normal 0 0 1
    outer loop
      vertex -12.4242 69.4988 18.725
      vertex -8.91811 72.7281 18.725
      vertex -9.46769 72.6312 18.725
    endloop
  endfacet
  facet normal 0 0 1
    outer loop
      vertex -12.4242 69.4988 18.725
      vertex -9.46769 72.6312 18.725
      vertex -9.99843 72.4587 18.725
    endloop
  endfacet
  facet normal 0 0 1
    outer loop
      vertex -12.4242 69.4988 18.725
      vertex -9.99843 72.4587 18.725
      vertex -10.5 72.2141 18.725
    endloop
  endfacet
  facet normal 0 0 1
    outer loop
      vertex -12.4242 69.4988 18.725
      vertex -10.5 72.2141 18.725
      vertex -10.9626 71.902 18.725
    endloop
  endfacet
  facet normal 0 0 1
    outer loop
      vertex -12.4242 69.4988 18.725
      vertex -10.9626 71.902 18.725
      vertex -11.3774 71.5286 18.725
    endloop
  endfacet
  facet normal 0 0 1
    outer loop
      vertex -12.4242 69.4988 18.725
      vertex -11.3774 71.5286 18.725
      vertex -11.7361 71.1011 18.725
    endloop
  endfacet
  facet normal 0 0 1
    outer loop
      vertex -12.4242 69.4988 18.725
      vertex -11.7361 71.1011 18.725
      vertex -12.0318 70.6279 18.725
    endloop
  endfacet
  facet normal 0 0 1
    outer loop
      vertex -12.4242 69.4988 18.725
      vertex -12.0318 70.6279 18.725
      vertex -12.2588 70.1181 18.725
    endloop
  endfacet
  facet normal 0 0 1
    outer loop
      vertex -12.4242 69.4988 18.725
      vertex -12.2588 70.1181 18.725
      vertex -12.4126 69.5816 18.725
    endloop
  endfacet
  facet normal 0 0 1
    outer loop
      vertex -8.3604 72.7476 18.725
      vertex -12.4242 69.4988 18.725
      vertex 47.5698 69.4988 18.725
    endloop
  endfacet
  facet normal 0 0 1
    outer loop
      vertex 59.8922 -70.8697 18.725
      vertex 56.6396 -72.7476 18.725
      vertex 59.5642 -71.3212 18.725
    endloop
  endfacet
  facet normal 0 0 1
    outer loop
      vertex 59.5642 -71.3212 18.725
      vertex 56.6396 -72.7476 18.725
      vertex 59.1765 -71.7226 18.725
    endloop
  endfacet
  facet normal 0 0 1
    outer loop
      vertex 49.9951 2.36049 18.725
      vertex 54.2063 28.3342 18.725
      vertex 54.1294 28.066 18.725
    endloop
  endfacet
  facet normal 0 0 1
    outer loop
      vertex 49.9951 2.36049 18.725
      vertex 54.1294 28.066 18.725
      vertex 54.0159 27.8111 18.725
    endloop
  endfacet
  facet normal 0 0 1
    outer loop
      vertex 49.9951 14.6395 18.725
      vertex 54.0159 27.8111 18.725
      vertex 53.868 27.5744 18.725
    endloop
  endfacet
  facet normal 0 0 1
    outer loop
      vertex 49.9951 14.6395 18.725
      vertex 53.868 27.5744 18.725
      vertex 53.6887 27.3607 18.725
    endloop
  endfacet
  facet normal 0 0 1
    outer loop
      vertex 49.9563 14.9158 18.725
      vertex 53.6887 27.3607 18.725
      vertex 53.4813 27.174 18.725
    endloop
  endfacet
  facet normal 0 0 1
    outer loop
      vertex 49.9563 14.9158 18.725
      vertex 53.4813 27.174 18.725
      vertex 53.25 27.018 18.725
    endloop
  endfacet
  facet normal 0 0 1
    outer loop
      vertex 49.9563 14.9158 18.725
      vertex 53.25 27.018 18.725
      vertex 52.9992 26.8956 18.725
    endloop
  endfacet
  facet normal 0 0 1
    outer loop
      vertex 49.9563 14.9158 18.725
      vertex 52.9992 26.8956 18.725
      vertex 52.7338 26.8094 18.725
    endloop
  endfacet
  facet normal 0 0 1
    outer loop
      vertex 49.9563 14.9158 18.725
      vertex 52.7338 26.8094 18.725
      vertex 52.4591 26.761 18.725
    endloop
  endfacet
  facet normal 0 0 1
    outer loop
      vertex 49.2313 16.076 18.725
      vertex 52.4591 26.761 18.725
      vertex 52.1802 26.7512 18.725
    endloop
  endfacet
  facet normal 0 0 1
    outer loop
      vertex 54.0159 27.8111 18.725
      vertex 49.9951 14.6395 18.725
      vertex 49.9951 2.36049 18.725
    endloop
  endfacet
  facet normal 0 0 1
    outer loop
      vertex 59.1765 -71.7226 18.725
      vertex 56.6396 -72.7476 18.725
      vertex 58.7368 -72.0661 18.725
    endloop
  endfacet
  facet normal 0 0 1
    outer loop
      vertex 58.7368 -72.0661 18.725
      vertex 56.6396 -72.7476 18.725
      vertex 58.2535 -72.3452 18.725
    endloop
  endfacet
  facet normal 0 0 1
    outer loop
      vertex 49.4563 -41.0842 18.725
      vertex 49.9563 2.08418 18.725
      vertex 49.8794 1.81596 18.725
    endloop
  endfacet
  facet normal 0 0 1
    outer loop
      vertex 49.4563 -41.0842 18.725
      vertex 49.8794 1.81596 18.725
      vertex 49.7659 1.56106 18.725
    endloop
  endfacet
  facet normal 0 0 1
    outer loop
      vertex 49.2659 -40.5611 18.725
      vertex 49.7659 1.56106 18.725
      vertex 49.618 1.32443 18.725
    endloop
  endfacet
  facet normal 0 0 1
    outer loop
      vertex 58.2535 -72.3452 18.725
      vertex 56.6396 -72.7476 18.725
      vertex 57.7361 -72.5542 18.725
    endloop
  endfacet
  facet normal 0 0 1
    outer loop
      vertex 57.7361 -72.5542 18.725
      vertex 56.6396 -72.7476 18.725
      vertex 57.1946 -72.6892 18.725
    endloop
  endfacet
  facet normal -0 0 1
    outer loop
      vertex 49.4563 -67.9158 18.725
      vertex 56.6396 -72.7476 18.725
      vertex 49.4951 -67.6395 18.725
    endloop
  endfacet
  facet normal -0 0 1
    outer loop
      vertex 49.3794 -68.184 18.725
      vertex 56.6396 -72.7476 18.725
      vertex 49.4563 -67.9158 18.725
    endloop
  endfacet
  facet normal -0 0 1
    outer loop
      vertex 49.2659 -68.4389 18.725
      vertex 56.6396 -72.7476 18.725
      vertex 49.3794 -68.184 18.725
    endloop
  endfacet
  facet normal -0 0 1
    outer loop
      vertex 49.118 -68.6756 18.725
      vertex 56.6396 -72.7476 18.725
      vertex 49.2659 -68.4389 18.725
    endloop
  endfacet
  facet normal -0 0 1
    outer loop
      vertex 48.9387 -68.8893 18.725
      vertex 56.6396 -72.7476 18.725
      vertex 49.118 -68.6756 18.725
    endloop
  endfacet
  facet normal -0 0 1
    outer loop
      vertex 48.7313 -69.076 18.725
      vertex 56.6396 -72.7476 18.725
      vertex 48.9387 -68.8893 18.725
    endloop
  endfacet
  facet normal -0 0 1
    outer loop
      vertex 48.5 -69.232 18.725
      vertex 56.6396 -72.7476 18.725
      vertex 48.7313 -69.076 18.725
    endloop
  endfacet
  facet normal -0 0 1
    outer loop
      vertex 48.2492 -69.3544 18.725
      vertex 56.6396 -72.7476 18.725
      vertex 48.5 -69.232 18.725
    endloop
  endfacet
  facet normal -0 0 1
    outer loop
      vertex 47.9838 -69.4406 18.725
      vertex 56.6396 -72.7476 18.725
      vertex 48.2492 -69.3544 18.725
    endloop
  endfacet
  facet normal -0 0 1
    outer loop
      vertex 47.7091 -69.489 18.725
      vertex 56.6396 -72.7476 18.725
      vertex 47.9838 -69.4406 18.725
    endloop
  endfacet
  facet normal -0 0 1
    outer loop
      vertex 47.4302 -69.4988 18.725
      vertex 56.6396 -72.7476 18.725
      vertex 47.7091 -69.489 18.725
    endloop
  endfacet
  facet normal 0 0 1
    outer loop
      vertex 47.4302 -69.4988 18.725
      vertex -8.3604 -72.7476 18.725
      vertex 56.6396 -72.7476 18.725
    endloop
  endfacet
  facet normal -0 0 1
    outer loop
      vertex -12.4242 -69.4988 18.725
      vertex -8.3604 -72.7476 18.725
      vertex 47.4302 -69.4988 18.725
    endloop
  endfacet
  facet normal 0 0 1
    outer loop
      vertex -8.3604 -72.7476 18.725
      vertex -12.4242 -69.4988 18.725
      vertex -8.91811 -72.7281 18.725
    endloop
  endfacet
  facet normal 0 0 1
    outer loop
      vertex -8.91811 -72.7281 18.725
      vertex -12.4242 -69.4988 18.725
      vertex -9.46769 -72.6312 18.725
    endloop
  endfacet
  facet normal 0 0 1
    outer loop
      vertex -9.46769 -72.6312 18.725
      vertex -12.4242 -69.4988 18.725
      vertex -9.99843 -72.4587 18.725
    endloop
  endfacet
  facet normal 0 0 1
    outer loop
      vertex -9.99843 -72.4587 18.725
      vertex -12.4242 -69.4988 18.725
      vertex -10.5 -72.2141 18.725
    endloop
  endfacet
  facet normal 0 0 1
    outer loop
      vertex -10.5 -72.2141 18.725
      vertex -12.4242 -69.4988 18.725
      vertex -10.9626 -71.902 18.725
    endloop
  endfacet
  facet normal 0 0 1
    outer loop
      vertex -10.9626 -71.902 18.725
      vertex -12.4242 -69.4988 18.725
      vertex -11.3774 -71.5286 18.725
    endloop
  endfacet
  facet normal 0 0 1
    outer loop
      vertex -11.3774 -71.5286 18.725
      vertex -12.4242 -69.4988 18.725
      vertex -11.7361 -71.1011 18.725
    endloop
  endfacet
  facet normal 0 0 1
    outer loop
      vertex -11.7361 -71.1011 18.725
      vertex -12.4242 -69.4988 18.725
      vertex -12.0318 -70.6279 18.725
    endloop
  endfacet
  facet normal 0 0 1
    outer loop
      vertex -12.0318 -70.6279 18.725
      vertex -12.4242 -69.4988 18.725
      vertex -12.2588 -70.1181 18.725
    endloop
  endfacet
  facet normal 0 0 1
    outer loop
      vertex -12.2588 -70.1181 18.725
      vertex -12.4242 -69.4988 18.725
      vertex -12.4126 -69.5816 18.725
    endloop
  endfacet
  facet normal 0 0 1
    outer loop
      vertex 52.1802 61.7488 18.725
      vertex 49.5 67.5 18.725
      vertex 49.5 61.7488 18.725
    endloop
  endfacet
  facet normal -0 0 1
    outer loop
      vertex 41.4726 -34.7164 18.725
      vertex 47.4302 -39.5012 18.725
      vertex 41.75 -30.75 18.725
    endloop
  endfacet
  facet normal -0 0 1
    outer loop
      vertex 40.646 -38.6057 18.725
      vertex 47.4302 -39.5012 18.725
      vertex 41.4726 -34.7164 18.725
    endloop
  endfacet
  facet normal 0 0 1
    outer loop
      vertex 47.4302 -39.5012 18.725
      vertex 40.646 -38.6057 18.725
      vertex 40.32 -39.5012 18.725
    endloop
  endfacet
  facet normal 0 0 1
    outer loop
      vertex 24.1729 15.3135 18.725
      vertex 13.5312 21.0024 18.725
      vertex 24.0775 15.0513 18.725
    endloop
  endfacet
  facet normal 0 0 1
    outer loop
      vertex 24.0775 15.0513 18.725
      vertex 11.914 17.3701 18.725
      vertex 24.0195 14.7783 18.725
    endloop
  endfacet
  facet normal 0 0 1
    outer loop
      vertex 24 14.5 18.725
      vertex 11.914 17.3701 18.725
      vertex 9.80698 13.9981 18.725
    endloop
  endfacet
  facet normal 0 0 1
    outer loop
      vertex 24 2.5 18.725
      vertex 18.199 -2.68298 18.725
      vertex 22.057 -3.64489 18.725
    endloop
  endfacet
  facet normal 0 0 1
    outer loop
      vertex 24 2.5 18.725
      vertex 9.80698 13.9981 18.725
      vertex 14.2446 -2.26736 18.725
    endloop
  endfacet
  facet normal 0 0 1
    outer loop
      vertex 24 2.5 18.725
      vertex 14.2446 -2.26736 18.725
      vertex 18.199 -2.68298 18.725
    endloop
  endfacet
  facet normal -0 0 1
    outer loop
      vertex 7.25118 10.9522 18.725
      vertex 14.2446 -2.26736 18.725
      vertex 9.80698 13.9981 18.725
    endloop
  endfacet
  facet normal 0 0 1
    outer loop
      vertex 14.2446 -2.26736 18.725
      vertex 7.25118 10.9522 18.725
      vertex 10.2709 -2.40613 18.725
    endloop
  endfacet
  facet normal -0 0 1
    outer loop
      vertex 4.29635 8.29169 18.725
      vertex 10.2709 -2.40613 18.725
      vertex 7.25118 10.9522 18.725
    endloop
  endfacet
  facet normal 0 0 1
    outer loop
      vertex 10.2709 -2.40613 18.725
      vertex 4.29635 8.29169 18.725
      vertex 6.35523 -3.09657 18.725
    endloop
  endfacet
  facet normal -0 0 1
    outer loop
      vertex 1 6.06828 18.725
      vertex 6.35523 -3.09657 18.725
      vertex 4.29635 8.29169 18.725
    endloop
  endfacet
  facet normal 0 0 1
    outer loop
      vertex 6.35523 -3.09657 18.725
      vertex 1 6.06828 18.725
      vertex 2.57371 -4.32526 18.725
    endloop
  endfacet
  facet normal -0 0 1
    outer loop
      vertex -2.57371 4.32526 18.725
      vertex 2.57371 -4.32526 18.725
      vertex 1 6.06828 18.725
    endloop
  endfacet
  facet normal 0 0 1
    outer loop
      vertex 2.57371 -4.32526 18.725
      vertex -2.57371 4.32526 18.725
      vertex -1 -6.06828 18.725
    endloop
  endfacet
  facet normal -0 0 1
    outer loop
      vertex -6.35523 3.09657 18.725
      vertex -1 -6.06828 18.725
      vertex -2.57371 4.32526 18.725
    endloop
  endfacet
  facet normal 0 0 1
    outer loop
      vertex -1 -6.06828 18.725
      vertex -6.35523 3.09657 18.725
      vertex -4.29635 -8.29169 18.725
    endloop
  endfacet
  facet normal -0 0 1
    outer loop
      vertex -10.2709 2.40613 18.725
      vertex -4.29635 -8.29169 18.725
      vertex -6.35523 3.09657 18.725
    endloop
  endfacet
  facet normal 0 0 1
    outer loop
      vertex -4.29635 -8.29169 18.725
      vertex -10.2709 2.40613 18.725
      vertex -7.25118 -10.9522 18.725
    endloop
  endfacet
  facet normal -0 0 1
    outer loop
      vertex -12.4903 2.32862 18.725
      vertex -7.25118 -10.9522 18.725
      vertex -10.2709 2.40613 18.725
    endloop
  endfacet
  facet normal 0 0 1
    outer loop
      vertex -7.25118 -10.9522 18.725
      vertex -12.4903 2.32862 18.725
      vertex -9.80698 -13.9981 18.725
    endloop
  endfacet
  facet normal 0 0 1
    outer loop
      vertex -9.80698 -13.9981 18.725
      vertex -12.4903 2.32862 18.725
      vertex -11.914 -17.3701 18.725
    endloop
  endfacet
  facet normal 0 0 1
    outer loop
      vertex -11.914 -17.3701 18.725
      vertex -12.4903 2.32862 18.725
      vertex -12.4903 -18.6643 18.725
    endloop
  endfacet
  facet normal 0.104647 0.994509 -0
    outer loop
      vertex 57.1946 72.6892 -19.125
      vertex 56.6396 72.7476 18.725
      vertex 57.1946 72.6892 18.725
    endloop
  endfacet
  facet normal 0.104647 0.994509 0
    outer loop
      vertex 56.6396 72.7476 18.725
      vertex 57.1946 72.6892 -19.125
      vertex 56.6396 72.7476 -19.125
    endloop
  endfacet
  facet normal 0.997568 -0.0697061 0
    outer loop
      vertex 60.4611 -69.3067 18.725
      vertex 60.5 -68.75 -19.125
      vertex 60.5 -68.75 18.725
    endloop
  endfacet
  facet normal 0.997568 -0.0697061 0
    outer loop
      vertex 60.5 -68.75 -19.125
      vertex 60.4611 -69.3067 18.725
      vertex 60.4611 -69.3067 -19.125
    endloop
  endfacet
  facet normal 0.978116 0.20806 0
    outer loop
      vertex 60.4611 69.3067 18.725
      vertex 60.345 69.8525 -19.125
      vertex 60.345 69.8525 18.725
    endloop
  endfacet
  facet normal 0.978116 0.20806 0
    outer loop
      vertex 60.345 69.8525 -19.125
      vertex 60.4611 69.3067 18.725
      vertex 60.4611 69.3067 -19.125
    endloop
  endfacet
  facet normal 0.241903 -0.9703 0
    outer loop
      vertex 57.1946 -72.6892 -19.125
      vertex 57.7361 -72.5542 18.725
      vertex 57.1946 -72.6892 18.725
    endloop
  endfacet
  facet normal 0.241903 -0.9703 0
    outer loop
      vertex 57.7361 -72.5542 18.725
      vertex 57.1946 -72.6892 -19.125
      vertex 57.7361 -72.5542 -19.125
    endloop
  endfacet
  facet normal 0.997568 0.0697061 0
    outer loop
      vertex 60.5 68.75 18.725
      vertex 60.4611 69.3067 -19.125
      vertex 60.4611 69.3067 18.725
    endloop
  endfacet
  facet normal 0.997568 0.0697061 0
    outer loop
      vertex 60.4611 69.3067 -19.125
      vertex 60.5 68.75 18.725
      vertex 60.5 68.75 -19.125
    endloop
  endfacet
  facet normal 0.104647 -0.994509 0
    outer loop
      vertex 56.6396 -72.7476 -19.125
      vertex 57.1946 -72.6892 18.725
      vertex 56.6396 -72.7476 18.725
    endloop
  endfacet
  facet normal 0.104647 -0.994509 0
    outer loop
      vertex 57.1946 -72.6892 18.725
      vertex 56.6396 -72.7476 -19.125
      vertex 57.1946 -72.6892 -19.125
    endloop
  endfacet
  facet normal 0 -1 0
    outer loop
      vertex -8.3604 -72.7476 -19.125
      vertex 56.6396 -72.7476 18.725
      vertex -8.3604 -72.7476 18.725
    endloop
  endfacet
  facet normal 0 -1 -0
    outer loop
      vertex 56.6396 -72.7476 18.725
      vertex -8.3604 -72.7476 -19.125
      vertex 56.6396 -72.7476 -19.125
    endloop
  endfacet
  facet normal 0.615627 -0.788038 0
    outer loop
      vertex 58.7368 -72.0661 -19.125
      vertex 59.1765 -71.7226 18.725
      vertex 58.7368 -72.0661 18.725
    endloop
  endfacet
  facet normal 0.615627 -0.788038 0
    outer loop
      vertex 59.1765 -71.7226 18.725
      vertex 58.7368 -72.0661 -19.125
      vertex 59.1765 -71.7226 -19.125
    endloop
  endfacet
  facet normal 0.719275 -0.694726 0
    outer loop
      vertex 59.1765 -71.7226 18.725
      vertex 59.5642 -71.3212 -19.125
      vertex 59.5642 -71.3212 18.725
    endloop
  endfacet
  facet normal 0.719275 -0.694726 0
    outer loop
      vertex 59.5642 -71.3212 -19.125
      vertex 59.1765 -71.7226 18.725
      vertex 59.1765 -71.7226 -19.125
    endloop
  endfacet
  facet normal 0 1 0
    outer loop
      vertex 25.3578 72.7476 -11.1982
      vertex 25.5187 72.7476 -11.6404
      vertex 21.8953 72.7476 -11.1982
    endloop
  endfacet
  facet normal 0 1 0
    outer loop
      vertex 30.7906 72.7476 -0.203655
      vertex 56.6396 72.7476 18.725
      vertex 42.7906 72.7476 -0.203655
    endloop
  endfacet
  facet normal 0 1 0
    outer loop
      vertex 56.6396 72.7476 18.725
      vertex 43.6272 72.7476 -0.232869
      vertex 42.7906 72.7476 -0.203655
    endloop
  endfacet
  facet normal 0 1 0
    outer loop
      vertex 56.6396 72.7476 18.725
      vertex 44.4515 72.7476 -0.378226
      vertex 43.6272 72.7476 -0.232869
    endloop
  endfacet
  facet normal 0 1 0
    outer loop
      vertex 56.6396 72.7476 18.725
      vertex 45.2476 72.7476 -0.636897
      vertex 44.4515 72.7476 -0.378226
    endloop
  endfacet
  facet normal 0 1 0
    outer loop
      vertex 56.6396 72.7476 18.725
      vertex 46 72.7476 -1.00385
      vertex 45.2476 72.7476 -0.636897
    endloop
  endfacet
  facet normal 0 1 0
    outer loop
      vertex 56.6396 72.7476 18.725
      vertex 46.694 72.7476 -1.47194
      vertex 46 72.7476 -1.00385
    endloop
  endfacet
  facet normal 0 1 -0
    outer loop
      vertex 52.3136 72.7476 -4.21643
      vertex 46.694 72.7476 -1.47194
      vertex 56.6396 72.7476 18.725
    endloop
  endfacet
  facet normal 0 1 0
    outer loop
      vertex 46.694 72.7476 -1.47194
      vertex 52.3136 72.7476 -4.21643
      vertex 47.316 72.7476 -2.03205
    endloop
  endfacet
  facet normal -0 1 -0
    outer loop
      vertex 51.8953 72.7476 -4.20183
      vertex 47.316 72.7476 -2.03205
      vertex 52.3136 72.7476 -4.21643
    endloop
  endfacet
  facet normal 0 1 0
    outer loop
      vertex 47.316 72.7476 -2.03205
      vertex 51.8953 72.7476 -4.20183
      vertex 47.8541 72.7476 -2.67329
    endloop
  endfacet
  facet normal 0 1 0
    outer loop
      vertex 48.2977 72.7476 -3.38317
      vertex 51.8953 72.7476 -4.20183
      vertex 48.6382 72.7476 -4.14788
    endloop
  endfacet
  facet normal 0 1 0
    outer loop
      vertex 47.8541 72.7476 -2.67329
      vertex 51.8953 72.7476 -4.20183
      vertex 48.2977 72.7476 -3.38317
    endloop
  endfacet
  facet normal 0 1 0
    outer loop
      vertex 56.6396 72.7476 18.725
      vertex 52.7258 72.7476 -4.28911
      vertex 52.3136 72.7476 -4.21643
    endloop
  endfacet
  facet normal 0 1 0
    outer loop
      vertex 56.6396 72.7476 18.725
      vertex 53.1238 72.7476 -4.41845
      vertex 52.7258 72.7476 -4.28911
    endloop
  endfacet
  facet normal 0 1 0
    outer loop
      vertex 56.6396 72.7476 18.725
      vertex 53.5 72.7476 -4.60192
      vertex 53.1238 72.7476 -4.41845
    endloop
  endfacet
  facet normal 0 1 0
    outer loop
      vertex 56.6396 72.7476 18.725
      vertex 53.847 72.7476 -4.83597
      vertex 53.5 72.7476 -4.60192
    endloop
  endfacet
  facet normal 0 1 0
    outer loop
      vertex 56.6396 72.7476 18.725
      vertex 54.158 72.7476 -5.11602
      vertex 53.847 72.7476 -4.83597
    endloop
  endfacet
  facet normal 0 1 0
    outer loop
      vertex 56.6396 72.7476 18.725
      vertex 54.4271 72.7476 -5.43664
      vertex 54.158 72.7476 -5.11602
    endloop
  endfacet
  facet normal 0 1 0
    outer loop
      vertex 56.6396 72.7476 18.725
      vertex 54.6488 72.7476 -5.79159
      vertex 54.4271 72.7476 -5.43664
    endloop
  endfacet
  facet normal 0 1 0
    outer loop
      vertex 56.6396 72.7476 18.725
      vertex 54.8191 72.7476 -6.17394
      vertex 54.6488 72.7476 -5.79159
    endloop
  endfacet
  facet normal 0 1 0
    outer loop
      vertex 56.6396 72.7476 18.725
      vertex 54.9344 72.7476 -6.57627
      vertex 54.8191 72.7476 -6.17394
    endloop
  endfacet
  facet normal 0 1 0
    outer loop
      vertex 56.6396 72.7476 18.725
      vertex 54.9927 72.7476 -6.99073
      vertex 54.9344 72.7476 -6.57627
    endloop
  endfacet
  facet normal 0 1 -0
    outer loop
      vertex 56.6396 72.7476 -19.125
      vertex 54.9927 72.7476 -6.99073
      vertex 56.6396 72.7476 18.725
    endloop
  endfacet
  facet normal 0 1 0
    outer loop
      vertex 51.8953 72.7476 -11.1982
      vertex 48.6382 72.7476 -11.2521
      vertex 48.6536 72.7476 -11.1982
    endloop
  endfacet
  facet normal 0 1 0
    outer loop
      vertex 51.8953 72.7476 -11.1982
      vertex 48.2977 72.7476 -12.0168
      vertex 48.6382 72.7476 -11.2521
    endloop
  endfacet
  facet normal 0 1 0
    outer loop
      vertex 56.6396 72.7476 -19.125
      vertex 51.8953 72.7476 -11.1982
      vertex 52.3136 72.7476 -11.1836
    endloop
  endfacet
  facet normal 0 1 0
    outer loop
      vertex 56.6396 72.7476 -19.125
      vertex 52.3136 72.7476 -11.1836
      vertex 52.7258 72.7476 -11.1109
    endloop
  endfacet
  facet normal 0 1 0
    outer loop
      vertex 51.8953 72.7476 -11.1982
      vertex 47.8541 72.7476 -12.7267
      vertex 48.2977 72.7476 -12.0168
    endloop
  endfacet
  facet normal 0 1 0
    outer loop
      vertex 56.6396 72.7476 -19.125
      vertex 52.7258 72.7476 -11.1109
      vertex 53.1238 72.7476 -10.9816
    endloop
  endfacet
  facet normal 0 1 0
    outer loop
      vertex 51.8953 72.7476 -11.1982
      vertex 56.6396 72.7476 -19.125
      vertex 47.316 72.7476 -13.3679
    endloop
  endfacet
  facet normal 0 1 0
    outer loop
      vertex 51.8953 72.7476 -11.1982
      vertex 47.316 72.7476 -13.3679
      vertex 47.8541 72.7476 -12.7267
    endloop
  endfacet
  facet normal 0 1 0
    outer loop
      vertex 47.316 72.7476 -13.3679
      vertex 56.6396 72.7476 -19.125
      vertex 46.694 72.7476 -13.9281
    endloop
  endfacet
  facet normal 0 1 0
    outer loop
      vertex 46.694 72.7476 -13.9281
      vertex 56.6396 72.7476 -19.125
      vertex 46 72.7476 -14.3962
    endloop
  endfacet
  facet normal 0 1 0
    outer loop
      vertex 42.7906 72.7476 -15.1963
      vertex 56.6396 72.7476 -19.125
      vertex 30.7906 72.7476 -15.1963
    endloop
  endfacet
  facet normal 0 1 0
    outer loop
      vertex 43.6272 72.7476 -15.1671
      vertex 56.6396 72.7476 -19.125
      vertex 42.7906 72.7476 -15.1963
    endloop
  endfacet
  facet normal 0 1 0
    outer loop
      vertex 44.4515 72.7476 -15.0218
      vertex 56.6396 72.7476 -19.125
      vertex 43.6272 72.7476 -15.1671
    endloop
  endfacet
  facet normal 0 1 0
    outer loop
      vertex 45.2476 72.7476 -14.7631
      vertex 56.6396 72.7476 -19.125
      vertex 44.4515 72.7476 -15.0218
    endloop
  endfacet
  facet normal 0 1 0
    outer loop
      vertex 46 72.7476 -14.3962
      vertex 56.6396 72.7476 -19.125
      vertex 45.2476 72.7476 -14.7631
    endloop
  endfacet
  facet normal 0 1 0
    outer loop
      vertex 53.5 72.7476 -10.7981
      vertex 56.6396 72.7476 -19.125
      vertex 53.1238 72.7476 -10.9816
    endloop
  endfacet
  facet normal 0 1 0
    outer loop
      vertex 53.847 72.7476 -10.564
      vertex 56.6396 72.7476 -19.125
      vertex 53.5 72.7476 -10.7981
    endloop
  endfacet
  facet normal 0 1 0
    outer loop
      vertex 54.158 72.7476 -10.284
      vertex 56.6396 72.7476 -19.125
      vertex 53.847 72.7476 -10.564
    endloop
  endfacet
  facet normal 0 1 0
    outer loop
      vertex 54.4271 72.7476 -9.96336
      vertex 56.6396 72.7476 -19.125
      vertex 54.158 72.7476 -10.284
    endloop
  endfacet
  facet normal 0 1 0
    outer loop
      vertex 54.6488 72.7476 -9.60841
      vertex 56.6396 72.7476 -19.125
      vertex 54.4271 72.7476 -9.96336
    endloop
  endfacet
  facet normal 0 1 0
    outer loop
      vertex 54.8191 72.7476 -9.22606
      vertex 56.6396 72.7476 -19.125
      vertex 54.6488 72.7476 -9.60841
    endloop
  endfacet
  facet normal 0 1 0
    outer loop
      vertex 54.9344 72.7476 -8.82373
      vertex 56.6396 72.7476 -19.125
      vertex 54.8191 72.7476 -9.22606
    endloop
  endfacet
  facet normal 0 1 0
    outer loop
      vertex 54.9927 72.7476 -8.40927
      vertex 56.6396 72.7476 -19.125
      vertex 54.9344 72.7476 -8.82373
    endloop
  endfacet
  facet normal 0 1 0
    outer loop
      vertex 54.9927 72.7476 -6.99073
      vertex 56.6396 72.7476 -19.125
      vertex 54.9927 72.7476 -8.40927
    endloop
  endfacet
  facet normal 0 1 0
    outer loop
      vertex 29.9581 72.7476 -0.291154
      vertex 56.6396 72.7476 18.725
      vertex 30.7906 72.7476 -0.203655
    endloop
  endfacet
  facet normal 0 1 0
    outer loop
      vertex 56.6396 72.7476 18.725
      vertex 29.9581 72.7476 -0.291154
      vertex -8.3604 72.7476 18.725
    endloop
  endfacet
  facet normal 0 1 -0
    outer loop
      vertex 29.1459 72.7476 -0.493661
      vertex -8.3604 72.7476 18.725
      vertex 29.9581 72.7476 -0.291154
    endloop
  endfacet
  facet normal 0 1 -0
    outer loop
      vertex 28.3698 72.7476 -0.807236
      vertex -8.3604 72.7476 18.725
      vertex 29.1459 72.7476 -0.493661
    endloop
  endfacet
  facet normal 0 1 -0
    outer loop
      vertex 27.6448 72.7476 -1.22578
      vertex -8.3604 72.7476 18.725
      vertex 28.3698 72.7476 -0.807236
    endloop
  endfacet
  facet normal 0 1 0
    outer loop
      vertex 21.4791 72.7476 -4.24558
      vertex 27.6448 72.7476 -1.22578
      vertex 26.9852 72.7476 -1.74113
    endloop
  endfacet
  facet normal 0 1 0
    outer loop
      vertex 21.8953 72.7476 -4.20183
      vertex 26.9852 72.7476 -1.74113
      vertex 26.4037 72.7476 -2.34328
    endloop
  endfacet
  facet normal 0 1 0
    outer loop
      vertex 21.8953 72.7476 -4.20183
      vertex 26.4037 72.7476 -2.34328
      vertex 25.9117 72.7476 -3.02049
    endloop
  endfacet
  facet normal 0 1 0
    outer loop
      vertex 21.8953 72.7476 -4.20183
      vertex 25.9117 72.7476 -3.02049
      vertex 25.5187 72.7476 -3.75958
    endloop
  endfacet
  facet normal 0 1 0
    outer loop
      vertex 21.8953 72.7476 -4.20183
      vertex 25.5187 72.7476 -3.75958
      vertex 25.3578 72.7476 -4.20183
    endloop
  endfacet
  facet normal 0 1 0
    outer loop
      vertex 26.9852 72.7476 -1.74113
      vertex 21.8953 72.7476 -4.20183
      vertex 21.4791 72.7476 -4.24558
    endloop
  endfacet
  facet normal 0 1 0
    outer loop
      vertex 27.6448 72.7476 -1.22578
      vertex 21.4791 72.7476 -4.24558
      vertex 21.0729 72.7476 -4.34683
    endloop
  endfacet
  facet normal 0 1 0
    outer loop
      vertex 27.6448 72.7476 -1.22578
      vertex 21.0729 72.7476 -4.34683
      vertex -8.3604 72.7476 18.725
    endloop
  endfacet
  facet normal 0 1 -0
    outer loop
      vertex 20.6849 72.7476 -4.50362
      vertex -8.3604 72.7476 18.725
      vertex 21.0729 72.7476 -4.34683
    endloop
  endfacet
  facet normal 0 1 -0
    outer loop
      vertex 20.3224 72.7476 -4.71289
      vertex -8.3604 72.7476 18.725
      vertex 20.6849 72.7476 -4.50362
    endloop
  endfacet
  facet normal 0 1 -0
    outer loop
      vertex 19.9926 72.7476 -4.97057
      vertex -8.3604 72.7476 18.725
      vertex 20.3224 72.7476 -4.71289
    endloop
  endfacet
  facet normal 0 1 -0
    outer loop
      vertex 19.7019 72.7476 -5.27164
      vertex -8.3604 72.7476 18.725
      vertex 19.9926 72.7476 -4.97057
    endloop
  endfacet
  facet normal 0 1 -0
    outer loop
      vertex 19.4559 72.7476 -5.61024
      vertex -8.3604 72.7476 18.725
      vertex 19.7019 72.7476 -5.27164
    endloop
  endfacet
  facet normal 0 1 -0
    outer loop
      vertex 19.2594 72.7476 -5.97979
      vertex -8.3604 72.7476 18.725
      vertex 19.4559 72.7476 -5.61024
    endloop
  endfacet
  facet normal 0 1 -0
    outer loop
      vertex 19.1162 72.7476 -6.37309
      vertex -8.3604 72.7476 18.725
      vertex 19.2594 72.7476 -5.97979
    endloop
  endfacet
  facet normal 0 1 0
    outer loop
      vertex -8.3604 72.7476 -19.125
      vertex 19.1162 72.7476 -6.37309
      vertex 19.0292 72.7476 -6.78248
    endloop
  endfacet
  facet normal 0 1 0
    outer loop
      vertex -8.3604 72.7476 -19.125
      vertex 19.0292 72.7476 -6.78248
      vertex 19 72.7476 -7.2
    endloop
  endfacet
  facet normal 0 1 0
    outer loop
      vertex -8.3604 72.7476 -19.125
      vertex 19 72.7476 -7.2
      vertex 19 72.7476 -8.2
    endloop
  endfacet
  facet normal 0 1 0
    outer loop
      vertex -8.3604 72.7476 -19.125
      vertex 19 72.7476 -8.2
      vertex 19.0292 72.7476 -8.61752
    endloop
  endfacet
  facet normal 0 1 0
    outer loop
      vertex -8.3604 72.7476 -19.125
      vertex 19.0292 72.7476 -8.61752
      vertex 19.1162 72.7476 -9.02691
    endloop
  endfacet
  facet normal 0 1 0
    outer loop
      vertex -8.3604 72.7476 -19.125
      vertex 19.1162 72.7476 -9.02691
      vertex 19.2594 72.7476 -9.42021
    endloop
  endfacet
  facet normal 0 1 0
    outer loop
      vertex -8.3604 72.7476 -19.125
      vertex 19.2594 72.7476 -9.42021
      vertex 19.4559 72.7476 -9.78976
    endloop
  endfacet
  facet normal 0 1 0
    outer loop
      vertex -8.3604 72.7476 -19.125
      vertex 19.4559 72.7476 -9.78976
      vertex 19.7019 72.7476 -10.1284
    endloop
  endfacet
  facet normal 0 1 0
    outer loop
      vertex -8.3604 72.7476 -19.125
      vertex 19.7019 72.7476 -10.1284
      vertex 19.9926 72.7476 -10.4294
    endloop
  endfacet
  facet normal 0 1 0
    outer loop
      vertex 25.9117 72.7476 -12.3795
      vertex 21.8953 72.7476 -11.1982
      vertex 25.5187 72.7476 -11.6404
    endloop
  endfacet
  facet normal 0 1 0
    outer loop
      vertex 26.4037 72.7476 -13.0567
      vertex 21.8953 72.7476 -11.1982
      vertex 25.9117 72.7476 -12.3795
    endloop
  endfacet
  facet normal 0 1 0
    outer loop
      vertex 26.9852 72.7476 -13.6589
      vertex 21.8953 72.7476 -11.1982
      vertex 26.4037 72.7476 -13.0567
    endloop
  endfacet
  facet normal 0 1 0
    outer loop
      vertex 21.8953 72.7476 -11.1982
      vertex 26.9852 72.7476 -13.6589
      vertex 21.4791 72.7476 -11.1544
    endloop
  endfacet
  facet normal 0 1 0
    outer loop
      vertex 27.6448 72.7476 -14.1742
      vertex 21.4791 72.7476 -11.1544
      vertex 26.9852 72.7476 -13.6589
    endloop
  endfacet
  facet normal 0 1 0
    outer loop
      vertex 21.4791 72.7476 -11.1544
      vertex 27.6448 72.7476 -14.1742
      vertex 21.0729 72.7476 -11.0532
    endloop
  endfacet
  facet normal 0 1 0
    outer loop
      vertex -8.3604 72.7476 -19.125
      vertex 21.0729 72.7476 -11.0532
      vertex 27.6448 72.7476 -14.1742
    endloop
  endfacet
  facet normal 0 1 0
    outer loop
      vertex -8.3604 72.7476 -19.125
      vertex 27.6448 72.7476 -14.1742
      vertex 28.3698 72.7476 -14.5928
    endloop
  endfacet
  facet normal 0 1 0
    outer loop
      vertex -8.3604 72.7476 -19.125
      vertex 30.7906 72.7476 -15.1963
      vertex 56.6396 72.7476 -19.125
    endloop
  endfacet
  facet normal 0 1 0
    outer loop
      vertex 19.1162 72.7476 -6.37309
      vertex -8.3604 72.7476 -19.125
      vertex -8.3604 72.7476 18.725
    endloop
  endfacet
  facet normal 0 1 0
    outer loop
      vertex 20.3224 72.7476 -10.6871
      vertex -8.3604 72.7476 -19.125
      vertex 19.9926 72.7476 -10.4294
    endloop
  endfacet
  facet normal 0 1 0
    outer loop
      vertex 20.6849 72.7476 -10.8964
      vertex -8.3604 72.7476 -19.125
      vertex 20.3224 72.7476 -10.6871
    endloop
  endfacet
  facet normal 0 1 0
    outer loop
      vertex 21.0729 72.7476 -11.0532
      vertex -8.3604 72.7476 -19.125
      vertex 20.6849 72.7476 -10.8964
    endloop
  endfacet
  facet normal 0 1 0
    outer loop
      vertex 29.1459 72.7476 -14.9063
      vertex -8.3604 72.7476 -19.125
      vertex 28.3698 72.7476 -14.5928
    endloop
  endfacet
  facet normal 0 1 0
    outer loop
      vertex 29.9581 72.7476 -15.1088
      vertex -8.3604 72.7476 -19.125
      vertex 29.1459 72.7476 -14.9063
    endloop
  endfacet
  facet normal 0 1 0
    outer loop
      vertex 30.7906 72.7476 -15.1963
      vertex -8.3604 72.7476 -19.125
      vertex 29.9581 72.7476 -15.1088
    endloop
  endfacet
  facet normal 0 1 0
    outer loop
      vertex 48.6382 72.7476 -4.14788
      vertex 51.8953 72.7476 -4.20183
      vertex 48.6536 72.7476 -4.20183
    endloop
  endfacet
  facet normal 0.50009 -0.865974 0
    outer loop
      vertex 58.2535 -72.3452 -19.125
      vertex 58.7368 -72.0661 18.725
      vertex 58.2535 -72.3452 18.725
    endloop
  endfacet
  facet normal 0.50009 -0.865974 0
    outer loop
      vertex 58.7368 -72.0661 18.725
      vertex 58.2535 -72.3452 -19.125
      vertex 58.7368 -72.0661 -19.125
    endloop
  endfacet
  facet normal 0.37454 -0.927211 0
    outer loop
      vertex 57.7361 -72.5542 -19.125
      vertex 58.2535 -72.3452 18.725
      vertex 57.7361 -72.5542 18.725
    endloop
  endfacet
  facet normal 0.37454 -0.927211 0
    outer loop
      vertex 58.2535 -72.3452 18.725
      vertex 57.7361 -72.5542 -19.125
      vertex 58.2535 -72.3452 -19.125
    endloop
  endfacet
  facet normal 0.719275 0.694726 0
    outer loop
      vertex 59.5642 71.3212 18.725
      vertex 59.1765 71.7226 -19.125
      vertex 59.1765 71.7226 18.725
    endloop
  endfacet
  facet normal 0.719275 0.694726 0
    outer loop
      vertex 59.1765 71.7226 -19.125
      vertex 59.5642 71.3212 18.725
      vertex 59.5642 71.3212 -19.125
    endloop
  endfacet
  facet normal 0.809046 0.587745 0
    outer loop
      vertex 59.8922 70.8697 18.725
      vertex 59.5642 71.3212 -19.125
      vertex 59.5642 71.3212 18.725
    endloop
  endfacet
  facet normal 0.809046 0.587745 0
    outer loop
      vertex 59.5642 71.3212 -19.125
      vertex 59.8922 70.8697 18.725
      vertex 59.8922 70.8697 -19.125
    endloop
  endfacet
  facet normal 0.939731 0.341916 0
    outer loop
      vertex 60.345 69.8525 18.725
      vertex 60.1542 70.3769 -19.125
      vertex 60.1542 70.3769 18.725
    endloop
  endfacet
  facet normal 0.939731 0.341916 0
    outer loop
      vertex 60.1542 70.3769 -19.125
      vertex 60.345 69.8525 18.725
      vertex 60.345 69.8525 -19.125
    endloop
  endfacet
  facet normal 0.882967 0.469435 0
    outer loop
      vertex 60.1542 70.3769 18.725
      vertex 59.8922 70.8697 -19.125
      vertex 59.8922 70.8697 18.725
    endloop
  endfacet
  facet normal 0.882967 0.469435 0
    outer loop
      vertex 59.8922 70.8697 -19.125
      vertex 60.1542 70.3769 18.725
      vertex 60.1542 70.3769 -19.125
    endloop
  endfacet
  facet normal 0.882967 -0.469435 0
    outer loop
      vertex 59.8922 -70.8697 18.725
      vertex 60.1542 -70.3769 -19.125
      vertex 60.1542 -70.3769 18.725
    endloop
  endfacet
  facet normal 0.882967 -0.469435 0
    outer loop
      vertex 60.1542 -70.3769 -19.125
      vertex 59.8922 -70.8697 18.725
      vertex 59.8922 -70.8697 -19.125
    endloop
  endfacet
  facet normal 0.50009 0.865974 -0
    outer loop
      vertex 58.7368 72.0661 -19.125
      vertex 58.2535 72.3452 18.725
      vertex 58.7368 72.0661 18.725
    endloop
  endfacet
  facet normal 0.50009 0.865974 0
    outer loop
      vertex 58.2535 72.3452 18.725
      vertex 58.7368 72.0661 -19.125
      vertex 58.2535 72.3452 -19.125
    endloop
  endfacet
  facet normal 0.615627 0.788038 -0
    outer loop
      vertex 59.1765 71.7226 -19.125
      vertex 58.7368 72.0661 18.725
      vertex 59.1765 71.7226 18.725
    endloop
  endfacet
  facet normal 0.615627 0.788038 0
    outer loop
      vertex 58.7368 72.0661 18.725
      vertex 59.1765 71.7226 -19.125
      vertex 58.7368 72.0661 -19.125
    endloop
  endfacet
  facet normal 0.241903 0.9703 -0
    outer loop
      vertex 57.7361 72.5542 -19.125
      vertex 57.1946 72.6892 18.725
      vertex 57.7361 72.5542 18.725
    endloop
  endfacet
  facet normal 0.241903 0.9703 0
    outer loop
      vertex 57.1946 72.6892 18.725
      vertex 57.7361 72.5542 -19.125
      vertex 57.1946 72.6892 -19.125
    endloop
  endfacet
  facet normal 0 0 -1
    outer loop
      vertex 1.40517 -56.6894 -19.125
      vertex 44.4894 -56.7912 -19.125
      vertex 1.60869 -56.9001 -19.125
    endloop
  endfacet
  facet normal 0 0 -1
    outer loop
      vertex 45.2133 56.3029 -19.125
      vertex 2.07956 57.9577 -19.125
      vertex 2.1 58.25 -19.125
    endloop
  endfacet
  facet normal 0 0 -1
    outer loop
      vertex 44.4894 -56.7912 -19.125
      vertex 1.40517 -56.6894 -19.125
      vertex 44.7071 -56.5952 -19.125
    endloop
  endfacet
  facet normal 0 0 -1
    outer loop
      vertex 45.2133 56.3029 -19.125
      vertex 2.01865 57.6712 -19.125
      vertex 2.07956 57.9577 -19.125
    endloop
  endfacet
  facet normal 0 0 -1
    outer loop
      vertex 1.1743 -56.509 -19.125
      vertex 44.7071 -56.5952 -19.125
      vertex 1.40517 -56.6894 -19.125
    endloop
  endfacet
  facet normal 0 0 -1
    outer loop
      vertex 45.2133 56.3029 -19.125
      vertex 1.91844 57.3959 -19.125
      vertex 2.01865 57.6712 -19.125
    endloop
  endfacet
  facet normal 0 0 -1
    outer loop
      vertex 44.7071 -56.5952 -19.125
      vertex 1.1743 -56.509 -19.125
      vertex 44.95 -56.4313 -19.125
    endloop
  endfacet
  facet normal 0 0 -1
    outer loop
      vertex 45.2133 56.3029 -19.125
      vertex 1.7809 57.1372 -19.125
      vertex 1.91844 57.3959 -19.125
    endloop
  endfacet
  facet normal 0 0 -1
    outer loop
      vertex 0.920579 -56.3625 -19.125
      vertex 44.95 -56.4313 -19.125
      vertex 1.1743 -56.509 -19.125
    endloop
  endfacet
  facet normal 0 0 -1
    outer loop
      vertex 45.2133 56.3029 -19.125
      vertex 1.60869 56.9001 -19.125
      vertex 1.7809 57.1372 -19.125
    endloop
  endfacet
  facet normal 0 0 -1
    outer loop
      vertex 44.95 -56.4313 -19.125
      vertex 0.920579 -56.3625 -19.125
      vertex 45.2133 -56.3029 -19.125
    endloop
  endfacet
  facet normal 0 0 -1
    outer loop
      vertex 45.2133 56.3029 -19.125
      vertex 1.40517 56.6894 -19.125
      vertex 1.60869 56.9001 -19.125
    endloop
  endfacet
  facet normal -0 0 -1
    outer loop
      vertex 45.2133 -56.3029 -19.125
      vertex 0.920579 -56.3625 -19.125
      vertex 45.2133 56.3029 -19.125
    endloop
  endfacet
  facet normal 0 0 -1
    outer loop
      vertex 45.2133 56.3029 -19.125
      vertex 1.1743 56.509 -19.125
      vertex 1.40517 56.6894 -19.125
    endloop
  endfacet
  facet normal 0 0 -1
    outer loop
      vertex 0.920579 56.3625 -19.125
      vertex 45.2133 56.3029 -19.125
      vertex 0.920579 -56.3625 -19.125
    endloop
  endfacet
  facet normal 0 0 -1
    outer loop
      vertex 45.2133 56.3029 -19.125
      vertex 0.920579 56.3625 -19.125
      vertex 1.1743 56.509 -19.125
    endloop
  endfacet
  facet normal 0 0 -1
    outer loop
      vertex 0.648935 -56.2528 -19.125
      vertex 0.920579 56.3625 -19.125
      vertex 0.920579 -56.3625 -19.125
    endloop
  endfacet
  facet normal 0 0 -1
    outer loop
      vertex 0.648935 -56.2528 -19.125
      vertex 0.648935 56.2528 -19.125
      vertex 0.920579 56.3625 -19.125
    endloop
  endfacet
  facet normal 0 0 -1
    outer loop
      vertex 0.36466 -56.1819 -19.125
      vertex 0.648935 56.2528 -19.125
      vertex 0.648935 -56.2528 -19.125
    endloop
  endfacet
  facet normal 0 0 -1
    outer loop
      vertex 0.36466 -56.1819 -19.125
      vertex 0.36466 56.1819 -19.125
      vertex 0.648935 56.2528 -19.125
    endloop
  endfacet
  facet normal 0 0 -1
    outer loop
      vertex 0.0732889 -56.1513 -19.125
      vertex 0.36466 56.1819 -19.125
      vertex 0.36466 -56.1819 -19.125
    endloop
  endfacet
  facet normal 0 0 -1
    outer loop
      vertex 0.0732889 -56.1513 -19.125
      vertex 0.0732889 56.1513 -19.125
      vertex 0.36466 56.1819 -19.125
    endloop
  endfacet
  facet normal 0 0 -1
    outer loop
      vertex -0.219509 -56.1615 -19.125
      vertex 0.0732889 56.1513 -19.125
      vertex 0.0732889 -56.1513 -19.125
    endloop
  endfacet
  facet normal 0 0 -1
    outer loop
      vertex -0.219509 -56.1615 -19.125
      vertex -0.219509 56.1615 -19.125
      vertex 0.0732889 56.1513 -19.125
    endloop
  endfacet
  facet normal 0 0 -1
    outer loop
      vertex -0.508036 -56.2124 -19.125
      vertex -0.219509 56.1615 -19.125
      vertex -0.219509 -56.1615 -19.125
    endloop
  endfacet
  facet normal 0 0 -1
    outer loop
      vertex -0.508036 -56.2124 -19.125
      vertex -0.508036 56.2124 -19.125
      vertex -0.219509 56.1615 -19.125
    endloop
  endfacet
  facet normal 0 0 -1
    outer loop
      vertex -0.786674 -56.3029 -19.125
      vertex -0.508036 56.2124 -19.125
      vertex -0.508036 -56.2124 -19.125
    endloop
  endfacet
  facet normal 0 0 -1
    outer loop
      vertex -0.786674 -56.3029 -19.125
      vertex -0.786674 56.3029 -19.125
      vertex -0.508036 56.2124 -19.125
    endloop
  endfacet
  facet normal 0 0 -1
    outer loop
      vertex -1.05 -56.4313 -19.125
      vertex -0.786674 56.3029 -19.125
      vertex -0.786674 -56.3029 -19.125
    endloop
  endfacet
  facet normal 0 0 -1
    outer loop
      vertex -1.05 -56.4313 -19.125
      vertex -1.05 56.4313 -19.125
      vertex -0.786674 56.3029 -19.125
    endloop
  endfacet
  facet normal 0 0 -1
    outer loop
      vertex -1.29289 -56.5952 -19.125
      vertex -1.05 56.4313 -19.125
      vertex -1.05 -56.4313 -19.125
    endloop
  endfacet
  facet normal 0 0 -1
    outer loop
      vertex -1.29289 -56.5952 -19.125
      vertex -1.29289 56.5952 -19.125
      vertex -1.05 56.4313 -19.125
    endloop
  endfacet
  facet normal 0 0 -1
    outer loop
      vertex -1.51061 -56.7912 -19.125
      vertex -1.29289 56.5952 -19.125
      vertex -1.29289 -56.5952 -19.125
    endloop
  endfacet
  facet normal 0 0 -1
    outer loop
      vertex -1.51061 -56.7912 -19.125
      vertex -1.51061 56.7912 -19.125
      vertex -1.29289 56.5952 -19.125
    endloop
  endfacet
  facet normal 0 0 -1
    outer loop
      vertex -1.69894 -57.0157 -19.125
      vertex -1.51061 56.7912 -19.125
      vertex -1.51061 -56.7912 -19.125
    endloop
  endfacet
  facet normal 0 0 -1
    outer loop
      vertex -1.69894 -57.0157 -19.125
      vertex -1.69894 57.0157 -19.125
      vertex -1.51061 56.7912 -19.125
    endloop
  endfacet
  facet normal 0 0 -1
    outer loop
      vertex -12.4903 -69.029 -19.125
      vertex -1.69894 -57.0157 -19.125
      vertex -1.85419 -57.2641 -19.125
    endloop
  endfacet
  facet normal -0 0 -1
    outer loop
      vertex -1.69894 -57.0157 -19.125
      vertex -12.4903 -69.029 -19.125
      vertex -1.69894 57.0157 -19.125
    endloop
  endfacet
  facet normal 0 0 -1
    outer loop
      vertex -12.4903 -69.029 -19.125
      vertex -1.85419 -57.2641 -19.125
      vertex -1.97335 -57.5318 -19.125
    endloop
  endfacet
  facet normal 0 0 -1
    outer loop
      vertex -12.4903 69.029 -19.125
      vertex -1.69894 57.0157 -19.125
      vertex -12.4903 -69.029 -19.125
    endloop
  endfacet
  facet normal 0 0 -1
    outer loop
      vertex -12.4903 -69.029 -19.125
      vertex -1.97335 -57.5318 -19.125
      vertex -2.05411 -57.8134 -19.125
    endloop
  endfacet
  facet normal 0 0 -1
    outer loop
      vertex -1.69894 57.0157 -19.125
      vertex -12.4903 69.029 -19.125
      vertex -1.85419 57.2641 -19.125
    endloop
  endfacet
  facet normal 0 0 -1
    outer loop
      vertex -12.4903 -69.029 -19.125
      vertex -2.05411 -57.8134 -19.125
      vertex -2.09488 -58.1035 -19.125
    endloop
  endfacet
  facet normal 0 0 -1
    outer loop
      vertex -1.85419 57.2641 -19.125
      vertex -12.4903 69.029 -19.125
      vertex -1.97335 57.5318 -19.125
    endloop
  endfacet
  facet normal 0 0 -1
    outer loop
      vertex 47.9184 -57.3959 -19.125
      vertex 60.5 -68.75 -19.125
      vertex 48.0187 -57.6712 -19.125
    endloop
  endfacet
  facet normal 0 0 -1
    outer loop
      vertex 60.5 68.75 -19.125
      vertex 48.0796 57.9577 -19.125
      vertex 48.1 58.25 -19.125
    endloop
  endfacet
  facet normal 0 0 -1
    outer loop
      vertex 47.7809 -57.1372 -19.125
      vertex 60.5 -68.75 -19.125
      vertex 47.9184 -57.3959 -19.125
    endloop
  endfacet
  facet normal 0 0 -1
    outer loop
      vertex 60.5 68.75 -19.125
      vertex 48.0187 57.6712 -19.125
      vertex 48.0796 57.9577 -19.125
    endloop
  endfacet
  facet normal 0 0 -1
    outer loop
      vertex 47.6087 -56.9001 -19.125
      vertex 60.5 -68.75 -19.125
      vertex 47.7809 -57.1372 -19.125
    endloop
  endfacet
  facet normal 0 0 -1
    outer loop
      vertex 60.5 68.75 -19.125
      vertex 47.9184 57.3959 -19.125
      vertex 48.0187 57.6712 -19.125
    endloop
  endfacet
  facet normal 0 0 -1
    outer loop
      vertex 60.5 -68.75 -19.125
      vertex 47.6087 -56.9001 -19.125
      vertex 60.5 68.75 -19.125
    endloop
  endfacet
  facet normal 0 0 -1
    outer loop
      vertex 60.5 68.75 -19.125
      vertex 47.7809 57.1372 -19.125
      vertex 47.9184 57.3959 -19.125
    endloop
  endfacet
  facet normal 0 0 -1
    outer loop
      vertex 47.6087 56.9001 -19.125
      vertex 60.5 68.75 -19.125
      vertex 47.6087 -56.9001 -19.125
    endloop
  endfacet
  facet normal 0 0 -1
    outer loop
      vertex 60.5 68.75 -19.125
      vertex 47.6087 56.9001 -19.125
      vertex 47.7809 57.1372 -19.125
    endloop
  endfacet
  facet normal 0 0 -1
    outer loop
      vertex 47.4052 -56.6894 -19.125
      vertex 47.6087 56.9001 -19.125
      vertex 47.6087 -56.9001 -19.125
    endloop
  endfacet
  facet normal 0 0 -1
    outer loop
      vertex 47.4052 -56.6894 -19.125
      vertex 47.4052 56.6894 -19.125
      vertex 47.6087 56.9001 -19.125
    endloop
  endfacet
  facet normal 0 0 -1
    outer loop
      vertex 47.1743 -56.509 -19.125
      vertex 47.4052 56.6894 -19.125
      vertex 47.4052 -56.6894 -19.125
    endloop
  endfacet
  facet normal 0 0 -1
    outer loop
      vertex 47.1743 -56.509 -19.125
      vertex 47.1743 56.509 -19.125
      vertex 47.4052 56.6894 -19.125
    endloop
  endfacet
  facet normal 0 0 -1
    outer loop
      vertex 46.9206 -56.3625 -19.125
      vertex 47.1743 56.509 -19.125
      vertex 47.1743 -56.509 -19.125
    endloop
  endfacet
  facet normal 0 0 -1
    outer loop
      vertex 46.9206 -56.3625 -19.125
      vertex 46.9206 56.3625 -19.125
      vertex 47.1743 56.509 -19.125
    endloop
  endfacet
  facet normal 0 0 -1
    outer loop
      vertex 46.6489 -56.2528 -19.125
      vertex 46.9206 56.3625 -19.125
      vertex 46.9206 -56.3625 -19.125
    endloop
  endfacet
  facet normal 0 0 -1
    outer loop
      vertex 46.6489 -56.2528 -19.125
      vertex 46.6489 56.2528 -19.125
      vertex 46.9206 56.3625 -19.125
    endloop
  endfacet
  facet normal 0 0 -1
    outer loop
      vertex 46.3647 -56.1819 -19.125
      vertex 46.6489 56.2528 -19.125
      vertex 46.6489 -56.2528 -19.125
    endloop
  endfacet
  facet normal 0 0 -1
    outer loop
      vertex 46.3647 -56.1819 -19.125
      vertex 46.3647 56.1819 -19.125
      vertex 46.6489 56.2528 -19.125
    endloop
  endfacet
  facet normal 0 0 -1
    outer loop
      vertex 46.0733 -56.1513 -19.125
      vertex 46.3647 56.1819 -19.125
      vertex 46.3647 -56.1819 -19.125
    endloop
  endfacet
  facet normal 0 0 -1
    outer loop
      vertex 46.0733 -56.1513 -19.125
      vertex 46.0733 56.1513 -19.125
      vertex 46.3647 56.1819 -19.125
    endloop
  endfacet
  facet normal 0 0 -1
    outer loop
      vertex 45.7805 -56.1615 -19.125
      vertex 46.0733 56.1513 -19.125
      vertex 46.0733 -56.1513 -19.125
    endloop
  endfacet
  facet normal 0 0 -1
    outer loop
      vertex 45.7805 -56.1615 -19.125
      vertex 45.7805 56.1615 -19.125
      vertex 46.0733 56.1513 -19.125
    endloop
  endfacet
  facet normal 0 0 -1
    outer loop
      vertex 45.492 -56.2124 -19.125
      vertex 45.7805 56.1615 -19.125
      vertex 45.7805 -56.1615 -19.125
    endloop
  endfacet
  facet normal 0 0 -1
    outer loop
      vertex 45.492 -56.2124 -19.125
      vertex 45.492 56.2124 -19.125
      vertex 45.7805 56.1615 -19.125
    endloop
  endfacet
  facet normal 0 0 -1
    outer loop
      vertex 45.2133 -56.3029 -19.125
      vertex 45.492 56.2124 -19.125
      vertex 45.492 -56.2124 -19.125
    endloop
  endfacet
  facet normal 0 0 -1
    outer loop
      vertex 45.2133 -56.3029 -19.125
      vertex 45.2133 56.3029 -19.125
      vertex 45.492 56.2124 -19.125
    endloop
  endfacet
  facet normal 0 0 -1
    outer loop
      vertex 44.1458 -57.2641 -19.125
      vertex 1.7809 -57.1372 -19.125
      vertex 44.3011 -57.0157 -19.125
    endloop
  endfacet
  facet normal 0 0 -1
    outer loop
      vertex 1.60869 -56.9001 -19.125
      vertex 44.3011 -57.0157 -19.125
      vertex 1.7809 -57.1372 -19.125
    endloop
  endfacet
  facet normal 0 0 -1
    outer loop
      vertex 1.7809 -57.1372 -19.125
      vertex 44.1458 -57.2641 -19.125
      vertex 1.91844 -57.3959 -19.125
    endloop
  endfacet
  facet normal 0 0 -1
    outer loop
      vertex 44.3011 -57.0157 -19.125
      vertex 1.60869 -56.9001 -19.125
      vertex 44.4894 -56.7912 -19.125
    endloop
  endfacet
  facet normal 0 0 -1
    outer loop
      vertex 44.0266 -57.5318 -19.125
      vertex 1.91844 -57.3959 -19.125
      vertex 44.1458 -57.2641 -19.125
    endloop
  endfacet
  facet normal 0 0 -1
    outer loop
      vertex 45.2133 56.3029 -19.125
      vertex 2.1 58.25 -19.125
      vertex 44.95 56.4313 -19.125
    endloop
  endfacet
  facet normal 0 0 -1
    outer loop
      vertex 1.91844 -57.3959 -19.125
      vertex 44.0266 -57.5318 -19.125
      vertex 2.01865 -57.6712 -19.125
    endloop
  endfacet
  facet normal 0 0 -1
    outer loop
      vertex 44.95 56.4313 -19.125
      vertex 2.1 58.25 -19.125
      vertex 44.7071 56.5952 -19.125
    endloop
  endfacet
  facet normal 0 0 -1
    outer loop
      vertex 43.9459 -57.8134 -19.125
      vertex 2.01865 -57.6712 -19.125
      vertex 44.0266 -57.5318 -19.125
    endloop
  endfacet
  facet normal 0 0 -1
    outer loop
      vertex 44.7071 56.5952 -19.125
      vertex 2.1 58.25 -19.125
      vertex 44.4894 56.7912 -19.125
    endloop
  endfacet
  facet normal 0 0 -1
    outer loop
      vertex 2.01865 -57.6712 -19.125
      vertex 43.9459 -57.8134 -19.125
      vertex 2.07956 -57.9577 -19.125
    endloop
  endfacet
  facet normal 0 0 -1
    outer loop
      vertex 44.4894 56.7912 -19.125
      vertex 2.1 58.25 -19.125
      vertex 44.3011 57.0157 -19.125
    endloop
  endfacet
  facet normal 0 0 -1
    outer loop
      vertex 43.9051 -58.1035 -19.125
      vertex 2.07956 -57.9577 -19.125
      vertex 43.9459 -57.8134 -19.125
    endloop
  endfacet
  facet normal 0 0 -1
    outer loop
      vertex 44.3011 57.0157 -19.125
      vertex 2.1 58.25 -19.125
      vertex 44.1458 57.2641 -19.125
    endloop
  endfacet
  facet normal 0 0 -1
    outer loop
      vertex 2.07956 -57.9577 -19.125
      vertex 43.9051 -58.1035 -19.125
      vertex 2.1 -58.25 -19.125
    endloop
  endfacet
  facet normal 0 0 -1
    outer loop
      vertex 44.1458 57.2641 -19.125
      vertex 2.1 58.25 -19.125
      vertex 44.0266 57.5318 -19.125
    endloop
  endfacet
  facet normal 0 0 -1
    outer loop
      vertex 56.6396 -72.7476 -19.125
      vertex 60.5 -68.75 -19.125
      vertex 60.4611 -69.3067 -19.125
    endloop
  endfacet
  facet normal 0 0 -1
    outer loop
      vertex 48.0796 -57.9577 -19.125
      vertex 60.5 -68.75 -19.125
      vertex 48.1 -58.25 -19.125
    endloop
  endfacet
  facet normal 0 0 -1
    outer loop
      vertex 56.6396 -72.7476 -19.125
      vertex 60.4611 -69.3067 -19.125
      vertex 60.345 -69.8525 -19.125
    endloop
  endfacet
  facet normal 0 0 -1
    outer loop
      vertex 48.0187 -57.6712 -19.125
      vertex 60.5 -68.75 -19.125
      vertex 48.0796 -57.9577 -19.125
    endloop
  endfacet
  facet normal 0 0 -1
    outer loop
      vertex 56.6396 -72.7476 -19.125
      vertex 60.345 -69.8525 -19.125
      vertex 60.1542 -70.3769 -19.125
    endloop
  endfacet
  facet normal 0 0 -1
    outer loop
      vertex 48.0796 58.5423 -19.125
      vertex 60.5 68.75 -19.125
      vertex 48.1 58.25 -19.125
    endloop
  endfacet
  facet normal 0 0 -1
    outer loop
      vertex 56.6396 -72.7476 -19.125
      vertex 60.1542 -70.3769 -19.125
      vertex 59.8922 -70.8697 -19.125
    endloop
  endfacet
  facet normal 0 0 -1
    outer loop
      vertex 48.0187 58.8288 -19.125
      vertex 60.5 68.75 -19.125
      vertex 48.0796 58.5423 -19.125
    endloop
  endfacet
  facet normal 0 0 -1
    outer loop
      vertex 56.6396 -72.7476 -19.125
      vertex 59.8922 -70.8697 -19.125
      vertex 59.5642 -71.3212 -19.125
    endloop
  endfacet
  facet normal 0 0 -1
    outer loop
      vertex 47.9184 59.1041 -19.125
      vertex 60.5 68.75 -19.125
      vertex 48.0187 58.8288 -19.125
    endloop
  endfacet
  facet normal 0 0 -1
    outer loop
      vertex 56.6396 -72.7476 -19.125
      vertex 59.5642 -71.3212 -19.125
      vertex 59.1765 -71.7226 -19.125
    endloop
  endfacet
  facet normal 0 0 -1
    outer loop
      vertex 47.7809 59.3628 -19.125
      vertex 60.5 68.75 -19.125
      vertex 47.9184 59.1041 -19.125
    endloop
  endfacet
  facet normal 0 0 -1
    outer loop
      vertex 56.6396 -72.7476 -19.125
      vertex 59.1765 -71.7226 -19.125
      vertex 58.7368 -72.0661 -19.125
    endloop
  endfacet
  facet normal 0 0 -1
    outer loop
      vertex 47.6087 59.5999 -19.125
      vertex 60.5 68.75 -19.125
      vertex 47.7809 59.3628 -19.125
    endloop
  endfacet
  facet normal 0 0 -1
    outer loop
      vertex 56.6396 -72.7476 -19.125
      vertex 58.7368 -72.0661 -19.125
      vertex 58.2535 -72.3452 -19.125
    endloop
  endfacet
  facet normal 0 0 -1
    outer loop
      vertex 47.4052 59.8106 -19.125
      vertex 60.5 68.75 -19.125
      vertex 47.6087 59.5999 -19.125
    endloop
  endfacet
  facet normal 0 0 -1
    outer loop
      vertex 56.6396 -72.7476 -19.125
      vertex 58.2535 -72.3452 -19.125
      vertex 57.7361 -72.5542 -19.125
    endloop
  endfacet
  facet normal 0 0 -1
    outer loop
      vertex 60.5 68.75 -19.125
      vertex 56.6396 72.7476 -19.125
      vertex 60.4611 69.3067 -19.125
    endloop
  endfacet
  facet normal 0 0 -1
    outer loop
      vertex 56.6396 -72.7476 -19.125
      vertex 57.7361 -72.5542 -19.125
      vertex 57.1946 -72.6892 -19.125
    endloop
  endfacet
  facet normal 0 0 -1
    outer loop
      vertex 60.4611 69.3067 -19.125
      vertex 56.6396 72.7476 -19.125
      vertex 60.345 69.8525 -19.125
    endloop
  endfacet
  facet normal 0 0 -1
    outer loop
      vertex 47.4052 -59.8106 -19.125
      vertex 60.5 -68.75 -19.125
      vertex 56.6396 -72.7476 -19.125
    endloop
  endfacet
  facet normal 0 0 -1
    outer loop
      vertex 60.345 69.8525 -19.125
      vertex 56.6396 72.7476 -19.125
      vertex 60.1542 70.3769 -19.125
    endloop
  endfacet
  facet normal 0 0 -1
    outer loop
      vertex 60.1542 70.3769 -19.125
      vertex 56.6396 72.7476 -19.125
      vertex 59.8922 70.8697 -19.125
    endloop
  endfacet
  facet normal 0 0 -1
    outer loop
      vertex 60.5 -68.75 -19.125
      vertex 48.0796 -58.5423 -19.125
      vertex 48.1 -58.25 -19.125
    endloop
  endfacet
  facet normal 0 0 -1
    outer loop
      vertex 60.5 -68.75 -19.125
      vertex 48.0187 -58.8288 -19.125
      vertex 48.0796 -58.5423 -19.125
    endloop
  endfacet
  facet normal 0 0 -1
    outer loop
      vertex 60.5 -68.75 -19.125
      vertex 47.9184 -59.1041 -19.125
      vertex 48.0187 -58.8288 -19.125
    endloop
  endfacet
  facet normal 0 0 -1
    outer loop
      vertex 60.5 -68.75 -19.125
      vertex 47.7809 -59.3628 -19.125
      vertex 47.9184 -59.1041 -19.125
    endloop
  endfacet
  facet normal 0 0 -1
    outer loop
      vertex 60.5 -68.75 -19.125
      vertex 47.6087 -59.5999 -19.125
      vertex 47.7809 -59.3628 -19.125
    endloop
  endfacet
  facet normal 0 0 -1
    outer loop
      vertex 60.5 -68.75 -19.125
      vertex 47.4052 -59.8106 -19.125
      vertex 47.6087 -59.5999 -19.125
    endloop
  endfacet
  facet normal 0 0 -1
    outer loop
      vertex 56.6396 -72.7476 -19.125
      vertex 47.1743 -59.991 -19.125
      vertex 47.4052 -59.8106 -19.125
    endloop
  endfacet
  facet normal 0 0 -1
    outer loop
      vertex 56.6396 -72.7476 -19.125
      vertex 46.9206 -60.1375 -19.125
      vertex 47.1743 -59.991 -19.125
    endloop
  endfacet
  facet normal 0 0 -1
    outer loop
      vertex 56.6396 -72.7476 -19.125
      vertex 46.6489 -60.2472 -19.125
      vertex 46.9206 -60.1375 -19.125
    endloop
  endfacet
  facet normal 0 0 -1
    outer loop
      vertex 56.6396 -72.7476 -19.125
      vertex 46.3647 -60.3181 -19.125
      vertex 46.6489 -60.2472 -19.125
    endloop
  endfacet
  facet normal 0 0 -1
    outer loop
      vertex 56.6396 -72.7476 -19.125
      vertex 46.0733 -60.3487 -19.125
      vertex 46.3647 -60.3181 -19.125
    endloop
  endfacet
  facet normal 0 0 -1
    outer loop
      vertex 56.6396 -72.7476 -19.125
      vertex 45.7805 -60.3385 -19.125
      vertex 46.0733 -60.3487 -19.125
    endloop
  endfacet
  facet normal 0 0 -1
    outer loop
      vertex 56.6396 -72.7476 -19.125
      vertex 45.492 -60.2876 -19.125
      vertex 45.7805 -60.3385 -19.125
    endloop
  endfacet
  facet normal 0 0 -1
    outer loop
      vertex 56.6396 -72.7476 -19.125
      vertex 45.2133 -60.1971 -19.125
      vertex 45.492 -60.2876 -19.125
    endloop
  endfacet
  facet normal 0 0 -1
    outer loop
      vertex 56.6396 -72.7476 -19.125
      vertex 44.95 -60.0687 -19.125
      vertex 45.2133 -60.1971 -19.125
    endloop
  endfacet
  facet normal 0 0 -1
    outer loop
      vertex 56.6396 -72.7476 -19.125
      vertex 44.7071 -59.9048 -19.125
      vertex 44.95 -60.0687 -19.125
    endloop
  endfacet
  facet normal 0 0 -1
    outer loop
      vertex -8.3604 -72.7476 -19.125
      vertex 44.7071 -59.9048 -19.125
      vertex 56.6396 -72.7476 -19.125
    endloop
  endfacet
  facet normal 0 0 -1
    outer loop
      vertex 2.1 -58.25 -19.125
      vertex 43.9051 -58.1035 -19.125
      vertex 43.9051 -58.3965 -19.125
    endloop
  endfacet
  facet normal 0 0 -1
    outer loop
      vertex 44.0266 57.5318 -19.125
      vertex 2.1 58.25 -19.125
      vertex 43.9459 57.8134 -19.125
    endloop
  endfacet
  facet normal 0 0 -1
    outer loop
      vertex 43.9459 57.8134 -19.125
      vertex 2.1 58.25 -19.125
      vertex 43.9051 58.1035 -19.125
    endloop
  endfacet
  facet normal 0 0 -1
    outer loop
      vertex 2.07956 -58.5423 -19.125
      vertex 43.9051 -58.3965 -19.125
      vertex 43.9459 -58.6866 -19.125
    endloop
  endfacet
  facet normal 0 0 -1
    outer loop
      vertex 2.01865 -58.8288 -19.125
      vertex 43.9459 -58.6866 -19.125
      vertex 44.0266 -58.9682 -19.125
    endloop
  endfacet
  facet normal 0 0 -1
    outer loop
      vertex 1.91844 -59.1041 -19.125
      vertex 44.0266 -58.9682 -19.125
      vertex 44.1458 -59.2359 -19.125
    endloop
  endfacet
  facet normal 0 0 -1
    outer loop
      vertex 1.7809 -59.3628 -19.125
      vertex 44.1458 -59.2359 -19.125
      vertex 44.3011 -59.4843 -19.125
    endloop
  endfacet
  facet normal 0 0 -1
    outer loop
      vertex 1.60869 -59.5999 -19.125
      vertex 44.3011 -59.4843 -19.125
      vertex 44.4894 -59.7088 -19.125
    endloop
  endfacet
  facet normal 0 -0 -1
    outer loop
      vertex 1.40517 -59.8106 -19.125
      vertex 44.7071 -59.9048 -19.125
      vertex -8.3604 -72.7476 -19.125
    endloop
  endfacet
  facet normal -0 0 -1
    outer loop
      vertex 43.9051 -58.3965 -19.125
      vertex 2.07956 -58.5423 -19.125
      vertex 2.1 -58.25 -19.125
    endloop
  endfacet
  facet normal -0 0 -1
    outer loop
      vertex 43.9459 -58.6866 -19.125
      vertex 2.01865 -58.8288 -19.125
      vertex 2.07956 -58.5423 -19.125
    endloop
  endfacet
  facet normal -0 0 -1
    outer loop
      vertex 44.0266 -58.9682 -19.125
      vertex 1.91844 -59.1041 -19.125
      vertex 2.01865 -58.8288 -19.125
    endloop
  endfacet
  facet normal -0 0 -1
    outer loop
      vertex 44.1458 -59.2359 -19.125
      vertex 1.7809 -59.3628 -19.125
      vertex 1.91844 -59.1041 -19.125
    endloop
  endfacet
  facet normal -0 0 -1
    outer loop
      vertex 44.3011 -59.4843 -19.125
      vertex 1.60869 -59.5999 -19.125
      vertex 1.7809 -59.3628 -19.125
    endloop
  endfacet
  facet normal -0 0 -1
    outer loop
      vertex 44.4894 -59.7088 -19.125
      vertex 1.40517 -59.8106 -19.125
      vertex 1.60869 -59.5999 -19.125
    endloop
  endfacet
  facet normal 0 0 -1
    outer loop
      vertex 44.7071 -59.9048 -19.125
      vertex 1.40517 -59.8106 -19.125
      vertex 44.4894 -59.7088 -19.125
    endloop
  endfacet
  facet normal 0 0 -1
    outer loop
      vertex 1.40517 -59.8106 -19.125
      vertex -8.3604 -72.7476 -19.125
      vertex 1.1743 -59.991 -19.125
    endloop
  endfacet
  facet normal 0 0 -1
    outer loop
      vertex 1.1743 -59.991 -19.125
      vertex -8.3604 -72.7476 -19.125
      vertex 0.920579 -60.1375 -19.125
    endloop
  endfacet
  facet normal 0 0 -1
    outer loop
      vertex 0.920579 -60.1375 -19.125
      vertex -8.3604 -72.7476 -19.125
      vertex 0.648935 -60.2472 -19.125
    endloop
  endfacet
  facet normal 0 0 -1
    outer loop
      vertex 0.648935 -60.2472 -19.125
      vertex -8.3604 -72.7476 -19.125
      vertex 0.36466 -60.3181 -19.125
    endloop
  endfacet
  facet normal 0 0 -1
    outer loop
      vertex 0.36466 -60.3181 -19.125
      vertex -8.3604 -72.7476 -19.125
      vertex 0.0732889 -60.3487 -19.125
    endloop
  endfacet
  facet normal -0 0 -1
    outer loop
      vertex 0.0732889 -60.3487 -19.125
      vertex -8.3604 -72.7476 -19.125
      vertex -0.219509 -60.3385 -19.125
    endloop
  endfacet
  facet normal 0 0 -1
    outer loop
      vertex -12.4903 -69.029 -19.125
      vertex -2.09488 -58.1035 -19.125
      vertex -2.09488 -58.3965 -19.125
    endloop
  endfacet
  facet normal 0 0 -1
    outer loop
      vertex -1.97335 57.5318 -19.125
      vertex -12.4903 69.029 -19.125
      vertex -2.05411 57.8134 -19.125
    endloop
  endfacet
  facet normal -0 0 -1
    outer loop
      vertex -2.05411 -58.6866 -19.125
      vertex -12.4903 -69.029 -19.125
      vertex -2.09488 -58.3965 -19.125
    endloop
  endfacet
  facet normal -0 0 -1
    outer loop
      vertex -1.97335 -58.9682 -19.125
      vertex -12.4903 -69.029 -19.125
      vertex -2.05411 -58.6866 -19.125
    endloop
  endfacet
  facet normal -0 0 -1
    outer loop
      vertex -1.85419 -59.2359 -19.125
      vertex -12.4903 -69.029 -19.125
      vertex -1.97335 -58.9682 -19.125
    endloop
  endfacet
  facet normal -0 0 -1
    outer loop
      vertex -1.69894 -59.4843 -19.125
      vertex -12.4903 -69.029 -19.125
      vertex -1.85419 -59.2359 -19.125
    endloop
  endfacet
  facet normal -0 0 -1
    outer loop
      vertex -1.51061 -59.7088 -19.125
      vertex -12.4903 -69.029 -19.125
      vertex -1.69894 -59.4843 -19.125
    endloop
  endfacet
  facet normal -0 0 -1
    outer loop
      vertex -1.29289 -59.9048 -19.125
      vertex -12.4903 -69.029 -19.125
      vertex -1.51061 -59.7088 -19.125
    endloop
  endfacet
  facet normal 0 0 -1
    outer loop
      vertex -12.4903 -69.029 -19.125
      vertex -1.29289 -59.9048 -19.125
      vertex -8.3604 -72.7476 -19.125
    endloop
  endfacet
  facet normal -0 0 -1
    outer loop
      vertex -1.05 -60.0687 -19.125
      vertex -8.3604 -72.7476 -19.125
      vertex -1.29289 -59.9048 -19.125
    endloop
  endfacet
  facet normal -0 0 -1
    outer loop
      vertex -0.786674 -60.1971 -19.125
      vertex -8.3604 -72.7476 -19.125
      vertex -1.05 -60.0687 -19.125
    endloop
  endfacet
  facet normal -0 0 -1
    outer loop
      vertex -0.508036 -60.2876 -19.125
      vertex -8.3604 -72.7476 -19.125
      vertex -0.786674 -60.1971 -19.125
    endloop
  endfacet
  facet normal -0 0 -1
    outer loop
      vertex -0.219509 -60.3385 -19.125
      vertex -8.3604 -72.7476 -19.125
      vertex -0.508036 -60.2876 -19.125
    endloop
  endfacet
  facet normal 0 0 -1
    outer loop
      vertex 59.5642 71.3212 -19.125
      vertex 56.6396 72.7476 -19.125
      vertex 59.1765 71.7226 -19.125
    endloop
  endfacet
  facet normal 0 0 -1
    outer loop
      vertex 59.1765 71.7226 -19.125
      vertex 56.6396 72.7476 -19.125
      vertex 58.7368 72.0661 -19.125
    endloop
  endfacet
  facet normal 0 0 -1
    outer loop
      vertex 58.7368 72.0661 -19.125
      vertex 56.6396 72.7476 -19.125
      vertex 58.2535 72.3452 -19.125
    endloop
  endfacet
  facet normal 0 0 -1
    outer loop
      vertex 57.7361 72.5542 -19.125
      vertex 56.6396 72.7476 -19.125
      vertex 57.1946 72.6892 -19.125
    endloop
  endfacet
  facet normal 0 0 -1
    outer loop
      vertex 58.2535 72.3452 -19.125
      vertex 56.6396 72.7476 -19.125
      vertex 57.7361 72.5542 -19.125
    endloop
  endfacet
  facet normal 0 0 -1
    outer loop
      vertex 59.8922 70.8697 -19.125
      vertex 56.6396 72.7476 -19.125
      vertex 59.5642 71.3212 -19.125
    endloop
  endfacet
  facet normal -0 0 -1
    outer loop
      vertex 60.5 68.75 -19.125
      vertex 47.4052 59.8106 -19.125
      vertex 56.6396 72.7476 -19.125
    endloop
  endfacet
  facet normal 0 0 -1
    outer loop
      vertex 47.1743 59.991 -19.125
      vertex 56.6396 72.7476 -19.125
      vertex 47.4052 59.8106 -19.125
    endloop
  endfacet
  facet normal 0 0 -1
    outer loop
      vertex 46.9206 60.1375 -19.125
      vertex 56.6396 72.7476 -19.125
      vertex 47.1743 59.991 -19.125
    endloop
  endfacet
  facet normal 0 0 -1
    outer loop
      vertex 46.6489 60.2472 -19.125
      vertex 56.6396 72.7476 -19.125
      vertex 46.9206 60.1375 -19.125
    endloop
  endfacet
  facet normal 0 0 -1
    outer loop
      vertex 46.3647 60.3181 -19.125
      vertex 56.6396 72.7476 -19.125
      vertex 46.6489 60.2472 -19.125
    endloop
  endfacet
  facet normal 0 0 -1
    outer loop
      vertex 46.0733 60.3487 -19.125
      vertex 56.6396 72.7476 -19.125
      vertex 46.3647 60.3181 -19.125
    endloop
  endfacet
  facet normal 0 0 -1
    outer loop
      vertex 45.7805 60.3385 -19.125
      vertex 56.6396 72.7476 -19.125
      vertex 46.0733 60.3487 -19.125
    endloop
  endfacet
  facet normal 0 0 -1
    outer loop
      vertex 45.492 60.2876 -19.125
      vertex 56.6396 72.7476 -19.125
      vertex 45.7805 60.3385 -19.125
    endloop
  endfacet
  facet normal 0 0 -1
    outer loop
      vertex 45.2133 60.1971 -19.125
      vertex 56.6396 72.7476 -19.125
      vertex 45.492 60.2876 -19.125
    endloop
  endfacet
  facet normal 0 0 -1
    outer loop
      vertex 44.95 60.0687 -19.125
      vertex 56.6396 72.7476 -19.125
      vertex 45.2133 60.1971 -19.125
    endloop
  endfacet
  facet normal 0 0 -1
    outer loop
      vertex 44.7071 59.9048 -19.125
      vertex 56.6396 72.7476 -19.125
      vertex 44.95 60.0687 -19.125
    endloop
  endfacet
  facet normal 0 0 -1
    outer loop
      vertex 1.40517 59.8106 -19.125
      vertex 44.7071 59.9048 -19.125
      vertex 44.4894 59.7088 -19.125
    endloop
  endfacet
  facet normal 0 0 -1
    outer loop
      vertex 43.9051 58.1035 -19.125
      vertex 2.1 58.25 -19.125
      vertex 43.9051 58.3965 -19.125
    endloop
  endfacet
  facet normal 0 0 -1
    outer loop
      vertex 2.07956 58.5423 -19.125
      vertex 43.9051 58.3965 -19.125
      vertex 2.1 58.25 -19.125
    endloop
  endfacet
  facet normal 0 0 -1
    outer loop
      vertex 43.9051 58.3965 -19.125
      vertex 2.07956 58.5423 -19.125
      vertex 43.9459 58.6866 -19.125
    endloop
  endfacet
  facet normal 0 0 -1
    outer loop
      vertex 2.01865 58.8288 -19.125
      vertex 43.9459 58.6866 -19.125
      vertex 2.07956 58.5423 -19.125
    endloop
  endfacet
  facet normal 0 0 -1
    outer loop
      vertex 43.9459 58.6866 -19.125
      vertex 2.01865 58.8288 -19.125
      vertex 44.0266 58.9682 -19.125
    endloop
  endfacet
  facet normal 0 0 -1
    outer loop
      vertex 1.91844 59.1041 -19.125
      vertex 44.0266 58.9682 -19.125
      vertex 2.01865 58.8288 -19.125
    endloop
  endfacet
  facet normal 0 0 -1
    outer loop
      vertex 44.0266 58.9682 -19.125
      vertex 1.91844 59.1041 -19.125
      vertex 44.1458 59.2359 -19.125
    endloop
  endfacet
  facet normal 0 0 -1
    outer loop
      vertex 1.7809 59.3628 -19.125
      vertex 44.1458 59.2359 -19.125
      vertex 1.91844 59.1041 -19.125
    endloop
  endfacet
  facet normal 0 0 -1
    outer loop
      vertex 44.1458 59.2359 -19.125
      vertex 1.7809 59.3628 -19.125
      vertex 44.3011 59.4843 -19.125
    endloop
  endfacet
  facet normal 0 0 -1
    outer loop
      vertex 1.60869 59.5999 -19.125
      vertex 44.3011 59.4843 -19.125
      vertex 1.7809 59.3628 -19.125
    endloop
  endfacet
  facet normal 0 0 -1
    outer loop
      vertex 44.3011 59.4843 -19.125
      vertex 1.60869 59.5999 -19.125
      vertex 44.4894 59.7088 -19.125
    endloop
  endfacet
  facet normal 0 0 -1
    outer loop
      vertex 1.40517 59.8106 -19.125
      vertex 44.4894 59.7088 -19.125
      vertex 1.60869 59.5999 -19.125
    endloop
  endfacet
  facet normal -0 0 -1
    outer loop
      vertex 44.7071 59.9048 -19.125
      vertex 1.40517 59.8106 -19.125
      vertex -8.3604 72.7476 -19.125
    endloop
  endfacet
  facet normal 0 0 -1
    outer loop
      vertex -8.3604 72.7476 -19.125
      vertex 1.40517 59.8106 -19.125
      vertex 1.1743 59.991 -19.125
    endloop
  endfacet
  facet normal 0 0 -1
    outer loop
      vertex -8.3604 72.7476 -19.125
      vertex 1.1743 59.991 -19.125
      vertex 0.920579 60.1375 -19.125
    endloop
  endfacet
  facet normal 0 0 -1
    outer loop
      vertex -8.3604 72.7476 -19.125
      vertex 0.920579 60.1375 -19.125
      vertex 0.648935 60.2472 -19.125
    endloop
  endfacet
  facet normal 0 0 -1
    outer loop
      vertex -8.3604 72.7476 -19.125
      vertex 0.648935 60.2472 -19.125
      vertex 0.36466 60.3181 -19.125
    endloop
  endfacet
  facet normal 0 0 -1
    outer loop
      vertex -8.3604 72.7476 -19.125
      vertex 0.36466 60.3181 -19.125
      vertex 0.0732889 60.3487 -19.125
    endloop
  endfacet
  facet normal 0 0 -1
    outer loop
      vertex -8.3604 72.7476 -19.125
      vertex 0.0732889 60.3487 -19.125
      vertex -0.219509 60.3385 -19.125
    endloop
  endfacet
  facet normal 0 0 -1
    outer loop
      vertex -8.3604 72.7476 -19.125
      vertex -0.219509 60.3385 -19.125
      vertex -0.508036 60.2876 -19.125
    endloop
  endfacet
  facet normal 0 0 -1
    outer loop
      vertex 44.7071 59.9048 -19.125
      vertex -8.3604 72.7476 -19.125
      vertex 56.6396 72.7476 -19.125
    endloop
  endfacet
  facet normal 0 0 -1
    outer loop
      vertex -0.786674 60.1971 -19.125
      vertex -8.3604 72.7476 -19.125
      vertex -0.508036 60.2876 -19.125
    endloop
  endfacet
  facet normal 0 0 -1
    outer loop
      vertex -1.05 60.0687 -19.125
      vertex -8.3604 72.7476 -19.125
      vertex -0.786674 60.1971 -19.125
    endloop
  endfacet
  facet normal 0 0 -1
    outer loop
      vertex -1.29289 59.9048 -19.125
      vertex -8.3604 72.7476 -19.125
      vertex -1.05 60.0687 -19.125
    endloop
  endfacet
  facet normal 0 0 -1
    outer loop
      vertex -12.4903 69.029 -19.125
      vertex -1.29289 59.9048 -19.125
      vertex -1.51061 59.7088 -19.125
    endloop
  endfacet
  facet normal 0 0 -1
    outer loop
      vertex -12.4903 69.029 -19.125
      vertex -1.51061 59.7088 -19.125
      vertex -1.69894 59.4843 -19.125
    endloop
  endfacet
  facet normal 0 0 -1
    outer loop
      vertex -12.4903 69.029 -19.125
      vertex -1.69894 59.4843 -19.125
      vertex -1.85419 59.2359 -19.125
    endloop
  endfacet
  facet normal 0 0 -1
    outer loop
      vertex -12.4903 69.029 -19.125
      vertex -1.85419 59.2359 -19.125
      vertex -1.97335 58.9682 -19.125
    endloop
  endfacet
  facet normal 0 0 -1
    outer loop
      vertex -12.4903 69.029 -19.125
      vertex -1.97335 58.9682 -19.125
      vertex -2.05411 58.6866 -19.125
    endloop
  endfacet
  facet normal 0 0 -1
    outer loop
      vertex -12.4903 69.029 -19.125
      vertex -2.05411 58.6866 -19.125
      vertex -2.09488 58.3965 -19.125
    endloop
  endfacet
  facet normal 0 0 -1
    outer loop
      vertex -2.05411 57.8134 -19.125
      vertex -12.4903 69.029 -19.125
      vertex -2.09488 58.1035 -19.125
    endloop
  endfacet
  facet normal 0 0 -1
    outer loop
      vertex -12.4903 -69.029 -19.125
      vertex -8.3604 -72.7476 -19.125
      vertex -8.91811 -72.7281 -19.125
    endloop
  endfacet
  facet normal 0 0 -1
    outer loop
      vertex -2.09488 58.1035 -19.125
      vertex -12.4903 69.029 -19.125
      vertex -2.09488 58.3965 -19.125
    endloop
  endfacet
  facet normal 0 0 -1
    outer loop
      vertex -12.4903 -69.029 -19.125
      vertex -8.91811 -72.7281 -19.125
      vertex -9.46769 -72.6312 -19.125
    endloop
  endfacet
  facet normal 0 0 -1
    outer loop
      vertex -1.29289 59.9048 -19.125
      vertex -12.4903 69.029 -19.125
      vertex -8.3604 72.7476 -19.125
    endloop
  endfacet
  facet normal 0 0 -1
    outer loop
      vertex -12.4903 -69.029 -19.125
      vertex -9.46769 -72.6312 -19.125
      vertex -9.99843 -72.4587 -19.125
    endloop
  endfacet
  facet normal 0 0 -1
    outer loop
      vertex -8.3604 72.7476 -19.125
      vertex -12.4903 69.029 -19.125
      vertex -8.91811 72.7281 -19.125
    endloop
  endfacet
  facet normal 0 0 -1
    outer loop
      vertex -12.4903 -69.029 -19.125
      vertex -9.99843 -72.4587 -19.125
      vertex -10.5 -72.2141 -19.125
    endloop
  endfacet
  facet normal 0 0 -1
    outer loop
      vertex -8.91811 72.7281 -19.125
      vertex -12.4903 69.029 -19.125
      vertex -9.46769 72.6312 -19.125
    endloop
  endfacet
  facet normal 0 0 -1
    outer loop
      vertex -12.4903 -69.029 -19.125
      vertex -10.5 -72.2141 -19.125
      vertex -10.9626 -71.902 -19.125
    endloop
  endfacet
  facet normal 0 0 -1
    outer loop
      vertex -9.46769 72.6312 -19.125
      vertex -12.4903 69.029 -19.125
      vertex -9.99843 72.4587 -19.125
    endloop
  endfacet
  facet normal 0 0 -1
    outer loop
      vertex -12.4903 -69.029 -19.125
      vertex -10.9626 -71.902 -19.125
      vertex -11.3774 -71.5286 -19.125
    endloop
  endfacet
  facet normal 0 0 -1
    outer loop
      vertex -9.99843 72.4587 -19.125
      vertex -12.4903 69.029 -19.125
      vertex -10.5 72.2141 -19.125
    endloop
  endfacet
  facet normal 0 0 -1
    outer loop
      vertex -12.4903 -69.029 -19.125
      vertex -11.3774 -71.5286 -19.125
      vertex -11.7361 -71.1011 -19.125
    endloop
  endfacet
  facet normal 0 0 -1
    outer loop
      vertex -10.5 72.2141 -19.125
      vertex -12.4903 69.029 -19.125
      vertex -10.9626 71.902 -19.125
    endloop
  endfacet
  facet normal 0 0 -1
    outer loop
      vertex -12.4903 -69.029 -19.125
      vertex -11.7361 -71.1011 -19.125
      vertex -12.0318 -70.6279 -19.125
    endloop
  endfacet
  facet normal 0 0 -1
    outer loop
      vertex -10.9626 71.902 -19.125
      vertex -12.4903 69.029 -19.125
      vertex -11.3774 71.5286 -19.125
    endloop
  endfacet
  facet normal 0 0 -1
    outer loop
      vertex -12.4903 -69.029 -19.125
      vertex -12.0318 -70.6279 -19.125
      vertex -12.2588 -70.1181 -19.125
    endloop
  endfacet
  facet normal 0 0 -1
    outer loop
      vertex -11.3774 71.5286 -19.125
      vertex -12.4903 69.029 -19.125
      vertex -11.7361 71.1011 -19.125
    endloop
  endfacet
  facet normal 0 0 -1
    outer loop
      vertex -12.4903 -69.029 -19.125
      vertex -12.2588 -70.1181 -19.125
      vertex -12.4126 -69.5816 -19.125
    endloop
  endfacet
  facet normal 0 0 -1
    outer loop
      vertex -11.7361 71.1011 -19.125
      vertex -12.4903 69.029 -19.125
      vertex -12.0318 70.6279 -19.125
    endloop
  endfacet
  facet normal 0 0 -1
    outer loop
      vertex -12.0318 70.6279 -19.125
      vertex -12.4903 69.029 -19.125
      vertex -12.2588 70.1181 -19.125
    endloop
  endfacet
  facet normal 0 0 -1
    outer loop
      vertex -12.2588 70.1181 -19.125
      vertex -12.4903 69.029 -19.125
      vertex -12.4126 69.5816 -19.125
    endloop
  endfacet
  facet normal 0.978116 -0.20806 0
    outer loop
      vertex 60.345 -69.8525 18.725
      vertex 60.4611 -69.3067 -19.125
      vertex 60.4611 -69.3067 18.725
    endloop
  endfacet
  facet normal 0.978116 -0.20806 0
    outer loop
      vertex 60.4611 -69.3067 -19.125
      vertex 60.345 -69.8525 18.725
      vertex 60.345 -69.8525 -19.125
    endloop
  endfacet
  facet normal 0.37454 0.927211 -0
    outer loop
      vertex 58.2535 72.3452 -19.125
      vertex 57.7361 72.5542 18.725
      vertex 58.2535 72.3452 18.725
    endloop
  endfacet
  facet normal 0.37454 0.927211 0
    outer loop
      vertex 57.7361 72.5542 18.725
      vertex 58.2535 72.3452 -19.125
      vertex 57.7361 72.5542 -19.125
    endloop
  endfacet
  facet normal 0.939731 -0.341916 0
    outer loop
      vertex 60.1542 -70.3769 18.725
      vertex 60.345 -69.8525 -19.125
      vertex 60.345 -69.8525 18.725
    endloop
  endfacet
  facet normal 0.939731 -0.341916 0
    outer loop
      vertex 60.345 -69.8525 -19.125
      vertex 60.1542 -70.3769 18.725
      vertex 60.1542 -70.3769 -19.125
    endloop
  endfacet
  facet normal 0.809046 -0.587745 0
    outer loop
      vertex 59.5642 -71.3212 18.725
      vertex 59.8922 -70.8697 -19.125
      vertex 59.8922 -70.8697 18.725
    endloop
  endfacet
  facet normal 0.809046 -0.587745 0
    outer loop
      vertex 59.8922 -70.8697 -19.125
      vertex 59.5642 -71.3212 18.725
      vertex 59.5642 -71.3212 -19.125
    endloop
  endfacet
  facet normal -1 0 0
    outer loop
      vertex 58.5 40.1395 1.49513
      vertex 58.5 27.4848 4.32635
      vertex 58.5 27.4994 4.4651
    endloop
  endfacet
  facet normal -1 0 0
    outer loop
      vertex 58.5 40.1395 1.49513
      vertex 58.5 27.4511 4.19098
      vertex 58.5 27.4848 4.32635
    endloop
  endfacet
  facet normal -1 0 0
    outer loop
      vertex 58.5 40.1395 1.49513
      vertex 58.5 27.3988 4.06163
      vertex 58.5 27.4511 4.19098
    endloop
  endfacet
  facet normal -1 0 0
    outer loop
      vertex 58.5 40.1395 1.49513
      vertex 58.5 27.329 3.94081
      vertex 58.5 27.3988 4.06163
    endloop
  endfacet
  facet normal -1 0 0
    outer loop
      vertex 58.5 40.1395 1.49513
      vertex 58.5 27.2431 3.83087
      vertex 58.5 27.329 3.94081
    endloop
  endfacet
  facet normal -1 0 0
    outer loop
      vertex 58.5 40.1395 1.49513
      vertex 58.5 27.1428 3.73396
      vertex 58.5 27.2431 3.83087
    endloop
  endfacet
  facet normal -1 0 0
    outer loop
      vertex 58.5 40.1395 1.49513
      vertex 58.5 27.0299 3.65195
      vertex 58.5 27.1428 3.73396
    endloop
  endfacet
  facet normal -1 0 0
    outer loop
      vertex 58.5 40.1395 1.49513
      vertex 58.5 26.9067 3.58646
      vertex 58.5 27.0299 3.65195
    endloop
  endfacet
  facet normal -1 0 0
    outer loop
      vertex 58.5 40.1395 1.49513
      vertex 58.5 26.7756 3.53874
      vertex 58.5 26.9067 3.58646
    endloop
  endfacet
  facet normal -1 0 0
    outer loop
      vertex 58.5 40.1395 1.49513
      vertex 58.5 26.6392 3.50973
      vertex 58.5 26.7756 3.53874
    endloop
  endfacet
  facet normal -1 0 0
    outer loop
      vertex 58.5 40.1395 1.49513
      vertex 58.5 26.5 3.5
      vertex 58.5 26.6392 3.50973
    endloop
  endfacet
  facet normal -1 0 0
    outer loop
      vertex 58.5 7.93917 2.75973
      vertex 58.5 26.5 3.5
      vertex 58.5 40.1395 1.49513
    endloop
  endfacet
  facet normal -1 -0 0
    outer loop
      vertex 58.5 26.5 3.5
      vertex 58.5 8.75106 3.44098
      vertex 58.5 8.76577 3.5
    endloop
  endfacet
  facet normal -1 0 0
    outer loop
      vertex 58.5 26.5 3.5
      vertex 58.5 8.69879 3.31163
      vertex 58.5 8.75106 3.44098
    endloop
  endfacet
  facet normal -1 0 0
    outer loop
      vertex 58.5 26.5 3.5
      vertex 58.5 8.62904 3.19081
      vertex 58.5 8.69879 3.31163
    endloop
  endfacet
  facet normal -1 0 0
    outer loop
      vertex 58.5 26.5 3.5
      vertex 58.5 8.54314 3.08087
      vertex 58.5 8.62904 3.19081
    endloop
  endfacet
  facet normal -1 0 0
    outer loop
      vertex 58.5 26.5 3.5
      vertex 58.5 8.44279 2.98396
      vertex 58.5 8.54314 3.08087
    endloop
  endfacet
  facet normal -1 0 0
    outer loop
      vertex 58.5 26.5 3.5
      vertex 58.5 8.32992 2.90195
      vertex 58.5 8.44279 2.98396
    endloop
  endfacet
  facet normal -1 0 0
    outer loop
      vertex 58.5 26.5 3.5
      vertex 58.5 8.20674 2.83646
      vertex 58.5 8.32992 2.90195
    endloop
  endfacet
  facet normal -1 0 0
    outer loop
      vertex 58.5 26.5 3.5
      vertex 58.5 8.07564 2.78874
      vertex 58.5 8.20674 2.83646
    endloop
  endfacet
  facet normal -1 0 0
    outer loop
      vertex 58.5 26.5 3.5
      vertex 58.5 7.93917 2.75973
      vertex 58.5 8.07564 2.78874
    endloop
  endfacet
  facet normal -1 0 0
    outer loop
      vertex 58.5 40.1395 1.49513
      vertex 58.5 7.8 2.75
      vertex 58.5 7.93917 2.75973
    endloop
  endfacet
  facet normal -1 0 0
    outer loop
      vertex 58.5 -6.63951 1.49513
      vertex 58.5 7.8 2.75
      vertex 58.5 40.1395 1.49513
    endloop
  endfacet
  facet normal -1 0 0
    outer loop
      vertex 58.5 -6.63951 1.49513
      vertex 58.5 -7.2 2.75
      vertex 58.5 7.8 2.75
    endloop
  endfacet
  facet normal -1 0 0
    outer loop
      vertex 58.5 -6.91582 1.4563
      vertex 58.5 -7.2 2.75
      vertex 58.5 -6.63951 1.49513
    endloop
  endfacet
  facet normal -1 0 0
    outer loop
      vertex 58.5 -7.18404 1.37938
      vertex 58.5 -7.2 2.75
      vertex 58.5 -6.91582 1.4563
    endloop
  endfacet
  facet normal -1 0 0
    outer loop
      vertex 58.5 -7.18404 1.37938
      vertex 58.5 -7.33917 2.75973
      vertex 58.5 -7.2 2.75
    endloop
  endfacet
  facet normal -1 0 0
    outer loop
      vertex 58.5 -7.47564 2.78874
      vertex 58.5 -7.18404 1.37938
      vertex 58.5 -7.43894 1.26589
    endloop
  endfacet
  facet normal -1 0 0
    outer loop
      vertex 58.5 -7.18404 1.37938
      vertex 58.5 -7.47564 2.78874
      vertex 58.5 -7.33917 2.75973
    endloop
  endfacet
  facet normal -1 0 0
    outer loop
      vertex 58.5 -7.43894 1.26589
      vertex 58.5 -7.60674 2.83646
      vertex 58.5 -7.47564 2.78874
    endloop
  endfacet
  facet normal -1 0 0
    outer loop
      vertex 58.5 -7.67557 1.11803
      vertex 58.5 -7.60674 2.83646
      vertex 58.5 -7.43894 1.26589
    endloop
  endfacet
  facet normal -1 0 0
    outer loop
      vertex 58.5 -7.67557 1.11803
      vertex 58.5 -7.72992 2.90195
      vertex 58.5 -7.60674 2.83646
    endloop
  endfacet
  facet normal -1 0 0
    outer loop
      vertex 58.5 -7.67557 1.11803
      vertex 58.5 -7.84279 2.98396
      vertex 58.5 -7.72992 2.90195
    endloop
  endfacet
  facet normal -1 0 0
    outer loop
      vertex 58.5 -7.88932 0.938679
      vertex 58.5 -7.84279 2.98396
      vertex 58.5 -7.67557 1.11803
    endloop
  endfacet
  facet normal -1 0 0
    outer loop
      vertex 58.5 -7.88932 0.938679
      vertex 58.5 -7.94314 3.08087
      vertex 58.5 -7.84279 2.98396
    endloop
  endfacet
  facet normal -1 0 0
    outer loop
      vertex 58.5 -8.07602 0.731322
      vertex 58.5 -7.94314 3.08087
      vertex 58.5 -7.88932 0.938679
    endloop
  endfacet
  facet normal -1 -0 0
    outer loop
      vertex 58.5 -7.94314 3.08087
      vertex 58.5 -8.07602 0.731322
      vertex 58.5 -8.02904 3.19081
    endloop
  endfacet
  facet normal -1 0 0
    outer loop
      vertex 58.5 -8.07602 0.731322
      vertex 58.5 -8.09879 3.31163
      vertex 58.5 -8.02904 3.19081
    endloop
  endfacet
  facet normal -1 0 0
    outer loop
      vertex 58.5 -8.23205 0.5
      vertex 58.5 -8.09879 3.31163
      vertex 58.5 -8.07602 0.731322
    endloop
  endfacet
  facet normal -1 -0 0
    outer loop
      vertex 58.5 -8.09879 3.31163
      vertex 58.5 -8.23205 0.5
      vertex 58.5 -8.15106 3.44098
    endloop
  endfacet
  facet normal -1 0 0
    outer loop
      vertex 58.5 -8.35437 0.249212
      vertex 58.5 -8.15106 3.44098
      vertex 58.5 -8.23205 0.5
    endloop
  endfacet
  facet normal -1 0 0
    outer loop
      vertex 58.5 -17.5 3.5
      vertex 58.5 -8.15106 3.44098
      vertex 58.5 -8.35437 0.249212
    endloop
  endfacet
  facet normal -1 0 0
    outer loop
      vertex 58.5 -17.5 3.5
      vertex 58.5 -8.35437 0.249212
      vertex 58.5 -8.44059 -0.0161572
    endloop
  endfacet
  facet normal -1 0 0
    outer loop
      vertex 58.5 -17.5 3.5
      vertex 58.5 -8.44059 -0.0161572
      vertex 58.5 -8.48904 -0.290943
    endloop
  endfacet
  facet normal -1 0 0
    outer loop
      vertex 58.5 -8.15106 3.44098
      vertex 58.5 -17.5 3.5
      vertex 58.5 -8.16577 3.5
    endloop
  endfacet
  facet normal -1 0 0
    outer loop
      vertex 58.5 -17.5 3.5
      vertex 58.5 -8.48904 -0.290943
      vertex 58.5 -8.49878 -0.569798
    endloop
  endfacet
  facet normal -1 0 0
    outer loop
      vertex 58.5 41.9988 -0.569798
      vertex 58.5 66.75 -16.725
      vertex 58.5 41.9988 -11.5698
    endloop
  endfacet
  facet normal -1 0 0
    outer loop
      vertex 58.5 66.75 -16.725
      vertex 58.5 41.9696 -11.8473
      vertex 58.5 41.9988 -11.5698
    endloop
  endfacet
  facet normal -1 0 0
    outer loop
      vertex 58.5 66.75 -16.725
      vertex 58.5 41.9021 -12.118
      vertex 58.5 41.9696 -11.8473
    endloop
  endfacet
  facet normal -1 0 0
    outer loop
      vertex 58.5 66.75 -16.725
      vertex 58.5 41.7976 -12.3767
      vertex 58.5 41.9021 -12.118
    endloop
  endfacet
  facet normal -1 0 0
    outer loop
      vertex 58.5 66.75 -16.725
      vertex 58.5 41.6581 -12.6184
      vertex 58.5 41.7976 -12.3767
    endloop
  endfacet
  facet normal -1 0 0
    outer loop
      vertex 58.5 66.75 -16.725
      vertex 58.5 41.4863 -12.8383
      vertex 58.5 41.6581 -12.6184
    endloop
  endfacet
  facet normal -1 0 0
    outer loop
      vertex 58.5 66.75 -16.725
      vertex 58.5 41.2856 -13.0321
      vertex 58.5 41.4863 -12.8383
    endloop
  endfacet
  facet normal -1 0 0
    outer loop
      vertex 58.5 66.75 -16.725
      vertex 58.5 41.0598 -13.1961
      vertex 58.5 41.2856 -13.0321
    endloop
  endfacet
  facet normal -1 0 0
    outer loop
      vertex 58.5 66.75 -16.725
      vertex 58.5 40.8135 -13.3271
      vertex 58.5 41.0598 -13.1961
    endloop
  endfacet
  facet normal -1 0 0
    outer loop
      vertex 58.5 66.75 -16.725
      vertex 58.5 40.5513 -13.4225
      vertex 58.5 40.8135 -13.3271
    endloop
  endfacet
  facet normal -1 0 0
    outer loop
      vertex 58.5 66.75 -16.725
      vertex 58.5 40.2783 -13.4805
      vertex 58.5 40.5513 -13.4225
    endloop
  endfacet
  facet normal -1 0 0
    outer loop
      vertex 58.5 66.75 -16.725
      vertex 58.5 40 -13.5
      vertex 58.5 40.2783 -13.4805
    endloop
  endfacet
  facet normal -1 0 0
    outer loop
      vertex 58.5 66.75 -16.725
      vertex 58.5 -6.5 -13.5
      vertex 58.5 40 -13.5
    endloop
  endfacet
  facet normal -1 0 0
    outer loop
      vertex 58.5 -8.49878 -11.5698
      vertex 58.5 -17.5 3.5
      vertex 58.5 -8.49878 -0.569798
    endloop
  endfacet
  facet normal -1 0 0
    outer loop
      vertex 58.5 -18.0299 3.65195
      vertex 58.5 -8.49878 -11.5698
      vertex 58.5 -8.46961 -11.8473
    endloop
  endfacet
  facet normal -1 0 0
    outer loop
      vertex 58.5 -18.1428 3.73396
      vertex 58.5 -8.46961 -11.8473
      vertex 58.5 -8.40211 -12.118
    endloop
  endfacet
  facet normal -1 0 0
    outer loop
      vertex 58.5 -66.75 -16.725
      vertex 58.5 -8.40211 -12.118
      vertex 58.5 -8.29759 -12.3767
    endloop
  endfacet
  facet normal -1 0 0
    outer loop
      vertex 58.5 -66.75 -16.725
      vertex 58.5 -8.29759 -12.3767
      vertex 58.5 -8.15807 -12.6184
    endloop
  endfacet
  facet normal -1 0 0
    outer loop
      vertex 58.5 -8.49878 -11.5698
      vertex 58.5 -17.6392 3.50973
      vertex 58.5 -17.5 3.5
    endloop
  endfacet
  facet normal -1 0 0
    outer loop
      vertex 58.5 -8.49878 -11.5698
      vertex 58.5 -17.7756 3.53874
      vertex 58.5 -17.6392 3.50973
    endloop
  endfacet
  facet normal -1 0 0
    outer loop
      vertex 58.5 -8.49878 -11.5698
      vertex 58.5 -17.9067 3.58646
      vertex 58.5 -17.7756 3.53874
    endloop
  endfacet
  facet normal -1 0 0
    outer loop
      vertex 58.5 -8.49878 -11.5698
      vertex 58.5 -18.0299 3.65195
      vertex 58.5 -17.9067 3.58646
    endloop
  endfacet
  facet normal -1 0 0
    outer loop
      vertex 58.5 -8.46961 -11.8473
      vertex 58.5 -18.1428 3.73396
      vertex 58.5 -18.0299 3.65195
    endloop
  endfacet
  facet normal -1 -0 0
    outer loop
      vertex 58.5 -8.40211 -12.118
      vertex 58.5 -66.75 -16.725
      vertex 58.5 -18.1428 3.73396
    endloop
  endfacet
  facet normal -1 -0 0
    outer loop
      vertex 58.5 -18.1428 3.73396
      vertex 58.5 -66.75 -16.725
      vertex 58.5 -18.2431 3.83087
    endloop
  endfacet
  facet normal -1 0 0
    outer loop
      vertex 58.5 -18.4848 4.32635
      vertex 58.5 -66.75 16.725
      vertex 58.5 -18.4994 4.4651
    endloop
  endfacet
  facet normal -1 0 0
    outer loop
      vertex 58.5 -66.75 16.725
      vertex 58.5 -18.4848 4.32635
      vertex 58.5 -66.75 -16.725
    endloop
  endfacet
  facet normal -1 -0 0
    outer loop
      vertex 58.5 -18.4511 4.19098
      vertex 58.5 -66.75 -16.725
      vertex 58.5 -18.4848 4.32635
    endloop
  endfacet
  facet normal -1 -0 0
    outer loop
      vertex 58.5 -18.3988 4.06163
      vertex 58.5 -66.75 -16.725
      vertex 58.5 -18.4511 4.19098
    endloop
  endfacet
  facet normal -1 -0 0
    outer loop
      vertex 58.5 -18.329 3.94081
      vertex 58.5 -66.75 -16.725
      vertex 58.5 -18.3988 4.06163
    endloop
  endfacet
  facet normal -1 -0 0
    outer loop
      vertex 58.5 -18.2431 3.83087
      vertex 58.5 -66.75 -16.725
      vertex 58.5 -18.329 3.94081
    endloop
  endfacet
  facet normal -1 -0 0
    outer loop
      vertex 58.5 -7.98629 -12.8383
      vertex 58.5 -66.75 -16.725
      vertex 58.5 -8.15807 -12.6184
    endloop
  endfacet
  facet normal -1 -0 0
    outer loop
      vertex 58.5 -7.78557 -13.0321
      vertex 58.5 -66.75 -16.725
      vertex 58.5 -7.98629 -12.8383
    endloop
  endfacet
  facet normal -1 -0 0
    outer loop
      vertex 58.5 -7.55984 -13.1961
      vertex 58.5 -66.75 -16.725
      vertex 58.5 -7.78557 -13.0321
    endloop
  endfacet
  facet normal -1 -0 0
    outer loop
      vertex 58.5 -7.31347 -13.3271
      vertex 58.5 -66.75 -16.725
      vertex 58.5 -7.55984 -13.1961
    endloop
  endfacet
  facet normal -1 -0 0
    outer loop
      vertex 58.5 -7.05127 -13.4225
      vertex 58.5 -66.75 -16.725
      vertex 58.5 -7.31347 -13.3271
    endloop
  endfacet
  facet normal -1 -0 0
    outer loop
      vertex 58.5 -6.77835 -13.4805
      vertex 58.5 -66.75 -16.725
      vertex 58.5 -7.05127 -13.4225
    endloop
  endfacet
  facet normal -1 -0 0
    outer loop
      vertex 58.5 -6.5 -13.5
      vertex 58.5 -66.75 -16.725
      vertex 58.5 -6.77835 -13.4805
    endloop
  endfacet
  facet normal -1 0 0
    outer loop
      vertex 58.5 -66.75 -16.725
      vertex 58.5 -6.5 -13.5
      vertex 58.5 66.75 -16.725
    endloop
  endfacet
  facet normal -1 0 0
    outer loop
      vertex 58.5 66.75 -16.725
      vertex 58.5 41.9988 -0.569798
      vertex 58.5 66.75 16.725
    endloop
  endfacet
  facet normal -1 0 0
    outer loop
      vertex 58.5 41.989 -0.290943
      vertex 58.5 66.75 16.725
      vertex 58.5 41.9988 -0.569798
    endloop
  endfacet
  facet normal -1 0 0
    outer loop
      vertex 58.5 41.9406 -0.0161572
      vertex 58.5 66.75 16.725
      vertex 58.5 41.989 -0.290943
    endloop
  endfacet
  facet normal -1 0 0
    outer loop
      vertex 58.5 41.8544 0.249212
      vertex 58.5 66.75 16.725
      vertex 58.5 41.9406 -0.0161572
    endloop
  endfacet
  facet normal -1 0 0
    outer loop
      vertex 58.5 41.732 0.5
      vertex 58.5 66.75 16.725
      vertex 58.5 41.8544 0.249212
    endloop
  endfacet
  facet normal -1 0 0
    outer loop
      vertex 58.5 41.576 0.731322
      vertex 58.5 66.75 16.725
      vertex 58.5 41.732 0.5
    endloop
  endfacet
  facet normal -1 0 0
    outer loop
      vertex 58.5 41.3893 0.938679
      vertex 58.5 66.75 16.725
      vertex 58.5 41.576 0.731322
    endloop
  endfacet
  facet normal -1 0 0
    outer loop
      vertex 58.5 41.1756 1.11803
      vertex 58.5 66.75 16.725
      vertex 58.5 41.3893 0.938679
    endloop
  endfacet
  facet normal -1 0 0
    outer loop
      vertex 58.5 40.9389 1.26589
      vertex 58.5 66.75 16.725
      vertex 58.5 41.1756 1.11803
    endloop
  endfacet
  facet normal -1 0 0
    outer loop
      vertex 58.5 40.684 1.37938
      vertex 58.5 66.75 16.725
      vertex 58.5 40.9389 1.26589
    endloop
  endfacet
  facet normal -1 0 0
    outer loop
      vertex 58.5 40.4158 1.4563
      vertex 58.5 66.75 16.725
      vertex 58.5 40.684 1.37938
    endloop
  endfacet
  facet normal -1 0 0
    outer loop
      vertex 58.5 27.4272 10.8746
      vertex 58.5 40.4158 1.4563
      vertex 58.5 40.1395 1.49513
    endloop
  endfacet
  facet normal -1 0 0
    outer loop
      vertex 58.5 27.4994 10.4651
      vertex 58.5 40.1395 1.49513
      vertex 58.5 27.4994 4.4651
    endloop
  endfacet
  facet normal -1 0 0
    outer loop
      vertex 58.5 27.4945 10.6045
      vertex 58.5 40.1395 1.49513
      vertex 58.5 27.4994 10.4651
    endloop
  endfacet
  facet normal -1 0 0
    outer loop
      vertex 58.5 27.4703 10.7419
      vertex 58.5 40.1395 1.49513
      vertex 58.5 27.4945 10.6045
    endloop
  endfacet
  facet normal -1 0 0
    outer loop
      vertex 58.5 27.4272 10.8746
      vertex 58.5 40.1395 1.49513
      vertex 58.5 27.4703 10.7419
    endloop
  endfacet
  facet normal -1 0 0
    outer loop
      vertex 58.5 40.4158 1.4563
      vertex 58.5 27.4272 10.8746
      vertex 58.5 27.366 11
    endloop
  endfacet
  facet normal -1 0 0
    outer loop
      vertex 58.5 40.4158 1.4563
      vertex 58.5 27.366 11
      vertex 58.5 66.75 16.725
    endloop
  endfacet
  facet normal -1 0 0
    outer loop
      vertex 58.5 27.288 11.1157
      vertex 58.5 66.75 16.725
      vertex 58.5 27.366 11
    endloop
  endfacet
  facet normal -1 0 0
    outer loop
      vertex 58.5 27.1947 11.2193
      vertex 58.5 66.75 16.725
      vertex 58.5 27.288 11.1157
    endloop
  endfacet
  facet normal -1 0 0
    outer loop
      vertex 58.5 27.0878 11.309
      vertex 58.5 66.75 16.725
      vertex 58.5 27.1947 11.2193
    endloop
  endfacet
  facet normal -1 0 0
    outer loop
      vertex 58.5 26.9695 11.3829
      vertex 58.5 66.75 16.725
      vertex 58.5 27.0878 11.309
    endloop
  endfacet
  facet normal -1 0 0
    outer loop
      vertex 58.5 26.842 11.4397
      vertex 58.5 66.75 16.725
      vertex 58.5 26.9695 11.3829
    endloop
  endfacet
  facet normal -1 0 0
    outer loop
      vertex 58.5 26.7079 11.4781
      vertex 58.5 66.75 16.725
      vertex 58.5 26.842 11.4397
    endloop
  endfacet
  facet normal -1 0 0
    outer loop
      vertex 58.5 26.5698 11.4976
      vertex 58.5 66.75 16.725
      vertex 58.5 26.7079 11.4781
    endloop
  endfacet
  facet normal -1 0 0
    outer loop
      vertex 58.5 -17.5698 11.4976
      vertex 58.5 66.75 16.725
      vertex 58.5 26.5698 11.4976
    endloop
  endfacet
  facet normal -1 0 0
    outer loop
      vertex 58.5 -18.4994 4.4651
      vertex 58.5 -66.75 16.725
      vertex 58.5 -18.4994 10.4651
    endloop
  endfacet
  facet normal -1 0 0
    outer loop
      vertex 58.5 -18.4994 10.4651
      vertex 58.5 -66.75 16.725
      vertex 58.5 -18.4945 10.6045
    endloop
  endfacet
  facet normal -1 0 0
    outer loop
      vertex 58.5 -18.4945 10.6045
      vertex 58.5 -66.75 16.725
      vertex 58.5 -18.4703 10.7419
    endloop
  endfacet
  facet normal -1 0 0
    outer loop
      vertex 58.5 -18.4703 10.7419
      vertex 58.5 -66.75 16.725
      vertex 58.5 -18.4272 10.8746
    endloop
  endfacet
  facet normal -1 0 0
    outer loop
      vertex 58.5 -18.4272 10.8746
      vertex 58.5 -66.75 16.725
      vertex 58.5 -18.366 11
    endloop
  endfacet
  facet normal -1 0 0
    outer loop
      vertex 58.5 -18.366 11
      vertex 58.5 -66.75 16.725
      vertex 58.5 -18.288 11.1157
    endloop
  endfacet
  facet normal -1 0 0
    outer loop
      vertex 58.5 -18.288 11.1157
      vertex 58.5 -66.75 16.725
      vertex 58.5 -18.1947 11.2193
    endloop
  endfacet
  facet normal -1 0 0
    outer loop
      vertex 58.5 -18.1947 11.2193
      vertex 58.5 -66.75 16.725
      vertex 58.5 -18.0878 11.309
    endloop
  endfacet
  facet normal -1 0 0
    outer loop
      vertex 58.5 -17.5698 11.4976
      vertex 58.5 -66.75 16.725
      vertex 58.5 66.75 16.725
    endloop
  endfacet
  facet normal -1 0 0
    outer loop
      vertex 58.5 -17.7079 11.4781
      vertex 58.5 -66.75 16.725
      vertex 58.5 -17.5698 11.4976
    endloop
  endfacet
  facet normal -1 0 0
    outer loop
      vertex 58.5 -17.842 11.4397
      vertex 58.5 -66.75 16.725
      vertex 58.5 -17.7079 11.4781
    endloop
  endfacet
  facet normal -1 0 0
    outer loop
      vertex 58.5 -17.9695 11.3829
      vertex 58.5 -66.75 16.725
      vertex 58.5 -17.842 11.4397
    endloop
  endfacet
  facet normal -1 0 0
    outer loop
      vertex 58.5 -18.0878 11.309
      vertex 58.5 -66.75 16.725
      vertex 58.5 -17.9695 11.3829
    endloop
  endfacet
  facet normal -0.241903 -0.9703 0
    outer loop
      vertex 55.1946 70.6892 -16.725
      vertex 55.7361 70.5542 16.725
      vertex 55.1946 70.6892 16.725
    endloop
  endfacet
  facet normal -0.241903 -0.9703 -0
    outer loop
      vertex 55.7361 70.5542 16.725
      vertex 55.1946 70.6892 -16.725
      vertex 55.7361 70.5542 -16.725
    endloop
  endfacet
  facet normal -0.997568 0.0697061 0
    outer loop
      vertex 58.4611 -67.3067 -16.725
      vertex 58.5 -66.75 16.725
      vertex 58.5 -66.75 -16.725
    endloop
  endfacet
  facet normal -0.997568 0.0697061 0
    outer loop
      vertex 58.5 -66.75 16.725
      vertex 58.4611 -67.3067 -16.725
      vertex 58.4611 -67.3067 16.725
    endloop
  endfacet
  facet normal -0.37454 -0.927211 0
    outer loop
      vertex 55.7361 70.5542 -16.725
      vertex 56.2535 70.3452 16.725
      vertex 55.7361 70.5542 16.725
    endloop
  endfacet
  facet normal -0.37454 -0.927211 -0
    outer loop
      vertex 56.2535 70.3452 16.725
      vertex 55.7361 70.5542 -16.725
      vertex 56.2535 70.3452 -16.725
    endloop
  endfacet
  facet normal -0.241903 0.9703 0
    outer loop
      vertex 55.7361 -70.5542 -16.725
      vertex 55.1946 -70.6892 16.725
      vertex 55.7361 -70.5542 16.725
    endloop
  endfacet
  facet normal -0.241903 0.9703 0
    outer loop
      vertex 55.1946 -70.6892 16.725
      vertex 55.7361 -70.5542 -16.725
      vertex 55.1946 -70.6892 -16.725
    endloop
  endfacet
  facet normal 0 1 -0
    outer loop
      vertex 54.6396 -70.7476 -16.725
      vertex -11.957 -70.7476 16.725
      vertex 54.6396 -70.7476 16.725
    endloop
  endfacet
  facet normal 0 1 0
    outer loop
      vertex -11.957 -70.7476 16.725
      vertex 54.6396 -70.7476 -16.725
      vertex -11.957 -70.7476 -16.725
    endloop
  endfacet
  facet normal -0.978116 -0.20806 0
    outer loop
      vertex 58.4611 67.3067 -16.725
      vertex 58.345 67.8525 16.725
      vertex 58.345 67.8525 -16.725
    endloop
  endfacet
  facet normal -0.978116 -0.20806 0
    outer loop
      vertex 58.345 67.8525 16.725
      vertex 58.4611 67.3067 -16.725
      vertex 58.4611 67.3067 16.725
    endloop
  endfacet
  facet normal -0.997568 -0.0697061 0
    outer loop
      vertex 58.5 66.75 -16.725
      vertex 58.4611 67.3067 16.725
      vertex 58.4611 67.3067 -16.725
    endloop
  endfacet
  facet normal -0.997568 -0.0697061 0
    outer loop
      vertex 58.4611 67.3067 16.725
      vertex 58.5 66.75 -16.725
      vertex 58.5 66.75 16.725
    endloop
  endfacet
  facet normal 0 -1 0
    outer loop
      vertex 29.9581 70.7476 -0.291154
      vertex 54.6396 70.7476 16.725
      vertex -11.957 70.7476 16.725
    endloop
  endfacet
  facet normal 0 -1 0
    outer loop
      vertex 54.6396 70.7476 16.725
      vertex 29.9581 70.7476 -0.291154
      vertex 30.7906 70.7476 -0.203655
    endloop
  endfacet
  facet normal 0 -1 0
    outer loop
      vertex -11.957 70.7476 16.725
      vertex 29.1459 70.7476 -0.493661
      vertex 29.9581 70.7476 -0.291154
    endloop
  endfacet
  facet normal 0 -1 0
    outer loop
      vertex -11.957 70.7476 16.725
      vertex 28.3698 70.7476 -0.807236
      vertex 29.1459 70.7476 -0.493661
    endloop
  endfacet
  facet normal 0 -1 0
    outer loop
      vertex -11.957 70.7476 16.725
      vertex 27.6448 70.7476 -1.22578
      vertex 28.3698 70.7476 -0.807236
    endloop
  endfacet
  facet normal 0 -1 0
    outer loop
      vertex 21.0729 70.7476 -4.34683
      vertex 27.6448 70.7476 -1.22578
      vertex -11.957 70.7476 16.725
    endloop
  endfacet
  facet normal -0 -1 0
    outer loop
      vertex 21.4791 70.7476 -4.24558
      vertex 27.6448 70.7476 -1.22578
      vertex 21.0729 70.7476 -4.34683
    endloop
  endfacet
  facet normal 0 -1 0
    outer loop
      vertex 27.6448 70.7476 -1.22578
      vertex 21.4791 70.7476 -4.24558
      vertex 26.9852 70.7476 -1.74113
    endloop
  endfacet
  facet normal 0 -1 0
    outer loop
      vertex 26.9852 70.7476 -1.74113
      vertex 21.8953 70.7476 -4.20183
      vertex 26.4037 70.7476 -2.34328
    endloop
  endfacet
  facet normal 0 -1 0
    outer loop
      vertex 25.9117 70.7476 -3.02049
      vertex 21.8953 70.7476 -4.20183
      vertex 25.5187 70.7476 -3.75958
    endloop
  endfacet
  facet normal 0 -1 0
    outer loop
      vertex 26.4037 70.7476 -2.34328
      vertex 21.8953 70.7476 -4.20183
      vertex 25.9117 70.7476 -3.02049
    endloop
  endfacet
  facet normal -0 -1 0
    outer loop
      vertex 21.8953 70.7476 -4.20183
      vertex 26.9852 70.7476 -1.74113
      vertex 21.4791 70.7476 -4.24558
    endloop
  endfacet
  facet normal 0 -1 0
    outer loop
      vertex -11.957 70.7476 16.725
      vertex 20.6849 70.7476 -4.50362
      vertex 21.0729 70.7476 -4.34683
    endloop
  endfacet
  facet normal 0 -1 0
    outer loop
      vertex -11.957 70.7476 16.725
      vertex 20.3224 70.7476 -4.71289
      vertex 20.6849 70.7476 -4.50362
    endloop
  endfacet
  facet normal 0 -1 0
    outer loop
      vertex -11.957 70.7476 16.725
      vertex 19.9926 70.7476 -4.97057
      vertex 20.3224 70.7476 -4.71289
    endloop
  endfacet
  facet normal 0 -1 0
    outer loop
      vertex -11.957 70.7476 16.725
      vertex 19.7019 70.7476 -5.27164
      vertex 19.9926 70.7476 -4.97057
    endloop
  endfacet
  facet normal 0 -1 0
    outer loop
      vertex -11.957 70.7476 16.725
      vertex 19.4559 70.7476 -5.61024
      vertex 19.7019 70.7476 -5.27164
    endloop
  endfacet
  facet normal 0 -1 0
    outer loop
      vertex -11.957 70.7476 16.725
      vertex 19.2594 70.7476 -5.97979
      vertex 19.4559 70.7476 -5.61024
    endloop
  endfacet
  facet normal 0 -1 0
    outer loop
      vertex -11.957 70.7476 16.725
      vertex 19.1162 70.7476 -6.37309
      vertex 19.2594 70.7476 -5.97979
    endloop
  endfacet
  facet normal 0 -1 0
    outer loop
      vertex -11.957 70.7476 -16.725
      vertex 19.1162 70.7476 -6.37309
      vertex -11.957 70.7476 16.725
    endloop
  endfacet
  facet normal 0 -1 0
    outer loop
      vertex 19.1162 70.7476 -6.37309
      vertex -11.957 70.7476 -16.725
      vertex 19.0292 70.7476 -6.78248
    endloop
  endfacet
  facet normal 0 -1 0
    outer loop
      vertex 19.0292 70.7476 -6.78248
      vertex -11.957 70.7476 -16.725
      vertex 19 70.7476 -7.2
    endloop
  endfacet
  facet normal 0 -1 -0
    outer loop
      vertex 19 70.7476 -7.2
      vertex -11.957 70.7476 -16.725
      vertex 19 70.7476 -8.2
    endloop
  endfacet
  facet normal 0 -1 -0
    outer loop
      vertex 19 70.7476 -8.2
      vertex -11.957 70.7476 -16.725
      vertex 19.0292 70.7476 -8.61752
    endloop
  endfacet
  facet normal 0 -1 -0
    outer loop
      vertex 19.0292 70.7476 -8.61752
      vertex -11.957 70.7476 -16.725
      vertex 19.1162 70.7476 -9.02691
    endloop
  endfacet
  facet normal 0 -1 -0
    outer loop
      vertex 19.1162 70.7476 -9.02691
      vertex -11.957 70.7476 -16.725
      vertex 19.2594 70.7476 -9.42021
    endloop
  endfacet
  facet normal 0 -1 -0
    outer loop
      vertex 19.2594 70.7476 -9.42021
      vertex -11.957 70.7476 -16.725
      vertex 19.4559 70.7476 -9.78976
    endloop
  endfacet
  facet normal 0 -1 -0
    outer loop
      vertex 19.4559 70.7476 -9.78976
      vertex -11.957 70.7476 -16.725
      vertex 19.7019 70.7476 -10.1284
    endloop
  endfacet
  facet normal 0 -1 0
    outer loop
      vertex 21.8953 70.7476 -11.1982
      vertex 25.5187 70.7476 -11.6404
      vertex 25.3578 70.7476 -11.1982
    endloop
  endfacet
  facet normal 0 -1 0
    outer loop
      vertex 26.9852 70.7476 -13.6589
      vertex 21.8953 70.7476 -11.1982
      vertex 21.4791 70.7476 -11.1544
    endloop
  endfacet
  facet normal 0 -1 0
    outer loop
      vertex 21.8953 70.7476 -11.1982
      vertex 25.9117 70.7476 -12.3795
      vertex 25.5187 70.7476 -11.6404
    endloop
  endfacet
  facet normal 0 -1 0
    outer loop
      vertex 27.6448 70.7476 -14.1742
      vertex 21.4791 70.7476 -11.1544
      vertex 21.0729 70.7476 -11.0532
    endloop
  endfacet
  facet normal 0 -1 0
    outer loop
      vertex 21.8953 70.7476 -11.1982
      vertex 26.4037 70.7476 -13.0567
      vertex 25.9117 70.7476 -12.3795
    endloop
  endfacet
  facet normal 0 -1 0
    outer loop
      vertex 21.8953 70.7476 -11.1982
      vertex 26.9852 70.7476 -13.6589
      vertex 26.4037 70.7476 -13.0567
    endloop
  endfacet
  facet normal 0 -1 0
    outer loop
      vertex -11.957 70.7476 -16.725
      vertex 21.0729 70.7476 -11.0532
      vertex 20.6849 70.7476 -10.8964
    endloop
  endfacet
  facet normal 0 -1 0
    outer loop
      vertex 21.4791 70.7476 -11.1544
      vertex 27.6448 70.7476 -14.1742
      vertex 26.9852 70.7476 -13.6589
    endloop
  endfacet
  facet normal 0 -1 -0
    outer loop
      vertex 21.0729 70.7476 -11.0532
      vertex -11.957 70.7476 -16.725
      vertex 27.6448 70.7476 -14.1742
    endloop
  endfacet
  facet normal 0 -1 0
    outer loop
      vertex 54.6396 70.7476 -16.725
      vertex 30.7906 70.7476 -15.1963
      vertex -11.957 70.7476 -16.725
    endloop
  endfacet
  facet normal 0 -1 -0
    outer loop
      vertex 29.9581 70.7476 -15.1088
      vertex -11.957 70.7476 -16.725
      vertex 30.7906 70.7476 -15.1963
    endloop
  endfacet
  facet normal 0 -1 -0
    outer loop
      vertex 29.1459 70.7476 -14.9063
      vertex -11.957 70.7476 -16.725
      vertex 29.9581 70.7476 -15.1088
    endloop
  endfacet
  facet normal 0 -1 -0
    outer loop
      vertex 28.3698 70.7476 -14.5928
      vertex -11.957 70.7476 -16.725
      vertex 29.1459 70.7476 -14.9063
    endloop
  endfacet
  facet normal 0 -1 -0
    outer loop
      vertex 27.6448 70.7476 -14.1742
      vertex -11.957 70.7476 -16.725
      vertex 28.3698 70.7476 -14.5928
    endloop
  endfacet
  facet normal 0 -1 -0
    outer loop
      vertex 20.3224 70.7476 -10.6871
      vertex -11.957 70.7476 -16.725
      vertex 20.6849 70.7476 -10.8964
    endloop
  endfacet
  facet normal 0 -1 -0
    outer loop
      vertex 19.9926 70.7476 -10.4294
      vertex -11.957 70.7476 -16.725
      vertex 20.3224 70.7476 -10.6871
    endloop
  endfacet
  facet normal 0 -1 -0
    outer loop
      vertex 19.7019 70.7476 -10.1284
      vertex -11.957 70.7476 -16.725
      vertex 19.9926 70.7476 -10.4294
    endloop
  endfacet
  facet normal 0 -1 0
    outer loop
      vertex 42.7906 70.7476 -0.203655
      vertex 54.6396 70.7476 16.725
      vertex 30.7906 70.7476 -0.203655
    endloop
  endfacet
  facet normal 0 -1 0
    outer loop
      vertex 43.6272 70.7476 -0.232869
      vertex 54.6396 70.7476 16.725
      vertex 42.7906 70.7476 -0.203655
    endloop
  endfacet
  facet normal 0 -1 0
    outer loop
      vertex 44.4515 70.7476 -0.378226
      vertex 54.6396 70.7476 16.725
      vertex 43.6272 70.7476 -0.232869
    endloop
  endfacet
  facet normal 0 -1 0
    outer loop
      vertex 45.2476 70.7476 -0.636897
      vertex 54.6396 70.7476 16.725
      vertex 44.4515 70.7476 -0.378226
    endloop
  endfacet
  facet normal 0 -1 0
    outer loop
      vertex 46 70.7476 -1.00385
      vertex 54.6396 70.7476 16.725
      vertex 45.2476 70.7476 -0.636897
    endloop
  endfacet
  facet normal 0 -1 0
    outer loop
      vertex 46.694 70.7476 -1.47194
      vertex 54.6396 70.7476 16.725
      vertex 46 70.7476 -1.00385
    endloop
  endfacet
  facet normal 0 -1 0
    outer loop
      vertex 52.3136 70.7476 -4.21643
      vertex 46.694 70.7476 -1.47194
      vertex 47.316 70.7476 -2.03205
    endloop
  endfacet
  facet normal 0 -1 0
    outer loop
      vertex 51.8953 70.7476 -4.20183
      vertex 47.316 70.7476 -2.03205
      vertex 47.8541 70.7476 -2.67329
    endloop
  endfacet
  facet normal 0 -1 0
    outer loop
      vertex 51.8953 70.7476 -4.20183
      vertex 47.8541 70.7476 -2.67329
      vertex 48.2977 70.7476 -3.38317
    endloop
  endfacet
  facet normal 0 -1 0
    outer loop
      vertex 51.8953 70.7476 -4.20183
      vertex 48.2977 70.7476 -3.38317
      vertex 48.6382 70.7476 -4.14788
    endloop
  endfacet
  facet normal 0 -1 0
    outer loop
      vertex 51.8953 70.7476 -4.20183
      vertex 48.6382 70.7476 -4.14788
      vertex 48.6536 70.7476 -4.20183
    endloop
  endfacet
  facet normal 0 -1 0
    outer loop
      vertex 47.316 70.7476 -2.03205
      vertex 51.8953 70.7476 -4.20183
      vertex 52.3136 70.7476 -4.21643
    endloop
  endfacet
  facet normal 0 -1 0
    outer loop
      vertex 46.694 70.7476 -1.47194
      vertex 52.3136 70.7476 -4.21643
      vertex 54.6396 70.7476 16.725
    endloop
  endfacet
  facet normal 0 -1 0
    outer loop
      vertex 52.7258 70.7476 -4.28911
      vertex 54.6396 70.7476 16.725
      vertex 52.3136 70.7476 -4.21643
    endloop
  endfacet
  facet normal 0 -1 0
    outer loop
      vertex 53.1238 70.7476 -4.41845
      vertex 54.6396 70.7476 16.725
      vertex 52.7258 70.7476 -4.28911
    endloop
  endfacet
  facet normal 0 -1 0
    outer loop
      vertex 53.5 70.7476 -4.60192
      vertex 54.6396 70.7476 16.725
      vertex 53.1238 70.7476 -4.41845
    endloop
  endfacet
  facet normal 0 -1 0
    outer loop
      vertex 53.847 70.7476 -4.83597
      vertex 54.6396 70.7476 16.725
      vertex 53.5 70.7476 -4.60192
    endloop
  endfacet
  facet normal 0 -1 0
    outer loop
      vertex 54.158 70.7476 -5.11602
      vertex 54.6396 70.7476 16.725
      vertex 53.847 70.7476 -4.83597
    endloop
  endfacet
  facet normal 0 -1 0
    outer loop
      vertex 54.4271 70.7476 -5.43664
      vertex 54.6396 70.7476 16.725
      vertex 54.158 70.7476 -5.11602
    endloop
  endfacet
  facet normal 0 -1 -0
    outer loop
      vertex 54.6396 70.7476 16.725
      vertex 54.4271 70.7476 -5.43664
      vertex 54.6396 70.7476 -5.77679
    endloop
  endfacet
  facet normal 0 -1 0
    outer loop
      vertex 25.5187 70.7476 -3.75958
      vertex 21.8953 70.7476 -4.20183
      vertex 25.3578 70.7476 -4.20183
    endloop
  endfacet
  facet normal 0 -1 -0
    outer loop
      vertex 48.6536 70.7476 -11.1982
      vertex 48.6382 70.7476 -11.2521
      vertex 51.8953 70.7476 -11.1982
    endloop
  endfacet
  facet normal 0 -1 0
    outer loop
      vertex 48.2977 70.7476 -12.0168
      vertex 51.8953 70.7476 -11.1982
      vertex 48.6382 70.7476 -11.2521
    endloop
  endfacet
  facet normal 0 -1 0
    outer loop
      vertex 47.8541 70.7476 -12.7267
      vertex 51.8953 70.7476 -11.1982
      vertex 48.2977 70.7476 -12.0168
    endloop
  endfacet
  facet normal 0 -1 0
    outer loop
      vertex 54.6396 70.7476 -16.725
      vertex 51.8953 70.7476 -11.1982
      vertex 47.8541 70.7476 -12.7267
    endloop
  endfacet
  facet normal 0 -1 0
    outer loop
      vertex 51.8953 70.7476 -11.1982
      vertex 54.6396 70.7476 -16.725
      vertex 52.3136 70.7476 -11.1836
    endloop
  endfacet
  facet normal 0 -1 0
    outer loop
      vertex 52.3136 70.7476 -11.1836
      vertex 54.6396 70.7476 -16.725
      vertex 52.7258 70.7476 -11.1109
    endloop
  endfacet
  facet normal 0 -1 0
    outer loop
      vertex 54.6396 70.7476 -16.725
      vertex 47.8541 70.7476 -12.7267
      vertex 47.316 70.7476 -13.3679
    endloop
  endfacet
  facet normal 0 -1 0
    outer loop
      vertex 54.6396 70.7476 -16.725
      vertex 47.316 70.7476 -13.3679
      vertex 46.694 70.7476 -13.9281
    endloop
  endfacet
  facet normal 0 -1 0
    outer loop
      vertex 54.6396 70.7476 -16.725
      vertex 46.694 70.7476 -13.9281
      vertex 46 70.7476 -14.3962
    endloop
  endfacet
  facet normal 0 -1 0
    outer loop
      vertex 54.6396 70.7476 -16.725
      vertex 46 70.7476 -14.3962
      vertex 45.2476 70.7476 -14.7631
    endloop
  endfacet
  facet normal 0 -1 0
    outer loop
      vertex 54.4271 70.7476 -9.96336
      vertex 54.6396 70.7476 -16.725
      vertex 54.6396 70.7476 -9.62321
    endloop
  endfacet
  facet normal 0 -1 0
    outer loop
      vertex 54.158 70.7476 -10.284
      vertex 54.6396 70.7476 -16.725
      vertex 54.4271 70.7476 -9.96336
    endloop
  endfacet
  facet normal 0 -1 0
    outer loop
      vertex 53.847 70.7476 -10.564
      vertex 54.6396 70.7476 -16.725
      vertex 54.158 70.7476 -10.284
    endloop
  endfacet
  facet normal 0 -1 0
    outer loop
      vertex 53.5 70.7476 -10.7981
      vertex 54.6396 70.7476 -16.725
      vertex 53.847 70.7476 -10.564
    endloop
  endfacet
  facet normal 0 -1 0
    outer loop
      vertex 53.1238 70.7476 -10.9816
      vertex 54.6396 70.7476 -16.725
      vertex 53.5 70.7476 -10.7981
    endloop
  endfacet
  facet normal 0 -1 0
    outer loop
      vertex 52.7258 70.7476 -11.1109
      vertex 54.6396 70.7476 -16.725
      vertex 53.1238 70.7476 -10.9816
    endloop
  endfacet
  facet normal 0 -1 0
    outer loop
      vertex 44.4515 70.7476 -15.0218
      vertex 54.6396 70.7476 -16.725
      vertex 45.2476 70.7476 -14.7631
    endloop
  endfacet
  facet normal 0 -1 0
    outer loop
      vertex 43.6272 70.7476 -15.1671
      vertex 54.6396 70.7476 -16.725
      vertex 44.4515 70.7476 -15.0218
    endloop
  endfacet
  facet normal 0 -1 0
    outer loop
      vertex 42.7906 70.7476 -15.1963
      vertex 54.6396 70.7476 -16.725
      vertex 43.6272 70.7476 -15.1671
    endloop
  endfacet
  facet normal 0 -1 0
    outer loop
      vertex 30.7906 70.7476 -15.1963
      vertex 54.6396 70.7476 -16.725
      vertex 42.7906 70.7476 -15.1963
    endloop
  endfacet
  facet normal -0.615627 0.788038 0
    outer loop
      vertex 57.1765 -69.7226 -16.725
      vertex 56.7368 -70.0661 16.725
      vertex 57.1765 -69.7226 16.725
    endloop
  endfacet
  facet normal -0.615627 0.788038 0
    outer loop
      vertex 56.7368 -70.0661 16.725
      vertex 57.1765 -69.7226 -16.725
      vertex 56.7368 -70.0661 -16.725
    endloop
  endfacet
  facet normal -0.939731 -0.341916 0
    outer loop
      vertex 58.345 67.8525 -16.725
      vertex 58.1542 68.3769 16.725
      vertex 58.1542 68.3769 -16.725
    endloop
  endfacet
  facet normal -0.939731 -0.341916 0
    outer loop
      vertex 58.1542 68.3769 16.725
      vertex 58.345 67.8525 -16.725
      vertex 58.345 67.8525 16.725
    endloop
  endfacet
  facet normal -0.719275 -0.694726 0
    outer loop
      vertex 57.5642 69.3212 -16.725
      vertex 57.1765 69.7226 16.725
      vertex 57.1765 69.7226 -16.725
    endloop
  endfacet
  facet normal -0.719275 -0.694726 0
    outer loop
      vertex 57.1765 69.7226 16.725
      vertex 57.5642 69.3212 -16.725
      vertex 57.5642 69.3212 16.725
    endloop
  endfacet
  facet normal -0.104647 0.994509 0
    outer loop
      vertex 55.1946 -70.6892 -16.725
      vertex 54.6396 -70.7476 16.725
      vertex 55.1946 -70.6892 16.725
    endloop
  endfacet
  facet normal -0.104647 0.994509 0
    outer loop
      vertex 54.6396 -70.7476 16.725
      vertex 55.1946 -70.6892 -16.725
      vertex 54.6396 -70.7476 -16.725
    endloop
  endfacet
  facet normal -0.882967 -0.469435 0
    outer loop
      vertex 58.1542 68.3769 -16.725
      vertex 57.8922 68.8697 16.725
      vertex 57.8922 68.8697 -16.725
    endloop
  endfacet
  facet normal -0.882967 -0.469435 0
    outer loop
      vertex 57.8922 68.8697 16.725
      vertex 58.1542 68.3769 -16.725
      vertex 58.1542 68.3769 16.725
    endloop
  endfacet
  facet normal -0.809046 -0.587745 0
    outer loop
      vertex 57.8922 68.8697 -16.725
      vertex 57.5642 69.3212 16.725
      vertex 57.5642 69.3212 -16.725
    endloop
  endfacet
  facet normal -0.809046 -0.587745 0
    outer loop
      vertex 57.5642 69.3212 16.725
      vertex 57.8922 68.8697 -16.725
      vertex 57.8922 68.8697 16.725
    endloop
  endfacet
  facet normal -0.104647 -0.994509 0
    outer loop
      vertex 54.6396 70.7476 -5.77679
      vertex 55.1946 70.6892 16.725
      vertex 54.6396 70.7476 16.725
    endloop
  endfacet
  facet normal -0.107929 -0.994159 8.18494e-05
    outer loop
      vertex 54.6488 70.7466 -5.79159
      vertex 55.1946 70.6892 16.725
      vertex 54.6396 70.7476 -5.77679
    endloop
  endfacet
  facet normal -0.104536 -0.994521 -1.32824e-06
    outer loop
      vertex 54.8191 70.7287 -6.17394
      vertex 55.1946 70.6892 16.725
      vertex 54.6488 70.7466 -5.79159
    endloop
  endfacet
  facet normal -0.104384 -0.994537 -3.848e-06
    outer loop
      vertex 54.9344 70.7166 -6.57627
      vertex 55.1946 70.6892 16.725
      vertex 54.8191 70.7287 -6.17394
    endloop
  endfacet
  facet normal -0.105675 -0.994401 1.07286e-05
    outer loop
      vertex 54.9927 70.7104 -6.99073
      vertex 55.1946 70.6892 16.725
      vertex 54.9344 70.7166 -6.57627
    endloop
  endfacet
  facet normal -0.104428 -0.994532 0
    outer loop
      vertex 55.1946 70.6892 -16.725
      vertex 54.9927 70.7104 -6.99073
      vertex 54.9927 70.7104 -8.40927
    endloop
  endfacet
  facet normal -0.104647 -0.994509 0
    outer loop
      vertex 55.1946 70.6892 -16.725
      vertex 54.6396 70.7476 -9.62321
      vertex 54.6396 70.7476 -16.725
    endloop
  endfacet
  facet normal -0.107678 -0.994186 -0.000239522
    outer loop
      vertex 54.6396 70.7476 -9.62321
      vertex 55.1946 70.6892 -16.725
      vertex 54.6488 70.7466 -9.60841
    endloop
  endfacet
  facet normal -0.104541 -0.994521 3.78027e-06
    outer loop
      vertex 54.6488 70.7466 -9.60841
      vertex 55.1946 70.6892 -16.725
      vertex 54.8191 70.7287 -9.22606
    endloop
  endfacet
  facet normal -0.104407 -0.994535 1.05749e-05
    outer loop
      vertex 54.8191 70.7287 -9.22606
      vertex 55.1946 70.6892 -16.725
      vertex 54.9344 70.7166 -8.82373
    endloop
  endfacet
  facet normal -0.104428 -0.994532 0
    outer loop
      vertex 54.9927 70.7104 -6.99073
      vertex 55.1946 70.6892 -16.725
      vertex 55.1946 70.6892 16.725
    endloop
  endfacet
  facet normal -0.105556 -0.994413 -2.76728e-05
    outer loop
      vertex 54.9344 70.7166 -8.82373
      vertex 55.1946 70.6892 -16.725
      vertex 54.9927 70.7104 -8.40927
    endloop
  endfacet
  facet normal -0.615627 -0.788038 0
    outer loop
      vertex 56.7368 70.0661 -16.725
      vertex 57.1765 69.7226 16.725
      vertex 56.7368 70.0661 16.725
    endloop
  endfacet
  facet normal -0.615627 -0.788038 -0
    outer loop
      vertex 57.1765 69.7226 16.725
      vertex 56.7368 70.0661 -16.725
      vertex 57.1765 69.7226 -16.725
    endloop
  endfacet
  facet normal -0 0 -1
    outer loop
      vertex 26.4229 27.9365 16.725
      vertex 14.6272 24.8245 16.725
      vertex 15.1806 28.7619 16.725
    endloop
  endfacet
  facet normal 0 0 -1
    outer loop
      vertex 24 2.5 16.725
      vertex 9.80698 13.9981 16.725
      vertex 24 14.5 16.725
    endloop
  endfacet
  facet normal 0 0 -1
    outer loop
      vertex 24 14.5 16.725
      vertex 13.5312 21.0024 16.725
      vertex 14.6272 24.8245 16.725
    endloop
  endfacet
  facet normal 0 0 -1
    outer loop
      vertex 24 14.5 16.725
      vertex 11.914 17.3701 16.725
      vertex 13.5312 21.0024 16.725
    endloop
  endfacet
  facet normal 0 0 -1
    outer loop
      vertex 7.25118 10.9522 16.725
      vertex 14.2446 -2.26736 16.725
      vertex 10.2709 -2.40613 16.725
    endloop
  endfacet
  facet normal -0 0 -1
    outer loop
      vertex 24 14.5 16.725
      vertex 9.80698 13.9981 16.725
      vertex 11.914 17.3701 16.725
    endloop
  endfacet
  facet normal 0 0 -1
    outer loop
      vertex 14.2446 -2.26736 16.725
      vertex 7.25118 10.9522 16.725
      vertex 9.80698 13.9981 16.725
    endloop
  endfacet
  facet normal 0 0 -1
    outer loop
      vertex 4.29635 8.29169 16.725
      vertex 10.2709 -2.40613 16.725
      vertex 6.35523 -3.09657 16.725
    endloop
  endfacet
  facet normal 0 0 -1
    outer loop
      vertex 10.2709 -2.40613 16.725
      vertex 4.29635 8.29169 16.725
      vertex 7.25118 10.9522 16.725
    endloop
  endfacet
  facet normal 0 0 -1
    outer loop
      vertex 1 6.06828 16.725
      vertex 6.35523 -3.09657 16.725
      vertex 2.57371 -4.32526 16.725
    endloop
  endfacet
  facet normal 0 0 -1
    outer loop
      vertex 6.35523 -3.09657 16.725
      vertex 1 6.06828 16.725
      vertex 4.29635 8.29169 16.725
    endloop
  endfacet
  facet normal 0 0 -1
    outer loop
      vertex -2.57371 4.32526 16.725
      vertex 2.57371 -4.32526 16.725
      vertex -1 -6.06828 16.725
    endloop
  endfacet
  facet normal 0 0 -1
    outer loop
      vertex 2.57371 -4.32526 16.725
      vertex -2.57371 4.32526 16.725
      vertex 1 6.06828 16.725
    endloop
  endfacet
  facet normal 0 0 -1
    outer loop
      vertex -6.35523 3.09657 16.725
      vertex -1 -6.06828 16.725
      vertex -4.29635 -8.29169 16.725
    endloop
  endfacet
  facet normal 0 0 -1
    outer loop
      vertex -1 -6.06828 16.725
      vertex -6.35523 3.09657 16.725
      vertex -2.57371 4.32526 16.725
    endloop
  endfacet
  facet normal 0 0 -1
    outer loop
      vertex -10.2709 2.40613 16.725
      vertex -4.29635 -8.29169 16.725
      vertex -7.25118 -10.9522 16.725
    endloop
  endfacet
  facet normal 0 0 -1
    outer loop
      vertex -12.4903 2.32862 16.725
      vertex -7.25118 -10.9522 16.725
      vertex -9.80698 -13.9981 16.725
    endloop
  endfacet
  facet normal 0 0 -1
    outer loop
      vertex -4.29635 -8.29169 16.725
      vertex -10.2709 2.40613 16.725
      vertex -6.35523 3.09657 16.725
    endloop
  endfacet
  facet normal 0 0 -1
    outer loop
      vertex -12.4903 2.32862 16.725
      vertex -9.80698 -13.9981 16.725
      vertex -11.914 -17.3701 16.725
    endloop
  endfacet
  facet normal 0 0 -1
    outer loop
      vertex -12.4903 2.32862 16.725
      vertex -11.914 -17.3701 16.725
      vertex -12.4903 -18.6643 16.725
    endloop
  endfacet
  facet normal 0 0 -1
    outer loop
      vertex -7.25118 -10.9522 16.725
      vertex -12.4903 2.32862 16.725
      vertex -10.2709 2.40613 16.725
    endloop
  endfacet
  facet normal 0 0 -1
    outer loop
      vertex 47.4302 -39.5012 16.725
      vertex 41.4726 -34.7164 16.725
      vertex 41.75 -30.75 16.725
    endloop
  endfacet
  facet normal 0 0 -1
    outer loop
      vertex 47.4302 -39.5012 16.725
      vertex 40.646 -38.6057 16.725
      vertex 41.4726 -34.7164 16.725
    endloop
  endfacet
  facet normal 0 -0 -1
    outer loop
      vertex 40.646 -38.6057 16.725
      vertex 47.4302 -39.5012 16.725
      vertex 40.32 -39.5012 16.725
    endloop
  endfacet
  facet normal 0 0 -1
    outer loop
      vertex 54.6396 -70.7476 16.725
      vertex 58.5 -66.75 16.725
      vertex 58.4611 -67.3067 16.725
    endloop
  endfacet
  facet normal 0 0 -1
    outer loop
      vertex 58.5 -66.75 16.725
      vertex 54.2451 28.6105 16.725
      vertex 58.5 66.75 16.725
    endloop
  endfacet
  facet normal 0 0 -1
    outer loop
      vertex 54.6396 -70.7476 16.725
      vertex 58.4611 -67.3067 16.725
      vertex 58.345 -67.8525 16.725
    endloop
  endfacet
  facet normal 0 0 -1
    outer loop
      vertex 54.2451 59.8895 16.725
      vertex 58.5 66.75 16.725
      vertex 54.2451 28.6105 16.725
    endloop
  endfacet
  facet normal 0 0 -1
    outer loop
      vertex 54.6396 -70.7476 16.725
      vertex 58.345 -67.8525 16.725
      vertex 58.1542 -68.3769 16.725
    endloop
  endfacet
  facet normal 0 0 -1
    outer loop
      vertex 54.2063 60.1658 16.725
      vertex 58.5 66.75 16.725
      vertex 54.2451 59.8895 16.725
    endloop
  endfacet
  facet normal 0 0 -1
    outer loop
      vertex 54.6396 -70.7476 16.725
      vertex 58.1542 -68.3769 16.725
      vertex 57.8922 -68.8697 16.725
    endloop
  endfacet
  facet normal 0 0 -1
    outer loop
      vertex 54.1294 60.434 16.725
      vertex 58.5 66.75 16.725
      vertex 54.2063 60.1658 16.725
    endloop
  endfacet
  facet normal 0 0 -1
    outer loop
      vertex 54.6396 -70.7476 16.725
      vertex 57.8922 -68.8697 16.725
      vertex 57.5642 -69.3212 16.725
    endloop
  endfacet
  facet normal 0 0 -1
    outer loop
      vertex 54.0159 60.6889 16.725
      vertex 58.5 66.75 16.725
      vertex 54.1294 60.434 16.725
    endloop
  endfacet
  facet normal 0 0 -1
    outer loop
      vertex 54.6396 -70.7476 16.725
      vertex 57.5642 -69.3212 16.725
      vertex 57.1765 -69.7226 16.725
    endloop
  endfacet
  facet normal 0 0 -1
    outer loop
      vertex 53.868 60.9256 16.725
      vertex 58.5 66.75 16.725
      vertex 54.0159 60.6889 16.725
    endloop
  endfacet
  facet normal 0 0 -1
    outer loop
      vertex 54.6396 -70.7476 16.725
      vertex 57.1765 -69.7226 16.725
      vertex 56.7368 -70.0661 16.725
    endloop
  endfacet
  facet normal 0 0 -1
    outer loop
      vertex 53.6887 61.1393 16.725
      vertex 58.5 66.75 16.725
      vertex 53.868 60.9256 16.725
    endloop
  endfacet
  facet normal 0 0 -1
    outer loop
      vertex 54.6396 -70.7476 16.725
      vertex 56.7368 -70.0661 16.725
      vertex 56.2535 -70.3452 16.725
    endloop
  endfacet
  facet normal 0 0 -1
    outer loop
      vertex 53.4813 61.326 16.725
      vertex 58.5 66.75 16.725
      vertex 53.6887 61.1393 16.725
    endloop
  endfacet
  facet normal 0 0 -1
    outer loop
      vertex 54.6396 -70.7476 16.725
      vertex 56.2535 -70.3452 16.725
      vertex 55.7361 -70.5542 16.725
    endloop
  endfacet
  facet normal 0 0 -1
    outer loop
      vertex 53.25 61.482 16.725
      vertex 58.5 66.75 16.725
      vertex 53.4813 61.326 16.725
    endloop
  endfacet
  facet normal 0 0 -1
    outer loop
      vertex 54.6396 -70.7476 16.725
      vertex 55.7361 -70.5542 16.725
      vertex 55.1946 -70.6892 16.725
    endloop
  endfacet
  facet normal 0 0 -1
    outer loop
      vertex 52.9992 61.6044 16.725
      vertex 58.5 66.75 16.725
      vertex 53.25 61.482 16.725
    endloop
  endfacet
  facet normal 0 0 -1
    outer loop
      vertex 58.5 -66.75 16.725
      vertex 54.6396 -70.7476 16.725
      vertex 49.4951 -67.6395 16.725
    endloop
  endfacet
  facet normal 0 0 -1
    outer loop
      vertex 52.7338 61.6906 16.725
      vertex 58.5 66.75 16.725
      vertex 52.9992 61.6044 16.725
    endloop
  endfacet
  facet normal 0 -0 -1
    outer loop
      vertex 54.6396 70.7476 16.725
      vertex 58.5 66.75 16.725
      vertex 52.7338 61.6906 16.725
    endloop
  endfacet
  facet normal 0 0 -1
    outer loop
      vertex 58.5 -66.75 16.725
      vertex 54.2063 28.3342 16.725
      vertex 54.2451 28.6105 16.725
    endloop
  endfacet
  facet normal 0 0 -1
    outer loop
      vertex 58.5 -66.75 16.725
      vertex 49.9951 2.36049 16.725
      vertex 54.2063 28.3342 16.725
    endloop
  endfacet
  facet normal 0 0 -1
    outer loop
      vertex 54.2063 28.3342 16.725
      vertex 49.9951 2.36049 16.725
      vertex 54.1294 28.066 16.725
    endloop
  endfacet
  facet normal 0 0 -1
    outer loop
      vertex 54.1294 28.066 16.725
      vertex 49.9951 2.36049 16.725
      vertex 54.0159 27.8111 16.725
    endloop
  endfacet
  facet normal 0 0 -1
    outer loop
      vertex 49.9951 14.6395 16.725
      vertex 54.0159 27.8111 16.725
      vertex 49.9951 2.36049 16.725
    endloop
  endfacet
  facet normal 0 0 -1
    outer loop
      vertex 54.0159 27.8111 16.725
      vertex 49.9951 14.6395 16.725
      vertex 53.868 27.5744 16.725
    endloop
  endfacet
  facet normal 0 0 -1
    outer loop
      vertex 53.868 27.5744 16.725
      vertex 49.9951 14.6395 16.725
      vertex 53.6887 27.3607 16.725
    endloop
  endfacet
  facet normal 0 0 -1
    outer loop
      vertex 49.9563 14.9158 16.725
      vertex 53.6887 27.3607 16.725
      vertex 49.9951 14.6395 16.725
    endloop
  endfacet
  facet normal 0 0 -1
    outer loop
      vertex 53.6887 27.3607 16.725
      vertex 49.9563 14.9158 16.725
      vertex 53.4813 27.174 16.725
    endloop
  endfacet
  facet normal 0 0 -1
    outer loop
      vertex 49.8794 15.184 16.725
      vertex 53.4813 27.174 16.725
      vertex 49.9563 14.9158 16.725
    endloop
  endfacet
  facet normal 0 0 -1
    outer loop
      vertex 53.4813 27.174 16.725
      vertex 49.8794 15.184 16.725
      vertex 53.25 27.018 16.725
    endloop
  endfacet
  facet normal 0 0 -1
    outer loop
      vertex 49.7659 15.4389 16.725
      vertex 53.25 27.018 16.725
      vertex 49.8794 15.184 16.725
    endloop
  endfacet
  facet normal 0 0 -1
    outer loop
      vertex 58.5 -66.75 16.725
      vertex 49.4951 -41.3605 16.725
      vertex 49.4563 -41.0842 16.725
    endloop
  endfacet
  facet normal 0 0 -1
    outer loop
      vertex 58.5 -66.75 16.725
      vertex 49.9563 2.08418 16.725
      vertex 49.9951 2.36049 16.725
    endloop
  endfacet
  facet normal 0 0 -1
    outer loop
      vertex 58.5 -66.75 16.725
      vertex 49.4563 -41.0842 16.725
      vertex 49.9563 2.08418 16.725
    endloop
  endfacet
  facet normal 0 0 -1
    outer loop
      vertex 49.9563 2.08418 16.725
      vertex 49.4563 -41.0842 16.725
      vertex 49.8794 1.81596 16.725
    endloop
  endfacet
  facet normal -0 0 -1
    outer loop
      vertex 58.5 -66.75 16.725
      vertex 49.4951 -67.6395 16.725
      vertex 49.4951 -41.3605 16.725
    endloop
  endfacet
  facet normal 0 0 -1
    outer loop
      vertex 54.6396 -70.7476 16.725
      vertex 49.4563 -67.9158 16.725
      vertex 49.4951 -67.6395 16.725
    endloop
  endfacet
  facet normal 0 0 -1
    outer loop
      vertex 54.6396 -70.7476 16.725
      vertex 49.3794 -68.184 16.725
      vertex 49.4563 -67.9158 16.725
    endloop
  endfacet
  facet normal 0 0 -1
    outer loop
      vertex 54.6396 -70.7476 16.725
      vertex 49.2659 -68.4389 16.725
      vertex 49.3794 -68.184 16.725
    endloop
  endfacet
  facet normal 0 0 -1
    outer loop
      vertex 54.6396 -70.7476 16.725
      vertex 49.118 -68.6756 16.725
      vertex 49.2659 -68.4389 16.725
    endloop
  endfacet
  facet normal 0 0 -1
    outer loop
      vertex 54.6396 -70.7476 16.725
      vertex 48.9387 -68.8893 16.725
      vertex 49.118 -68.6756 16.725
    endloop
  endfacet
  facet normal 0 0 -1
    outer loop
      vertex 54.6396 -70.7476 16.725
      vertex 48.7313 -69.076 16.725
      vertex 48.9387 -68.8893 16.725
    endloop
  endfacet
  facet normal 0 0 -1
    outer loop
      vertex 54.6396 -70.7476 16.725
      vertex 48.5 -69.232 16.725
      vertex 48.7313 -69.076 16.725
    endloop
  endfacet
  facet normal 0 0 -1
    outer loop
      vertex 54.6396 -70.7476 16.725
      vertex 48.2492 -69.3544 16.725
      vertex 48.5 -69.232 16.725
    endloop
  endfacet
  facet normal 0 0 -1
    outer loop
      vertex 54.6396 -70.7476 16.725
      vertex 47.9838 -69.4406 16.725
      vertex 48.2492 -69.3544 16.725
    endloop
  endfacet
  facet normal 0 0 -1
    outer loop
      vertex 54.6396 -70.7476 16.725
      vertex 47.7091 -69.489 16.725
      vertex 47.9838 -69.4406 16.725
    endloop
  endfacet
  facet normal 0 0 -1
    outer loop
      vertex 54.6396 -70.7476 16.725
      vertex 47.4302 -69.4988 16.725
      vertex 47.7091 -69.489 16.725
    endloop
  endfacet
  facet normal 0 0 -1
    outer loop
      vertex -11.957 -70.7476 16.725
      vertex 47.4302 -69.4988 16.725
      vertex 54.6396 -70.7476 16.725
    endloop
  endfacet
  facet normal 0 0 -1
    outer loop
      vertex -12.2588 -70.1181 16.725
      vertex -11.957 -70.7476 16.725
      vertex -12.0318 -70.6279 16.725
    endloop
  endfacet
  facet normal 0 0 -1
    outer loop
      vertex -11.957 -70.7476 16.725
      vertex -12.2588 -70.1181 16.725
      vertex -12.4242 -69.4988 16.725
    endloop
  endfacet
  facet normal 0 0 -1
    outer loop
      vertex -12.4242 -69.4988 16.725
      vertex -12.2588 -70.1181 16.725
      vertex -12.4126 -69.5816 16.725
    endloop
  endfacet
  facet normal 0 0 -1
    outer loop
      vertex -11.957 -70.7476 16.725
      vertex -12.4242 -69.4988 16.725
      vertex 47.4302 -69.4988 16.725
    endloop
  endfacet
  facet normal 0 0 -1
    outer loop
      vertex 58.5 66.75 16.725
      vertex 54.6396 70.7476 16.725
      vertex 58.4611 67.3067 16.725
    endloop
  endfacet
  facet normal 0 0 -1
    outer loop
      vertex 58.4611 67.3067 16.725
      vertex 54.6396 70.7476 16.725
      vertex 58.345 67.8525 16.725
    endloop
  endfacet
  facet normal 0 0 -1
    outer loop
      vertex 58.345 67.8525 16.725
      vertex 54.6396 70.7476 16.725
      vertex 58.1542 68.3769 16.725
    endloop
  endfacet
  facet normal 0 0 -1
    outer loop
      vertex 58.1542 68.3769 16.725
      vertex 54.6396 70.7476 16.725
      vertex 57.8922 68.8697 16.725
    endloop
  endfacet
  facet normal 0 0 -1
    outer loop
      vertex 57.8922 68.8697 16.725
      vertex 54.6396 70.7476 16.725
      vertex 57.5642 69.3212 16.725
    endloop
  endfacet
  facet normal 0 0 -1
    outer loop
      vertex 57.1765 69.7226 16.725
      vertex 54.6396 70.7476 16.725
      vertex 56.7368 70.0661 16.725
    endloop
  endfacet
  facet normal 0 0 -1
    outer loop
      vertex 56.7368 70.0661 16.725
      vertex 54.6396 70.7476 16.725
      vertex 56.2535 70.3452 16.725
    endloop
  endfacet
  facet normal 0 0 -1
    outer loop
      vertex 56.2535 70.3452 16.725
      vertex 54.6396 70.7476 16.725
      vertex 55.7361 70.5542 16.725
    endloop
  endfacet
  facet normal 0 0 -1
    outer loop
      vertex 55.7361 70.5542 16.725
      vertex 54.6396 70.7476 16.725
      vertex 55.1946 70.6892 16.725
    endloop
  endfacet
  facet normal 0 0 -1
    outer loop
      vertex 57.5642 69.3212 16.725
      vertex 54.6396 70.7476 16.725
      vertex 57.1765 69.7226 16.725
    endloop
  endfacet
  facet normal 0 0 -1
    outer loop
      vertex 49.5 67.5 16.725
      vertex 52.7338 61.6906 16.725
      vertex 52.4591 61.739 16.725
    endloop
  endfacet
  facet normal 0 0 -1
    outer loop
      vertex 49.5 67.5 16.725
      vertex 52.4591 61.739 16.725
      vertex 52.1802 61.7488 16.725
    endloop
  endfacet
  facet normal 0 0 -1
    outer loop
      vertex 49.5 67.5 16.725
      vertex 52.1802 61.7488 16.725
      vertex 49.5 61.7488 16.725
    endloop
  endfacet
  facet normal 0 0 -1
    outer loop
      vertex 52.7338 61.6906 16.725
      vertex 49.5 67.5 16.725
      vertex 54.6396 70.7476 16.725
    endloop
  endfacet
  facet normal 0 0 -1
    outer loop
      vertex 49.4805 67.7783 16.725
      vertex 54.6396 70.7476 16.725
      vertex 49.5 67.5 16.725
    endloop
  endfacet
  facet normal 0 0 -1
    outer loop
      vertex 49.4225 68.0513 16.725
      vertex 54.6396 70.7476 16.725
      vertex 49.4805 67.7783 16.725
    endloop
  endfacet
  facet normal 0 0 -1
    outer loop
      vertex 49.3271 68.3135 16.725
      vertex 54.6396 70.7476 16.725
      vertex 49.4225 68.0513 16.725
    endloop
  endfacet
  facet normal 0 0 -1
    outer loop
      vertex 49.1961 68.5598 16.725
      vertex 54.6396 70.7476 16.725
      vertex 49.3271 68.3135 16.725
    endloop
  endfacet
  facet normal 0 0 -1
    outer loop
      vertex 49.0321 68.7856 16.725
      vertex 54.6396 70.7476 16.725
      vertex 49.1961 68.5598 16.725
    endloop
  endfacet
  facet normal 0 0 -1
    outer loop
      vertex 48.8383 68.9863 16.725
      vertex 54.6396 70.7476 16.725
      vertex 49.0321 68.7856 16.725
    endloop
  endfacet
  facet normal 0 0 -1
    outer loop
      vertex 48.6184 69.1581 16.725
      vertex 54.6396 70.7476 16.725
      vertex 48.8383 68.9863 16.725
    endloop
  endfacet
  facet normal 0 0 -1
    outer loop
      vertex 48.3767 69.2976 16.725
      vertex 54.6396 70.7476 16.725
      vertex 48.6184 69.1581 16.725
    endloop
  endfacet
  facet normal 0 0 -1
    outer loop
      vertex 48.118 69.4021 16.725
      vertex 54.6396 70.7476 16.725
      vertex 48.3767 69.2976 16.725
    endloop
  endfacet
  facet normal 0 0 -1
    outer loop
      vertex 47.8473 69.4696 16.725
      vertex 54.6396 70.7476 16.725
      vertex 48.118 69.4021 16.725
    endloop
  endfacet
  facet normal 0 0 -1
    outer loop
      vertex 47.5698 69.4988 16.725
      vertex 54.6396 70.7476 16.725
      vertex 47.8473 69.4696 16.725
    endloop
  endfacet
  facet normal 0 0 -1
    outer loop
      vertex 47.5698 69.4988 16.725
      vertex -11.957 70.7476 16.725
      vertex 54.6396 70.7476 16.725
    endloop
  endfacet
  facet normal 0 0 -1
    outer loop
      vertex -12.4242 69.4988 16.725
      vertex -11.957 70.7476 16.725
      vertex 47.5698 69.4988 16.725
    endloop
  endfacet
  facet normal 0 -0 -1
    outer loop
      vertex -12.2588 70.1181 16.725
      vertex -11.957 70.7476 16.725
      vertex -12.4242 69.4988 16.725
    endloop
  endfacet
  facet normal 0 0 -1
    outer loop
      vertex -11.957 70.7476 16.725
      vertex -12.2588 70.1181 16.725
      vertex -12.0318 70.6279 16.725
    endloop
  endfacet
  facet normal 0 0 -1
    outer loop
      vertex -12.2588 70.1181 16.725
      vertex -12.4242 69.4988 16.725
      vertex -12.4126 69.5816 16.725
    endloop
  endfacet
  facet normal 0 0 -1
    outer loop
      vertex 53.25 27.018 16.725
      vertex 49.7659 15.4389 16.725
      vertex 52.9992 26.8956 16.725
    endloop
  endfacet
  facet normal 0 0 -1
    outer loop
      vertex 49.618 15.6756 16.725
      vertex 52.9992 26.8956 16.725
      vertex 49.7659 15.4389 16.725
    endloop
  endfacet
  facet normal 0 0 -1
    outer loop
      vertex 52.9992 26.8956 16.725
      vertex 49.618 15.6756 16.725
      vertex 52.7338 26.8094 16.725
    endloop
  endfacet
  facet normal 0 0 -1
    outer loop
      vertex 49.4387 15.8893 16.725
      vertex 52.7338 26.8094 16.725
      vertex 49.618 15.6756 16.725
    endloop
  endfacet
  facet normal 0 0 -1
    outer loop
      vertex 52.7338 26.8094 16.725
      vertex 49.4387 15.8893 16.725
      vertex 52.4591 26.761 16.725
    endloop
  endfacet
  facet normal 0 0 -1
    outer loop
      vertex 49.2313 16.076 16.725
      vertex 52.4591 26.761 16.725
      vertex 49.4387 15.8893 16.725
    endloop
  endfacet
  facet normal 0 0 -1
    outer loop
      vertex 52.4591 26.761 16.725
      vertex 49.2313 16.076 16.725
      vertex 52.1802 26.7512 16.725
    endloop
  endfacet
  facet normal 0 0 -1
    outer loop
      vertex 49 16.232 16.725
      vertex 52.1802 26.7512 16.725
      vertex 49.2313 16.076 16.725
    endloop
  endfacet
  facet normal 0 0 -1
    outer loop
      vertex 48.7492 16.3544 16.725
      vertex 52.1802 26.7512 16.725
      vertex 49 16.232 16.725
    endloop
  endfacet
  facet normal 0 0 -1
    outer loop
      vertex 48.4838 16.4406 16.725
      vertex 52.1802 26.7512 16.725
      vertex 48.7492 16.3544 16.725
    endloop
  endfacet
  facet normal 0 0 -1
    outer loop
      vertex 48.2091 16.489 16.725
      vertex 52.1802 26.7512 16.725
      vertex 48.4838 16.4406 16.725
    endloop
  endfacet
  facet normal 0 0 -1
    outer loop
      vertex 47.9302 16.4988 16.725
      vertex 52.1802 26.7512 16.725
      vertex 48.2091 16.489 16.725
    endloop
  endfacet
  facet normal 0 0 -1
    outer loop
      vertex 47.9302 16.4988 16.725
      vertex 28.1802 26.7512 16.725
      vertex 52.1802 26.7512 16.725
    endloop
  endfacet
  facet normal 0 0 -1
    outer loop
      vertex 25.9302 16.4988 16.725
      vertex 28.1802 26.7512 16.725
      vertex 47.9302 16.4988 16.725
    endloop
  endfacet
  facet normal -0 0 -1
    outer loop
      vertex 28.1802 26.7512 16.725
      vertex 25.9302 16.4988 16.725
      vertex 27.9027 26.7804 16.725
    endloop
  endfacet
  facet normal -0 0 -1
    outer loop
      vertex 27.9027 26.7804 16.725
      vertex 25.9302 16.4988 16.725
      vertex 27.632 26.8479 16.725
    endloop
  endfacet
  facet normal -0 0 -1
    outer loop
      vertex 27.632 26.8479 16.725
      vertex 25.9302 16.4988 16.725
      vertex 27.3733 26.9524 16.725
    endloop
  endfacet
  facet normal 0 0 -1
    outer loop
      vertex 25.6527 16.4696 16.725
      vertex 27.3733 26.9524 16.725
      vertex 25.9302 16.4988 16.725
    endloop
  endfacet
  facet normal -0 0 -1
    outer loop
      vertex 27.3733 26.9524 16.725
      vertex 25.6527 16.4696 16.725
      vertex 27.1316 27.0919 16.725
    endloop
  endfacet
  facet normal 0 0 -1
    outer loop
      vertex 25.382 16.4021 16.725
      vertex 27.1316 27.0919 16.725
      vertex 25.6527 16.4696 16.725
    endloop
  endfacet
  facet normal -0 0 -1
    outer loop
      vertex 27.1316 27.0919 16.725
      vertex 25.382 16.4021 16.725
      vertex 26.9117 27.2637 16.725
    endloop
  endfacet
  facet normal 0 0 -1
    outer loop
      vertex 25.1233 16.2976 16.725
      vertex 26.9117 27.2637 16.725
      vertex 25.382 16.4021 16.725
    endloop
  endfacet
  facet normal -0 0 -1
    outer loop
      vertex 26.9117 27.2637 16.725
      vertex 25.1233 16.2976 16.725
      vertex 26.7179 27.4644 16.725
    endloop
  endfacet
  facet normal 0 0 -1
    outer loop
      vertex 14.6272 24.8245 16.725
      vertex 25.1233 16.2976 16.725
      vertex 24.8816 16.1581 16.725
    endloop
  endfacet
  facet normal 0 0 -1
    outer loop
      vertex 25.1233 16.2976 16.725
      vertex 14.6272 24.8245 16.725
      vertex 26.7179 27.4644 16.725
    endloop
  endfacet
  facet normal 0 0 -1
    outer loop
      vertex 14.6272 24.8245 16.725
      vertex 26.5539 27.6902 16.725
      vertex 26.7179 27.4644 16.725
    endloop
  endfacet
  facet normal 0 0 -1
    outer loop
      vertex 14.6272 24.8245 16.725
      vertex 26.4229 27.9365 16.725
      vertex 26.5539 27.6902 16.725
    endloop
  endfacet
  facet normal 0 0 -1
    outer loop
      vertex 26.4229 27.9365 16.725
      vertex 15.1806 28.7619 16.725
      vertex 26.3275 28.1987 16.725
    endloop
  endfacet
  facet normal 0 0 -1
    outer loop
      vertex 26.3275 28.1987 16.725
      vertex 15.1806 28.7619 16.725
      vertex 26.2695 28.4717 16.725
    endloop
  endfacet
  facet normal 0 0 -1
    outer loop
      vertex 26.2695 28.4717 16.725
      vertex 15.1806 28.7619 16.725
      vertex 26.25 28.75 16.725
    endloop
  endfacet
  facet normal 0 0 -1
    outer loop
      vertex 14.6272 24.8245 16.725
      vertex 24.8816 16.1581 16.725
      vertex 24.6617 15.9863 16.725
    endloop
  endfacet
  facet normal 0 0 -1
    outer loop
      vertex 14.6272 24.8245 16.725
      vertex 24.6617 15.9863 16.725
      vertex 24.4679 15.7856 16.725
    endloop
  endfacet
  facet normal 0 0 -1
    outer loop
      vertex 14.6272 24.8245 16.725
      vertex 24.4679 15.7856 16.725
      vertex 24.3039 15.5598 16.725
    endloop
  endfacet
  facet normal 0 0 -1
    outer loop
      vertex 14.6272 24.8245 16.725
      vertex 24.3039 15.5598 16.725
      vertex 24.1729 15.3135 16.725
    endloop
  endfacet
  facet normal 0 0 -1
    outer loop
      vertex 14.6272 24.8245 16.725
      vertex 24.1729 15.3135 16.725
      vertex 24.0775 15.0513 16.725
    endloop
  endfacet
  facet normal 0 0 -1
    outer loop
      vertex 14.6272 24.8245 16.725
      vertex 24.0775 15.0513 16.725
      vertex 24.0195 14.7783 16.725
    endloop
  endfacet
  facet normal 0 0 -1
    outer loop
      vertex 14.2446 -2.26736 16.725
      vertex 24 2.5 16.725
      vertex 18.199 -2.68298 16.725
    endloop
  endfacet
  facet normal 0 0 -1
    outer loop
      vertex 9.80698 13.9981 16.725
      vertex 24 2.5 16.725
      vertex 14.2446 -2.26736 16.725
    endloop
  endfacet
  facet normal 0 0 -1
    outer loop
      vertex 14.6272 24.8245 16.725
      vertex 24.0195 14.7783 16.725
      vertex 24 14.5 16.725
    endloop
  endfacet
  facet normal 0 0 -1
    outer loop
      vertex 15.1806 32.7381 16.725
      vertex 26.25 28.75 16.725
      vertex 15.1806 28.7619 16.725
    endloop
  endfacet
  facet normal 0 0 -1
    outer loop
      vertex 26.25 28.75 16.725
      vertex 15.1806 32.7381 16.725
      vertex 26.25 39.5012 16.725
    endloop
  endfacet
  facet normal 0 0 -1
    outer loop
      vertex 14.6272 36.6755 16.725
      vertex 26.25 39.5012 16.725
      vertex 15.1806 32.7381 16.725
    endloop
  endfacet
  facet normal -0 0 -1
    outer loop
      vertex 26.25 39.5012 16.725
      vertex 14.6272 36.6755 16.725
      vertex 13.8169 39.5012 16.725
    endloop
  endfacet
  facet normal 0 0 -1
    outer loop
      vertex 49.3794 -40.816 16.725
      vertex 49.8794 1.81596 16.725
      vertex 49.4563 -41.0842 16.725
    endloop
  endfacet
  facet normal 0 0 -1
    outer loop
      vertex 49.8794 1.81596 16.725
      vertex 49.3794 -40.816 16.725
      vertex 49.7659 1.56106 16.725
    endloop
  endfacet
  facet normal 0 0 -1
    outer loop
      vertex 49.2659 -40.5611 16.725
      vertex 49.7659 1.56106 16.725
      vertex 49.3794 -40.816 16.725
    endloop
  endfacet
  facet normal 0 0 -1
    outer loop
      vertex 49.7659 1.56106 16.725
      vertex 49.2659 -40.5611 16.725
      vertex 49.618 1.32443 16.725
    endloop
  endfacet
  facet normal 0 0 -1
    outer loop
      vertex 49.118 -40.3244 16.725
      vertex 49.618 1.32443 16.725
      vertex 49.2659 -40.5611 16.725
    endloop
  endfacet
  facet normal 0 0 -1
    outer loop
      vertex 49.618 1.32443 16.725
      vertex 49.118 -40.3244 16.725
      vertex 49.4387 1.11068 16.725
    endloop
  endfacet
  facet normal 0 0 -1
    outer loop
      vertex 48.9387 -40.1107 16.725
      vertex 49.4387 1.11068 16.725
      vertex 49.118 -40.3244 16.725
    endloop
  endfacet
  facet normal 0 0 -1
    outer loop
      vertex 41.4726 -26.7836 16.725
      vertex 49.4387 1.11068 16.725
      vertex 48.9387 -40.1107 16.725
    endloop
  endfacet
  facet normal 0 0 -1
    outer loop
      vertex 49.4387 1.11068 16.725
      vertex 41.4726 -26.7836 16.725
      vertex 49.2313 0.923979 16.725
    endloop
  endfacet
  facet normal 0 0 -1
    outer loop
      vertex 40.646 -22.8943 16.725
      vertex 49.2313 0.923979 16.725
      vertex 41.4726 -26.7836 16.725
    endloop
  endfacet
  facet normal 0 0 -1
    outer loop
      vertex 41.4726 -26.7836 16.725
      vertex 48.9387 -40.1107 16.725
      vertex 48.7313 -39.924 16.725
    endloop
  endfacet
  facet normal 0 0 -1
    outer loop
      vertex 41.4726 -26.7836 16.725
      vertex 48.7313 -39.924 16.725
      vertex 48.5 -39.768 16.725
    endloop
  endfacet
  facet normal 0 0 -1
    outer loop
      vertex 49.2313 0.923979 16.725
      vertex 40.646 -22.8943 16.725
      vertex 49 0.76795 16.725
    endloop
  endfacet
  facet normal 0 0 -1
    outer loop
      vertex 41.75 -30.75 16.725
      vertex 48.5 -39.768 16.725
      vertex 48.2492 -39.6456 16.725
    endloop
  endfacet
  facet normal 0 0 -1
    outer loop
      vertex 49 0.76795 16.725
      vertex 40.646 -22.8943 16.725
      vertex 48.7492 0.645633 16.725
    endloop
  endfacet
  facet normal 0 0 -1
    outer loop
      vertex 41.75 -30.75 16.725
      vertex 48.2492 -39.6456 16.725
      vertex 47.9838 -39.5594 16.725
    endloop
  endfacet
  facet normal 0 0 -1
    outer loop
      vertex 39.286 -19.158 16.725
      vertex 48.7492 0.645633 16.725
      vertex 40.646 -22.8943 16.725
    endloop
  endfacet
  facet normal 0 0 -1
    outer loop
      vertex 41.75 -30.75 16.725
      vertex 47.9838 -39.5594 16.725
      vertex 47.7091 -39.511 16.725
    endloop
  endfacet
  facet normal 0 0 -1
    outer loop
      vertex 41.75 -30.75 16.725
      vertex 47.7091 -39.511 16.725
      vertex 47.4302 -39.5012 16.725
    endloop
  endfacet
  facet normal 0 0 -1
    outer loop
      vertex 48.5 -39.768 16.725
      vertex 41.75 -30.75 16.725
      vertex 41.4726 -26.7836 16.725
    endloop
  endfacet
  facet normal 0 0 -1
    outer loop
      vertex 48.7492 0.645633 16.725
      vertex 39.286 -19.158 16.725
      vertex 48.4838 0.559409 16.725
    endloop
  endfacet
  facet normal 0 0 -1
    outer loop
      vertex 48.4838 0.559409 16.725
      vertex 39.286 -19.158 16.725
      vertex 48.2091 0.510957 16.725
    endloop
  endfacet
  facet normal 0 0 -1
    outer loop
      vertex 37.4194 -15.6473 16.725
      vertex 48.2091 0.510957 16.725
      vertex 39.286 -19.158 16.725
    endloop
  endfacet
  facet normal 0 0 -1
    outer loop
      vertex 48.2091 0.510957 16.725
      vertex 37.4194 -15.6473 16.725
      vertex 47.9302 0.501219 16.725
    endloop
  endfacet
  facet normal 0 0 -1
    outer loop
      vertex 35.0823 -12.4306 16.725
      vertex 47.9302 0.501219 16.725
      vertex 37.4194 -15.6473 16.725
    endloop
  endfacet
  facet normal 0 0 -1
    outer loop
      vertex 32.3202 -9.57037 16.725
      vertex 47.9302 0.501219 16.725
      vertex 35.0823 -12.4306 16.725
    endloop
  endfacet
  facet normal 0 0 -1
    outer loop
      vertex 29.187 -7.12243 16.725
      vertex 47.9302 0.501219 16.725
      vertex 32.3202 -9.57037 16.725
    endloop
  endfacet
  facet normal 0 0 -1
    outer loop
      vertex 29.187 -7.12243 16.725
      vertex 25.9302 0.501219 16.725
      vertex 47.9302 0.501219 16.725
    endloop
  endfacet
  facet normal 0 0 -1
    outer loop
      vertex 25.7436 -5.13437 16.725
      vertex 25.9302 0.501219 16.725
      vertex 29.187 -7.12243 16.725
    endloop
  endfacet
  facet normal 0 0 -1
    outer loop
      vertex 25.7436 -5.13437 16.725
      vertex 25.6527 0.530385 16.725
      vertex 25.9302 0.501219 16.725
    endloop
  endfacet
  facet normal 0 0 -1
    outer loop
      vertex 25.7436 -5.13437 16.725
      vertex 25.382 0.597887 16.725
      vertex 25.6527 0.530385 16.725
    endloop
  endfacet
  facet normal 0 0 -1
    outer loop
      vertex 22.057 -3.64489 16.725
      vertex 25.382 0.597887 16.725
      vertex 25.7436 -5.13437 16.725
    endloop
  endfacet
  facet normal -0 0 -1
    outer loop
      vertex 25.382 0.597887 16.725
      vertex 22.057 -3.64489 16.725
      vertex 25.1233 0.702413 16.725
    endloop
  endfacet
  facet normal -0 0 -1
    outer loop
      vertex 25.1233 0.702413 16.725
      vertex 22.057 -3.64489 16.725
      vertex 24.8816 0.841926 16.725
    endloop
  endfacet
  facet normal -0 0 -1
    outer loop
      vertex 24.8816 0.841926 16.725
      vertex 22.057 -3.64489 16.725
      vertex 24.6617 1.01371 16.725
    endloop
  endfacet
  facet normal -0 0 -1
    outer loop
      vertex 24.6617 1.01371 16.725
      vertex 22.057 -3.64489 16.725
      vertex 24.4679 1.21443 16.725
    endloop
  endfacet
  facet normal -0 0 -1
    outer loop
      vertex 24.4679 1.21443 16.725
      vertex 22.057 -3.64489 16.725
      vertex 24.3039 1.44016 16.725
    endloop
  endfacet
  facet normal -0 0 -1
    outer loop
      vertex 24.3039 1.44016 16.725
      vertex 22.057 -3.64489 16.725
      vertex 24.1729 1.68653 16.725
    endloop
  endfacet
  facet normal -0 0 -1
    outer loop
      vertex 24.0195 2.22165 16.725
      vertex 18.199 -2.68298 16.725
      vertex 24 2.5 16.725
    endloop
  endfacet
  facet normal -0 0 -1
    outer loop
      vertex 24.0775 1.94873 16.725
      vertex 18.199 -2.68298 16.725
      vertex 24.0195 2.22165 16.725
    endloop
  endfacet
  facet normal -0 0 -1
    outer loop
      vertex 24.1729 1.68653 16.725
      vertex 18.199 -2.68298 16.725
      vertex 24.0775 1.94873 16.725
    endloop
  endfacet
  facet normal 0 0 -1
    outer loop
      vertex 18.199 -2.68298 16.725
      vertex 24.1729 1.68653 16.725
      vertex 22.057 -3.64489 16.725
    endloop
  endfacet
  facet normal -0.37454 0.927211 0
    outer loop
      vertex 56.2535 -70.3452 -16.725
      vertex 55.7361 -70.5542 16.725
      vertex 56.2535 -70.3452 16.725
    endloop
  endfacet
  facet normal -0.37454 0.927211 0
    outer loop
      vertex 55.7361 -70.5542 16.725
      vertex 56.2535 -70.3452 -16.725
      vertex 55.7361 -70.5542 -16.725
    endloop
  endfacet
  facet normal -0.50009 0.865974 0
    outer loop
      vertex 56.7368 -70.0661 -16.725
      vertex 56.2535 -70.3452 16.725
      vertex 56.7368 -70.0661 16.725
    endloop
  endfacet
  facet normal -0.50009 0.865974 0
    outer loop
      vertex 56.2535 -70.3452 16.725
      vertex 56.7368 -70.0661 -16.725
      vertex 56.2535 -70.3452 -16.725
    endloop
  endfacet
  facet normal 0 0 1
    outer loop
      vertex 2.00739 56.0206 -16.725
      vertex 43.842 56.166 -16.725
      vertex 2.29813 56.3216 -16.725
    endloop
  endfacet
  facet normal 0 0 1
    outer loop
      vertex 44.8762 -55.4684 -16.725
      vertex 2.9708 -57.8325 -16.725
      vertex 3 -58.25 -16.725
    endloop
  endfacet
  facet normal 0 0 1
    outer loop
      vertex 43.842 56.166 -16.725
      vertex 2.00739 56.0206 -16.725
      vertex 44.153 55.886 -16.725
    endloop
  endfacet
  facet normal 0 0 1
    outer loop
      vertex 44.8762 -55.4684 -16.725
      vertex 2.88378 -57.4231 -16.725
      vertex 2.9708 -57.8325 -16.725
    endloop
  endfacet
  facet normal 0 0 1
    outer loop
      vertex 1.67758 55.7629 -16.725
      vertex 44.153 55.886 -16.725
      vertex 2.00739 56.0206 -16.725
    endloop
  endfacet
  facet normal 0 0 1
    outer loop
      vertex 44.8762 -55.4684 -16.725
      vertex 2.74064 -57.0298 -16.725
      vertex 2.88378 -57.4231 -16.725
    endloop
  endfacet
  facet normal 0 0 1
    outer loop
      vertex 44.153 55.886 -16.725
      vertex 1.67758 55.7629 -16.725
      vertex 44.5 55.6519 -16.725
    endloop
  endfacet
  facet normal 0 0 1
    outer loop
      vertex 44.8762 -55.4684 -16.725
      vertex 2.54414 -56.6602 -16.725
      vertex 2.74064 -57.0298 -16.725
    endloop
  endfacet
  facet normal 0 0 1
    outer loop
      vertex 1.31511 55.5536 -16.725
      vertex 44.5 55.6519 -16.725
      vertex 1.67758 55.7629 -16.725
    endloop
  endfacet
  facet normal 0 0 1
    outer loop
      vertex 44.8762 -55.4684 -16.725
      vertex 2.29813 -56.3216 -16.725
      vertex 2.54414 -56.6602 -16.725
    endloop
  endfacet
  facet normal 0 0 1
    outer loop
      vertex 44.5 55.6519 -16.725
      vertex 1.31511 55.5536 -16.725
      vertex 44.8762 55.4684 -16.725
    endloop
  endfacet
  facet normal 0 0 1
    outer loop
      vertex 44.8762 -55.4684 -16.725
      vertex 2.00739 -56.0206 -16.725
      vertex 2.29813 -56.3216 -16.725
    endloop
  endfacet
  facet normal 0 0 1
    outer loop
      vertex 44.8762 55.4684 -16.725
      vertex 1.31511 55.5536 -16.725
      vertex 44.8762 -55.4684 -16.725
    endloop
  endfacet
  facet normal 0 0 1
    outer loop
      vertex 44.8762 -55.4684 -16.725
      vertex 1.67758 -55.7629 -16.725
      vertex 2.00739 -56.0206 -16.725
    endloop
  endfacet
  facet normal 0 0 1
    outer loop
      vertex 1.31511 -55.5536 -16.725
      vertex 44.8762 -55.4684 -16.725
      vertex 1.31511 55.5536 -16.725
    endloop
  endfacet
  facet normal 0 0 1
    outer loop
      vertex 44.8762 -55.4684 -16.725
      vertex 1.31511 -55.5536 -16.725
      vertex 1.67758 -55.7629 -16.725
    endloop
  endfacet
  facet normal -0 0 1
    outer loop
      vertex 0.927051 55.3968 -16.725
      vertex 1.31511 -55.5536 -16.725
      vertex 1.31511 55.5536 -16.725
    endloop
  endfacet
  facet normal 0 0 1
    outer loop
      vertex 0.927051 55.3968 -16.725
      vertex 0.927051 -55.3968 -16.725
      vertex 1.31511 -55.5536 -16.725
    endloop
  endfacet
  facet normal -0 0 1
    outer loop
      vertex 0.520944 55.2956 -16.725
      vertex 0.927051 -55.3968 -16.725
      vertex 0.927051 55.3968 -16.725
    endloop
  endfacet
  facet normal 0 0 1
    outer loop
      vertex 0.520944 55.2956 -16.725
      vertex 0.520944 -55.2956 -16.725
      vertex 0.927051 -55.3968 -16.725
    endloop
  endfacet
  facet normal -0 0 1
    outer loop
      vertex 0.104698 55.2518 -16.725
      vertex 0.520944 -55.2956 -16.725
      vertex 0.520944 55.2956 -16.725
    endloop
  endfacet
  facet normal 0 0 1
    outer loop
      vertex 0.104698 55.2518 -16.725
      vertex 0.104698 -55.2518 -16.725
      vertex 0.520944 -55.2956 -16.725
    endloop
  endfacet
  facet normal 0 0 1
    outer loop
      vertex -0.313585 55.2664 -16.725
      vertex 0.104698 -55.2518 -16.725
      vertex 0.104698 55.2518 -16.725
    endloop
  endfacet
  facet normal 0 0 1
    outer loop
      vertex -0.313585 55.2664 -16.725
      vertex -0.313585 -55.2664 -16.725
      vertex 0.104698 -55.2518 -16.725
    endloop
  endfacet
  facet normal 0 0 1
    outer loop
      vertex -0.725765 55.3391 -16.725
      vertex -0.313585 -55.2664 -16.725
      vertex -0.313585 55.2664 -16.725
    endloop
  endfacet
  facet normal 0 0 1
    outer loop
      vertex -0.725765 55.3391 -16.725
      vertex -0.725765 -55.3391 -16.725
      vertex -0.313585 -55.2664 -16.725
    endloop
  endfacet
  facet normal 0 0 1
    outer loop
      vertex -1.12382 55.4684 -16.725
      vertex -0.725765 -55.3391 -16.725
      vertex -0.725765 55.3391 -16.725
    endloop
  endfacet
  facet normal 0 0 1
    outer loop
      vertex -1.12382 55.4684 -16.725
      vertex -1.12382 -55.4684 -16.725
      vertex -0.725765 -55.3391 -16.725
    endloop
  endfacet
  facet normal 0 0 1
    outer loop
      vertex -1.5 55.6519 -16.725
      vertex -1.12382 -55.4684 -16.725
      vertex -1.12382 55.4684 -16.725
    endloop
  endfacet
  facet normal 0 0 1
    outer loop
      vertex -1.5 55.6519 -16.725
      vertex -1.5 -55.6519 -16.725
      vertex -1.12382 -55.4684 -16.725
    endloop
  endfacet
  facet normal 0 0 1
    outer loop
      vertex -1.84698 55.886 -16.725
      vertex -1.5 -55.6519 -16.725
      vertex -1.5 55.6519 -16.725
    endloop
  endfacet
  facet normal 0 0 1
    outer loop
      vertex -1.84698 55.886 -16.725
      vertex -1.84698 -55.886 -16.725
      vertex -1.5 -55.6519 -16.725
    endloop
  endfacet
  facet normal 0 0 1
    outer loop
      vertex -2.15802 56.166 -16.725
      vertex -1.84698 -55.886 -16.725
      vertex -1.84698 55.886 -16.725
    endloop
  endfacet
  facet normal 0 0 1
    outer loop
      vertex -2.15802 56.166 -16.725
      vertex -2.15802 -56.166 -16.725
      vertex -1.84698 -55.886 -16.725
    endloop
  endfacet
  facet normal 0 0 1
    outer loop
      vertex -2.42705 56.4866 -16.725
      vertex -2.15802 -56.166 -16.725
      vertex -2.15802 56.166 -16.725
    endloop
  endfacet
  facet normal 0 0 1
    outer loop
      vertex -2.42705 56.4866 -16.725
      vertex -2.42705 -56.4866 -16.725
      vertex -2.15802 -56.166 -16.725
    endloop
  endfacet
  facet normal 0 0 1
    outer loop
      vertex -12.4903 69.029 -16.725
      vertex -2.42705 56.4866 -16.725
      vertex -2.64884 56.8416 -16.725
    endloop
  endfacet
  facet normal 0 0 1
    outer loop
      vertex -2.42705 56.4866 -16.725
      vertex -12.4903 69.029 -16.725
      vertex -2.42705 -56.4866 -16.725
    endloop
  endfacet
  facet normal 0 0 1
    outer loop
      vertex -12.4903 69.029 -16.725
      vertex -2.64884 56.8416 -16.725
      vertex -2.81908 57.2239 -16.725
    endloop
  endfacet
  facet normal 0 0 1
    outer loop
      vertex -12.4903 -69.029 -16.725
      vertex -2.42705 -56.4866 -16.725
      vertex -12.4903 69.029 -16.725
    endloop
  endfacet
  facet normal 0 0 1
    outer loop
      vertex -12.4903 69.029 -16.725
      vertex -2.81908 57.2239 -16.725
      vertex -2.93444 57.6263 -16.725
    endloop
  endfacet
  facet normal 0 0 1
    outer loop
      vertex -2.42705 -56.4866 -16.725
      vertex -12.4903 -69.029 -16.725
      vertex -2.64884 -56.8416 -16.725
    endloop
  endfacet
  facet normal 0 0 1
    outer loop
      vertex -12.4903 69.029 -16.725
      vertex -2.93444 57.6263 -16.725
      vertex -2.99269 58.0407 -16.725
    endloop
  endfacet
  facet normal 0 0 1
    outer loop
      vertex -2.64884 -56.8416 -16.725
      vertex -12.4903 -69.029 -16.725
      vertex -2.81908 -57.2239 -16.725
    endloop
  endfacet
  facet normal 0 0 1
    outer loop
      vertex 48.7406 57.0298 -16.725
      vertex 58.5 66.75 -16.725
      vertex 48.8838 57.4231 -16.725
    endloop
  endfacet
  facet normal 0 0 1
    outer loop
      vertex 58.5 -66.75 -16.725
      vertex 48.9708 -57.8325 -16.725
      vertex 49 -58.25 -16.725
    endloop
  endfacet
  facet normal 0 0 1
    outer loop
      vertex 48.5441 56.6602 -16.725
      vertex 58.5 66.75 -16.725
      vertex 48.7406 57.0298 -16.725
    endloop
  endfacet
  facet normal 0 0 1
    outer loop
      vertex 58.5 -66.75 -16.725
      vertex 48.8838 -57.4231 -16.725
      vertex 48.9708 -57.8325 -16.725
    endloop
  endfacet
  facet normal 0 0 1
    outer loop
      vertex 48.2981 56.3216 -16.725
      vertex 58.5 66.75 -16.725
      vertex 48.5441 56.6602 -16.725
    endloop
  endfacet
  facet normal 0 0 1
    outer loop
      vertex 58.5 -66.75 -16.725
      vertex 48.7406 -57.0298 -16.725
      vertex 48.8838 -57.4231 -16.725
    endloop
  endfacet
  facet normal 0 0 1
    outer loop
      vertex 58.5 66.75 -16.725
      vertex 48.2981 56.3216 -16.725
      vertex 58.5 -66.75 -16.725
    endloop
  endfacet
  facet normal 0 0 1
    outer loop
      vertex 58.5 -66.75 -16.725
      vertex 48.5441 -56.6602 -16.725
      vertex 48.7406 -57.0298 -16.725
    endloop
  endfacet
  facet normal -0 0 1
    outer loop
      vertex 48.2981 -56.3216 -16.725
      vertex 58.5 -66.75 -16.725
      vertex 48.2981 56.3216 -16.725
    endloop
  endfacet
  facet normal 0 0 1
    outer loop
      vertex 58.5 -66.75 -16.725
      vertex 48.2981 -56.3216 -16.725
      vertex 48.5441 -56.6602 -16.725
    endloop
  endfacet
  facet normal -0 0 1
    outer loop
      vertex 48.0074 56.0206 -16.725
      vertex 48.2981 -56.3216 -16.725
      vertex 48.2981 56.3216 -16.725
    endloop
  endfacet
  facet normal 0 0 1
    outer loop
      vertex 48.0074 56.0206 -16.725
      vertex 48.0074 -56.0206 -16.725
      vertex 48.2981 -56.3216 -16.725
    endloop
  endfacet
  facet normal -0 0 1
    outer loop
      vertex 47.6776 55.7629 -16.725
      vertex 48.0074 -56.0206 -16.725
      vertex 48.0074 56.0206 -16.725
    endloop
  endfacet
  facet normal 0 0 1
    outer loop
      vertex 47.6776 55.7629 -16.725
      vertex 47.6776 -55.7629 -16.725
      vertex 48.0074 -56.0206 -16.725
    endloop
  endfacet
  facet normal -0 0 1
    outer loop
      vertex 47.3151 55.5536 -16.725
      vertex 47.6776 -55.7629 -16.725
      vertex 47.6776 55.7629 -16.725
    endloop
  endfacet
  facet normal 0 0 1
    outer loop
      vertex 47.3151 55.5536 -16.725
      vertex 47.3151 -55.5536 -16.725
      vertex 47.6776 -55.7629 -16.725
    endloop
  endfacet
  facet normal -0 0 1
    outer loop
      vertex 46.9271 55.3968 -16.725
      vertex 47.3151 -55.5536 -16.725
      vertex 47.3151 55.5536 -16.725
    endloop
  endfacet
  facet normal 0 0 1
    outer loop
      vertex 46.9271 55.3968 -16.725
      vertex 46.9271 -55.3968 -16.725
      vertex 47.3151 -55.5536 -16.725
    endloop
  endfacet
  facet normal -0 0 1
    outer loop
      vertex 46.5209 55.2956 -16.725
      vertex 46.9271 -55.3968 -16.725
      vertex 46.9271 55.3968 -16.725
    endloop
  endfacet
  facet normal 0 0 1
    outer loop
      vertex 46.5209 55.2956 -16.725
      vertex 46.5209 -55.2956 -16.725
      vertex 46.9271 -55.3968 -16.725
    endloop
  endfacet
  facet normal -0 0 1
    outer loop
      vertex 46.1047 55.2518 -16.725
      vertex 46.5209 -55.2956 -16.725
      vertex 46.5209 55.2956 -16.725
    endloop
  endfacet
  facet normal 0 0 1
    outer loop
      vertex 46.1047 55.2518 -16.725
      vertex 46.1047 -55.2518 -16.725
      vertex 46.5209 -55.2956 -16.725
    endloop
  endfacet
  facet normal 0 0 1
    outer loop
      vertex 45.6864 55.2664 -16.725
      vertex 46.1047 -55.2518 -16.725
      vertex 46.1047 55.2518 -16.725
    endloop
  endfacet
  facet normal 0 0 1
    outer loop
      vertex 45.6864 55.2664 -16.725
      vertex 45.6864 -55.2664 -16.725
      vertex 46.1047 -55.2518 -16.725
    endloop
  endfacet
  facet normal 0 0 1
    outer loop
      vertex 45.2742 55.3391 -16.725
      vertex 45.6864 -55.2664 -16.725
      vertex 45.6864 55.2664 -16.725
    endloop
  endfacet
  facet normal 0 0 1
    outer loop
      vertex 45.2742 55.3391 -16.725
      vertex 45.2742 -55.3391 -16.725
      vertex 45.6864 -55.2664 -16.725
    endloop
  endfacet
  facet normal 0 0 1
    outer loop
      vertex 44.8762 55.4684 -16.725
      vertex 45.2742 -55.3391 -16.725
      vertex 45.2742 55.3391 -16.725
    endloop
  endfacet
  facet normal 0 0 1
    outer loop
      vertex 44.8762 55.4684 -16.725
      vertex 44.8762 -55.4684 -16.725
      vertex 45.2742 -55.3391 -16.725
    endloop
  endfacet
  facet normal 0 0 1
    outer loop
      vertex 43.3512 56.8416 -16.725
      vertex 2.54414 56.6602 -16.725
      vertex 43.5729 56.4866 -16.725
    endloop
  endfacet
  facet normal 0 0 1
    outer loop
      vertex 2.29813 56.3216 -16.725
      vertex 43.5729 56.4866 -16.725
      vertex 2.54414 56.6602 -16.725
    endloop
  endfacet
  facet normal 0 0 1
    outer loop
      vertex 2.54414 56.6602 -16.725
      vertex 43.3512 56.8416 -16.725
      vertex 2.74064 57.0298 -16.725
    endloop
  endfacet
  facet normal 0 0 1
    outer loop
      vertex 43.5729 56.4866 -16.725
      vertex 2.29813 56.3216 -16.725
      vertex 43.842 56.166 -16.725
    endloop
  endfacet
  facet normal 0 0 1
    outer loop
      vertex 43.1809 57.2239 -16.725
      vertex 2.74064 57.0298 -16.725
      vertex 43.3512 56.8416 -16.725
    endloop
  endfacet
  facet normal 0 0 1
    outer loop
      vertex 44.8762 -55.4684 -16.725
      vertex 3 -58.25 -16.725
      vertex 44.5 -55.6519 -16.725
    endloop
  endfacet
  facet normal 0 0 1
    outer loop
      vertex 2.74064 57.0298 -16.725
      vertex 43.1809 57.2239 -16.725
      vertex 2.88378 57.4231 -16.725
    endloop
  endfacet
  facet normal 0 0 1
    outer loop
      vertex 44.5 -55.6519 -16.725
      vertex 3 -58.25 -16.725
      vertex 44.153 -55.886 -16.725
    endloop
  endfacet
  facet normal 0 0 1
    outer loop
      vertex 43.0656 57.6263 -16.725
      vertex 2.88378 57.4231 -16.725
      vertex 43.1809 57.2239 -16.725
    endloop
  endfacet
  facet normal 0 0 1
    outer loop
      vertex 44.153 -55.886 -16.725
      vertex 3 -58.25 -16.725
      vertex 43.842 -56.166 -16.725
    endloop
  endfacet
  facet normal 0 0 1
    outer loop
      vertex 2.88378 57.4231 -16.725
      vertex 43.0656 57.6263 -16.725
      vertex 2.9708 57.8325 -16.725
    endloop
  endfacet
  facet normal 0 0 1
    outer loop
      vertex 43.842 -56.166 -16.725
      vertex 3 -58.25 -16.725
      vertex 43.5729 -56.4866 -16.725
    endloop
  endfacet
  facet normal 0 0 1
    outer loop
      vertex 43.0073 58.0407 -16.725
      vertex 2.9708 57.8325 -16.725
      vertex 43.0656 57.6263 -16.725
    endloop
  endfacet
  facet normal 0 0 1
    outer loop
      vertex 43.5729 -56.4866 -16.725
      vertex 3 -58.25 -16.725
      vertex 43.3512 -56.8416 -16.725
    endloop
  endfacet
  facet normal 0 0 1
    outer loop
      vertex 2.9708 57.8325 -16.725
      vertex 43.0073 58.0407 -16.725
      vertex 3 58.25 -16.725
    endloop
  endfacet
  facet normal 0 0 1
    outer loop
      vertex 43.3512 -56.8416 -16.725
      vertex 3 -58.25 -16.725
      vertex 43.1809 -57.2239 -16.725
    endloop
  endfacet
  facet normal 0 0 1
    outer loop
      vertex 54.6396 70.7476 -16.725
      vertex 58.5 66.75 -16.725
      vertex 58.4611 67.3067 -16.725
    endloop
  endfacet
  facet normal 0 0 1
    outer loop
      vertex 48.9708 57.8325 -16.725
      vertex 58.5 66.75 -16.725
      vertex 49 58.25 -16.725
    endloop
  endfacet
  facet normal 0 0 1
    outer loop
      vertex 54.6396 70.7476 -16.725
      vertex 58.4611 67.3067 -16.725
      vertex 58.345 67.8525 -16.725
    endloop
  endfacet
  facet normal 0 0 1
    outer loop
      vertex 48.8838 57.4231 -16.725
      vertex 58.5 66.75 -16.725
      vertex 48.9708 57.8325 -16.725
    endloop
  endfacet
  facet normal 0 0 1
    outer loop
      vertex 54.6396 70.7476 -16.725
      vertex 58.345 67.8525 -16.725
      vertex 58.1542 68.3769 -16.725
    endloop
  endfacet
  facet normal -0 0 1
    outer loop
      vertex 48.9708 -58.6675 -16.725
      vertex 58.5 -66.75 -16.725
      vertex 49 -58.25 -16.725
    endloop
  endfacet
  facet normal 0 0 1
    outer loop
      vertex 54.6396 70.7476 -16.725
      vertex 58.1542 68.3769 -16.725
      vertex 57.8922 68.8697 -16.725
    endloop
  endfacet
  facet normal -0 0 1
    outer loop
      vertex 48.8838 -59.0769 -16.725
      vertex 58.5 -66.75 -16.725
      vertex 48.9708 -58.6675 -16.725
    endloop
  endfacet
  facet normal 0 0 1
    outer loop
      vertex 54.6396 70.7476 -16.725
      vertex 57.8922 68.8697 -16.725
      vertex 57.5642 69.3212 -16.725
    endloop
  endfacet
  facet normal -0 0 1
    outer loop
      vertex 48.7406 -59.4702 -16.725
      vertex 58.5 -66.75 -16.725
      vertex 48.8838 -59.0769 -16.725
    endloop
  endfacet
  facet normal 0 0 1
    outer loop
      vertex 54.6396 70.7476 -16.725
      vertex 57.5642 69.3212 -16.725
      vertex 57.1765 69.7226 -16.725
    endloop
  endfacet
  facet normal -0 0 1
    outer loop
      vertex 48.5441 -59.8398 -16.725
      vertex 58.5 -66.75 -16.725
      vertex 48.7406 -59.4702 -16.725
    endloop
  endfacet
  facet normal 0 0 1
    outer loop
      vertex 54.6396 70.7476 -16.725
      vertex 57.1765 69.7226 -16.725
      vertex 56.7368 70.0661 -16.725
    endloop
  endfacet
  facet normal -0 0 1
    outer loop
      vertex 48.2981 -60.1784 -16.725
      vertex 58.5 -66.75 -16.725
      vertex 48.5441 -59.8398 -16.725
    endloop
  endfacet
  facet normal 0 0 1
    outer loop
      vertex 54.6396 70.7476 -16.725
      vertex 56.7368 70.0661 -16.725
      vertex 56.2535 70.3452 -16.725
    endloop
  endfacet
  facet normal -0 0 1
    outer loop
      vertex 48.0074 -60.4794 -16.725
      vertex 58.5 -66.75 -16.725
      vertex 48.2981 -60.1784 -16.725
    endloop
  endfacet
  facet normal 0 0 1
    outer loop
      vertex 54.6396 70.7476 -16.725
      vertex 56.2535 70.3452 -16.725
      vertex 55.7361 70.5542 -16.725
    endloop
  endfacet
  facet normal 0 0 1
    outer loop
      vertex 58.5 -66.75 -16.725
      vertex 54.6396 -70.7476 -16.725
      vertex 58.4611 -67.3067 -16.725
    endloop
  endfacet
  facet normal 0 0 1
    outer loop
      vertex 54.6396 70.7476 -16.725
      vertex 55.7361 70.5542 -16.725
      vertex 55.1946 70.6892 -16.725
    endloop
  endfacet
  facet normal 0 0 1
    outer loop
      vertex 58.4611 -67.3067 -16.725
      vertex 54.6396 -70.7476 -16.725
      vertex 58.345 -67.8525 -16.725
    endloop
  endfacet
  facet normal 0 0 1
    outer loop
      vertex 48.0074 60.4794 -16.725
      vertex 58.5 66.75 -16.725
      vertex 54.6396 70.7476 -16.725
    endloop
  endfacet
  facet normal 0 0 1
    outer loop
      vertex 58.345 -67.8525 -16.725
      vertex 54.6396 -70.7476 -16.725
      vertex 58.1542 -68.3769 -16.725
    endloop
  endfacet
  facet normal 0 0 1
    outer loop
      vertex 58.1542 -68.3769 -16.725
      vertex 54.6396 -70.7476 -16.725
      vertex 57.8922 -68.8697 -16.725
    endloop
  endfacet
  facet normal 0 0 1
    outer loop
      vertex 58.5 66.75 -16.725
      vertex 48.9708 58.6675 -16.725
      vertex 49 58.25 -16.725
    endloop
  endfacet
  facet normal 0 0 1
    outer loop
      vertex 58.5 66.75 -16.725
      vertex 48.8838 59.0769 -16.725
      vertex 48.9708 58.6675 -16.725
    endloop
  endfacet
  facet normal 0 0 1
    outer loop
      vertex 58.5 66.75 -16.725
      vertex 48.7406 59.4702 -16.725
      vertex 48.8838 59.0769 -16.725
    endloop
  endfacet
  facet normal 0 0 1
    outer loop
      vertex 58.5 66.75 -16.725
      vertex 48.5441 59.8398 -16.725
      vertex 48.7406 59.4702 -16.725
    endloop
  endfacet
  facet normal 0 0 1
    outer loop
      vertex 58.5 66.75 -16.725
      vertex 48.2981 60.1784 -16.725
      vertex 48.5441 59.8398 -16.725
    endloop
  endfacet
  facet normal 0 0 1
    outer loop
      vertex 58.5 66.75 -16.725
      vertex 48.0074 60.4794 -16.725
      vertex 48.2981 60.1784 -16.725
    endloop
  endfacet
  facet normal 0 0 1
    outer loop
      vertex 54.6396 70.7476 -16.725
      vertex 47.6776 60.7371 -16.725
      vertex 48.0074 60.4794 -16.725
    endloop
  endfacet
  facet normal 0 0 1
    outer loop
      vertex 54.6396 70.7476 -16.725
      vertex 47.3151 60.9464 -16.725
      vertex 47.6776 60.7371 -16.725
    endloop
  endfacet
  facet normal 0 0 1
    outer loop
      vertex 54.6396 70.7476 -16.725
      vertex 46.9271 61.1032 -16.725
      vertex 47.3151 60.9464 -16.725
    endloop
  endfacet
  facet normal 0 0 1
    outer loop
      vertex 54.6396 70.7476 -16.725
      vertex 46.5209 61.2044 -16.725
      vertex 46.9271 61.1032 -16.725
    endloop
  endfacet
  facet normal 0 0 1
    outer loop
      vertex 54.6396 70.7476 -16.725
      vertex 46.1047 61.2482 -16.725
      vertex 46.5209 61.2044 -16.725
    endloop
  endfacet
  facet normal 0 0 1
    outer loop
      vertex 54.6396 70.7476 -16.725
      vertex 45.6864 61.2336 -16.725
      vertex 46.1047 61.2482 -16.725
    endloop
  endfacet
  facet normal 0 0 1
    outer loop
      vertex 54.6396 70.7476 -16.725
      vertex 45.2742 61.1609 -16.725
      vertex 45.6864 61.2336 -16.725
    endloop
  endfacet
  facet normal 0 0 1
    outer loop
      vertex 54.6396 70.7476 -16.725
      vertex 44.8762 61.0316 -16.725
      vertex 45.2742 61.1609 -16.725
    endloop
  endfacet
  facet normal 0 0 1
    outer loop
      vertex 54.6396 70.7476 -16.725
      vertex 44.5 60.8481 -16.725
      vertex 44.8762 61.0316 -16.725
    endloop
  endfacet
  facet normal 0 0 1
    outer loop
      vertex 54.6396 70.7476 -16.725
      vertex 44.153 60.614 -16.725
      vertex 44.5 60.8481 -16.725
    endloop
  endfacet
  facet normal -0 0 1
    outer loop
      vertex 1.67758 60.7371 -16.725
      vertex 44.153 60.614 -16.725
      vertex 54.6396 70.7476 -16.725
    endloop
  endfacet
  facet normal -0 0 1
    outer loop
      vertex 3 58.25 -16.725
      vertex 43.0073 58.0407 -16.725
      vertex 43.0073 58.4593 -16.725
    endloop
  endfacet
  facet normal 0 0 1
    outer loop
      vertex 43.1809 -57.2239 -16.725
      vertex 3 -58.25 -16.725
      vertex 43.0656 -57.6263 -16.725
    endloop
  endfacet
  facet normal 0 0 1
    outer loop
      vertex 43.0656 -57.6263 -16.725
      vertex 3 -58.25 -16.725
      vertex 43.0073 -58.0407 -16.725
    endloop
  endfacet
  facet normal -0 0 1
    outer loop
      vertex 2.9708 58.6675 -16.725
      vertex 43.0073 58.4593 -16.725
      vertex 43.0656 58.8737 -16.725
    endloop
  endfacet
  facet normal -0 0 1
    outer loop
      vertex 2.88378 59.0769 -16.725
      vertex 43.0656 58.8737 -16.725
      vertex 43.1809 59.2761 -16.725
    endloop
  endfacet
  facet normal -0 0 1
    outer loop
      vertex 2.74064 59.4702 -16.725
      vertex 43.1809 59.2761 -16.725
      vertex 43.3512 59.6584 -16.725
    endloop
  endfacet
  facet normal -0 0 1
    outer loop
      vertex 2.54414 59.8398 -16.725
      vertex 43.3512 59.6584 -16.725
      vertex 43.5729 60.0134 -16.725
    endloop
  endfacet
  facet normal -0 0 1
    outer loop
      vertex 2.29813 60.1784 -16.725
      vertex 43.5729 60.0134 -16.725
      vertex 43.842 60.334 -16.725
    endloop
  endfacet
  facet normal 0 -0 1
    outer loop
      vertex 2.00739 60.4794 -16.725
      vertex 44.153 60.614 -16.725
      vertex 1.67758 60.7371 -16.725
    endloop
  endfacet
  facet normal 0 0 1
    outer loop
      vertex 43.0073 58.4593 -16.725
      vertex 2.9708 58.6675 -16.725
      vertex 3 58.25 -16.725
    endloop
  endfacet
  facet normal 0 0 1
    outer loop
      vertex 43.0656 58.8737 -16.725
      vertex 2.88378 59.0769 -16.725
      vertex 2.9708 58.6675 -16.725
    endloop
  endfacet
  facet normal 0 0 1
    outer loop
      vertex 43.1809 59.2761 -16.725
      vertex 2.74064 59.4702 -16.725
      vertex 2.88378 59.0769 -16.725
    endloop
  endfacet
  facet normal 0 0 1
    outer loop
      vertex 43.3512 59.6584 -16.725
      vertex 2.54414 59.8398 -16.725
      vertex 2.74064 59.4702 -16.725
    endloop
  endfacet
  facet normal 0 0 1
    outer loop
      vertex 43.5729 60.0134 -16.725
      vertex 2.29813 60.1784 -16.725
      vertex 2.54414 59.8398 -16.725
    endloop
  endfacet
  facet normal 0 0 1
    outer loop
      vertex 43.842 60.334 -16.725
      vertex 2.00739 60.4794 -16.725
      vertex 2.29813 60.1784 -16.725
    endloop
  endfacet
  facet normal 0 0 1
    outer loop
      vertex 44.153 60.614 -16.725
      vertex 2.00739 60.4794 -16.725
      vertex 43.842 60.334 -16.725
    endloop
  endfacet
  facet normal 0 0 1
    outer loop
      vertex 54.6396 70.7476 -16.725
      vertex 1.31511 60.9464 -16.725
      vertex 1.67758 60.7371 -16.725
    endloop
  endfacet
  facet normal -0 0 1
    outer loop
      vertex -11.957 70.7476 -16.725
      vertex 1.31511 60.9464 -16.725
      vertex 54.6396 70.7476 -16.725
    endloop
  endfacet
  facet normal 0 0 1
    outer loop
      vertex 1.31511 60.9464 -16.725
      vertex -11.957 70.7476 -16.725
      vertex 0.927051 61.1032 -16.725
    endloop
  endfacet
  facet normal 0 0 1
    outer loop
      vertex 0.927051 61.1032 -16.725
      vertex -11.957 70.7476 -16.725
      vertex 0.520944 61.2044 -16.725
    endloop
  endfacet
  facet normal 0 0 1
    outer loop
      vertex 0.520944 61.2044 -16.725
      vertex -11.957 70.7476 -16.725
      vertex 0.104698 61.2482 -16.725
    endloop
  endfacet
  facet normal 0 0 1
    outer loop
      vertex -12.4903 69.029 -16.725
      vertex -2.99269 58.0407 -16.725
      vertex -2.99269 58.4593 -16.725
    endloop
  endfacet
  facet normal 0 0 1
    outer loop
      vertex -2.81908 -57.2239 -16.725
      vertex -12.4903 -69.029 -16.725
      vertex -2.93444 -57.6263 -16.725
    endloop
  endfacet
  facet normal 0 0 1
    outer loop
      vertex -2.93444 58.8737 -16.725
      vertex -12.4903 69.029 -16.725
      vertex -2.99269 58.4593 -16.725
    endloop
  endfacet
  facet normal 0 0 1
    outer loop
      vertex -2.81908 59.2761 -16.725
      vertex -12.4903 69.029 -16.725
      vertex -2.93444 58.8737 -16.725
    endloop
  endfacet
  facet normal 0 0 1
    outer loop
      vertex -2.64884 59.6584 -16.725
      vertex -12.4903 69.029 -16.725
      vertex -2.81908 59.2761 -16.725
    endloop
  endfacet
  facet normal 0 0 1
    outer loop
      vertex -2.42705 60.0134 -16.725
      vertex -12.4903 69.029 -16.725
      vertex -2.64884 59.6584 -16.725
    endloop
  endfacet
  facet normal 0 0 1
    outer loop
      vertex -2.15802 60.334 -16.725
      vertex -12.4903 69.029 -16.725
      vertex -2.42705 60.0134 -16.725
    endloop
  endfacet
  facet normal 0 0 1
    outer loop
      vertex -1.84698 60.614 -16.725
      vertex -12.4903 69.029 -16.725
      vertex -2.15802 60.334 -16.725
    endloop
  endfacet
  facet normal 0 0 1
    outer loop
      vertex -1.5 60.8481 -16.725
      vertex -12.4903 69.029 -16.725
      vertex -1.84698 60.614 -16.725
    endloop
  endfacet
  facet normal -0 0 1
    outer loop
      vertex -12.4903 69.029 -16.725
      vertex -1.5 60.8481 -16.725
      vertex -11.957 70.7476 -16.725
    endloop
  endfacet
  facet normal 0 0 1
    outer loop
      vertex -1.12382 61.0316 -16.725
      vertex -11.957 70.7476 -16.725
      vertex -1.5 60.8481 -16.725
    endloop
  endfacet
  facet normal 0 0 1
    outer loop
      vertex -0.725765 61.1609 -16.725
      vertex -11.957 70.7476 -16.725
      vertex -1.12382 61.0316 -16.725
    endloop
  endfacet
  facet normal 0 0 1
    outer loop
      vertex -0.313585 61.2336 -16.725
      vertex -11.957 70.7476 -16.725
      vertex -0.725765 61.1609 -16.725
    endloop
  endfacet
  facet normal 0 0 1
    outer loop
      vertex 0.104698 61.2482 -16.725
      vertex -11.957 70.7476 -16.725
      vertex -0.313585 61.2336 -16.725
    endloop
  endfacet
  facet normal 0 0 1
    outer loop
      vertex 57.8922 -68.8697 -16.725
      vertex 54.6396 -70.7476 -16.725
      vertex 57.5642 -69.3212 -16.725
    endloop
  endfacet
  facet normal 0 0 1
    outer loop
      vertex 57.5642 -69.3212 -16.725
      vertex 54.6396 -70.7476 -16.725
      vertex 57.1765 -69.7226 -16.725
    endloop
  endfacet
  facet normal 0 0 1
    outer loop
      vertex 57.1765 -69.7226 -16.725
      vertex 54.6396 -70.7476 -16.725
      vertex 56.7368 -70.0661 -16.725
    endloop
  endfacet
  facet normal 0 0 1
    outer loop
      vertex 56.2535 -70.3452 -16.725
      vertex 54.6396 -70.7476 -16.725
      vertex 55.7361 -70.5542 -16.725
    endloop
  endfacet
  facet normal 0 0 1
    outer loop
      vertex 55.7361 -70.5542 -16.725
      vertex 54.6396 -70.7476 -16.725
      vertex 55.1946 -70.6892 -16.725
    endloop
  endfacet
  facet normal 0 0 1
    outer loop
      vertex 56.7368 -70.0661 -16.725
      vertex 54.6396 -70.7476 -16.725
      vertex 56.2535 -70.3452 -16.725
    endloop
  endfacet
  facet normal 0 0 1
    outer loop
      vertex 58.5 -66.75 -16.725
      vertex 48.0074 -60.4794 -16.725
      vertex 54.6396 -70.7476 -16.725
    endloop
  endfacet
  facet normal -0 0 1
    outer loop
      vertex 47.6776 -60.7371 -16.725
      vertex 54.6396 -70.7476 -16.725
      vertex 48.0074 -60.4794 -16.725
    endloop
  endfacet
  facet normal -0 0 1
    outer loop
      vertex 47.3151 -60.9464 -16.725
      vertex 54.6396 -70.7476 -16.725
      vertex 47.6776 -60.7371 -16.725
    endloop
  endfacet
  facet normal -0 0 1
    outer loop
      vertex 46.9271 -61.1032 -16.725
      vertex 54.6396 -70.7476 -16.725
      vertex 47.3151 -60.9464 -16.725
    endloop
  endfacet
  facet normal -0 0 1
    outer loop
      vertex 46.5209 -61.2044 -16.725
      vertex 54.6396 -70.7476 -16.725
      vertex 46.9271 -61.1032 -16.725
    endloop
  endfacet
  facet normal -0 0 1
    outer loop
      vertex 46.1047 -61.2482 -16.725
      vertex 54.6396 -70.7476 -16.725
      vertex 46.5209 -61.2044 -16.725
    endloop
  endfacet
  facet normal 0 0 1
    outer loop
      vertex 45.6864 -61.2336 -16.725
      vertex 54.6396 -70.7476 -16.725
      vertex 46.1047 -61.2482 -16.725
    endloop
  endfacet
  facet normal 0 0 1
    outer loop
      vertex 45.2742 -61.1609 -16.725
      vertex 54.6396 -70.7476 -16.725
      vertex 45.6864 -61.2336 -16.725
    endloop
  endfacet
  facet normal 0 0 1
    outer loop
      vertex 44.8762 -61.0316 -16.725
      vertex 54.6396 -70.7476 -16.725
      vertex 45.2742 -61.1609 -16.725
    endloop
  endfacet
  facet normal 0 0 1
    outer loop
      vertex 44.5 -60.8481 -16.725
      vertex 54.6396 -70.7476 -16.725
      vertex 44.8762 -61.0316 -16.725
    endloop
  endfacet
  facet normal 0 0 1
    outer loop
      vertex 44.153 -60.614 -16.725
      vertex 54.6396 -70.7476 -16.725
      vertex 44.5 -60.8481 -16.725
    endloop
  endfacet
  facet normal -0 0 1
    outer loop
      vertex 2.00739 -60.4794 -16.725
      vertex 44.153 -60.614 -16.725
      vertex 43.842 -60.334 -16.725
    endloop
  endfacet
  facet normal 0 0 1
    outer loop
      vertex 43.0073 -58.0407 -16.725
      vertex 3 -58.25 -16.725
      vertex 43.0073 -58.4593 -16.725
    endloop
  endfacet
  facet normal 0 0 1
    outer loop
      vertex 2.9708 -58.6675 -16.725
      vertex 43.0073 -58.4593 -16.725
      vertex 3 -58.25 -16.725
    endloop
  endfacet
  facet normal 0 0 1
    outer loop
      vertex 43.0073 -58.4593 -16.725
      vertex 2.9708 -58.6675 -16.725
      vertex 43.0656 -58.8737 -16.725
    endloop
  endfacet
  facet normal 0 0 1
    outer loop
      vertex 2.88378 -59.0769 -16.725
      vertex 43.0656 -58.8737 -16.725
      vertex 2.9708 -58.6675 -16.725
    endloop
  endfacet
  facet normal 0 0 1
    outer loop
      vertex 43.0656 -58.8737 -16.725
      vertex 2.88378 -59.0769 -16.725
      vertex 43.1809 -59.2761 -16.725
    endloop
  endfacet
  facet normal 0 0 1
    outer loop
      vertex 2.74064 -59.4702 -16.725
      vertex 43.1809 -59.2761 -16.725
      vertex 2.88378 -59.0769 -16.725
    endloop
  endfacet
  facet normal 0 0 1
    outer loop
      vertex 43.1809 -59.2761 -16.725
      vertex 2.74064 -59.4702 -16.725
      vertex 43.3512 -59.6584 -16.725
    endloop
  endfacet
  facet normal 0 0 1
    outer loop
      vertex 2.54414 -59.8398 -16.725
      vertex 43.3512 -59.6584 -16.725
      vertex 2.74064 -59.4702 -16.725
    endloop
  endfacet
  facet normal 0 0 1
    outer loop
      vertex 43.3512 -59.6584 -16.725
      vertex 2.54414 -59.8398 -16.725
      vertex 43.5729 -60.0134 -16.725
    endloop
  endfacet
  facet normal 0 0 1
    outer loop
      vertex 2.29813 -60.1784 -16.725
      vertex 43.5729 -60.0134 -16.725
      vertex 2.54414 -59.8398 -16.725
    endloop
  endfacet
  facet normal 0 0 1
    outer loop
      vertex 43.5729 -60.0134 -16.725
      vertex 2.29813 -60.1784 -16.725
      vertex 43.842 -60.334 -16.725
    endloop
  endfacet
  facet normal 0 0 1
    outer loop
      vertex 2.00739 -60.4794 -16.725
      vertex 43.842 -60.334 -16.725
      vertex 2.29813 -60.1784 -16.725
    endloop
  endfacet
  facet normal 0 0 1
    outer loop
      vertex 44.153 -60.614 -16.725
      vertex 2.00739 -60.4794 -16.725
      vertex 1.67758 -60.7371 -16.725
    endloop
  endfacet
  facet normal 0 0 1
    outer loop
      vertex 44.153 -60.614 -16.725
      vertex 1.67758 -60.7371 -16.725
      vertex 54.6396 -70.7476 -16.725
    endloop
  endfacet
  facet normal -0 0 1
    outer loop
      vertex 1.31511 -60.9464 -16.725
      vertex 54.6396 -70.7476 -16.725
      vertex 1.67758 -60.7371 -16.725
    endloop
  endfacet
  facet normal 0 0 1
    outer loop
      vertex -11.957 -70.7476 -16.725
      vertex 1.31511 -60.9464 -16.725
      vertex 0.927051 -61.1032 -16.725
    endloop
  endfacet
  facet normal 0 0 1
    outer loop
      vertex -11.957 -70.7476 -16.725
      vertex 0.927051 -61.1032 -16.725
      vertex 0.520944 -61.2044 -16.725
    endloop
  endfacet
  facet normal 0 0 1
    outer loop
      vertex -11.957 -70.7476 -16.725
      vertex 0.520944 -61.2044 -16.725
      vertex 0.104698 -61.2482 -16.725
    endloop
  endfacet
  facet normal 0 0 1
    outer loop
      vertex -11.957 -70.7476 -16.725
      vertex 0.104698 -61.2482 -16.725
      vertex -0.313585 -61.2336 -16.725
    endloop
  endfacet
  facet normal 0 0 1
    outer loop
      vertex 1.31511 -60.9464 -16.725
      vertex -11.957 -70.7476 -16.725
      vertex 54.6396 -70.7476 -16.725
    endloop
  endfacet
  facet normal 0 0 1
    outer loop
      vertex -0.725765 -61.1609 -16.725
      vertex -11.957 -70.7476 -16.725
      vertex -0.313585 -61.2336 -16.725
    endloop
  endfacet
  facet normal 0 0 1
    outer loop
      vertex -1.12382 -61.0316 -16.725
      vertex -11.957 -70.7476 -16.725
      vertex -0.725765 -61.1609 -16.725
    endloop
  endfacet
  facet normal 0 0 1
    outer loop
      vertex -1.5 -60.8481 -16.725
      vertex -11.957 -70.7476 -16.725
      vertex -1.12382 -61.0316 -16.725
    endloop
  endfacet
  facet normal 0 0 1
    outer loop
      vertex -12.4903 -69.029 -16.725
      vertex -1.5 -60.8481 -16.725
      vertex -1.84698 -60.614 -16.725
    endloop
  endfacet
  facet normal 0 0 1
    outer loop
      vertex -12.4903 -69.029 -16.725
      vertex -1.84698 -60.614 -16.725
      vertex -2.15802 -60.334 -16.725
    endloop
  endfacet
  facet normal 0 0 1
    outer loop
      vertex -12.4903 -69.029 -16.725
      vertex -2.15802 -60.334 -16.725
      vertex -2.42705 -60.0134 -16.725
    endloop
  endfacet
  facet normal 0 0 1
    outer loop
      vertex -12.4903 -69.029 -16.725
      vertex -2.42705 -60.0134 -16.725
      vertex -2.64884 -59.6584 -16.725
    endloop
  endfacet
  facet normal 0 0 1
    outer loop
      vertex -12.4903 -69.029 -16.725
      vertex -2.64884 -59.6584 -16.725
      vertex -2.81908 -59.2761 -16.725
    endloop
  endfacet
  facet normal 0 0 1
    outer loop
      vertex -12.4903 -69.029 -16.725
      vertex -2.81908 -59.2761 -16.725
      vertex -2.93444 -58.8737 -16.725
    endloop
  endfacet
  facet normal 0 0 1
    outer loop
      vertex -12.4903 -69.029 -16.725
      vertex -2.93444 -58.8737 -16.725
      vertex -2.99269 -58.4593 -16.725
    endloop
  endfacet
  facet normal 0 0 1
    outer loop
      vertex -2.93444 -57.6263 -16.725
      vertex -12.4903 -69.029 -16.725
      vertex -2.99269 -58.0407 -16.725
    endloop
  endfacet
  facet normal 0 0 1
    outer loop
      vertex -12.2588 70.1181 -16.725
      vertex -11.957 70.7476 -16.725
      vertex -12.0318 70.6279 -16.725
    endloop
  endfacet
  facet normal 0 0 1
    outer loop
      vertex -2.99269 -58.0407 -16.725
      vertex -12.4903 -69.029 -16.725
      vertex -2.99269 -58.4593 -16.725
    endloop
  endfacet
  facet normal 0 0 1
    outer loop
      vertex -11.957 70.7476 -16.725
      vertex -12.2588 70.1181 -16.725
      vertex -12.4903 69.029 -16.725
    endloop
  endfacet
  facet normal 0 0 1
    outer loop
      vertex -1.5 -60.8481 -16.725
      vertex -12.4903 -69.029 -16.725
      vertex -11.957 -70.7476 -16.725
    endloop
  endfacet
  facet normal 0 0 1
    outer loop
      vertex -12.4903 69.029 -16.725
      vertex -12.2588 70.1181 -16.725
      vertex -12.4126 69.5816 -16.725
    endloop
  endfacet
  facet normal -0 -0 1
    outer loop
      vertex -12.2588 -70.1181 -16.725
      vertex -11.957 -70.7476 -16.725
      vertex -12.4903 -69.029 -16.725
    endloop
  endfacet
  facet normal 0 0 1
    outer loop
      vertex -11.957 -70.7476 -16.725
      vertex -12.2588 -70.1181 -16.725
      vertex -12.0318 -70.6279 -16.725
    endloop
  endfacet
  facet normal 0 0 1
    outer loop
      vertex -12.2588 -70.1181 -16.725
      vertex -12.4903 -69.029 -16.725
      vertex -12.4126 -69.5816 -16.725
    endloop
  endfacet
  facet normal -0.719275 0.694726 0
    outer loop
      vertex 57.1765 -69.7226 -16.725
      vertex 57.5642 -69.3212 16.725
      vertex 57.5642 -69.3212 -16.725
    endloop
  endfacet
  facet normal -0.719275 0.694726 0
    outer loop
      vertex 57.5642 -69.3212 16.725
      vertex 57.1765 -69.7226 -16.725
      vertex 57.1765 -69.7226 16.725
    endloop
  endfacet
  facet normal -0.50009 -0.865974 0
    outer loop
      vertex 56.2535 70.3452 -16.725
      vertex 56.7368 70.0661 16.725
      vertex 56.2535 70.3452 16.725
    endloop
  endfacet
  facet normal -0.50009 -0.865974 -0
    outer loop
      vertex 56.7368 70.0661 16.725
      vertex 56.2535 70.3452 -16.725
      vertex 56.7368 70.0661 -16.725
    endloop
  endfacet
  facet normal -0.978116 0.20806 0
    outer loop
      vertex 58.345 -67.8525 -16.725
      vertex 58.4611 -67.3067 16.725
      vertex 58.4611 -67.3067 -16.725
    endloop
  endfacet
  facet normal -0.978116 0.20806 0
    outer loop
      vertex 58.4611 -67.3067 16.725
      vertex 58.345 -67.8525 -16.725
      vertex 58.345 -67.8525 16.725
    endloop
  endfacet
  facet normal -0.809046 0.587745 0
    outer loop
      vertex 57.5642 -69.3212 -16.725
      vertex 57.8922 -68.8697 16.725
      vertex 57.8922 -68.8697 -16.725
    endloop
  endfacet
  facet normal -0.809046 0.587745 0
    outer loop
      vertex 57.8922 -68.8697 16.725
      vertex 57.5642 -69.3212 -16.725
      vertex 57.5642 -69.3212 16.725
    endloop
  endfacet
  facet normal -0.882967 0.469435 0
    outer loop
      vertex 57.8922 -68.8697 -16.725
      vertex 58.1542 -68.3769 16.725
      vertex 58.1542 -68.3769 -16.725
    endloop
  endfacet
  facet normal -0.882967 0.469435 0
    outer loop
      vertex 58.1542 -68.3769 16.725
      vertex 57.8922 -68.8697 -16.725
      vertex 57.8922 -68.8697 16.725
    endloop
  endfacet
  facet normal -0.939731 0.341916 0
    outer loop
      vertex 58.1542 -68.3769 -16.725
      vertex 58.345 -67.8525 16.725
      vertex 58.345 -67.8525 -16.725
    endloop
  endfacet
  facet normal -0.939731 0.341916 0
    outer loop
      vertex 58.345 -67.8525 16.725
      vertex 58.1542 -68.3769 -16.725
      vertex 58.1542 -68.3769 16.725
    endloop
  endfacet
  facet normal -0.939731 -0.341916 0
    outer loop
      vertex 49.4225 68.0513 16.725
      vertex 49.3271 68.3135 18.725
      vertex 49.3271 68.3135 16.725
    endloop
  endfacet
  facet normal -0.939731 -0.341916 0
    outer loop
      vertex 49.3271 68.3135 18.725
      vertex 49.4225 68.0513 16.725
      vertex 49.4225 68.0513 18.725
    endloop
  endfacet
  facet normal -0.615651 -0.788019 0
    outer loop
      vertex 48.6184 69.1581 16.725
      vertex 48.8383 68.9863 18.725
      vertex 48.6184 69.1581 18.725
    endloop
  endfacet
  facet normal -0.615651 -0.788019 -0
    outer loop
      vertex 48.8383 68.9863 18.725
      vertex 48.6184 69.1581 16.725
      vertex 48.8383 68.9863 16.725
    endloop
  endfacet
  facet normal -0.37454 -0.927211 0
    outer loop
      vertex 48.118 69.4021 16.725
      vertex 48.3767 69.2976 18.725
      vertex 48.118 69.4021 18.725
    endloop
  endfacet
  facet normal -0.37454 -0.927211 -0
    outer loop
      vertex 48.3767 69.2976 18.725
      vertex 48.118 69.4021 16.725
      vertex 48.3767 69.2976 16.725
    endloop
  endfacet
  facet normal -1 0 0
    outer loop
      vertex 49.5 61.7488 16.725
      vertex 49.5 67.5 18.725
      vertex 49.5 67.5 16.725
    endloop
  endfacet
  facet normal -1 -0 0
    outer loop
      vertex 49.5 67.5 18.725
      vertex 49.5 61.7488 16.725
      vertex 49.5 61.7488 18.725
    endloop
  endfacet
  facet normal 0 -1 0
    outer loop
      vertex -12.4242 69.4988 16.725
      vertex 47.5698 69.4988 18.725
      vertex -12.4242 69.4988 18.725
    endloop
  endfacet
  facet normal 0 -1 -0
    outer loop
      vertex 47.5698 69.4988 18.725
      vertex -12.4242 69.4988 16.725
      vertex 47.5698 69.4988 16.725
    endloop
  endfacet
  facet normal -0.499878 -0.866096 0
    outer loop
      vertex 48.3767 69.2976 16.725
      vertex 48.6184 69.1581 18.725
      vertex 48.3767 69.2976 18.725
    endloop
  endfacet
  facet normal -0.499878 -0.866096 -0
    outer loop
      vertex 48.6184 69.1581 18.725
      vertex 48.3767 69.2976 16.725
      vertex 48.6184 69.1581 16.725
    endloop
  endfacet
  facet normal -0.104647 -0.994509 0
    outer loop
      vertex 47.5698 69.4988 16.725
      vertex 47.8473 69.4696 18.725
      vertex 47.5698 69.4988 18.725
    endloop
  endfacet
  facet normal -0.104647 -0.994509 -0
    outer loop
      vertex 47.8473 69.4696 18.725
      vertex 47.5698 69.4988 16.725
      vertex 47.8473 69.4696 16.725
    endloop
  endfacet
  facet normal -0.241945 -0.97029 0
    outer loop
      vertex 47.8473 69.4696 16.725
      vertex 48.118 69.4021 18.725
      vertex 47.8473 69.4696 18.725
    endloop
  endfacet
  facet normal -0.241945 -0.97029 -0
    outer loop
      vertex 48.118 69.4021 18.725
      vertex 47.8473 69.4696 16.725
      vertex 48.118 69.4021 16.725
    endloop
  endfacet
  facet normal 0 1 -0
    outer loop
      vertex 26.25 39.5012 16.725
      vertex 13.8169 39.5012 18.725
      vertex 26.25 39.5012 18.725
    endloop
  endfacet
  facet normal 0 1 0
    outer loop
      vertex 13.8169 39.5012 18.725
      vertex 26.25 39.5012 16.725
      vertex 13.8169 39.5012 16.725
    endloop
  endfacet
  facet normal -0.882888 -0.469583 0
    outer loop
      vertex 49.3271 68.3135 16.725
      vertex 49.1961 68.5598 18.725
      vertex 49.1961 68.5598 16.725
    endloop
  endfacet
  facet normal -0.882888 -0.469583 0
    outer loop
      vertex 49.1961 68.5598 18.725
      vertex 49.3271 68.3135 16.725
      vertex 49.3271 68.3135 18.725
    endloop
  endfacet
  facet normal -0.719364 -0.694633 0
    outer loop
      vertex 49.0321 68.7856 16.725
      vertex 48.8383 68.9863 18.725
      vertex 48.8383 68.9863 16.725
    endloop
  endfacet
  facet normal -0.719364 -0.694633 0
    outer loop
      vertex 48.8383 68.9863 18.725
      vertex 49.0321 68.7856 16.725
      vertex 49.0321 68.7856 18.725
    endloop
  endfacet
  facet normal -0.809108 -0.58766 0
    outer loop
      vertex 49.1961 68.5598 16.725
      vertex 49.0321 68.7856 18.725
      vertex 49.0321 68.7856 16.725
    endloop
  endfacet
  facet normal -0.809108 -0.58766 0
    outer loop
      vertex 49.0321 68.7856 18.725
      vertex 49.1961 68.5598 16.725
      vertex 49.1961 68.5598 18.725
    endloop
  endfacet
  facet normal -0.997554 -0.0698969 0
    outer loop
      vertex 49.5 67.5 16.725
      vertex 49.4805 67.7783 18.725
      vertex 49.4805 67.7783 16.725
    endloop
  endfacet
  facet normal -0.997554 -0.0698969 0
    outer loop
      vertex 49.4805 67.7783 18.725
      vertex 49.5 67.5 16.725
      vertex 49.5 67.5 18.725
    endloop
  endfacet
  facet normal -0.978168 -0.207816 0
    outer loop
      vertex 49.4805 67.7783 16.725
      vertex 49.4225 68.0513 18.725
      vertex 49.4225 68.0513 16.725
    endloop
  endfacet
  facet normal -0.978168 -0.207816 0
    outer loop
      vertex 49.4225 68.0513 18.725
      vertex 49.4805 67.7783 16.725
      vertex 49.4805 67.7783 18.725
    endloop
  endfacet
  facet normal -0.978153 -0.207889 0
    outer loop
      vertex 41.4726 -26.7836 16.725
      vertex 40.646 -22.8943 18.725
      vertex 40.646 -22.8943 16.725
    endloop
  endfacet
  facet normal -0.978153 -0.207889 0
    outer loop
      vertex 40.646 -22.8943 18.725
      vertex 41.4726 -26.7836 16.725
      vertex 41.4726 -26.7836 18.725
    endloop
  endfacet
  facet normal -0.997563 -0.0697671 0
    outer loop
      vertex 41.75 -30.75 16.725
      vertex 41.4726 -26.7836 18.725
      vertex 41.4726 -26.7836 16.725
    endloop
  endfacet
  facet normal -0.997563 -0.0697671 0
    outer loop
      vertex 41.4726 -26.7836 18.725
      vertex 41.75 -30.75 16.725
      vertex 41.75 -30.75 18.725
    endloop
  endfacet
  facet normal -0.939685 -0.342042 0
    outer loop
      vertex 40.646 -22.8943 16.725
      vertex 39.286 -19.158 18.725
      vertex 39.286 -19.158 16.725
    endloop
  endfacet
  facet normal -0.939685 -0.342042 0
    outer loop
      vertex 39.286 -19.158 18.725
      vertex 40.646 -22.8943 16.725
      vertex 40.646 -22.8943 18.725
    endloop
  endfacet
  facet normal 0.669126 -0.743149 0
    outer loop
      vertex -7.25118 -10.9522 16.725
      vertex -4.29635 -8.29169 18.725
      vertex -7.25118 -10.9522 18.725
    endloop
  endfacet
  facet normal 0.669126 -0.743149 0
    outer loop
      vertex -4.29635 -8.29169 18.725
      vertex -7.25118 -10.9522 16.725
      vertex -4.29635 -8.29169 16.725
    endloop
  endfacet
  facet normal 0.438372 -0.898794 0
    outer loop
      vertex -1 -6.06828 16.725
      vertex 2.57371 -4.32526 18.725
      vertex -1 -6.06828 18.725
    endloop
  endfacet
  facet normal 0.438372 -0.898794 0
    outer loop
      vertex 2.57371 -4.32526 18.725
      vertex -1 -6.06828 16.725
      vertex 2.57371 -4.32526 16.725
    endloop
  endfacet
  facet normal 0.559192 -0.829038 0
    outer loop
      vertex -4.29635 -8.29169 16.725
      vertex -1 -6.06828 18.725
      vertex -4.29635 -8.29169 18.725
    endloop
  endfacet
  facet normal 0.559192 -0.829038 0
    outer loop
      vertex -1 -6.06828 18.725
      vertex -4.29635 -8.29169 16.725
      vertex -1 -6.06828 16.725
    endloop
  endfacet
  facet normal -0.997563 0.0697671 0
    outer loop
      vertex 41.4726 -34.7164 16.725
      vertex 41.75 -30.75 18.725
      vertex 41.75 -30.75 16.725
    endloop
  endfacet
  facet normal -0.997563 0.0697671 0
    outer loop
      vertex 41.75 -30.75 18.725
      vertex 41.4726 -34.7164 16.725
      vertex 41.4726 -34.7164 18.725
    endloop
  endfacet
  facet normal 0.848053 -0.529912 0
    outer loop
      vertex -11.914 -17.3701 18.725
      vertex -9.80698 -13.9981 16.725
      vertex -9.80698 -13.9981 18.725
    endloop
  endfacet
  facet normal 0.848053 -0.529912 0
    outer loop
      vertex -9.80698 -13.9981 16.725
      vertex -11.914 -17.3701 18.725
      vertex -11.914 -17.3701 16.725
    endloop
  endfacet
  facet normal 0.913523 -0.406787 0
    outer loop
      vertex -12.4903 -18.6643 18.725
      vertex -11.914 -17.3701 16.725
      vertex -11.914 -17.3701 18.725
    endloop
  endfacet
  facet normal 0.913523 -0.406787 0
    outer loop
      vertex -11.914 -17.3701 16.725
      vertex -12.4903 -18.6643 18.725
      vertex -12.4903 -18.6643 16.725
    endloop
  endfacet
  facet normal -0.882955 -0.469457 0
    outer loop
      vertex 39.286 -19.158 16.725
      vertex 37.4194 -15.6473 18.725
      vertex 37.4194 -15.6473 16.725
    endloop
  endfacet
  facet normal -0.882955 -0.469457 0
    outer loop
      vertex 37.4194 -15.6473 18.725
      vertex 39.286 -19.158 16.725
      vertex 39.286 -19.158 18.725
    endloop
  endfacet
  facet normal -0.939671 0.34208 0
    outer loop
      vertex 40.32 -39.5012 16.725
      vertex 40.646 -38.6057 18.725
      vertex 40.646 -38.6057 16.725
    endloop
  endfacet
  facet normal -0.939671 0.34208 0
    outer loop
      vertex 40.646 -38.6057 18.725
      vertex 40.32 -39.5012 16.725
      vertex 40.32 -39.5012 18.725
    endloop
  endfacet
  facet normal 0.309017 -0.951057 0
    outer loop
      vertex 2.57371 -4.32526 16.725
      vertex 6.35523 -3.09657 18.725
      vertex 2.57371 -4.32526 18.725
    endloop
  endfacet
  facet normal 0.309017 -0.951057 0
    outer loop
      vertex 6.35523 -3.09657 18.725
      vertex 2.57371 -4.32526 16.725
      vertex 6.35523 -3.09657 16.725
    endloop
  endfacet
  facet normal -0.374606 -0.927184 0
    outer loop
      vertex 22.057 -3.64489 16.725
      vertex 25.7436 -5.13437 18.725
      vertex 22.057 -3.64489 18.725
    endloop
  endfacet
  facet normal -0.374606 -0.927184 -0
    outer loop
      vertex 25.7436 -5.13437 18.725
      vertex 22.057 -3.64489 16.725
      vertex 25.7436 -5.13437 16.725
    endloop
  endfacet
  facet normal -0.615664 -0.788009 0
    outer loop
      vertex 29.187 -7.12243 16.725
      vertex 32.3202 -9.57037 18.725
      vertex 29.187 -7.12243 18.725
    endloop
  endfacet
  facet normal -0.615664 -0.788009 -0
    outer loop
      vertex 32.3202 -9.57037 18.725
      vertex 29.187 -7.12243 16.725
      vertex 32.3202 -9.57037 16.725
    endloop
  endfacet
  facet normal -0.978153 0.207889 0
    outer loop
      vertex 40.646 -38.6057 16.725
      vertex 41.4726 -34.7164 18.725
      vertex 41.4726 -34.7164 16.725
    endloop
  endfacet
  facet normal -0.978153 0.207889 0
    outer loop
      vertex 41.4726 -34.7164 18.725
      vertex 40.646 -38.6057 16.725
      vertex 40.646 -38.6057 18.725
    endloop
  endfacet
  facet normal 0.766046 -0.642786 0
    outer loop
      vertex -9.80698 -13.9981 18.725
      vertex -7.25118 -10.9522 16.725
      vertex -7.25118 -10.9522 18.725
    endloop
  endfacet
  facet normal 0.766046 -0.642786 0
    outer loop
      vertex -7.25118 -10.9522 16.725
      vertex -9.80698 -13.9981 18.725
      vertex -9.80698 -13.9981 16.725
    endloop
  endfacet
  facet normal -0.719339 -0.694659 0
    outer loop
      vertex 35.0823 -12.4306 16.725
      vertex 32.3202 -9.57037 18.725
      vertex 32.3202 -9.57037 16.725
    endloop
  endfacet
  facet normal -0.719339 -0.694659 0
    outer loop
      vertex 32.3202 -9.57037 18.725
      vertex 35.0823 -12.4306 16.725
      vertex 35.0823 -12.4306 18.725
    endloop
  endfacet
  facet normal -0.809013 -0.58779 0
    outer loop
      vertex 37.4194 -15.6473 16.725
      vertex 35.0823 -12.4306 18.725
      vertex 35.0823 -12.4306 16.725
    endloop
  endfacet
  facet normal -0.809013 -0.58779 0
    outer loop
      vertex 35.0823 -12.4306 18.725
      vertex 37.4194 -15.6473 16.725
      vertex 37.4194 -15.6473 18.725
    endloop
  endfacet
  facet normal -0.500002 -0.866024 0
    outer loop
      vertex 25.7436 -5.13437 16.725
      vertex 29.187 -7.12243 18.725
      vertex 25.7436 -5.13437 18.725
    endloop
  endfacet
  facet normal -0.500002 -0.866024 -0
    outer loop
      vertex 29.187 -7.12243 18.725
      vertex 25.7436 -5.13437 16.725
      vertex 29.187 -7.12243 16.725
    endloop
  endfacet
  facet normal -0.104527 -0.994522 0
    outer loop
      vertex 14.2446 -2.26736 16.725
      vertex 18.199 -2.68298 18.725
      vertex 14.2446 -2.26736 18.725
    endloop
  endfacet
  facet normal -0.104527 -0.994522 -0
    outer loop
      vertex 18.199 -2.68298 18.725
      vertex 14.2446 -2.26736 16.725
      vertex 18.199 -2.68298 16.725
    endloop
  endfacet
  facet normal 0.0349008 -0.999391 0
    outer loop
      vertex 10.2709 -2.40613 16.725
      vertex 14.2446 -2.26736 18.725
      vertex 10.2709 -2.40613 18.725
    endloop
  endfacet
  facet normal 0.0349008 -0.999391 0
    outer loop
      vertex 14.2446 -2.26736 18.725
      vertex 10.2709 -2.40613 16.725
      vertex 14.2446 -2.26736 16.725
    endloop
  endfacet
  facet normal 0.173649 -0.984808 0
    outer loop
      vertex 6.35523 -3.09657 16.725
      vertex 10.2709 -2.40613 18.725
      vertex 6.35523 -3.09657 18.725
    endloop
  endfacet
  facet normal 0.173649 -0.984808 0
    outer loop
      vertex 10.2709 -2.40613 18.725
      vertex 6.35523 -3.09657 16.725
      vertex 10.2709 -2.40613 16.725
    endloop
  endfacet
  facet normal -0.241923 -0.970296 0
    outer loop
      vertex 18.199 -2.68298 16.725
      vertex 22.057 -3.64489 18.725
      vertex 18.199 -2.68298 18.725
    endloop
  endfacet
  facet normal -0.241923 -0.970296 -0
    outer loop
      vertex 22.057 -3.64489 18.725
      vertex 18.199 -2.68298 16.725
      vertex 22.057 -3.64489 16.725
    endloop
  endfacet
  facet normal -0.766004 0 0.642836
    outer loop
      vertex 47.316 70.7476 -13.3679
      vertex 47.8541 72.7476 -12.7267
      vertex 47.316 72.7476 -13.3679
    endloop
  endfacet
  facet normal -0.766004 0 0.642836
    outer loop
      vertex 47.8541 72.7476 -12.7267
      vertex 47.316 70.7476 -13.3679
      vertex 47.8541 70.7476 -12.7267
    endloop
  endfacet
  facet normal 0.241917 0 0.970297
    outer loop
      vertex 29.1459 72.7476 -14.9063
      vertex 29.9581 70.7476 -15.1088
      vertex 29.9581 72.7476 -15.1088
    endloop
  endfacet
  facet normal 0.241917 0 0.970297
    outer loop
      vertex 29.9581 70.7476 -15.1088
      vertex 29.1459 72.7476 -14.9063
      vertex 29.1459 70.7476 -14.9063
    endloop
  endfacet
  facet normal 0.615672 0 -0.788003
    outer loop
      vertex 26.9852 70.7476 -1.74113
      vertex 27.6448 72.7476 -1.22578
      vertex 27.6448 70.7476 -1.22578
    endloop
  endfacet
  facet normal 0.615672 0 -0.788003
    outer loop
      vertex 27.6448 72.7476 -1.22578
      vertex 26.9852 70.7476 -1.74113
      vertex 26.9852 72.7476 -1.74113
    endloop
  endfacet
  facet normal 0.500019 0 0.866015
    outer loop
      vertex 27.6448 72.7476 -14.1742
      vertex 28.3698 70.7476 -14.5928
      vertex 28.3698 72.7476 -14.5928
    endloop
  endfacet
  facet normal 0.500019 0 0.866015
    outer loop
      vertex 28.3698 70.7476 -14.5928
      vertex 27.6448 72.7476 -14.1742
      vertex 27.6448 70.7476 -14.1742
    endloop
  endfacet
  facet normal 0.882941 -0 0.469484
    outer loop
      vertex 25.5187 70.7476 -11.6404
      vertex 25.9117 72.7476 -12.3795
      vertex 25.5187 72.7476 -11.6404
    endloop
  endfacet
  facet normal 0.882941 0 0.469484
    outer loop
      vertex 25.9117 72.7476 -12.3795
      vertex 25.5187 70.7476 -11.6404
      vertex 25.9117 70.7476 -12.3795
    endloop
  endfacet
  facet normal -0.30902 0 -0.951056
    outer loop
      vertex 44.4515 70.7476 -0.378226
      vertex 45.2476 72.7476 -0.636897
      vertex 45.2476 70.7476 -0.636897
    endloop
  endfacet
  facet normal -0.30902 0 -0.951056
    outer loop
      vertex 45.2476 72.7476 -0.636897
      vertex 44.4515 70.7476 -0.378226
      vertex 44.4515 72.7476 -0.378226
    endloop
  endfacet
  facet normal 0.882938 0 -0.469489
    outer loop
      vertex 25.9117 70.7476 -3.02049
      vertex 25.5187 72.7476 -3.75958
      vertex 25.9117 72.7476 -3.02049
    endloop
  endfacet
  facet normal 0.882938 0 -0.469489
    outer loop
      vertex 25.5187 72.7476 -3.75958
      vertex 25.9117 70.7476 -3.02049
      vertex 25.5187 70.7476 -3.75958
    endloop
  endfacet
  facet normal -0.913533 0 -0.406766
    outer loop
      vertex 48.6382 70.7476 -4.14788
      vertex 48.2977 72.7476 -3.38317
      vertex 48.6382 72.7476 -4.14788
    endloop
  endfacet
  facet normal -0.913533 -0 -0.406766
    outer loop
      vertex 48.2977 72.7476 -3.38317
      vertex 48.6382 70.7476 -4.14788
      vertex 48.2977 70.7476 -3.38317
    endloop
  endfacet
  facet normal -0.766023 0 -0.642813
    outer loop
      vertex 47.8541 70.7476 -2.67329
      vertex 47.316 72.7476 -2.03205
      vertex 47.8541 72.7476 -2.67329
    endloop
  endfacet
  facet normal -0.766023 -0 -0.642813
    outer loop
      vertex 47.316 72.7476 -2.03205
      vertex 47.8541 70.7476 -2.67329
      vertex 47.316 70.7476 -2.03205
    endloop
  endfacet
  facet normal 0 0 -1
    outer loop
      vertex 30.7906 70.7476 -0.203655
      vertex 42.7906 72.7476 -0.203655
      vertex 42.7906 70.7476 -0.203655
    endloop
  endfacet
  facet normal -0 0 -1
    outer loop
      vertex 42.7906 72.7476 -0.203655
      vertex 30.7906 70.7476 -0.203655
      vertex 30.7906 72.7476 -0.203655
    endloop
  endfacet
  facet normal 0.939738 0 -0.341897
    outer loop
      vertex 25.5187 70.7476 -3.75958
      vertex 25.3578 72.7476 -4.20183
      vertex 25.5187 72.7476 -3.75958
    endloop
  endfacet
  facet normal 0.939738 0 -0.341897
    outer loop
      vertex 25.3578 72.7476 -4.20183
      vertex 25.5187 70.7476 -3.75958
      vertex 25.3578 70.7476 -4.20183
    endloop
  endfacet
  facet normal -0.309051 0 0.951045
    outer loop
      vertex 44.4515 72.7476 -15.0218
      vertex 45.2476 70.7476 -14.7631
      vertex 45.2476 72.7476 -14.7631
    endloop
  endfacet
  facet normal -0.309051 0 0.951045
    outer loop
      vertex 45.2476 70.7476 -14.7631
      vertex 44.4515 72.7476 -15.0218
      vertex 44.4515 70.7476 -15.0218
    endloop
  endfacet
  facet normal -0.669169 0 -0.74311
    outer loop
      vertex 46.694 70.7476 -1.47194
      vertex 47.316 72.7476 -2.03205
      vertex 47.316 70.7476 -2.03205
    endloop
  endfacet
  facet normal -0.669169 0 -0.74311
    outer loop
      vertex 47.316 72.7476 -2.03205
      vertex 46.694 70.7476 -1.47194
      vertex 46.694 72.7476 -1.47194
    endloop
  endfacet
  facet normal -0.669229 0 0.743056
    outer loop
      vertex 46.694 72.7476 -13.9281
      vertex 47.316 70.7476 -13.3679
      vertex 47.316 72.7476 -13.3679
    endloop
  endfacet
  facet normal -0.669229 0 0.743056
    outer loop
      vertex 47.316 70.7476 -13.3679
      vertex 46.694 72.7476 -13.9281
      vertex 46.694 70.7476 -13.9281
    endloop
  endfacet
  facet normal -0.0348986 0 -0.999391
    outer loop
      vertex 42.7906 70.7476 -0.203655
      vertex 43.6272 72.7476 -0.232869
      vertex 43.6272 70.7476 -0.232869
    endloop
  endfacet
  facet normal -0.0348986 0 -0.999391
    outer loop
      vertex 43.6272 72.7476 -0.232869
      vertex 42.7906 70.7476 -0.203655
      vertex 42.7906 72.7476 -0.203655
    endloop
  endfacet
  facet normal 0.104529 0 0.994522
    outer loop
      vertex 29.9581 72.7476 -15.1088
      vertex 30.7906 70.7476 -15.1963
      vertex 30.7906 72.7476 -15.1963
    endloop
  endfacet
  facet normal 0.104529 0 0.994522
    outer loop
      vertex 30.7906 70.7476 -15.1963
      vertex 29.9581 72.7476 -15.1088
      vertex 29.9581 70.7476 -15.1088
    endloop
  endfacet
  facet normal -0.848039 0 -0.529935
    outer loop
      vertex 48.2977 70.7476 -3.38317
      vertex 47.8541 72.7476 -2.67329
      vertex 48.2977 72.7476 -3.38317
    endloop
  endfacet
  facet normal -0.848039 -0 -0.529935
    outer loop
      vertex 47.8541 72.7476 -2.67329
      vertex 48.2977 70.7476 -3.38317
      vertex 47.8541 70.7476 -2.67329
    endloop
  endfacet
  facet normal 0.241925 0 -0.970295
    outer loop
      vertex 29.1459 70.7476 -0.493661
      vertex 29.9581 72.7476 -0.291154
      vertex 29.9581 70.7476 -0.291154
    endloop
  endfacet
  facet normal 0.241925 0 -0.970295
    outer loop
      vertex 29.9581 72.7476 -0.291154
      vertex 29.1459 70.7476 -0.493661
      vertex 29.1459 72.7476 -0.493661
    endloop
  endfacet
  facet normal 0.104528 0 -0.994522
    outer loop
      vertex 29.9581 70.7476 -0.291154
      vertex 30.7906 72.7476 -0.203655
      vertex 30.7906 70.7476 -0.203655
    endloop
  endfacet
  facet normal 0.104528 0 -0.994522
    outer loop
      vertex 30.7906 72.7476 -0.203655
      vertex 29.9581 70.7476 -0.291154
      vertex 29.9581 72.7476 -0.291154
    endloop
  endfacet
  facet normal 0.809029 0 -0.587768
    outer loop
      vertex 26.4037 70.7476 -2.34328
      vertex 25.9117 72.7476 -3.02049
      vertex 26.4037 72.7476 -2.34328
    endloop
  endfacet
  facet normal 0.809029 0 -0.587768
    outer loop
      vertex 25.9117 72.7476 -3.02049
      vertex 26.4037 70.7476 -2.34328
      vertex 25.9117 70.7476 -3.02049
    endloop
  endfacet
  facet normal -0.559177 0 -0.829048
    outer loop
      vertex 46 70.7476 -1.00385
      vertex 46.694 72.7476 -1.47194
      vertex 46.694 70.7476 -1.47194
    endloop
  endfacet
  facet normal -0.559177 0 -0.829048
    outer loop
      vertex 46.694 72.7476 -1.47194
      vertex 46 70.7476 -1.00385
      vertex 46 72.7476 -1.00385
    endloop
  endfacet
  facet normal -0.559186 0 0.829043
    outer loop
      vertex 46 72.7476 -14.3962
      vertex 46.694 70.7476 -13.9281
      vertex 46.694 72.7476 -13.9281
    endloop
  endfacet
  facet normal -0.559186 0 0.829043
    outer loop
      vertex 46.694 70.7476 -13.9281
      vertex 46 72.7476 -14.3962
      vertex 46 70.7476 -14.3962
    endloop
  endfacet
  facet normal 0.615635 0 0.788032
    outer loop
      vertex 26.9852 72.7476 -13.6589
      vertex 27.6448 70.7476 -14.1742
      vertex 27.6448 72.7476 -14.1742
    endloop
  endfacet
  facet normal 0.615635 0 0.788032
    outer loop
      vertex 27.6448 70.7476 -14.1742
      vertex 26.9852 72.7476 -13.6589
      vertex 26.9852 70.7476 -13.6589
    endloop
  endfacet
  facet normal -0.0348819 0 0.999391
    outer loop
      vertex 42.7906 72.7476 -15.1963
      vertex 43.6272 70.7476 -15.1671
      vertex 43.6272 72.7476 -15.1671
    endloop
  endfacet
  facet normal -0.0348819 0 0.999391
    outer loop
      vertex 43.6272 70.7476 -15.1671
      vertex 42.7906 72.7476 -15.1963
      vertex 42.7906 70.7476 -15.1963
    endloop
  endfacet
  facet normal 0.719334 0 -0.694665
    outer loop
      vertex 26.9852 70.7476 -1.74113
      vertex 26.4037 72.7476 -2.34328
      vertex 26.9852 72.7476 -1.74113
    endloop
  endfacet
  facet normal 0.719334 0 -0.694665
    outer loop
      vertex 26.4037 72.7476 -2.34328
      vertex 26.9852 70.7476 -1.74113
      vertex 26.4037 70.7476 -2.34328
    endloop
  endfacet
  facet normal 0.499969 0 -0.866043
    outer loop
      vertex 27.6448 70.7476 -1.22578
      vertex 28.3698 72.7476 -0.807236
      vertex 28.3698 70.7476 -0.807236
    endloop
  endfacet
  facet normal 0.499969 0 -0.866043
    outer loop
      vertex 28.3698 72.7476 -0.807236
      vertex 27.6448 70.7476 -1.22578
      vertex 27.6448 72.7476 -1.22578
    endloop
  endfacet
  facet normal 0.939725 -0 0.341931
    outer loop
      vertex 25.3578 70.7476 -11.1982
      vertex 25.5187 72.7476 -11.6404
      vertex 25.3578 72.7476 -11.1982
    endloop
  endfacet
  facet normal 0.939725 0 0.341931
    outer loop
      vertex 25.5187 72.7476 -11.6404
      vertex 25.3578 70.7476 -11.1982
      vertex 25.5187 70.7476 -11.6404
    endloop
  endfacet
  facet normal 0.809025 -0 0.587774
    outer loop
      vertex 25.9117 70.7476 -12.3795
      vertex 26.4037 72.7476 -13.0567
      vertex 25.9117 72.7476 -12.3795
    endloop
  endfacet
  facet normal 0.809025 0 0.587774
    outer loop
      vertex 26.4037 72.7476 -13.0567
      vertex 25.9117 70.7476 -12.3795
      vertex 26.4037 70.7476 -13.0567
    endloop
  endfacet
  facet normal 0.374617 0 -0.92718
    outer loop
      vertex 28.3698 70.7476 -0.807236
      vertex 29.1459 72.7476 -0.493661
      vertex 29.1459 70.7476 -0.493661
    endloop
  endfacet
  facet normal 0.374617 0 -0.92718
    outer loop
      vertex 29.1459 72.7476 -0.493661
      vertex 28.3698 70.7476 -0.807236
      vertex 28.3698 72.7476 -0.807236
    endloop
  endfacet
  facet normal -0.961591 0 -0.274486
    outer loop
      vertex 48.6536 70.7476 -4.20183
      vertex 48.6382 72.7476 -4.14788
      vertex 48.6536 72.7476 -4.20183
    endloop
  endfacet
  facet normal -0.961591 -0 -0.274486
    outer loop
      vertex 48.6382 72.7476 -4.14788
      vertex 48.6536 70.7476 -4.20183
      vertex 48.6382 70.7476 -4.14788
    endloop
  endfacet
  facet normal -0.848045 0 0.529924
    outer loop
      vertex 47.8541 70.7476 -12.7267
      vertex 48.2977 72.7476 -12.0168
      vertex 47.8541 72.7476 -12.7267
    endloop
  endfacet
  facet normal -0.848045 0 0.529924
    outer loop
      vertex 48.2977 72.7476 -12.0168
      vertex 47.8541 70.7476 -12.7267
      vertex 48.2977 70.7476 -12.0168
    endloop
  endfacet
  facet normal -0.438304 0 0.898827
    outer loop
      vertex 45.2476 72.7476 -14.7631
      vertex 46 70.7476 -14.3962
      vertex 46 72.7476 -14.3962
    endloop
  endfacet
  facet normal -0.438304 0 0.898827
    outer loop
      vertex 46 70.7476 -14.3962
      vertex 45.2476 72.7476 -14.7631
      vertex 45.2476 70.7476 -14.7631
    endloop
  endfacet
  facet normal -0 0 1
    outer loop
      vertex 30.7906 72.7476 -15.1963
      vertex 42.7906 70.7476 -15.1963
      vertex 42.7906 72.7476 -15.1963
    endloop
  endfacet
  facet normal 0 0 1
    outer loop
      vertex 42.7906 70.7476 -15.1963
      vertex 30.7906 72.7476 -15.1963
      vertex 30.7906 70.7476 -15.1963
    endloop
  endfacet
  facet normal -0.173661 0 -0.984806
    outer loop
      vertex 43.6272 70.7476 -0.232869
      vertex 44.4515 72.7476 -0.378226
      vertex 44.4515 70.7476 -0.378226
    endloop
  endfacet
  facet normal -0.173661 0 -0.984806
    outer loop
      vertex 44.4515 72.7476 -0.378226
      vertex 43.6272 70.7476 -0.232869
      vertex 43.6272 72.7476 -0.232869
    endloop
  endfacet
  facet normal -0.173594 0 0.984817
    outer loop
      vertex 43.6272 72.7476 -15.1671
      vertex 44.4515 70.7476 -15.0218
      vertex 44.4515 72.7476 -15.0218
    endloop
  endfacet
  facet normal -0.173594 0 0.984817
    outer loop
      vertex 44.4515 70.7476 -15.0218
      vertex 43.6272 72.7476 -15.1671
      vertex 43.6272 70.7476 -15.1671
    endloop
  endfacet
  facet normal -0.913531 0 0.40677
    outer loop
      vertex 48.2977 70.7476 -12.0168
      vertex 48.6382 72.7476 -11.2521
      vertex 48.2977 72.7476 -12.0168
    endloop
  endfacet
  facet normal -0.913531 0 0.40677
    outer loop
      vertex 48.6382 72.7476 -11.2521
      vertex 48.2977 70.7476 -12.0168
      vertex 48.6382 70.7476 -11.2521
    endloop
  endfacet
  facet normal -0.438355 0 -0.898802
    outer loop
      vertex 45.2476 70.7476 -0.636897
      vertex 46 72.7476 -1.00385
      vertex 46 70.7476 -1.00385
    endloop
  endfacet
  facet normal -0.438355 0 -0.898802
    outer loop
      vertex 46 72.7476 -1.00385
      vertex 45.2476 70.7476 -0.636897
      vertex 45.2476 72.7476 -0.636897
    endloop
  endfacet
  facet normal 0.719362 -0 0.694635
    outer loop
      vertex 26.4037 70.7476 -13.0567
      vertex 26.9852 72.7476 -13.6589
      vertex 26.4037 72.7476 -13.0567
    endloop
  endfacet
  facet normal 0.719362 0 0.694635
    outer loop
      vertex 26.9852 72.7476 -13.6589
      vertex 26.4037 70.7476 -13.0567
      vertex 26.9852 70.7476 -13.6589
    endloop
  endfacet
  facet normal 0.37454 0 0.927211
    outer loop
      vertex 28.3698 72.7476 -14.5928
      vertex 29.1459 70.7476 -14.9063
      vertex 29.1459 72.7476 -14.9063
    endloop
  endfacet
  facet normal 0.37454 0 0.927211
    outer loop
      vertex 29.1459 70.7476 -14.9063
      vertex 28.3698 72.7476 -14.5928
      vertex 28.3698 70.7476 -14.5928
    endloop
  endfacet
  facet normal -0.961524 0 0.274721
    outer loop
      vertex 48.6382 70.7476 -11.2521
      vertex 48.6536 72.7476 -11.1982
      vertex 48.6382 72.7476 -11.2521
    endloop
  endfacet
  facet normal -0.961524 0 0.274721
    outer loop
      vertex 48.6536 72.7476 -11.1982
      vertex 48.6382 70.7476 -11.2521
      vertex 48.6536 70.7476 -11.1982
    endloop
  endfacet
  facet normal -1 0 0
    outer loop
      vertex 54.9927 70.7104 -8.40927
      vertex 54.9927 72.7476 -6.99073
      vertex 54.9927 72.7476 -8.40927
    endloop
  endfacet
  facet normal -1 -0 0
    outer loop
      vertex 54.9927 72.7476 -6.99073
      vertex 54.9927 70.7104 -8.40927
      vertex 54.9927 70.7104 -6.99073
    endloop
  endfacet
  facet normal -0.0348819 0 -0.999391
    outer loop
      vertex 51.8953 70.7476 -4.20183
      vertex 52.3136 72.7476 -4.21643
      vertex 52.3136 70.7476 -4.21643
    endloop
  endfacet
  facet normal -0.0348819 0 -0.999391
    outer loop
      vertex 52.3136 72.7476 -4.21643
      vertex 51.8953 70.7476 -4.20183
      vertex 51.8953 72.7476 -4.20183
    endloop
  endfacet
  facet normal -0.0348819 0 0.999391
    outer loop
      vertex 51.8953 72.7476 -11.1982
      vertex 52.3136 70.7476 -11.1836
      vertex 52.3136 72.7476 -11.1836
    endloop
  endfacet
  facet normal -0.0348819 0 0.999391
    outer loop
      vertex 52.3136 70.7476 -11.1836
      vertex 51.8953 72.7476 -11.1982
      vertex 51.8953 70.7476 -11.1982
    endloop
  endfacet
  facet normal -0 0 1
    outer loop
      vertex 21.8953 72.7476 -11.1982
      vertex 25.3578 70.7476 -11.1982
      vertex 25.3578 72.7476 -11.1982
    endloop
  endfacet
  facet normal 0 0 1
    outer loop
      vertex 25.3578 70.7476 -11.1982
      vertex 21.8953 72.7476 -11.1982
      vertex 21.8953 70.7476 -11.1982
    endloop
  endfacet
  facet normal -0 0 1
    outer loop
      vertex 48.6536 72.7476 -11.1982
      vertex 51.8953 70.7476 -11.1982
      vertex 51.8953 72.7476 -11.1982
    endloop
  endfacet
  facet normal 0 0 1
    outer loop
      vertex 51.8953 70.7476 -11.1982
      vertex 48.6536 72.7476 -11.1982
      vertex 48.6536 70.7476 -11.1982
    endloop
  endfacet
  facet normal -0.913486 0 0.40687
    outer loop
      vertex 54.6488 70.7466 -9.60841
      vertex 54.8191 72.7476 -9.22606
      vertex 54.6488 72.7476 -9.60841
    endloop
  endfacet
  facet normal -0.913486 0 0.40687
    outer loop
      vertex 54.8191 72.7476 -9.22606
      vertex 54.6488 70.7466 -9.60841
      vertex 54.8191 70.7287 -9.22606
    endloop
  endfacet
  facet normal -0.990251 0 0.139294
    outer loop
      vertex 54.9344 70.7166 -8.82373
      vertex 54.9927 72.7476 -8.40927
      vertex 54.9344 72.7476 -8.82373
    endloop
  endfacet
  facet normal -0.990251 0 0.139294
    outer loop
      vertex 54.9927 72.7476 -8.40927
      vertex 54.9344 70.7166 -8.82373
      vertex 54.9927 70.7104 -8.40927
    endloop
  endfacet
  facet normal 0 0 -1
    outer loop
      vertex 48.6536 70.7476 -4.20183
      vertex 51.8953 72.7476 -4.20183
      vertex 51.8953 70.7476 -4.20183
    endloop
  endfacet
  facet normal -0 0 -1
    outer loop
      vertex 51.8953 72.7476 -4.20183
      vertex 48.6536 70.7476 -4.20183
      vertex 48.6536 72.7476 -4.20183
    endloop
  endfacet
  facet normal 0 0 -1
    outer loop
      vertex 21.8953 70.7476 -4.20183
      vertex 25.3578 72.7476 -4.20183
      vertex 25.3578 70.7476 -4.20183
    endloop
  endfacet
  facet normal -0 0 -1
    outer loop
      vertex 25.3578 72.7476 -4.20183
      vertex 21.8953 70.7476 -4.20183
      vertex 21.8953 72.7476 -4.20183
    endloop
  endfacet
  facet normal 0.10466 0 0.994508
    outer loop
      vertex 21.4791 72.7476 -11.1544
      vertex 21.8953 70.7476 -11.1982
      vertex 21.8953 72.7476 -11.1982
    endloop
  endfacet
  facet normal 0.10466 0 0.994508
    outer loop
      vertex 21.8953 70.7476 -11.1982
      vertex 21.4791 72.7476 -11.1544
      vertex 21.4791 70.7476 -11.1544
    endloop
  endfacet
  facet normal -0.765965 0 -0.642883
    outer loop
      vertex 54.4271 70.7476 -5.43664
      vertex 54.158 72.7476 -5.11602
      vertex 54.4271 72.7476 -5.43664
    endloop
  endfacet
  facet normal -0.765965 -0 -0.642883
    outer loop
      vertex 54.158 72.7476 -5.11602
      vertex 54.4271 70.7476 -5.43664
      vertex 54.158 70.7476 -5.11602
    endloop
  endfacet
  facet normal 0.241861 0 -0.970311
    outer loop
      vertex 21.0729 70.7476 -4.34683
      vertex 21.4791 72.7476 -4.24558
      vertex 21.4791 70.7476 -4.24558
    endloop
  endfacet
  facet normal 0.241861 0 -0.970311
    outer loop
      vertex 21.4791 72.7476 -4.24558
      vertex 21.0729 70.7476 -4.34683
      vertex 21.0729 72.7476 -4.34683
    endloop
  endfacet
  facet normal 0.374684 0 0.927152
    outer loop
      vertex 20.6849 72.7476 -10.8964
      vertex 21.0729 70.7476 -11.0532
      vertex 21.0729 72.7476 -11.0532
    endloop
  endfacet
  facet normal 0.374684 0 0.927152
    outer loop
      vertex 21.0729 70.7476 -11.0532
      vertex 20.6849 72.7476 -10.8964
      vertex 20.6849 70.7476 -10.8964
    endloop
  endfacet
  facet normal -0.765984 0 0.642859
    outer loop
      vertex 54.158 70.7476 -10.284
      vertex 54.4271 72.7476 -9.96336
      vertex 54.158 72.7476 -10.284
    endloop
  endfacet
  facet normal -0.765984 0 0.642859
    outer loop
      vertex 54.4271 72.7476 -9.96336
      vertex 54.158 70.7476 -10.284
      vertex 54.4271 70.7476 -9.96336
    endloop
  endfacet
  facet normal 0.997563 -0 0.0697664
    outer loop
      vertex 19 70.7476 -8.2
      vertex 19.0292 72.7476 -8.61752
      vertex 19 72.7476 -8.2
    endloop
  endfacet
  facet normal 0.997563 0 0.0697664
    outer loop
      vertex 19.0292 72.7476 -8.61752
      vertex 19 70.7476 -8.2
      vertex 19.0292 70.7476 -8.61752
    endloop
  endfacet
  facet normal -0.559186 0 -0.829043
    outer loop
      vertex 53.5 70.7476 -4.60192
      vertex 53.847 72.7476 -4.83597
      vertex 53.847 70.7476 -4.83597
    endloop
  endfacet
  facet normal -0.559186 0 -0.829043
    outer loop
      vertex 53.847 72.7476 -4.83597
      vertex 53.5 70.7476 -4.60192
      vertex 53.5 72.7476 -4.60192
    endloop
  endfacet
  facet normal -0.961304 0 0.275491
    outer loop
      vertex 54.8191 70.7287 -9.22606
      vertex 54.9344 72.7476 -8.82373
      vertex 54.8191 72.7476 -9.22606
    endloop
  endfacet
  facet normal -0.961304 0 0.275491
    outer loop
      vertex 54.9344 72.7476 -8.82373
      vertex 54.8191 70.7287 -9.22606
      vertex 54.9344 70.7166 -8.82373
    endloop
  endfacet
  facet normal 0.939654 0 -0.342127
    outer loop
      vertex 19.2594 70.7476 -5.97979
      vertex 19.1162 72.7476 -6.37309
      vertex 19.2594 72.7476 -5.97979
    endloop
  endfacet
  facet normal 0.939654 0 -0.342127
    outer loop
      vertex 19.1162 72.7476 -6.37309
      vertex 19.2594 70.7476 -5.97979
      vertex 19.1162 70.7476 -6.37309
    endloop
  endfacet
  facet normal 0.241749 0 0.970339
    outer loop
      vertex 21.0729 72.7476 -11.0532
      vertex 21.4791 70.7476 -11.1544
      vertex 21.4791 72.7476 -11.1544
    endloop
  endfacet
  facet normal 0.241749 0 0.970339
    outer loop
      vertex 21.4791 70.7476 -11.1544
      vertex 21.0729 72.7476 -11.0532
      vertex 21.0729 70.7476 -11.0532
    endloop
  endfacet
  facet normal 0.499965 0 -0.866046
    outer loop
      vertex 20.3224 70.7476 -4.71289
      vertex 20.6849 72.7476 -4.50362
      vertex 20.6849 70.7476 -4.50362
    endloop
  endfacet
  facet normal 0.499965 0 -0.866046
    outer loop
      vertex 20.6849 72.7476 -4.50362
      vertex 20.3224 70.7476 -4.71289
      vertex 20.3224 72.7476 -4.71289
    endloop
  endfacet
  facet normal 0.615679 0 -0.787997
    outer loop
      vertex 19.9926 70.7476 -4.97057
      vertex 20.3224 72.7476 -4.71289
      vertex 20.3224 70.7476 -4.71289
    endloop
  endfacet
  facet normal 0.615679 0 -0.787997
    outer loop
      vertex 20.3224 72.7476 -4.71289
      vertex 19.9926 70.7476 -4.97057
      vertex 19.9926 72.7476 -4.97057
    endloop
  endfacet
  facet normal 0.104542 0 -0.99452
    outer loop
      vertex 21.4791 70.7476 -4.24558
      vertex 21.8953 72.7476 -4.20183
      vertex 21.8953 70.7476 -4.20183
    endloop
  endfacet
  facet normal 0.104542 0 -0.99452
    outer loop
      vertex 21.8953 72.7476 -4.20183
      vertex 21.4791 70.7476 -4.24558
      vertex 21.4791 72.7476 -4.24558
    endloop
  endfacet
  facet normal -0.669163 0 -0.743116
    outer loop
      vertex 53.847 70.7476 -4.83597
      vertex 54.158 72.7476 -5.11602
      vertex 54.158 70.7476 -5.11602
    endloop
  endfacet
  facet normal -0.669163 0 -0.743116
    outer loop
      vertex 54.158 72.7476 -5.11602
      vertex 53.847 70.7476 -4.83597
      vertex 53.847 72.7476 -4.83597
    endloop
  endfacet
  facet normal 0.809058 -0 0.587728
    outer loop
      vertex 19.4559 70.7476 -9.78976
      vertex 19.7019 72.7476 -10.1284
      vertex 19.4559 72.7476 -9.78976
    endloop
  endfacet
  facet normal 0.809058 0 0.587728
    outer loop
      vertex 19.7019 72.7476 -10.1284
      vertex 19.4559 70.7476 -9.78976
      vertex 19.7019 70.7476 -10.1284
    endloop
  endfacet
  facet normal 0.615709 0 0.787974
    outer loop
      vertex 19.9926 72.7476 -10.4294
      vertex 20.3224 70.7476 -10.6871
      vertex 20.3224 72.7476 -10.6871
    endloop
  endfacet
  facet normal 0.615709 0 0.787974
    outer loop
      vertex 20.3224 70.7476 -10.6871
      vertex 19.9926 72.7476 -10.4294
      vertex 19.9926 70.7476 -10.4294
    endloop
  endfacet
  facet normal -0.17369 0 0.9848
    outer loop
      vertex 52.3136 72.7476 -11.1836
      vertex 52.7258 70.7476 -11.1109
      vertex 52.7258 72.7476 -11.1109
    endloop
  endfacet
  facet normal -0.17369 0 0.9848
    outer loop
      vertex 52.7258 70.7476 -11.1109
      vertex 52.3136 72.7476 -11.1836
      vertex 52.3136 70.7476 -11.1836
    endloop
  endfacet
  facet normal -0.669097 0 0.743175
    outer loop
      vertex 53.847 72.7476 -10.564
      vertex 54.158 70.7476 -10.284
      vertex 54.158 72.7476 -10.284
    endloop
  endfacet
  facet normal -0.669097 0 0.743175
    outer loop
      vertex 54.158 70.7476 -10.284
      vertex 53.847 72.7476 -10.564
      vertex 53.847 70.7476 -10.564
    endloop
  endfacet
  facet normal -0.438342 0 -0.898808
    outer loop
      vertex 53.1238 70.7476 -4.41845
      vertex 53.5 72.7476 -4.60192
      vertex 53.5 70.7476 -4.60192
    endloop
  endfacet
  facet normal -0.438342 0 -0.898808
    outer loop
      vertex 53.5 72.7476 -4.60192
      vertex 53.1238 70.7476 -4.41845
      vertex 53.1238 72.7476 -4.41845
    endloop
  endfacet
  facet normal -0.848153 0 0.529752
    outer loop
      vertex 54.4271 70.7476 -9.96336
      vertex 54.6488 72.7476 -9.60841
      vertex 54.4271 72.7476 -9.96336
    endloop
  endfacet
  facet normal -0.848103 -1.94728e-05 0.529831
    outer loop
      vertex 54.6396 70.7476 -9.62321
      vertex 54.6488 72.7476 -9.60841
      vertex 54.4271 70.7476 -9.96336
    endloop
  endfacet
  facet normal -0.849285 0 0.527934
    outer loop
      vertex 54.6488 72.7476 -9.60841
      vertex 54.6396 70.7476 -9.62321
      vertex 54.6488 70.7466 -9.60841
    endloop
  endfacet
  facet normal 0.374664 0 -0.927161
    outer loop
      vertex 20.6849 70.7476 -4.50362
      vertex 21.0729 72.7476 -4.34683
      vertex 21.0729 70.7476 -4.34683
    endloop
  endfacet
  facet normal 0.374664 0 -0.927161
    outer loop
      vertex 21.0729 72.7476 -4.34683
      vertex 20.6849 70.7476 -4.50362
      vertex 20.6849 72.7476 -4.50362
    endloop
  endfacet
  facet normal -0.309064 0 -0.951041
    outer loop
      vertex 52.7258 70.7476 -4.28911
      vertex 53.1238 72.7476 -4.41845
      vertex 53.1238 70.7476 -4.41845
    endloop
  endfacet
  facet normal -0.309064 0 -0.951041
    outer loop
      vertex 53.1238 72.7476 -4.41845
      vertex 52.7258 70.7476 -4.28911
      vertex 52.7258 72.7476 -4.28911
    endloop
  endfacet
  facet normal 0.939654 -0 0.342127
    outer loop
      vertex 19.1162 70.7476 -9.02691
      vertex 19.2594 72.7476 -9.42021
      vertex 19.1162 72.7476 -9.02691
    endloop
  endfacet
  facet normal 0.939654 0 0.342127
    outer loop
      vertex 19.2594 72.7476 -9.42021
      vertex 19.1162 70.7476 -9.02691
      vertex 19.2594 70.7476 -9.42021
    endloop
  endfacet
  facet normal -0.913486 0 -0.40687
    outer loop
      vertex 54.8191 72.7476 -6.17394
      vertex 54.6488 70.7466 -5.79159
      vertex 54.6488 72.7476 -5.79159
    endloop
  endfacet
  facet normal -0.913486 0 -0.40687
    outer loop
      vertex 54.6488 70.7466 -5.79159
      vertex 54.8191 72.7476 -6.17394
      vertex 54.8191 70.7287 -6.17394
    endloop
  endfacet
  facet normal 0.719387 0 -0.694609
    outer loop
      vertex 19.9926 70.7476 -4.97057
      vertex 19.7019 72.7476 -5.27164
      vertex 19.9926 72.7476 -4.97057
    endloop
  endfacet
  facet normal 0.719387 0 -0.694609
    outer loop
      vertex 19.7019 72.7476 -5.27164
      vertex 19.9926 70.7476 -4.97057
      vertex 19.7019 70.7476 -5.27164
    endloop
  endfacet
  facet normal -0.4384 0 0.89878
    outer loop
      vertex 53.1238 72.7476 -10.9816
      vertex 53.5 70.7476 -10.7981
      vertex 53.5 72.7476 -10.7981
    endloop
  endfacet
  facet normal -0.4384 0 0.89878
    outer loop
      vertex 53.5 70.7476 -10.7981
      vertex 53.1238 72.7476 -10.9816
      vertex 53.1238 70.7476 -10.9816
    endloop
  endfacet
  facet normal -0.848153 -1.8662e-05 -0.529752
    outer loop
      vertex 54.6488 72.7476 -5.79159
      vertex 54.6396 70.7476 -5.77679
      vertex 54.4271 72.7476 -5.43664
    endloop
  endfacet
  facet normal -0.849285 0 -0.527934
    outer loop
      vertex 54.6396 70.7476 -5.77679
      vertex 54.6488 72.7476 -5.79159
      vertex 54.6488 70.7466 -5.79159
    endloop
  endfacet
  facet normal -0.848103 -0 -0.529831
    outer loop
      vertex 54.4271 72.7476 -5.43664
      vertex 54.6396 70.7476 -5.77679
      vertex 54.4271 70.7476 -5.43664
    endloop
  endfacet
  facet normal 1 -0 0
    outer loop
      vertex 19 70.7476 -7.2
      vertex 19 72.7476 -8.2
      vertex 19 72.7476 -7.2
    endloop
  endfacet
  facet normal 1 0 0
    outer loop
      vertex 19 72.7476 -8.2
      vertex 19 70.7476 -7.2
      vertex 19 70.7476 -8.2
    endloop
  endfacet
  facet normal -0.559268 0 0.828987
    outer loop
      vertex 53.5 72.7476 -10.7981
      vertex 53.847 70.7476 -10.564
      vertex 53.847 72.7476 -10.564
    endloop
  endfacet
  facet normal -0.559268 0 0.828987
    outer loop
      vertex 53.847 70.7476 -10.564
      vertex 53.5 72.7476 -10.7981
      vertex 53.5 70.7476 -10.7981
    endloop
  endfacet
  facet normal 0.997563 0 -0.0697664
    outer loop
      vertex 19.0292 70.7476 -6.78248
      vertex 19 72.7476 -7.2
      vertex 19.0292 72.7476 -6.78248
    endloop
  endfacet
  facet normal 0.997563 0 -0.0697664
    outer loop
      vertex 19 72.7476 -7.2
      vertex 19.0292 70.7476 -6.78248
      vertex 19 70.7476 -7.2
    endloop
  endfacet
  facet normal 0.882941 -0 0.469484
    outer loop
      vertex 19.2594 70.7476 -9.42021
      vertex 19.4559 72.7476 -9.78976
      vertex 19.2594 72.7476 -9.42021
    endloop
  endfacet
  facet normal 0.882941 0 0.469484
    outer loop
      vertex 19.4559 72.7476 -9.78976
      vertex 19.2594 70.7476 -9.42021
      vertex 19.4559 70.7476 -9.78976
    endloop
  endfacet
  facet normal 0.809025 0 -0.587774
    outer loop
      vertex 19.7019 70.7476 -5.27164
      vertex 19.4559 72.7476 -5.61024
      vertex 19.7019 72.7476 -5.27164
    endloop
  endfacet
  facet normal 0.809025 0 -0.587774
    outer loop
      vertex 19.4559 72.7476 -5.61024
      vertex 19.7019 70.7476 -5.27164
      vertex 19.4559 70.7476 -5.61024
    endloop
  endfacet
  facet normal -0.990251 0 -0.139294
    outer loop
      vertex 54.9927 72.7476 -6.99073
      vertex 54.9344 70.7166 -6.57627
      vertex 54.9344 72.7476 -6.57627
    endloop
  endfacet
  facet normal -0.990251 0 -0.139294
    outer loop
      vertex 54.9344 70.7166 -6.57627
      vertex 54.9927 72.7476 -6.99073
      vertex 54.9927 70.7104 -6.99073
    endloop
  endfacet
  facet normal 0.882941 0 -0.469484
    outer loop
      vertex 19.4559 70.7476 -5.61024
      vertex 19.2594 72.7476 -5.97979
      vertex 19.4559 72.7476 -5.61024
    endloop
  endfacet
  facet normal 0.882941 0 -0.469484
    outer loop
      vertex 19.2594 72.7476 -5.97979
      vertex 19.4559 70.7476 -5.61024
      vertex 19.2594 70.7476 -5.97979
    endloop
  endfacet
  facet normal 0.719307 -0 0.694693
    outer loop
      vertex 19.7019 70.7476 -10.1284
      vertex 19.9926 72.7476 -10.4294
      vertex 19.7019 72.7476 -10.1284
    endloop
  endfacet
  facet normal 0.719307 0 0.694693
    outer loop
      vertex 19.9926 72.7476 -10.4294
      vertex 19.7019 70.7476 -10.1284
      vertex 19.9926 70.7476 -10.4294
    endloop
  endfacet
  facet normal -0.173644 0 -0.984809
    outer loop
      vertex 52.3136 70.7476 -4.21643
      vertex 52.7258 72.7476 -4.28911
      vertex 52.7258 70.7476 -4.28911
    endloop
  endfacet
  facet normal -0.173644 0 -0.984809
    outer loop
      vertex 52.7258 72.7476 -4.28911
      vertex 52.3136 70.7476 -4.21643
      vertex 52.3136 72.7476 -4.21643
    endloop
  endfacet
  facet normal 0.978157 0 -0.207869
    outer loop
      vertex 19.1162 70.7476 -6.37309
      vertex 19.0292 72.7476 -6.78248
      vertex 19.1162 72.7476 -6.37309
    endloop
  endfacet
  facet normal 0.978157 0 -0.207869
    outer loop
      vertex 19.0292 72.7476 -6.78248
      vertex 19.1162 70.7476 -6.37309
      vertex 19.0292 70.7476 -6.78248
    endloop
  endfacet
  facet normal -0.961304 0 -0.275491
    outer loop
      vertex 54.9344 72.7476 -6.57627
      vertex 54.8191 70.7287 -6.17394
      vertex 54.8191 72.7476 -6.17394
    endloop
  endfacet
  facet normal -0.961304 0 -0.275491
    outer loop
      vertex 54.8191 70.7287 -6.17394
      vertex 54.9344 72.7476 -6.57627
      vertex 54.9344 70.7166 -6.57627
    endloop
  endfacet
  facet normal 0.978157 -0 0.207869
    outer loop
      vertex 19.0292 70.7476 -8.61752
      vertex 19.1162 72.7476 -9.02691
      vertex 19.0292 72.7476 -8.61752
    endloop
  endfacet
  facet normal 0.978157 0 0.207869
    outer loop
      vertex 19.1162 72.7476 -9.02691
      vertex 19.0292 70.7476 -8.61752
      vertex 19.1162 70.7476 -9.02691
    endloop
  endfacet
  facet normal 0.500019 0 0.866015
    outer loop
      vertex 20.3224 72.7476 -10.6871
      vertex 20.6849 70.7476 -10.8964
      vertex 20.6849 72.7476 -10.8964
    endloop
  endfacet
  facet normal 0.500019 0 0.866015
    outer loop
      vertex 20.6849 70.7476 -10.8964
      vertex 20.3224 72.7476 -10.6871
      vertex 20.3224 70.7476 -10.6871
    endloop
  endfacet
  facet normal -0.308978 0 0.951069
    outer loop
      vertex 52.7258 72.7476 -11.1109
      vertex 53.1238 70.7476 -10.9816
      vertex 53.1238 72.7476 -10.9816
    endloop
  endfacet
  facet normal -0.308978 0 0.951069
    outer loop
      vertex 53.1238 70.7476 -10.9816
      vertex 52.7258 72.7476 -11.1109
      vertex 52.7258 70.7476 -11.1109
    endloop
  endfacet
  facet normal 0 -0.642789 -0.766044
    outer loop
      vertex 58.5 27.0878 11.309
      vertex 60.5 27.1947 11.2193
      vertex 60.5 27.0878 11.309
    endloop
  endfacet
  facet normal -0 -0.642789 -0.766044
    outer loop
      vertex 60.5 27.1947 11.2193
      vertex 58.5 27.0878 11.309
      vertex 58.5 27.1947 11.2193
    endloop
  endfacet
  facet normal 0 0.898686 -0.438593
    outer loop
      vertex 60.5 -18.4272 10.8746
      vertex 58.5 -18.366 11
      vertex 60.5 -18.366 11
    endloop
  endfacet
  facet normal 0 0.898686 -0.438593
    outer loop
      vertex 58.5 -18.366 11
      vertex 60.5 -18.4272 10.8746
      vertex 58.5 -18.4272 10.8746
    endloop
  endfacet
  facet normal 0 -0.74308 -0.669202
    outer loop
      vertex 58.5 27.288 11.1157
      vertex 60.5 27.1947 11.2193
      vertex 58.5 27.1947 11.2193
    endloop
  endfacet
  facet normal 0 -0.74308 -0.669202
    outer loop
      vertex 60.5 27.1947 11.2193
      vertex 58.5 27.288 11.1157
      vertex 60.5 27.288 11.1157
    endloop
  endfacet
  facet normal 0 -0.984841 -0.173458
    outer loop
      vertex 58.5 27.4945 10.6045
      vertex 60.5 27.4703 10.7419
      vertex 58.5 27.4703 10.7419
    endloop
  endfacet
  facet normal 0 -0.984841 -0.173458
    outer loop
      vertex 60.5 27.4703 10.7419
      vertex 58.5 27.4945 10.6045
      vertex 60.5 27.4945 10.6045
    endloop
  endfacet
  facet normal 0 0.275289 -0.961361
    outer loop
      vertex 58.5 -17.842 11.4397
      vertex 60.5 -17.7079 11.4781
      vertex 60.5 -17.842 11.4397
    endloop
  endfacet
  facet normal 0 0.275289 -0.961361
    outer loop
      vertex 60.5 -17.7079 11.4781
      vertex 58.5 -17.842 11.4397
      vertex 58.5 -17.7079 11.4781
    endloop
  endfacet
  facet normal 0 0 -1
    outer loop
      vertex 58.5 -17.5698 11.4976
      vertex 60.5 26.5698 11.4976
      vertex 60.5 -17.5698 11.4976
    endloop
  endfacet
  facet normal -0 0 -1
    outer loop
      vertex 60.5 26.5698 11.4976
      vertex 58.5 -17.5698 11.4976
      vertex 58.5 26.5698 11.4976
    endloop
  endfacet
  facet normal 0 0.994509 0.104647
    outer loop
      vertex 60.5 -18.4848 4.32635
      vertex 58.5 -18.4994 4.4651
      vertex 60.5 -18.4994 4.4651
    endloop
  endfacet
  facet normal 0 0.994509 0.104647
    outer loop
      vertex 58.5 -18.4994 4.4651
      vertex 60.5 -18.4848 4.32635
      vertex 58.5 -18.4848 4.32635
    endloop
  endfacet
  facet normal 0 -0.898686 -0.438593
    outer loop
      vertex 58.5 27.4272 10.8746
      vertex 60.5 27.366 11
      vertex 58.5 27.366 11
    endloop
  endfacet
  facet normal 0 -0.898686 -0.438593
    outer loop
      vertex 60.5 27.366 11
      vertex 58.5 27.4272 10.8746
      vertex 60.5 27.4272 10.8746
    endloop
  endfacet
  facet normal 0 0.984841 -0.173458
    outer loop
      vertex 60.5 -18.4945 10.6045
      vertex 58.5 -18.4703 10.7419
      vertex 60.5 -18.4703 10.7419
    endloop
  endfacet
  facet normal 0 0.984841 -0.173458
    outer loop
      vertex 58.5 -18.4703 10.7419
      vertex 60.5 -18.4945 10.6045
      vertex 58.5 -18.4945 10.6045
    endloop
  endfacet
  facet normal 0 -0.20803 0.978122
    outer loop
      vertex 58.5 26.7756 3.53874
      vertex 60.5 26.6392 3.50973
      vertex 60.5 26.7756 3.53874
    endloop
  endfacet
  facet normal 0 -0.20803 0.978122
    outer loop
      vertex 60.5 26.6392 3.50973
      vertex 58.5 26.7756 3.53874
      vertex 58.5 26.6392 3.50973
    endloop
  endfacet
  facet normal -0 0 1
    outer loop
      vertex 58.5 -8.16577 3.5
      vertex 60.5 -17.5 3.5
      vertex 60.5 -8.16577 3.5
    endloop
  endfacet
  facet normal 0 0 1
    outer loop
      vertex 60.5 -17.5 3.5
      vertex 58.5 -8.16577 3.5
      vertex 58.5 -17.5 3.5
    endloop
  endfacet
  facet normal -0 0 1
    outer loop
      vertex 58.5 26.5 3.5
      vertex 60.5 8.76577 3.5
      vertex 60.5 26.5 3.5
    endloop
  endfacet
  facet normal 0 0 1
    outer loop
      vertex 60.5 8.76577 3.5
      vertex 58.5 26.5 3.5
      vertex 58.5 8.76577 3.5
    endloop
  endfacet
  facet normal 0 -0.999383 -0.035129
    outer loop
      vertex 58.5 27.4994 10.4651
      vertex 60.5 27.4945 10.6045
      vertex 58.5 27.4945 10.6045
    endloop
  endfacet
  facet normal 0 -0.999383 -0.035129
    outer loop
      vertex 60.5 27.4945 10.6045
      vertex 58.5 27.4994 10.4651
      vertex 60.5 27.4994 10.4651
    endloop
  endfacet
  facet normal 0 -0.694849 0.719156
    outer loop
      vertex 58.5 27.2431 3.83087
      vertex 60.5 27.1428 3.73396
      vertex 60.5 27.2431 3.83087
    endloop
  endfacet
  facet normal 0 -0.694849 0.719156
    outer loop
      vertex 60.5 27.1428 3.73396
      vertex 58.5 27.2431 3.83087
      vertex 58.5 27.1428 3.73396
    endloop
  endfacet
  facet normal 0 -0.994509 0.104647
    outer loop
      vertex 58.5 27.4848 4.32635
      vertex 60.5 27.4994 4.4651
      vertex 58.5 27.4994 4.4651
    endloop
  endfacet
  facet normal 0 -0.994509 0.104647
    outer loop
      vertex 60.5 27.4994 4.4651
      vertex 58.5 27.4848 4.32635
      vertex 60.5 27.4848 4.32635
    endloop
  endfacet
  facet normal 0 0.999383 -0.035129
    outer loop
      vertex 60.5 -18.4994 10.4651
      vertex 58.5 -18.4945 10.6045
      vertex 60.5 -18.4945 10.6045
    endloop
  endfacet
  facet normal 0 0.999383 -0.035129
    outer loop
      vertex 58.5 -18.4945 10.6045
      vertex 60.5 -18.4994 10.4651
      vertex 58.5 -18.4994 10.4651
    endloop
  endfacet
  facet normal 0 1 -0
    outer loop
      vertex 60.5 -18.4994 4.4651
      vertex 58.5 -18.4994 10.4651
      vertex 60.5 -18.4994 10.4651
    endloop
  endfacet
  facet normal 0 1 0
    outer loop
      vertex 58.5 -18.4994 10.4651
      vertex 60.5 -18.4994 4.4651
      vertex 58.5 -18.4994 4.4651
    endloop
  endfacet
  facet normal 0 0.642789 -0.766044
    outer loop
      vertex 58.5 -18.1947 11.2193
      vertex 60.5 -18.0878 11.309
      vertex 60.5 -18.1947 11.2193
    endloop
  endfacet
  facet normal 0 0.642789 -0.766044
    outer loop
      vertex 60.5 -18.0878 11.309
      vertex 58.5 -18.1947 11.2193
      vertex 58.5 -18.0878 11.309
    endloop
  endfacet
  facet normal 0 -0.529806 -0.848119
    outer loop
      vertex 58.5 26.9695 11.3829
      vertex 60.5 27.0878 11.309
      vertex 60.5 26.9695 11.3829
    endloop
  endfacet
  facet normal -0 -0.529806 -0.848119
    outer loop
      vertex 60.5 27.0878 11.309
      vertex 58.5 26.9695 11.3829
      vertex 58.5 27.0878 11.309
    endloop
  endfacet
  facet normal 0 -0.787992 0.615686
    outer loop
      vertex 58.5 27.2431 3.83087
      vertex 60.5 27.329 3.94081
      vertex 58.5 27.329 3.94081
    endloop
  endfacet
  facet normal 0 -0.787992 0.615686
    outer loop
      vertex 60.5 27.329 3.94081
      vertex 58.5 27.2431 3.83087
      vertex 60.5 27.2431 3.83087
    endloop
  endfacet
  facet normal 0 0.529806 -0.848119
    outer loop
      vertex 58.5 -18.0878 11.309
      vertex 60.5 -17.9695 11.3829
      vertex 60.5 -18.0878 11.309
    endloop
  endfacet
  facet normal 0 0.529806 -0.848119
    outer loop
      vertex 60.5 -17.9695 11.3829
      vertex 58.5 -18.0878 11.309
      vertex 58.5 -17.9695 11.3829
    endloop
  endfacet
  facet normal 0 0.829173 -0.558993
    outer loop
      vertex 60.5 -18.366 11
      vertex 58.5 -18.288 11.1157
      vertex 60.5 -18.288 11.1157
    endloop
  endfacet
  facet normal 0 0.829173 -0.558993
    outer loop
      vertex 58.5 -18.288 11.1157
      vertex 60.5 -18.366 11
      vertex 58.5 -18.366 11
    endloop
  endfacet
  facet normal 0 -0.0697293 0.997566
    outer loop
      vertex 58.5 26.6392 3.50973
      vertex 60.5 26.5 3.5
      vertex 60.5 26.6392 3.50973
    endloop
  endfacet
  facet normal 0 -0.0697293 0.997566
    outer loop
      vertex 60.5 26.5 3.5
      vertex 58.5 26.6392 3.50973
      vertex 58.5 26.5 3.5
    endloop
  endfacet
  facet normal 0 -0.951092 -0.308908
    outer loop
      vertex 58.5 27.4703 10.7419
      vertex 60.5 27.4272 10.8746
      vertex 58.5 27.4272 10.8746
    endloop
  endfacet
  facet normal 0 -0.951092 -0.308908
    outer loop
      vertex 60.5 27.4272 10.8746
      vertex 58.5 27.4703 10.7419
      vertex 60.5 27.4703 10.7419
    endloop
  endfacet
  facet normal 0 -0.587707 0.809074
    outer loop
      vertex 58.5 27.1428 3.73396
      vertex 60.5 27.0299 3.65195
      vertex 60.5 27.1428 3.73396
    endloop
  endfacet
  facet normal 0 -0.587707 0.809074
    outer loop
      vertex 60.5 27.0299 3.65195
      vertex 58.5 27.1428 3.73396
      vertex 58.5 27.0299 3.65195
    endloop
  endfacet
  facet normal 0 -0.970382 0.241574
    outer loop
      vertex 58.5 27.4511 4.19098
      vertex 60.5 27.4848 4.32635
      vertex 58.5 27.4848 4.32635
    endloop
  endfacet
  facet normal 0 -0.970382 0.241574
    outer loop
      vertex 60.5 27.4848 4.32635
      vertex 58.5 27.4511 4.19098
      vertex 60.5 27.4511 4.19098
    endloop
  endfacet
  facet normal 0 -0.139815 -0.990178
    outer loop
      vertex 58.5 26.5698 11.4976
      vertex 60.5 26.7079 11.4781
      vertex 60.5 26.5698 11.4976
    endloop
  endfacet
  facet normal -0 -0.139815 -0.990178
    outer loop
      vertex 60.5 26.7079 11.4781
      vertex 58.5 26.5698 11.4976
      vertex 58.5 26.7079 11.4781
    endloop
  endfacet
  facet normal 0 0.139815 -0.990178
    outer loop
      vertex 58.5 -17.7079 11.4781
      vertex 60.5 -17.5698 11.4976
      vertex 60.5 -17.7079 11.4781
    endloop
  endfacet
  facet normal 0 0.139815 -0.990178
    outer loop
      vertex 60.5 -17.5698 11.4976
      vertex 58.5 -17.7079 11.4781
      vertex 58.5 -17.5698 11.4976
    endloop
  endfacet
  facet normal 0 -0.927086 0.374848
    outer loop
      vertex 58.5 27.3988 4.06163
      vertex 60.5 27.4511 4.19098
      vertex 58.5 27.4511 4.19098
    endloop
  endfacet
  facet normal 0 -0.927086 0.374848
    outer loop
      vertex 60.5 27.4511 4.19098
      vertex 58.5 27.3988 4.06163
      vertex 60.5 27.3988 4.06163
    endloop
  endfacet
  facet normal 0 -1 0
    outer loop
      vertex 58.5 27.4994 4.4651
      vertex 60.5 27.4994 10.4651
      vertex 58.5 27.4994 10.4651
    endloop
  endfacet
  facet normal 0 -1 -0
    outer loop
      vertex 60.5 27.4994 10.4651
      vertex 58.5 27.4994 4.4651
      vertex 60.5 27.4994 4.4651
    endloop
  endfacet
  facet normal 0 0.74308 -0.669202
    outer loop
      vertex 60.5 -18.288 11.1157
      vertex 58.5 -18.1947 11.2193
      vertex 60.5 -18.1947 11.2193
    endloop
  endfacet
  facet normal 0 0.74308 -0.669202
    outer loop
      vertex 58.5 -18.1947 11.2193
      vertex 60.5 -18.288 11.1157
      vertex 58.5 -18.288 11.1157
    endloop
  endfacet
  facet normal 0 -0.342042 0.939685
    outer loop
      vertex 58.5 26.9067 3.58646
      vertex 60.5 26.7756 3.53874
      vertex 60.5 26.9067 3.58646
    endloop
  endfacet
  facet normal 0 -0.342042 0.939685
    outer loop
      vertex 60.5 26.7756 3.53874
      vertex 58.5 26.9067 3.58646
      vertex 58.5 26.7756 3.53874
    endloop
  endfacet
  facet normal 0 0.787992 0.615686
    outer loop
      vertex 60.5 -18.2431 3.83087
      vertex 58.5 -18.329 3.94081
      vertex 60.5 -18.329 3.94081
    endloop
  endfacet
  facet normal 0 0.787992 0.615686
    outer loop
      vertex 58.5 -18.329 3.94081
      vertex 60.5 -18.2431 3.83087
      vertex 58.5 -18.2431 3.83087
    endloop
  endfacet
  facet normal 0 -0.469379 0.882997
    outer loop
      vertex 58.5 27.0299 3.65195
      vertex 60.5 26.9067 3.58646
      vertex 60.5 27.0299 3.65195
    endloop
  endfacet
  facet normal 0 -0.469379 0.882997
    outer loop
      vertex 60.5 26.9067 3.58646
      vertex 58.5 27.0299 3.65195
      vertex 58.5 26.9067 3.58646
    endloop
  endfacet
  facet normal 0 0.951092 -0.308908
    outer loop
      vertex 60.5 -18.4703 10.7419
      vertex 58.5 -18.4272 10.8746
      vertex 60.5 -18.4272 10.8746
    endloop
  endfacet
  facet normal 0 0.951092 -0.308908
    outer loop
      vertex 58.5 -18.4272 10.8746
      vertex 60.5 -18.4703 10.7419
      vertex 58.5 -18.4703 10.7419
    endloop
  endfacet
  facet normal 0 -0.865887 0.500239
    outer loop
      vertex 58.5 27.329 3.94081
      vertex 60.5 27.3988 4.06163
      vertex 58.5 27.3988 4.06163
    endloop
  endfacet
  facet normal 0 -0.865887 0.500239
    outer loop
      vertex 60.5 27.3988 4.06163
      vertex 58.5 27.329 3.94081
      vertex 60.5 27.329 3.94081
    endloop
  endfacet
  facet normal -0 0.20803 0.978122
    outer loop
      vertex 58.5 -17.6392 3.50973
      vertex 60.5 -17.7756 3.53874
      vertex 60.5 -17.6392 3.50973
    endloop
  endfacet
  facet normal 0 0.20803 0.978122
    outer loop
      vertex 60.5 -17.7756 3.53874
      vertex 58.5 -17.6392 3.50973
      vertex 58.5 -17.7756 3.53874
    endloop
  endfacet
  facet normal 0 -0.275289 -0.961361
    outer loop
      vertex 58.5 26.7079 11.4781
      vertex 60.5 26.842 11.4397
      vertex 60.5 26.7079 11.4781
    endloop
  endfacet
  facet normal -0 -0.275289 -0.961361
    outer loop
      vertex 60.5 26.842 11.4397
      vertex 58.5 26.7079 11.4781
      vertex 58.5 26.842 11.4397
    endloop
  endfacet
  facet normal 0 -0.406936 -0.913457
    outer loop
      vertex 58.5 26.842 11.4397
      vertex 60.5 26.9695 11.3829
      vertex 60.5 26.842 11.4397
    endloop
  endfacet
  facet normal -0 -0.406936 -0.913457
    outer loop
      vertex 60.5 26.9695 11.3829
      vertex 58.5 26.842 11.4397
      vertex 58.5 26.9695 11.3829
    endloop
  endfacet
  facet normal 0 0.406936 -0.913457
    outer loop
      vertex 58.5 -17.9695 11.3829
      vertex 60.5 -17.842 11.4397
      vertex 60.5 -17.9695 11.3829
    endloop
  endfacet
  facet normal 0 0.406936 -0.913457
    outer loop
      vertex 60.5 -17.842 11.4397
      vertex 58.5 -17.9695 11.3829
      vertex 58.5 -17.842 11.4397
    endloop
  endfacet
  facet normal 0 -0.829173 -0.558993
    outer loop
      vertex 58.5 27.366 11
      vertex 60.5 27.288 11.1157
      vertex 58.5 27.288 11.1157
    endloop
  endfacet
  facet normal 0 -0.829173 -0.558993
    outer loop
      vertex 60.5 27.288 11.1157
      vertex 58.5 27.366 11
      vertex 60.5 27.366 11
    endloop
  endfacet
  facet normal 0 0.865887 0.500239
    outer loop
      vertex 60.5 -18.329 3.94081
      vertex 58.5 -18.3988 4.06163
      vertex 60.5 -18.3988 4.06163
    endloop
  endfacet
  facet normal 0 0.865887 0.500239
    outer loop
      vertex 58.5 -18.3988 4.06163
      vertex 60.5 -18.329 3.94081
      vertex 58.5 -18.329 3.94081
    endloop
  endfacet
  facet normal -0 0.0697293 0.997566
    outer loop
      vertex 58.5 -17.5 3.5
      vertex 60.5 -17.6392 3.50973
      vertex 60.5 -17.5 3.5
    endloop
  endfacet
  facet normal 0 0.0697293 0.997566
    outer loop
      vertex 60.5 -17.6392 3.50973
      vertex 58.5 -17.5 3.5
      vertex 58.5 -17.6392 3.50973
    endloop
  endfacet
  facet normal -0 0.469379 0.882997
    outer loop
      vertex 58.5 -17.9067 3.58646
      vertex 60.5 -18.0299 3.65195
      vertex 60.5 -17.9067 3.58646
    endloop
  endfacet
  facet normal 0 0.469379 0.882997
    outer loop
      vertex 60.5 -18.0299 3.65195
      vertex 58.5 -17.9067 3.58646
      vertex 58.5 -18.0299 3.65195
    endloop
  endfacet
  facet normal -0 0.587707 0.809074
    outer loop
      vertex 58.5 -18.0299 3.65195
      vertex 60.5 -18.1428 3.73396
      vertex 60.5 -18.0299 3.65195
    endloop
  endfacet
  facet normal 0 0.587707 0.809074
    outer loop
      vertex 60.5 -18.1428 3.73396
      vertex 58.5 -18.0299 3.65195
      vertex 58.5 -18.1428 3.73396
    endloop
  endfacet
  facet normal -0 0.694849 0.719156
    outer loop
      vertex 58.5 -18.1428 3.73396
      vertex 60.5 -18.2431 3.83087
      vertex 60.5 -18.1428 3.73396
    endloop
  endfacet
  facet normal 0 0.694849 0.719156
    outer loop
      vertex 60.5 -18.2431 3.83087
      vertex 58.5 -18.1428 3.73396
      vertex 58.5 -18.2431 3.83087
    endloop
  endfacet
  facet normal -0 0.342042 0.939685
    outer loop
      vertex 58.5 -17.7756 3.53874
      vertex 60.5 -17.9067 3.58646
      vertex 60.5 -17.7756 3.53874
    endloop
  endfacet
  facet normal 0 0.342042 0.939685
    outer loop
      vertex 60.5 -17.9067 3.58646
      vertex 58.5 -17.7756 3.53874
      vertex 58.5 -17.9067 3.58646
    endloop
  endfacet
  facet normal 0 0.970382 0.241574
    outer loop
      vertex 60.5 -18.4511 4.19098
      vertex 58.5 -18.4848 4.32635
      vertex 60.5 -18.4848 4.32635
    endloop
  endfacet
  facet normal 0 0.970382 0.241574
    outer loop
      vertex 58.5 -18.4848 4.32635
      vertex 60.5 -18.4511 4.19098
      vertex 58.5 -18.4511 4.19098
    endloop
  endfacet
  facet normal 0 0.927086 0.374848
    outer loop
      vertex 60.5 -18.3988 4.06163
      vertex 58.5 -18.4511 4.19098
      vertex 60.5 -18.4511 4.19098
    endloop
  endfacet
  facet normal 0 0.927086 0.374848
    outer loop
      vertex 58.5 -18.4511 4.19098
      vertex 60.5 -18.3988 4.06163
      vertex 58.5 -18.3988 4.06163
    endloop
  endfacet
  facet normal 0 -0.0697442 0.997565
    outer loop
      vertex 58.5 7.93917 2.75973
      vertex 60.5 7.8 2.75
      vertex 60.5 7.93917 2.75973
    endloop
  endfacet
  facet normal 0 -0.0697442 0.997565
    outer loop
      vertex 60.5 7.8 2.75
      vertex 58.5 7.93917 2.75973
      vertex 58.5 7.8 2.75
    endloop
  endfacet
  facet normal -0 0 1
    outer loop
      vertex 58.5 7.8 2.75
      vertex 60.5 -7.2 2.75
      vertex 60.5 7.8 2.75
    endloop
  endfacet
  facet normal 0 0 1
    outer loop
      vertex 60.5 -7.2 2.75
      vertex 58.5 7.8 2.75
      vertex 58.5 -7.2 2.75
    endloop
  endfacet
  facet normal 0 -0.342042 0.939685
    outer loop
      vertex 58.5 8.20674 2.83646
      vertex 60.5 8.07564 2.78874
      vertex 60.5 8.20674 2.83646
    endloop
  endfacet
  facet normal 0 -0.342042 0.939685
    outer loop
      vertex 60.5 8.07564 2.78874
      vertex 58.5 8.20674 2.83646
      vertex 58.5 8.07564 2.78874
    endloop
  endfacet
  facet normal 0 -0.69467 0.719329
    outer loop
      vertex 58.5 8.54314 3.08087
      vertex 60.5 8.44279 2.98396
      vertex 60.5 8.54314 3.08087
    endloop
  endfacet
  facet normal 0 -0.69467 0.719329
    outer loop
      vertex 60.5 8.44279 2.98396
      vertex 58.5 8.54314 3.08087
      vertex 58.5 8.44279 2.98396
    endloop
  endfacet
  facet normal -0 0.342042 0.939685
    outer loop
      vertex 58.5 -7.47564 2.78874
      vertex 60.5 -7.60674 2.83646
      vertex 60.5 -7.47564 2.78874
    endloop
  endfacet
  facet normal 0 0.342042 0.939685
    outer loop
      vertex 60.5 -7.60674 2.83646
      vertex 58.5 -7.47564 2.78874
      vertex 58.5 -7.60674 2.83646
    endloop
  endfacet
  facet normal 0 -0.207928 0.978144
    outer loop
      vertex 58.5 8.07564 2.78874
      vertex 60.5 7.93917 2.75973
      vertex 60.5 8.07564 2.78874
    endloop
  endfacet
  facet normal 0 -0.207928 0.978144
    outer loop
      vertex 60.5 7.93917 2.75973
      vertex 58.5 8.07564 2.78874
      vertex 58.5 7.93917 2.75973
    endloop
  endfacet
  facet normal -0 0.207928 0.978144
    outer loop
      vertex 58.5 -7.33917 2.75973
      vertex 60.5 -7.47564 2.78874
      vertex 60.5 -7.33917 2.75973
    endloop
  endfacet
  facet normal 0 0.207928 0.978144
    outer loop
      vertex 60.5 -7.47564 2.78874
      vertex 58.5 -7.33917 2.75973
      vertex 58.5 -7.47564 2.78874
    endloop
  endfacet
  facet normal -0 0.0697442 0.997565
    outer loop
      vertex 58.5 -7.2 2.75
      vertex 60.5 -7.33917 2.75973
      vertex 60.5 -7.2 2.75
    endloop
  endfacet
  facet normal 0 0.0697442 0.997565
    outer loop
      vertex 60.5 -7.33917 2.75973
      vertex 58.5 -7.2 2.75
      vertex 58.5 -7.33917 2.75973
    endloop
  endfacet
  facet normal 0 -0.927161 0.374663
    outer loop
      vertex 58.5 8.69879 3.31163
      vertex 60.5 8.75106 3.44098
      vertex 58.5 8.75106 3.44098
    endloop
  endfacet
  facet normal 0 -0.927161 0.374663
    outer loop
      vertex 60.5 8.75106 3.44098
      vertex 58.5 8.69879 3.31163
      vertex 60.5 8.69879 3.31163
    endloop
  endfacet
  facet normal 0 -0.970316 0.241839
    outer loop
      vertex 58.5 8.75106 3.44098
      vertex 60.5 8.76577 3.5
      vertex 58.5 8.76577 3.5
    endloop
  endfacet
  facet normal 0 -0.970316 0.241839
    outer loop
      vertex 60.5 8.76577 3.5
      vertex 58.5 8.75106 3.44098
      vertex 60.5 8.75106 3.44098
    endloop
  endfacet
  facet normal 0 -0.469438 0.882965
    outer loop
      vertex 58.5 8.32992 2.90195
      vertex 60.5 8.20674 2.83646
      vertex 60.5 8.32992 2.90195
    endloop
  endfacet
  facet normal 0 -0.469438 0.882965
    outer loop
      vertex 60.5 8.20674 2.83646
      vertex 58.5 8.32992 2.90195
      vertex 58.5 8.20674 2.83646
    endloop
  endfacet
  facet normal 0 0.970316 0.241839
    outer loop
      vertex 60.5 -8.15106 3.44098
      vertex 58.5 -8.16577 3.5
      vertex 60.5 -8.16577 3.5
    endloop
  endfacet
  facet normal 0 0.970316 0.241839
    outer loop
      vertex 58.5 -8.16577 3.5
      vertex 60.5 -8.15106 3.44098
      vertex 58.5 -8.15106 3.44098
    endloop
  endfacet
  facet normal 0 -0.866042 0.499971
    outer loop
      vertex 58.5 8.62904 3.19081
      vertex 60.5 8.69879 3.31163
      vertex 58.5 8.69879 3.31163
    endloop
  endfacet
  facet normal 0 -0.866042 0.499971
    outer loop
      vertex 60.5 8.69879 3.31163
      vertex 58.5 8.62904 3.19081
      vertex 60.5 8.62904 3.19081
    endloop
  endfacet
  facet normal -0 0.69467 0.719329
    outer loop
      vertex 58.5 -7.84279 2.98396
      vertex 60.5 -7.94314 3.08087
      vertex 60.5 -7.84279 2.98396
    endloop
  endfacet
  facet normal 0 0.69467 0.719329
    outer loop
      vertex 60.5 -7.94314 3.08087
      vertex 58.5 -7.84279 2.98396
      vertex 58.5 -7.94314 3.08087
    endloop
  endfacet
  facet normal 0 -0.587809 0.808999
    outer loop
      vertex 58.5 8.44279 2.98396
      vertex 60.5 8.32992 2.90195
      vertex 60.5 8.44279 2.98396
    endloop
  endfacet
  facet normal 0 -0.587809 0.808999
    outer loop
      vertex 60.5 8.32992 2.90195
      vertex 58.5 8.44279 2.98396
      vertex 58.5 8.32992 2.90195
    endloop
  endfacet
  facet normal 0 -0.787992 0.615686
    outer loop
      vertex 58.5 8.54314 3.08087
      vertex 60.5 8.62904 3.19081
      vertex 58.5 8.62904 3.19081
    endloop
  endfacet
  facet normal 0 -0.787992 0.615686
    outer loop
      vertex 60.5 8.62904 3.19081
      vertex 58.5 8.54314 3.08087
      vertex 60.5 8.54314 3.08087
    endloop
  endfacet
  facet normal -0 0.469438 0.882965
    outer loop
      vertex 58.5 -7.60674 2.83646
      vertex 60.5 -7.72992 2.90195
      vertex 60.5 -7.60674 2.83646
    endloop
  endfacet
  facet normal 0 0.469438 0.882965
    outer loop
      vertex 60.5 -7.72992 2.90195
      vertex 58.5 -7.60674 2.83646
      vertex 58.5 -7.72992 2.90195
    endloop
  endfacet
  facet normal -0 0.587809 0.808999
    outer loop
      vertex 58.5 -7.72992 2.90195
      vertex 60.5 -7.84279 2.98396
      vertex 60.5 -7.72992 2.90195
    endloop
  endfacet
  facet normal 0 0.587809 0.808999
    outer loop
      vertex 60.5 -7.84279 2.98396
      vertex 58.5 -7.72992 2.90195
      vertex 58.5 -7.84279 2.98396
    endloop
  endfacet
  facet normal 0 0.787992 0.615686
    outer loop
      vertex 60.5 -7.94314 3.08087
      vertex 58.5 -8.02904 3.19081
      vertex 60.5 -8.02904 3.19081
    endloop
  endfacet
  facet normal 0 0.787992 0.615686
    outer loop
      vertex 58.5 -8.02904 3.19081
      vertex 60.5 -7.94314 3.08087
      vertex 58.5 -7.94314 3.08087
    endloop
  endfacet
  facet normal 0 0.927161 0.374663
    outer loop
      vertex 60.5 -8.09879 3.31163
      vertex 58.5 -8.15106 3.44098
      vertex 60.5 -8.15106 3.44098
    endloop
  endfacet
  facet normal 0 0.927161 0.374663
    outer loop
      vertex 58.5 -8.15106 3.44098
      vertex 60.5 -8.09879 3.31163
      vertex 58.5 -8.09879 3.31163
    endloop
  endfacet
  facet normal 0 0.866042 0.499971
    outer loop
      vertex 60.5 -8.02904 3.19081
      vertex 58.5 -8.09879 3.31163
      vertex 60.5 -8.09879 3.31163
    endloop
  endfacet
  facet normal 0 0.866042 0.499971
    outer loop
      vertex 58.5 -8.09879 3.31163
      vertex 60.5 -8.02904 3.19081
      vertex 58.5 -8.02904 3.19081
    endloop
  endfacet
  facet normal -0.173519 0.98483 0
    outer loop
      vertex 52.7338 26.8094 16.725
      vertex 52.4591 26.761 18.725
      vertex 52.7338 26.8094 18.725
    endloop
  endfacet
  facet normal -0.173519 0.98483 0
    outer loop
      vertex 52.4591 26.761 18.725
      vertex 52.7338 26.8094 16.725
      vertex 52.4591 26.761 16.725
    endloop
  endfacet
  facet normal -0.438593 0.898686 0
    outer loop
      vertex 53.25 27.018 16.725
      vertex 52.9992 26.8956 18.725
      vertex 53.25 27.018 18.725
    endloop
  endfacet
  facet normal -0.438593 0.898686 0
    outer loop
      vertex 52.9992 26.8956 18.725
      vertex 53.25 27.018 16.725
      vertex 52.9992 26.8956 16.725
    endloop
  endfacet
  facet normal -1 0 0
    outer loop
      vertex 54.2451 28.6105 16.725
      vertex 54.2451 59.8895 18.725
      vertex 54.2451 59.8895 16.725
    endloop
  endfacet
  facet normal -1 -0 0
    outer loop
      vertex 54.2451 59.8895 18.725
      vertex 54.2451 28.6105 16.725
      vertex 54.2451 28.6105 18.725
    endloop
  endfacet
  facet normal 0.882888 0.469583 0
    outer loop
      vertex 26.5539 27.6902 18.725
      vertex 26.4229 27.9365 16.725
      vertex 26.4229 27.9365 18.725
    endloop
  endfacet
  facet normal 0.882888 0.469583 0
    outer loop
      vertex 26.4229 27.9365 16.725
      vertex 26.5539 27.6902 18.725
      vertex 26.5539 27.6902 16.725
    endloop
  endfacet
  facet normal -0.669044 0.743223 0
    outer loop
      vertex 53.6887 27.3607 16.725
      vertex 53.4813 27.174 18.725
      vertex 53.6887 27.3607 18.725
    endloop
  endfacet
  facet normal -0.669044 0.743223 0
    outer loop
      vertex 53.4813 27.174 18.725
      vertex 53.6887 27.3607 16.725
      vertex 53.4813 27.174 16.725
    endloop
  endfacet
  facet normal 0.997554 0.0698969 0
    outer loop
      vertex 26.2695 28.4717 18.725
      vertex 26.25 28.75 16.725
      vertex 26.25 28.75 18.725
    endloop
  endfacet
  facet normal 0.997554 0.0698969 0
    outer loop
      vertex 26.25 28.75 16.725
      vertex 26.2695 28.4717 18.725
      vertex 26.2695 28.4717 16.725
    endloop
  endfacet
  facet normal -0.308908 -0.951092 0
    outer loop
      vertex 52.7338 61.6906 16.725
      vertex 52.9992 61.6044 18.725
      vertex 52.7338 61.6906 18.725
    endloop
  endfacet
  facet normal -0.308908 -0.951092 -0
    outer loop
      vertex 52.9992 61.6044 18.725
      vertex 52.7338 61.6906 16.725
      vertex 52.9992 61.6044 16.725
    endloop
  endfacet
  facet normal -0.961267 -0.27562 0
    outer loop
      vertex 54.2063 60.1658 16.725
      vertex 54.1294 60.434 18.725
      vertex 54.1294 60.434 16.725
    endloop
  endfacet
  facet normal -0.961267 -0.27562 0
    outer loop
      vertex 54.1294 60.434 18.725
      vertex 54.2063 60.1658 16.725
      vertex 54.2063 60.1658 18.725
    endloop
  endfacet
  facet normal -0.913531 0.40677 0
    outer loop
      vertex 54.0159 27.8111 16.725
      vertex 54.1294 28.066 18.725
      vertex 54.1294 28.066 16.725
    endloop
  endfacet
  facet normal -0.913531 0.40677 0
    outer loop
      vertex 54.1294 28.066 18.725
      vertex 54.0159 27.8111 16.725
      vertex 54.0159 27.8111 18.725
    endloop
  endfacet
  facet normal -0.766072 0.642755 0
    outer loop
      vertex 53.6887 27.3607 16.725
      vertex 53.868 27.5744 18.725
      vertex 53.868 27.5744 16.725
    endloop
  endfacet
  facet normal -0.766072 0.642755 0
    outer loop
      vertex 53.868 27.5744 18.725
      vertex 53.6887 27.3607 16.725
      vertex 53.6887 27.3607 18.725
    endloop
  endfacet
  facet normal -0.0351164 0.999383 0
    outer loop
      vertex 52.4591 26.761 16.725
      vertex 52.1802 26.7512 18.725
      vertex 52.4591 26.761 18.725
    endloop
  endfacet
  facet normal -0.0351164 0.999383 0
    outer loop
      vertex 52.1802 26.7512 18.725
      vertex 52.4591 26.761 16.725
      vertex 52.1802 26.7512 16.725
    endloop
  endfacet
  facet normal -0.961267 0.27562 0
    outer loop
      vertex 54.1294 28.066 16.725
      vertex 54.2063 28.3342 18.725
      vertex 54.2063 28.3342 16.725
    endloop
  endfacet
  facet normal -0.961267 0.27562 0
    outer loop
      vertex 54.2063 28.3342 18.725
      vertex 54.1294 28.066 16.725
      vertex 54.1294 28.066 18.725
    endloop
  endfacet
  facet normal 0.809108 0.58766 0
    outer loop
      vertex 26.7179 27.4644 18.725
      vertex 26.5539 27.6902 16.725
      vertex 26.5539 27.6902 18.725
    endloop
  endfacet
  facet normal 0.809108 0.58766 0
    outer loop
      vertex 26.5539 27.6902 16.725
      vertex 26.7179 27.4644 18.725
      vertex 26.7179 27.4644 16.725
    endloop
  endfacet
  facet normal -0.913531 -0.40677 0
    outer loop
      vertex 54.1294 60.434 16.725
      vertex 54.0159 60.6889 18.725
      vertex 54.0159 60.6889 16.725
    endloop
  endfacet
  facet normal -0.913531 -0.40677 0
    outer loop
      vertex 54.0159 60.6889 18.725
      vertex 54.1294 60.434 16.725
      vertex 54.1294 60.434 18.725
    endloop
  endfacet
  facet normal 0 -1 0
    outer loop
      vertex 49.5 61.7488 16.725
      vertex 52.1802 61.7488 18.725
      vertex 49.5 61.7488 18.725
    endloop
  endfacet
  facet normal 0 -1 -0
    outer loop
      vertex 52.1802 61.7488 18.725
      vertex 49.5 61.7488 16.725
      vertex 52.1802 61.7488 16.725
    endloop
  endfacet
  facet normal 0 1 -0
    outer loop
      vertex 52.1802 26.7512 16.725
      vertex 28.1802 26.7512 18.725
      vertex 52.1802 26.7512 18.725
    endloop
  endfacet
  facet normal 0 1 0
    outer loop
      vertex 28.1802 26.7512 18.725
      vertex 52.1802 26.7512 16.725
      vertex 28.1802 26.7512 16.725
    endloop
  endfacet
  facet normal 1 -0 0
    outer loop
      vertex 26.25 28.75 18.725
      vertex 26.25 39.5012 16.725
      vertex 26.25 39.5012 18.725
    endloop
  endfacet
  facet normal 1 0 0
    outer loop
      vertex 26.25 39.5012 16.725
      vertex 26.25 28.75 18.725
      vertex 26.25 28.75 16.725
    endloop
  endfacet
  facet normal -0.766072 -0.642755 0
    outer loop
      vertex 53.868 60.9256 16.725
      vertex 53.6887 61.1393 18.725
      vertex 53.6887 61.1393 16.725
    endloop
  endfacet
  facet normal -0.766072 -0.642755 0
    outer loop
      vertex 53.6887 61.1393 18.725
      vertex 53.868 60.9256 16.725
      vertex 53.868 60.9256 18.725
    endloop
  endfacet
  facet normal -0.308908 0.951092 0
    outer loop
      vertex 52.9992 26.8956 16.725
      vertex 52.7338 26.8094 18.725
      vertex 52.9992 26.8956 18.725
    endloop
  endfacet
  facet normal -0.308908 0.951092 0
    outer loop
      vertex 52.7338 26.8094 18.725
      vertex 52.9992 26.8956 16.725
      vertex 52.7338 26.8094 16.725
    endloop
  endfacet
  facet normal -0.990284 -0.139063 0
    outer loop
      vertex 54.2451 59.8895 16.725
      vertex 54.2063 60.1658 18.725
      vertex 54.2063 60.1658 16.725
    endloop
  endfacet
  facet normal -0.990284 -0.139063 0
    outer loop
      vertex 54.2063 60.1658 18.725
      vertex 54.2451 59.8895 16.725
      vertex 54.2451 59.8895 18.725
    endloop
  endfacet
  facet normal -0.669044 -0.743223 0
    outer loop
      vertex 53.4813 61.326 16.725
      vertex 53.6887 61.1393 18.725
      vertex 53.4813 61.326 18.725
    endloop
  endfacet
  facet normal -0.669044 -0.743223 -0
    outer loop
      vertex 53.6887 61.1393 18.725
      vertex 53.4813 61.326 16.725
      vertex 53.6887 61.1393 16.725
    endloop
  endfacet
  facet normal -0.173519 -0.98483 0
    outer loop
      vertex 52.4591 61.739 16.725
      vertex 52.7338 61.6906 18.725
      vertex 52.4591 61.739 18.725
    endloop
  endfacet
  facet normal -0.173519 -0.98483 -0
    outer loop
      vertex 52.7338 61.6906 18.725
      vertex 52.4591 61.739 16.725
      vertex 52.7338 61.6906 16.725
    endloop
  endfacet
  facet normal -0.848059 -0.529902 0
    outer loop
      vertex 54.0159 60.6889 16.725
      vertex 53.868 60.9256 18.725
      vertex 53.868 60.9256 16.725
    endloop
  endfacet
  facet normal -0.848059 -0.529902 0
    outer loop
      vertex 53.868 60.9256 18.725
      vertex 54.0159 60.6889 16.725
      vertex 54.0159 60.6889 18.725
    endloop
  endfacet
  facet normal 0.37454 0.927211 -0
    outer loop
      vertex 27.632 26.8479 16.725
      vertex 27.3733 26.9524 18.725
      vertex 27.632 26.8479 18.725
    endloop
  endfacet
  facet normal 0.37454 0.927211 0
    outer loop
      vertex 27.3733 26.9524 18.725
      vertex 27.632 26.8479 16.725
      vertex 27.3733 26.9524 16.725
    endloop
  endfacet
  facet normal -0.990284 0.139063 0
    outer loop
      vertex 54.2063 28.3342 16.725
      vertex 54.2451 28.6105 18.725
      vertex 54.2451 28.6105 16.725
    endloop
  endfacet
  facet normal -0.990284 0.139063 0
    outer loop
      vertex 54.2451 28.6105 18.725
      vertex 54.2063 28.3342 16.725
      vertex 54.2063 28.3342 18.725
    endloop
  endfacet
  facet normal 0.104647 0.994509 -0
    outer loop
      vertex 28.1802 26.7512 16.725
      vertex 27.9027 26.7804 18.725
      vertex 28.1802 26.7512 18.725
    endloop
  endfacet
  facet normal 0.104647 0.994509 0
    outer loop
      vertex 27.9027 26.7804 18.725
      vertex 28.1802 26.7512 16.725
      vertex 27.9027 26.7804 16.725
    endloop
  endfacet
  facet normal 0.241945 0.97029 -0
    outer loop
      vertex 27.9027 26.7804 16.725
      vertex 27.632 26.8479 18.725
      vertex 27.9027 26.7804 18.725
    endloop
  endfacet
  facet normal 0.241945 0.97029 0
    outer loop
      vertex 27.632 26.8479 18.725
      vertex 27.9027 26.7804 16.725
      vertex 27.632 26.8479 16.725
    endloop
  endfacet
  facet normal 0.615651 0.788019 -0
    outer loop
      vertex 27.1316 27.0919 16.725
      vertex 26.9117 27.2637 18.725
      vertex 27.1316 27.0919 18.725
    endloop
  endfacet
  facet normal 0.615651 0.788019 0
    outer loop
      vertex 26.9117 27.2637 18.725
      vertex 27.1316 27.0919 16.725
      vertex 26.9117 27.2637 16.725
    endloop
  endfacet
  facet normal -0.559159 0.829061 0
    outer loop
      vertex 53.4813 27.174 16.725
      vertex 53.25 27.018 18.725
      vertex 53.4813 27.174 18.725
    endloop
  endfacet
  facet normal -0.559159 0.829061 0
    outer loop
      vertex 53.25 27.018 18.725
      vertex 53.4813 27.174 16.725
      vertex 53.25 27.018 16.725
    endloop
  endfacet
  facet normal 0.978168 0.207816 0
    outer loop
      vertex 26.3275 28.1987 18.725
      vertex 26.2695 28.4717 16.725
      vertex 26.2695 28.4717 18.725
    endloop
  endfacet
  facet normal 0.978168 0.207816 0
    outer loop
      vertex 26.2695 28.4717 16.725
      vertex 26.3275 28.1987 18.725
      vertex 26.3275 28.1987 16.725
    endloop
  endfacet
  facet normal 0.939731 0.341916 0
    outer loop
      vertex 26.4229 27.9365 18.725
      vertex 26.3275 28.1987 16.725
      vertex 26.3275 28.1987 18.725
    endloop
  endfacet
  facet normal 0.939731 0.341916 0
    outer loop
      vertex 26.3275 28.1987 16.725
      vertex 26.4229 27.9365 18.725
      vertex 26.4229 27.9365 16.725
    endloop
  endfacet
  facet normal -0.848059 0.529902 0
    outer loop
      vertex 53.868 27.5744 16.725
      vertex 54.0159 27.8111 18.725
      vertex 54.0159 27.8111 16.725
    endloop
  endfacet
  facet normal -0.848059 0.529902 0
    outer loop
      vertex 54.0159 27.8111 18.725
      vertex 53.868 27.5744 16.725
      vertex 53.868 27.5744 18.725
    endloop
  endfacet
  facet normal -0.559159 -0.829061 0
    outer loop
      vertex 53.25 61.482 16.725
      vertex 53.4813 61.326 18.725
      vertex 53.25 61.482 18.725
    endloop
  endfacet
  facet normal -0.559159 -0.829061 -0
    outer loop
      vertex 53.4813 61.326 18.725
      vertex 53.25 61.482 16.725
      vertex 53.4813 61.326 16.725
    endloop
  endfacet
  facet normal -0.0351164 -0.999383 0
    outer loop
      vertex 52.1802 61.7488 16.725
      vertex 52.4591 61.739 18.725
      vertex 52.1802 61.7488 18.725
    endloop
  endfacet
  facet normal -0.0351164 -0.999383 -0
    outer loop
      vertex 52.4591 61.739 18.725
      vertex 52.1802 61.7488 16.725
      vertex 52.4591 61.739 16.725
    endloop
  endfacet
  facet normal 0.499878 0.866096 -0
    outer loop
      vertex 27.3733 26.9524 16.725
      vertex 27.1316 27.0919 18.725
      vertex 27.3733 26.9524 18.725
    endloop
  endfacet
  facet normal 0.499878 0.866096 0
    outer loop
      vertex 27.1316 27.0919 18.725
      vertex 27.3733 26.9524 16.725
      vertex 27.1316 27.0919 16.725
    endloop
  endfacet
  facet normal 0.719364 0.694633 0
    outer loop
      vertex 26.9117 27.2637 18.725
      vertex 26.7179 27.4644 16.725
      vertex 26.7179 27.4644 18.725
    endloop
  endfacet
  facet normal 0.719364 0.694633 0
    outer loop
      vertex 26.7179 27.4644 16.725
      vertex 26.9117 27.2637 18.725
      vertex 26.9117 27.2637 16.725
    endloop
  endfacet
  facet normal -0.438593 -0.898686 0
    outer loop
      vertex 52.9992 61.6044 16.725
      vertex 53.25 61.482 18.725
      vertex 52.9992 61.6044 18.725
    endloop
  endfacet
  facet normal -0.438593 -0.898686 -0
    outer loop
      vertex 53.25 61.482 18.725
      vertex 52.9992 61.6044 16.725
      vertex 53.25 61.482 16.725
    endloop
  endfacet
  facet normal 0 0.642774 -0.766056
    outer loop
      vertex 58.5 -7.88932 0.938679
      vertex 60.5 -7.67557 1.11803
      vertex 60.5 -7.88932 0.938679
    endloop
  endfacet
  facet normal 0 0.642774 -0.766056
    outer loop
      vertex 60.5 -7.67557 1.11803
      vertex 58.5 -7.88932 0.938679
      vertex 58.5 -7.67557 1.11803
    endloop
  endfacet
  facet normal 0 -0.97029 0.241945
    outer loop
      vertex 58.5 41.9021 -12.118
      vertex 60.5 41.9696 -11.8473
      vertex 58.5 41.9696 -11.8473
    endloop
  endfacet
  facet normal 0 -0.97029 0.241945
    outer loop
      vertex 60.5 41.9696 -11.8473
      vertex 58.5 41.9021 -12.118
      vertex 60.5 41.9021 -12.118
    endloop
  endfacet
  facet normal -0 0.341916 0.939731
    outer loop
      vertex 58.5 -7.05127 -13.4225
      vertex 60.5 -7.31347 -13.3271
      vertex 60.5 -7.05127 -13.4225
    endloop
  endfacet
  facet normal 0 0.341916 0.939731
    outer loop
      vertex 60.5 -7.31347 -13.3271
      vertex 58.5 -7.05127 -13.4225
      vertex 58.5 -7.31347 -13.3271
    endloop
  endfacet
  facet normal -0 0 1
    outer loop
      vertex 58.5 40 -13.5
      vertex 60.5 -6.5 -13.5
      vertex 60.5 40 -13.5
    endloop
  endfacet
  facet normal 0 0 1
    outer loop
      vertex 60.5 -6.5 -13.5
      vertex 58.5 40 -13.5
      vertex 58.5 -6.5 -13.5
    endloop
  endfacet
  facet normal 0 -0.275687 -0.961248
    outer loop
      vertex 58.5 40.4158 1.4563
      vertex 60.5 40.684 1.37938
      vertex 60.5 40.4158 1.4563
    endloop
  endfacet
  facet normal -0 -0.275687 -0.961248
    outer loop
      vertex 60.5 40.684 1.37938
      vertex 58.5 40.4158 1.4563
      vertex 58.5 40.684 1.37938
    endloop
  endfacet
  facet normal 0 0.139163 -0.990269
    outer loop
      vertex 58.5 -6.91582 1.4563
      vertex 60.5 -6.63951 1.49513
      vertex 60.5 -6.91582 1.4563
    endloop
  endfacet
  facet normal 0 0.139163 -0.990269
    outer loop
      vertex 60.5 -6.63951 1.49513
      vertex 58.5 -6.91582 1.4563
      vertex 58.5 -6.63951 1.49513
    endloop
  endfacet
  facet normal -0 0.0698844 0.997555
    outer loop
      vertex 58.5 -6.5 -13.5
      vertex 60.5 -6.77835 -13.4805
      vertex 60.5 -6.5 -13.5
    endloop
  endfacet
  facet normal 0 0.0698844 0.997555
    outer loop
      vertex 60.5 -6.77835 -13.4805
      vertex 58.5 -6.5 -13.5
      vertex 58.5 -6.77835 -13.4805
    endloop
  endfacet
  facet normal 0 -0.898678 -0.43861
    outer loop
      vertex 58.5 41.8544 0.249212
      vertex 60.5 41.732 0.5
      vertex 58.5 41.732 0.5
    endloop
  endfacet
  facet normal 0 -0.898678 -0.43861
    outer loop
      vertex 60.5 41.732 0.5
      vertex 58.5 41.8544 0.249212
      vertex 60.5 41.8544 0.249212
    endloop
  endfacet
  facet normal 0 -0.139168 -0.990269
    outer loop
      vertex 58.5 40.1395 1.49513
      vertex 60.5 40.4158 1.4563
      vertex 60.5 40.1395 1.49513
    endloop
  endfacet
  facet normal -0 -0.139168 -0.990269
    outer loop
      vertex 60.5 40.4158 1.4563
      vertex 58.5 40.1395 1.49513
      vertex 58.5 40.4158 1.4563
    endloop
  endfacet
  facet normal 0 0.788054 0.615606
    outer loop
      vertex 60.5 -7.98629 -12.8383
      vertex 58.5 -8.15807 -12.6184
      vertex 60.5 -8.15807 -12.6184
    endloop
  endfacet
  facet normal 0 0.788054 0.615606
    outer loop
      vertex 58.5 -8.15807 -12.6184
      vertex 60.5 -7.98629 -12.8383
      vertex 58.5 -7.98629 -12.8383
    endloop
  endfacet
  facet normal -0 0.469479 0.882944
    outer loop
      vertex 58.5 -7.31347 -13.3271
      vertex 60.5 -7.55984 -13.1961
      vertex 60.5 -7.31347 -13.3271
    endloop
  endfacet
  facet normal 0 0.469479 0.882944
    outer loop
      vertex 60.5 -7.55984 -13.1961
      vertex 58.5 -7.31347 -13.3271
      vertex 58.5 -7.55984 -13.1961
    endloop
  endfacet
  facet normal 0 -0.927211 0.37454
    outer loop
      vertex 58.5 41.7976 -12.3767
      vertex 60.5 41.9021 -12.118
      vertex 58.5 41.9021 -12.118
    endloop
  endfacet
  facet normal 0 -0.927211 0.37454
    outer loop
      vertex 60.5 41.9021 -12.118
      vertex 58.5 41.7976 -12.3767
      vertex 60.5 41.7976 -12.3767
    endloop
  endfacet
  facet normal -0 0.58778 0.809021
    outer loop
      vertex 58.5 -7.55984 -13.1961
      vertex 60.5 -7.78557 -13.0321
      vertex 60.5 -7.55984 -13.1961
    endloop
  endfacet
  facet normal 0 0.58778 0.809021
    outer loop
      vertex 60.5 -7.78557 -13.0321
      vertex 58.5 -7.55984 -13.1961
      vertex 58.5 -7.78557 -13.0321
    endloop
  endfacet
  facet normal 0 0.994521 0.104541
    outer loop
      vertex 60.5 -8.46961 -11.8473
      vertex 58.5 -8.49878 -11.5698
      vertex 60.5 -8.49878 -11.5698
    endloop
  endfacet
  facet normal 0 0.994521 0.104541
    outer loop
      vertex 58.5 -8.49878 -11.5698
      vertex 60.5 -8.46961 -11.8473
      vertex 58.5 -8.46961 -11.8473
    endloop
  endfacet
  facet normal 0 0.89879 -0.438378
    outer loop
      vertex 60.5 -8.35437 0.249212
      vertex 58.5 -8.23205 0.5
      vertex 60.5 -8.23205 0.5
    endloop
  endfacet
  facet normal 0 0.89879 -0.438378
    outer loop
      vertex 58.5 -8.23205 0.5
      vertex 60.5 -8.35437 0.249212
      vertex 58.5 -8.35437 0.249212
    endloop
  endfacet
  facet normal 0 0.927186 0.374602
    outer loop
      vertex 60.5 -8.29759 -12.3767
      vertex 58.5 -8.40211 -12.118
      vertex 60.5 -8.40211 -12.118
    endloop
  endfacet
  facet normal 0 0.927186 0.374602
    outer loop
      vertex 58.5 -8.40211 -12.118
      vertex 60.5 -8.29759 -12.3767
      vertex 58.5 -8.29759 -12.3767
    endloop
  endfacet
  facet normal 0 0.743154 -0.669121
    outer loop
      vertex 60.5 -8.07602 0.731322
      vertex 58.5 -7.88932 0.938679
      vertex 60.5 -7.88932 0.938679
    endloop
  endfacet
  facet normal 0 0.743154 -0.669121
    outer loop
      vertex 58.5 -7.88932 0.938679
      vertex 60.5 -8.07602 0.731322
      vertex 58.5 -8.07602 0.731322
    endloop
  endfacet
  facet normal 0 0.529912 -0.848053
    outer loop
      vertex 58.5 -7.67557 1.11803
      vertex 60.5 -7.43894 1.26589
      vertex 60.5 -7.67557 1.11803
    endloop
  endfacet
  facet normal 0 0.529912 -0.848053
    outer loop
      vertex 60.5 -7.43894 1.26589
      vertex 58.5 -7.67557 1.11803
      vertex 58.5 -7.43894 1.26589
    endloop
  endfacet
  facet normal 0 -0.999383 -0.035122
    outer loop
      vertex 58.5 41.9988 -0.569798
      vertex 60.5 41.989 -0.290943
      vertex 58.5 41.989 -0.290943
    endloop
  endfacet
  facet normal 0 -0.999383 -0.035122
    outer loop
      vertex 60.5 41.989 -0.290943
      vertex 58.5 41.9988 -0.569798
      vertex 60.5 41.9988 -0.569798
    endloop
  endfacet
  facet normal 0 0.95106 -0.309005
    outer loop
      vertex 60.5 -8.44059 -0.0161572
      vertex 58.5 -8.35437 0.249212
      vertex 60.5 -8.35437 0.249212
    endloop
  endfacet
  facet normal 0 0.95106 -0.309005
    outer loop
      vertex 58.5 -8.35437 0.249212
      vertex 60.5 -8.44059 -0.0161572
      vertex 58.5 -8.44059 -0.0161572
    endloop
  endfacet
  facet normal -0 0.694597 0.719399
    outer loop
      vertex 58.5 -7.78557 -13.0321
      vertex 60.5 -7.98629 -12.8383
      vertex 60.5 -7.78557 -13.0321
    endloop
  endfacet
  facet normal 0 0.694597 0.719399
    outer loop
      vertex 60.5 -7.98629 -12.8383
      vertex 58.5 -7.78557 -13.0321
      vertex 58.5 -7.98629 -12.8383
    endloop
  endfacet
  facet normal -0 0.207874 0.978156
    outer loop
      vertex 58.5 -6.77835 -13.4805
      vertex 60.5 -7.05127 -13.4225
      vertex 60.5 -6.77835 -13.4805
    endloop
  endfacet
  facet normal 0 0.207874 0.978156
    outer loop
      vertex 60.5 -7.05127 -13.4225
      vertex 58.5 -6.77835 -13.4805
      vertex 58.5 -7.05127 -13.4225
    endloop
  endfacet
  facet normal 0 0.866065 0.499931
    outer loop
      vertex 60.5 -8.15807 -12.6184
      vertex 58.5 -8.29759 -12.3767
      vertex 60.5 -8.29759 -12.3767
    endloop
  endfacet
  facet normal 0 0.866065 0.499931
    outer loop
      vertex 58.5 -8.29759 -12.3767
      vertex 60.5 -8.15807 -12.6184
      vertex 58.5 -8.15807 -12.6184
    endloop
  endfacet
  facet normal 0 0.829035 -0.559196
    outer loop
      vertex 60.5 -8.23205 0.5
      vertex 58.5 -8.07602 0.731322
      vertex 60.5 -8.07602 0.731322
    endloop
  endfacet
  facet normal 0 0.829035 -0.559196
    outer loop
      vertex 58.5 -8.07602 0.731322
      vertex 60.5 -8.23205 0.5
      vertex 58.5 -8.23205 0.5
    endloop
  endfacet
  facet normal 0 1 -0
    outer loop
      vertex 60.5 -8.49878 -11.5698
      vertex 58.5 -8.49878 -0.569798
      vertex 60.5 -8.49878 -0.569798
    endloop
  endfacet
  facet normal 0 1 0
    outer loop
      vertex 58.5 -8.49878 -0.569798
      vertex 60.5 -8.49878 -11.5698
      vertex 58.5 -8.49878 -11.5698
    endloop
  endfacet
  facet normal 0 -0.40674 -0.913544
    outer loop
      vertex 58.5 40.684 1.37938
      vertex 60.5 40.9389 1.26589
      vertex 60.5 40.684 1.37938
    endloop
  endfacet
  facet normal -0 -0.40674 -0.913544
    outer loop
      vertex 60.5 40.9389 1.26589
      vertex 58.5 40.684 1.37938
      vertex 58.5 40.9389 1.26589
    endloop
  endfacet
  facet normal 0 0 -1
    outer loop
      vertex 58.5 -6.63951 1.49513
      vertex 60.5 40.1395 1.49513
      vertex 60.5 -6.63951 1.49513
    endloop
  endfacet
  facet normal -0 0 -1
    outer loop
      vertex 60.5 40.1395 1.49513
      vertex 58.5 -6.63951 1.49513
      vertex 58.5 40.1395 1.49513
    endloop
  endfacet
  facet normal 0 -0.469583 0.882888
    outer loop
      vertex 58.5 41.0598 -13.1961
      vertex 60.5 40.8135 -13.3271
      vertex 60.5 41.0598 -13.1961
    endloop
  endfacet
  facet normal 0 -0.469583 0.882888
    outer loop
      vertex 60.5 40.8135 -13.3271
      vertex 58.5 41.0598 -13.1961
      vertex 58.5 40.8135 -13.3271
    endloop
  endfacet
  facet normal 0 -0.0698969 0.997554
    outer loop
      vertex 58.5 40.2783 -13.4805
      vertex 60.5 40 -13.5
      vertex 60.5 40.2783 -13.4805
    endloop
  endfacet
  facet normal 0 -0.0698969 0.997554
    outer loop
      vertex 60.5 40 -13.5
      vertex 58.5 40.2783 -13.4805
      vertex 58.5 40 -13.5
    endloop
  endfacet
  facet normal 0 0.999391 -0.0349073
    outer loop
      vertex 60.5 -8.49878 -0.569798
      vertex 58.5 -8.48904 -0.290943
      vertex 60.5 -8.48904 -0.290943
    endloop
  endfacet
  facet normal 0 0.999391 -0.0349073
    outer loop
      vertex 58.5 -8.48904 -0.290943
      vertex 60.5 -8.49878 -0.569798
      vertex 58.5 -8.49878 -0.569798
    endloop
  endfacet
  facet normal 0 0.40674 -0.913544
    outer loop
      vertex 58.5 -7.43894 1.26589
      vertex 60.5 -7.18404 1.37938
      vertex 60.5 -7.43894 1.26589
    endloop
  endfacet
  facet normal 0 0.40674 -0.913544
    outer loop
      vertex 60.5 -7.18404 1.37938
      vertex 58.5 -7.43894 1.26589
      vertex 58.5 -7.18404 1.37938
    endloop
  endfacet
  facet normal 0 0.275668 -0.961253
    outer loop
      vertex 58.5 -7.18404 1.37938
      vertex 60.5 -6.91582 1.4563
      vertex 60.5 -7.18404 1.37938
    endloop
  endfacet
  facet normal 0 0.275668 -0.961253
    outer loop
      vertex 60.5 -6.91582 1.4563
      vertex 58.5 -7.18404 1.37938
      vertex 58.5 -6.91582 1.4563
    endloop
  endfacet
  facet normal 0 -0.58766 0.809108
    outer loop
      vertex 58.5 41.2856 -13.0321
      vertex 60.5 41.0598 -13.1961
      vertex 60.5 41.2856 -13.0321
    endloop
  endfacet
  facet normal 0 -0.58766 0.809108
    outer loop
      vertex 60.5 41.0598 -13.1961
      vertex 58.5 41.2856 -13.0321
      vertex 58.5 41.0598 -13.1961
    endloop
  endfacet
  facet normal 0 0.984809 -0.173641
    outer loop
      vertex 60.5 -8.48904 -0.290943
      vertex 58.5 -8.44059 -0.0161572
      vertex 60.5 -8.44059 -0.0161572
    endloop
  endfacet
  facet normal 0 0.984809 -0.173641
    outer loop
      vertex 58.5 -8.44059 -0.0161572
      vertex 60.5 -8.48904 -0.290943
      vertex 58.5 -8.48904 -0.290943
    endloop
  endfacet
  facet normal 0 0.97029 0.241945
    outer loop
      vertex 60.5 -8.40211 -12.118
      vertex 58.5 -8.46961 -11.8473
      vertex 60.5 -8.46961 -11.8473
    endloop
  endfacet
  facet normal 0 0.97029 0.241945
    outer loop
      vertex 58.5 -8.46961 -11.8473
      vertex 60.5 -8.40211 -12.118
      vertex 58.5 -8.40211 -12.118
    endloop
  endfacet
  facet normal 0 -0.829085 -0.559122
    outer loop
      vertex 58.5 41.732 0.5
      vertex 60.5 41.576 0.731322
      vertex 58.5 41.576 0.731322
    endloop
  endfacet
  facet normal 0 -0.829085 -0.559122
    outer loop
      vertex 60.5 41.576 0.731322
      vertex 58.5 41.732 0.5
      vertex 60.5 41.732 0.5
    endloop
  endfacet
  facet normal 0 -0.694633 0.719364
    outer loop
      vertex 58.5 41.4863 -12.8383
      vertex 60.5 41.2856 -13.0321
      vertex 60.5 41.4863 -12.8383
    endloop
  endfacet
  facet normal 0 -0.694633 0.719364
    outer loop
      vertex 60.5 41.2856 -13.0321
      vertex 58.5 41.4863 -12.8383
      vertex 58.5 41.2856 -13.0321
    endloop
  endfacet
  facet normal 0 -0.788019 0.615651
    outer loop
      vertex 58.5 41.4863 -12.8383
      vertex 60.5 41.6581 -12.6184
      vertex 58.5 41.6581 -12.6184
    endloop
  endfacet
  facet normal 0 -0.788019 0.615651
    outer loop
      vertex 60.5 41.6581 -12.6184
      vertex 58.5 41.4863 -12.8383
      vertex 60.5 41.4863 -12.8383
    endloop
  endfacet
  facet normal 0 -0.951081 -0.30894
    outer loop
      vertex 58.5 41.9406 -0.0161572
      vertex 60.5 41.8544 0.249212
      vertex 58.5 41.8544 0.249212
    endloop
  endfacet
  facet normal 0 -0.951081 -0.30894
    outer loop
      vertex 60.5 41.8544 0.249212
      vertex 58.5 41.9406 -0.0161572
      vertex 60.5 41.9406 -0.0161572
    endloop
  endfacet
  facet normal 0 -0.994509 0.104647
    outer loop
      vertex 58.5 41.9696 -11.8473
      vertex 60.5 41.9988 -11.5698
      vertex 58.5 41.9988 -11.5698
    endloop
  endfacet
  facet normal 0 -0.994509 0.104647
    outer loop
      vertex 60.5 41.9988 -11.5698
      vertex 58.5 41.9696 -11.8473
      vertex 60.5 41.9696 -11.8473
    endloop
  endfacet
  facet normal 0 -0.866096 0.499878
    outer loop
      vertex 58.5 41.6581 -12.6184
      vertex 60.5 41.7976 -12.3767
      vertex 58.5 41.7976 -12.3767
    endloop
  endfacet
  facet normal 0 -0.866096 0.499878
    outer loop
      vertex 60.5 41.7976 -12.3767
      vertex 58.5 41.6581 -12.6184
      vertex 60.5 41.6581 -12.6184
    endloop
  endfacet
  facet normal 0 -0.743154 -0.669121
    outer loop
      vertex 58.5 41.576 0.731322
      vertex 60.5 41.3893 0.938679
      vertex 58.5 41.3893 0.938679
    endloop
  endfacet
  facet normal 0 -0.743154 -0.669121
    outer loop
      vertex 60.5 41.3893 0.938679
      vertex 58.5 41.576 0.731322
      vertex 60.5 41.576 0.731322
    endloop
  endfacet
  facet normal 0 -0.642862 -0.765982
    outer loop
      vertex 58.5 41.1756 1.11803
      vertex 60.5 41.3893 0.938679
      vertex 60.5 41.1756 1.11803
    endloop
  endfacet
  facet normal -0 -0.642862 -0.765982
    outer loop
      vertex 60.5 41.3893 0.938679
      vertex 58.5 41.1756 1.11803
      vertex 58.5 41.3893 0.938679
    endloop
  endfacet
  facet normal 0 -0.341916 0.939731
    outer loop
      vertex 58.5 40.8135 -13.3271
      vertex 60.5 40.5513 -13.4225
      vertex 60.5 40.8135 -13.3271
    endloop
  endfacet
  facet normal 0 -0.341916 0.939731
    outer loop
      vertex 60.5 40.5513 -13.4225
      vertex 58.5 40.8135 -13.3271
      vertex 58.5 40.5513 -13.4225
    endloop
  endfacet
  facet normal 0 -0.98484 -0.173467
    outer loop
      vertex 58.5 41.989 -0.290943
      vertex 60.5 41.9406 -0.0161572
      vertex 58.5 41.9406 -0.0161572
    endloop
  endfacet
  facet normal 0 -0.98484 -0.173467
    outer loop
      vertex 60.5 41.9406 -0.0161572
      vertex 58.5 41.989 -0.290943
      vertex 60.5 41.989 -0.290943
    endloop
  endfacet
  facet normal 0 -1 0
    outer loop
      vertex 58.5 41.9988 -11.5698
      vertex 60.5 41.9988 -0.569798
      vertex 58.5 41.9988 -0.569798
    endloop
  endfacet
  facet normal 0 -1 -0
    outer loop
      vertex 60.5 41.9988 -0.569798
      vertex 58.5 41.9988 -11.5698
      vertex 60.5 41.9988 -11.5698
    endloop
  endfacet
  facet normal 0 -0.529799 -0.848123
    outer loop
      vertex 58.5 40.9389 1.26589
      vertex 60.5 41.1756 1.11803
      vertex 60.5 40.9389 1.26589
    endloop
  endfacet
  facet normal -0 -0.529799 -0.848123
    outer loop
      vertex 60.5 41.1756 1.11803
      vertex 58.5 40.9389 1.26589
      vertex 58.5 41.1756 1.11803
    endloop
  endfacet
  facet normal 0 -0.207816 0.978168
    outer loop
      vertex 58.5 40.5513 -13.4225
      vertex 60.5 40.2783 -13.4805
      vertex 60.5 40.5513 -13.4225
    endloop
  endfacet
  facet normal 0 -0.207816 0.978168
    outer loop
      vertex 60.5 40.2783 -13.4805
      vertex 58.5 40.5513 -13.4225
      vertex 58.5 40.2783 -13.4805
    endloop
  endfacet
  facet normal 0.939731 0.341916 0
    outer loop
      vertex 24.1729 1.68653 18.725
      vertex 24.0775 1.94873 16.725
      vertex 24.0775 1.94873 18.725
    endloop
  endfacet
  facet normal 0.939731 0.341916 0
    outer loop
      vertex 24.0775 1.94873 16.725
      vertex 24.1729 1.68653 18.725
      vertex 24.1729 1.68653 16.725
    endloop
  endfacet
  facet normal -0.438353 0.898803 0
    outer loop
      vertex 49 0.76795 16.725
      vertex 48.7492 0.645633 18.725
      vertex 49 0.76795 18.725
    endloop
  endfacet
  facet normal -0.438353 0.898803 0
    outer loop
      vertex 48.7492 0.645633 18.725
      vertex 49 0.76795 16.725
      vertex 48.7492 0.645633 16.725
    endloop
  endfacet
  facet normal -0.438593 -0.898686 0
    outer loop
      vertex 48.7492 16.3544 16.725
      vertex 49 16.232 18.725
      vertex 48.7492 16.3544 18.725
    endloop
  endfacet
  facet normal -0.438593 -0.898686 -0
    outer loop
      vertex 49 16.232 18.725
      vertex 48.7492 16.3544 16.725
      vertex 49 16.232 16.725
    endloop
  endfacet
  facet normal -0.913531 0.40677 0
    outer loop
      vertex 49.7659 1.56106 16.725
      vertex 49.8794 1.81596 18.725
      vertex 49.8794 1.81596 16.725
    endloop
  endfacet
  facet normal -0.913531 0.40677 0
    outer loop
      vertex 49.8794 1.81596 18.725
      vertex 49.7659 1.56106 16.725
      vertex 49.7659 1.56106 18.725
    endloop
  endfacet
  facet normal 0 1 -0
    outer loop
      vertex 47.9302 0.501219 16.725
      vertex 25.9302 0.501219 18.725
      vertex 47.9302 0.501219 18.725
    endloop
  endfacet
  facet normal 0 1 0
    outer loop
      vertex 25.9302 0.501219 18.725
      vertex 47.9302 0.501219 16.725
      vertex 25.9302 0.501219 16.725
    endloop
  endfacet
  facet normal -0.559159 -0.829061 0
    outer loop
      vertex 49 16.232 16.725
      vertex 49.2313 16.076 18.725
      vertex 49 16.232 18.725
    endloop
  endfacet
  facet normal -0.559159 -0.829061 -0
    outer loop
      vertex 49.2313 16.076 18.725
      vertex 49 16.232 16.725
      vertex 49.2313 16.076 16.725
    endloop
  endfacet
  facet normal 1 -0 0
    outer loop
      vertex 24 2.5 18.725
      vertex 24 14.5 16.725
      vertex 24 14.5 18.725
    endloop
  endfacet
  facet normal 1 0 0
    outer loop
      vertex 24 14.5 16.725
      vertex 24 2.5 18.725
      vertex 24 2.5 16.725
    endloop
  endfacet
  facet normal 0.719399 0.694597 0
    outer loop
      vertex 24.6617 1.01371 18.725
      vertex 24.4679 1.21443 16.725
      vertex 24.4679 1.21443 18.725
    endloop
  endfacet
  facet normal 0.719399 0.694597 0
    outer loop
      vertex 24.4679 1.21443 16.725
      vertex 24.6617 1.01371 18.725
      vertex 24.6617 1.01371 16.725
    endloop
  endfacet
  facet normal 0.809108 -0.58766 0
    outer loop
      vertex 24.3039 15.5598 18.725
      vertex 24.4679 15.7856 16.725
      vertex 24.4679 15.7856 18.725
    endloop
  endfacet
  facet normal 0.809108 -0.58766 0
    outer loop
      vertex 24.4679 15.7856 16.725
      vertex 24.3039 15.5598 18.725
      vertex 24.3039 15.5598 16.725
    endloop
  endfacet
  facet normal -1 0 0
    outer loop
      vertex 49.9951 2.36049 16.725
      vertex 49.9951 14.6395 18.725
      vertex 49.9951 14.6395 16.725
    endloop
  endfacet
  facet normal -1 -0 0
    outer loop
      vertex 49.9951 14.6395 18.725
      vertex 49.9951 2.36049 16.725
      vertex 49.9951 2.36049 18.725
    endloop
  endfacet
  facet normal 0.241952 0.970288 -0
    outer loop
      vertex 25.6527 0.530385 16.725
      vertex 25.382 0.597887 18.725
      vertex 25.6527 0.530385 18.725
    endloop
  endfacet
  facet normal 0.241952 0.970288 0
    outer loop
      vertex 25.382 0.597887 18.725
      vertex 25.6527 0.530385 16.725
      vertex 25.382 0.597887 16.725
    endloop
  endfacet
  facet normal -0.173519 -0.98483 0
    outer loop
      vertex 48.2091 16.489 16.725
      vertex 48.4838 16.4406 18.725
      vertex 48.2091 16.489 18.725
    endloop
  endfacet
  facet normal -0.173519 -0.98483 -0
    outer loop
      vertex 48.4838 16.4406 18.725
      vertex 48.2091 16.489 16.725
      vertex 48.4838 16.4406 16.725
    endloop
  endfacet
  facet normal 0 -1 0
    outer loop
      vertex 25.9302 16.4988 16.725
      vertex 47.9302 16.4988 18.725
      vertex 25.9302 16.4988 18.725
    endloop
  endfacet
  facet normal 0 -1 -0
    outer loop
      vertex 47.9302 16.4988 18.725
      vertex 25.9302 16.4988 16.725
      vertex 47.9302 16.4988 16.725
    endloop
  endfacet
  facet normal -0.669046 0.743221 0
    outer loop
      vertex 49.4387 1.11068 16.725
      vertex 49.2313 0.923979 18.725
      vertex 49.4387 1.11068 18.725
    endloop
  endfacet
  facet normal -0.669046 0.743221 0
    outer loop
      vertex 49.2313 0.923979 18.725
      vertex 49.4387 1.11068 16.725
      vertex 49.2313 0.923979 16.725
    endloop
  endfacet
  facet normal -0.669044 -0.743223 0
    outer loop
      vertex 49.2313 16.076 16.725
      vertex 49.4387 15.8893 18.725
      vertex 49.2313 16.076 18.725
    endloop
  endfacet
  facet normal -0.669044 -0.743223 -0
    outer loop
      vertex 49.4387 15.8893 18.725
      vertex 49.2313 16.076 16.725
      vertex 49.4387 15.8893 16.725
    endloop
  endfacet
  facet normal -0.848059 -0.529902 0
    outer loop
      vertex 49.7659 15.4389 16.725
      vertex 49.618 15.6756 18.725
      vertex 49.618 15.6756 16.725
    endloop
  endfacet
  facet normal -0.848059 -0.529902 0
    outer loop
      vertex 49.618 15.6756 18.725
      vertex 49.7659 15.4389 16.725
      vertex 49.7659 15.4389 18.725
    endloop
  endfacet
  facet normal -0.0348945 0.999391 0
    outer loop
      vertex 48.2091 0.510957 16.725
      vertex 47.9302 0.501219 18.725
      vertex 48.2091 0.510957 18.725
    endloop
  endfacet
  facet normal -0.0348945 0.999391 0
    outer loop
      vertex 47.9302 0.501219 18.725
      vertex 48.2091 0.510957 16.725
      vertex 47.9302 0.501219 16.725
    endloop
  endfacet
  facet normal 0.997554 -0.0698969 0
    outer loop
      vertex 24 14.5 18.725
      vertex 24.0195 14.7783 16.725
      vertex 24.0195 14.7783 18.725
    endloop
  endfacet
  facet normal 0.997554 -0.0698969 0
    outer loop
      vertex 24.0195 14.7783 16.725
      vertex 24 14.5 18.725
      vertex 24 14.5 16.725
    endloop
  endfacet
  facet normal -0.1737 0.984799 0
    outer loop
      vertex 48.4838 0.559409 16.725
      vertex 48.2091 0.510957 18.725
      vertex 48.4838 0.559409 18.725
    endloop
  endfacet
  facet normal -0.1737 0.984799 0
    outer loop
      vertex 48.2091 0.510957 18.725
      vertex 48.4838 0.559409 16.725
      vertex 48.2091 0.510957 16.725
    endloop
  endfacet
  facet normal 0.241945 -0.97029 0
    outer loop
      vertex 25.382 16.4021 16.725
      vertex 25.6527 16.4696 18.725
      vertex 25.382 16.4021 18.725
    endloop
  endfacet
  facet normal 0.241945 -0.97029 0
    outer loop
      vertex 25.6527 16.4696 18.725
      vertex 25.382 16.4021 16.725
      vertex 25.6527 16.4696 16.725
    endloop
  endfacet
  facet normal 0.978156 0.207874 0
    outer loop
      vertex 24.0775 1.94873 18.725
      vertex 24.0195 2.22165 16.725
      vertex 24.0195 2.22165 18.725
    endloop
  endfacet
  facet normal 0.978156 0.207874 0
    outer loop
      vertex 24.0195 2.22165 16.725
      vertex 24.0775 1.94873 18.725
      vertex 24.0775 1.94873 16.725
    endloop
  endfacet
  facet normal 0.615651 -0.788019 0
    outer loop
      vertex 24.6617 15.9863 16.725
      vertex 24.8816 16.1581 18.725
      vertex 24.6617 15.9863 18.725
    endloop
  endfacet
  facet normal 0.615651 -0.788019 0
    outer loop
      vertex 24.8816 16.1581 18.725
      vertex 24.6617 15.9863 16.725
      vertex 24.8816 16.1581 16.725
    endloop
  endfacet
  facet normal -0.0351164 -0.999383 0
    outer loop
      vertex 47.9302 16.4988 16.725
      vertex 48.2091 16.489 18.725
      vertex 47.9302 16.4988 18.725
    endloop
  endfacet
  facet normal -0.0351164 -0.999383 -0
    outer loop
      vertex 48.2091 16.489 18.725
      vertex 47.9302 16.4988 16.725
      vertex 48.2091 16.489 16.725
    endloop
  endfacet
  facet normal 0.499878 -0.866096 0
    outer loop
      vertex 24.8816 16.1581 16.725
      vertex 25.1233 16.2976 18.725
      vertex 24.8816 16.1581 18.725
    endloop
  endfacet
  facet normal 0.499878 -0.866096 0
    outer loop
      vertex 25.1233 16.2976 18.725
      vertex 24.8816 16.1581 16.725
      vertex 25.1233 16.2976 16.725
    endloop
  endfacet
  facet normal -0.308986 0.951067 0
    outer loop
      vertex 48.7492 0.645633 16.725
      vertex 48.4838 0.559409 18.725
      vertex 48.7492 0.645633 18.725
    endloop
  endfacet
  facet normal -0.308986 0.951067 0
    outer loop
      vertex 48.4838 0.559409 18.725
      vertex 48.7492 0.645633 16.725
      vertex 48.4838 0.559409 16.725
    endloop
  endfacet
  facet normal 0.939731 -0.341916 0
    outer loop
      vertex 24.0775 15.0513 18.725
      vertex 24.1729 15.3135 16.725
      vertex 24.1729 15.3135 18.725
    endloop
  endfacet
  facet normal 0.939731 -0.341916 0
    outer loop
      vertex 24.1729 15.3135 16.725
      vertex 24.0775 15.0513 18.725
      vertex 24.0775 15.0513 16.725
    endloop
  endfacet
  facet normal 0.104527 0.994522 -0
    outer loop
      vertex 25.9302 0.501219 16.725
      vertex 25.6527 0.530385 18.725
      vertex 25.9302 0.501219 18.725
    endloop
  endfacet
  facet normal 0.104527 0.994522 0
    outer loop
      vertex 25.6527 0.530385 18.725
      vertex 25.9302 0.501219 16.725
      vertex 25.6527 0.530385 16.725
    endloop
  endfacet
  facet normal -0.766072 -0.642755 0
    outer loop
      vertex 49.618 15.6756 16.725
      vertex 49.4387 15.8893 18.725
      vertex 49.4387 15.8893 16.725
    endloop
  endfacet
  facet normal -0.766072 -0.642755 0
    outer loop
      vertex 49.4387 15.8893 18.725
      vertex 49.618 15.6756 16.725
      vertex 49.618 15.6756 18.725
    endloop
  endfacet
  facet normal -0.961272 0.275601 0
    outer loop
      vertex 49.8794 1.81596 16.725
      vertex 49.9563 2.08418 18.725
      vertex 49.9563 2.08418 16.725
    endloop
  endfacet
  facet normal -0.961272 0.275601 0
    outer loop
      vertex 49.9563 2.08418 18.725
      vertex 49.8794 1.81596 16.725
      vertex 49.8794 1.81596 18.725
    endloop
  endfacet
  facet normal -0.961267 -0.27562 0
    outer loop
      vertex 49.9563 14.9158 16.725
      vertex 49.8794 15.184 18.725
      vertex 49.8794 15.184 16.725
    endloop
  endfacet
  facet normal -0.961267 -0.27562 0
    outer loop
      vertex 49.8794 15.184 18.725
      vertex 49.9563 14.9158 16.725
      vertex 49.9563 14.9158 18.725
    endloop
  endfacet
  facet normal 0.615615 0.788047 -0
    outer loop
      vertex 24.8816 0.841926 16.725
      vertex 24.6617 1.01371 18.725
      vertex 24.8816 0.841926 18.725
    endloop
  endfacet
  facet normal 0.615615 0.788047 0
    outer loop
      vertex 24.6617 1.01371 18.725
      vertex 24.8816 0.841926 16.725
      vertex 24.6617 1.01371 16.725
    endloop
  endfacet
  facet normal -0.847988 0.530015 0
    outer loop
      vertex 49.618 1.32443 16.725
      vertex 49.7659 1.56106 18.725
      vertex 49.7659 1.56106 16.725
    endloop
  endfacet
  facet normal -0.847988 0.530015 0
    outer loop
      vertex 49.7659 1.56106 18.725
      vertex 49.618 1.32443 16.725
      vertex 49.618 1.32443 18.725
    endloop
  endfacet
  facet normal 0.809021 0.58778 0
    outer loop
      vertex 24.4679 1.21443 18.725
      vertex 24.3039 1.44016 16.725
      vertex 24.3039 1.44016 18.725
    endloop
  endfacet
  facet normal 0.809021 0.58778 0
    outer loop
      vertex 24.3039 1.44016 16.725
      vertex 24.4679 1.21443 18.725
      vertex 24.4679 1.21443 16.725
    endloop
  endfacet
  facet normal 0.997555 0.0698844 0
    outer loop
      vertex 24.0195 2.22165 18.725
      vertex 24 2.5 16.725
      vertex 24 2.5 18.725
    endloop
  endfacet
  facet normal 0.997555 0.0698844 0
    outer loop
      vertex 24 2.5 16.725
      vertex 24.0195 2.22165 18.725
      vertex 24.0195 2.22165 16.725
    endloop
  endfacet
  facet normal 0.37462 0.927178 -0
    outer loop
      vertex 25.382 0.597887 16.725
      vertex 25.1233 0.702413 18.725
      vertex 25.382 0.597887 18.725
    endloop
  endfacet
  facet normal 0.37462 0.927178 0
    outer loop
      vertex 25.1233 0.702413 18.725
      vertex 25.382 0.597887 16.725
      vertex 25.1233 0.702413 16.725
    endloop
  endfacet
  facet normal -0.308908 -0.951092 0
    outer loop
      vertex 48.4838 16.4406 16.725
      vertex 48.7492 16.3544 18.725
      vertex 48.4838 16.4406 18.725
    endloop
  endfacet
  facet normal -0.308908 -0.951092 -0
    outer loop
      vertex 48.7492 16.3544 18.725
      vertex 48.4838 16.4406 16.725
      vertex 48.7492 16.3544 16.725
    endloop
  endfacet
  facet normal -0.55923 0.829012 0
    outer loop
      vertex 49.2313 0.923979 16.725
      vertex 49 0.76795 18.725
      vertex 49.2313 0.923979 18.725
    endloop
  endfacet
  facet normal -0.55923 0.829012 0
    outer loop
      vertex 49 0.76795 18.725
      vertex 49.2313 0.923979 16.725
      vertex 49 0.76795 16.725
    endloop
  endfacet
  facet normal 0.37454 -0.927211 0
    outer loop
      vertex 25.1233 16.2976 16.725
      vertex 25.382 16.4021 18.725
      vertex 25.1233 16.2976 18.725
    endloop
  endfacet
  facet normal 0.37454 -0.927211 0
    outer loop
      vertex 25.382 16.4021 18.725
      vertex 25.1233 16.2976 16.725
      vertex 25.382 16.4021 16.725
    endloop
  endfacet
  facet normal -0.766146 0.642667 0
    outer loop
      vertex 49.4387 1.11068 16.725
      vertex 49.618 1.32443 18.725
      vertex 49.618 1.32443 16.725
    endloop
  endfacet
  facet normal -0.766146 0.642667 0
    outer loop
      vertex 49.618 1.32443 18.725
      vertex 49.4387 1.11068 16.725
      vertex 49.4387 1.11068 18.725
    endloop
  endfacet
  facet normal 0.882944 0.469479 0
    outer loop
      vertex 24.3039 1.44016 18.725
      vertex 24.1729 1.68653 16.725
      vertex 24.1729 1.68653 18.725
    endloop
  endfacet
  facet normal 0.882944 0.469479 0
    outer loop
      vertex 24.1729 1.68653 16.725
      vertex 24.3039 1.44016 18.725
      vertex 24.3039 1.44016 16.725
    endloop
  endfacet
  facet normal -0.990284 0.139058 0
    outer loop
      vertex 49.9563 2.08418 16.725
      vertex 49.9951 2.36049 18.725
      vertex 49.9951 2.36049 16.725
    endloop
  endfacet
  facet normal -0.990284 0.139058 0
    outer loop
      vertex 49.9951 2.36049 18.725
      vertex 49.9563 2.08418 16.725
      vertex 49.9563 2.08418 18.725
    endloop
  endfacet
  facet normal 0.499912 0.866076 -0
    outer loop
      vertex 25.1233 0.702413 16.725
      vertex 24.8816 0.841926 18.725
      vertex 25.1233 0.702413 18.725
    endloop
  endfacet
  facet normal 0.499912 0.866076 0
    outer loop
      vertex 24.8816 0.841926 18.725
      vertex 25.1233 0.702413 16.725
      vertex 24.8816 0.841926 16.725
    endloop
  endfacet
  facet normal 0.882888 -0.469583 0
    outer loop
      vertex 24.1729 15.3135 18.725
      vertex 24.3039 15.5598 16.725
      vertex 24.3039 15.5598 18.725
    endloop
  endfacet
  facet normal 0.882888 -0.469583 0
    outer loop
      vertex 24.3039 15.5598 16.725
      vertex 24.1729 15.3135 18.725
      vertex 24.1729 15.3135 16.725
    endloop
  endfacet
  facet normal 0.978168 -0.207816 0
    outer loop
      vertex 24.0195 14.7783 18.725
      vertex 24.0775 15.0513 16.725
      vertex 24.0775 15.0513 18.725
    endloop
  endfacet
  facet normal 0.978168 -0.207816 0
    outer loop
      vertex 24.0775 15.0513 16.725
      vertex 24.0195 14.7783 18.725
      vertex 24.0195 14.7783 16.725
    endloop
  endfacet
  facet normal -0.990284 -0.139063 0
    outer loop
      vertex 49.9951 14.6395 16.725
      vertex 49.9563 14.9158 18.725
      vertex 49.9563 14.9158 16.725
    endloop
  endfacet
  facet normal -0.990284 -0.139063 0
    outer loop
      vertex 49.9563 14.9158 18.725
      vertex 49.9951 14.6395 16.725
      vertex 49.9951 14.6395 18.725
    endloop
  endfacet
  facet normal 0.719364 -0.694633 0
    outer loop
      vertex 24.4679 15.7856 18.725
      vertex 24.6617 15.9863 16.725
      vertex 24.6617 15.9863 18.725
    endloop
  endfacet
  facet normal 0.719364 -0.694633 0
    outer loop
      vertex 24.6617 15.9863 16.725
      vertex 24.4679 15.7856 18.725
      vertex 24.4679 15.7856 16.725
    endloop
  endfacet
  facet normal -0.913531 -0.40677 0
    outer loop
      vertex 49.8794 15.184 16.725
      vertex 49.7659 15.4389 18.725
      vertex 49.7659 15.4389 16.725
    endloop
  endfacet
  facet normal -0.913531 -0.40677 0
    outer loop
      vertex 49.7659 15.4389 18.725
      vertex 49.8794 15.184 16.725
      vertex 49.8794 15.184 18.725
    endloop
  endfacet
  facet normal 0.104647 -0.994509 0
    outer loop
      vertex 25.6527 16.4696 16.725
      vertex 25.9302 16.4988 18.725
      vertex 25.6527 16.4696 18.725
    endloop
  endfacet
  facet normal 0.104647 -0.994509 0
    outer loop
      vertex 25.9302 16.4988 18.725
      vertex 25.6527 16.4696 16.725
      vertex 25.9302 16.4988 16.725
    endloop
  endfacet
  facet normal -0.766072 0.642755 0
    outer loop
      vertex 48.9387 -68.8893 16.725
      vertex 49.118 -68.6756 18.725
      vertex 49.118 -68.6756 16.725
    endloop
  endfacet
  facet normal -0.766072 0.642755 0
    outer loop
      vertex 49.118 -68.6756 18.725
      vertex 48.9387 -68.8893 16.725
      vertex 48.9387 -68.8893 18.725
    endloop
  endfacet
  facet normal -0.990284 0.139063 0
    outer loop
      vertex 49.4563 -67.9158 16.725
      vertex 49.4951 -67.6395 18.725
      vertex 49.4951 -67.6395 16.725
    endloop
  endfacet
  facet normal -0.990284 0.139063 0
    outer loop
      vertex 49.4951 -67.6395 18.725
      vertex 49.4563 -67.9158 16.725
      vertex 49.4563 -67.9158 18.725
    endloop
  endfacet
  facet normal -0.766072 -0.642755 0
    outer loop
      vertex 49.118 -40.3244 16.725
      vertex 48.9387 -40.1107 18.725
      vertex 48.9387 -40.1107 16.725
    endloop
  endfacet
  facet normal -0.766072 -0.642755 0
    outer loop
      vertex 48.9387 -40.1107 18.725
      vertex 49.118 -40.3244 16.725
      vertex 49.118 -40.3244 18.725
    endloop
  endfacet
  facet normal -1 0 0
    outer loop
      vertex 49.4951 -67.6395 16.725
      vertex 49.4951 -41.3605 18.725
      vertex 49.4951 -41.3605 16.725
    endloop
  endfacet
  facet normal -1 -0 0
    outer loop
      vertex 49.4951 -41.3605 18.725
      vertex 49.4951 -67.6395 16.725
      vertex 49.4951 -67.6395 18.725
    endloop
  endfacet
  facet normal -0.913531 -0.40677 0
    outer loop
      vertex 49.3794 -40.816 16.725
      vertex 49.2659 -40.5611 18.725
      vertex 49.2659 -40.5611 16.725
    endloop
  endfacet
  facet normal -0.913531 -0.40677 0
    outer loop
      vertex 49.2659 -40.5611 18.725
      vertex 49.3794 -40.816 16.725
      vertex 49.3794 -40.816 18.725
    endloop
  endfacet
  facet normal -0.848059 -0.529902 0
    outer loop
      vertex 49.2659 -40.5611 16.725
      vertex 49.118 -40.3244 18.725
      vertex 49.118 -40.3244 16.725
    endloop
  endfacet
  facet normal -0.848059 -0.529902 0
    outer loop
      vertex 49.118 -40.3244 18.725
      vertex 49.2659 -40.5611 16.725
      vertex 49.2659 -40.5611 18.725
    endloop
  endfacet
  facet normal -0.961267 0.27562 0
    outer loop
      vertex 49.3794 -68.184 16.725
      vertex 49.4563 -67.9158 18.725
      vertex 49.4563 -67.9158 16.725
    endloop
  endfacet
  facet normal -0.961267 0.27562 0
    outer loop
      vertex 49.4563 -67.9158 18.725
      vertex 49.3794 -68.184 16.725
      vertex 49.3794 -68.184 18.725
    endloop
  endfacet
  facet normal -0.308908 0.951092 0
    outer loop
      vertex 48.2492 -69.3544 16.725
      vertex 47.9838 -69.4406 18.725
      vertex 48.2492 -69.3544 18.725
    endloop
  endfacet
  facet normal -0.308908 0.951092 0
    outer loop
      vertex 47.9838 -69.4406 18.725
      vertex 48.2492 -69.3544 16.725
      vertex 47.9838 -69.4406 16.725
    endloop
  endfacet
  facet normal 0 1 -0
    outer loop
      vertex 47.4302 -69.4988 16.725
      vertex -12.4242 -69.4988 18.725
      vertex 47.4302 -69.4988 18.725
    endloop
  endfacet
  facet normal 0 1 0
    outer loop
      vertex -12.4242 -69.4988 18.725
      vertex 47.4302 -69.4988 16.725
      vertex -12.4242 -69.4988 16.725
    endloop
  endfacet
  facet normal -0.559159 0.829061 0
    outer loop
      vertex 48.7313 -69.076 16.725
      vertex 48.5 -69.232 18.725
      vertex 48.7313 -69.076 18.725
    endloop
  endfacet
  facet normal -0.559159 0.829061 0
    outer loop
      vertex 48.5 -69.232 18.725
      vertex 48.7313 -69.076 16.725
      vertex 48.5 -69.232 16.725
    endloop
  endfacet
  facet normal -0.0351164 0.999383 0
    outer loop
      vertex 47.7091 -69.489 16.725
      vertex 47.4302 -69.4988 18.725
      vertex 47.7091 -69.489 18.725
    endloop
  endfacet
  facet normal -0.0351164 0.999383 0
    outer loop
      vertex 47.4302 -69.4988 18.725
      vertex 47.7091 -69.489 16.725
      vertex 47.4302 -69.4988 16.725
    endloop
  endfacet
  facet normal -0.669044 0.743223 0
    outer loop
      vertex 48.9387 -68.8893 16.725
      vertex 48.7313 -69.076 18.725
      vertex 48.9387 -68.8893 18.725
    endloop
  endfacet
  facet normal -0.669044 0.743223 0
    outer loop
      vertex 48.7313 -69.076 18.725
      vertex 48.9387 -68.8893 16.725
      vertex 48.7313 -69.076 16.725
    endloop
  endfacet
  facet normal -0.438593 -0.898686 0
    outer loop
      vertex 48.2492 -39.6456 16.725
      vertex 48.5 -39.768 18.725
      vertex 48.2492 -39.6456 18.725
    endloop
  endfacet
  facet normal -0.438593 -0.898686 -0
    outer loop
      vertex 48.5 -39.768 18.725
      vertex 48.2492 -39.6456 16.725
      vertex 48.5 -39.768 16.725
    endloop
  endfacet
  facet normal 0 -1 0
    outer loop
      vertex 40.32 -39.5012 16.725
      vertex 47.4302 -39.5012 18.725
      vertex 40.32 -39.5012 18.725
    endloop
  endfacet
  facet normal 0 -1 -0
    outer loop
      vertex 47.4302 -39.5012 18.725
      vertex 40.32 -39.5012 16.725
      vertex 47.4302 -39.5012 16.725
    endloop
  endfacet
  facet normal -0.308908 -0.951092 0
    outer loop
      vertex 47.9838 -39.5594 16.725
      vertex 48.2492 -39.6456 18.725
      vertex 47.9838 -39.5594 18.725
    endloop
  endfacet
  facet normal -0.308908 -0.951092 -0
    outer loop
      vertex 48.2492 -39.6456 18.725
      vertex 47.9838 -39.5594 16.725
      vertex 48.2492 -39.6456 16.725
    endloop
  endfacet
  facet normal -0.0351164 -0.999383 0
    outer loop
      vertex 47.4302 -39.5012 16.725
      vertex 47.7091 -39.511 18.725
      vertex 47.4302 -39.5012 18.725
    endloop
  endfacet
  facet normal -0.0351164 -0.999383 -0
    outer loop
      vertex 47.7091 -39.511 18.725
      vertex 47.4302 -39.5012 16.725
      vertex 47.7091 -39.511 16.725
    endloop
  endfacet
  facet normal -0.559159 -0.829061 0
    outer loop
      vertex 48.5 -39.768 16.725
      vertex 48.7313 -39.924 18.725
      vertex 48.5 -39.768 18.725
    endloop
  endfacet
  facet normal -0.559159 -0.829061 -0
    outer loop
      vertex 48.7313 -39.924 18.725
      vertex 48.5 -39.768 16.725
      vertex 48.7313 -39.924 16.725
    endloop
  endfacet
  facet normal -0.173519 -0.98483 0
    outer loop
      vertex 47.7091 -39.511 16.725
      vertex 47.9838 -39.5594 18.725
      vertex 47.7091 -39.511 18.725
    endloop
  endfacet
  facet normal -0.173519 -0.98483 -0
    outer loop
      vertex 47.9838 -39.5594 18.725
      vertex 47.7091 -39.511 16.725
      vertex 47.9838 -39.5594 16.725
    endloop
  endfacet
  facet normal -0.438593 0.898686 0
    outer loop
      vertex 48.5 -69.232 16.725
      vertex 48.2492 -69.3544 18.725
      vertex 48.5 -69.232 18.725
    endloop
  endfacet
  facet normal -0.438593 0.898686 0
    outer loop
      vertex 48.2492 -69.3544 18.725
      vertex 48.5 -69.232 16.725
      vertex 48.2492 -69.3544 16.725
    endloop
  endfacet
  facet normal -0.913531 0.40677 0
    outer loop
      vertex 49.2659 -68.4389 16.725
      vertex 49.3794 -68.184 18.725
      vertex 49.3794 -68.184 16.725
    endloop
  endfacet
  facet normal -0.913531 0.40677 0
    outer loop
      vertex 49.3794 -68.184 18.725
      vertex 49.2659 -68.4389 16.725
      vertex 49.2659 -68.4389 18.725
    endloop
  endfacet
  facet normal -0.848059 0.529902 0
    outer loop
      vertex 49.118 -68.6756 16.725
      vertex 49.2659 -68.4389 18.725
      vertex 49.2659 -68.4389 16.725
    endloop
  endfacet
  facet normal -0.848059 0.529902 0
    outer loop
      vertex 49.2659 -68.4389 18.725
      vertex 49.118 -68.6756 16.725
      vertex 49.118 -68.6756 18.725
    endloop
  endfacet
  facet normal -0.961267 -0.27562 0
    outer loop
      vertex 49.4563 -41.0842 16.725
      vertex 49.3794 -40.816 18.725
      vertex 49.3794 -40.816 16.725
    endloop
  endfacet
  facet normal -0.961267 -0.27562 0
    outer loop
      vertex 49.3794 -40.816 18.725
      vertex 49.4563 -41.0842 16.725
      vertex 49.4563 -41.0842 18.725
    endloop
  endfacet
  facet normal -0.990284 -0.139063 0
    outer loop
      vertex 49.4951 -41.3605 16.725
      vertex 49.4563 -41.0842 18.725
      vertex 49.4563 -41.0842 16.725
    endloop
  endfacet
  facet normal -0.990284 -0.139063 0
    outer loop
      vertex 49.4563 -41.0842 18.725
      vertex 49.4951 -41.3605 16.725
      vertex 49.4951 -41.3605 18.725
    endloop
  endfacet
  facet normal -0.173519 0.98483 0
    outer loop
      vertex 47.9838 -69.4406 16.725
      vertex 47.7091 -69.489 18.725
      vertex 47.9838 -69.4406 18.725
    endloop
  endfacet
  facet normal -0.173519 0.98483 0
    outer loop
      vertex 47.7091 -69.489 18.725
      vertex 47.9838 -69.4406 16.725
      vertex 47.7091 -69.489 16.725
    endloop
  endfacet
  facet normal -0.669044 -0.743223 0
    outer loop
      vertex 48.7313 -39.924 16.725
      vertex 48.9387 -40.1107 18.725
      vertex 48.7313 -39.924 18.725
    endloop
  endfacet
  facet normal -0.669044 -0.743223 -0
    outer loop
      vertex 48.9387 -40.1107 18.725
      vertex 48.7313 -39.924 16.725
      vertex 48.9387 -40.1107 16.725
    endloop
  endfacet
  facet normal -0.669126 0.743149 0
    outer loop
      vertex 7.25118 10.9522 16.725
      vertex 4.29635 8.29169 18.725
      vertex 7.25118 10.9522 18.725
    endloop
  endfacet
  facet normal -0.669126 0.743149 0
    outer loop
      vertex 4.29635 8.29169 18.725
      vertex 7.25118 10.9522 16.725
      vertex 4.29635 8.29169 16.725
    endloop
  endfacet
  facet normal -0.438372 0.898794 0
    outer loop
      vertex 1 6.06828 16.725
      vertex -2.57371 4.32526 18.725
      vertex 1 6.06828 18.725
    endloop
  endfacet
  facet normal -0.438372 0.898794 0
    outer loop
      vertex -2.57371 4.32526 18.725
      vertex 1 6.06828 16.725
      vertex -2.57371 4.32526 16.725
    endloop
  endfacet
  facet normal -0.559192 0.829038 0
    outer loop
      vertex 4.29635 8.29169 16.725
      vertex 1 6.06828 18.725
      vertex 4.29635 8.29169 18.725
    endloop
  endfacet
  facet normal -0.559192 0.829038 0
    outer loop
      vertex 1 6.06828 18.725
      vertex 4.29635 8.29169 16.725
      vertex 1 6.06828 16.725
    endloop
  endfacet
  facet normal -0.848053 0.529912 0
    outer loop
      vertex 9.80698 13.9981 16.725
      vertex 11.914 17.3701 18.725
      vertex 11.914 17.3701 16.725
    endloop
  endfacet
  facet normal -0.848053 0.529912 0
    outer loop
      vertex 11.914 17.3701 18.725
      vertex 9.80698 13.9981 16.725
      vertex 9.80698 13.9981 18.725
    endloop
  endfacet
  facet normal -0.913546 0.406736 0
    outer loop
      vertex 11.914 17.3701 16.725
      vertex 13.5312 21.0024 18.725
      vertex 13.5312 21.0024 16.725
    endloop
  endfacet
  facet normal -0.913546 0.406736 0
    outer loop
      vertex 13.5312 21.0024 18.725
      vertex 11.914 17.3701 16.725
      vertex 11.914 17.3701 18.725
    endloop
  endfacet
  facet normal -0.96126 0.275644 0
    outer loop
      vertex 13.5312 21.0024 16.725
      vertex 14.6272 24.8245 18.725
      vertex 14.6272 24.8245 16.725
    endloop
  endfacet
  facet normal -0.96126 0.275644 0
    outer loop
      vertex 14.6272 24.8245 18.725
      vertex 13.5312 21.0024 16.725
      vertex 13.5312 21.0024 18.725
    endloop
  endfacet
  facet normal -0.309017 0.951057 0
    outer loop
      vertex -2.57371 4.32526 16.725
      vertex -6.35523 3.09657 18.725
      vertex -2.57371 4.32526 18.725
    endloop
  endfacet
  facet normal -0.309017 0.951057 0
    outer loop
      vertex -6.35523 3.09657 18.725
      vertex -2.57371 4.32526 16.725
      vertex -6.35523 3.09657 16.725
    endloop
  endfacet
  facet normal -0.766046 0.642786 0
    outer loop
      vertex 7.25118 10.9522 16.725
      vertex 9.80698 13.9981 18.725
      vertex 9.80698 13.9981 16.725
    endloop
  endfacet
  facet normal -0.766046 0.642786 0
    outer loop
      vertex 9.80698 13.9981 18.725
      vertex 7.25118 10.9522 16.725
      vertex 7.25118 10.9522 18.725
    endloop
  endfacet
  facet normal -1 0 0
    outer loop
      vertex 15.1806 28.7619 16.725
      vertex 15.1806 32.7381 18.725
      vertex 15.1806 32.7381 16.725
    endloop
  endfacet
  facet normal -1 -0 0
    outer loop
      vertex 15.1806 32.7381 18.725
      vertex 15.1806 28.7619 16.725
      vertex 15.1806 28.7619 18.725
    endloop
  endfacet
  facet normal -0.0349026 0.999391 0
    outer loop
      vertex -10.2709 2.40613 16.725
      vertex -12.4903 2.32862 18.725
      vertex -10.2709 2.40613 18.725
    endloop
  endfacet
  facet normal -0.0349026 0.999391 0
    outer loop
      vertex -12.4903 2.32862 18.725
      vertex -10.2709 2.40613 16.725
      vertex -12.4903 2.32862 16.725
    endloop
  endfacet
  facet normal -0.990267 0.139182 0
    outer loop
      vertex 14.6272 24.8245 16.725
      vertex 15.1806 28.7619 18.725
      vertex 15.1806 28.7619 16.725
    endloop
  endfacet
  facet normal -0.990267 0.139182 0
    outer loop
      vertex 15.1806 28.7619 18.725
      vertex 14.6272 24.8245 16.725
      vertex 14.6272 24.8245 18.725
    endloop
  endfacet
  facet normal -0.173649 0.984808 0
    outer loop
      vertex -6.35523 3.09657 16.725
      vertex -10.2709 2.40613 18.725
      vertex -6.35523 3.09657 18.725
    endloop
  endfacet
  facet normal -0.173649 0.984808 0
    outer loop
      vertex -10.2709 2.40613 18.725
      vertex -6.35523 3.09657 16.725
      vertex -10.2709 2.40613 16.725
    endloop
  endfacet
  facet normal -0.961258 -0.275651 0
    outer loop
      vertex 14.6272 36.6755 16.725
      vertex 13.8169 39.5012 18.725
      vertex 13.8169 39.5012 16.725
    endloop
  endfacet
  facet normal -0.961258 -0.275651 0
    outer loop
      vertex 13.8169 39.5012 18.725
      vertex 14.6272 36.6755 16.725
      vertex 14.6272 36.6755 18.725
    endloop
  endfacet
  facet normal -0.990267 -0.139182 0
    outer loop
      vertex 15.1806 32.7381 16.725
      vertex 14.6272 36.6755 18.725
      vertex 14.6272 36.6755 16.725
    endloop
  endfacet
  facet normal -0.990267 -0.139182 0
    outer loop
      vertex 14.6272 36.6755 18.725
      vertex 15.1806 32.7381 16.725
      vertex 15.1806 32.7381 18.725
    endloop
  endfacet
  facet normal -0.694621 0.253071 0.673392
    outer loop
      vertex 49.8369 56.5417 -16.725
      vertex 48.0187 57.6712 -19.025
      vertex 47.9184 57.3959 -19.025
    endloop
  endfacet
  facet normal -0.36961 -0.640287 0.673365
    outer loop
      vertex 48.3486 61.732 -16.725
      vertex 47.8412 62.0249 -16.725
      vertex 46.9206 60.1375 -19.025
    endloop
  endfacet
  facet normal -0.737501 -0.0516062 0.673371
    outer loop
      vertex 50.2 58.25 -16.725
      vertex 50.1591 58.8345 -16.725
      vertex 48.1 58.25 -19.025
    endloop
  endfacet
  facet normal -0.737524 -0.0514727 0.673357
    outer loop
      vertex 48.1 58.25 -19.025
      vertex 50.1591 58.8345 -16.725
      vertex 48.0796 58.5423 -19.025
    endloop
  endfacet
  facet normal -0.17895 0.717316 0.673375
    outer loop
      vertex 47.2979 54.2556 -16.725
      vertex 46.6489 56.2528 -19.025
      vertex 46.3647 56.1819 -19.025
    endloop
  endfacet
  facet normal -0.694723 0.252856 0.673368
    outer loop
      vertex 49.8369 56.5417 -16.725
      vertex 50.0373 57.0923 -16.725
      vertex 48.0187 57.6712 -19.025
    endloop
  endfacet
  facet normal 0.12843 0.728063 0.673372
    outer loop
      vertex 45.561 54.073 -16.725
      vertex 45.492 56.2124 -19.025
      vertex 44.9839 54.1748 -16.725
    endloop
  endfacet
  facet normal -0.652808 0.34697 0.673389
    outer loop
      vertex 49.8369 56.5417 -16.725
      vertex 47.9184 57.3959 -19.025
      vertex 47.7809 57.1372 -19.025
    endloop
  endfacet
  facet normal 0.566423 0.475088 0.673392
    outer loop
      vertex 44.4894 56.7912 -19.025
      vertex 44.3011 57.0157 -19.025
      vertex 42.6021 55.7813 -16.725
    endloop
  endfacet
  facet normal 0.324104 0.664483 0.673364
    outer loop
      vertex 44.4267 54.3558 -16.725
      vertex 44.95 56.4313 -19.025
      vertex 43.9 54.6127 -16.725
    endloop
  endfacet
  facet normal 0.732098 0.102963 0.673373
    outer loop
      vertex 43.9459 57.8134 -19.025
      vertex 43.9051 58.1035 -19.025
      vertex 41.8102 57.957 -16.725
    endloop
  endfacet
  facet normal -0.369699 0.640223 0.673377
    outer loop
      vertex 48.3486 54.768 -16.725
      vertex 47.1743 56.509 -19.025
      vertex 46.9206 56.3625 -19.025
    endloop
  endfacet
  facet normal -0.0772102 -0.735264 0.673369
    outer loop
      vertex 46.3647 60.3181 -19.025
      vertex 46.7293 62.3862 -16.725
      vertex 46.0733 60.3487 -19.025
    endloop
  endfacet
  facet normal -0.455227 -0.582534 0.673366
    outer loop
      vertex 48.8103 61.3712 -16.725
      vertex 48.3486 61.732 -16.725
      vertex 47.4052 59.8106 -19.025
    endloop
  endfacet
  facet normal 0.324049 -0.664503 0.67337
    outer loop
      vertex 44.95 60.0687 -19.025
      vertex 45.2133 60.1971 -19.025
      vertex 44.4267 62.1442 -16.725
    endloop
  endfacet
  facet normal -0.737501 0.0516062 0.673371
    outer loop
      vertex 50.1591 57.6655 -16.725
      vertex 50.2 58.25 -16.725
      vertex 48.1 58.25 -19.025
    endloop
  endfacet
  facet normal 0.0257389 -0.738857 0.673371
    outer loop
      vertex 46.0733 60.3487 -19.025
      vertex 46.1466 62.4474 -16.725
      vertex 45.561 62.427 -16.725
    endloop
  endfacet
  facet normal -0.723159 0.153719 0.673359
    outer loop
      vertex 50.1591 57.6655 -16.725
      vertex 48.0796 57.9577 -19.025
      vertex 48.0187 57.6712 -19.025
    endloop
  endfacet
  facet normal 0.0257389 0.738857 0.673371
    outer loop
      vertex 46.1466 54.0526 -16.725
      vertex 46.0733 56.1513 -19.025
      vertex 45.561 54.073 -16.725
    endloop
  endfacet
  facet normal 0.413527 -0.612847 0.67336
    outer loop
      vertex 44.7071 59.9048 -19.025
      vertex 44.95 60.0687 -19.025
      vertex 43.9 61.8873 -16.725
    endloop
  endfacet
  facet normal 0.710679 -0.203754 0.673365
    outer loop
      vertex 41.8918 59.1232 -16.725
      vertex 44.0266 58.9682 -19.025
      vertex 42.0533 59.6865 -16.725
    endloop
  endfacet
  facet normal 0.710695 -0.203669 0.673374
    outer loop
      vertex 44.0266 58.9682 -19.025
      vertex 41.8918 59.1232 -16.725
      vertex 43.9459 58.6866 -19.025
    endloop
  endfacet
  facet normal -0.455227 0.582534 0.673366
    outer loop
      vertex 48.3486 54.768 -16.725
      vertex 48.8103 55.1288 -16.725
      vertex 47.4052 56.6894 -19.025
    endloop
  endfacet
  facet normal 0.566321 -0.475235 0.673373
    outer loop
      vertex 44.4894 59.7088 -19.025
      vertex 42.9788 61.1676 -16.725
      vertex 42.6021 60.7187 -16.725
    endloop
  endfacet
  facet normal -0.276943 -0.685482 0.673362
    outer loop
      vertex 47.8412 62.0249 -16.725
      vertex 47.2979 62.2444 -16.725
      vertex 46.9206 60.1375 -19.025
    endloop
  endfacet
  facet normal -0.652766 0.347073 0.673377
    outer loop
      vertex 49.5618 56.0243 -16.725
      vertex 49.8369 56.5417 -16.725
      vertex 47.7809 57.1372 -19.025
    endloop
  endfacet
  facet normal -0.0772232 0.735261 0.673371
    outer loop
      vertex 46.1466 54.0526 -16.725
      vertex 46.7293 54.1138 -16.725
      vertex 46.0733 56.1513 -19.025
    endloop
  endfacet
  facet normal 0.0257389 -0.738857 0.673371
    outer loop
      vertex 45.7805 60.3385 -19.025
      vertex 46.0733 60.3487 -19.025
      vertex 45.561 62.427 -16.725
    endloop
  endfacet
  facet normal -0.455161 0.582576 0.673374
    outer loop
      vertex 48.3486 54.768 -16.725
      vertex 47.4052 56.6894 -19.025
      vertex 47.1743 56.509 -19.025
    endloop
  endfacet
  facet normal 0.566321 0.475235 0.673373
    outer loop
      vertex 42.9788 55.3324 -16.725
      vertex 44.4894 56.7912 -19.025
      vertex 42.6021 55.7813 -16.725
    endloop
  endfacet
  facet normal -0.531776 0.513609 0.673364
    outer loop
      vertex 47.6087 56.9001 -19.025
      vertex 48.8103 55.1288 -16.725
      vertex 49.2174 55.5503 -16.725
    endloop
  endfacet
  facet normal -0.531779 0.513607 0.673364
    outer loop
      vertex 48.8103 55.1288 -16.725
      vertex 47.6087 56.9001 -19.025
      vertex 47.4052 56.6894 -19.025
    endloop
  endfacet
  facet normal 0.626856 -0.391911 0.673393
    outer loop
      vertex 42.6021 60.7187 -16.725
      vertex 44.1458 59.2359 -19.025
      vertex 44.3011 59.4843 -19.025
    endloop
  endfacet
  facet normal 0.626962 -0.391772 0.673374
    outer loop
      vertex 44.1458 59.2359 -19.025
      vertex 42.6021 60.7187 -16.725
      vertex 42.2916 60.2218 -16.725
    endloop
  endfacet
  facet normal -0.0772232 -0.735261 0.673371
    outer loop
      vertex 46.7293 62.3862 -16.725
      vertex 46.1466 62.4474 -16.725
      vertex 46.0733 60.3487 -19.025
    endloop
  endfacet
  facet normal 0.324104 -0.664483 0.673364
    outer loop
      vertex 44.95 60.0687 -19.025
      vertex 44.4267 62.1442 -16.725
      vertex 43.9 61.8873 -16.725
    endloop
  endfacet
  facet normal 0.0257389 0.738857 0.673371
    outer loop
      vertex 46.0733 56.1513 -19.025
      vertex 45.7805 56.1615 -19.025
      vertex 45.561 54.073 -16.725
    endloop
  endfacet
  facet normal -0.737524 0.0514727 0.673357
    outer loop
      vertex 50.1591 57.6655 -16.725
      vertex 48.1 58.25 -19.025
      vertex 48.0796 57.9577 -19.025
    endloop
  endfacet
  facet normal 0.626856 0.391911 0.673393
    outer loop
      vertex 44.1458 57.2641 -19.025
      vertex 42.6021 55.7813 -16.725
      vertex 44.3011 57.0157 -19.025
    endloop
  endfacet
  facet normal 0.626962 0.391772 0.673374
    outer loop
      vertex 42.6021 55.7813 -16.725
      vertex 44.1458 57.2641 -19.025
      vertex 42.2916 56.2782 -16.725
    endloop
  endfacet
  facet normal -0.17895 -0.717316 0.673375
    outer loop
      vertex 46.6489 60.2472 -19.025
      vertex 47.2979 62.2444 -16.725
      vertex 46.3647 60.3181 -19.025
    endloop
  endfacet
  facet normal 0.739301 0 0.673375
    outer loop
      vertex 41.8102 58.543 -16.725
      vertex 43.9051 58.1035 -19.025
      vertex 43.9051 58.3965 -19.025
    endloop
  endfacet
  facet normal 0.739301 0 0.673375
    outer loop
      vertex 43.9051 58.1035 -19.025
      vertex 41.8102 58.543 -16.725
      vertex 41.8102 57.957 -16.725
    endloop
  endfacet
  facet normal 0.732098 0.102963 0.673373
    outer loop
      vertex 41.8918 57.3768 -16.725
      vertex 43.9459 57.8134 -19.025
      vertex 41.8102 57.957 -16.725
    endloop
  endfacet
  facet normal 0.128452 0.728061 0.67337
    outer loop
      vertex 45.561 54.073 -16.725
      vertex 45.7805 56.1615 -19.025
      vertex 45.492 56.2124 -19.025
    endloop
  endfacet
  facet normal 0.413435 0.612898 0.673371
    outer loop
      vertex 43.9 54.6127 -16.725
      vertex 44.7071 56.5952 -19.025
      vertex 43.4142 54.9404 -16.725
    endloop
  endfacet
  facet normal -0.598093 0.434564 0.673378
    outer loop
      vertex 47.7809 57.1372 -19.025
      vertex 49.2174 55.5503 -16.725
      vertex 49.5618 56.0243 -16.725
    endloop
  endfacet
  facet normal -0.598192 0.434452 0.673363
    outer loop
      vertex 49.2174 55.5503 -16.725
      vertex 47.7809 57.1372 -19.025
      vertex 47.6087 56.9001 -19.025
    endloop
  endfacet
  facet normal -0.178893 0.717337 0.673369
    outer loop
      vertex 46.7293 54.1138 -16.725
      vertex 47.2979 54.2556 -16.725
      vertex 46.3647 56.1819 -19.025
    endloop
  endfacet
  facet normal -0.0772102 0.735264 0.673369
    outer loop
      vertex 46.7293 54.1138 -16.725
      vertex 46.3647 56.1819 -19.025
      vertex 46.0733 56.1513 -19.025
    endloop
  endfacet
  facet normal -0.723165 0.153666 0.673364
    outer loop
      vertex 50.0373 57.0923 -16.725
      vertex 50.1591 57.6655 -16.725
      vertex 48.0187 57.6712 -19.025
    endloop
  endfacet
  facet normal -0.276785 -0.685529 0.673379
    outer loop
      vertex 46.9206 60.1375 -19.025
      vertex 47.2979 62.2444 -16.725
      vertex 46.6489 60.2472 -19.025
    endloop
  endfacet
  facet normal 0.675401 -0.300669 0.673373
    outer loop
      vertex 42.0533 59.6865 -16.725
      vertex 44.1458 59.2359 -19.025
      vertex 42.2916 60.2218 -16.725
    endloop
  endfacet
  facet normal 0.675381 -0.30073 0.673367
    outer loop
      vertex 44.1458 59.2359 -19.025
      vertex 42.0533 59.6865 -16.725
      vertex 44.0266 58.9682 -19.025
    endloop
  endfacet
  facet normal 0.566423 -0.475088 0.673392
    outer loop
      vertex 44.3011 59.4843 -19.025
      vertex 44.4894 59.7088 -19.025
      vertex 42.6021 60.7187 -16.725
    endloop
  endfacet
  facet normal 0.12843 -0.728063 0.673372
    outer loop
      vertex 45.492 60.2876 -19.025
      vertex 45.561 62.427 -16.725
      vertex 44.9839 62.3252 -16.725
    endloop
  endfacet
  facet normal 0.710695 0.203669 0.673374
    outer loop
      vertex 41.8918 57.3768 -16.725
      vertex 44.0266 57.5318 -19.025
      vertex 43.9459 57.8134 -19.025
    endloop
  endfacet
  facet normal 0.710679 0.203754 0.673365
    outer loop
      vertex 44.0266 57.5318 -19.025
      vertex 41.8918 57.3768 -16.725
      vertex 42.0533 56.8135 -16.725
    endloop
  endfacet
  facet normal 0.128452 -0.728061 0.67337
    outer loop
      vertex 45.7805 60.3385 -19.025
      vertex 45.561 62.427 -16.725
      vertex 45.492 60.2876 -19.025
    endloop
  endfacet
  facet normal 0.494666 0.549433 0.673372
    outer loop
      vertex 44.4894 56.7912 -19.025
      vertex 43.4142 54.9404 -16.725
      vertex 44.7071 56.5952 -19.025
    endloop
  endfacet
  facet normal 0.494666 0.549433 0.673372
    outer loop
      vertex 43.4142 54.9404 -16.725
      vertex 44.4894 56.7912 -19.025
      vertex 42.9788 55.3324 -16.725
    endloop
  endfacet
  facet normal -0.36961 0.640287 0.673365
    outer loop
      vertex 47.8412 54.4751 -16.725
      vertex 48.3486 54.768 -16.725
      vertex 46.9206 56.3625 -19.025
    endloop
  endfacet
  facet normal -0.652766 -0.347073 0.673377
    outer loop
      vertex 49.8369 59.9583 -16.725
      vertex 49.5618 60.4757 -16.725
      vertex 47.7809 59.3628 -19.025
    endloop
  endfacet
  facet normal 0.413435 -0.612898 0.673371
    outer loop
      vertex 44.7071 59.9048 -19.025
      vertex 43.9 61.8873 -16.725
      vertex 43.4142 61.5596 -16.725
    endloop
  endfacet
  facet normal 0.228407 -0.703139 0.673369
    outer loop
      vertex 45.2133 60.1971 -19.025
      vertex 44.9839 62.3252 -16.725
      vertex 44.4267 62.1442 -16.725
    endloop
  endfacet
  facet normal 0.22833 -0.703157 0.673377
    outer loop
      vertex 44.9839 62.3252 -16.725
      vertex 45.2133 60.1971 -19.025
      vertex 45.492 60.2876 -19.025
    endloop
  endfacet
  facet normal 0.413527 0.612847 0.67336
    outer loop
      vertex 44.95 56.4313 -19.025
      vertex 44.7071 56.5952 -19.025
      vertex 43.9 54.6127 -16.725
    endloop
  endfacet
  facet normal -0.276785 0.685529 0.673379
    outer loop
      vertex 47.2979 54.2556 -16.725
      vertex 46.9206 56.3625 -19.025
      vertex 46.6489 56.2528 -19.025
    endloop
  endfacet
  facet normal 0.732098 -0.102963 0.673373
    outer loop
      vertex 43.9051 58.3965 -19.025
      vertex 43.9459 58.6866 -19.025
      vertex 41.8102 58.543 -16.725
    endloop
  endfacet
  facet normal 0.494666 -0.549433 0.673372
    outer loop
      vertex 43.4142 61.5596 -16.725
      vertex 44.4894 59.7088 -19.025
      vertex 44.7071 59.9048 -19.025
    endloop
  endfacet
  facet normal 0.494666 -0.549433 0.673372
    outer loop
      vertex 44.4894 59.7088 -19.025
      vertex 43.4142 61.5596 -16.725
      vertex 42.9788 61.1676 -16.725
    endloop
  endfacet
  facet normal -0.652808 -0.34697 0.673389
    outer loop
      vertex 47.9184 59.1041 -19.025
      vertex 49.8369 59.9583 -16.725
      vertex 47.7809 59.3628 -19.025
    endloop
  endfacet
  facet normal -0.276943 0.685482 0.673362
    outer loop
      vertex 47.2979 54.2556 -16.725
      vertex 47.8412 54.4751 -16.725
      vertex 46.9206 56.3625 -19.025
    endloop
  endfacet
  facet normal 0.324049 0.664503 0.67337
    outer loop
      vertex 45.2133 56.3029 -19.025
      vertex 44.95 56.4313 -19.025
      vertex 44.4267 54.3558 -16.725
    endloop
  endfacet
  facet normal 0.732098 -0.102963 0.673373
    outer loop
      vertex 43.9459 58.6866 -19.025
      vertex 41.8918 59.1232 -16.725
      vertex 41.8102 58.543 -16.725
    endloop
  endfacet
  facet normal 0.22833 0.703157 0.673377
    outer loop
      vertex 45.2133 56.3029 -19.025
      vertex 44.9839 54.1748 -16.725
      vertex 45.492 56.2124 -19.025
    endloop
  endfacet
  facet normal 0.228407 0.703139 0.673369
    outer loop
      vertex 44.9839 54.1748 -16.725
      vertex 45.2133 56.3029 -19.025
      vertex 44.4267 54.3558 -16.725
    endloop
  endfacet
  facet normal 0 0 -1
    outer loop
      vertex 49 58.25 -16.725
      vertex 50.2 58.25 -16.725
      vertex 50.1591 57.6655 -16.725
    endloop
  endfacet
  facet normal 0 0 -1
    outer loop
      vertex 48.9708 57.8325 -16.725
      vertex 50.1591 57.6655 -16.725
      vertex 50.0373 57.0923 -16.725
    endloop
  endfacet
  facet normal 0 0 -1
    outer loop
      vertex 50.2 58.25 -16.725
      vertex 49 58.25 -16.725
      vertex 50.1591 58.8345 -16.725
    endloop
  endfacet
  facet normal 0 0 -1
    outer loop
      vertex 48.8838 57.4231 -16.725
      vertex 50.0373 57.0923 -16.725
      vertex 49.8369 56.5417 -16.725
    endloop
  endfacet
  facet normal 0 0 -1
    outer loop
      vertex 48.9708 58.6675 -16.725
      vertex 50.1591 58.8345 -16.725
      vertex 49 58.25 -16.725
    endloop
  endfacet
  facet normal 0 0 -1
    outer loop
      vertex 48.7406 57.0298 -16.725
      vertex 49.8369 56.5417 -16.725
      vertex 49.5618 56.0243 -16.725
    endloop
  endfacet
  facet normal -0 0 -1
    outer loop
      vertex 50.1591 58.8345 -16.725
      vertex 48.9708 58.6675 -16.725
      vertex 50.0373 59.4077 -16.725
    endloop
  endfacet
  facet normal 0 0 -1
    outer loop
      vertex 48.5441 56.6602 -16.725
      vertex 49.5618 56.0243 -16.725
      vertex 49.2174 55.5503 -16.725
    endloop
  endfacet
  facet normal 0 0 -1
    outer loop
      vertex 48.8838 59.0769 -16.725
      vertex 50.0373 59.4077 -16.725
      vertex 48.9708 58.6675 -16.725
    endloop
  endfacet
  facet normal -0 0 -1
    outer loop
      vertex 50.0373 59.4077 -16.725
      vertex 48.8838 59.0769 -16.725
      vertex 49.8369 59.9583 -16.725
    endloop
  endfacet
  facet normal 0 0 -1
    outer loop
      vertex 50.1591 57.6655 -16.725
      vertex 48.9708 57.8325 -16.725
      vertex 49 58.25 -16.725
    endloop
  endfacet
  facet normal 0 0 -1
    outer loop
      vertex 50.0373 57.0923 -16.725
      vertex 48.8838 57.4231 -16.725
      vertex 48.9708 57.8325 -16.725
    endloop
  endfacet
  facet normal 0 0 -1
    outer loop
      vertex 48.2981 56.3216 -16.725
      vertex 49.2174 55.5503 -16.725
      vertex 48.8103 55.1288 -16.725
    endloop
  endfacet
  facet normal 0 0 -1
    outer loop
      vertex 49.8369 56.5417 -16.725
      vertex 48.7406 57.0298 -16.725
      vertex 48.8838 57.4231 -16.725
    endloop
  endfacet
  facet normal 0 0 -1
    outer loop
      vertex 49.5618 56.0243 -16.725
      vertex 48.5441 56.6602 -16.725
      vertex 48.7406 57.0298 -16.725
    endloop
  endfacet
  facet normal 0 0 -1
    outer loop
      vertex 48.0074 56.0206 -16.725
      vertex 48.8103 55.1288 -16.725
      vertex 48.3486 54.768 -16.725
    endloop
  endfacet
  facet normal 0 0 -1
    outer loop
      vertex 49.2174 55.5503 -16.725
      vertex 48.2981 56.3216 -16.725
      vertex 48.5441 56.6602 -16.725
    endloop
  endfacet
  facet normal 0 0 -1
    outer loop
      vertex 48.8103 55.1288 -16.725
      vertex 48.0074 56.0206 -16.725
      vertex 48.2981 56.3216 -16.725
    endloop
  endfacet
  facet normal 0 0 -1
    outer loop
      vertex 47.6776 55.7629 -16.725
      vertex 48.3486 54.768 -16.725
      vertex 47.8412 54.4751 -16.725
    endloop
  endfacet
  facet normal 0 0 -1
    outer loop
      vertex 48.3486 54.768 -16.725
      vertex 47.6776 55.7629 -16.725
      vertex 48.0074 56.0206 -16.725
    endloop
  endfacet
  facet normal 0 0 -1
    outer loop
      vertex 47.8412 54.4751 -16.725
      vertex 47.3151 55.5536 -16.725
      vertex 47.6776 55.7629 -16.725
    endloop
  endfacet
  facet normal 0 0 -1
    outer loop
      vertex 47.2979 54.2556 -16.725
      vertex 47.3151 55.5536 -16.725
      vertex 47.8412 54.4751 -16.725
    endloop
  endfacet
  facet normal 0 0 -1
    outer loop
      vertex 47.2979 54.2556 -16.725
      vertex 46.9271 55.3968 -16.725
      vertex 47.3151 55.5536 -16.725
    endloop
  endfacet
  facet normal 0 0 -1
    outer loop
      vertex 46.7293 54.1138 -16.725
      vertex 46.9271 55.3968 -16.725
      vertex 47.2979 54.2556 -16.725
    endloop
  endfacet
  facet normal 0 0 -1
    outer loop
      vertex 46.7293 54.1138 -16.725
      vertex 46.5209 55.2956 -16.725
      vertex 46.9271 55.3968 -16.725
    endloop
  endfacet
  facet normal 0 0 -1
    outer loop
      vertex 46.1466 54.0526 -16.725
      vertex 46.5209 55.2956 -16.725
      vertex 46.7293 54.1138 -16.725
    endloop
  endfacet
  facet normal 0 0 -1
    outer loop
      vertex 46.1466 54.0526 -16.725
      vertex 46.1047 55.2518 -16.725
      vertex 46.5209 55.2956 -16.725
    endloop
  endfacet
  facet normal 0 0 -1
    outer loop
      vertex 46.1466 54.0526 -16.725
      vertex 45.6864 55.2664 -16.725
      vertex 46.1047 55.2518 -16.725
    endloop
  endfacet
  facet normal 0 0 -1
    outer loop
      vertex 45.561 54.073 -16.725
      vertex 45.6864 55.2664 -16.725
      vertex 46.1466 54.0526 -16.725
    endloop
  endfacet
  facet normal 0 0 -1
    outer loop
      vertex 45.561 54.073 -16.725
      vertex 45.2742 55.3391 -16.725
      vertex 45.6864 55.2664 -16.725
    endloop
  endfacet
  facet normal 0 0 -1
    outer loop
      vertex 44.9839 54.1748 -16.725
      vertex 45.2742 55.3391 -16.725
      vertex 45.561 54.073 -16.725
    endloop
  endfacet
  facet normal 0 0 -1
    outer loop
      vertex 44.9839 54.1748 -16.725
      vertex 44.8762 55.4684 -16.725
      vertex 45.2742 55.3391 -16.725
    endloop
  endfacet
  facet normal 0 0 -1
    outer loop
      vertex 44.4267 54.3558 -16.725
      vertex 44.8762 55.4684 -16.725
      vertex 44.9839 54.1748 -16.725
    endloop
  endfacet
  facet normal -0 0 -1
    outer loop
      vertex 44.8762 55.4684 -16.725
      vertex 44.4267 54.3558 -16.725
      vertex 44.5 55.6519 -16.725
    endloop
  endfacet
  facet normal 0 0 -1
    outer loop
      vertex 43.9 54.6127 -16.725
      vertex 44.5 55.6519 -16.725
      vertex 44.4267 54.3558 -16.725
    endloop
  endfacet
  facet normal -0 0 -1
    outer loop
      vertex 44.5 55.6519 -16.725
      vertex 43.9 54.6127 -16.725
      vertex 44.153 55.886 -16.725
    endloop
  endfacet
  facet normal 0 0 -1
    outer loop
      vertex 43.4142 54.9404 -16.725
      vertex 44.153 55.886 -16.725
      vertex 43.9 54.6127 -16.725
    endloop
  endfacet
  facet normal -0 0 -1
    outer loop
      vertex 44.153 55.886 -16.725
      vertex 43.4142 54.9404 -16.725
      vertex 43.842 56.166 -16.725
    endloop
  endfacet
  facet normal 0 0 -1
    outer loop
      vertex 42.9788 55.3324 -16.725
      vertex 43.842 56.166 -16.725
      vertex 43.4142 54.9404 -16.725
    endloop
  endfacet
  facet normal -0 0 -1
    outer loop
      vertex 43.842 56.166 -16.725
      vertex 42.9788 55.3324 -16.725
      vertex 43.5729 56.4866 -16.725
    endloop
  endfacet
  facet normal 0 0 -1
    outer loop
      vertex 42.6021 55.7813 -16.725
      vertex 43.5729 56.4866 -16.725
      vertex 42.9788 55.3324 -16.725
    endloop
  endfacet
  facet normal -0 0 -1
    outer loop
      vertex 43.5729 56.4866 -16.725
      vertex 42.6021 55.7813 -16.725
      vertex 43.3512 56.8416 -16.725
    endloop
  endfacet
  facet normal 0 0 -1
    outer loop
      vertex 42.2916 56.2782 -16.725
      vertex 43.3512 56.8416 -16.725
      vertex 42.6021 55.7813 -16.725
    endloop
  endfacet
  facet normal 0 0 -1
    outer loop
      vertex 42.0533 56.8135 -16.725
      vertex 43.1809 57.2239 -16.725
      vertex 42.2916 56.2782 -16.725
    endloop
  endfacet
  facet normal -0 0 -1
    outer loop
      vertex 43.3512 56.8416 -16.725
      vertex 42.2916 56.2782 -16.725
      vertex 43.1809 57.2239 -16.725
    endloop
  endfacet
  facet normal 0 0 -1
    outer loop
      vertex 48.7406 59.4702 -16.725
      vertex 49.8369 59.9583 -16.725
      vertex 48.8838 59.0769 -16.725
    endloop
  endfacet
  facet normal -0 0 -1
    outer loop
      vertex 49.8369 59.9583 -16.725
      vertex 48.7406 59.4702 -16.725
      vertex 49.5618 60.4757 -16.725
    endloop
  endfacet
  facet normal 0 0 -1
    outer loop
      vertex 48.5441 59.8398 -16.725
      vertex 49.5618 60.4757 -16.725
      vertex 48.7406 59.4702 -16.725
    endloop
  endfacet
  facet normal -0 0 -1
    outer loop
      vertex 49.5618 60.4757 -16.725
      vertex 48.5441 59.8398 -16.725
      vertex 49.2174 60.9497 -16.725
    endloop
  endfacet
  facet normal 0 0 -1
    outer loop
      vertex 48.2981 60.1784 -16.725
      vertex 49.2174 60.9497 -16.725
      vertex 48.5441 59.8398 -16.725
    endloop
  endfacet
  facet normal -0 0 -1
    outer loop
      vertex 49.2174 60.9497 -16.725
      vertex 48.2981 60.1784 -16.725
      vertex 48.8103 61.3712 -16.725
    endloop
  endfacet
  facet normal 0 0 -1
    outer loop
      vertex 48.0074 60.4794 -16.725
      vertex 48.8103 61.3712 -16.725
      vertex 48.2981 60.1784 -16.725
    endloop
  endfacet
  facet normal -0 0 -1
    outer loop
      vertex 48.8103 61.3712 -16.725
      vertex 48.0074 60.4794 -16.725
      vertex 48.3486 61.732 -16.725
    endloop
  endfacet
  facet normal 0 0 -1
    outer loop
      vertex 47.6776 60.7371 -16.725
      vertex 48.3486 61.732 -16.725
      vertex 48.0074 60.4794 -16.725
    endloop
  endfacet
  facet normal -0 0 -1
    outer loop
      vertex 48.3486 61.732 -16.725
      vertex 47.6776 60.7371 -16.725
      vertex 47.8412 62.0249 -16.725
    endloop
  endfacet
  facet normal 0 0 -1
    outer loop
      vertex 47.3151 60.9464 -16.725
      vertex 47.8412 62.0249 -16.725
      vertex 47.6776 60.7371 -16.725
    endloop
  endfacet
  facet normal 0 0 -1
    outer loop
      vertex 47.3151 60.9464 -16.725
      vertex 47.2979 62.2444 -16.725
      vertex 47.8412 62.0249 -16.725
    endloop
  endfacet
  facet normal 0 0 -1
    outer loop
      vertex 46.9271 61.1032 -16.725
      vertex 47.2979 62.2444 -16.725
      vertex 47.3151 60.9464 -16.725
    endloop
  endfacet
  facet normal 0 0 -1
    outer loop
      vertex 46.9271 61.1032 -16.725
      vertex 46.7293 62.3862 -16.725
      vertex 47.2979 62.2444 -16.725
    endloop
  endfacet
  facet normal 0 0 -1
    outer loop
      vertex 46.5209 61.2044 -16.725
      vertex 46.7293 62.3862 -16.725
      vertex 46.9271 61.1032 -16.725
    endloop
  endfacet
  facet normal 0 0 -1
    outer loop
      vertex 46.5209 61.2044 -16.725
      vertex 46.1466 62.4474 -16.725
      vertex 46.7293 62.3862 -16.725
    endloop
  endfacet
  facet normal 0 0 -1
    outer loop
      vertex 46.1047 61.2482 -16.725
      vertex 46.1466 62.4474 -16.725
      vertex 46.5209 61.2044 -16.725
    endloop
  endfacet
  facet normal 0 0 -1
    outer loop
      vertex 45.6864 61.2336 -16.725
      vertex 46.1466 62.4474 -16.725
      vertex 46.1047 61.2482 -16.725
    endloop
  endfacet
  facet normal 0 0 -1
    outer loop
      vertex 45.6864 61.2336 -16.725
      vertex 45.561 62.427 -16.725
      vertex 46.1466 62.4474 -16.725
    endloop
  endfacet
  facet normal 0 0 -1
    outer loop
      vertex 45.2742 61.1609 -16.725
      vertex 45.561 62.427 -16.725
      vertex 45.6864 61.2336 -16.725
    endloop
  endfacet
  facet normal 0 0 -1
    outer loop
      vertex 45.2742 61.1609 -16.725
      vertex 44.9839 62.3252 -16.725
      vertex 45.561 62.427 -16.725
    endloop
  endfacet
  facet normal 0 0 -1
    outer loop
      vertex 44.8762 61.0316 -16.725
      vertex 44.9839 62.3252 -16.725
      vertex 45.2742 61.1609 -16.725
    endloop
  endfacet
  facet normal 0 0 -1
    outer loop
      vertex 44.4267 62.1442 -16.725
      vertex 44.8762 61.0316 -16.725
      vertex 44.5 60.8481 -16.725
    endloop
  endfacet
  facet normal 0 0 -1
    outer loop
      vertex 44.8762 61.0316 -16.725
      vertex 44.4267 62.1442 -16.725
      vertex 44.9839 62.3252 -16.725
    endloop
  endfacet
  facet normal 0 0 -1
    outer loop
      vertex 43.9 61.8873 -16.725
      vertex 44.5 60.8481 -16.725
      vertex 44.153 60.614 -16.725
    endloop
  endfacet
  facet normal 0 0 -1
    outer loop
      vertex 44.5 60.8481 -16.725
      vertex 43.9 61.8873 -16.725
      vertex 44.4267 62.1442 -16.725
    endloop
  endfacet
  facet normal 0 0 -1
    outer loop
      vertex 43.4142 61.5596 -16.725
      vertex 44.153 60.614 -16.725
      vertex 43.842 60.334 -16.725
    endloop
  endfacet
  facet normal 0 0 -1
    outer loop
      vertex 42.9788 61.1676 -16.725
      vertex 43.842 60.334 -16.725
      vertex 43.5729 60.0134 -16.725
    endloop
  endfacet
  facet normal 0 0 -1
    outer loop
      vertex 44.153 60.614 -16.725
      vertex 43.4142 61.5596 -16.725
      vertex 43.9 61.8873 -16.725
    endloop
  endfacet
  facet normal 0 0 -1
    outer loop
      vertex 42.6021 60.7187 -16.725
      vertex 43.5729 60.0134 -16.725
      vertex 43.3512 59.6584 -16.725
    endloop
  endfacet
  facet normal 0 0 -1
    outer loop
      vertex 42.2916 60.2218 -16.725
      vertex 43.3512 59.6584 -16.725
      vertex 43.1809 59.2761 -16.725
    endloop
  endfacet
  facet normal 0 0 -1
    outer loop
      vertex 42.0533 59.6865 -16.725
      vertex 43.1809 59.2761 -16.725
      vertex 43.0656 58.8737 -16.725
    endloop
  endfacet
  facet normal 0 0 -1
    outer loop
      vertex 41.8918 59.1232 -16.725
      vertex 43.0656 58.8737 -16.725
      vertex 43.0073 58.4593 -16.725
    endloop
  endfacet
  facet normal 0 0 -1
    outer loop
      vertex 43.842 60.334 -16.725
      vertex 42.9788 61.1676 -16.725
      vertex 43.4142 61.5596 -16.725
    endloop
  endfacet
  facet normal -0 0 -1
    outer loop
      vertex 43.1809 57.2239 -16.725
      vertex 42.0533 56.8135 -16.725
      vertex 43.0656 57.6263 -16.725
    endloop
  endfacet
  facet normal 0 0 -1
    outer loop
      vertex 41.8918 57.3768 -16.725
      vertex 43.0656 57.6263 -16.725
      vertex 42.0533 56.8135 -16.725
    endloop
  endfacet
  facet normal 0 0 -1
    outer loop
      vertex 43.5729 60.0134 -16.725
      vertex 42.6021 60.7187 -16.725
      vertex 42.9788 61.1676 -16.725
    endloop
  endfacet
  facet normal -0 0 -1
    outer loop
      vertex 43.0656 57.6263 -16.725
      vertex 41.8918 57.3768 -16.725
      vertex 43.0073 58.0407 -16.725
    endloop
  endfacet
  facet normal 0 0 -1
    outer loop
      vertex 43.3512 59.6584 -16.725
      vertex 42.2916 60.2218 -16.725
      vertex 42.6021 60.7187 -16.725
    endloop
  endfacet
  facet normal 0 0 -1
    outer loop
      vertex 41.8102 57.957 -16.725
      vertex 43.0073 58.0407 -16.725
      vertex 41.8918 57.3768 -16.725
    endloop
  endfacet
  facet normal 0 0 -1
    outer loop
      vertex 43.1809 59.2761 -16.725
      vertex 42.0533 59.6865 -16.725
      vertex 42.2916 60.2218 -16.725
    endloop
  endfacet
  facet normal -0 0 -1
    outer loop
      vertex 43.0073 58.0407 -16.725
      vertex 41.8102 57.957 -16.725
      vertex 43.0073 58.4593 -16.725
    endloop
  endfacet
  facet normal 0 0 -1
    outer loop
      vertex 43.0656 58.8737 -16.725
      vertex 41.8918 59.1232 -16.725
      vertex 42.0533 59.6865 -16.725
    endloop
  endfacet
  facet normal 0 0 -1
    outer loop
      vertex 41.8102 58.543 -16.725
      vertex 43.0073 58.4593 -16.725
      vertex 41.8102 57.957 -16.725
    endloop
  endfacet
  facet normal 0 0 -1
    outer loop
      vertex 43.0073 58.4593 -16.725
      vertex 41.8102 58.543 -16.725
      vertex 41.8918 59.1232 -16.725
    endloop
  endfacet
  facet normal -0.694723 -0.252856 0.673368
    outer loop
      vertex 50.0373 59.4077 -16.725
      vertex 49.8369 59.9583 -16.725
      vertex 48.0187 58.8288 -19.025
    endloop
  endfacet
  facet normal 0.675381 0.30073 0.673367
    outer loop
      vertex 42.0533 56.8135 -16.725
      vertex 44.1458 57.2641 -19.025
      vertex 44.0266 57.5318 -19.025
    endloop
  endfacet
  facet normal 0.675401 0.300669 0.673373
    outer loop
      vertex 44.1458 57.2641 -19.025
      vertex 42.0533 56.8135 -16.725
      vertex 42.2916 56.2782 -16.725
    endloop
  endfacet
  facet normal -0.178893 -0.717337 0.673369
    outer loop
      vertex 47.2979 62.2444 -16.725
      vertex 46.7293 62.3862 -16.725
      vertex 46.3647 60.3181 -19.025
    endloop
  endfacet
  facet normal -0.455161 -0.582576 0.673374
    outer loop
      vertex 47.4052 59.8106 -19.025
      vertex 48.3486 61.732 -16.725
      vertex 47.1743 59.991 -19.025
    endloop
  endfacet
  facet normal -0.531776 -0.513609 0.673364
    outer loop
      vertex 48.8103 61.3712 -16.725
      vertex 47.6087 59.5999 -19.025
      vertex 49.2174 60.9497 -16.725
    endloop
  endfacet
  facet normal -0.531779 -0.513607 0.673364
    outer loop
      vertex 47.6087 59.5999 -19.025
      vertex 48.8103 61.3712 -16.725
      vertex 47.4052 59.8106 -19.025
    endloop
  endfacet
  facet normal -0.598093 -0.434564 0.673378
    outer loop
      vertex 49.2174 60.9497 -16.725
      vertex 47.7809 59.3628 -19.025
      vertex 49.5618 60.4757 -16.725
    endloop
  endfacet
  facet normal -0.598192 -0.434452 0.673363
    outer loop
      vertex 47.7809 59.3628 -19.025
      vertex 49.2174 60.9497 -16.725
      vertex 47.6087 59.5999 -19.025
    endloop
  endfacet
  facet normal -0.369699 -0.640223 0.673377
    outer loop
      vertex 47.1743 59.991 -19.025
      vertex 48.3486 61.732 -16.725
      vertex 46.9206 60.1375 -19.025
    endloop
  endfacet
  facet normal -0.723165 -0.153666 0.673364
    outer loop
      vertex 50.1591 58.8345 -16.725
      vertex 50.0373 59.4077 -16.725
      vertex 48.0187 58.8288 -19.025
    endloop
  endfacet
  facet normal -0.723159 -0.153719 0.673359
    outer loop
      vertex 48.0796 58.5423 -19.025
      vertex 50.1591 58.8345 -16.725
      vertex 48.0187 58.8288 -19.025
    endloop
  endfacet
  facet normal -0.694621 -0.253071 0.673392
    outer loop
      vertex 48.0187 58.8288 -19.025
      vertex 49.8369 59.9583 -16.725
      vertex 47.9184 59.1041 -19.025
    endloop
  endfacet
  facet normal -0.104436 0.994532 0
    outer loop
      vertex 46.3647 56.1819 -19.125
      vertex 46.0733 56.1513 -19.025
      vertex 46.3647 56.1819 -19.025
    endloop
  endfacet
  facet normal -0.104436 0.994532 0
    outer loop
      vertex 46.0733 56.1513 -19.025
      vertex 46.3647 56.1819 -19.125
      vertex 46.0733 56.1513 -19.125
    endloop
  endfacet
  facet normal -0.978146 -0.20792 0
    outer loop
      vertex 48.0796 58.5423 -19.125
      vertex 48.0187 58.8288 -19.025
      vertex 48.0187 58.8288 -19.125
    endloop
  endfacet
  facet normal -0.978146 -0.20792 0
    outer loop
      vertex 48.0187 58.8288 -19.025
      vertex 48.0796 58.5423 -19.125
      vertex 48.0796 58.5423 -19.025
    endloop
  endfacet
  facet normal -0.997573 -0.069622 0
    outer loop
      vertex 48.1 58.25 -19.125
      vertex 48.0796 58.5423 -19.025
      vertex 48.0796 58.5423 -19.125
    endloop
  endfacet
  facet normal -0.997573 -0.069622 0
    outer loop
      vertex 48.0796 58.5423 -19.025
      vertex 48.1 58.25 -19.125
      vertex 48.1 58.25 -19.025
    endloop
  endfacet
  facet normal -0.500067 0.865987 0
    outer loop
      vertex 47.1743 56.509 -19.125
      vertex 46.9206 56.3625 -19.025
      vertex 47.1743 56.509 -19.025
    endloop
  endfacet
  facet normal -0.500067 0.865987 0
    outer loop
      vertex 46.9206 56.3625 -19.025
      vertex 47.1743 56.509 -19.125
      vertex 46.9206 56.3625 -19.125
    endloop
  endfacet
  facet normal 0.308847 -0.951112 0
    outer loop
      vertex 45.2133 60.1971 -19.125
      vertex 45.492 60.2876 -19.025
      vertex 45.2133 60.1971 -19.025
    endloop
  endfacet
  facet normal 0.308847 -0.951112 0
    outer loop
      vertex 45.492 60.2876 -19.025
      vertex 45.2133 60.1971 -19.125
      vertex 45.492 60.2876 -19.125
    endloop
  endfacet
  facet normal 0.0348149 -0.999394 0
    outer loop
      vertex 45.7805 60.3385 -19.125
      vertex 46.0733 60.3487 -19.025
      vertex 45.7805 60.3385 -19.025
    endloop
  endfacet
  facet normal 0.0348149 -0.999394 0
    outer loop
      vertex 46.0733 60.3487 -19.025
      vertex 45.7805 60.3385 -19.125
      vertex 46.0733 60.3487 -19.125
    endloop
  endfacet
  facet normal -0.71929 -0.69471 0
    outer loop
      vertex 47.6087 59.5999 -19.125
      vertex 47.4052 59.8106 -19.025
      vertex 47.4052 59.8106 -19.125
    endloop
  endfacet
  facet normal -0.71929 -0.69471 0
    outer loop
      vertex 47.4052 59.8106 -19.025
      vertex 47.6087 59.5999 -19.125
      vertex 47.6087 59.5999 -19.025
    endloop
  endfacet
  facet normal -0.978146 0.20792 0
    outer loop
      vertex 48.0187 57.6712 -19.125
      vertex 48.0796 57.9577 -19.025
      vertex 48.0796 57.9577 -19.125
    endloop
  endfacet
  facet normal -0.978146 0.20792 0
    outer loop
      vertex 48.0796 57.9577 -19.025
      vertex 48.0187 57.6712 -19.125
      vertex 48.0187 57.6712 -19.025
    endloop
  endfacet
  facet normal 0.961305 0.275488 0
    outer loop
      vertex 44.0266 57.5318 -19.025
      vertex 43.9459 57.8134 -19.125
      vertex 43.9459 57.8134 -19.025
    endloop
  endfacet
  facet normal 0.961305 0.275488 0
    outer loop
      vertex 43.9459 57.8134 -19.125
      vertex 44.0266 57.5318 -19.025
      vertex 44.0266 57.5318 -19.125
    endloop
  endfacet
  facet normal 0.91353 -0.406772 0
    outer loop
      vertex 44.0266 58.9682 -19.025
      vertex 44.1458 59.2359 -19.125
      vertex 44.1458 59.2359 -19.025
    endloop
  endfacet
  facet normal 0.91353 -0.406772 0
    outer loop
      vertex 44.1458 59.2359 -19.125
      vertex 44.0266 58.9682 -19.025
      vertex 44.0266 58.9682 -19.125
    endloop
  endfacet
  facet normal -0.615664 -0.788009 0
    outer loop
      vertex 47.1743 59.991 -19.125
      vertex 47.4052 59.8106 -19.025
      vertex 47.1743 59.991 -19.025
    endloop
  endfacet
  facet normal -0.615664 -0.788009 -0
    outer loop
      vertex 47.4052 59.8106 -19.025
      vertex 47.1743 59.991 -19.125
      vertex 47.4052 59.8106 -19.125
    endloop
  endfacet
  facet normal -0.71929 0.69471 0
    outer loop
      vertex 47.4052 56.6894 -19.125
      vertex 47.6087 56.9001 -19.025
      vertex 47.6087 56.9001 -19.125
    endloop
  endfacet
  facet normal -0.71929 0.69471 0
    outer loop
      vertex 47.6087 56.9001 -19.025
      vertex 47.4052 56.6894 -19.125
      vertex 47.4052 56.6894 -19.025
    endloop
  endfacet
  facet normal 0.559338 -0.82894 0
    outer loop
      vertex 44.7071 59.9048 -19.125
      vertex 44.95 60.0687 -19.025
      vertex 44.7071 59.9048 -19.025
    endloop
  endfacet
  facet normal 0.559338 -0.82894 0
    outer loop
      vertex 44.95 60.0687 -19.025
      vertex 44.7071 59.9048 -19.125
      vertex 44.95 60.0687 -19.125
    endloop
  endfacet
  facet normal -0.80912 0.587644 0
    outer loop
      vertex 47.6087 56.9001 -19.125
      vertex 47.7809 57.1372 -19.025
      vertex 47.7809 57.1372 -19.125
    endloop
  endfacet
  facet normal -0.80912 0.587644 0
    outer loop
      vertex 47.7809 57.1372 -19.025
      vertex 47.6087 56.9001 -19.125
      vertex 47.6087 56.9001 -19.025
    endloop
  endfacet
  facet normal 0.990254 0.139271 0
    outer loop
      vertex 43.9459 57.8134 -19.025
      vertex 43.9051 58.1035 -19.125
      vertex 43.9051 58.1035 -19.025
    endloop
  endfacet
  facet normal 0.990254 0.139271 0
    outer loop
      vertex 43.9051 58.1035 -19.125
      vertex 43.9459 57.8134 -19.025
      vertex 43.9459 57.8134 -19.125
    endloop
  endfacet
  facet normal 0.669097 -0.743175 0
    outer loop
      vertex 44.4894 59.7088 -19.125
      vertex 44.7071 59.9048 -19.025
      vertex 44.4894 59.7088 -19.025
    endloop
  endfacet
  facet normal 0.669097 -0.743175 0
    outer loop
      vertex 44.7071 59.9048 -19.025
      vertex 44.4894 59.7088 -19.125
      vertex 44.7071 59.9048 -19.125
    endloop
  endfacet
  facet normal -0.80912 -0.587644 0
    outer loop
      vertex 47.7809 59.3628 -19.125
      vertex 47.6087 59.5999 -19.025
      vertex 47.6087 59.5999 -19.125
    endloop
  endfacet
  facet normal -0.80912 -0.587644 0
    outer loop
      vertex 47.6087 59.5999 -19.025
      vertex 47.7809 59.3628 -19.125
      vertex 47.7809 59.3628 -19.025
    endloop
  endfacet
  facet normal -0.242054 0.970263 0
    outer loop
      vertex 46.6489 56.2528 -19.125
      vertex 46.3647 56.1819 -19.025
      vertex 46.6489 56.2528 -19.025
    endloop
  endfacet
  facet normal -0.242054 0.970263 0
    outer loop
      vertex 46.3647 56.1819 -19.025
      vertex 46.6489 56.2528 -19.125
      vertex 46.3647 56.1819 -19.125
    endloop
  endfacet
  facet normal 0.173746 -0.98479 0
    outer loop
      vertex 45.492 60.2876 -19.125
      vertex 45.7805 60.3385 -19.025
      vertex 45.492 60.2876 -19.025
    endloop
  endfacet
  facet normal 0.173746 -0.98479 0
    outer loop
      vertex 45.7805 60.3385 -19.025
      vertex 45.492 60.2876 -19.125
      vertex 45.7805 60.3385 -19.125
    endloop
  endfacet
  facet normal 0.990254 -0.139271 0
    outer loop
      vertex 43.9051 58.3965 -19.025
      vertex 43.9459 58.6866 -19.125
      vertex 43.9459 58.6866 -19.025
    endloop
  endfacet
  facet normal 0.990254 -0.139271 0
    outer loop
      vertex 43.9459 58.6866 -19.125
      vertex 43.9051 58.3965 -19.025
      vertex 43.9051 58.3965 -19.125
    endloop
  endfacet
  facet normal 0.847922 0.530122 0
    outer loop
      vertex 44.3011 57.0157 -19.025
      vertex 44.1458 57.2641 -19.125
      vertex 44.1458 57.2641 -19.025
    endloop
  endfacet
  facet normal 0.847922 0.530122 0
    outer loop
      vertex 44.1458 57.2641 -19.125
      vertex 44.3011 57.0157 -19.025
      vertex 44.3011 57.0157 -19.125
    endloop
  endfacet
  facet normal -0.37439 -0.927271 0
    outer loop
      vertex 46.6489 60.2472 -19.125
      vertex 46.9206 60.1375 -19.025
      vertex 46.6489 60.2472 -19.025
    endloop
  endfacet
  facet normal -0.37439 -0.927271 -0
    outer loop
      vertex 46.9206 60.1375 -19.025
      vertex 46.6489 60.2472 -19.125
      vertex 46.9206 60.1375 -19.125
    endloop
  endfacet
  facet normal 0.438316 -0.898821 0
    outer loop
      vertex 44.95 60.0687 -19.125
      vertex 45.2133 60.1971 -19.025
      vertex 44.95 60.0687 -19.025
    endloop
  endfacet
  facet normal 0.438316 -0.898821 0
    outer loop
      vertex 45.2133 60.1971 -19.025
      vertex 44.95 60.0687 -19.125
      vertex 45.2133 60.1971 -19.125
    endloop
  endfacet
  facet normal -0.242054 -0.970263 0
    outer loop
      vertex 46.3647 60.3181 -19.125
      vertex 46.6489 60.2472 -19.025
      vertex 46.3647 60.3181 -19.025
    endloop
  endfacet
  facet normal -0.242054 -0.970263 -0
    outer loop
      vertex 46.6489 60.2472 -19.025
      vertex 46.3647 60.3181 -19.125
      vertex 46.6489 60.2472 -19.125
    endloop
  endfacet
  facet normal -0.997573 0.069622 0
    outer loop
      vertex 48.0796 57.9577 -19.125
      vertex 48.1 58.25 -19.025
      vertex 48.1 58.25 -19.125
    endloop
  endfacet
  facet normal -0.997573 0.069622 0
    outer loop
      vertex 48.1 58.25 -19.025
      vertex 48.0796 57.9577 -19.125
      vertex 48.0796 57.9577 -19.025
    endloop
  endfacet
  facet normal 0.0348149 0.999394 -0
    outer loop
      vertex 46.0733 56.1513 -19.125
      vertex 45.7805 56.1615 -19.025
      vertex 46.0733 56.1513 -19.025
    endloop
  endfacet
  facet normal 0.0348149 0.999394 0
    outer loop
      vertex 45.7805 56.1615 -19.025
      vertex 46.0733 56.1513 -19.125
      vertex 45.7805 56.1615 -19.125
    endloop
  endfacet
  facet normal -0.615664 0.788009 0
    outer loop
      vertex 47.4052 56.6894 -19.125
      vertex 47.1743 56.509 -19.025
      vertex 47.4052 56.6894 -19.025
    endloop
  endfacet
  facet normal -0.615664 0.788009 0
    outer loop
      vertex 47.1743 56.509 -19.025
      vertex 47.4052 56.6894 -19.125
      vertex 47.1743 56.509 -19.125
    endloop
  endfacet
  facet normal -0.500067 -0.865987 0
    outer loop
      vertex 46.9206 60.1375 -19.125
      vertex 47.1743 59.991 -19.025
      vertex 46.9206 60.1375 -19.025
    endloop
  endfacet
  facet normal -0.500067 -0.865987 -0
    outer loop
      vertex 47.1743 59.991 -19.025
      vertex 46.9206 60.1375 -19.125
      vertex 47.1743 59.991 -19.125
    endloop
  endfacet
  facet normal 0.91353 0.406772 0
    outer loop
      vertex 44.1458 57.2641 -19.025
      vertex 44.0266 57.5318 -19.125
      vertex 44.0266 57.5318 -19.025
    endloop
  endfacet
  facet normal 0.91353 0.406772 0
    outer loop
      vertex 44.0266 57.5318 -19.125
      vertex 44.1458 57.2641 -19.025
      vertex 44.1458 57.2641 -19.125
    endloop
  endfacet
  facet normal -0.939584 0.342318 0
    outer loop
      vertex 47.9184 57.3959 -19.125
      vertex 48.0187 57.6712 -19.025
      vertex 48.0187 57.6712 -19.125
    endloop
  endfacet
  facet normal -0.939584 0.342318 0
    outer loop
      vertex 48.0187 57.6712 -19.025
      vertex 47.9184 57.3959 -19.125
      vertex 47.9184 57.3959 -19.025
    endloop
  endfacet
  facet normal 1 -0 0
    outer loop
      vertex 43.9051 58.1035 -19.025
      vertex 43.9051 58.3965 -19.125
      vertex 43.9051 58.3965 -19.025
    endloop
  endfacet
  facet normal 1 0 0
    outer loop
      vertex 43.9051 58.3965 -19.125
      vertex 43.9051 58.1035 -19.025
      vertex 43.9051 58.1035 -19.125
    endloop
  endfacet
  facet normal 0.961305 -0.275488 0
    outer loop
      vertex 43.9459 58.6866 -19.025
      vertex 44.0266 58.9682 -19.125
      vertex 44.0266 58.9682 -19.025
    endloop
  endfacet
  facet normal 0.961305 -0.275488 0
    outer loop
      vertex 44.0266 58.9682 -19.125
      vertex 43.9459 58.6866 -19.025
      vertex 43.9459 58.6866 -19.125
    endloop
  endfacet
  facet normal -0.883023 -0.46933 0
    outer loop
      vertex 47.9184 59.1041 -19.125
      vertex 47.7809 59.3628 -19.025
      vertex 47.7809 59.3628 -19.125
    endloop
  endfacet
  facet normal -0.883023 -0.46933 0
    outer loop
      vertex 47.7809 59.3628 -19.025
      vertex 47.9184 59.1041 -19.125
      vertex 47.9184 59.1041 -19.025
    endloop
  endfacet
  facet normal -0.939584 -0.342318 0
    outer loop
      vertex 48.0187 58.8288 -19.125
      vertex 47.9184 59.1041 -19.025
      vertex 47.9184 59.1041 -19.125
    endloop
  endfacet
  facet normal -0.939584 -0.342318 0
    outer loop
      vertex 47.9184 59.1041 -19.025
      vertex 48.0187 58.8288 -19.125
      vertex 48.0187 58.8288 -19.025
    endloop
  endfacet
  facet normal -0.883023 0.46933 0
    outer loop
      vertex 47.7809 57.1372 -19.125
      vertex 47.9184 57.3959 -19.025
      vertex 47.9184 57.3959 -19.125
    endloop
  endfacet
  facet normal -0.883023 0.46933 0
    outer loop
      vertex 47.9184 57.3959 -19.025
      vertex 47.7809 57.1372 -19.125
      vertex 47.7809 57.1372 -19.025
    endloop
  endfacet
  facet normal -0.37439 0.927271 0
    outer loop
      vertex 46.9206 56.3625 -19.125
      vertex 46.6489 56.2528 -19.025
      vertex 46.9206 56.3625 -19.025
    endloop
  endfacet
  facet normal -0.37439 0.927271 0
    outer loop
      vertex 46.6489 56.2528 -19.025
      vertex 46.9206 56.3625 -19.125
      vertex 46.6489 56.2528 -19.125
    endloop
  endfacet
  facet normal 0.438316 0.898821 -0
    outer loop
      vertex 45.2133 56.3029 -19.125
      vertex 44.95 56.4313 -19.025
      vertex 45.2133 56.3029 -19.025
    endloop
  endfacet
  facet normal 0.438316 0.898821 0
    outer loop
      vertex 44.95 56.4313 -19.025
      vertex 45.2133 56.3029 -19.125
      vertex 44.95 56.4313 -19.125
    endloop
  endfacet
  facet normal 0.308847 0.951112 -0
    outer loop
      vertex 45.492 56.2124 -19.125
      vertex 45.2133 56.3029 -19.025
      vertex 45.492 56.2124 -19.025
    endloop
  endfacet
  facet normal 0.308847 0.951112 0
    outer loop
      vertex 45.2133 56.3029 -19.025
      vertex 45.492 56.2124 -19.125
      vertex 45.2133 56.3029 -19.125
    endloop
  endfacet
  facet normal 0.173746 0.98479 -0
    outer loop
      vertex 45.7805 56.1615 -19.125
      vertex 45.492 56.2124 -19.025
      vertex 45.7805 56.1615 -19.025
    endloop
  endfacet
  facet normal 0.173746 0.98479 0
    outer loop
      vertex 45.492 56.2124 -19.025
      vertex 45.7805 56.1615 -19.125
      vertex 45.492 56.2124 -19.125
    endloop
  endfacet
  facet normal 0.766175 0.642632 0
    outer loop
      vertex 44.4894 56.7912 -19.025
      vertex 44.3011 57.0157 -19.125
      vertex 44.3011 57.0157 -19.025
    endloop
  endfacet
  facet normal 0.766175 0.642632 0
    outer loop
      vertex 44.3011 57.0157 -19.125
      vertex 44.4894 56.7912 -19.025
      vertex 44.4894 56.7912 -19.125
    endloop
  endfacet
  facet normal -0.104436 -0.994532 0
    outer loop
      vertex 46.0733 60.3487 -19.125
      vertex 46.3647 60.3181 -19.025
      vertex 46.0733 60.3487 -19.025
    endloop
  endfacet
  facet normal -0.104436 -0.994532 -0
    outer loop
      vertex 46.3647 60.3181 -19.025
      vertex 46.0733 60.3487 -19.125
      vertex 46.3647 60.3181 -19.125
    endloop
  endfacet
  facet normal 0.559338 0.82894 -0
    outer loop
      vertex 44.95 56.4313 -19.125
      vertex 44.7071 56.5952 -19.025
      vertex 44.95 56.4313 -19.025
    endloop
  endfacet
  facet normal 0.559338 0.82894 0
    outer loop
      vertex 44.7071 56.5952 -19.025
      vertex 44.95 56.4313 -19.125
      vertex 44.7071 56.5952 -19.125
    endloop
  endfacet
  facet normal 0.669097 0.743175 -0
    outer loop
      vertex 44.7071 56.5952 -19.125
      vertex 44.4894 56.7912 -19.025
      vertex 44.7071 56.5952 -19.025
    endloop
  endfacet
  facet normal 0.669097 0.743175 0
    outer loop
      vertex 44.4894 56.7912 -19.025
      vertex 44.7071 56.5952 -19.125
      vertex 44.4894 56.7912 -19.125
    endloop
  endfacet
  facet normal 0.847922 -0.530122 0
    outer loop
      vertex 44.1458 59.2359 -19.025
      vertex 44.3011 59.4843 -19.125
      vertex 44.3011 59.4843 -19.025
    endloop
  endfacet
  facet normal 0.847922 -0.530122 0
    outer loop
      vertex 44.3011 59.4843 -19.125
      vertex 44.1458 59.2359 -19.025
      vertex 44.1458 59.2359 -19.125
    endloop
  endfacet
  facet normal 0.766175 -0.642632 0
    outer loop
      vertex 44.3011 59.4843 -19.025
      vertex 44.4894 59.7088 -19.125
      vertex 44.4894 59.7088 -19.025
    endloop
  endfacet
  facet normal 0.766175 -0.642632 0
    outer loop
      vertex 44.4894 59.7088 -19.125
      vertex 44.3011 59.4843 -19.025
      vertex 44.3011 59.4843 -19.125
    endloop
  endfacet
  facet normal -0.694621 0.253071 0.673392
    outer loop
      vertex 49.8369 -59.9583 -16.725
      vertex 48.0187 -58.8288 -19.025
      vertex 47.9184 -59.1041 -19.025
    endloop
  endfacet
  facet normal -0.36961 -0.640287 0.673365
    outer loop
      vertex 48.3486 -54.768 -16.725
      vertex 47.8412 -54.4751 -16.725
      vertex 46.9206 -56.3625 -19.025
    endloop
  endfacet
  facet normal -0.737501 -0.0516062 0.673371
    outer loop
      vertex 50.2 -58.25 -16.725
      vertex 50.1591 -57.6655 -16.725
      vertex 48.1 -58.25 -19.025
    endloop
  endfacet
  facet normal -0.737524 -0.0514727 0.673357
    outer loop
      vertex 48.1 -58.25 -19.025
      vertex 50.1591 -57.6655 -16.725
      vertex 48.0796 -57.9577 -19.025
    endloop
  endfacet
  facet normal -0.17895 0.717316 0.673375
    outer loop
      vertex 47.2979 -62.2444 -16.725
      vertex 46.6489 -60.2472 -19.025
      vertex 46.3647 -60.3181 -19.025
    endloop
  endfacet
  facet normal -0.694723 0.252856 0.673368
    outer loop
      vertex 49.8369 -59.9583 -16.725
      vertex 50.0373 -59.4077 -16.725
      vertex 48.0187 -58.8288 -19.025
    endloop
  endfacet
  facet normal 0.12843 0.728063 0.673372
    outer loop
      vertex 45.561 -62.427 -16.725
      vertex 45.492 -60.2876 -19.025
      vertex 44.9839 -62.3252 -16.725
    endloop
  endfacet
  facet normal -0.652808 0.34697 0.673389
    outer loop
      vertex 49.8369 -59.9583 -16.725
      vertex 47.9184 -59.1041 -19.025
      vertex 47.7809 -59.3628 -19.025
    endloop
  endfacet
  facet normal 0.566423 0.475088 0.673392
    outer loop
      vertex 44.4894 -59.7088 -19.025
      vertex 44.3011 -59.4843 -19.025
      vertex 42.6021 -60.7187 -16.725
    endloop
  endfacet
  facet normal 0.324104 0.664483 0.673364
    outer loop
      vertex 44.4267 -62.1442 -16.725
      vertex 44.95 -60.0687 -19.025
      vertex 43.9 -61.8873 -16.725
    endloop
  endfacet
  facet normal 0.732098 0.102963 0.673373
    outer loop
      vertex 43.9459 -58.6866 -19.025
      vertex 43.9051 -58.3965 -19.025
      vertex 41.8102 -58.543 -16.725
    endloop
  endfacet
  facet normal -0.369699 0.640223 0.673377
    outer loop
      vertex 48.3486 -61.732 -16.725
      vertex 47.1743 -59.991 -19.025
      vertex 46.9206 -60.1375 -19.025
    endloop
  endfacet
  facet normal -0.0772102 -0.735264 0.673369
    outer loop
      vertex 46.3647 -56.1819 -19.025
      vertex 46.7293 -54.1138 -16.725
      vertex 46.0733 -56.1513 -19.025
    endloop
  endfacet
  facet normal -0.455227 -0.582534 0.673366
    outer loop
      vertex 48.8103 -55.1288 -16.725
      vertex 48.3486 -54.768 -16.725
      vertex 47.4052 -56.6894 -19.025
    endloop
  endfacet
  facet normal 0.324049 -0.664503 0.67337
    outer loop
      vertex 44.95 -56.4313 -19.025
      vertex 45.2133 -56.3029 -19.025
      vertex 44.4267 -54.3558 -16.725
    endloop
  endfacet
  facet normal -0.737501 0.0516062 0.673371
    outer loop
      vertex 50.1591 -58.8345 -16.725
      vertex 50.2 -58.25 -16.725
      vertex 48.1 -58.25 -19.025
    endloop
  endfacet
  facet normal 0.0257389 -0.738857 0.673371
    outer loop
      vertex 46.0733 -56.1513 -19.025
      vertex 46.1466 -54.0526 -16.725
      vertex 45.561 -54.073 -16.725
    endloop
  endfacet
  facet normal -0.723159 0.153719 0.673359
    outer loop
      vertex 50.1591 -58.8345 -16.725
      vertex 48.0796 -58.5423 -19.025
      vertex 48.0187 -58.8288 -19.025
    endloop
  endfacet
  facet normal 0.0257389 0.738857 0.673371
    outer loop
      vertex 46.1466 -62.4474 -16.725
      vertex 46.0733 -60.3487 -19.025
      vertex 45.561 -62.427 -16.725
    endloop
  endfacet
  facet normal 0.413527 -0.612847 0.67336
    outer loop
      vertex 44.7071 -56.5952 -19.025
      vertex 44.95 -56.4313 -19.025
      vertex 43.9 -54.6127 -16.725
    endloop
  endfacet
  facet normal 0.710679 -0.203754 0.673365
    outer loop
      vertex 41.8918 -57.3768 -16.725
      vertex 44.0266 -57.5318 -19.025
      vertex 42.0533 -56.8135 -16.725
    endloop
  endfacet
  facet normal 0.710695 -0.203669 0.673374
    outer loop
      vertex 44.0266 -57.5318 -19.025
      vertex 41.8918 -57.3768 -16.725
      vertex 43.9459 -57.8134 -19.025
    endloop
  endfacet
  facet normal -0.455227 0.582534 0.673366
    outer loop
      vertex 48.3486 -61.732 -16.725
      vertex 48.8103 -61.3712 -16.725
      vertex 47.4052 -59.8106 -19.025
    endloop
  endfacet
  facet normal 0.566321 -0.475235 0.673373
    outer loop
      vertex 44.4894 -56.7912 -19.025
      vertex 42.9788 -55.3324 -16.725
      vertex 42.6021 -55.7813 -16.725
    endloop
  endfacet
  facet normal -0.276943 -0.685482 0.673362
    outer loop
      vertex 47.8412 -54.4751 -16.725
      vertex 47.2979 -54.2556 -16.725
      vertex 46.9206 -56.3625 -19.025
    endloop
  endfacet
  facet normal -0.652766 0.347073 0.673377
    outer loop
      vertex 49.5618 -60.4757 -16.725
      vertex 49.8369 -59.9583 -16.725
      vertex 47.7809 -59.3628 -19.025
    endloop
  endfacet
  facet normal -0.0772232 0.735261 0.673371
    outer loop
      vertex 46.1466 -62.4474 -16.725
      vertex 46.7293 -62.3862 -16.725
      vertex 46.0733 -60.3487 -19.025
    endloop
  endfacet
  facet normal 0.0257389 -0.738857 0.673371
    outer loop
      vertex 45.7805 -56.1615 -19.025
      vertex 46.0733 -56.1513 -19.025
      vertex 45.561 -54.073 -16.725
    endloop
  endfacet
  facet normal -0.455161 0.582576 0.673374
    outer loop
      vertex 48.3486 -61.732 -16.725
      vertex 47.4052 -59.8106 -19.025
      vertex 47.1743 -59.991 -19.025
    endloop
  endfacet
  facet normal 0.566321 0.475235 0.673373
    outer loop
      vertex 42.9788 -61.1676 -16.725
      vertex 44.4894 -59.7088 -19.025
      vertex 42.6021 -60.7187 -16.725
    endloop
  endfacet
  facet normal -0.531776 0.513609 0.673364
    outer loop
      vertex 47.6087 -59.5999 -19.025
      vertex 48.8103 -61.3712 -16.725
      vertex 49.2174 -60.9497 -16.725
    endloop
  endfacet
  facet normal -0.531779 0.513607 0.673364
    outer loop
      vertex 48.8103 -61.3712 -16.725
      vertex 47.6087 -59.5999 -19.025
      vertex 47.4052 -59.8106 -19.025
    endloop
  endfacet
  facet normal 0.626856 -0.391911 0.673393
    outer loop
      vertex 42.6021 -55.7813 -16.725
      vertex 44.1458 -57.2641 -19.025
      vertex 44.3011 -57.0157 -19.025
    endloop
  endfacet
  facet normal 0.626962 -0.391772 0.673374
    outer loop
      vertex 44.1458 -57.2641 -19.025
      vertex 42.6021 -55.7813 -16.725
      vertex 42.2916 -56.2782 -16.725
    endloop
  endfacet
  facet normal -0.0772232 -0.735261 0.673371
    outer loop
      vertex 46.7293 -54.1138 -16.725
      vertex 46.1466 -54.0526 -16.725
      vertex 46.0733 -56.1513 -19.025
    endloop
  endfacet
  facet normal 0.324104 -0.664483 0.673364
    outer loop
      vertex 44.95 -56.4313 -19.025
      vertex 44.4267 -54.3558 -16.725
      vertex 43.9 -54.6127 -16.725
    endloop
  endfacet
  facet normal 0.0257389 0.738857 0.673371
    outer loop
      vertex 46.0733 -60.3487 -19.025
      vertex 45.7805 -60.3385 -19.025
      vertex 45.561 -62.427 -16.725
    endloop
  endfacet
  facet normal -0.737524 0.0514727 0.673357
    outer loop
      vertex 50.1591 -58.8345 -16.725
      vertex 48.1 -58.25 -19.025
      vertex 48.0796 -58.5423 -19.025
    endloop
  endfacet
  facet normal 0.626856 0.391911 0.673393
    outer loop
      vertex 44.1458 -59.2359 -19.025
      vertex 42.6021 -60.7187 -16.725
      vertex 44.3011 -59.4843 -19.025
    endloop
  endfacet
  facet normal 0.626962 0.391772 0.673374
    outer loop
      vertex 42.6021 -60.7187 -16.725
      vertex 44.1458 -59.2359 -19.025
      vertex 42.2916 -60.2218 -16.725
    endloop
  endfacet
  facet normal -0.17895 -0.717316 0.673375
    outer loop
      vertex 46.6489 -56.2528 -19.025
      vertex 47.2979 -54.2556 -16.725
      vertex 46.3647 -56.1819 -19.025
    endloop
  endfacet
  facet normal 0.739301 0 0.673375
    outer loop
      vertex 41.8102 -57.957 -16.725
      vertex 43.9051 -58.3965 -19.025
      vertex 43.9051 -58.1035 -19.025
    endloop
  endfacet
  facet normal 0.739301 0 0.673375
    outer loop
      vertex 43.9051 -58.3965 -19.025
      vertex 41.8102 -57.957 -16.725
      vertex 41.8102 -58.543 -16.725
    endloop
  endfacet
  facet normal 0.732098 0.102963 0.673373
    outer loop
      vertex 41.8918 -59.1232 -16.725
      vertex 43.9459 -58.6866 -19.025
      vertex 41.8102 -58.543 -16.725
    endloop
  endfacet
  facet normal 0.128452 0.728061 0.67337
    outer loop
      vertex 45.561 -62.427 -16.725
      vertex 45.7805 -60.3385 -19.025
      vertex 45.492 -60.2876 -19.025
    endloop
  endfacet
  facet normal 0.413435 0.612898 0.673371
    outer loop
      vertex 43.9 -61.8873 -16.725
      vertex 44.7071 -59.9048 -19.025
      vertex 43.4142 -61.5596 -16.725
    endloop
  endfacet
  facet normal -0.598093 0.434564 0.673378
    outer loop
      vertex 47.7809 -59.3628 -19.025
      vertex 49.2174 -60.9497 -16.725
      vertex 49.5618 -60.4757 -16.725
    endloop
  endfacet
  facet normal -0.598192 0.434452 0.673363
    outer loop
      vertex 49.2174 -60.9497 -16.725
      vertex 47.7809 -59.3628 -19.025
      vertex 47.6087 -59.5999 -19.025
    endloop
  endfacet
  facet normal -0.178893 0.717337 0.673369
    outer loop
      vertex 46.7293 -62.3862 -16.725
      vertex 47.2979 -62.2444 -16.725
      vertex 46.3647 -60.3181 -19.025
    endloop
  endfacet
  facet normal -0.0772102 0.735264 0.673369
    outer loop
      vertex 46.7293 -62.3862 -16.725
      vertex 46.3647 -60.3181 -19.025
      vertex 46.0733 -60.3487 -19.025
    endloop
  endfacet
  facet normal -0.723165 0.153666 0.673364
    outer loop
      vertex 50.0373 -59.4077 -16.725
      vertex 50.1591 -58.8345 -16.725
      vertex 48.0187 -58.8288 -19.025
    endloop
  endfacet
  facet normal -0.276785 -0.685529 0.673379
    outer loop
      vertex 46.9206 -56.3625 -19.025
      vertex 47.2979 -54.2556 -16.725
      vertex 46.6489 -56.2528 -19.025
    endloop
  endfacet
  facet normal 0.675401 -0.300669 0.673373
    outer loop
      vertex 42.0533 -56.8135 -16.725
      vertex 44.1458 -57.2641 -19.025
      vertex 42.2916 -56.2782 -16.725
    endloop
  endfacet
  facet normal 0.675381 -0.30073 0.673367
    outer loop
      vertex 44.1458 -57.2641 -19.025
      vertex 42.0533 -56.8135 -16.725
      vertex 44.0266 -57.5318 -19.025
    endloop
  endfacet
  facet normal 0.566423 -0.475088 0.673392
    outer loop
      vertex 44.3011 -57.0157 -19.025
      vertex 44.4894 -56.7912 -19.025
      vertex 42.6021 -55.7813 -16.725
    endloop
  endfacet
  facet normal 0.12843 -0.728063 0.673372
    outer loop
      vertex 45.492 -56.2124 -19.025
      vertex 45.561 -54.073 -16.725
      vertex 44.9839 -54.1748 -16.725
    endloop
  endfacet
  facet normal 0.710695 0.203669 0.673374
    outer loop
      vertex 41.8918 -59.1232 -16.725
      vertex 44.0266 -58.9682 -19.025
      vertex 43.9459 -58.6866 -19.025
    endloop
  endfacet
  facet normal 0.710679 0.203754 0.673365
    outer loop
      vertex 44.0266 -58.9682 -19.025
      vertex 41.8918 -59.1232 -16.725
      vertex 42.0533 -59.6865 -16.725
    endloop
  endfacet
  facet normal 0.128452 -0.728061 0.67337
    outer loop
      vertex 45.7805 -56.1615 -19.025
      vertex 45.561 -54.073 -16.725
      vertex 45.492 -56.2124 -19.025
    endloop
  endfacet
  facet normal 0.494666 0.549433 0.673372
    outer loop
      vertex 44.4894 -59.7088 -19.025
      vertex 43.4142 -61.5596 -16.725
      vertex 44.7071 -59.9048 -19.025
    endloop
  endfacet
  facet normal 0.494666 0.549433 0.673372
    outer loop
      vertex 43.4142 -61.5596 -16.725
      vertex 44.4894 -59.7088 -19.025
      vertex 42.9788 -61.1676 -16.725
    endloop
  endfacet
  facet normal -0.36961 0.640287 0.673365
    outer loop
      vertex 47.8412 -62.0249 -16.725
      vertex 48.3486 -61.732 -16.725
      vertex 46.9206 -60.1375 -19.025
    endloop
  endfacet
  facet normal -0.652766 -0.347073 0.673377
    outer loop
      vertex 49.8369 -56.5417 -16.725
      vertex 49.5618 -56.0243 -16.725
      vertex 47.7809 -57.1372 -19.025
    endloop
  endfacet
  facet normal 0.413435 -0.612898 0.673371
    outer loop
      vertex 44.7071 -56.5952 -19.025
      vertex 43.9 -54.6127 -16.725
      vertex 43.4142 -54.9404 -16.725
    endloop
  endfacet
  facet normal 0.228407 -0.703139 0.673369
    outer loop
      vertex 45.2133 -56.3029 -19.025
      vertex 44.9839 -54.1748 -16.725
      vertex 44.4267 -54.3558 -16.725
    endloop
  endfacet
  facet normal 0.22833 -0.703157 0.673377
    outer loop
      vertex 44.9839 -54.1748 -16.725
      vertex 45.2133 -56.3029 -19.025
      vertex 45.492 -56.2124 -19.025
    endloop
  endfacet
  facet normal 0.413527 0.612847 0.67336
    outer loop
      vertex 44.95 -60.0687 -19.025
      vertex 44.7071 -59.9048 -19.025
      vertex 43.9 -61.8873 -16.725
    endloop
  endfacet
  facet normal -0.276785 0.685529 0.673379
    outer loop
      vertex 47.2979 -62.2444 -16.725
      vertex 46.9206 -60.1375 -19.025
      vertex 46.6489 -60.2472 -19.025
    endloop
  endfacet
  facet normal 0.732098 -0.102963 0.673373
    outer loop
      vertex 43.9051 -58.1035 -19.025
      vertex 43.9459 -57.8134 -19.025
      vertex 41.8102 -57.957 -16.725
    endloop
  endfacet
  facet normal 0.494666 -0.549433 0.673372
    outer loop
      vertex 43.4142 -54.9404 -16.725
      vertex 44.4894 -56.7912 -19.025
      vertex 44.7071 -56.5952 -19.025
    endloop
  endfacet
  facet normal 0.494666 -0.549433 0.673372
    outer loop
      vertex 44.4894 -56.7912 -19.025
      vertex 43.4142 -54.9404 -16.725
      vertex 42.9788 -55.3324 -16.725
    endloop
  endfacet
  facet normal -0.652808 -0.34697 0.673389
    outer loop
      vertex 47.9184 -57.3959 -19.025
      vertex 49.8369 -56.5417 -16.725
      vertex 47.7809 -57.1372 -19.025
    endloop
  endfacet
  facet normal -0.276943 0.685482 0.673362
    outer loop
      vertex 47.2979 -62.2444 -16.725
      vertex 47.8412 -62.0249 -16.725
      vertex 46.9206 -60.1375 -19.025
    endloop
  endfacet
  facet normal 0.324049 0.664503 0.67337
    outer loop
      vertex 45.2133 -60.1971 -19.025
      vertex 44.95 -60.0687 -19.025
      vertex 44.4267 -62.1442 -16.725
    endloop
  endfacet
  facet normal 0.732098 -0.102963 0.673373
    outer loop
      vertex 43.9459 -57.8134 -19.025
      vertex 41.8918 -57.3768 -16.725
      vertex 41.8102 -57.957 -16.725
    endloop
  endfacet
  facet normal 0.22833 0.703157 0.673377
    outer loop
      vertex 45.2133 -60.1971 -19.025
      vertex 44.9839 -62.3252 -16.725
      vertex 45.492 -60.2876 -19.025
    endloop
  endfacet
  facet normal 0.228407 0.703139 0.673369
    outer loop
      vertex 44.9839 -62.3252 -16.725
      vertex 45.2133 -60.1971 -19.025
      vertex 44.4267 -62.1442 -16.725
    endloop
  endfacet
  facet normal 0 0 -1
    outer loop
      vertex 49 -58.25 -16.725
      vertex 50.2 -58.25 -16.725
      vertex 50.1591 -58.8345 -16.725
    endloop
  endfacet
  facet normal 0 0 -1
    outer loop
      vertex 48.9708 -58.6675 -16.725
      vertex 50.1591 -58.8345 -16.725
      vertex 50.0373 -59.4077 -16.725
    endloop
  endfacet
  facet normal 0 0 -1
    outer loop
      vertex 50.2 -58.25 -16.725
      vertex 49 -58.25 -16.725
      vertex 50.1591 -57.6655 -16.725
    endloop
  endfacet
  facet normal 0 0 -1
    outer loop
      vertex 48.8838 -59.0769 -16.725
      vertex 50.0373 -59.4077 -16.725
      vertex 49.8369 -59.9583 -16.725
    endloop
  endfacet
  facet normal 0 0 -1
    outer loop
      vertex 48.9708 -57.8325 -16.725
      vertex 50.1591 -57.6655 -16.725
      vertex 49 -58.25 -16.725
    endloop
  endfacet
  facet normal 0 0 -1
    outer loop
      vertex 48.7406 -59.4702 -16.725
      vertex 49.8369 -59.9583 -16.725
      vertex 49.5618 -60.4757 -16.725
    endloop
  endfacet
  facet normal -0 0 -1
    outer loop
      vertex 50.1591 -57.6655 -16.725
      vertex 48.9708 -57.8325 -16.725
      vertex 50.0373 -57.0923 -16.725
    endloop
  endfacet
  facet normal 0 0 -1
    outer loop
      vertex 48.5441 -59.8398 -16.725
      vertex 49.5618 -60.4757 -16.725
      vertex 49.2174 -60.9497 -16.725
    endloop
  endfacet
  facet normal 0 0 -1
    outer loop
      vertex 48.8838 -57.4231 -16.725
      vertex 50.0373 -57.0923 -16.725
      vertex 48.9708 -57.8325 -16.725
    endloop
  endfacet
  facet normal -0 0 -1
    outer loop
      vertex 50.0373 -57.0923 -16.725
      vertex 48.8838 -57.4231 -16.725
      vertex 49.8369 -56.5417 -16.725
    endloop
  endfacet
  facet normal 0 0 -1
    outer loop
      vertex 50.1591 -58.8345 -16.725
      vertex 48.9708 -58.6675 -16.725
      vertex 49 -58.25 -16.725
    endloop
  endfacet
  facet normal 0 0 -1
    outer loop
      vertex 50.0373 -59.4077 -16.725
      vertex 48.8838 -59.0769 -16.725
      vertex 48.9708 -58.6675 -16.725
    endloop
  endfacet
  facet normal 0 0 -1
    outer loop
      vertex 48.2981 -60.1784 -16.725
      vertex 49.2174 -60.9497 -16.725
      vertex 48.8103 -61.3712 -16.725
    endloop
  endfacet
  facet normal 0 0 -1
    outer loop
      vertex 49.8369 -59.9583 -16.725
      vertex 48.7406 -59.4702 -16.725
      vertex 48.8838 -59.0769 -16.725
    endloop
  endfacet
  facet normal 0 0 -1
    outer loop
      vertex 49.5618 -60.4757 -16.725
      vertex 48.5441 -59.8398 -16.725
      vertex 48.7406 -59.4702 -16.725
    endloop
  endfacet
  facet normal 0 0 -1
    outer loop
      vertex 48.0074 -60.4794 -16.725
      vertex 48.8103 -61.3712 -16.725
      vertex 48.3486 -61.732 -16.725
    endloop
  endfacet
  facet normal 0 0 -1
    outer loop
      vertex 49.2174 -60.9497 -16.725
      vertex 48.2981 -60.1784 -16.725
      vertex 48.5441 -59.8398 -16.725
    endloop
  endfacet
  facet normal 0 0 -1
    outer loop
      vertex 48.8103 -61.3712 -16.725
      vertex 48.0074 -60.4794 -16.725
      vertex 48.2981 -60.1784 -16.725
    endloop
  endfacet
  facet normal 0 0 -1
    outer loop
      vertex 47.6776 -60.7371 -16.725
      vertex 48.3486 -61.732 -16.725
      vertex 47.8412 -62.0249 -16.725
    endloop
  endfacet
  facet normal 0 0 -1
    outer loop
      vertex 48.3486 -61.732 -16.725
      vertex 47.6776 -60.7371 -16.725
      vertex 48.0074 -60.4794 -16.725
    endloop
  endfacet
  facet normal 0 0 -1
    outer loop
      vertex 47.8412 -62.0249 -16.725
      vertex 47.3151 -60.9464 -16.725
      vertex 47.6776 -60.7371 -16.725
    endloop
  endfacet
  facet normal 0 0 -1
    outer loop
      vertex 47.2979 -62.2444 -16.725
      vertex 47.3151 -60.9464 -16.725
      vertex 47.8412 -62.0249 -16.725
    endloop
  endfacet
  facet normal 0 0 -1
    outer loop
      vertex 47.2979 -62.2444 -16.725
      vertex 46.9271 -61.1032 -16.725
      vertex 47.3151 -60.9464 -16.725
    endloop
  endfacet
  facet normal 0 0 -1
    outer loop
      vertex 46.7293 -62.3862 -16.725
      vertex 46.9271 -61.1032 -16.725
      vertex 47.2979 -62.2444 -16.725
    endloop
  endfacet
  facet normal 0 0 -1
    outer loop
      vertex 46.7293 -62.3862 -16.725
      vertex 46.5209 -61.2044 -16.725
      vertex 46.9271 -61.1032 -16.725
    endloop
  endfacet
  facet normal 0 0 -1
    outer loop
      vertex 46.1466 -62.4474 -16.725
      vertex 46.5209 -61.2044 -16.725
      vertex 46.7293 -62.3862 -16.725
    endloop
  endfacet
  facet normal 0 0 -1
    outer loop
      vertex 46.1466 -62.4474 -16.725
      vertex 46.1047 -61.2482 -16.725
      vertex 46.5209 -61.2044 -16.725
    endloop
  endfacet
  facet normal 0 0 -1
    outer loop
      vertex 46.1466 -62.4474 -16.725
      vertex 45.6864 -61.2336 -16.725
      vertex 46.1047 -61.2482 -16.725
    endloop
  endfacet
  facet normal 0 0 -1
    outer loop
      vertex 45.561 -62.427 -16.725
      vertex 45.6864 -61.2336 -16.725
      vertex 46.1466 -62.4474 -16.725
    endloop
  endfacet
  facet normal 0 0 -1
    outer loop
      vertex 45.561 -62.427 -16.725
      vertex 45.2742 -61.1609 -16.725
      vertex 45.6864 -61.2336 -16.725
    endloop
  endfacet
  facet normal 0 0 -1
    outer loop
      vertex 44.9839 -62.3252 -16.725
      vertex 45.2742 -61.1609 -16.725
      vertex 45.561 -62.427 -16.725
    endloop
  endfacet
  facet normal 0 0 -1
    outer loop
      vertex 44.9839 -62.3252 -16.725
      vertex 44.8762 -61.0316 -16.725
      vertex 45.2742 -61.1609 -16.725
    endloop
  endfacet
  facet normal 0 0 -1
    outer loop
      vertex 44.4267 -62.1442 -16.725
      vertex 44.8762 -61.0316 -16.725
      vertex 44.9839 -62.3252 -16.725
    endloop
  endfacet
  facet normal -0 0 -1
    outer loop
      vertex 44.8762 -61.0316 -16.725
      vertex 44.4267 -62.1442 -16.725
      vertex 44.5 -60.8481 -16.725
    endloop
  endfacet
  facet normal 0 0 -1
    outer loop
      vertex 43.9 -61.8873 -16.725
      vertex 44.5 -60.8481 -16.725
      vertex 44.4267 -62.1442 -16.725
    endloop
  endfacet
  facet normal -0 0 -1
    outer loop
      vertex 44.5 -60.8481 -16.725
      vertex 43.9 -61.8873 -16.725
      vertex 44.153 -60.614 -16.725
    endloop
  endfacet
  facet normal 0 0 -1
    outer loop
      vertex 43.4142 -61.5596 -16.725
      vertex 44.153 -60.614 -16.725
      vertex 43.9 -61.8873 -16.725
    endloop
  endfacet
  facet normal -0 0 -1
    outer loop
      vertex 44.153 -60.614 -16.725
      vertex 43.4142 -61.5596 -16.725
      vertex 43.842 -60.334 -16.725
    endloop
  endfacet
  facet normal 0 0 -1
    outer loop
      vertex 42.9788 -61.1676 -16.725
      vertex 43.842 -60.334 -16.725
      vertex 43.4142 -61.5596 -16.725
    endloop
  endfacet
  facet normal -0 0 -1
    outer loop
      vertex 43.842 -60.334 -16.725
      vertex 42.9788 -61.1676 -16.725
      vertex 43.5729 -60.0134 -16.725
    endloop
  endfacet
  facet normal 0 0 -1
    outer loop
      vertex 42.6021 -60.7187 -16.725
      vertex 43.5729 -60.0134 -16.725
      vertex 42.9788 -61.1676 -16.725
    endloop
  endfacet
  facet normal -0 0 -1
    outer loop
      vertex 43.5729 -60.0134 -16.725
      vertex 42.6021 -60.7187 -16.725
      vertex 43.3512 -59.6584 -16.725
    endloop
  endfacet
  facet normal 0 0 -1
    outer loop
      vertex 42.2916 -60.2218 -16.725
      vertex 43.3512 -59.6584 -16.725
      vertex 42.6021 -60.7187 -16.725
    endloop
  endfacet
  facet normal 0 0 -1
    outer loop
      vertex 42.0533 -59.6865 -16.725
      vertex 43.1809 -59.2761 -16.725
      vertex 42.2916 -60.2218 -16.725
    endloop
  endfacet
  facet normal -0 0 -1
    outer loop
      vertex 43.3512 -59.6584 -16.725
      vertex 42.2916 -60.2218 -16.725
      vertex 43.1809 -59.2761 -16.725
    endloop
  endfacet
  facet normal 0 0 -1
    outer loop
      vertex 48.7406 -57.0298 -16.725
      vertex 49.8369 -56.5417 -16.725
      vertex 48.8838 -57.4231 -16.725
    endloop
  endfacet
  facet normal -0 0 -1
    outer loop
      vertex 49.8369 -56.5417 -16.725
      vertex 48.7406 -57.0298 -16.725
      vertex 49.5618 -56.0243 -16.725
    endloop
  endfacet
  facet normal 0 0 -1
    outer loop
      vertex 48.5441 -56.6602 -16.725
      vertex 49.5618 -56.0243 -16.725
      vertex 48.7406 -57.0298 -16.725
    endloop
  endfacet
  facet normal -0 0 -1
    outer loop
      vertex 49.5618 -56.0243 -16.725
      vertex 48.5441 -56.6602 -16.725
      vertex 49.2174 -55.5503 -16.725
    endloop
  endfacet
  facet normal 0 0 -1
    outer loop
      vertex 48.2981 -56.3216 -16.725
      vertex 49.2174 -55.5503 -16.725
      vertex 48.5441 -56.6602 -16.725
    endloop
  endfacet
  facet normal -0 0 -1
    outer loop
      vertex 49.2174 -55.5503 -16.725
      vertex 48.2981 -56.3216 -16.725
      vertex 48.8103 -55.1288 -16.725
    endloop
  endfacet
  facet normal 0 0 -1
    outer loop
      vertex 48.0074 -56.0206 -16.725
      vertex 48.8103 -55.1288 -16.725
      vertex 48.2981 -56.3216 -16.725
    endloop
  endfacet
  facet normal -0 0 -1
    outer loop
      vertex 48.8103 -55.1288 -16.725
      vertex 48.0074 -56.0206 -16.725
      vertex 48.3486 -54.768 -16.725
    endloop
  endfacet
  facet normal 0 0 -1
    outer loop
      vertex 47.6776 -55.7629 -16.725
      vertex 48.3486 -54.768 -16.725
      vertex 48.0074 -56.0206 -16.725
    endloop
  endfacet
  facet normal -0 0 -1
    outer loop
      vertex 48.3486 -54.768 -16.725
      vertex 47.6776 -55.7629 -16.725
      vertex 47.8412 -54.4751 -16.725
    endloop
  endfacet
  facet normal 0 0 -1
    outer loop
      vertex 47.3151 -55.5536 -16.725
      vertex 47.8412 -54.4751 -16.725
      vertex 47.6776 -55.7629 -16.725
    endloop
  endfacet
  facet normal 0 0 -1
    outer loop
      vertex 47.3151 -55.5536 -16.725
      vertex 47.2979 -54.2556 -16.725
      vertex 47.8412 -54.4751 -16.725
    endloop
  endfacet
  facet normal 0 0 -1
    outer loop
      vertex 46.9271 -55.3968 -16.725
      vertex 47.2979 -54.2556 -16.725
      vertex 47.3151 -55.5536 -16.725
    endloop
  endfacet
  facet normal 0 0 -1
    outer loop
      vertex 46.9271 -55.3968 -16.725
      vertex 46.7293 -54.1138 -16.725
      vertex 47.2979 -54.2556 -16.725
    endloop
  endfacet
  facet normal 0 0 -1
    outer loop
      vertex 46.5209 -55.2956 -16.725
      vertex 46.7293 -54.1138 -16.725
      vertex 46.9271 -55.3968 -16.725
    endloop
  endfacet
  facet normal 0 0 -1
    outer loop
      vertex 46.5209 -55.2956 -16.725
      vertex 46.1466 -54.0526 -16.725
      vertex 46.7293 -54.1138 -16.725
    endloop
  endfacet
  facet normal 0 0 -1
    outer loop
      vertex 46.1047 -55.2518 -16.725
      vertex 46.1466 -54.0526 -16.725
      vertex 46.5209 -55.2956 -16.725
    endloop
  endfacet
  facet normal 0 0 -1
    outer loop
      vertex 45.6864 -55.2664 -16.725
      vertex 46.1466 -54.0526 -16.725
      vertex 46.1047 -55.2518 -16.725
    endloop
  endfacet
  facet normal 0 0 -1
    outer loop
      vertex 45.6864 -55.2664 -16.725
      vertex 45.561 -54.073 -16.725
      vertex 46.1466 -54.0526 -16.725
    endloop
  endfacet
  facet normal 0 0 -1
    outer loop
      vertex 45.2742 -55.3391 -16.725
      vertex 45.561 -54.073 -16.725
      vertex 45.6864 -55.2664 -16.725
    endloop
  endfacet
  facet normal 0 0 -1
    outer loop
      vertex 45.2742 -55.3391 -16.725
      vertex 44.9839 -54.1748 -16.725
      vertex 45.561 -54.073 -16.725
    endloop
  endfacet
  facet normal 0 0 -1
    outer loop
      vertex 44.8762 -55.4684 -16.725
      vertex 44.9839 -54.1748 -16.725
      vertex 45.2742 -55.3391 -16.725
    endloop
  endfacet
  facet normal 0 0 -1
    outer loop
      vertex 44.4267 -54.3558 -16.725
      vertex 44.8762 -55.4684 -16.725
      vertex 44.5 -55.6519 -16.725
    endloop
  endfacet
  facet normal 0 0 -1
    outer loop
      vertex 44.8762 -55.4684 -16.725
      vertex 44.4267 -54.3558 -16.725
      vertex 44.9839 -54.1748 -16.725
    endloop
  endfacet
  facet normal 0 0 -1
    outer loop
      vertex 43.9 -54.6127 -16.725
      vertex 44.5 -55.6519 -16.725
      vertex 44.153 -55.886 -16.725
    endloop
  endfacet
  facet normal 0 0 -1
    outer loop
      vertex 44.5 -55.6519 -16.725
      vertex 43.9 -54.6127 -16.725
      vertex 44.4267 -54.3558 -16.725
    endloop
  endfacet
  facet normal 0 0 -1
    outer loop
      vertex 43.4142 -54.9404 -16.725
      vertex 44.153 -55.886 -16.725
      vertex 43.842 -56.166 -16.725
    endloop
  endfacet
  facet normal 0 0 -1
    outer loop
      vertex 42.9788 -55.3324 -16.725
      vertex 43.842 -56.166 -16.725
      vertex 43.5729 -56.4866 -16.725
    endloop
  endfacet
  facet normal 0 0 -1
    outer loop
      vertex 44.153 -55.886 -16.725
      vertex 43.4142 -54.9404 -16.725
      vertex 43.9 -54.6127 -16.725
    endloop
  endfacet
  facet normal 0 0 -1
    outer loop
      vertex 42.6021 -55.7813 -16.725
      vertex 43.5729 -56.4866 -16.725
      vertex 43.3512 -56.8416 -16.725
    endloop
  endfacet
  facet normal 0 0 -1
    outer loop
      vertex 42.2916 -56.2782 -16.725
      vertex 43.3512 -56.8416 -16.725
      vertex 43.1809 -57.2239 -16.725
    endloop
  endfacet
  facet normal 0 0 -1
    outer loop
      vertex 42.0533 -56.8135 -16.725
      vertex 43.1809 -57.2239 -16.725
      vertex 43.0656 -57.6263 -16.725
    endloop
  endfacet
  facet normal 0 0 -1
    outer loop
      vertex 41.8918 -57.3768 -16.725
      vertex 43.0656 -57.6263 -16.725
      vertex 43.0073 -58.0407 -16.725
    endloop
  endfacet
  facet normal 0 0 -1
    outer loop
      vertex 43.842 -56.166 -16.725
      vertex 42.9788 -55.3324 -16.725
      vertex 43.4142 -54.9404 -16.725
    endloop
  endfacet
  facet normal -0 0 -1
    outer loop
      vertex 43.1809 -59.2761 -16.725
      vertex 42.0533 -59.6865 -16.725
      vertex 43.0656 -58.8737 -16.725
    endloop
  endfacet
  facet normal 0 0 -1
    outer loop
      vertex 41.8918 -59.1232 -16.725
      vertex 43.0656 -58.8737 -16.725
      vertex 42.0533 -59.6865 -16.725
    endloop
  endfacet
  facet normal 0 0 -1
    outer loop
      vertex 43.5729 -56.4866 -16.725
      vertex 42.6021 -55.7813 -16.725
      vertex 42.9788 -55.3324 -16.725
    endloop
  endfacet
  facet normal -0 0 -1
    outer loop
      vertex 43.0656 -58.8737 -16.725
      vertex 41.8918 -59.1232 -16.725
      vertex 43.0073 -58.4593 -16.725
    endloop
  endfacet
  facet normal 0 0 -1
    outer loop
      vertex 43.3512 -56.8416 -16.725
      vertex 42.2916 -56.2782 -16.725
      vertex 42.6021 -55.7813 -16.725
    endloop
  endfacet
  facet normal 0 0 -1
    outer loop
      vertex 41.8102 -58.543 -16.725
      vertex 43.0073 -58.4593 -16.725
      vertex 41.8918 -59.1232 -16.725
    endloop
  endfacet
  facet normal 0 0 -1
    outer loop
      vertex 43.1809 -57.2239 -16.725
      vertex 42.0533 -56.8135 -16.725
      vertex 42.2916 -56.2782 -16.725
    endloop
  endfacet
  facet normal -0 0 -1
    outer loop
      vertex 43.0073 -58.4593 -16.725
      vertex 41.8102 -58.543 -16.725
      vertex 43.0073 -58.0407 -16.725
    endloop
  endfacet
  facet normal 0 0 -1
    outer loop
      vertex 43.0656 -57.6263 -16.725
      vertex 41.8918 -57.3768 -16.725
      vertex 42.0533 -56.8135 -16.725
    endloop
  endfacet
  facet normal 0 0 -1
    outer loop
      vertex 41.8102 -57.957 -16.725
      vertex 43.0073 -58.0407 -16.725
      vertex 41.8102 -58.543 -16.725
    endloop
  endfacet
  facet normal 0 0 -1
    outer loop
      vertex 43.0073 -58.0407 -16.725
      vertex 41.8102 -57.957 -16.725
      vertex 41.8918 -57.3768 -16.725
    endloop
  endfacet
  facet normal -0.694723 -0.252856 0.673368
    outer loop
      vertex 50.0373 -57.0923 -16.725
      vertex 49.8369 -56.5417 -16.725
      vertex 48.0187 -57.6712 -19.025
    endloop
  endfacet
  facet normal 0.675381 0.30073 0.673367
    outer loop
      vertex 42.0533 -59.6865 -16.725
      vertex 44.1458 -59.2359 -19.025
      vertex 44.0266 -58.9682 -19.025
    endloop
  endfacet
  facet normal 0.675401 0.300669 0.673373
    outer loop
      vertex 44.1458 -59.2359 -19.025
      vertex 42.0533 -59.6865 -16.725
      vertex 42.2916 -60.2218 -16.725
    endloop
  endfacet
  facet normal -0.178893 -0.717337 0.673369
    outer loop
      vertex 47.2979 -54.2556 -16.725
      vertex 46.7293 -54.1138 -16.725
      vertex 46.3647 -56.1819 -19.025
    endloop
  endfacet
  facet normal -0.455161 -0.582576 0.673374
    outer loop
      vertex 47.4052 -56.6894 -19.025
      vertex 48.3486 -54.768 -16.725
      vertex 47.1743 -56.509 -19.025
    endloop
  endfacet
  facet normal -0.531776 -0.513609 0.673364
    outer loop
      vertex 48.8103 -55.1288 -16.725
      vertex 47.6087 -56.9001 -19.025
      vertex 49.2174 -55.5503 -16.725
    endloop
  endfacet
  facet normal -0.531779 -0.513607 0.673364
    outer loop
      vertex 47.6087 -56.9001 -19.025
      vertex 48.8103 -55.1288 -16.725
      vertex 47.4052 -56.6894 -19.025
    endloop
  endfacet
  facet normal -0.598093 -0.434564 0.673378
    outer loop
      vertex 49.2174 -55.5503 -16.725
      vertex 47.7809 -57.1372 -19.025
      vertex 49.5618 -56.0243 -16.725
    endloop
  endfacet
  facet normal -0.598192 -0.434452 0.673363
    outer loop
      vertex 47.7809 -57.1372 -19.025
      vertex 49.2174 -55.5503 -16.725
      vertex 47.6087 -56.9001 -19.025
    endloop
  endfacet
  facet normal -0.369699 -0.640223 0.673377
    outer loop
      vertex 47.1743 -56.509 -19.025
      vertex 48.3486 -54.768 -16.725
      vertex 46.9206 -56.3625 -19.025
    endloop
  endfacet
  facet normal -0.723165 -0.153666 0.673364
    outer loop
      vertex 50.1591 -57.6655 -16.725
      vertex 50.0373 -57.0923 -16.725
      vertex 48.0187 -57.6712 -19.025
    endloop
  endfacet
  facet normal -0.723159 -0.153719 0.673359
    outer loop
      vertex 48.0796 -57.9577 -19.025
      vertex 50.1591 -57.6655 -16.725
      vertex 48.0187 -57.6712 -19.025
    endloop
  endfacet
  facet normal -0.694621 -0.253071 0.673392
    outer loop
      vertex 48.0187 -57.6712 -19.025
      vertex 49.8369 -56.5417 -16.725
      vertex 47.9184 -57.3959 -19.025
    endloop
  endfacet
  facet normal -0.104436 0.994532 0
    outer loop
      vertex 46.3647 -60.3181 -19.125
      vertex 46.0733 -60.3487 -19.025
      vertex 46.3647 -60.3181 -19.025
    endloop
  endfacet
  facet normal -0.104436 0.994532 0
    outer loop
      vertex 46.0733 -60.3487 -19.025
      vertex 46.3647 -60.3181 -19.125
      vertex 46.0733 -60.3487 -19.125
    endloop
  endfacet
  facet normal -0.978146 -0.20792 0
    outer loop
      vertex 48.0796 -57.9577 -19.125
      vertex 48.0187 -57.6712 -19.025
      vertex 48.0187 -57.6712 -19.125
    endloop
  endfacet
  facet normal -0.978146 -0.20792 0
    outer loop
      vertex 48.0187 -57.6712 -19.025
      vertex 48.0796 -57.9577 -19.125
      vertex 48.0796 -57.9577 -19.025
    endloop
  endfacet
  facet normal -0.997573 -0.069622 0
    outer loop
      vertex 48.1 -58.25 -19.125
      vertex 48.0796 -57.9577 -19.025
      vertex 48.0796 -57.9577 -19.125
    endloop
  endfacet
  facet normal -0.997573 -0.069622 0
    outer loop
      vertex 48.0796 -57.9577 -19.025
      vertex 48.1 -58.25 -19.125
      vertex 48.1 -58.25 -19.025
    endloop
  endfacet
  facet normal -0.500067 0.865987 0
    outer loop
      vertex 47.1743 -59.991 -19.125
      vertex 46.9206 -60.1375 -19.025
      vertex 47.1743 -59.991 -19.025
    endloop
  endfacet
  facet normal -0.500067 0.865987 0
    outer loop
      vertex 46.9206 -60.1375 -19.025
      vertex 47.1743 -59.991 -19.125
      vertex 46.9206 -60.1375 -19.125
    endloop
  endfacet
  facet normal 0.308847 -0.951112 0
    outer loop
      vertex 45.2133 -56.3029 -19.125
      vertex 45.492 -56.2124 -19.025
      vertex 45.2133 -56.3029 -19.025
    endloop
  endfacet
  facet normal 0.308847 -0.951112 0
    outer loop
      vertex 45.492 -56.2124 -19.025
      vertex 45.2133 -56.3029 -19.125
      vertex 45.492 -56.2124 -19.125
    endloop
  endfacet
  facet normal 0.0348149 -0.999394 0
    outer loop
      vertex 45.7805 -56.1615 -19.125
      vertex 46.0733 -56.1513 -19.025
      vertex 45.7805 -56.1615 -19.025
    endloop
  endfacet
  facet normal 0.0348149 -0.999394 0
    outer loop
      vertex 46.0733 -56.1513 -19.025
      vertex 45.7805 -56.1615 -19.125
      vertex 46.0733 -56.1513 -19.125
    endloop
  endfacet
  facet normal -0.71929 -0.69471 0
    outer loop
      vertex 47.6087 -56.9001 -19.125
      vertex 47.4052 -56.6894 -19.025
      vertex 47.4052 -56.6894 -19.125
    endloop
  endfacet
  facet normal -0.71929 -0.69471 0
    outer loop
      vertex 47.4052 -56.6894 -19.025
      vertex 47.6087 -56.9001 -19.125
      vertex 47.6087 -56.9001 -19.025
    endloop
  endfacet
  facet normal -0.978146 0.20792 0
    outer loop
      vertex 48.0187 -58.8288 -19.125
      vertex 48.0796 -58.5423 -19.025
      vertex 48.0796 -58.5423 -19.125
    endloop
  endfacet
  facet normal -0.978146 0.20792 0
    outer loop
      vertex 48.0796 -58.5423 -19.025
      vertex 48.0187 -58.8288 -19.125
      vertex 48.0187 -58.8288 -19.025
    endloop
  endfacet
  facet normal 0.961305 0.275488 0
    outer loop
      vertex 44.0266 -58.9682 -19.025
      vertex 43.9459 -58.6866 -19.125
      vertex 43.9459 -58.6866 -19.025
    endloop
  endfacet
  facet normal 0.961305 0.275488 0
    outer loop
      vertex 43.9459 -58.6866 -19.125
      vertex 44.0266 -58.9682 -19.025
      vertex 44.0266 -58.9682 -19.125
    endloop
  endfacet
  facet normal 0.91353 -0.406772 0
    outer loop
      vertex 44.0266 -57.5318 -19.025
      vertex 44.1458 -57.2641 -19.125
      vertex 44.1458 -57.2641 -19.025
    endloop
  endfacet
  facet normal 0.91353 -0.406772 0
    outer loop
      vertex 44.1458 -57.2641 -19.125
      vertex 44.0266 -57.5318 -19.025
      vertex 44.0266 -57.5318 -19.125
    endloop
  endfacet
  facet normal -0.615664 -0.788009 0
    outer loop
      vertex 47.1743 -56.509 -19.125
      vertex 47.4052 -56.6894 -19.025
      vertex 47.1743 -56.509 -19.025
    endloop
  endfacet
  facet normal -0.615664 -0.788009 -0
    outer loop
      vertex 47.4052 -56.6894 -19.025
      vertex 47.1743 -56.509 -19.125
      vertex 47.4052 -56.6894 -19.125
    endloop
  endfacet
  facet normal -0.71929 0.69471 0
    outer loop
      vertex 47.4052 -59.8106 -19.125
      vertex 47.6087 -59.5999 -19.025
      vertex 47.6087 -59.5999 -19.125
    endloop
  endfacet
  facet normal -0.71929 0.69471 0
    outer loop
      vertex 47.6087 -59.5999 -19.025
      vertex 47.4052 -59.8106 -19.125
      vertex 47.4052 -59.8106 -19.025
    endloop
  endfacet
  facet normal 0.559338 -0.82894 0
    outer loop
      vertex 44.7071 -56.5952 -19.125
      vertex 44.95 -56.4313 -19.025
      vertex 44.7071 -56.5952 -19.025
    endloop
  endfacet
  facet normal 0.559338 -0.82894 0
    outer loop
      vertex 44.95 -56.4313 -19.025
      vertex 44.7071 -56.5952 -19.125
      vertex 44.95 -56.4313 -19.125
    endloop
  endfacet
  facet normal -0.80912 0.587644 0
    outer loop
      vertex 47.6087 -59.5999 -19.125
      vertex 47.7809 -59.3628 -19.025
      vertex 47.7809 -59.3628 -19.125
    endloop
  endfacet
  facet normal -0.80912 0.587644 0
    outer loop
      vertex 47.7809 -59.3628 -19.025
      vertex 47.6087 -59.5999 -19.125
      vertex 47.6087 -59.5999 -19.025
    endloop
  endfacet
  facet normal 0.990254 0.139271 0
    outer loop
      vertex 43.9459 -58.6866 -19.025
      vertex 43.9051 -58.3965 -19.125
      vertex 43.9051 -58.3965 -19.025
    endloop
  endfacet
  facet normal 0.990254 0.139271 0
    outer loop
      vertex 43.9051 -58.3965 -19.125
      vertex 43.9459 -58.6866 -19.025
      vertex 43.9459 -58.6866 -19.125
    endloop
  endfacet
  facet normal 0.669097 -0.743175 0
    outer loop
      vertex 44.4894 -56.7912 -19.125
      vertex 44.7071 -56.5952 -19.025
      vertex 44.4894 -56.7912 -19.025
    endloop
  endfacet
  facet normal 0.669097 -0.743175 0
    outer loop
      vertex 44.7071 -56.5952 -19.025
      vertex 44.4894 -56.7912 -19.125
      vertex 44.7071 -56.5952 -19.125
    endloop
  endfacet
  facet normal -0.80912 -0.587644 0
    outer loop
      vertex 47.7809 -57.1372 -19.125
      vertex 47.6087 -56.9001 -19.025
      vertex 47.6087 -56.9001 -19.125
    endloop
  endfacet
  facet normal -0.80912 -0.587644 0
    outer loop
      vertex 47.6087 -56.9001 -19.025
      vertex 47.7809 -57.1372 -19.125
      vertex 47.7809 -57.1372 -19.025
    endloop
  endfacet
  facet normal -0.242054 0.970263 0
    outer loop
      vertex 46.6489 -60.2472 -19.125
      vertex 46.3647 -60.3181 -19.025
      vertex 46.6489 -60.2472 -19.025
    endloop
  endfacet
  facet normal -0.242054 0.970263 0
    outer loop
      vertex 46.3647 -60.3181 -19.025
      vertex 46.6489 -60.2472 -19.125
      vertex 46.3647 -60.3181 -19.125
    endloop
  endfacet
  facet normal 0.173746 -0.98479 0
    outer loop
      vertex 45.492 -56.2124 -19.125
      vertex 45.7805 -56.1615 -19.025
      vertex 45.492 -56.2124 -19.025
    endloop
  endfacet
  facet normal 0.173746 -0.98479 0
    outer loop
      vertex 45.7805 -56.1615 -19.025
      vertex 45.492 -56.2124 -19.125
      vertex 45.7805 -56.1615 -19.125
    endloop
  endfacet
  facet normal 0.990254 -0.139271 0
    outer loop
      vertex 43.9051 -58.1035 -19.025
      vertex 43.9459 -57.8134 -19.125
      vertex 43.9459 -57.8134 -19.025
    endloop
  endfacet
  facet normal 0.990254 -0.139271 0
    outer loop
      vertex 43.9459 -57.8134 -19.125
      vertex 43.9051 -58.1035 -19.025
      vertex 43.9051 -58.1035 -19.125
    endloop
  endfacet
  facet normal 0.847922 0.530122 0
    outer loop
      vertex 44.3011 -59.4843 -19.025
      vertex 44.1458 -59.2359 -19.125
      vertex 44.1458 -59.2359 -19.025
    endloop
  endfacet
  facet normal 0.847922 0.530122 0
    outer loop
      vertex 44.1458 -59.2359 -19.125
      vertex 44.3011 -59.4843 -19.025
      vertex 44.3011 -59.4843 -19.125
    endloop
  endfacet
  facet normal -0.37439 -0.927271 0
    outer loop
      vertex 46.6489 -56.2528 -19.125
      vertex 46.9206 -56.3625 -19.025
      vertex 46.6489 -56.2528 -19.025
    endloop
  endfacet
  facet normal -0.37439 -0.927271 -0
    outer loop
      vertex 46.9206 -56.3625 -19.025
      vertex 46.6489 -56.2528 -19.125
      vertex 46.9206 -56.3625 -19.125
    endloop
  endfacet
  facet normal 0.438316 -0.898821 0
    outer loop
      vertex 44.95 -56.4313 -19.125
      vertex 45.2133 -56.3029 -19.025
      vertex 44.95 -56.4313 -19.025
    endloop
  endfacet
  facet normal 0.438316 -0.898821 0
    outer loop
      vertex 45.2133 -56.3029 -19.025
      vertex 44.95 -56.4313 -19.125
      vertex 45.2133 -56.3029 -19.125
    endloop
  endfacet
  facet normal -0.242054 -0.970263 0
    outer loop
      vertex 46.3647 -56.1819 -19.125
      vertex 46.6489 -56.2528 -19.025
      vertex 46.3647 -56.1819 -19.025
    endloop
  endfacet
  facet normal -0.242054 -0.970263 -0
    outer loop
      vertex 46.6489 -56.2528 -19.025
      vertex 46.3647 -56.1819 -19.125
      vertex 46.6489 -56.2528 -19.125
    endloop
  endfacet
  facet normal -0.997573 0.069622 0
    outer loop
      vertex 48.0796 -58.5423 -19.125
      vertex 48.1 -58.25 -19.025
      vertex 48.1 -58.25 -19.125
    endloop
  endfacet
  facet normal -0.997573 0.069622 0
    outer loop
      vertex 48.1 -58.25 -19.025
      vertex 48.0796 -58.5423 -19.125
      vertex 48.0796 -58.5423 -19.025
    endloop
  endfacet
  facet normal 0.0348149 0.999394 -0
    outer loop
      vertex 46.0733 -60.3487 -19.125
      vertex 45.7805 -60.3385 -19.025
      vertex 46.0733 -60.3487 -19.025
    endloop
  endfacet
  facet normal 0.0348149 0.999394 0
    outer loop
      vertex 45.7805 -60.3385 -19.025
      vertex 46.0733 -60.3487 -19.125
      vertex 45.7805 -60.3385 -19.125
    endloop
  endfacet
  facet normal -0.615664 0.788009 0
    outer loop
      vertex 47.4052 -59.8106 -19.125
      vertex 47.1743 -59.991 -19.025
      vertex 47.4052 -59.8106 -19.025
    endloop
  endfacet
  facet normal -0.615664 0.788009 0
    outer loop
      vertex 47.1743 -59.991 -19.025
      vertex 47.4052 -59.8106 -19.125
      vertex 47.1743 -59.991 -19.125
    endloop
  endfacet
  facet normal -0.500067 -0.865987 0
    outer loop
      vertex 46.9206 -56.3625 -19.125
      vertex 47.1743 -56.509 -19.025
      vertex 46.9206 -56.3625 -19.025
    endloop
  endfacet
  facet normal -0.500067 -0.865987 -0
    outer loop
      vertex 47.1743 -56.509 -19.025
      vertex 46.9206 -56.3625 -19.125
      vertex 47.1743 -56.509 -19.125
    endloop
  endfacet
  facet normal 0.91353 0.406772 0
    outer loop
      vertex 44.1458 -59.2359 -19.025
      vertex 44.0266 -58.9682 -19.125
      vertex 44.0266 -58.9682 -19.025
    endloop
  endfacet
  facet normal 0.91353 0.406772 0
    outer loop
      vertex 44.0266 -58.9682 -19.125
      vertex 44.1458 -59.2359 -19.025
      vertex 44.1458 -59.2359 -19.125
    endloop
  endfacet
  facet normal -0.939584 0.342318 0
    outer loop
      vertex 47.9184 -59.1041 -19.125
      vertex 48.0187 -58.8288 -19.025
      vertex 48.0187 -58.8288 -19.125
    endloop
  endfacet
  facet normal -0.939584 0.342318 0
    outer loop
      vertex 48.0187 -58.8288 -19.025
      vertex 47.9184 -59.1041 -19.125
      vertex 47.9184 -59.1041 -19.025
    endloop
  endfacet
  facet normal 1 -0 0
    outer loop
      vertex 43.9051 -58.3965 -19.025
      vertex 43.9051 -58.1035 -19.125
      vertex 43.9051 -58.1035 -19.025
    endloop
  endfacet
  facet normal 1 0 0
    outer loop
      vertex 43.9051 -58.1035 -19.125
      vertex 43.9051 -58.3965 -19.025
      vertex 43.9051 -58.3965 -19.125
    endloop
  endfacet
  facet normal 0.961305 -0.275488 0
    outer loop
      vertex 43.9459 -57.8134 -19.025
      vertex 44.0266 -57.5318 -19.125
      vertex 44.0266 -57.5318 -19.025
    endloop
  endfacet
  facet normal 0.961305 -0.275488 0
    outer loop
      vertex 44.0266 -57.5318 -19.125
      vertex 43.9459 -57.8134 -19.025
      vertex 43.9459 -57.8134 -19.125
    endloop
  endfacet
  facet normal -0.883023 -0.46933 0
    outer loop
      vertex 47.9184 -57.3959 -19.125
      vertex 47.7809 -57.1372 -19.025
      vertex 47.7809 -57.1372 -19.125
    endloop
  endfacet
  facet normal -0.883023 -0.46933 0
    outer loop
      vertex 47.7809 -57.1372 -19.025
      vertex 47.9184 -57.3959 -19.125
      vertex 47.9184 -57.3959 -19.025
    endloop
  endfacet
  facet normal -0.939584 -0.342318 0
    outer loop
      vertex 48.0187 -57.6712 -19.125
      vertex 47.9184 -57.3959 -19.025
      vertex 47.9184 -57.3959 -19.125
    endloop
  endfacet
  facet normal -0.939584 -0.342318 0
    outer loop
      vertex 47.9184 -57.3959 -19.025
      vertex 48.0187 -57.6712 -19.125
      vertex 48.0187 -57.6712 -19.025
    endloop
  endfacet
  facet normal -0.883023 0.46933 0
    outer loop
      vertex 47.7809 -59.3628 -19.125
      vertex 47.9184 -59.1041 -19.025
      vertex 47.9184 -59.1041 -19.125
    endloop
  endfacet
  facet normal -0.883023 0.46933 0
    outer loop
      vertex 47.9184 -59.1041 -19.025
      vertex 47.7809 -59.3628 -19.125
      vertex 47.7809 -59.3628 -19.025
    endloop
  endfacet
  facet normal -0.37439 0.927271 0
    outer loop
      vertex 46.9206 -60.1375 -19.125
      vertex 46.6489 -60.2472 -19.025
      vertex 46.9206 -60.1375 -19.025
    endloop
  endfacet
  facet normal -0.37439 0.927271 0
    outer loop
      vertex 46.6489 -60.2472 -19.025
      vertex 46.9206 -60.1375 -19.125
      vertex 46.6489 -60.2472 -19.125
    endloop
  endfacet
  facet normal 0.438316 0.898821 -0
    outer loop
      vertex 45.2133 -60.1971 -19.125
      vertex 44.95 -60.0687 -19.025
      vertex 45.2133 -60.1971 -19.025
    endloop
  endfacet
  facet normal 0.438316 0.898821 0
    outer loop
      vertex 44.95 -60.0687 -19.025
      vertex 45.2133 -60.1971 -19.125
      vertex 44.95 -60.0687 -19.125
    endloop
  endfacet
  facet normal 0.308847 0.951112 -0
    outer loop
      vertex 45.492 -60.2876 -19.125
      vertex 45.2133 -60.1971 -19.025
      vertex 45.492 -60.2876 -19.025
    endloop
  endfacet
  facet normal 0.308847 0.951112 0
    outer loop
      vertex 45.2133 -60.1971 -19.025
      vertex 45.492 -60.2876 -19.125
      vertex 45.2133 -60.1971 -19.125
    endloop
  endfacet
  facet normal 0.173746 0.98479 -0
    outer loop
      vertex 45.7805 -60.3385 -19.125
      vertex 45.492 -60.2876 -19.025
      vertex 45.7805 -60.3385 -19.025
    endloop
  endfacet
  facet normal 0.173746 0.98479 0
    outer loop
      vertex 45.492 -60.2876 -19.025
      vertex 45.7805 -60.3385 -19.125
      vertex 45.492 -60.2876 -19.125
    endloop
  endfacet
  facet normal 0.766175 0.642632 0
    outer loop
      vertex 44.4894 -59.7088 -19.025
      vertex 44.3011 -59.4843 -19.125
      vertex 44.3011 -59.4843 -19.025
    endloop
  endfacet
  facet normal 0.766175 0.642632 0
    outer loop
      vertex 44.3011 -59.4843 -19.125
      vertex 44.4894 -59.7088 -19.025
      vertex 44.4894 -59.7088 -19.125
    endloop
  endfacet
  facet normal -0.104436 -0.994532 0
    outer loop
      vertex 46.0733 -56.1513 -19.125
      vertex 46.3647 -56.1819 -19.025
      vertex 46.0733 -56.1513 -19.025
    endloop
  endfacet
  facet normal -0.104436 -0.994532 -0
    outer loop
      vertex 46.3647 -56.1819 -19.025
      vertex 46.0733 -56.1513 -19.125
      vertex 46.3647 -56.1819 -19.125
    endloop
  endfacet
  facet normal 0.559338 0.82894 -0
    outer loop
      vertex 44.95 -60.0687 -19.125
      vertex 44.7071 -59.9048 -19.025
      vertex 44.95 -60.0687 -19.025
    endloop
  endfacet
  facet normal 0.559338 0.82894 0
    outer loop
      vertex 44.7071 -59.9048 -19.025
      vertex 44.95 -60.0687 -19.125
      vertex 44.7071 -59.9048 -19.125
    endloop
  endfacet
  facet normal 0.669097 0.743175 -0
    outer loop
      vertex 44.7071 -59.9048 -19.125
      vertex 44.4894 -59.7088 -19.025
      vertex 44.7071 -59.9048 -19.025
    endloop
  endfacet
  facet normal 0.669097 0.743175 0
    outer loop
      vertex 44.4894 -59.7088 -19.025
      vertex 44.7071 -59.9048 -19.125
      vertex 44.4894 -59.7088 -19.125
    endloop
  endfacet
  facet normal 0.847922 -0.530122 0
    outer loop
      vertex 44.1458 -57.2641 -19.025
      vertex 44.3011 -57.0157 -19.125
      vertex 44.3011 -57.0157 -19.025
    endloop
  endfacet
  facet normal 0.847922 -0.530122 0
    outer loop
      vertex 44.3011 -57.0157 -19.125
      vertex 44.1458 -57.2641 -19.025
      vertex 44.1458 -57.2641 -19.125
    endloop
  endfacet
  facet normal 0.766175 -0.642632 0
    outer loop
      vertex 44.3011 -57.0157 -19.025
      vertex 44.4894 -56.7912 -19.125
      vertex 44.4894 -56.7912 -19.025
    endloop
  endfacet
  facet normal 0.766175 -0.642632 0
    outer loop
      vertex 44.4894 -56.7912 -19.125
      vertex 44.3011 -57.0157 -19.025
      vertex 44.3011 -57.0157 -19.125
    endloop
  endfacet
  facet normal -0.694707 0.252875 0.673377
    outer loop
      vertex 3.83689 -59.9583 -16.725
      vertex 2.01865 -58.8288 -19.025
      vertex 1.91844 -59.1041 -19.025
    endloop
  endfacet
  facet normal -0.369583 -0.640303 0.673365
    outer loop
      vertex 2.34861 -54.768 -16.725
      vertex 1.84116 -54.4751 -16.725
      vertex 0.920579 -56.3625 -19.025
    endloop
  endfacet
  facet normal -0.737503 -0.0515684 0.673372
    outer loop
      vertex 4.2 -58.25 -16.725
      vertex 4.15913 -57.6655 -16.725
      vertex 2.1 -58.25 -19.025
    endloop
  endfacet
  facet normal -0.737502 -0.0515722 0.673373
    outer loop
      vertex 2.1 -58.25 -19.025
      vertex 4.15913 -57.6655 -16.725
      vertex 2.07956 -57.9577 -19.025
    endloop
  endfacet
  facet normal -0.178907 0.717331 0.673371
    outer loop
      vertex 1.29787 -62.2444 -16.725
      vertex 0.648935 -60.2472 -19.025
      vertex 0.36466 -60.3181 -19.025
    endloop
  endfacet
  facet normal -0.694712 0.252865 0.673376
    outer loop
      vertex 3.83689 -59.9583 -16.725
      vertex 4.0373 -59.4077 -16.725
      vertex 2.01865 -58.8288 -19.025
    endloop
  endfacet
  facet normal 0.128441 0.728063 0.673371
    outer loop
      vertex -0.439019 -62.427 -16.725
      vertex -0.508036 -60.2876 -19.025
      vertex -1.01607 -62.3252 -16.725
    endloop
  endfacet
  facet normal -0.652775 0.347053 0.673378
    outer loop
      vertex 3.83689 -59.9583 -16.725
      vertex 1.91844 -59.1041 -19.025
      vertex 1.7809 -59.3628 -19.025
    endloop
  endfacet
  facet normal 0.566393 0.47514 0.67338
    outer loop
      vertex -1.51061 -59.7088 -19.025
      vertex -1.69894 -59.4843 -19.025
      vertex -3.39787 -60.7187 -16.725
    endloop
  endfacet
  facet normal 0.324129 0.66447 0.673365
    outer loop
      vertex -1.57335 -62.1442 -16.725
      vertex -1.05 -60.0687 -19.025
      vertex -2.1 -61.8873 -16.725
    endloop
  endfacet
  facet normal 0.732108 0.102889 0.673373
    outer loop
      vertex -2.05411 -58.6866 -19.025
      vertex -2.09488 -58.3965 -19.025
      vertex -4.18977 -58.543 -16.725
    endloop
  endfacet
  facet normal -0.369676 0.640237 0.673377
    outer loop
      vertex 2.34861 -61.732 -16.725
      vertex 1.1743 -59.991 -19.025
      vertex 0.920579 -60.1375 -19.025
    endloop
  endfacet
  facet normal -0.0772177 -0.735261 0.673371
    outer loop
      vertex 0.36466 -56.1819 -19.025
      vertex 0.729321 -54.1138 -16.725
      vertex 0.0732889 -56.1513 -19.025
    endloop
  endfacet
  facet normal -0.455198 -0.582548 0.673374
    outer loop
      vertex 2.81035 -55.1288 -16.725
      vertex 2.34861 -54.768 -16.725
      vertex 1.40517 -56.6894 -19.025
    endloop
  endfacet
  facet normal 0.324021 -0.66451 0.673377
    outer loop
      vertex -1.05 -56.4313 -19.025
      vertex -0.786674 -56.3029 -19.025
      vertex -1.57335 -54.3558 -16.725
    endloop
  endfacet
  facet normal -0.737503 0.0515684 0.673372
    outer loop
      vertex 4.15913 -58.8345 -16.725
      vertex 4.2 -58.25 -16.725
      vertex 2.1 -58.25 -19.025
    endloop
  endfacet
  facet normal 0.025739 -0.738857 0.673371
    outer loop
      vertex 0.0732889 -56.1513 -19.025
      vertex 0.146578 -54.0526 -16.725
      vertex -0.439019 -54.073 -16.725
    endloop
  endfacet
  facet normal -0.723144 0.153741 0.67337
    outer loop
      vertex 4.15913 -58.8345 -16.725
      vertex 2.07956 -58.5423 -19.025
      vertex 2.01865 -58.8288 -19.025
    endloop
  endfacet
  facet normal 0.025739 0.738857 0.673371
    outer loop
      vertex 0.146578 -62.4474 -16.725
      vertex 0.0732889 -60.3487 -19.025
      vertex -0.439019 -62.427 -16.725
    endloop
  endfacet
  facet normal 0.413539 -0.61284 0.673359
    outer loop
      vertex -1.29289 -56.5952 -19.025
      vertex -1.05 -56.4313 -19.025
      vertex -2.1 -54.6127 -16.725
    endloop
  endfacet
  facet normal 0.710666 -0.203763 0.673375
    outer loop
      vertex -4.10822 -57.3768 -16.725
      vertex -1.97335 -57.5318 -19.025
      vertex -3.94671 -56.8135 -16.725
    endloop
  endfacet
  facet normal 0.710658 -0.203809 0.67337
    outer loop
      vertex -1.97335 -57.5318 -19.025
      vertex -4.10822 -57.3768 -16.725
      vertex -2.05411 -57.8134 -19.025
    endloop
  endfacet
  facet normal -0.455198 0.582548 0.673374
    outer loop
      vertex 2.34861 -61.732 -16.725
      vertex 2.81035 -61.3712 -16.725
      vertex 1.40517 -59.8106 -19.025
    endloop
  endfacet
  facet normal 0.566358 -0.475191 0.673374
    outer loop
      vertex -1.51061 -56.7912 -19.025
      vertex -3.02123 -55.3324 -16.725
      vertex -3.39787 -55.7813 -16.725
    endloop
  endfacet
  facet normal -0.276948 -0.685481 0.673361
    outer loop
      vertex 1.84116 -54.4751 -16.725
      vertex 1.29787 -54.2556 -16.725
      vertex 0.920579 -56.3625 -19.025
    endloop
  endfacet
  facet normal -0.652771 0.347064 0.673377
    outer loop
      vertex 3.5618 -60.4757 -16.725
      vertex 3.83689 -59.9583 -16.725
      vertex 1.7809 -59.3628 -19.025
    endloop
  endfacet
  facet normal -0.0772176 0.735261 0.673371
    outer loop
      vertex 0.146578 -62.4474 -16.725
      vertex 0.729321 -62.3862 -16.725
      vertex 0.0732889 -60.3487 -19.025
    endloop
  endfacet
  facet normal 0.0257391 -0.738857 0.673371
    outer loop
      vertex -0.219509 -56.1615 -19.025
      vertex 0.0732889 -56.1513 -19.025
      vertex -0.439019 -54.073 -16.725
    endloop
  endfacet
  facet normal -0.455198 0.582548 0.673374
    outer loop
      vertex 2.34861 -61.732 -16.725
      vertex 1.40517 -59.8106 -19.025
      vertex 1.1743 -59.991 -19.025
    endloop
  endfacet
  facet normal 0.566358 0.475191 0.673374
    outer loop
      vertex -3.02123 -61.1676 -16.725
      vertex -1.51061 -59.7088 -19.025
      vertex -3.39787 -60.7187 -16.725
    endloop
  endfacet
  facet normal -0.531813 0.513569 0.673366
    outer loop
      vertex 1.60869 -59.5999 -19.025
      vertex 2.81035 -61.3712 -16.725
      vertex 3.21739 -60.9497 -16.725
    endloop
  endfacet
  facet normal -0.531746 0.513626 0.673375
    outer loop
      vertex 2.81035 -61.3712 -16.725
      vertex 1.60869 -59.5999 -19.025
      vertex 1.40517 -59.8106 -19.025
    endloop
  endfacet
  facet normal 0.626923 -0.391827 0.673378
    outer loop
      vertex -3.39787 -55.7813 -16.725
      vertex -1.85419 -57.2641 -19.025
      vertex -1.69894 -57.0157 -19.025
    endloop
  endfacet
  facet normal 0.626958 -0.391782 0.673373
    outer loop
      vertex -1.85419 -57.2641 -19.025
      vertex -3.39787 -55.7813 -16.725
      vertex -3.70838 -56.2782 -16.725
    endloop
  endfacet
  facet normal -0.0772176 -0.735261 0.673371
    outer loop
      vertex 0.729321 -54.1138 -16.725
      vertex 0.146578 -54.0526 -16.725
      vertex 0.0732889 -56.1513 -19.025
    endloop
  endfacet
  facet normal 0.324129 -0.66447 0.673365
    outer loop
      vertex -1.05 -56.4313 -19.025
      vertex -1.57335 -54.3558 -16.725
      vertex -2.1 -54.6127 -16.725
    endloop
  endfacet
  facet normal 0.0257391 0.738857 0.673371
    outer loop
      vertex 0.0732889 -60.3487 -19.025
      vertex -0.219509 -60.3385 -19.025
      vertex -0.439019 -62.427 -16.725
    endloop
  endfacet
  facet normal -0.737502 0.0515722 0.673373
    outer loop
      vertex 4.15913 -58.8345 -16.725
      vertex 2.1 -58.25 -19.025
      vertex 2.07956 -58.5423 -19.025
    endloop
  endfacet
  facet normal 0.626923 0.391827 0.673378
    outer loop
      vertex -1.85419 -59.2359 -19.025
      vertex -3.39787 -60.7187 -16.725
      vertex -1.69894 -59.4843 -19.025
    endloop
  endfacet
  facet normal 0.626958 0.391782 0.673373
    outer loop
      vertex -3.39787 -60.7187 -16.725
      vertex -1.85419 -59.2359 -19.025
      vertex -3.70838 -60.2218 -16.725
    endloop
  endfacet
  facet normal -0.178907 -0.717331 0.673371
    outer loop
      vertex 0.648935 -56.2528 -19.025
      vertex 1.29787 -54.2556 -16.725
      vertex 0.36466 -56.1819 -19.025
    endloop
  endfacet
  facet normal 0.739303 0 0.673373
    outer loop
      vertex -4.18977 -57.957 -16.725
      vertex -2.09488 -58.3965 -19.025
      vertex -2.09488 -58.1035 -19.025
    endloop
  endfacet
  facet normal 0.739303 0 0.673373
    outer loop
      vertex -2.09488 -58.3965 -19.025
      vertex -4.18977 -57.957 -16.725
      vertex -4.18977 -58.543 -16.725
    endloop
  endfacet
  facet normal 0.732107 0.102901 0.673372
    outer loop
      vertex -4.10822 -59.1232 -16.725
      vertex -2.05411 -58.6866 -19.025
      vertex -4.18977 -58.543 -16.725
    endloop
  endfacet
  facet normal 0.12844 0.728063 0.673371
    outer loop
      vertex -0.439019 -62.427 -16.725
      vertex -0.219509 -60.3385 -19.025
      vertex -0.508036 -60.2876 -19.025
    endloop
  endfacet
  facet normal 0.413447 0.61289 0.67337
    outer loop
      vertex -2.1 -61.8873 -16.725
      vertex -1.29289 -59.9048 -19.025
      vertex -2.58578 -61.5596 -16.725
    endloop
  endfacet
  facet normal -0.598088 0.434572 0.673378
    outer loop
      vertex 1.7809 -59.3628 -19.025
      vertex 3.21739 -60.9497 -16.725
      vertex 3.5618 -60.4757 -16.725
    endloop
  endfacet
  facet normal -0.598179 0.434468 0.673364
    outer loop
      vertex 3.21739 -60.9497 -16.725
      vertex 1.7809 -59.3628 -19.025
      vertex 1.60869 -59.5999 -19.025
    endloop
  endfacet
  facet normal -0.178907 0.717331 0.673371
    outer loop
      vertex 0.729321 -62.3862 -16.725
      vertex 1.29787 -62.2444 -16.725
      vertex 0.36466 -60.3181 -19.025
    endloop
  endfacet
  facet normal -0.0772177 0.735261 0.673371
    outer loop
      vertex 0.729321 -62.3862 -16.725
      vertex 0.36466 -60.3181 -19.025
      vertex 0.0732889 -60.3487 -19.025
    endloop
  endfacet
  facet normal -0.723148 0.153701 0.673374
    outer loop
      vertex 4.0373 -59.4077 -16.725
      vertex 4.15913 -58.8345 -16.725
      vertex 2.01865 -58.8288 -19.025
    endloop
  endfacet
  facet normal -0.276836 -0.685515 0.673373
    outer loop
      vertex 0.920579 -56.3625 -19.025
      vertex 1.29787 -54.2556 -16.725
      vertex 0.648935 -56.2528 -19.025
    endloop
  endfacet
  facet normal 0.675387 -0.300701 0.673373
    outer loop
      vertex -3.94671 -56.8135 -16.725
      vertex -1.85419 -57.2641 -19.025
      vertex -3.70838 -56.2782 -16.725
    endloop
  endfacet
  facet normal 0.675408 -0.300641 0.673379
    outer loop
      vertex -1.85419 -57.2641 -19.025
      vertex -3.94671 -56.8135 -16.725
      vertex -1.97335 -57.5318 -19.025
    endloop
  endfacet
  facet normal 0.566393 -0.47514 0.67338
    outer loop
      vertex -1.69894 -57.0157 -19.025
      vertex -1.51061 -56.7912 -19.025
      vertex -3.39787 -55.7813 -16.725
    endloop
  endfacet
  facet normal 0.128441 -0.728063 0.673371
    outer loop
      vertex -0.508036 -56.2124 -19.025
      vertex -0.439019 -54.073 -16.725
      vertex -1.01607 -54.1748 -16.725
    endloop
  endfacet
  facet normal 0.710658 0.203809 0.67337
    outer loop
      vertex -4.10822 -59.1232 -16.725
      vertex -1.97335 -58.9682 -19.025
      vertex -2.05411 -58.6866 -19.025
    endloop
  endfacet
  facet normal 0.710666 0.203763 0.673375
    outer loop
      vertex -1.97335 -58.9682 -19.025
      vertex -4.10822 -59.1232 -16.725
      vertex -3.94671 -59.6865 -16.725
    endloop
  endfacet
  facet normal 0.12844 -0.728063 0.673371
    outer loop
      vertex -0.219509 -56.1615 -19.025
      vertex -0.439019 -54.073 -16.725
      vertex -0.508036 -56.2124 -19.025
    endloop
  endfacet
  facet normal 0.494641 0.549455 0.673372
    outer loop
      vertex -1.51061 -59.7088 -19.025
      vertex -2.58578 -61.5596 -16.725
      vertex -1.29289 -59.9048 -19.025
    endloop
  endfacet
  facet normal 0.494634 0.54946 0.673373
    outer loop
      vertex -2.58578 -61.5596 -16.725
      vertex -1.51061 -59.7088 -19.025
      vertex -3.02123 -61.1676 -16.725
    endloop
  endfacet
  facet normal -0.369583 0.640303 0.673365
    outer loop
      vertex 1.84116 -62.0249 -16.725
      vertex 2.34861 -61.732 -16.725
      vertex 0.920579 -60.1375 -19.025
    endloop
  endfacet
  facet normal -0.652771 -0.347064 0.673377
    outer loop
      vertex 3.83689 -56.5417 -16.725
      vertex 3.5618 -56.0243 -16.725
      vertex 1.7809 -57.1372 -19.025
    endloop
  endfacet
  facet normal 0.413447 -0.61289 0.67337
    outer loop
      vertex -1.29289 -56.5952 -19.025
      vertex -2.1 -54.6127 -16.725
      vertex -2.58578 -54.9404 -16.725
    endloop
  endfacet
  facet normal 0.228376 -0.703146 0.673372
    outer loop
      vertex -0.786674 -56.3029 -19.025
      vertex -1.01607 -54.1748 -16.725
      vertex -1.57335 -54.3558 -16.725
    endloop
  endfacet
  facet normal 0.228378 -0.703146 0.673371
    outer loop
      vertex -1.01607 -54.1748 -16.725
      vertex -0.786674 -56.3029 -19.025
      vertex -0.508036 -56.2124 -19.025
    endloop
  endfacet
  facet normal 0.413539 0.61284 0.673359
    outer loop
      vertex -1.05 -60.0687 -19.025
      vertex -1.29289 -59.9048 -19.025
      vertex -2.1 -61.8873 -16.725
    endloop
  endfacet
  facet normal -0.276836 0.685515 0.673373
    outer loop
      vertex 1.29787 -62.2444 -16.725
      vertex 0.920579 -60.1375 -19.025
      vertex 0.648935 -60.2472 -19.025
    endloop
  endfacet
  facet normal 0.732108 -0.102889 0.673373
    outer loop
      vertex -2.09488 -58.1035 -19.025
      vertex -2.05411 -57.8134 -19.025
      vertex -4.18977 -57.957 -16.725
    endloop
  endfacet
  facet normal 0.494641 -0.549455 0.673372
    outer loop
      vertex -2.58578 -54.9404 -16.725
      vertex -1.51061 -56.7912 -19.025
      vertex -1.29289 -56.5952 -19.025
    endloop
  endfacet
  facet normal 0.494634 -0.54946 0.673373
    outer loop
      vertex -1.51061 -56.7912 -19.025
      vertex -2.58578 -54.9404 -16.725
      vertex -3.02123 -55.3324 -16.725
    endloop
  endfacet
  facet normal -0.652775 -0.347053 0.673378
    outer loop
      vertex 1.91844 -57.3959 -19.025
      vertex 3.83689 -56.5417 -16.725
      vertex 1.7809 -57.1372 -19.025
    endloop
  endfacet
  facet normal -0.276948 0.685481 0.673361
    outer loop
      vertex 1.29787 -62.2444 -16.725
      vertex 1.84116 -62.0249 -16.725
      vertex 0.920579 -60.1375 -19.025
    endloop
  endfacet
  facet normal 0.324021 0.66451 0.673377
    outer loop
      vertex -0.786674 -60.1971 -19.025
      vertex -1.05 -60.0687 -19.025
      vertex -1.57335 -62.1442 -16.725
    endloop
  endfacet
  facet normal 0.732107 -0.102901 0.673372
    outer loop
      vertex -2.05411 -57.8134 -19.025
      vertex -4.10822 -57.3768 -16.725
      vertex -4.18977 -57.957 -16.725
    endloop
  endfacet
  facet normal 0.228378 0.703146 0.673371
    outer loop
      vertex -0.786674 -60.1971 -19.025
      vertex -1.01607 -62.3252 -16.725
      vertex -0.508036 -60.2876 -19.025
    endloop
  endfacet
  facet normal 0.228376 0.703146 0.673372
    outer loop
      vertex -1.01607 -62.3252 -16.725
      vertex -0.786674 -60.1971 -19.025
      vertex -1.57335 -62.1442 -16.725
    endloop
  endfacet
  facet normal 0 0 -1
    outer loop
      vertex 3 -58.25 -16.725
      vertex 4.2 -58.25 -16.725
      vertex 4.15913 -58.8345 -16.725
    endloop
  endfacet
  facet normal 0 0 -1
    outer loop
      vertex 2.9708 -58.6675 -16.725
      vertex 4.15913 -58.8345 -16.725
      vertex 4.0373 -59.4077 -16.725
    endloop
  endfacet
  facet normal 0 0 -1
    outer loop
      vertex 4.2 -58.25 -16.725
      vertex 3 -58.25 -16.725
      vertex 4.15913 -57.6655 -16.725
    endloop
  endfacet
  facet normal 0 0 -1
    outer loop
      vertex 2.88378 -59.0769 -16.725
      vertex 4.0373 -59.4077 -16.725
      vertex 3.83689 -59.9583 -16.725
    endloop
  endfacet
  facet normal 0 0 -1
    outer loop
      vertex 2.9708 -57.8325 -16.725
      vertex 4.15913 -57.6655 -16.725
      vertex 3 -58.25 -16.725
    endloop
  endfacet
  facet normal 0 0 -1
    outer loop
      vertex 2.74064 -59.4702 -16.725
      vertex 3.83689 -59.9583 -16.725
      vertex 3.5618 -60.4757 -16.725
    endloop
  endfacet
  facet normal -0 0 -1
    outer loop
      vertex 4.15913 -57.6655 -16.725
      vertex 2.9708 -57.8325 -16.725
      vertex 4.0373 -57.0923 -16.725
    endloop
  endfacet
  facet normal 0 0 -1
    outer loop
      vertex 2.54414 -59.8398 -16.725
      vertex 3.5618 -60.4757 -16.725
      vertex 3.21739 -60.9497 -16.725
    endloop
  endfacet
  facet normal 0 0 -1
    outer loop
      vertex 2.88378 -57.4231 -16.725
      vertex 4.0373 -57.0923 -16.725
      vertex 2.9708 -57.8325 -16.725
    endloop
  endfacet
  facet normal -0 0 -1
    outer loop
      vertex 4.0373 -57.0923 -16.725
      vertex 2.88378 -57.4231 -16.725
      vertex 3.83689 -56.5417 -16.725
    endloop
  endfacet
  facet normal 0 0 -1
    outer loop
      vertex 4.15913 -58.8345 -16.725
      vertex 2.9708 -58.6675 -16.725
      vertex 3 -58.25 -16.725
    endloop
  endfacet
  facet normal 0 0 -1
    outer loop
      vertex 4.0373 -59.4077 -16.725
      vertex 2.88378 -59.0769 -16.725
      vertex 2.9708 -58.6675 -16.725
    endloop
  endfacet
  facet normal 0 0 -1
    outer loop
      vertex 2.29813 -60.1784 -16.725
      vertex 3.21739 -60.9497 -16.725
      vertex 2.81035 -61.3712 -16.725
    endloop
  endfacet
  facet normal 0 0 -1
    outer loop
      vertex 3.83689 -59.9583 -16.725
      vertex 2.74064 -59.4702 -16.725
      vertex 2.88378 -59.0769 -16.725
    endloop
  endfacet
  facet normal 0 0 -1
    outer loop
      vertex 3.5618 -60.4757 -16.725
      vertex 2.54414 -59.8398 -16.725
      vertex 2.74064 -59.4702 -16.725
    endloop
  endfacet
  facet normal 0 0 -1
    outer loop
      vertex 2.00739 -60.4794 -16.725
      vertex 2.81035 -61.3712 -16.725
      vertex 2.34861 -61.732 -16.725
    endloop
  endfacet
  facet normal 0 0 -1
    outer loop
      vertex 3.21739 -60.9497 -16.725
      vertex 2.29813 -60.1784 -16.725
      vertex 2.54414 -59.8398 -16.725
    endloop
  endfacet
  facet normal 0 0 -1
    outer loop
      vertex 2.81035 -61.3712 -16.725
      vertex 2.00739 -60.4794 -16.725
      vertex 2.29813 -60.1784 -16.725
    endloop
  endfacet
  facet normal 0 0 -1
    outer loop
      vertex 1.67758 -60.7371 -16.725
      vertex 2.34861 -61.732 -16.725
      vertex 1.84116 -62.0249 -16.725
    endloop
  endfacet
  facet normal 0 0 -1
    outer loop
      vertex 2.34861 -61.732 -16.725
      vertex 1.67758 -60.7371 -16.725
      vertex 2.00739 -60.4794 -16.725
    endloop
  endfacet
  facet normal 0 0 -1
    outer loop
      vertex 1.84116 -62.0249 -16.725
      vertex 1.31511 -60.9464 -16.725
      vertex 1.67758 -60.7371 -16.725
    endloop
  endfacet
  facet normal 0 0 -1
    outer loop
      vertex 1.29787 -62.2444 -16.725
      vertex 1.31511 -60.9464 -16.725
      vertex 1.84116 -62.0249 -16.725
    endloop
  endfacet
  facet normal 0 0 -1
    outer loop
      vertex 1.29787 -62.2444 -16.725
      vertex 0.927051 -61.1032 -16.725
      vertex 1.31511 -60.9464 -16.725
    endloop
  endfacet
  facet normal 0 0 -1
    outer loop
      vertex 0.729321 -62.3862 -16.725
      vertex 0.927051 -61.1032 -16.725
      vertex 1.29787 -62.2444 -16.725
    endloop
  endfacet
  facet normal 0 0 -1
    outer loop
      vertex 0.729321 -62.3862 -16.725
      vertex 0.520944 -61.2044 -16.725
      vertex 0.927051 -61.1032 -16.725
    endloop
  endfacet
  facet normal 0 0 -1
    outer loop
      vertex 0.146578 -62.4474 -16.725
      vertex 0.520944 -61.2044 -16.725
      vertex 0.729321 -62.3862 -16.725
    endloop
  endfacet
  facet normal 0 0 -1
    outer loop
      vertex 0.146578 -62.4474 -16.725
      vertex 0.104698 -61.2482 -16.725
      vertex 0.520944 -61.2044 -16.725
    endloop
  endfacet
  facet normal 0 0 -1
    outer loop
      vertex 0.146578 -62.4474 -16.725
      vertex -0.313585 -61.2336 -16.725
      vertex 0.104698 -61.2482 -16.725
    endloop
  endfacet
  facet normal 0 0 -1
    outer loop
      vertex -0.439019 -62.427 -16.725
      vertex -0.313585 -61.2336 -16.725
      vertex 0.146578 -62.4474 -16.725
    endloop
  endfacet
  facet normal 0 0 -1
    outer loop
      vertex -0.439019 -62.427 -16.725
      vertex -0.725765 -61.1609 -16.725
      vertex -0.313585 -61.2336 -16.725
    endloop
  endfacet
  facet normal 0 0 -1
    outer loop
      vertex -1.01607 -62.3252 -16.725
      vertex -0.725765 -61.1609 -16.725
      vertex -0.439019 -62.427 -16.725
    endloop
  endfacet
  facet normal 0 0 -1
    outer loop
      vertex -1.01607 -62.3252 -16.725
      vertex -1.12382 -61.0316 -16.725
      vertex -0.725765 -61.1609 -16.725
    endloop
  endfacet
  facet normal 0 0 -1
    outer loop
      vertex -1.57335 -62.1442 -16.725
      vertex -1.12382 -61.0316 -16.725
      vertex -1.01607 -62.3252 -16.725
    endloop
  endfacet
  facet normal -0 0 -1
    outer loop
      vertex -1.12382 -61.0316 -16.725
      vertex -1.57335 -62.1442 -16.725
      vertex -1.5 -60.8481 -16.725
    endloop
  endfacet
  facet normal 0 0 -1
    outer loop
      vertex -2.1 -61.8873 -16.725
      vertex -1.5 -60.8481 -16.725
      vertex -1.57335 -62.1442 -16.725
    endloop
  endfacet
  facet normal -0 0 -1
    outer loop
      vertex -1.5 -60.8481 -16.725
      vertex -2.1 -61.8873 -16.725
      vertex -1.84698 -60.614 -16.725
    endloop
  endfacet
  facet normal 0 0 -1
    outer loop
      vertex -2.58578 -61.5596 -16.725
      vertex -1.84698 -60.614 -16.725
      vertex -2.1 -61.8873 -16.725
    endloop
  endfacet
  facet normal -0 0 -1
    outer loop
      vertex -1.84698 -60.614 -16.725
      vertex -2.58578 -61.5596 -16.725
      vertex -2.15802 -60.334 -16.725
    endloop
  endfacet
  facet normal 0 0 -1
    outer loop
      vertex -3.02123 -61.1676 -16.725
      vertex -2.15802 -60.334 -16.725
      vertex -2.58578 -61.5596 -16.725
    endloop
  endfacet
  facet normal -0 0 -1
    outer loop
      vertex -2.15802 -60.334 -16.725
      vertex -3.02123 -61.1676 -16.725
      vertex -2.42705 -60.0134 -16.725
    endloop
  endfacet
  facet normal 0 0 -1
    outer loop
      vertex -3.39787 -60.7187 -16.725
      vertex -2.42705 -60.0134 -16.725
      vertex -3.02123 -61.1676 -16.725
    endloop
  endfacet
  facet normal -0 0 -1
    outer loop
      vertex -2.42705 -60.0134 -16.725
      vertex -3.39787 -60.7187 -16.725
      vertex -2.64884 -59.6584 -16.725
    endloop
  endfacet
  facet normal 0 0 -1
    outer loop
      vertex -3.70838 -60.2218 -16.725
      vertex -2.64884 -59.6584 -16.725
      vertex -3.39787 -60.7187 -16.725
    endloop
  endfacet
  facet normal 0 0 -1
    outer loop
      vertex -3.94671 -59.6865 -16.725
      vertex -2.81908 -59.2761 -16.725
      vertex -3.70838 -60.2218 -16.725
    endloop
  endfacet
  facet normal -0 0 -1
    outer loop
      vertex -2.64884 -59.6584 -16.725
      vertex -3.70838 -60.2218 -16.725
      vertex -2.81908 -59.2761 -16.725
    endloop
  endfacet
  facet normal 0 0 -1
    outer loop
      vertex 2.74064 -57.0298 -16.725
      vertex 3.83689 -56.5417 -16.725
      vertex 2.88378 -57.4231 -16.725
    endloop
  endfacet
  facet normal -0 0 -1
    outer loop
      vertex 3.83689 -56.5417 -16.725
      vertex 2.74064 -57.0298 -16.725
      vertex 3.5618 -56.0243 -16.725
    endloop
  endfacet
  facet normal 0 0 -1
    outer loop
      vertex 2.54414 -56.6602 -16.725
      vertex 3.5618 -56.0243 -16.725
      vertex 2.74064 -57.0298 -16.725
    endloop
  endfacet
  facet normal -0 0 -1
    outer loop
      vertex 3.5618 -56.0243 -16.725
      vertex 2.54414 -56.6602 -16.725
      vertex 3.21739 -55.5503 -16.725
    endloop
  endfacet
  facet normal 0 0 -1
    outer loop
      vertex 2.29813 -56.3216 -16.725
      vertex 3.21739 -55.5503 -16.725
      vertex 2.54414 -56.6602 -16.725
    endloop
  endfacet
  facet normal -0 0 -1
    outer loop
      vertex 3.21739 -55.5503 -16.725
      vertex 2.29813 -56.3216 -16.725
      vertex 2.81035 -55.1288 -16.725
    endloop
  endfacet
  facet normal 0 0 -1
    outer loop
      vertex 2.00739 -56.0206 -16.725
      vertex 2.81035 -55.1288 -16.725
      vertex 2.29813 -56.3216 -16.725
    endloop
  endfacet
  facet normal -0 0 -1
    outer loop
      vertex 2.81035 -55.1288 -16.725
      vertex 2.00739 -56.0206 -16.725
      vertex 2.34861 -54.768 -16.725
    endloop
  endfacet
  facet normal 0 0 -1
    outer loop
      vertex 1.67758 -55.7629 -16.725
      vertex 2.34861 -54.768 -16.725
      vertex 2.00739 -56.0206 -16.725
    endloop
  endfacet
  facet normal -0 0 -1
    outer loop
      vertex 2.34861 -54.768 -16.725
      vertex 1.67758 -55.7629 -16.725
      vertex 1.84116 -54.4751 -16.725
    endloop
  endfacet
  facet normal 0 0 -1
    outer loop
      vertex 1.31511 -55.5536 -16.725
      vertex 1.84116 -54.4751 -16.725
      vertex 1.67758 -55.7629 -16.725
    endloop
  endfacet
  facet normal 0 0 -1
    outer loop
      vertex 1.31511 -55.5536 -16.725
      vertex 1.29787 -54.2556 -16.725
      vertex 1.84116 -54.4751 -16.725
    endloop
  endfacet
  facet normal 0 0 -1
    outer loop
      vertex 0.927051 -55.3968 -16.725
      vertex 1.29787 -54.2556 -16.725
      vertex 1.31511 -55.5536 -16.725
    endloop
  endfacet
  facet normal 0 0 -1
    outer loop
      vertex 0.927051 -55.3968 -16.725
      vertex 0.729321 -54.1138 -16.725
      vertex 1.29787 -54.2556 -16.725
    endloop
  endfacet
  facet normal 0 0 -1
    outer loop
      vertex 0.520944 -55.2956 -16.725
      vertex 0.729321 -54.1138 -16.725
      vertex 0.927051 -55.3968 -16.725
    endloop
  endfacet
  facet normal 0 0 -1
    outer loop
      vertex 0.520944 -55.2956 -16.725
      vertex 0.146578 -54.0526 -16.725
      vertex 0.729321 -54.1138 -16.725
    endloop
  endfacet
  facet normal 0 0 -1
    outer loop
      vertex 0.104698 -55.2518 -16.725
      vertex 0.146578 -54.0526 -16.725
      vertex 0.520944 -55.2956 -16.725
    endloop
  endfacet
  facet normal 0 0 -1
    outer loop
      vertex -0.313585 -55.2664 -16.725
      vertex 0.146578 -54.0526 -16.725
      vertex 0.104698 -55.2518 -16.725
    endloop
  endfacet
  facet normal 0 0 -1
    outer loop
      vertex -0.313585 -55.2664 -16.725
      vertex -0.439019 -54.073 -16.725
      vertex 0.146578 -54.0526 -16.725
    endloop
  endfacet
  facet normal 0 0 -1
    outer loop
      vertex -0.725765 -55.3391 -16.725
      vertex -0.439019 -54.073 -16.725
      vertex -0.313585 -55.2664 -16.725
    endloop
  endfacet
  facet normal 0 0 -1
    outer loop
      vertex -0.725765 -55.3391 -16.725
      vertex -1.01607 -54.1748 -16.725
      vertex -0.439019 -54.073 -16.725
    endloop
  endfacet
  facet normal 0 0 -1
    outer loop
      vertex -1.12382 -55.4684 -16.725
      vertex -1.01607 -54.1748 -16.725
      vertex -0.725765 -55.3391 -16.725
    endloop
  endfacet
  facet normal 0 0 -1
    outer loop
      vertex -1.57335 -54.3558 -16.725
      vertex -1.12382 -55.4684 -16.725
      vertex -1.5 -55.6519 -16.725
    endloop
  endfacet
  facet normal 0 0 -1
    outer loop
      vertex -1.12382 -55.4684 -16.725
      vertex -1.57335 -54.3558 -16.725
      vertex -1.01607 -54.1748 -16.725
    endloop
  endfacet
  facet normal 0 0 -1
    outer loop
      vertex -2.1 -54.6127 -16.725
      vertex -1.5 -55.6519 -16.725
      vertex -1.84698 -55.886 -16.725
    endloop
  endfacet
  facet normal 0 0 -1
    outer loop
      vertex -1.5 -55.6519 -16.725
      vertex -2.1 -54.6127 -16.725
      vertex -1.57335 -54.3558 -16.725
    endloop
  endfacet
  facet normal 0 0 -1
    outer loop
      vertex -2.58578 -54.9404 -16.725
      vertex -1.84698 -55.886 -16.725
      vertex -2.15802 -56.166 -16.725
    endloop
  endfacet
  facet normal 0 0 -1
    outer loop
      vertex -3.02123 -55.3324 -16.725
      vertex -2.15802 -56.166 -16.725
      vertex -2.42705 -56.4866 -16.725
    endloop
  endfacet
  facet normal 0 0 -1
    outer loop
      vertex -1.84698 -55.886 -16.725
      vertex -2.58578 -54.9404 -16.725
      vertex -2.1 -54.6127 -16.725
    endloop
  endfacet
  facet normal 0 0 -1
    outer loop
      vertex -3.39787 -55.7813 -16.725
      vertex -2.42705 -56.4866 -16.725
      vertex -2.64884 -56.8416 -16.725
    endloop
  endfacet
  facet normal 0 0 -1
    outer loop
      vertex -3.70838 -56.2782 -16.725
      vertex -2.64884 -56.8416 -16.725
      vertex -2.81908 -57.2239 -16.725
    endloop
  endfacet
  facet normal 0 0 -1
    outer loop
      vertex -3.94671 -56.8135 -16.725
      vertex -2.81908 -57.2239 -16.725
      vertex -2.93444 -57.6263 -16.725
    endloop
  endfacet
  facet normal 0 0 -1
    outer loop
      vertex -4.10822 -57.3768 -16.725
      vertex -2.93444 -57.6263 -16.725
      vertex -2.99269 -58.0407 -16.725
    endloop
  endfacet
  facet normal 0 0 -1
    outer loop
      vertex -2.15802 -56.166 -16.725
      vertex -3.02123 -55.3324 -16.725
      vertex -2.58578 -54.9404 -16.725
    endloop
  endfacet
  facet normal -0 0 -1
    outer loop
      vertex -2.81908 -59.2761 -16.725
      vertex -3.94671 -59.6865 -16.725
      vertex -2.93444 -58.8737 -16.725
    endloop
  endfacet
  facet normal 0 0 -1
    outer loop
      vertex -4.10822 -59.1232 -16.725
      vertex -2.93444 -58.8737 -16.725
      vertex -3.94671 -59.6865 -16.725
    endloop
  endfacet
  facet normal 0 0 -1
    outer loop
      vertex -2.42705 -56.4866 -16.725
      vertex -3.39787 -55.7813 -16.725
      vertex -3.02123 -55.3324 -16.725
    endloop
  endfacet
  facet normal -0 0 -1
    outer loop
      vertex -2.93444 -58.8737 -16.725
      vertex -4.10822 -59.1232 -16.725
      vertex -2.99269 -58.4593 -16.725
    endloop
  endfacet
  facet normal 0 0 -1
    outer loop
      vertex -2.64884 -56.8416 -16.725
      vertex -3.70838 -56.2782 -16.725
      vertex -3.39787 -55.7813 -16.725
    endloop
  endfacet
  facet normal 0 0 -1
    outer loop
      vertex -4.18977 -58.543 -16.725
      vertex -2.99269 -58.4593 -16.725
      vertex -4.10822 -59.1232 -16.725
    endloop
  endfacet
  facet normal 0 0 -1
    outer loop
      vertex -2.81908 -57.2239 -16.725
      vertex -3.94671 -56.8135 -16.725
      vertex -3.70838 -56.2782 -16.725
    endloop
  endfacet
  facet normal -0 0 -1
    outer loop
      vertex -2.99269 -58.4593 -16.725
      vertex -4.18977 -58.543 -16.725
      vertex -2.99269 -58.0407 -16.725
    endloop
  endfacet
  facet normal 0 0 -1
    outer loop
      vertex -2.93444 -57.6263 -16.725
      vertex -4.10822 -57.3768 -16.725
      vertex -3.94671 -56.8135 -16.725
    endloop
  endfacet
  facet normal 0 0 -1
    outer loop
      vertex -4.18977 -57.957 -16.725
      vertex -2.99269 -58.0407 -16.725
      vertex -4.18977 -58.543 -16.725
    endloop
  endfacet
  facet normal 0 0 -1
    outer loop
      vertex -2.99269 -58.0407 -16.725
      vertex -4.18977 -57.957 -16.725
      vertex -4.10822 -57.3768 -16.725
    endloop
  endfacet
  facet normal -0.694712 -0.252865 0.673376
    outer loop
      vertex 4.0373 -57.0923 -16.725
      vertex 3.83689 -56.5417 -16.725
      vertex 2.01865 -57.6712 -19.025
    endloop
  endfacet
  facet normal 0.675408 0.300641 0.673379
    outer loop
      vertex -3.94671 -59.6865 -16.725
      vertex -1.85419 -59.2359 -19.025
      vertex -1.97335 -58.9682 -19.025
    endloop
  endfacet
  facet normal 0.675387 0.300701 0.673373
    outer loop
      vertex -1.85419 -59.2359 -19.025
      vertex -3.94671 -59.6865 -16.725
      vertex -3.70838 -60.2218 -16.725
    endloop
  endfacet
  facet normal -0.178907 -0.717331 0.673371
    outer loop
      vertex 1.29787 -54.2556 -16.725
      vertex 0.729321 -54.1138 -16.725
      vertex 0.36466 -56.1819 -19.025
    endloop
  endfacet
  facet normal -0.455198 -0.582548 0.673374
    outer loop
      vertex 1.40517 -56.6894 -19.025
      vertex 2.34861 -54.768 -16.725
      vertex 1.1743 -56.509 -19.025
    endloop
  endfacet
  facet normal -0.531813 -0.513569 0.673366
    outer loop
      vertex 2.81035 -55.1288 -16.725
      vertex 1.60869 -56.9001 -19.025
      vertex 3.21739 -55.5503 -16.725
    endloop
  endfacet
  facet normal -0.531746 -0.513626 0.673375
    outer loop
      vertex 1.60869 -56.9001 -19.025
      vertex 2.81035 -55.1288 -16.725
      vertex 1.40517 -56.6894 -19.025
    endloop
  endfacet
  facet normal -0.598088 -0.434572 0.673378
    outer loop
      vertex 3.21739 -55.5503 -16.725
      vertex 1.7809 -57.1372 -19.025
      vertex 3.5618 -56.0243 -16.725
    endloop
  endfacet
  facet normal -0.598179 -0.434468 0.673364
    outer loop
      vertex 1.7809 -57.1372 -19.025
      vertex 3.21739 -55.5503 -16.725
      vertex 1.60869 -56.9001 -19.025
    endloop
  endfacet
  facet normal -0.369676 -0.640237 0.673377
    outer loop
      vertex 1.1743 -56.509 -19.025
      vertex 2.34861 -54.768 -16.725
      vertex 0.920579 -56.3625 -19.025
    endloop
  endfacet
  facet normal -0.723148 -0.153701 0.673374
    outer loop
      vertex 4.15913 -57.6655 -16.725
      vertex 4.0373 -57.0923 -16.725
      vertex 2.01865 -57.6712 -19.025
    endloop
  endfacet
  facet normal -0.723144 -0.153741 0.67337
    outer loop
      vertex 2.07956 -57.9577 -19.025
      vertex 4.15913 -57.6655 -16.725
      vertex 2.01865 -57.6712 -19.025
    endloop
  endfacet
  facet normal -0.694707 -0.252875 0.673377
    outer loop
      vertex 2.01865 -57.6712 -19.025
      vertex 3.83689 -56.5417 -16.725
      vertex 1.91844 -57.3959 -19.025
    endloop
  endfacet
  facet normal -0.104446 0.994531 0
    outer loop
      vertex 0.36466 -60.3181 -19.125
      vertex 0.0732889 -60.3487 -19.025
      vertex 0.36466 -60.3181 -19.025
    endloop
  endfacet
  facet normal -0.104446 0.994531 0
    outer loop
      vertex 0.0732889 -60.3487 -19.025
      vertex 0.36466 -60.3181 -19.125
      vertex 0.0732889 -60.3487 -19.125
    endloop
  endfacet
  facet normal -0.978139 -0.207953 0
    outer loop
      vertex 2.07956 -57.9577 -19.125
      vertex 2.01865 -57.6712 -19.025
      vertex 2.01865 -57.6712 -19.125
    endloop
  endfacet
  facet normal -0.978139 -0.207953 0
    outer loop
      vertex 2.01865 -57.6712 -19.025
      vertex 2.07956 -57.9577 -19.125
      vertex 2.07956 -57.9577 -19.025
    endloop
  endfacet
  facet normal -0.997564 -0.0697578 0
    outer loop
      vertex 2.1 -58.25 -19.125
      vertex 2.07956 -57.9577 -19.025
      vertex 2.07956 -57.9577 -19.125
    endloop
  endfacet
  facet normal -0.997564 -0.0697578 0
    outer loop
      vertex 2.07956 -57.9577 -19.025
      vertex 2.1 -58.25 -19.125
      vertex 2.1 -58.25 -19.025
    endloop
  endfacet
  facet normal -0.500036 0.866005 0
    outer loop
      vertex 1.1743 -59.991 -19.125
      vertex 0.920579 -60.1375 -19.025
      vertex 1.1743 -59.991 -19.025
    endloop
  endfacet
  facet normal -0.500036 0.866005 0
    outer loop
      vertex 0.920579 -60.1375 -19.025
      vertex 1.1743 -59.991 -19.125
      vertex 0.920579 -60.1375 -19.125
    endloop
  endfacet
  facet normal 0.308909 -0.951092 0
    outer loop
      vertex -0.786674 -56.3029 -19.125
      vertex -0.508036 -56.2124 -19.025
      vertex -0.786674 -56.3029 -19.025
    endloop
  endfacet
  facet normal 0.308909 -0.951092 0
    outer loop
      vertex -0.508036 -56.2124 -19.025
      vertex -0.786674 -56.3029 -19.125
      vertex -0.508036 -56.2124 -19.125
    endloop
  endfacet
  facet normal 0.0348152 -0.999394 0
    outer loop
      vertex -0.219509 -56.1615 -19.125
      vertex 0.0732889 -56.1513 -19.025
      vertex -0.219509 -56.1615 -19.025
    endloop
  endfacet
  facet normal 0.0348152 -0.999394 0
    outer loop
      vertex 0.0732889 -56.1513 -19.025
      vertex -0.219509 -56.1615 -19.125
      vertex 0.0732889 -56.1513 -19.125
    endloop
  endfacet
  facet normal -0.719256 -0.694746 0
    outer loop
      vertex 1.60869 -56.9001 -19.125
      vertex 1.40517 -56.6894 -19.025
      vertex 1.40517 -56.6894 -19.125
    endloop
  endfacet
  facet normal -0.719256 -0.694746 0
    outer loop
      vertex 1.40517 -56.6894 -19.025
      vertex 1.60869 -56.9001 -19.125
      vertex 1.60869 -56.9001 -19.025
    endloop
  endfacet
  facet normal -0.978139 0.207953 0
    outer loop
      vertex 2.01865 -58.8288 -19.125
      vertex 2.07956 -58.5423 -19.025
      vertex 2.07956 -58.5423 -19.125
    endloop
  endfacet
  facet normal -0.978139 0.207953 0
    outer loop
      vertex 2.07956 -58.5423 -19.025
      vertex 2.01865 -58.8288 -19.125
      vertex 2.01865 -58.8288 -19.025
    endloop
  endfacet
  facet normal 0.96125 0.275677 0
    outer loop
      vertex -1.97335 -58.9682 -19.025
      vertex -2.05411 -58.6866 -19.125
      vertex -2.05411 -58.6866 -19.025
    endloop
  endfacet
  facet normal 0.96125 0.275677 0
    outer loop
      vertex -2.05411 -58.6866 -19.125
      vertex -1.97335 -58.9682 -19.025
      vertex -1.97335 -58.9682 -19.125
    endloop
  endfacet
  facet normal 0.913581 -0.406658 0
    outer loop
      vertex -1.97335 -57.5318 -19.025
      vertex -1.85419 -57.2641 -19.125
      vertex -1.85419 -57.2641 -19.025
    endloop
  endfacet
  facet normal 0.913581 -0.406658 0
    outer loop
      vertex -1.85419 -57.2641 -19.125
      vertex -1.97335 -57.5318 -19.025
      vertex -1.97335 -57.5318 -19.125
    endloop
  endfacet
  facet normal -0.615714 -0.78797 0
    outer loop
      vertex 1.1743 -56.509 -19.125
      vertex 1.40517 -56.6894 -19.025
      vertex 1.1743 -56.509 -19.025
    endloop
  endfacet
  facet normal -0.615714 -0.78797 -0
    outer loop
      vertex 1.40517 -56.6894 -19.025
      vertex 1.1743 -56.509 -19.125
      vertex 1.40517 -56.6894 -19.125
    endloop
  endfacet
  facet normal -0.719256 0.694746 0
    outer loop
      vertex 1.40517 -59.8106 -19.125
      vertex 1.60869 -59.5999 -19.025
      vertex 1.60869 -59.5999 -19.125
    endloop
  endfacet
  facet normal -0.719256 0.694746 0
    outer loop
      vertex 1.60869 -59.5999 -19.025
      vertex 1.40517 -59.8106 -19.125
      vertex 1.40517 -59.8106 -19.025
    endloop
  endfacet
  facet normal 0.559354 -0.828929 0
    outer loop
      vertex -1.29289 -56.5952 -19.125
      vertex -1.05 -56.4313 -19.025
      vertex -1.29289 -56.5952 -19.025
    endloop
  endfacet
  facet normal 0.559354 -0.828929 0
    outer loop
      vertex -1.05 -56.4313 -19.025
      vertex -1.29289 -56.5952 -19.125
      vertex -1.05 -56.4313 -19.125
    endloop
  endfacet
  facet normal -0.809103 0.587666 0
    outer loop
      vertex 1.60869 -59.5999 -19.125
      vertex 1.7809 -59.3628 -19.025
      vertex 1.7809 -59.3628 -19.125
    endloop
  endfacet
  facet normal -0.809103 0.587666 0
    outer loop
      vertex 1.7809 -59.3628 -19.025
      vertex 1.60869 -59.5999 -19.125
      vertex 1.60869 -59.5999 -19.025
    endloop
  endfacet
  facet normal 0.990268 0.13917 0
    outer loop
      vertex -2.05411 -58.6866 -19.025
      vertex -2.09488 -58.3965 -19.125
      vertex -2.09488 -58.3965 -19.025
    endloop
  endfacet
  facet normal 0.990268 0.13917 0
    outer loop
      vertex -2.09488 -58.3965 -19.125
      vertex -2.05411 -58.6866 -19.025
      vertex -2.05411 -58.6866 -19.125
    endloop
  endfacet
  facet normal 0.669063 -0.743206 0
    outer loop
      vertex -1.51061 -56.7912 -19.125
      vertex -1.29289 -56.5952 -19.025
      vertex -1.51061 -56.7912 -19.025
    endloop
  endfacet
  facet normal 0.669063 -0.743206 0
    outer loop
      vertex -1.29289 -56.5952 -19.025
      vertex -1.51061 -56.7912 -19.125
      vertex -1.29289 -56.5952 -19.125
    endloop
  endfacet
  facet normal -0.809103 -0.587666 0
    outer loop
      vertex 1.7809 -57.1372 -19.125
      vertex 1.60869 -56.9001 -19.025
      vertex 1.60869 -56.9001 -19.125
    endloop
  endfacet
  facet normal -0.809103 -0.587666 0
    outer loop
      vertex 1.60869 -56.9001 -19.025
      vertex 1.7809 -57.1372 -19.125
      vertex 1.7809 -57.1372 -19.025
    endloop
  endfacet
  facet normal -0.241993 0.970278 0
    outer loop
      vertex 0.648935 -60.2472 -19.125
      vertex 0.36466 -60.3181 -19.025
      vertex 0.648935 -60.2472 -19.025
    endloop
  endfacet
  facet normal -0.241993 0.970278 0
    outer loop
      vertex 0.36466 -60.3181 -19.025
      vertex 0.648935 -60.2472 -19.125
      vertex 0.36466 -60.3181 -19.125
    endloop
  endfacet
  facet normal 0.173731 -0.984793 0
    outer loop
      vertex -0.508036 -56.2124 -19.125
      vertex -0.219509 -56.1615 -19.025
      vertex -0.508036 -56.2124 -19.025
    endloop
  endfacet
  facet normal 0.173731 -0.984793 0
    outer loop
      vertex -0.219509 -56.1615 -19.025
      vertex -0.508036 -56.2124 -19.125
      vertex -0.219509 -56.1615 -19.125
    endloop
  endfacet
  facet normal 0.990268 -0.13917 0
    outer loop
      vertex -2.09488 -58.1035 -19.025
      vertex -2.05411 -57.8134 -19.125
      vertex -2.05411 -57.8134 -19.025
    endloop
  endfacet
  facet normal 0.990268 -0.13917 0
    outer loop
      vertex -2.05411 -57.8134 -19.125
      vertex -2.09488 -58.1035 -19.025
      vertex -2.09488 -58.1035 -19.125
    endloop
  endfacet
  facet normal 0.847998 0.529999 0
    outer loop
      vertex -1.69894 -59.4843 -19.025
      vertex -1.85419 -59.2359 -19.125
      vertex -1.85419 -59.2359 -19.025
    endloop
  endfacet
  facet normal 0.847998 0.529999 0
    outer loop
      vertex -1.85419 -59.2359 -19.125
      vertex -1.69894 -59.4843 -19.025
      vertex -1.69894 -59.4843 -19.125
    endloop
  endfacet
  facet normal -0.374456 -0.927245 0
    outer loop
      vertex 0.648935 -56.2528 -19.125
      vertex 0.920579 -56.3625 -19.025
      vertex 0.648935 -56.2528 -19.025
    endloop
  endfacet
  facet normal -0.374456 -0.927245 -0
    outer loop
      vertex 0.920579 -56.3625 -19.025
      vertex 0.648935 -56.2528 -19.125
      vertex 0.920579 -56.3625 -19.125
    endloop
  endfacet
  facet normal 0.438281 -0.898838 0
    outer loop
      vertex -1.05 -56.4313 -19.125
      vertex -0.786674 -56.3029 -19.025
      vertex -1.05 -56.4313 -19.025
    endloop
  endfacet
  facet normal 0.438281 -0.898838 0
    outer loop
      vertex -0.786674 -56.3029 -19.025
      vertex -1.05 -56.4313 -19.125
      vertex -0.786674 -56.3029 -19.125
    endloop
  endfacet
  facet normal -0.241993 -0.970278 0
    outer loop
      vertex 0.36466 -56.1819 -19.125
      vertex 0.648935 -56.2528 -19.025
      vertex 0.36466 -56.1819 -19.025
    endloop
  endfacet
  facet normal -0.241993 -0.970278 -0
    outer loop
      vertex 0.648935 -56.2528 -19.025
      vertex 0.36466 -56.1819 -19.125
      vertex 0.648935 -56.2528 -19.125
    endloop
  endfacet
  facet normal -0.997564 0.0697578 0
    outer loop
      vertex 2.07956 -58.5423 -19.125
      vertex 2.1 -58.25 -19.025
      vertex 2.1 -58.25 -19.125
    endloop
  endfacet
  facet normal -0.997564 0.0697578 0
    outer loop
      vertex 2.1 -58.25 -19.025
      vertex 2.07956 -58.5423 -19.125
      vertex 2.07956 -58.5423 -19.025
    endloop
  endfacet
  facet normal 0.0348152 0.999394 -0
    outer loop
      vertex 0.0732889 -60.3487 -19.125
      vertex -0.219509 -60.3385 -19.025
      vertex 0.0732889 -60.3487 -19.025
    endloop
  endfacet
  facet normal 0.0348152 0.999394 0
    outer loop
      vertex -0.219509 -60.3385 -19.025
      vertex 0.0732889 -60.3487 -19.125
      vertex -0.219509 -60.3385 -19.125
    endloop
  endfacet
  facet normal -0.615714 0.78797 0
    outer loop
      vertex 1.40517 -59.8106 -19.125
      vertex 1.1743 -59.991 -19.025
      vertex 1.40517 -59.8106 -19.025
    endloop
  endfacet
  facet normal -0.615714 0.78797 0
    outer loop
      vertex 1.1743 -59.991 -19.025
      vertex 1.40517 -59.8106 -19.125
      vertex 1.1743 -59.991 -19.125
    endloop
  endfacet
  facet normal -0.500036 -0.866005 0
    outer loop
      vertex 0.920579 -56.3625 -19.125
      vertex 1.1743 -56.509 -19.025
      vertex 0.920579 -56.3625 -19.025
    endloop
  endfacet
  facet normal -0.500036 -0.866005 -0
    outer loop
      vertex 1.1743 -56.509 -19.025
      vertex 0.920579 -56.3625 -19.125
      vertex 1.1743 -56.509 -19.125
    endloop
  endfacet
  facet normal 0.913581 0.406658 0
    outer loop
      vertex -1.85419 -59.2359 -19.025
      vertex -1.97335 -58.9682 -19.125
      vertex -1.97335 -58.9682 -19.025
    endloop
  endfacet
  facet normal 0.913581 0.406658 0
    outer loop
      vertex -1.97335 -58.9682 -19.125
      vertex -1.85419 -59.2359 -19.025
      vertex -1.85419 -59.2359 -19.125
    endloop
  endfacet
  facet normal -0.939683 0.342047 0
    outer loop
      vertex 1.91844 -59.1041 -19.125
      vertex 2.01865 -58.8288 -19.025
      vertex 2.01865 -58.8288 -19.125
    endloop
  endfacet
  facet normal -0.939683 0.342047 0
    outer loop
      vertex 2.01865 -58.8288 -19.025
      vertex 1.91844 -59.1041 -19.125
      vertex 1.91844 -59.1041 -19.025
    endloop
  endfacet
  facet normal 1 -0 0
    outer loop
      vertex -2.09488 -58.3965 -19.025
      vertex -2.09488 -58.1035 -19.125
      vertex -2.09488 -58.1035 -19.025
    endloop
  endfacet
  facet normal 1 0 0
    outer loop
      vertex -2.09488 -58.1035 -19.125
      vertex -2.09488 -58.3965 -19.025
      vertex -2.09488 -58.3965 -19.125
    endloop
  endfacet
  facet normal 0.96125 -0.275677 0
    outer loop
      vertex -2.05411 -57.8134 -19.025
      vertex -1.97335 -57.5318 -19.125
      vertex -1.97335 -57.5318 -19.025
    endloop
  endfacet
  facet normal 0.96125 -0.275677 0
    outer loop
      vertex -1.97335 -57.5318 -19.125
      vertex -2.05411 -57.8134 -19.025
      vertex -2.05411 -57.8134 -19.125
    endloop
  endfacet
  facet normal -0.882966 -0.469436 0
    outer loop
      vertex 1.91844 -57.3959 -19.125
      vertex 1.7809 -57.1372 -19.025
      vertex 1.7809 -57.1372 -19.125
    endloop
  endfacet
  facet normal -0.882966 -0.469436 0
    outer loop
      vertex 1.7809 -57.1372 -19.025
      vertex 1.91844 -57.3959 -19.125
      vertex 1.91844 -57.3959 -19.025
    endloop
  endfacet
  facet normal -0.939683 -0.342047 0
    outer loop
      vertex 2.01865 -57.6712 -19.125
      vertex 1.91844 -57.3959 -19.025
      vertex 1.91844 -57.3959 -19.125
    endloop
  endfacet
  facet normal -0.939683 -0.342047 0
    outer loop
      vertex 1.91844 -57.3959 -19.025
      vertex 2.01865 -57.6712 -19.125
      vertex 2.01865 -57.6712 -19.025
    endloop
  endfacet
  facet normal -0.882966 0.469436 0
    outer loop
      vertex 1.7809 -59.3628 -19.125
      vertex 1.91844 -59.1041 -19.025
      vertex 1.91844 -59.1041 -19.125
    endloop
  endfacet
  facet normal -0.882966 0.469436 0
    outer loop
      vertex 1.91844 -59.1041 -19.025
      vertex 1.7809 -59.3628 -19.125
      vertex 1.7809 -59.3628 -19.025
    endloop
  endfacet
  facet normal -0.374456 0.927245 0
    outer loop
      vertex 0.920579 -60.1375 -19.125
      vertex 0.648935 -60.2472 -19.025
      vertex 0.920579 -60.1375 -19.025
    endloop
  endfacet
  facet normal -0.374456 0.927245 0
    outer loop
      vertex 0.648935 -60.2472 -19.025
      vertex 0.920579 -60.1375 -19.125
      vertex 0.648935 -60.2472 -19.125
    endloop
  endfacet
  facet normal 0.438281 0.898838 -0
    outer loop
      vertex -0.786674 -60.1971 -19.125
      vertex -1.05 -60.0687 -19.025
      vertex -0.786674 -60.1971 -19.025
    endloop
  endfacet
  facet normal 0.438281 0.898838 0
    outer loop
      vertex -1.05 -60.0687 -19.025
      vertex -0.786674 -60.1971 -19.125
      vertex -1.05 -60.0687 -19.125
    endloop
  endfacet
  facet normal 0.308909 0.951092 -0
    outer loop
      vertex -0.508036 -60.2876 -19.125
      vertex -0.786674 -60.1971 -19.025
      vertex -0.508036 -60.2876 -19.025
    endloop
  endfacet
  facet normal 0.308909 0.951092 0
    outer loop
      vertex -0.786674 -60.1971 -19.025
      vertex -0.508036 -60.2876 -19.125
      vertex -0.786674 -60.1971 -19.125
    endloop
  endfacet
  facet normal 0.173731 0.984793 -0
    outer loop
      vertex -0.219509 -60.3385 -19.125
      vertex -0.508036 -60.2876 -19.025
      vertex -0.219509 -60.3385 -19.025
    endloop
  endfacet
  facet normal 0.173731 0.984793 0
    outer loop
      vertex -0.508036 -60.2876 -19.025
      vertex -0.219509 -60.3385 -19.125
      vertex -0.508036 -60.2876 -19.125
    endloop
  endfacet
  facet normal 0.766125 0.642692 0
    outer loop
      vertex -1.51061 -59.7088 -19.025
      vertex -1.69894 -59.4843 -19.125
      vertex -1.69894 -59.4843 -19.025
    endloop
  endfacet
  facet normal 0.766125 0.642692 0
    outer loop
      vertex -1.69894 -59.4843 -19.125
      vertex -1.51061 -59.7088 -19.025
      vertex -1.51061 -59.7088 -19.125
    endloop
  endfacet
  facet normal -0.104446 -0.994531 0
    outer loop
      vertex 0.0732889 -56.1513 -19.125
      vertex 0.36466 -56.1819 -19.025
      vertex 0.0732889 -56.1513 -19.025
    endloop
  endfacet
  facet normal -0.104446 -0.994531 -0
    outer loop
      vertex 0.36466 -56.1819 -19.025
      vertex 0.0732889 -56.1513 -19.125
      vertex 0.36466 -56.1819 -19.125
    endloop
  endfacet
  facet normal 0.559354 0.828929 -0
    outer loop
      vertex -1.05 -60.0687 -19.125
      vertex -1.29289 -59.9048 -19.025
      vertex -1.05 -60.0687 -19.025
    endloop
  endfacet
  facet normal 0.559354 0.828929 0
    outer loop
      vertex -1.29289 -59.9048 -19.025
      vertex -1.05 -60.0687 -19.125
      vertex -1.29289 -59.9048 -19.125
    endloop
  endfacet
  facet normal 0.669063 0.743206 -0
    outer loop
      vertex -1.29289 -59.9048 -19.125
      vertex -1.51061 -59.7088 -19.025
      vertex -1.29289 -59.9048 -19.025
    endloop
  endfacet
  facet normal 0.669063 0.743206 0
    outer loop
      vertex -1.51061 -59.7088 -19.025
      vertex -1.29289 -59.9048 -19.125
      vertex -1.51061 -59.7088 -19.125
    endloop
  endfacet
  facet normal 0.847998 -0.529999 0
    outer loop
      vertex -1.85419 -57.2641 -19.025
      vertex -1.69894 -57.0157 -19.125
      vertex -1.69894 -57.0157 -19.025
    endloop
  endfacet
  facet normal 0.847998 -0.529999 0
    outer loop
      vertex -1.69894 -57.0157 -19.125
      vertex -1.85419 -57.2641 -19.025
      vertex -1.85419 -57.2641 -19.125
    endloop
  endfacet
  facet normal 0.766125 -0.642692 0
    outer loop
      vertex -1.69894 -57.0157 -19.025
      vertex -1.51061 -56.7912 -19.125
      vertex -1.51061 -56.7912 -19.025
    endloop
  endfacet
  facet normal 0.766125 -0.642692 0
    outer loop
      vertex -1.51061 -56.7912 -19.125
      vertex -1.69894 -57.0157 -19.025
      vertex -1.69894 -57.0157 -19.125
    endloop
  endfacet
  facet normal -0.694707 0.252875 0.673377
    outer loop
      vertex 3.83689 56.5417 -16.725
      vertex 2.01865 57.6712 -19.025
      vertex 1.91844 57.3959 -19.025
    endloop
  endfacet
  facet normal -0.369583 -0.640303 0.673365
    outer loop
      vertex 2.34861 61.732 -16.725
      vertex 1.84116 62.0249 -16.725
      vertex 0.920579 60.1375 -19.025
    endloop
  endfacet
  facet normal -0.737503 -0.0515684 0.673372
    outer loop
      vertex 4.2 58.25 -16.725
      vertex 4.15913 58.8345 -16.725
      vertex 2.1 58.25 -19.025
    endloop
  endfacet
  facet normal -0.737502 -0.0515722 0.673373
    outer loop
      vertex 2.1 58.25 -19.025
      vertex 4.15913 58.8345 -16.725
      vertex 2.07956 58.5423 -19.025
    endloop
  endfacet
  facet normal -0.178907 0.717331 0.673371
    outer loop
      vertex 1.29787 54.2556 -16.725
      vertex 0.648935 56.2528 -19.025
      vertex 0.36466 56.1819 -19.025
    endloop
  endfacet
  facet normal -0.694712 0.252865 0.673376
    outer loop
      vertex 3.83689 56.5417 -16.725
      vertex 4.0373 57.0923 -16.725
      vertex 2.01865 57.6712 -19.025
    endloop
  endfacet
  facet normal 0.128441 0.728063 0.673371
    outer loop
      vertex -0.439019 54.073 -16.725
      vertex -0.508036 56.2124 -19.025
      vertex -1.01607 54.1748 -16.725
    endloop
  endfacet
  facet normal -0.652775 0.347053 0.673378
    outer loop
      vertex 3.83689 56.5417 -16.725
      vertex 1.91844 57.3959 -19.025
      vertex 1.7809 57.1372 -19.025
    endloop
  endfacet
  facet normal 0.566393 0.47514 0.67338
    outer loop
      vertex -1.51061 56.7912 -19.025
      vertex -1.69894 57.0157 -19.025
      vertex -3.39787 55.7813 -16.725
    endloop
  endfacet
  facet normal 0.324129 0.66447 0.673365
    outer loop
      vertex -1.57335 54.3558 -16.725
      vertex -1.05 56.4313 -19.025
      vertex -2.1 54.6127 -16.725
    endloop
  endfacet
  facet normal 0.732108 0.102889 0.673373
    outer loop
      vertex -2.05411 57.8134 -19.025
      vertex -2.09488 58.1035 -19.025
      vertex -4.18977 57.957 -16.725
    endloop
  endfacet
  facet normal -0.369676 0.640237 0.673377
    outer loop
      vertex 2.34861 54.768 -16.725
      vertex 1.1743 56.509 -19.025
      vertex 0.920579 56.3625 -19.025
    endloop
  endfacet
  facet normal -0.0772177 -0.735261 0.673371
    outer loop
      vertex 0.36466 60.3181 -19.025
      vertex 0.729321 62.3862 -16.725
      vertex 0.0732889 60.3487 -19.025
    endloop
  endfacet
  facet normal -0.455198 -0.582548 0.673374
    outer loop
      vertex 2.81035 61.3712 -16.725
      vertex 2.34861 61.732 -16.725
      vertex 1.40517 59.8106 -19.025
    endloop
  endfacet
  facet normal 0.324021 -0.66451 0.673377
    outer loop
      vertex -1.05 60.0687 -19.025
      vertex -0.786674 60.1971 -19.025
      vertex -1.57335 62.1442 -16.725
    endloop
  endfacet
  facet normal -0.737503 0.0515684 0.673372
    outer loop
      vertex 4.15913 57.6655 -16.725
      vertex 4.2 58.25 -16.725
      vertex 2.1 58.25 -19.025
    endloop
  endfacet
  facet normal 0.025739 -0.738857 0.673371
    outer loop
      vertex 0.0732889 60.3487 -19.025
      vertex 0.146578 62.4474 -16.725
      vertex -0.439019 62.427 -16.725
    endloop
  endfacet
  facet normal -0.723144 0.153741 0.67337
    outer loop
      vertex 4.15913 57.6655 -16.725
      vertex 2.07956 57.9577 -19.025
      vertex 2.01865 57.6712 -19.025
    endloop
  endfacet
  facet normal 0.025739 0.738857 0.673371
    outer loop
      vertex 0.146578 54.0526 -16.725
      vertex 0.0732889 56.1513 -19.025
      vertex -0.439019 54.073 -16.725
    endloop
  endfacet
  facet normal 0.413539 -0.61284 0.673359
    outer loop
      vertex -1.29289 59.9048 -19.025
      vertex -1.05 60.0687 -19.025
      vertex -2.1 61.8873 -16.725
    endloop
  endfacet
  facet normal 0.710666 -0.203763 0.673375
    outer loop
      vertex -4.10822 59.1232 -16.725
      vertex -1.97335 58.9682 -19.025
      vertex -3.94671 59.6865 -16.725
    endloop
  endfacet
  facet normal 0.710658 -0.203809 0.67337
    outer loop
      vertex -1.97335 58.9682 -19.025
      vertex -4.10822 59.1232 -16.725
      vertex -2.05411 58.6866 -19.025
    endloop
  endfacet
  facet normal -0.455198 0.582548 0.673374
    outer loop
      vertex 2.34861 54.768 -16.725
      vertex 2.81035 55.1288 -16.725
      vertex 1.40517 56.6894 -19.025
    endloop
  endfacet
  facet normal 0.566358 -0.475191 0.673374
    outer loop
      vertex -1.51061 59.7088 -19.025
      vertex -3.02123 61.1676 -16.725
      vertex -3.39787 60.7187 -16.725
    endloop
  endfacet
  facet normal -0.276948 -0.685481 0.673361
    outer loop
      vertex 1.84116 62.0249 -16.725
      vertex 1.29787 62.2444 -16.725
      vertex 0.920579 60.1375 -19.025
    endloop
  endfacet
  facet normal -0.652771 0.347064 0.673377
    outer loop
      vertex 3.5618 56.0243 -16.725
      vertex 3.83689 56.5417 -16.725
      vertex 1.7809 57.1372 -19.025
    endloop
  endfacet
  facet normal -0.0772176 0.735261 0.673371
    outer loop
      vertex 0.146578 54.0526 -16.725
      vertex 0.729321 54.1138 -16.725
      vertex 0.0732889 56.1513 -19.025
    endloop
  endfacet
  facet normal 0.0257391 -0.738857 0.673371
    outer loop
      vertex -0.219509 60.3385 -19.025
      vertex 0.0732889 60.3487 -19.025
      vertex -0.439019 62.427 -16.725
    endloop
  endfacet
  facet normal -0.455198 0.582548 0.673374
    outer loop
      vertex 2.34861 54.768 -16.725
      vertex 1.40517 56.6894 -19.025
      vertex 1.1743 56.509 -19.025
    endloop
  endfacet
  facet normal 0.566358 0.475191 0.673374
    outer loop
      vertex -3.02123 55.3324 -16.725
      vertex -1.51061 56.7912 -19.025
      vertex -3.39787 55.7813 -16.725
    endloop
  endfacet
  facet normal -0.531813 0.513569 0.673366
    outer loop
      vertex 1.60869 56.9001 -19.025
      vertex 2.81035 55.1288 -16.725
      vertex 3.21739 55.5503 -16.725
    endloop
  endfacet
  facet normal -0.531746 0.513626 0.673375
    outer loop
      vertex 2.81035 55.1288 -16.725
      vertex 1.60869 56.9001 -19.025
      vertex 1.40517 56.6894 -19.025
    endloop
  endfacet
  facet normal 0.626923 -0.391827 0.673378
    outer loop
      vertex -3.39787 60.7187 -16.725
      vertex -1.85419 59.2359 -19.025
      vertex -1.69894 59.4843 -19.025
    endloop
  endfacet
  facet normal 0.626958 -0.391782 0.673373
    outer loop
      vertex -1.85419 59.2359 -19.025
      vertex -3.39787 60.7187 -16.725
      vertex -3.70838 60.2218 -16.725
    endloop
  endfacet
  facet normal -0.0772176 -0.735261 0.673371
    outer loop
      vertex 0.729321 62.3862 -16.725
      vertex 0.146578 62.4474 -16.725
      vertex 0.0732889 60.3487 -19.025
    endloop
  endfacet
  facet normal 0.324129 -0.66447 0.673365
    outer loop
      vertex -1.05 60.0687 -19.025
      vertex -1.57335 62.1442 -16.725
      vertex -2.1 61.8873 -16.725
    endloop
  endfacet
  facet normal 0.0257391 0.738857 0.673371
    outer loop
      vertex 0.0732889 56.1513 -19.025
      vertex -0.219509 56.1615 -19.025
      vertex -0.439019 54.073 -16.725
    endloop
  endfacet
  facet normal -0.737502 0.0515722 0.673373
    outer loop
      vertex 4.15913 57.6655 -16.725
      vertex 2.1 58.25 -19.025
      vertex 2.07956 57.9577 -19.025
    endloop
  endfacet
  facet normal 0.626923 0.391827 0.673378
    outer loop
      vertex -1.85419 57.2641 -19.025
      vertex -3.39787 55.7813 -16.725
      vertex -1.69894 57.0157 -19.025
    endloop
  endfacet
  facet normal 0.626958 0.391782 0.673373
    outer loop
      vertex -3.39787 55.7813 -16.725
      vertex -1.85419 57.2641 -19.025
      vertex -3.70838 56.2782 -16.725
    endloop
  endfacet
  facet normal -0.178907 -0.717331 0.673371
    outer loop
      vertex 0.648935 60.2472 -19.025
      vertex 1.29787 62.2444 -16.725
      vertex 0.36466 60.3181 -19.025
    endloop
  endfacet
  facet normal 0.739303 0 0.673373
    outer loop
      vertex -4.18977 58.543 -16.725
      vertex -2.09488 58.1035 -19.025
      vertex -2.09488 58.3965 -19.025
    endloop
  endfacet
  facet normal 0.739303 0 0.673373
    outer loop
      vertex -2.09488 58.1035 -19.025
      vertex -4.18977 58.543 -16.725
      vertex -4.18977 57.957 -16.725
    endloop
  endfacet
  facet normal 0.732107 0.102901 0.673372
    outer loop
      vertex -4.10822 57.3768 -16.725
      vertex -2.05411 57.8134 -19.025
      vertex -4.18977 57.957 -16.725
    endloop
  endfacet
  facet normal 0.12844 0.728063 0.673371
    outer loop
      vertex -0.439019 54.073 -16.725
      vertex -0.219509 56.1615 -19.025
      vertex -0.508036 56.2124 -19.025
    endloop
  endfacet
  facet normal 0.413447 0.61289 0.67337
    outer loop
      vertex -2.1 54.6127 -16.725
      vertex -1.29289 56.5952 -19.025
      vertex -2.58578 54.9404 -16.725
    endloop
  endfacet
  facet normal -0.598088 0.434572 0.673378
    outer loop
      vertex 1.7809 57.1372 -19.025
      vertex 3.21739 55.5503 -16.725
      vertex 3.5618 56.0243 -16.725
    endloop
  endfacet
  facet normal -0.598179 0.434468 0.673364
    outer loop
      vertex 3.21739 55.5503 -16.725
      vertex 1.7809 57.1372 -19.025
      vertex 1.60869 56.9001 -19.025
    endloop
  endfacet
  facet normal -0.178907 0.717331 0.673371
    outer loop
      vertex 0.729321 54.1138 -16.725
      vertex 1.29787 54.2556 -16.725
      vertex 0.36466 56.1819 -19.025
    endloop
  endfacet
  facet normal -0.0772177 0.735261 0.673371
    outer loop
      vertex 0.729321 54.1138 -16.725
      vertex 0.36466 56.1819 -19.025
      vertex 0.0732889 56.1513 -19.025
    endloop
  endfacet
  facet normal -0.723148 0.153701 0.673374
    outer loop
      vertex 4.0373 57.0923 -16.725
      vertex 4.15913 57.6655 -16.725
      vertex 2.01865 57.6712 -19.025
    endloop
  endfacet
  facet normal -0.276836 -0.685515 0.673373
    outer loop
      vertex 0.920579 60.1375 -19.025
      vertex 1.29787 62.2444 -16.725
      vertex 0.648935 60.2472 -19.025
    endloop
  endfacet
  facet normal 0.675387 -0.300701 0.673373
    outer loop
      vertex -3.94671 59.6865 -16.725
      vertex -1.85419 59.2359 -19.025
      vertex -3.70838 60.2218 -16.725
    endloop
  endfacet
  facet normal 0.675408 -0.300641 0.673379
    outer loop
      vertex -1.85419 59.2359 -19.025
      vertex -3.94671 59.6865 -16.725
      vertex -1.97335 58.9682 -19.025
    endloop
  endfacet
  facet normal 0.566393 -0.47514 0.67338
    outer loop
      vertex -1.69894 59.4843 -19.025
      vertex -1.51061 59.7088 -19.025
      vertex -3.39787 60.7187 -16.725
    endloop
  endfacet
  facet normal 0.128441 -0.728063 0.673371
    outer loop
      vertex -0.508036 60.2876 -19.025
      vertex -0.439019 62.427 -16.725
      vertex -1.01607 62.3252 -16.725
    endloop
  endfacet
  facet normal 0.710658 0.203809 0.67337
    outer loop
      vertex -4.10822 57.3768 -16.725
      vertex -1.97335 57.5318 -19.025
      vertex -2.05411 57.8134 -19.025
    endloop
  endfacet
  facet normal 0.710666 0.203763 0.673375
    outer loop
      vertex -1.97335 57.5318 -19.025
      vertex -4.10822 57.3768 -16.725
      vertex -3.94671 56.8135 -16.725
    endloop
  endfacet
  facet normal 0.12844 -0.728063 0.673371
    outer loop
      vertex -0.219509 60.3385 -19.025
      vertex -0.439019 62.427 -16.725
      vertex -0.508036 60.2876 -19.025
    endloop
  endfacet
  facet normal 0.494641 0.549455 0.673372
    outer loop
      vertex -1.51061 56.7912 -19.025
      vertex -2.58578 54.9404 -16.725
      vertex -1.29289 56.5952 -19.025
    endloop
  endfacet
  facet normal 0.494634 0.54946 0.673373
    outer loop
      vertex -2.58578 54.9404 -16.725
      vertex -1.51061 56.7912 -19.025
      vertex -3.02123 55.3324 -16.725
    endloop
  endfacet
  facet normal -0.369583 0.640303 0.673365
    outer loop
      vertex 1.84116 54.4751 -16.725
      vertex 2.34861 54.768 -16.725
      vertex 0.920579 56.3625 -19.025
    endloop
  endfacet
  facet normal -0.652771 -0.347064 0.673377
    outer loop
      vertex 3.83689 59.9583 -16.725
      vertex 3.5618 60.4757 -16.725
      vertex 1.7809 59.3628 -19.025
    endloop
  endfacet
  facet normal 0.413447 -0.61289 0.67337
    outer loop
      vertex -1.29289 59.9048 -19.025
      vertex -2.1 61.8873 -16.725
      vertex -2.58578 61.5596 -16.725
    endloop
  endfacet
  facet normal 0.228376 -0.703146 0.673372
    outer loop
      vertex -0.786674 60.1971 -19.025
      vertex -1.01607 62.3252 -16.725
      vertex -1.57335 62.1442 -16.725
    endloop
  endfacet
  facet normal 0.228378 -0.703146 0.673371
    outer loop
      vertex -1.01607 62.3252 -16.725
      vertex -0.786674 60.1971 -19.025
      vertex -0.508036 60.2876 -19.025
    endloop
  endfacet
  facet normal 0.413539 0.61284 0.673359
    outer loop
      vertex -1.05 56.4313 -19.025
      vertex -1.29289 56.5952 -19.025
      vertex -2.1 54.6127 -16.725
    endloop
  endfacet
  facet normal -0.276836 0.685515 0.673373
    outer loop
      vertex 1.29787 54.2556 -16.725
      vertex 0.920579 56.3625 -19.025
      vertex 0.648935 56.2528 -19.025
    endloop
  endfacet
  facet normal 0.732108 -0.102889 0.673373
    outer loop
      vertex -2.09488 58.3965 -19.025
      vertex -2.05411 58.6866 -19.025
      vertex -4.18977 58.543 -16.725
    endloop
  endfacet
  facet normal 0.494641 -0.549455 0.673372
    outer loop
      vertex -2.58578 61.5596 -16.725
      vertex -1.51061 59.7088 -19.025
      vertex -1.29289 59.9048 -19.025
    endloop
  endfacet
  facet normal 0.494634 -0.54946 0.673373
    outer loop
      vertex -1.51061 59.7088 -19.025
      vertex -2.58578 61.5596 -16.725
      vertex -3.02123 61.1676 -16.725
    endloop
  endfacet
  facet normal -0.652775 -0.347053 0.673378
    outer loop
      vertex 1.91844 59.1041 -19.025
      vertex 3.83689 59.9583 -16.725
      vertex 1.7809 59.3628 -19.025
    endloop
  endfacet
  facet normal -0.276948 0.685481 0.673361
    outer loop
      vertex 1.29787 54.2556 -16.725
      vertex 1.84116 54.4751 -16.725
      vertex 0.920579 56.3625 -19.025
    endloop
  endfacet
  facet normal 0.324021 0.66451 0.673377
    outer loop
      vertex -0.786674 56.3029 -19.025
      vertex -1.05 56.4313 -19.025
      vertex -1.57335 54.3558 -16.725
    endloop
  endfacet
  facet normal 0.732107 -0.102901 0.673372
    outer loop
      vertex -2.05411 58.6866 -19.025
      vertex -4.10822 59.1232 -16.725
      vertex -4.18977 58.543 -16.725
    endloop
  endfacet
  facet normal 0.228378 0.703146 0.673371
    outer loop
      vertex -0.786674 56.3029 -19.025
      vertex -1.01607 54.1748 -16.725
      vertex -0.508036 56.2124 -19.025
    endloop
  endfacet
  facet normal 0.228376 0.703146 0.673372
    outer loop
      vertex -1.01607 54.1748 -16.725
      vertex -0.786674 56.3029 -19.025
      vertex -1.57335 54.3558 -16.725
    endloop
  endfacet
  facet normal 0 0 -1
    outer loop
      vertex 3 58.25 -16.725
      vertex 4.2 58.25 -16.725
      vertex 4.15913 57.6655 -16.725
    endloop
  endfacet
  facet normal 0 0 -1
    outer loop
      vertex 2.9708 57.8325 -16.725
      vertex 4.15913 57.6655 -16.725
      vertex 4.0373 57.0923 -16.725
    endloop
  endfacet
  facet normal 0 0 -1
    outer loop
      vertex 4.2 58.25 -16.725
      vertex 3 58.25 -16.725
      vertex 4.15913 58.8345 -16.725
    endloop
  endfacet
  facet normal 0 0 -1
    outer loop
      vertex 2.88378 57.4231 -16.725
      vertex 4.0373 57.0923 -16.725
      vertex 3.83689 56.5417 -16.725
    endloop
  endfacet
  facet normal 0 0 -1
    outer loop
      vertex 2.9708 58.6675 -16.725
      vertex 4.15913 58.8345 -16.725
      vertex 3 58.25 -16.725
    endloop
  endfacet
  facet normal 0 0 -1
    outer loop
      vertex 2.74064 57.0298 -16.725
      vertex 3.83689 56.5417 -16.725
      vertex 3.5618 56.0243 -16.725
    endloop
  endfacet
  facet normal -0 0 -1
    outer loop
      vertex 4.15913 58.8345 -16.725
      vertex 2.9708 58.6675 -16.725
      vertex 4.0373 59.4077 -16.725
    endloop
  endfacet
  facet normal 0 0 -1
    outer loop
      vertex 2.54414 56.6602 -16.725
      vertex 3.5618 56.0243 -16.725
      vertex 3.21739 55.5503 -16.725
    endloop
  endfacet
  facet normal 0 0 -1
    outer loop
      vertex 2.88378 59.0769 -16.725
      vertex 4.0373 59.4077 -16.725
      vertex 2.9708 58.6675 -16.725
    endloop
  endfacet
  facet normal -0 0 -1
    outer loop
      vertex 4.0373 59.4077 -16.725
      vertex 2.88378 59.0769 -16.725
      vertex 3.83689 59.9583 -16.725
    endloop
  endfacet
  facet normal 0 0 -1
    outer loop
      vertex 4.15913 57.6655 -16.725
      vertex 2.9708 57.8325 -16.725
      vertex 3 58.25 -16.725
    endloop
  endfacet
  facet normal 0 0 -1
    outer loop
      vertex 4.0373 57.0923 -16.725
      vertex 2.88378 57.4231 -16.725
      vertex 2.9708 57.8325 -16.725
    endloop
  endfacet
  facet normal 0 0 -1
    outer loop
      vertex 2.29813 56.3216 -16.725
      vertex 3.21739 55.5503 -16.725
      vertex 2.81035 55.1288 -16.725
    endloop
  endfacet
  facet normal 0 0 -1
    outer loop
      vertex 3.83689 56.5417 -16.725
      vertex 2.74064 57.0298 -16.725
      vertex 2.88378 57.4231 -16.725
    endloop
  endfacet
  facet normal 0 0 -1
    outer loop
      vertex 3.5618 56.0243 -16.725
      vertex 2.54414 56.6602 -16.725
      vertex 2.74064 57.0298 -16.725
    endloop
  endfacet
  facet normal 0 0 -1
    outer loop
      vertex 2.00739 56.0206 -16.725
      vertex 2.81035 55.1288 -16.725
      vertex 2.34861 54.768 -16.725
    endloop
  endfacet
  facet normal 0 0 -1
    outer loop
      vertex 3.21739 55.5503 -16.725
      vertex 2.29813 56.3216 -16.725
      vertex 2.54414 56.6602 -16.725
    endloop
  endfacet
  facet normal 0 0 -1
    outer loop
      vertex 2.81035 55.1288 -16.725
      vertex 2.00739 56.0206 -16.725
      vertex 2.29813 56.3216 -16.725
    endloop
  endfacet
  facet normal 0 0 -1
    outer loop
      vertex 1.67758 55.7629 -16.725
      vertex 2.34861 54.768 -16.725
      vertex 1.84116 54.4751 -16.725
    endloop
  endfacet
  facet normal 0 0 -1
    outer loop
      vertex 2.34861 54.768 -16.725
      vertex 1.67758 55.7629 -16.725
      vertex 2.00739 56.0206 -16.725
    endloop
  endfacet
  facet normal 0 0 -1
    outer loop
      vertex 1.84116 54.4751 -16.725
      vertex 1.31511 55.5536 -16.725
      vertex 1.67758 55.7629 -16.725
    endloop
  endfacet
  facet normal 0 0 -1
    outer loop
      vertex 1.29787 54.2556 -16.725
      vertex 1.31511 55.5536 -16.725
      vertex 1.84116 54.4751 -16.725
    endloop
  endfacet
  facet normal 0 0 -1
    outer loop
      vertex 1.29787 54.2556 -16.725
      vertex 0.927051 55.3968 -16.725
      vertex 1.31511 55.5536 -16.725
    endloop
  endfacet
  facet normal 0 0 -1
    outer loop
      vertex 0.729321 54.1138 -16.725
      vertex 0.927051 55.3968 -16.725
      vertex 1.29787 54.2556 -16.725
    endloop
  endfacet
  facet normal 0 0 -1
    outer loop
      vertex 0.729321 54.1138 -16.725
      vertex 0.520944 55.2956 -16.725
      vertex 0.927051 55.3968 -16.725
    endloop
  endfacet
  facet normal 0 0 -1
    outer loop
      vertex 0.146578 54.0526 -16.725
      vertex 0.520944 55.2956 -16.725
      vertex 0.729321 54.1138 -16.725
    endloop
  endfacet
  facet normal 0 0 -1
    outer loop
      vertex 0.146578 54.0526 -16.725
      vertex 0.104698 55.2518 -16.725
      vertex 0.520944 55.2956 -16.725
    endloop
  endfacet
  facet normal 0 0 -1
    outer loop
      vertex 0.146578 54.0526 -16.725
      vertex -0.313585 55.2664 -16.725
      vertex 0.104698 55.2518 -16.725
    endloop
  endfacet
  facet normal 0 0 -1
    outer loop
      vertex -0.439019 54.073 -16.725
      vertex -0.313585 55.2664 -16.725
      vertex 0.146578 54.0526 -16.725
    endloop
  endfacet
  facet normal 0 0 -1
    outer loop
      vertex -0.439019 54.073 -16.725
      vertex -0.725765 55.3391 -16.725
      vertex -0.313585 55.2664 -16.725
    endloop
  endfacet
  facet normal 0 0 -1
    outer loop
      vertex -1.01607 54.1748 -16.725
      vertex -0.725765 55.3391 -16.725
      vertex -0.439019 54.073 -16.725
    endloop
  endfacet
  facet normal 0 0 -1
    outer loop
      vertex -1.01607 54.1748 -16.725
      vertex -1.12382 55.4684 -16.725
      vertex -0.725765 55.3391 -16.725
    endloop
  endfacet
  facet normal 0 0 -1
    outer loop
      vertex -1.57335 54.3558 -16.725
      vertex -1.12382 55.4684 -16.725
      vertex -1.01607 54.1748 -16.725
    endloop
  endfacet
  facet normal -0 0 -1
    outer loop
      vertex -1.12382 55.4684 -16.725
      vertex -1.57335 54.3558 -16.725
      vertex -1.5 55.6519 -16.725
    endloop
  endfacet
  facet normal 0 0 -1
    outer loop
      vertex -2.1 54.6127 -16.725
      vertex -1.5 55.6519 -16.725
      vertex -1.57335 54.3558 -16.725
    endloop
  endfacet
  facet normal -0 0 -1
    outer loop
      vertex -1.5 55.6519 -16.725
      vertex -2.1 54.6127 -16.725
      vertex -1.84698 55.886 -16.725
    endloop
  endfacet
  facet normal 0 0 -1
    outer loop
      vertex -2.58578 54.9404 -16.725
      vertex -1.84698 55.886 -16.725
      vertex -2.1 54.6127 -16.725
    endloop
  endfacet
  facet normal -0 0 -1
    outer loop
      vertex -1.84698 55.886 -16.725
      vertex -2.58578 54.9404 -16.725
      vertex -2.15802 56.166 -16.725
    endloop
  endfacet
  facet normal 0 0 -1
    outer loop
      vertex -3.02123 55.3324 -16.725
      vertex -2.15802 56.166 -16.725
      vertex -2.58578 54.9404 -16.725
    endloop
  endfacet
  facet normal -0 0 -1
    outer loop
      vertex -2.15802 56.166 -16.725
      vertex -3.02123 55.3324 -16.725
      vertex -2.42705 56.4866 -16.725
    endloop
  endfacet
  facet normal 0 0 -1
    outer loop
      vertex -3.39787 55.7813 -16.725
      vertex -2.42705 56.4866 -16.725
      vertex -3.02123 55.3324 -16.725
    endloop
  endfacet
  facet normal -0 0 -1
    outer loop
      vertex -2.42705 56.4866 -16.725
      vertex -3.39787 55.7813 -16.725
      vertex -2.64884 56.8416 -16.725
    endloop
  endfacet
  facet normal 0 0 -1
    outer loop
      vertex -3.70838 56.2782 -16.725
      vertex -2.64884 56.8416 -16.725
      vertex -3.39787 55.7813 -16.725
    endloop
  endfacet
  facet normal 0 0 -1
    outer loop
      vertex -3.94671 56.8135 -16.725
      vertex -2.81908 57.2239 -16.725
      vertex -3.70838 56.2782 -16.725
    endloop
  endfacet
  facet normal -0 0 -1
    outer loop
      vertex -2.64884 56.8416 -16.725
      vertex -3.70838 56.2782 -16.725
      vertex -2.81908 57.2239 -16.725
    endloop
  endfacet
  facet normal 0 0 -1
    outer loop
      vertex 2.74064 59.4702 -16.725
      vertex 3.83689 59.9583 -16.725
      vertex 2.88378 59.0769 -16.725
    endloop
  endfacet
  facet normal -0 0 -1
    outer loop
      vertex 3.83689 59.9583 -16.725
      vertex 2.74064 59.4702 -16.725
      vertex 3.5618 60.4757 -16.725
    endloop
  endfacet
  facet normal 0 0 -1
    outer loop
      vertex 2.54414 59.8398 -16.725
      vertex 3.5618 60.4757 -16.725
      vertex 2.74064 59.4702 -16.725
    endloop
  endfacet
  facet normal -0 0 -1
    outer loop
      vertex 3.5618 60.4757 -16.725
      vertex 2.54414 59.8398 -16.725
      vertex 3.21739 60.9497 -16.725
    endloop
  endfacet
  facet normal 0 0 -1
    outer loop
      vertex 2.29813 60.1784 -16.725
      vertex 3.21739 60.9497 -16.725
      vertex 2.54414 59.8398 -16.725
    endloop
  endfacet
  facet normal -0 0 -1
    outer loop
      vertex 3.21739 60.9497 -16.725
      vertex 2.29813 60.1784 -16.725
      vertex 2.81035 61.3712 -16.725
    endloop
  endfacet
  facet normal 0 0 -1
    outer loop
      vertex 2.00739 60.4794 -16.725
      vertex 2.81035 61.3712 -16.725
      vertex 2.29813 60.1784 -16.725
    endloop
  endfacet
  facet normal -0 0 -1
    outer loop
      vertex 2.81035 61.3712 -16.725
      vertex 2.00739 60.4794 -16.725
      vertex 2.34861 61.732 -16.725
    endloop
  endfacet
  facet normal 0 0 -1
    outer loop
      vertex 1.67758 60.7371 -16.725
      vertex 2.34861 61.732 -16.725
      vertex 2.00739 60.4794 -16.725
    endloop
  endfacet
  facet normal -0 0 -1
    outer loop
      vertex 2.34861 61.732 -16.725
      vertex 1.67758 60.7371 -16.725
      vertex 1.84116 62.0249 -16.725
    endloop
  endfacet
  facet normal 0 0 -1
    outer loop
      vertex 1.31511 60.9464 -16.725
      vertex 1.84116 62.0249 -16.725
      vertex 1.67758 60.7371 -16.725
    endloop
  endfacet
  facet normal 0 0 -1
    outer loop
      vertex 1.31511 60.9464 -16.725
      vertex 1.29787 62.2444 -16.725
      vertex 1.84116 62.0249 -16.725
    endloop
  endfacet
  facet normal 0 0 -1
    outer loop
      vertex 0.927051 61.1032 -16.725
      vertex 1.29787 62.2444 -16.725
      vertex 1.31511 60.9464 -16.725
    endloop
  endfacet
  facet normal 0 0 -1
    outer loop
      vertex 0.927051 61.1032 -16.725
      vertex 0.729321 62.3862 -16.725
      vertex 1.29787 62.2444 -16.725
    endloop
  endfacet
  facet normal 0 0 -1
    outer loop
      vertex 0.520944 61.2044 -16.725
      vertex 0.729321 62.3862 -16.725
      vertex 0.927051 61.1032 -16.725
    endloop
  endfacet
  facet normal 0 0 -1
    outer loop
      vertex 0.520944 61.2044 -16.725
      vertex 0.146578 62.4474 -16.725
      vertex 0.729321 62.3862 -16.725
    endloop
  endfacet
  facet normal 0 0 -1
    outer loop
      vertex 0.104698 61.2482 -16.725
      vertex 0.146578 62.4474 -16.725
      vertex 0.520944 61.2044 -16.725
    endloop
  endfacet
  facet normal 0 0 -1
    outer loop
      vertex -0.313585 61.2336 -16.725
      vertex 0.146578 62.4474 -16.725
      vertex 0.104698 61.2482 -16.725
    endloop
  endfacet
  facet normal 0 0 -1
    outer loop
      vertex -0.313585 61.2336 -16.725
      vertex -0.439019 62.427 -16.725
      vertex 0.146578 62.4474 -16.725
    endloop
  endfacet
  facet normal 0 0 -1
    outer loop
      vertex -0.725765 61.1609 -16.725
      vertex -0.439019 62.427 -16.725
      vertex -0.313585 61.2336 -16.725
    endloop
  endfacet
  facet normal 0 0 -1
    outer loop
      vertex -0.725765 61.1609 -16.725
      vertex -1.01607 62.3252 -16.725
      vertex -0.439019 62.427 -16.725
    endloop
  endfacet
  facet normal 0 0 -1
    outer loop
      vertex -1.12382 61.0316 -16.725
      vertex -1.01607 62.3252 -16.725
      vertex -0.725765 61.1609 -16.725
    endloop
  endfacet
  facet normal 0 0 -1
    outer loop
      vertex -1.57335 62.1442 -16.725
      vertex -1.12382 61.0316 -16.725
      vertex -1.5 60.8481 -16.725
    endloop
  endfacet
  facet normal 0 0 -1
    outer loop
      vertex -1.12382 61.0316 -16.725
      vertex -1.57335 62.1442 -16.725
      vertex -1.01607 62.3252 -16.725
    endloop
  endfacet
  facet normal 0 0 -1
    outer loop
      vertex -2.1 61.8873 -16.725
      vertex -1.5 60.8481 -16.725
      vertex -1.84698 60.614 -16.725
    endloop
  endfacet
  facet normal 0 0 -1
    outer loop
      vertex -1.5 60.8481 -16.725
      vertex -2.1 61.8873 -16.725
      vertex -1.57335 62.1442 -16.725
    endloop
  endfacet
  facet normal 0 0 -1
    outer loop
      vertex -2.58578 61.5596 -16.725
      vertex -1.84698 60.614 -16.725
      vertex -2.15802 60.334 -16.725
    endloop
  endfacet
  facet normal 0 0 -1
    outer loop
      vertex -3.02123 61.1676 -16.725
      vertex -2.15802 60.334 -16.725
      vertex -2.42705 60.0134 -16.725
    endloop
  endfacet
  facet normal 0 0 -1
    outer loop
      vertex -1.84698 60.614 -16.725
      vertex -2.58578 61.5596 -16.725
      vertex -2.1 61.8873 -16.725
    endloop
  endfacet
  facet normal 0 0 -1
    outer loop
      vertex -3.39787 60.7187 -16.725
      vertex -2.42705 60.0134 -16.725
      vertex -2.64884 59.6584 -16.725
    endloop
  endfacet
  facet normal 0 0 -1
    outer loop
      vertex -3.70838 60.2218 -16.725
      vertex -2.64884 59.6584 -16.725
      vertex -2.81908 59.2761 -16.725
    endloop
  endfacet
  facet normal 0 0 -1
    outer loop
      vertex -3.94671 59.6865 -16.725
      vertex -2.81908 59.2761 -16.725
      vertex -2.93444 58.8737 -16.725
    endloop
  endfacet
  facet normal 0 0 -1
    outer loop
      vertex -4.10822 59.1232 -16.725
      vertex -2.93444 58.8737 -16.725
      vertex -2.99269 58.4593 -16.725
    endloop
  endfacet
  facet normal 0 0 -1
    outer loop
      vertex -2.15802 60.334 -16.725
      vertex -3.02123 61.1676 -16.725
      vertex -2.58578 61.5596 -16.725
    endloop
  endfacet
  facet normal -0 0 -1
    outer loop
      vertex -2.81908 57.2239 -16.725
      vertex -3.94671 56.8135 -16.725
      vertex -2.93444 57.6263 -16.725
    endloop
  endfacet
  facet normal 0 0 -1
    outer loop
      vertex -4.10822 57.3768 -16.725
      vertex -2.93444 57.6263 -16.725
      vertex -3.94671 56.8135 -16.725
    endloop
  endfacet
  facet normal 0 0 -1
    outer loop
      vertex -2.42705 60.0134 -16.725
      vertex -3.39787 60.7187 -16.725
      vertex -3.02123 61.1676 -16.725
    endloop
  endfacet
  facet normal -0 0 -1
    outer loop
      vertex -2.93444 57.6263 -16.725
      vertex -4.10822 57.3768 -16.725
      vertex -2.99269 58.0407 -16.725
    endloop
  endfacet
  facet normal 0 0 -1
    outer loop
      vertex -2.64884 59.6584 -16.725
      vertex -3.70838 60.2218 -16.725
      vertex -3.39787 60.7187 -16.725
    endloop
  endfacet
  facet normal 0 0 -1
    outer loop
      vertex -4.18977 57.957 -16.725
      vertex -2.99269 58.0407 -16.725
      vertex -4.10822 57.3768 -16.725
    endloop
  endfacet
  facet normal 0 0 -1
    outer loop
      vertex -2.81908 59.2761 -16.725
      vertex -3.94671 59.6865 -16.725
      vertex -3.70838 60.2218 -16.725
    endloop
  endfacet
  facet normal -0 0 -1
    outer loop
      vertex -2.99269 58.0407 -16.725
      vertex -4.18977 57.957 -16.725
      vertex -2.99269 58.4593 -16.725
    endloop
  endfacet
  facet normal 0 0 -1
    outer loop
      vertex -2.93444 58.8737 -16.725
      vertex -4.10822 59.1232 -16.725
      vertex -3.94671 59.6865 -16.725
    endloop
  endfacet
  facet normal 0 0 -1
    outer loop
      vertex -4.18977 58.543 -16.725
      vertex -2.99269 58.4593 -16.725
      vertex -4.18977 57.957 -16.725
    endloop
  endfacet
  facet normal 0 0 -1
    outer loop
      vertex -2.99269 58.4593 -16.725
      vertex -4.18977 58.543 -16.725
      vertex -4.10822 59.1232 -16.725
    endloop
  endfacet
  facet normal -0.694712 -0.252865 0.673376
    outer loop
      vertex 4.0373 59.4077 -16.725
      vertex 3.83689 59.9583 -16.725
      vertex 2.01865 58.8288 -19.025
    endloop
  endfacet
  facet normal 0.675408 0.300641 0.673379
    outer loop
      vertex -3.94671 56.8135 -16.725
      vertex -1.85419 57.2641 -19.025
      vertex -1.97335 57.5318 -19.025
    endloop
  endfacet
  facet normal 0.675387 0.300701 0.673373
    outer loop
      vertex -1.85419 57.2641 -19.025
      vertex -3.94671 56.8135 -16.725
      vertex -3.70838 56.2782 -16.725
    endloop
  endfacet
  facet normal -0.178907 -0.717331 0.673371
    outer loop
      vertex 1.29787 62.2444 -16.725
      vertex 0.729321 62.3862 -16.725
      vertex 0.36466 60.3181 -19.025
    endloop
  endfacet
  facet normal -0.455198 -0.582548 0.673374
    outer loop
      vertex 1.40517 59.8106 -19.025
      vertex 2.34861 61.732 -16.725
      vertex 1.1743 59.991 -19.025
    endloop
  endfacet
  facet normal -0.531813 -0.513569 0.673366
    outer loop
      vertex 2.81035 61.3712 -16.725
      vertex 1.60869 59.5999 -19.025
      vertex 3.21739 60.9497 -16.725
    endloop
  endfacet
  facet normal -0.531746 -0.513626 0.673375
    outer loop
      vertex 1.60869 59.5999 -19.025
      vertex 2.81035 61.3712 -16.725
      vertex 1.40517 59.8106 -19.025
    endloop
  endfacet
  facet normal -0.598088 -0.434572 0.673378
    outer loop
      vertex 3.21739 60.9497 -16.725
      vertex 1.7809 59.3628 -19.025
      vertex 3.5618 60.4757 -16.725
    endloop
  endfacet
  facet normal -0.598179 -0.434468 0.673364
    outer loop
      vertex 1.7809 59.3628 -19.025
      vertex 3.21739 60.9497 -16.725
      vertex 1.60869 59.5999 -19.025
    endloop
  endfacet
  facet normal -0.369676 -0.640237 0.673377
    outer loop
      vertex 1.1743 59.991 -19.025
      vertex 2.34861 61.732 -16.725
      vertex 0.920579 60.1375 -19.025
    endloop
  endfacet
  facet normal -0.723148 -0.153701 0.673374
    outer loop
      vertex 4.15913 58.8345 -16.725
      vertex 4.0373 59.4077 -16.725
      vertex 2.01865 58.8288 -19.025
    endloop
  endfacet
  facet normal -0.723144 -0.153741 0.67337
    outer loop
      vertex 2.07956 58.5423 -19.025
      vertex 4.15913 58.8345 -16.725
      vertex 2.01865 58.8288 -19.025
    endloop
  endfacet
  facet normal -0.694707 -0.252875 0.673377
    outer loop
      vertex 2.01865 58.8288 -19.025
      vertex 3.83689 59.9583 -16.725
      vertex 1.91844 59.1041 -19.025
    endloop
  endfacet
  facet normal -0.104446 0.994531 0
    outer loop
      vertex 0.36466 56.1819 -19.125
      vertex 0.0732889 56.1513 -19.025
      vertex 0.36466 56.1819 -19.025
    endloop
  endfacet
  facet normal -0.104446 0.994531 0
    outer loop
      vertex 0.0732889 56.1513 -19.025
      vertex 0.36466 56.1819 -19.125
      vertex 0.0732889 56.1513 -19.125
    endloop
  endfacet
  facet normal -0.978139 -0.207953 0
    outer loop
      vertex 2.07956 58.5423 -19.125
      vertex 2.01865 58.8288 -19.025
      vertex 2.01865 58.8288 -19.125
    endloop
  endfacet
  facet normal -0.978139 -0.207953 0
    outer loop
      vertex 2.01865 58.8288 -19.025
      vertex 2.07956 58.5423 -19.125
      vertex 2.07956 58.5423 -19.025
    endloop
  endfacet
  facet normal -0.997564 -0.0697578 0
    outer loop
      vertex 2.1 58.25 -19.125
      vertex 2.07956 58.5423 -19.025
      vertex 2.07956 58.5423 -19.125
    endloop
  endfacet
  facet normal -0.997564 -0.0697578 0
    outer loop
      vertex 2.07956 58.5423 -19.025
      vertex 2.1 58.25 -19.125
      vertex 2.1 58.25 -19.025
    endloop
  endfacet
  facet normal -0.500036 0.866005 0
    outer loop
      vertex 1.1743 56.509 -19.125
      vertex 0.920579 56.3625 -19.025
      vertex 1.1743 56.509 -19.025
    endloop
  endfacet
  facet normal -0.500036 0.866005 0
    outer loop
      vertex 0.920579 56.3625 -19.025
      vertex 1.1743 56.509 -19.125
      vertex 0.920579 56.3625 -19.125
    endloop
  endfacet
  facet normal 0.308909 -0.951092 0
    outer loop
      vertex -0.786674 60.1971 -19.125
      vertex -0.508036 60.2876 -19.025
      vertex -0.786674 60.1971 -19.025
    endloop
  endfacet
  facet normal 0.308909 -0.951092 0
    outer loop
      vertex -0.508036 60.2876 -19.025
      vertex -0.786674 60.1971 -19.125
      vertex -0.508036 60.2876 -19.125
    endloop
  endfacet
  facet normal 0.0348152 -0.999394 0
    outer loop
      vertex -0.219509 60.3385 -19.125
      vertex 0.0732889 60.3487 -19.025
      vertex -0.219509 60.3385 -19.025
    endloop
  endfacet
  facet normal 0.0348152 -0.999394 0
    outer loop
      vertex 0.0732889 60.3487 -19.025
      vertex -0.219509 60.3385 -19.125
      vertex 0.0732889 60.3487 -19.125
    endloop
  endfacet
  facet normal -0.719256 -0.694746 0
    outer loop
      vertex 1.60869 59.5999 -19.125
      vertex 1.40517 59.8106 -19.025
      vertex 1.40517 59.8106 -19.125
    endloop
  endfacet
  facet normal -0.719256 -0.694746 0
    outer loop
      vertex 1.40517 59.8106 -19.025
      vertex 1.60869 59.5999 -19.125
      vertex 1.60869 59.5999 -19.025
    endloop
  endfacet
  facet normal -0.978139 0.207953 0
    outer loop
      vertex 2.01865 57.6712 -19.125
      vertex 2.07956 57.9577 -19.025
      vertex 2.07956 57.9577 -19.125
    endloop
  endfacet
  facet normal -0.978139 0.207953 0
    outer loop
      vertex 2.07956 57.9577 -19.025
      vertex 2.01865 57.6712 -19.125
      vertex 2.01865 57.6712 -19.025
    endloop
  endfacet
  facet normal 0.96125 0.275677 0
    outer loop
      vertex -1.97335 57.5318 -19.025
      vertex -2.05411 57.8134 -19.125
      vertex -2.05411 57.8134 -19.025
    endloop
  endfacet
  facet normal 0.96125 0.275677 0
    outer loop
      vertex -2.05411 57.8134 -19.125
      vertex -1.97335 57.5318 -19.025
      vertex -1.97335 57.5318 -19.125
    endloop
  endfacet
  facet normal 0.913581 -0.406658 0
    outer loop
      vertex -1.97335 58.9682 -19.025
      vertex -1.85419 59.2359 -19.125
      vertex -1.85419 59.2359 -19.025
    endloop
  endfacet
  facet normal 0.913581 -0.406658 0
    outer loop
      vertex -1.85419 59.2359 -19.125
      vertex -1.97335 58.9682 -19.025
      vertex -1.97335 58.9682 -19.125
    endloop
  endfacet
  facet normal -0.615714 -0.78797 0
    outer loop
      vertex 1.1743 59.991 -19.125
      vertex 1.40517 59.8106 -19.025
      vertex 1.1743 59.991 -19.025
    endloop
  endfacet
  facet normal -0.615714 -0.78797 -0
    outer loop
      vertex 1.40517 59.8106 -19.025
      vertex 1.1743 59.991 -19.125
      vertex 1.40517 59.8106 -19.125
    endloop
  endfacet
  facet normal -0.719256 0.694746 0
    outer loop
      vertex 1.40517 56.6894 -19.125
      vertex 1.60869 56.9001 -19.025
      vertex 1.60869 56.9001 -19.125
    endloop
  endfacet
  facet normal -0.719256 0.694746 0
    outer loop
      vertex 1.60869 56.9001 -19.025
      vertex 1.40517 56.6894 -19.125
      vertex 1.40517 56.6894 -19.025
    endloop
  endfacet
  facet normal 0.559354 -0.828929 0
    outer loop
      vertex -1.29289 59.9048 -19.125
      vertex -1.05 60.0687 -19.025
      vertex -1.29289 59.9048 -19.025
    endloop
  endfacet
  facet normal 0.559354 -0.828929 0
    outer loop
      vertex -1.05 60.0687 -19.025
      vertex -1.29289 59.9048 -19.125
      vertex -1.05 60.0687 -19.125
    endloop
  endfacet
  facet normal -0.809103 0.587666 0
    outer loop
      vertex 1.60869 56.9001 -19.125
      vertex 1.7809 57.1372 -19.025
      vertex 1.7809 57.1372 -19.125
    endloop
  endfacet
  facet normal -0.809103 0.587666 0
    outer loop
      vertex 1.7809 57.1372 -19.025
      vertex 1.60869 56.9001 -19.125
      vertex 1.60869 56.9001 -19.025
    endloop
  endfacet
  facet normal 0.990268 0.13917 0
    outer loop
      vertex -2.05411 57.8134 -19.025
      vertex -2.09488 58.1035 -19.125
      vertex -2.09488 58.1035 -19.025
    endloop
  endfacet
  facet normal 0.990268 0.13917 0
    outer loop
      vertex -2.09488 58.1035 -19.125
      vertex -2.05411 57.8134 -19.025
      vertex -2.05411 57.8134 -19.125
    endloop
  endfacet
  facet normal 0.669063 -0.743206 0
    outer loop
      vertex -1.51061 59.7088 -19.125
      vertex -1.29289 59.9048 -19.025
      vertex -1.51061 59.7088 -19.025
    endloop
  endfacet
  facet normal 0.669063 -0.743206 0
    outer loop
      vertex -1.29289 59.9048 -19.025
      vertex -1.51061 59.7088 -19.125
      vertex -1.29289 59.9048 -19.125
    endloop
  endfacet
  facet normal -0.809103 -0.587666 0
    outer loop
      vertex 1.7809 59.3628 -19.125
      vertex 1.60869 59.5999 -19.025
      vertex 1.60869 59.5999 -19.125
    endloop
  endfacet
  facet normal -0.809103 -0.587666 0
    outer loop
      vertex 1.60869 59.5999 -19.025
      vertex 1.7809 59.3628 -19.125
      vertex 1.7809 59.3628 -19.025
    endloop
  endfacet
  facet normal -0.241993 0.970278 0
    outer loop
      vertex 0.648935 56.2528 -19.125
      vertex 0.36466 56.1819 -19.025
      vertex 0.648935 56.2528 -19.025
    endloop
  endfacet
  facet normal -0.241993 0.970278 0
    outer loop
      vertex 0.36466 56.1819 -19.025
      vertex 0.648935 56.2528 -19.125
      vertex 0.36466 56.1819 -19.125
    endloop
  endfacet
  facet normal 0.173731 -0.984793 0
    outer loop
      vertex -0.508036 60.2876 -19.125
      vertex -0.219509 60.3385 -19.025
      vertex -0.508036 60.2876 -19.025
    endloop
  endfacet
  facet normal 0.173731 -0.984793 0
    outer loop
      vertex -0.219509 60.3385 -19.025
      vertex -0.508036 60.2876 -19.125
      vertex -0.219509 60.3385 -19.125
    endloop
  endfacet
  facet normal 0.990268 -0.13917 0
    outer loop
      vertex -2.09488 58.3965 -19.025
      vertex -2.05411 58.6866 -19.125
      vertex -2.05411 58.6866 -19.025
    endloop
  endfacet
  facet normal 0.990268 -0.13917 0
    outer loop
      vertex -2.05411 58.6866 -19.125
      vertex -2.09488 58.3965 -19.025
      vertex -2.09488 58.3965 -19.125
    endloop
  endfacet
  facet normal 0.847998 0.529999 0
    outer loop
      vertex -1.69894 57.0157 -19.025
      vertex -1.85419 57.2641 -19.125
      vertex -1.85419 57.2641 -19.025
    endloop
  endfacet
  facet normal 0.847998 0.529999 0
    outer loop
      vertex -1.85419 57.2641 -19.125
      vertex -1.69894 57.0157 -19.025
      vertex -1.69894 57.0157 -19.125
    endloop
  endfacet
  facet normal -0.374456 -0.927245 0
    outer loop
      vertex 0.648935 60.2472 -19.125
      vertex 0.920579 60.1375 -19.025
      vertex 0.648935 60.2472 -19.025
    endloop
  endfacet
  facet normal -0.374456 -0.927245 -0
    outer loop
      vertex 0.920579 60.1375 -19.025
      vertex 0.648935 60.2472 -19.125
      vertex 0.920579 60.1375 -19.125
    endloop
  endfacet
  facet normal 0.438281 -0.898838 0
    outer loop
      vertex -1.05 60.0687 -19.125
      vertex -0.786674 60.1971 -19.025
      vertex -1.05 60.0687 -19.025
    endloop
  endfacet
  facet normal 0.438281 -0.898838 0
    outer loop
      vertex -0.786674 60.1971 -19.025
      vertex -1.05 60.0687 -19.125
      vertex -0.786674 60.1971 -19.125
    endloop
  endfacet
  facet normal -0.241993 -0.970278 0
    outer loop
      vertex 0.36466 60.3181 -19.125
      vertex 0.648935 60.2472 -19.025
      vertex 0.36466 60.3181 -19.025
    endloop
  endfacet
  facet normal -0.241993 -0.970278 -0
    outer loop
      vertex 0.648935 60.2472 -19.025
      vertex 0.36466 60.3181 -19.125
      vertex 0.648935 60.2472 -19.125
    endloop
  endfacet
  facet normal -0.997564 0.0697578 0
    outer loop
      vertex 2.07956 57.9577 -19.125
      vertex 2.1 58.25 -19.025
      vertex 2.1 58.25 -19.125
    endloop
  endfacet
  facet normal -0.997564 0.0697578 0
    outer loop
      vertex 2.1 58.25 -19.025
      vertex 2.07956 57.9577 -19.125
      vertex 2.07956 57.9577 -19.025
    endloop
  endfacet
  facet normal 0.0348152 0.999394 -0
    outer loop
      vertex 0.0732889 56.1513 -19.125
      vertex -0.219509 56.1615 -19.025
      vertex 0.0732889 56.1513 -19.025
    endloop
  endfacet
  facet normal 0.0348152 0.999394 0
    outer loop
      vertex -0.219509 56.1615 -19.025
      vertex 0.0732889 56.1513 -19.125
      vertex -0.219509 56.1615 -19.125
    endloop
  endfacet
  facet normal -0.615714 0.78797 0
    outer loop
      vertex 1.40517 56.6894 -19.125
      vertex 1.1743 56.509 -19.025
      vertex 1.40517 56.6894 -19.025
    endloop
  endfacet
  facet normal -0.615714 0.78797 0
    outer loop
      vertex 1.1743 56.509 -19.025
      vertex 1.40517 56.6894 -19.125
      vertex 1.1743 56.509 -19.125
    endloop
  endfacet
  facet normal -0.500036 -0.866005 0
    outer loop
      vertex 0.920579 60.1375 -19.125
      vertex 1.1743 59.991 -19.025
      vertex 0.920579 60.1375 -19.025
    endloop
  endfacet
  facet normal -0.500036 -0.866005 -0
    outer loop
      vertex 1.1743 59.991 -19.025
      vertex 0.920579 60.1375 -19.125
      vertex 1.1743 59.991 -19.125
    endloop
  endfacet
  facet normal 0.913581 0.406658 0
    outer loop
      vertex -1.85419 57.2641 -19.025
      vertex -1.97335 57.5318 -19.125
      vertex -1.97335 57.5318 -19.025
    endloop
  endfacet
  facet normal 0.913581 0.406658 0
    outer loop
      vertex -1.97335 57.5318 -19.125
      vertex -1.85419 57.2641 -19.025
      vertex -1.85419 57.2641 -19.125
    endloop
  endfacet
  facet normal -0.939683 0.342047 0
    outer loop
      vertex 1.91844 57.3959 -19.125
      vertex 2.01865 57.6712 -19.025
      vertex 2.01865 57.6712 -19.125
    endloop
  endfacet
  facet normal -0.939683 0.342047 0
    outer loop
      vertex 2.01865 57.6712 -19.025
      vertex 1.91844 57.3959 -19.125
      vertex 1.91844 57.3959 -19.025
    endloop
  endfacet
  facet normal 1 -0 0
    outer loop
      vertex -2.09488 58.1035 -19.025
      vertex -2.09488 58.3965 -19.125
      vertex -2.09488 58.3965 -19.025
    endloop
  endfacet
  facet normal 1 0 0
    outer loop
      vertex -2.09488 58.3965 -19.125
      vertex -2.09488 58.1035 -19.025
      vertex -2.09488 58.1035 -19.125
    endloop
  endfacet
  facet normal 0.96125 -0.275677 0
    outer loop
      vertex -2.05411 58.6866 -19.025
      vertex -1.97335 58.9682 -19.125
      vertex -1.97335 58.9682 -19.025
    endloop
  endfacet
  facet normal 0.96125 -0.275677 0
    outer loop
      vertex -1.97335 58.9682 -19.125
      vertex -2.05411 58.6866 -19.025
      vertex -2.05411 58.6866 -19.125
    endloop
  endfacet
  facet normal -0.882966 -0.469436 0
    outer loop
      vertex 1.91844 59.1041 -19.125
      vertex 1.7809 59.3628 -19.025
      vertex 1.7809 59.3628 -19.125
    endloop
  endfacet
  facet normal -0.882966 -0.469436 0
    outer loop
      vertex 1.7809 59.3628 -19.025
      vertex 1.91844 59.1041 -19.125
      vertex 1.91844 59.1041 -19.025
    endloop
  endfacet
  facet normal -0.939683 -0.342047 0
    outer loop
      vertex 2.01865 58.8288 -19.125
      vertex 1.91844 59.1041 -19.025
      vertex 1.91844 59.1041 -19.125
    endloop
  endfacet
  facet normal -0.939683 -0.342047 0
    outer loop
      vertex 1.91844 59.1041 -19.025
      vertex 2.01865 58.8288 -19.125
      vertex 2.01865 58.8288 -19.025
    endloop
  endfacet
  facet normal -0.882966 0.469436 0
    outer loop
      vertex 1.7809 57.1372 -19.125
      vertex 1.91844 57.3959 -19.025
      vertex 1.91844 57.3959 -19.125
    endloop
  endfacet
  facet normal -0.882966 0.469436 0
    outer loop
      vertex 1.91844 57.3959 -19.025
      vertex 1.7809 57.1372 -19.125
      vertex 1.7809 57.1372 -19.025
    endloop
  endfacet
  facet normal -0.374456 0.927245 0
    outer loop
      vertex 0.920579 56.3625 -19.125
      vertex 0.648935 56.2528 -19.025
      vertex 0.920579 56.3625 -19.025
    endloop
  endfacet
  facet normal -0.374456 0.927245 0
    outer loop
      vertex 0.648935 56.2528 -19.025
      vertex 0.920579 56.3625 -19.125
      vertex 0.648935 56.2528 -19.125
    endloop
  endfacet
  facet normal 0.438281 0.898838 -0
    outer loop
      vertex -0.786674 56.3029 -19.125
      vertex -1.05 56.4313 -19.025
      vertex -0.786674 56.3029 -19.025
    endloop
  endfacet
  facet normal 0.438281 0.898838 0
    outer loop
      vertex -1.05 56.4313 -19.025
      vertex -0.786674 56.3029 -19.125
      vertex -1.05 56.4313 -19.125
    endloop
  endfacet
  facet normal 0.308909 0.951092 -0
    outer loop
      vertex -0.508036 56.2124 -19.125
      vertex -0.786674 56.3029 -19.025
      vertex -0.508036 56.2124 -19.025
    endloop
  endfacet
  facet normal 0.308909 0.951092 0
    outer loop
      vertex -0.786674 56.3029 -19.025
      vertex -0.508036 56.2124 -19.125
      vertex -0.786674 56.3029 -19.125
    endloop
  endfacet
  facet normal 0.173731 0.984793 -0
    outer loop
      vertex -0.219509 56.1615 -19.125
      vertex -0.508036 56.2124 -19.025
      vertex -0.219509 56.1615 -19.025
    endloop
  endfacet
  facet normal 0.173731 0.984793 0
    outer loop
      vertex -0.508036 56.2124 -19.025
      vertex -0.219509 56.1615 -19.125
      vertex -0.508036 56.2124 -19.125
    endloop
  endfacet
  facet normal 0.766125 0.642692 0
    outer loop
      vertex -1.51061 56.7912 -19.025
      vertex -1.69894 57.0157 -19.125
      vertex -1.69894 57.0157 -19.025
    endloop
  endfacet
  facet normal 0.766125 0.642692 0
    outer loop
      vertex -1.69894 57.0157 -19.125
      vertex -1.51061 56.7912 -19.025
      vertex -1.51061 56.7912 -19.125
    endloop
  endfacet
  facet normal -0.104446 -0.994531 0
    outer loop
      vertex 0.0732889 60.3487 -19.125
      vertex 0.36466 60.3181 -19.025
      vertex 0.0732889 60.3487 -19.025
    endloop
  endfacet
  facet normal -0.104446 -0.994531 -0
    outer loop
      vertex 0.36466 60.3181 -19.025
      vertex 0.0732889 60.3487 -19.125
      vertex 0.36466 60.3181 -19.125
    endloop
  endfacet
  facet normal 0.559354 0.828929 -0
    outer loop
      vertex -1.05 56.4313 -19.125
      vertex -1.29289 56.5952 -19.025
      vertex -1.05 56.4313 -19.025
    endloop
  endfacet
  facet normal 0.559354 0.828929 0
    outer loop
      vertex -1.29289 56.5952 -19.025
      vertex -1.05 56.4313 -19.125
      vertex -1.29289 56.5952 -19.125
    endloop
  endfacet
  facet normal 0.669063 0.743206 -0
    outer loop
      vertex -1.29289 56.5952 -19.125
      vertex -1.51061 56.7912 -19.025
      vertex -1.29289 56.5952 -19.025
    endloop
  endfacet
  facet normal 0.669063 0.743206 0
    outer loop
      vertex -1.51061 56.7912 -19.025
      vertex -1.29289 56.5952 -19.125
      vertex -1.51061 56.7912 -19.125
    endloop
  endfacet
  facet normal 0.847998 -0.529999 0
    outer loop
      vertex -1.85419 59.2359 -19.025
      vertex -1.69894 59.4843 -19.125
      vertex -1.69894 59.4843 -19.025
    endloop
  endfacet
  facet normal 0.847998 -0.529999 0
    outer loop
      vertex -1.69894 59.4843 -19.125
      vertex -1.85419 59.2359 -19.025
      vertex -1.85419 59.2359 -19.125
    endloop
  endfacet
  facet normal 0.766125 -0.642692 0
    outer loop
      vertex -1.69894 59.4843 -19.025
      vertex -1.51061 59.7088 -19.125
      vertex -1.51061 59.7088 -19.025
    endloop
  endfacet
  facet normal 0.766125 -0.642692 0
    outer loop
      vertex -1.51061 59.7088 -19.125
      vertex -1.69894 59.4843 -19.025
      vertex -1.69894 59.4843 -19.125
    endloop
  endfacet
  facet normal -0.669044 0.743223 0
    outer loop
      vertex -10.9626 71.902 -19.125
      vertex -11.3774 71.5286 18.725
      vertex -10.9626 71.902 18.725
    endloop
  endfacet
  facet normal -0.669044 0.743223 0
    outer loop
      vertex -11.3774 71.5286 18.725
      vertex -10.9626 71.902 -19.125
      vertex -11.3774 71.5286 -19.125
    endloop
  endfacet
  facet normal -1 0 0
    outer loop
      vertex -12.4903 -69.029 -19.125
      vertex -12.4903 69.029 -16.725
      vertex -12.4903 69.029 -19.125
    endloop
  endfacet
  facet normal -1 -0 0
    outer loop
      vertex -12.4903 69.029 -16.725
      vertex -12.4903 -69.029 -19.125
      vertex -12.4903 -69.029 -16.725
    endloop
  endfacet
  facet normal -1 0 0
    outer loop
      vertex -12.4903 -18.6643 16.725
      vertex -12.4903 2.32862 18.725
      vertex -12.4903 2.32862 16.725
    endloop
  endfacet
  facet normal -1 -0 0
    outer loop
      vertex -12.4903 2.32862 18.725
      vertex -12.4903 -18.6643 16.725
      vertex -12.4903 -18.6643 18.725
    endloop
  endfacet
  facet normal -0.990329 0.138742 0
    outer loop
      vertex -12.4242 69.4988 16.725
      vertex -12.4126 69.5816 18.725
      vertex -12.4126 69.5816 16.725
    endloop
  endfacet
  facet normal -0.990329 0.138742 0
    outer loop
      vertex -12.4126 69.5816 18.725
      vertex -12.4242 69.4988 16.725
      vertex -12.4242 69.4988 18.725
    endloop
  endfacet
  facet normal -0.990259 0.139238 0
    outer loop
      vertex -12.4903 69.029 -19.125
      vertex -12.4126 69.5816 -16.725
      vertex -12.4126 69.5816 -19.125
    endloop
  endfacet
  facet normal -0.990259 0.139238 0
    outer loop
      vertex -12.4126 69.5816 -16.725
      vertex -12.4903 69.029 -19.125
      vertex -12.4903 69.029 -16.725
    endloop
  endfacet
  facet normal -0.913531 0.40677 0
    outer loop
      vertex -12.2588 70.1181 16.725
      vertex -12.0318 70.6279 18.725
      vertex -12.0318 70.6279 16.725
    endloop
  endfacet
  facet normal -0.913531 0.40677 0
    outer loop
      vertex -12.0318 70.6279 18.725
      vertex -12.2588 70.1181 16.725
      vertex -12.2588 70.1181 18.725
    endloop
  endfacet
  facet normal -0.913531 0.40677 0
    outer loop
      vertex -12.2588 70.1181 -19.125
      vertex -12.0318 70.6279 -16.725
      vertex -12.0318 70.6279 -19.125
    endloop
  endfacet
  facet normal -0.913531 0.40677 0
    outer loop
      vertex -12.0318 70.6279 -16.725
      vertex -12.2588 70.1181 -19.125
      vertex -12.2588 70.1181 -16.725
    endloop
  endfacet
  facet normal -0.309101 -0.951029 0
    outer loop
      vertex -9.99843 -72.4587 -19.125
      vertex -9.46769 -72.6312 18.725
      vertex -9.99843 -72.4587 18.725
    endloop
  endfacet
  facet normal -0.309101 -0.951029 -0
    outer loop
      vertex -9.46769 -72.6312 18.725
      vertex -9.99843 -72.4587 -19.125
      vertex -9.46769 -72.6312 -19.125
    endloop
  endfacet
  facet normal -0.990259 -0.139238 0
    outer loop
      vertex -12.4126 -69.5816 -19.125
      vertex -12.4903 -69.029 -16.725
      vertex -12.4903 -69.029 -19.125
    endloop
  endfacet
  facet normal -0.990259 -0.139238 0
    outer loop
      vertex -12.4903 -69.029 -16.725
      vertex -12.4126 -69.5816 -19.125
      vertex -12.4126 -69.5816 -16.725
    endloop
  endfacet
  facet normal -0.990329 -0.138742 0
    outer loop
      vertex -12.4126 -69.5816 16.725
      vertex -12.4242 -69.4988 18.725
      vertex -12.4242 -69.4988 16.725
    endloop
  endfacet
  facet normal -0.990329 -0.138742 0
    outer loop
      vertex -12.4242 -69.4988 18.725
      vertex -12.4126 -69.5816 16.725
      vertex -12.4126 -69.5816 18.725
    endloop
  endfacet
  facet normal -0.309101 0.951029 0
    outer loop
      vertex -9.46769 72.6312 -19.125
      vertex -9.99843 72.4587 18.725
      vertex -9.46769 72.6312 18.725
    endloop
  endfacet
  facet normal -0.309101 0.951029 0
    outer loop
      vertex -9.99843 72.4587 18.725
      vertex -9.46769 72.6312 -19.125
      vertex -9.99843 72.4587 -19.125
    endloop
  endfacet
  facet normal -0.0349431 -0.999389 0
    outer loop
      vertex -8.91811 -72.7281 -19.125
      vertex -8.3604 -72.7476 18.725
      vertex -8.91811 -72.7281 18.725
    endloop
  endfacet
  facet normal -0.0349431 -0.999389 -0
    outer loop
      vertex -8.3604 -72.7476 18.725
      vertex -8.91811 -72.7281 -19.125
      vertex -8.3604 -72.7476 -19.125
    endloop
  endfacet
  facet normal -0.96128 0.275573 0
    outer loop
      vertex -12.4126 69.5816 16.725
      vertex -12.2588 70.1181 18.725
      vertex -12.2588 70.1181 16.725
    endloop
  endfacet
  facet normal -0.96128 0.275573 0
    outer loop
      vertex -12.2588 70.1181 18.725
      vertex -12.4126 69.5816 16.725
      vertex -12.4126 69.5816 18.725
    endloop
  endfacet
  facet normal -0.96128 0.275573 0
    outer loop
      vertex -12.4126 69.5816 -19.125
      vertex -12.2588 70.1181 -16.725
      vertex -12.2588 70.1181 -19.125
    endloop
  endfacet
  facet normal -0.96128 0.275573 0
    outer loop
      vertex -12.2588 70.1181 -16.725
      vertex -12.4126 69.5816 -19.125
      vertex -12.4126 69.5816 -16.725
    endloop
  endfacet
  facet normal -0.559282 -0.828977 0
    outer loop
      vertex -10.9626 -71.902 -19.125
      vertex -10.5 -72.2141 18.725
      vertex -10.9626 -71.902 18.725
    endloop
  endfacet
  facet normal -0.559282 -0.828977 -0
    outer loop
      vertex -10.5 -72.2141 18.725
      vertex -10.9626 -71.902 -19.125
      vertex -10.5 -72.2141 -19.125
    endloop
  endfacet
  facet normal -0.438325 -0.898817 0
    outer loop
      vertex -10.5 -72.2141 -19.125
      vertex -9.99843 -72.4587 18.725
      vertex -10.5 -72.2141 18.725
    endloop
  endfacet
  facet normal -0.438325 -0.898817 -0
    outer loop
      vertex -9.99843 -72.4587 18.725
      vertex -10.5 -72.2141 -19.125
      vertex -9.99843 -72.4587 -19.125
    endloop
  endfacet
  facet normal -0.96128 -0.275573 0
    outer loop
      vertex -12.2588 -70.1181 16.725
      vertex -12.4126 -69.5816 18.725
      vertex -12.4126 -69.5816 16.725
    endloop
  endfacet
  facet normal -0.96128 -0.275573 0
    outer loop
      vertex -12.4126 -69.5816 18.725
      vertex -12.2588 -70.1181 16.725
      vertex -12.2588 -70.1181 18.725
    endloop
  endfacet
  facet normal -0.96128 -0.275573 0
    outer loop
      vertex -12.2588 -70.1181 -19.125
      vertex -12.4126 -69.5816 -16.725
      vertex -12.4126 -69.5816 -19.125
    endloop
  endfacet
  facet normal -0.96128 -0.275573 0
    outer loop
      vertex -12.4126 -69.5816 -16.725
      vertex -12.2588 -70.1181 -19.125
      vertex -12.2588 -70.1181 -16.725
    endloop
  endfacet
  facet normal -0.913531 -0.40677 0
    outer loop
      vertex -12.0318 -70.6279 16.725
      vertex -12.2588 -70.1181 18.725
      vertex -12.2588 -70.1181 16.725
    endloop
  endfacet
  facet normal -0.913531 -0.40677 0
    outer loop
      vertex -12.2588 -70.1181 18.725
      vertex -12.0318 -70.6279 16.725
      vertex -12.0318 -70.6279 18.725
    endloop
  endfacet
  facet normal -0.913531 -0.40677 0
    outer loop
      vertex -12.0318 -70.6279 -19.125
      vertex -12.2588 -70.1181 -16.725
      vertex -12.2588 -70.1181 -19.125
    endloop
  endfacet
  facet normal -0.913531 -0.40677 0
    outer loop
      vertex -12.2588 -70.1181 -16.725
      vertex -12.0318 -70.6279 -19.125
      vertex -12.0318 -70.6279 -16.725
    endloop
  endfacet
  facet normal -0.173638 -0.98481 0
    outer loop
      vertex -9.46769 -72.6312 -19.125
      vertex -8.91811 -72.7281 18.725
      vertex -9.46769 -72.6312 18.725
    endloop
  endfacet
  facet normal -0.173638 -0.98481 -0
    outer loop
      vertex -8.91811 -72.7281 18.725
      vertex -9.46769 -72.6312 -19.125
      vertex -8.91811 -72.7281 -19.125
    endloop
  endfacet
  facet normal -0.848038 -0.529935 0
    outer loop
      vertex -12.0318 -70.6279 -19.125
      vertex -11.957 -70.7476 -16.725
      vertex -12.0318 -70.6279 -16.725
    endloop
  endfacet
  facet normal -0.848039 -0.529934 -0
    outer loop
      vertex -11.7361 -71.1011 18.725
      vertex -11.957 -70.7476 -16.725
      vertex -11.7361 -71.1011 -19.125
    endloop
  endfacet
  facet normal -0.848039 -0.529935 5.22706e-08
    outer loop
      vertex -11.7361 -71.1011 -19.125
      vertex -11.957 -70.7476 -16.725
      vertex -12.0318 -70.6279 -19.125
    endloop
  endfacet
  facet normal -0.848038 -0.529935 0
    outer loop
      vertex -11.957 -70.7476 16.725
      vertex -12.0318 -70.6279 18.725
      vertex -12.0318 -70.6279 16.725
    endloop
  endfacet
  facet normal -0.848039 -0.529935 -6.27247e-08
    outer loop
      vertex -11.957 -70.7476 16.725
      vertex -11.7361 -71.1011 18.725
      vertex -12.0318 -70.6279 18.725
    endloop
  endfacet
  facet normal -0.848039 -0.529934 0
    outer loop
      vertex -11.957 -70.7476 -16.725
      vertex -11.7361 -71.1011 18.725
      vertex -11.957 -70.7476 16.725
    endloop
  endfacet
  facet normal -0.0349431 0.999389 0
    outer loop
      vertex -8.3604 72.7476 -19.125
      vertex -8.91811 72.7281 18.725
      vertex -8.3604 72.7476 18.725
    endloop
  endfacet
  facet normal -0.0349431 0.999389 0
    outer loop
      vertex -8.91811 72.7281 18.725
      vertex -8.3604 72.7476 -19.125
      vertex -8.91811 72.7281 -19.125
    endloop
  endfacet
  facet normal -0.559282 0.828977 0
    outer loop
      vertex -10.5 72.2141 -19.125
      vertex -10.9626 71.902 18.725
      vertex -10.5 72.2141 18.725
    endloop
  endfacet
  facet normal -0.559282 0.828977 0
    outer loop
      vertex -10.9626 71.902 18.725
      vertex -10.5 72.2141 -19.125
      vertex -10.9626 71.902 -19.125
    endloop
  endfacet
  facet normal -0.766058 -0.642772 0
    outer loop
      vertex -11.3774 -71.5286 -19.125
      vertex -11.7361 -71.1011 18.725
      vertex -11.7361 -71.1011 -19.125
    endloop
  endfacet
  facet normal -0.766058 -0.642772 0
    outer loop
      vertex -11.7361 -71.1011 18.725
      vertex -11.3774 -71.5286 -19.125
      vertex -11.3774 -71.5286 18.725
    endloop
  endfacet
  facet normal -0.173638 0.98481 0
    outer loop
      vertex -8.91811 72.7281 -19.125
      vertex -9.46769 72.6312 18.725
      vertex -8.91811 72.7281 18.725
    endloop
  endfacet
  facet normal -0.173638 0.98481 0
    outer loop
      vertex -9.46769 72.6312 18.725
      vertex -8.91811 72.7281 -19.125
      vertex -9.46769 72.6312 -19.125
    endloop
  endfacet
  facet normal -0.438325 0.898817 0
    outer loop
      vertex -9.99843 72.4587 -19.125
      vertex -10.5 72.2141 18.725
      vertex -9.99843 72.4587 18.725
    endloop
  endfacet
  facet normal -0.438325 0.898817 0
    outer loop
      vertex -10.5 72.2141 18.725
      vertex -9.99843 72.4587 -19.125
      vertex -10.5 72.2141 -19.125
    endloop
  endfacet
  facet normal -0.766058 0.642772 0
    outer loop
      vertex -11.7361 71.1011 -19.125
      vertex -11.3774 71.5286 18.725
      vertex -11.3774 71.5286 -19.125
    endloop
  endfacet
  facet normal -0.766058 0.642772 0
    outer loop
      vertex -11.3774 71.5286 18.725
      vertex -11.7361 71.1011 -19.125
      vertex -11.7361 71.1011 18.725
    endloop
  endfacet
  facet normal -0.848039 0.529934 0
    outer loop
      vertex -11.7361 71.1011 -19.125
      vertex -11.957 70.7476 -16.725
      vertex -11.7361 71.1011 18.725
    endloop
  endfacet
  facet normal -0.848039 0.529935 5.22706e-08
    outer loop
      vertex -12.0318 70.6279 -19.125
      vertex -11.957 70.7476 -16.725
      vertex -11.7361 71.1011 -19.125
    endloop
  endfacet
  facet normal -0.848038 0.529935 0
    outer loop
      vertex -11.957 70.7476 -16.725
      vertex -12.0318 70.6279 -19.125
      vertex -12.0318 70.6279 -16.725
    endloop
  endfacet
  facet normal -0.848039 0.529934 0
    outer loop
      vertex -11.957 70.7476 16.725
      vertex -11.7361 71.1011 18.725
      vertex -11.957 70.7476 -16.725
    endloop
  endfacet
  facet normal -0.848038 0.529935 0
    outer loop
      vertex -12.0318 70.6279 18.725
      vertex -11.957 70.7476 16.725
      vertex -12.0318 70.6279 16.725
    endloop
  endfacet
  facet normal -0.848039 0.529935 -6.27247e-08
    outer loop
      vertex -11.957 70.7476 16.725
      vertex -12.0318 70.6279 18.725
      vertex -11.7361 71.1011 18.725
    endloop
  endfacet
  facet normal -0.669044 -0.743223 0
    outer loop
      vertex -11.3774 -71.5286 -19.125
      vertex -10.9626 -71.902 18.725
      vertex -11.3774 -71.5286 18.725
    endloop
  endfacet
  facet normal -0.669044 -0.743223 -0
    outer loop
      vertex -10.9626 -71.902 18.725
      vertex -11.3774 -71.5286 -19.125
      vertex -10.9626 -71.902 -19.125
    endloop
  endfacet
endsolid OpenSCAD_Model
