solid OpenSCAD_Model
  facet normal -0.587787 -0.809016 0
    outer loop
      vertex -4.48317 -4.97907 -3
      vertex -3.35 -5.80237 3
      vertex -4.48317 -4.97907 3
    endloop
  endfacet
  facet normal -0.587787 -0.809016 -0
    outer loop
      vertex -3.35 -5.80237 3
      vertex -4.48317 -4.97907 -3
      vertex -3.35 -5.80237 -3
    endloop
  endfacet
  facet normal -0.994522 -0.104528 0
    outer loop
      vertex -6.55359 -1.39301 -3
      vertex -6.7 0 3
      vertex -6.7 0 -3
    endloop
  endfacet
  facet normal -0.994522 -0.104528 0
    outer loop
      vertex -6.7 0 3
      vertex -6.55359 -1.39301 -3
      vertex -6.55359 -1.39301 3
    endloop
  endfacet
  facet normal -0.866026 -0.499998 0
    outer loop
      vertex -5.42041 -3.93816 -3
      vertex -6.12075 -2.72513 3
      vertex -6.12075 -2.72513 -3
    endloop
  endfacet
  facet normal -0.866026 -0.499998 0
    outer loop
      vertex -6.12075 -2.72513 3
      vertex -5.42041 -3.93816 -3
      vertex -5.42041 -3.93816 3
    endloop
  endfacet
  facet normal 0 -0.104491 -0.994526
    outer loop
      vertex 10.2 0.764397 -16.4017
      vertex 14.2 1.7 -16.5
      vertex 14.2 0.764397 -16.4017
    endloop
  endfacet
  facet normal -0 -0.104491 -0.994526
    outer loop
      vertex 14.2 1.7 -16.5
      vertex 10.2 0.764397 -16.4017
      vertex 10.2 1.7 -16.5
    endloop
  endfacet
  facet normal -0.207913 -0.978147 0
    outer loop
      vertex -2.07041 -6.37208 -3
      vertex -0.70034 -6.6633 3
      vertex -2.07041 -6.37208 3
    endloop
  endfacet
  facet normal -0.207913 -0.978147 -0
    outer loop
      vertex -0.70034 -6.6633 3
      vertex -2.07041 -6.37208 -3
      vertex -0.70034 -6.6633 -3
    endloop
  endfacet
  facet normal -0.0798137 -0.89754 -0.43365
    outer loop
      vertex 10.2 -7.63261 -3
      vertex 14.2 -4.77139 -9.65816
      vertex 14.2 -7.98831 -3
    endloop
  endfacet
  facet normal -0.0798152 -0.897539 -0.433651
    outer loop
      vertex 14.2 -4.77139 -9.65816
      vertex 10.2 -7.63261 -3
      vertex 10.2 -2.19711 -14.25
    endloop
  endfacet
  facet normal -1 0 0
    outer loop
      vertex -6.7 0 -3
      vertex -6.7 5.7 3
      vertex -6.7 5.7 -3
    endloop
  endfacet
  facet normal -1 -0 0
    outer loop
      vertex -6.7 5.7 3
      vertex -6.7 0 -3
      vertex -6.7 0 3
    endloop
  endfacet
  facet normal 0 -0.309008 -0.95106
    outer loop
      vertex 10.2 -0.130315 -16.111
      vertex 14.2 0.764397 -16.4017
      vertex 14.2 -0.130315 -16.111
    endloop
  endfacet
  facet normal -0 -0.309008 -0.95106
    outer loop
      vertex 14.2 0.764397 -16.4017
      vertex 10.2 -0.130315 -16.111
      vertex 10.2 0.764397 -16.4017
    endloop
  endfacet
  facet normal 0 -0.500018 -0.866015
    outer loop
      vertex 10.2 -0.945033 -15.6406
      vertex 14.2 -0.130315 -16.111
      vertex 14.2 -0.945033 -15.6406
    endloop
  endfacet
  facet normal -0 -0.500018 -0.866015
    outer loop
      vertex 14.2 -0.130315 -16.111
      vertex 10.2 -0.945033 -15.6406
      vertex 10.2 -0.130315 -16.111
    endloop
  endfacet
  facet normal -0.951055 -0.309022 0
    outer loop
      vertex -6.12075 -2.72513 -3
      vertex -6.55359 -1.39301 3
      vertex -6.55359 -1.39301 -3
    endloop
  endfacet
  facet normal -0.951055 -0.309022 0
    outer loop
      vertex -6.55359 -1.39301 3
      vertex -6.12075 -2.72513 -3
      vertex -6.12075 -2.72513 3
    endloop
  endfacet
  facet normal -0.406737 -0.913546 0
    outer loop
      vertex -3.35 -5.80237 -3
      vertex -2.07041 -6.37208 3
      vertex -3.35 -5.80237 3
    endloop
  endfacet
  facet normal -0.406737 -0.913546 -0
    outer loop
      vertex -2.07041 -6.37208 3
      vertex -3.35 -5.80237 -3
      vertex -2.07041 -6.37208 -3
    endloop
  endfacet
  facet normal 0 -0.669138 -0.743138
    outer loop
      vertex 10.2 -1.64415 -15.0111
      vertex 14.2 -0.945033 -15.6406
      vertex 14.2 -1.64415 -15.0111
    endloop
  endfacet
  facet normal -0 -0.669138 -0.743138
    outer loop
      vertex 14.2 -0.945033 -15.6406
      vertex 10.2 -1.64415 -15.0111
      vertex 10.2 -0.945033 -15.6406
    endloop
  endfacet
  facet normal 0 -0.872275 -0.489015
    outer loop
      vertex 14.2 -4.77139 -9.65816
      vertex 10.2 -2.19711 -14.25
      vertex 14.2 -2.19711 -14.25
    endloop
  endfacet
  facet normal -0.743145 -0.669131 0
    outer loop
      vertex -4.48317 -4.97907 -3
      vertex -5.42041 -3.93816 3
      vertex -5.42041 -3.93816 -3
    endloop
  endfacet
  facet normal -0.743145 -0.669131 0
    outer loop
      vertex -5.42041 -3.93816 3
      vertex -4.48317 -4.97907 -3
      vertex -4.48317 -4.97907 3
    endloop
  endfacet
  facet normal 0 0.309008 -0.951059
    outer loop
      vertex 10.2 2.6356 -16.4017
      vertex 14.2 3.53031 -16.111
      vertex 14.2 2.6356 -16.4017
    endloop
  endfacet
  facet normal 0 0.309008 -0.951059
    outer loop
      vertex 14.2 3.53031 -16.111
      vertex 10.2 2.6356 -16.4017
      vertex 10.2 3.53031 -16.111
    endloop
  endfacet
  facet normal 0 0.669136 -0.74314
    outer loop
      vertex 10.2 4.34503 -15.6406
      vertex 14.2 5.04415 -15.0111
      vertex 14.2 4.34503 -15.6406
    endloop
  endfacet
  facet normal 0 0.669136 -0.74314
    outer loop
      vertex 14.2 5.04415 -15.0111
      vertex 10.2 4.34503 -15.6406
      vertex 10.2 5.04415 -15.0111
    endloop
  endfacet
  facet normal 0 -0.809023 -0.587777
    outer loop
      vertex 10.2 -1.64415 -15.0111
      vertex 14.2 -2.19711 -14.25
      vertex 10.2 -2.19711 -14.25
    endloop
  endfacet
  facet normal 0 -0.809023 -0.587777
    outer loop
      vertex 14.2 -2.19711 -14.25
      vertex 10.2 -1.64415 -15.0111
      vertex 14.2 -1.64415 -15.0111
    endloop
  endfacet
  facet normal 0 0.104491 -0.994526
    outer loop
      vertex 10.2 1.7 -16.5
      vertex 14.2 2.6356 -16.4017
      vertex 14.2 1.7 -16.5
    endloop
  endfacet
  facet normal 0 0.104491 -0.994526
    outer loop
      vertex 14.2 2.6356 -16.4017
      vertex 10.2 1.7 -16.5
      vertex 10.2 2.6356 -16.4017
    endloop
  endfacet
  facet normal 0 0.500017 -0.866016
    outer loop
      vertex 10.2 3.53031 -16.111
      vertex 14.2 4.34503 -15.6406
      vertex 14.2 3.53031 -16.111
    endloop
  endfacet
  facet normal 0 0.500017 -0.866016
    outer loop
      vertex 14.2 4.34503 -15.6406
      vertex 10.2 3.53031 -16.111
      vertex 10.2 4.34503 -15.6406
    endloop
  endfacet
  facet normal 0 0.913549 -0.406729
    outer loop
      vertex 14.2 5.59711 -14.25
      vertex 10.2 5.7 -14.0189
      vertex 14.2 5.7 -14.0189
    endloop
  endfacet
  facet normal 0 0.913549 -0.406729
    outer loop
      vertex 10.2 5.7 -14.0189
      vertex 14.2 5.59711 -14.25
      vertex 10.2 5.59711 -14.25
    endloop
  endfacet
  facet normal 0 0.809023 -0.587777
    outer loop
      vertex 14.2 5.04415 -15.0111
      vertex 10.2 5.59711 -14.25
      vertex 14.2 5.59711 -14.25
    endloop
  endfacet
  facet normal 0 0.809023 -0.587777
    outer loop
      vertex 10.2 5.59711 -14.25
      vertex 14.2 5.04415 -15.0111
      vertex 10.2 5.04415 -15.0111
    endloop
  endfacet
  facet normal 1 -0 0
    outer loop
      vertex 14.2 4.55317 -11.0729
      vertex 14.2 5.7 -14.0189
      vertex 14.2 5.7 -3
    endloop
  endfacet
  facet normal 1 -0 0
    outer loop
      vertex 14.2 4.68357 -12.3136
      vertex 14.2 5.7 -14.0189
      vertex 14.2 4.68357 -11.6864
    endloop
  endfacet
  facet normal 1 -0 0
    outer loop
      vertex 14.2 4.55317 -12.9271
      vertex 14.2 5.7 -14.0189
      vertex 14.2 4.68357 -12.3136
    endloop
  endfacet
  facet normal 1 0 0
    outer loop
      vertex 14.2 5.7 -14.0189
      vertex 14.2 4.55317 -11.0729
      vertex 14.2 4.68357 -11.6864
    endloop
  endfacet
  facet normal 1 0 0
    outer loop
      vertex 14.2 5.7 -3
      vertex 14.2 4.29808 -10.5
      vertex 14.2 4.55317 -11.0729
    endloop
  endfacet
  facet normal 1 0 0
    outer loop
      vertex 14.2 5.7 -3
      vertex 14.2 3.92943 -9.99261
      vertex 14.2 4.29808 -10.5
    endloop
  endfacet
  facet normal 1 0 0
    outer loop
      vertex 14.2 5.7 -3
      vertex 14.2 3.46336 -9.57295
      vertex 14.2 3.92943 -9.99261
    endloop
  endfacet
  facet normal 1 0 0
    outer loop
      vertex 14.2 5.7 -3
      vertex 14.2 2.92021 -9.25936
      vertex 14.2 3.46336 -9.57295
    endloop
  endfacet
  facet normal 1 0 0
    outer loop
      vertex 14.2 5.7 -3
      vertex 14.2 2.32373 -9.06556
      vertex 14.2 2.92021 -9.25936
    endloop
  endfacet
  facet normal 1 0 0
    outer loop
      vertex 14.2 5.7 -3
      vertex 14.2 1.7 -9
      vertex 14.2 2.32373 -9.06556
    endloop
  endfacet
  facet normal 1 0 0
    outer loop
      vertex 14.2 5.7 -3
      vertex 14.2 1.07627 -9.06556
      vertex 14.2 1.7 -9
    endloop
  endfacet
  facet normal 1 -0 0
    outer loop
      vertex 14.2 -7.98831 -3
      vertex 14.2 1.07627 -9.06556
      vertex 14.2 5.7 -3
    endloop
  endfacet
  facet normal 1 0 0
    outer loop
      vertex 14.2 1.07627 -9.06556
      vertex 14.2 -7.98831 -3
      vertex 14.2 0.479791 -9.25936
    endloop
  endfacet
  facet normal 1 0 -0
    outer loop
      vertex 14.2 -4.77139 -9.65816
      vertex 14.2 0.479791 -9.25936
      vertex 14.2 -7.98831 -3
    endloop
  endfacet
  facet normal 1 0 0
    outer loop
      vertex 14.2 -4.77139 -9.65816
      vertex 14.2 -1.28357 -12.3136
      vertex 14.2 -1.28357 -11.6864
    endloop
  endfacet
  facet normal 1 0 0
    outer loop
      vertex 14.2 -1.28357 -12.3136
      vertex 14.2 -2.19711 -14.25
      vertex 14.2 -1.64415 -15.0111
    endloop
  endfacet
  facet normal 1 0 0
    outer loop
      vertex 14.2 -4.77139 -9.65816
      vertex 14.2 -1.28357 -11.6864
      vertex 14.2 -1.15317 -11.0729
    endloop
  endfacet
  facet normal 1 0 0
    outer loop
      vertex 14.2 -1.28357 -12.3136
      vertex 14.2 -4.77139 -9.65816
      vertex 14.2 -2.19711 -14.25
    endloop
  endfacet
  facet normal 1 0 0
    outer loop
      vertex 14.2 -0.898076 -10.5
      vertex 14.2 -4.77139 -9.65816
      vertex 14.2 -1.15317 -11.0729
    endloop
  endfacet
  facet normal 1 0 0
    outer loop
      vertex 14.2 -0.529434 -9.99261
      vertex 14.2 -4.77139 -9.65816
      vertex 14.2 -0.898076 -10.5
    endloop
  endfacet
  facet normal 1 0 0
    outer loop
      vertex 14.2 0.479791 -9.25936
      vertex 14.2 -4.77139 -9.65816
      vertex 14.2 -0.0633553 -9.57295
    endloop
  endfacet
  facet normal 1 0 0
    outer loop
      vertex 14.2 -0.0633553 -9.57295
      vertex 14.2 -4.77139 -9.65816
      vertex 14.2 -0.529434 -9.99261
    endloop
  endfacet
  facet normal 1 -0 0
    outer loop
      vertex 14.2 4.29808 -13.5
      vertex 14.2 5.7 -14.0189
      vertex 14.2 4.55317 -12.9271
    endloop
  endfacet
  facet normal 1 0 0
    outer loop
      vertex 14.2 5.7 -14.0189
      vertex 14.2 4.29808 -13.5
      vertex 14.2 5.59711 -14.25
    endloop
  endfacet
  facet normal 1 0 0
    outer loop
      vertex 14.2 5.59711 -14.25
      vertex 14.2 4.29808 -13.5
      vertex 14.2 5.04415 -15.0111
    endloop
  endfacet
  facet normal 1 -0 0
    outer loop
      vertex 14.2 3.92943 -14.0074
      vertex 14.2 5.04415 -15.0111
      vertex 14.2 4.29808 -13.5
    endloop
  endfacet
  facet normal 1 0 0
    outer loop
      vertex 14.2 5.04415 -15.0111
      vertex 14.2 3.92943 -14.0074
      vertex 14.2 4.34503 -15.6406
    endloop
  endfacet
  facet normal 1 -0 0
    outer loop
      vertex 14.2 3.46336 -14.4271
      vertex 14.2 4.34503 -15.6406
      vertex 14.2 3.92943 -14.0074
    endloop
  endfacet
  facet normal 1 0 0
    outer loop
      vertex 14.2 4.34503 -15.6406
      vertex 14.2 3.46336 -14.4271
      vertex 14.2 3.53031 -16.111
    endloop
  endfacet
  facet normal 1 -0 0
    outer loop
      vertex 14.2 2.92021 -14.7406
      vertex 14.2 3.53031 -16.111
      vertex 14.2 3.46336 -14.4271
    endloop
  endfacet
  facet normal 1 0 0
    outer loop
      vertex 14.2 2.92021 -14.7406
      vertex 14.2 2.6356 -16.4017
      vertex 14.2 3.53031 -16.111
    endloop
  endfacet
  facet normal 1 -0 0
    outer loop
      vertex 14.2 2.32373 -14.9344
      vertex 14.2 2.6356 -16.4017
      vertex 14.2 2.92021 -14.7406
    endloop
  endfacet
  facet normal 1 -0 0
    outer loop
      vertex 14.2 1.7 -15
      vertex 14.2 2.6356 -16.4017
      vertex 14.2 2.32373 -14.9344
    endloop
  endfacet
  facet normal 1 0 0
    outer loop
      vertex 14.2 1.7 -15
      vertex 14.2 1.7 -16.5
      vertex 14.2 2.6356 -16.4017
    endloop
  endfacet
  facet normal 1 0 0
    outer loop
      vertex 14.2 1.07627 -14.9344
      vertex 14.2 1.7 -16.5
      vertex 14.2 1.7 -15
    endloop
  endfacet
  facet normal 1 0 0
    outer loop
      vertex 14.2 1.07627 -14.9344
      vertex 14.2 0.764397 -16.4017
      vertex 14.2 1.7 -16.5
    endloop
  endfacet
  facet normal 1 0 0
    outer loop
      vertex 14.2 0.479791 -14.7406
      vertex 14.2 0.764397 -16.4017
      vertex 14.2 1.07627 -14.9344
    endloop
  endfacet
  facet normal 1 0 0
    outer loop
      vertex 14.2 -0.130315 -16.111
      vertex 14.2 0.479791 -14.7406
      vertex 14.2 -0.0633553 -14.4271
    endloop
  endfacet
  facet normal 1 0 0
    outer loop
      vertex 14.2 0.479791 -14.7406
      vertex 14.2 -0.130315 -16.111
      vertex 14.2 0.764397 -16.4017
    endloop
  endfacet
  facet normal 1 0 0
    outer loop
      vertex 14.2 -0.945033 -15.6406
      vertex 14.2 -0.0633553 -14.4271
      vertex 14.2 -0.529434 -14.0074
    endloop
  endfacet
  facet normal 1 0 0
    outer loop
      vertex 14.2 -1.64415 -15.0111
      vertex 14.2 -0.529434 -14.0074
      vertex 14.2 -0.898076 -13.5
    endloop
  endfacet
  facet normal 1 0 0
    outer loop
      vertex 14.2 -0.0633553 -14.4271
      vertex 14.2 -0.945033 -15.6406
      vertex 14.2 -0.130315 -16.111
    endloop
  endfacet
  facet normal 1 0 0
    outer loop
      vertex 14.2 -1.64415 -15.0111
      vertex 14.2 -0.898076 -13.5
      vertex 14.2 -1.15317 -12.9271
    endloop
  endfacet
  facet normal 1 0 0
    outer loop
      vertex 14.2 -1.64415 -15.0111
      vertex 14.2 -1.15317 -12.9271
      vertex 14.2 -1.28357 -12.3136
    endloop
  endfacet
  facet normal 1 0 0
    outer loop
      vertex 14.2 -0.529434 -14.0074
      vertex 14.2 -1.64415 -15.0111
      vertex 14.2 -0.945033 -15.6406
    endloop
  endfacet
  facet normal 0.207821 0.978167 0
    outer loop
      vertex 33.6631 4.1574 14
      vertex 33.6013 4.17053 4.5
      vertex 33.6013 4.17053 14
    endloop
  endfacet
  facet normal 0.20791 0.978148 7.693e-07
    outer loop
      vertex 33.6013 4.17053 4.5
      vertex 33.6631 4.1574 -3
      vertex 32.3739 4.43142 4.5
    endloop
  endfacet
  facet normal 0.207821 0.978167 -0
    outer loop
      vertex 33.6631 4.1574 -3
      vertex 33.6013 4.17053 4.5
      vertex 33.6631 4.1574 14
    endloop
  endfacet
  facet normal 0.207941 0.978141 -0
    outer loop
      vertex 32.3739 4.43142 4.5
      vertex 32.2317 4.46165 14
      vertex 32.3739 4.43142 14
    endloop
  endfacet
  facet normal 0.207941 0.978141 0
    outer loop
      vertex 32.3739 4.43142 4.5
      vertex 32.2317 4.46165 -3
      vertex 32.2317 4.46165 14
    endloop
  endfacet
  facet normal 0.207909 0.978148 6.26131e-07
    outer loop
      vertex 32.2317 4.46165 -3
      vertex 32.3739 4.43142 4.5
      vertex 33.6631 4.1574 -3
    endloop
  endfacet
  facet normal -0.196472 -0.92441 0.326901
    outer loop
      vertex 21.7747 -8.6155 10.9874
      vertex 29.3369 -9.1574 14
      vertex 21.8153 -8.49035 11.3657
    endloop
  endfacet
  facet normal -0.196484 -0.924396 0.326934
    outer loop
      vertex 29.3369 -9.1574 14
      vertex 21.7747 -8.6155 10.9874
      vertex 30.7683 -9.46165 14
    endloop
  endfacet
  facet normal -0.0885752 -0.996069 0
    outer loop
      vertex 10.2 -7.63261 -3
      vertex -0.70034 -6.6633 3
      vertex -0.70034 -6.6633 -3
    endloop
  endfacet
  facet normal -0.0885751 -0.996069 0
    outer loop
      vertex 21.76 -8.66059 3
      vertex 30.7683 -9.46165 14
      vertex 21.76 -8.66059 10.8511
    endloop
  endfacet
  facet normal -0.0885757 -0.996069 -7.97621e-07
    outer loop
      vertex -0.70034 -6.6633 3
      vertex 10.2 -7.63261 -3
      vertex 21.76 -8.66059 3
    endloop
  endfacet
  facet normal -0.0885751 -0.996069 0
    outer loop
      vertex 21.76 -8.66059 3
      vertex 30.7683 -9.46165 -3
      vertex 30.7683 -9.46165 14
    endloop
  endfacet
  facet normal -0.0885757 -0.996069 -7.96098e-07
    outer loop
      vertex 30.7683 -9.46165 -3
      vertex 21.76 -8.66059 3
      vertex 10.2 -7.63261 -3
    endloop
  endfacet
  facet normal 0 -1 0
    outer loop
      vertex 30.7683 -9.46165 14
      vertex 31.2924 -9.46165 4.5
      vertex 31.2924 -9.46165 14
    endloop
  endfacet
  facet normal 0 -1 0
    outer loop
      vertex 30.7683 -9.46165 -3
      vertex 31.2924 -9.46165 4.5
      vertex 30.7683 -9.46165 14
    endloop
  endfacet
  facet normal 0 -1 0
    outer loop
      vertex 32.2317 -9.46165 -3
      vertex 31.2924 -9.46165 4.5
      vertex 30.7683 -9.46165 -3
    endloop
  endfacet
  facet normal 0 -1 0
    outer loop
      vertex 31.2924 -9.46165 4.5
      vertex 32.2317 -9.46165 -3
      vertex 32.2317 -9.46165 4.5
    endloop
  endfacet
  facet normal -0.275274 0.247859 0.928865
    outer loop
      vertex 23.1703 3.1369 12.8035
      vertex 25.8369 1.6145 14
      vertex 26.8161 2.70201 14
    endloop
  endfacet
  facet normal -0.2753 0.247816 0.928869
    outer loop
      vertex 25.8369 1.6145 14
      vertex 23.1703 3.1369 12.8035
      vertex 23.2884 2.01282 13.1384
    endloop
  endfacet
  facet normal -0.339257 -0.305357 0.889754
    outer loop
      vertex 22.2449 -7.16829 12.4402
      vertex 22.2019 -7.30059 12.3784
      vertex 26.8161 -7.70201 14
    endloop
  endfacet
  facet normal -0.297858 -0.668877 0.68109
    outer loop
      vertex 21.8483 -8.38876 11.4799
      vertex 21.8153 -8.49035 11.3657
      vertex 29.3369 -9.1574 14
    endloop
  endfacet
  facet normal -0.339273 -0.305409 0.88973
    outer loop
      vertex 22.2449 -7.16829 12.4402
      vertex 25.8369 -6.6145 14
      vertex 22.5172 -6.33025 12.8317
    endloop
  endfacet
  facet normal -0.339257 -0.305469 0.889715
    outer loop
      vertex 25.8369 -6.6145 14
      vertex 22.2449 -7.16829 12.4402
      vertex 26.8161 -7.70201 14
    endloop
  endfacet
  facet normal 0.0522591 0.99739 0.0498291
    outer loop
      vertex 32.2317 4.46165 14
      vertex 22.9129 5.11233 10.7491
      vertex 22.9141 5.10872 10.8201
    endloop
  endfacet
  facet normal -0.334747 -0.0344873 0.941677
    outer loop
      vertex 23.1048 -3.76007 13.4568
      vertex 23.0977 -3.82768 13.4518
      vertex 24.653 -3.95538 14
    endloop
  endfacet
  facet normal 0.406732 -0.913548 0
    outer loop
      vertex 33.6631 -9.1574 -3
      vertex 34.2 -8.91836 14
      vertex 33.6631 -9.1574 14
    endloop
  endfacet
  facet normal 0.406732 -0.913548 0
    outer loop
      vertex 34.2 -8.91836 14
      vertex 33.6631 -9.1574 -3
      vertex 34.2 -8.91836 -3
    endloop
  endfacet
  facet normal 0.406732 0.913548 -0
    outer loop
      vertex 34.2 3.91836 -3
      vertex 33.6631 4.1574 14
      vertex 34.2 3.91836 14
    endloop
  endfacet
  facet normal 0.406732 0.913548 0
    outer loop
      vertex 33.6631 4.1574 14
      vertex 34.2 3.91836 -3
      vertex 33.6631 4.1574 -3
    endloop
  endfacet
  facet normal -0.338425 -0.109624 0.934586
    outer loop
      vertex 22.9251 -5.07486 13.2425
      vertex 22.8969 -5.16172 13.2221
      vertex 25.1052 -5.34716 14
    endloop
  endfacet
  facet normal 0.207931 -0.978144 0
    outer loop
      vertex 32.2317 -9.46165 4.5
      vertex 32.2317 -9.46165 -3
      vertex 32.5728 -9.38914 4.5
    endloop
  endfacet
  facet normal 0.207903 -0.97815 0
    outer loop
      vertex 32.5728 -9.38914 4.5
      vertex 33.6631 -9.1574 14
      vertex 32.5728 -9.38914 14
    endloop
  endfacet
  facet normal 0.207909 -0.978148 1.01491e-06
    outer loop
      vertex 33.6631 -9.1574 -3
      vertex 32.5728 -9.38914 4.5
      vertex 32.2317 -9.46165 -3
    endloop
  endfacet
  facet normal 0.207903 -0.97815 0
    outer loop
      vertex 32.5728 -9.38914 4.5
      vertex 33.6631 -9.1574 -3
      vertex 33.6631 -9.1574 14
    endloop
  endfacet
  facet normal 0.0696548 0.997571 0
    outer loop
      vertex 32.2317 4.46165 14
      vertex 22.9129 5.11233 3
      vertex 22.9129 5.11233 10.7491
    endloop
  endfacet
  facet normal 0.0696548 0.997571 -0
    outer loop
      vertex 32.2317 4.46165 -3
      vertex 22.9129 5.11233 3
      vertex 32.2317 4.46165 14
    endloop
  endfacet
  facet normal 0.0696544 0.997571 -6.47074e-07
    outer loop
      vertex 14.4964 5.7 -3
      vertex 22.9129 5.11233 3
      vertex 32.2317 4.46165 -3
    endloop
  endfacet
  facet normal 0.069654 0.997571 0
    outer loop
      vertex 22.9129 5.11233 3
      vertex 14.4964 5.7 -3
      vertex 14.4964 5.7 3
    endloop
  endfacet
  facet normal 0 0.979918 0.199401
    outer loop
      vertex 22.9141 5.10872 10.8201
      vertex 30.7683 4.46165 14
      vertex 32.2317 4.46165 14
    endloop
  endfacet
  facet normal -5.28866e-06 0.979915 0.199414
    outer loop
      vertex 30.7683 4.46165 14
      vertex 22.9141 5.10872 10.8201
      vertex 22.973 4.92734 11.7114
    endloop
  endfacet
  facet normal -0.221144 0.496703 0.839274
    outer loop
      vertex 23.0162 4.60336 12.0706
      vertex 28 3.56218 14
      vertex 29.3369 4.1574 14
    endloop
  endfacet
  facet normal -0.22111 0.496789 0.839232
    outer loop
      vertex 28 3.56218 14
      vertex 23.0162 4.60336 12.0706
      vertex 23.0788 4.00719 12.44
    endloop
  endfacet
  facet normal -0.330255 -0.454645 0.827182
    outer loop
      vertex 22.2019 -7.30059 12.3784
      vertex 22.1666 -7.40922 12.3046
      vertex 26.8161 -7.70201 14
    endloop
  endfacet
  facet normal -0.330258 -0.454617 0.827196
    outer loop
      vertex 21.9646 -8.03087 11.8823
      vertex 26.8161 -7.70201 14
      vertex 22.1666 -7.40922 12.3046
    endloop
  endfacet
  facet normal -0.330271 -0.45457 0.827217
    outer loop
      vertex 26.8161 -7.70201 14
      vertex 21.9646 -8.03087 11.8823
      vertex 28 -8.56218 14
    endloop
  endfacet
  facet normal -0.307351 0.0998609 0.946342
    outer loop
      vertex 25.1052 0.347156 14
      vertex 23.5 0 13.5153
      vertex 24.653 -1.04462 14
    endloop
  endfacet
  facet normal -0.307359 0.0999094 0.946334
    outer loop
      vertex 23.5 0 13.5153
      vertex 25.1052 0.347156 14
      vertex 23.4283 0.682098 13.42
    endloop
  endfacet
  facet normal -0.307333 0.0998825 0.946346
    outer loop
      vertex 24.653 -1.04462 14
      vertex 23.5 0 13.5153
      vertex 23.4222 -0.740592 13.5682
    endloop
  endfacet
  facet normal -0.153985 0.72445 0.671908
    outer loop
      vertex 22.973 4.92734 11.7114
      vertex 29.3369 4.1574 14
      vertex 30.7683 4.46165 14
    endloop
  endfacet
  facet normal -0.154014 0.724378 0.67198
    outer loop
      vertex 29.3369 4.1574 14
      vertex 22.9865 4.88592 11.7592
      vertex 23.0162 4.60336 12.0706
    endloop
  endfacet
  facet normal -0.153802 0.724839 0.671531
    outer loop
      vertex 29.3369 4.1574 14
      vertex 22.973 4.92734 11.7114
      vertex 22.9865 4.88592 11.7592
    endloop
  endfacet
  facet normal -0.291947 0.168555 0.941465
    outer loop
      vertex 23.2884 2.01282 13.1384
      vertex 25.1052 0.347156 14
      vertex 25.8369 1.6145 14
    endloop
  endfacet
  facet normal -0.291967 0.168532 0.941463
    outer loop
      vertex 25.1052 0.347156 14
      vertex 23.2884 2.01282 13.1384
      vertex 23.4283 0.682098 13.42
    endloop
  endfacet
  facet normal -0.1965 -0.924373 0.326989
    outer loop
      vertex 21.7747 -8.6155 10.9874
      vertex 21.76 -8.66059 10.8511
      vertex 30.7683 -9.46165 14
    endloop
  endfacet
  facet normal -0.297849 -0.668941 0.681032
    outer loop
      vertex 21.8483 -8.38876 11.4799
      vertex 28 -8.56218 14
      vertex 21.9646 -8.03087 11.8823
    endloop
  endfacet
  facet normal -0.29784 -0.668967 0.681009
    outer loop
      vertex 28 -8.56218 14
      vertex 21.8483 -8.38876 11.4799
      vertex 29.3369 -9.1574 14
    endloop
  endfacet
  facet normal -0.340412 -0.19657 0.9195
    outer loop
      vertex 22.5546 -6.21503 12.8702
      vertex 25.1052 -5.34716 14
      vertex 22.8969 -5.16172 13.2221
    endloop
  endfacet
  facet normal -0.340422 -0.196543 0.919502
    outer loop
      vertex 25.1052 -5.34716 14
      vertex 22.5546 -6.21503 12.8702
      vertex 25.8369 -6.6145 14
    endloop
  endfacet
  facet normal -0.323368 0.0339962 0.945662
    outer loop
      vertex 23.2752 -2.13884 13.5682
      vertex 24.653 -1.04462 14
      vertex 23.4222 -0.740592 13.5682
    endloop
  endfacet
  facet normal -0.323367 0.0339946 0.945663
    outer loop
      vertex 24.653 -1.04462 14
      vertex 23.2752 -2.13884 13.5682
      vertex 24.5 -2.5 14
    endloop
  endfacet
  facet normal -0.332527 -0.000141 0.943094
    outer loop
      vertex 23.2752 -2.13884 13.5682
      vertex 23.2478 -2.39966 13.5585
      vertex 24.5 -2.5 14
    endloop
  endfacet
  facet normal -0.334818 -0.0351984 0.941625
    outer loop
      vertex 23.1048 -3.76007 13.4568
      vertex 24.5 -2.5 14
      vertex 23.2478 -2.39966 13.5585
    endloop
  endfacet
  facet normal -0.334818 -0.0351985 0.941625
    outer loop
      vertex 24.5 -2.5 14
      vertex 23.1048 -3.76007 13.4568
      vertex 24.653 -3.95538 14
    endloop
  endfacet
  facet normal -0.33843 -0.109974 0.934543
    outer loop
      vertex 22.9865 -4.88592 13.287
      vertex 24.653 -3.95538 14
      vertex 23.0977 -3.82768 13.4518
    endloop
  endfacet
  facet normal -0.338437 -0.109961 0.934542
    outer loop
      vertex 24.653 -3.95538 14
      vertex 22.9865 -4.88592 13.287
      vertex 25.1052 -5.34716 14
    endloop
  endfacet
  facet normal -0.338461 -0.110111 0.934516
    outer loop
      vertex 25.1052 -5.34716 14
      vertex 22.9865 -4.88592 13.287
      vertex 22.9251 -5.07486 13.2425
    endloop
  endfacet
  facet normal -0.254187 0.349851 0.901661
    outer loop
      vertex 23.0788 4.00719 12.44
      vertex 26.8161 2.70201 14
      vertex 28 3.56218 14
    endloop
  endfacet
  facet normal -0.254175 0.349877 0.901655
    outer loop
      vertex 26.8161 2.70201 14
      vertex 23.0788 4.00719 12.44
      vertex 23.1703 3.1369 12.8035
    endloop
  endfacet
  facet normal -0.34043 -0.196729 0.919459
    outer loop
      vertex 22.5546 -6.21503 12.8702
      vertex 22.5172 -6.33025 12.8317
      vertex 25.8369 -6.6145 14
    endloop
  endfacet
  facet normal 0 0 -1
    outer loop
      vertex 10.2 -7.63261 -3
      vertex 5.2 0 -3
      vertex 10.2 5.7 -3
    endloop
  endfacet
  facet normal 0 0 -1
    outer loop
      vertex 10.2 -7.63261 -3
      vertex 5.08637 -1.08114 -3
      vertex 5.2 0 -3
    endloop
  endfacet
  facet normal 0 0 -1
    outer loop
      vertex 10.2 -7.63261 -3
      vertex 4.75044 -2.11503 -3
      vertex 5.08637 -1.08114 -3
    endloop
  endfacet
  facet normal 0 0 -1
    outer loop
      vertex 10.2 -7.63261 -3
      vertex 4.20689 -3.05648 -3
      vertex 4.75044 -2.11503 -3
    endloop
  endfacet
  facet normal 0 0 -1
    outer loop
      vertex 10.2 -7.63261 -3
      vertex 3.47948 -3.86435 -3
      vertex 4.20689 -3.05648 -3
    endloop
  endfacet
  facet normal 0 0 -1
    outer loop
      vertex 10.2 -7.63261 -3
      vertex 2.6 -4.50333 -3
      vertex 3.47948 -3.86435 -3
    endloop
  endfacet
  facet normal 0 0 -1
    outer loop
      vertex 10.2 -7.63261 -3
      vertex 1.60689 -4.94549 -3
      vertex 2.6 -4.50333 -3
    endloop
  endfacet
  facet normal 0 0 -1
    outer loop
      vertex -0.70034 -6.6633 -3
      vertex 1.60689 -4.94549 -3
      vertex 10.2 -7.63261 -3
    endloop
  endfacet
  facet normal 0 0 -1
    outer loop
      vertex 1.60689 -4.94549 -3
      vertex -0.70034 -6.6633 -3
      vertex 0.543548 -5.17151 -3
    endloop
  endfacet
  facet normal -0 0 -1
    outer loop
      vertex 0.543548 -5.17151 -3
      vertex -0.70034 -6.6633 -3
      vertex -0.543548 -5.17151 -3
    endloop
  endfacet
  facet normal 0 0 -1
    outer loop
      vertex -0.70034 -6.6633 -3
      vertex -1.60689 -4.94549 -3
      vertex -0.543548 -5.17151 -3
    endloop
  endfacet
  facet normal 0 0 -1
    outer loop
      vertex -2.07041 -6.37208 -3
      vertex -1.60689 -4.94549 -3
      vertex -0.70034 -6.6633 -3
    endloop
  endfacet
  facet normal 0 0 -1
    outer loop
      vertex -2.07041 -6.37208 -3
      vertex -2.6 -4.50333 -3
      vertex -1.60689 -4.94549 -3
    endloop
  endfacet
  facet normal 0 0 -1
    outer loop
      vertex -3.35 -5.80237 -3
      vertex -2.6 -4.50333 -3
      vertex -2.07041 -6.37208 -3
    endloop
  endfacet
  facet normal 0 0 -1
    outer loop
      vertex -3.35 -5.80237 -3
      vertex -3.47948 -3.86435 -3
      vertex -2.6 -4.50333 -3
    endloop
  endfacet
  facet normal 0 0 -1
    outer loop
      vertex -4.48317 -4.97907 -3
      vertex -3.47948 -3.86435 -3
      vertex -3.35 -5.80237 -3
    endloop
  endfacet
  facet normal -0 0 -1
    outer loop
      vertex -3.47948 -3.86435 -3
      vertex -4.48317 -4.97907 -3
      vertex -4.20689 -3.05648 -3
    endloop
  endfacet
  facet normal 0 0 -1
    outer loop
      vertex -5.42041 -3.93816 -3
      vertex -4.20689 -3.05648 -3
      vertex -4.48317 -4.97907 -3
    endloop
  endfacet
  facet normal -0 0 -1
    outer loop
      vertex -4.20689 -3.05648 -3
      vertex -5.42041 -3.93816 -3
      vertex -4.75044 -2.11503 -3
    endloop
  endfacet
  facet normal -0 0 -1
    outer loop
      vertex -4.75044 -2.11503 -3
      vertex -6.12075 -2.72513 -3
      vertex -5.08637 -1.08114 -3
    endloop
  endfacet
  facet normal 0 0 -1
    outer loop
      vertex -6.12075 -2.72513 -3
      vertex -4.75044 -2.11503 -3
      vertex -5.42041 -3.93816 -3
    endloop
  endfacet
  facet normal 0 0 -1
    outer loop
      vertex 5.08637 1.08114 -3
      vertex 10.2 5.7 -3
      vertex 5.2 0 -3
    endloop
  endfacet
  facet normal 0 0 -1
    outer loop
      vertex 4.75044 2.11503 -3
      vertex 10.2 5.7 -3
      vertex 5.08637 1.08114 -3
    endloop
  endfacet
  facet normal 0 0 -1
    outer loop
      vertex 4.20689 3.05648 -3
      vertex 10.2 5.7 -3
      vertex 4.75044 2.11503 -3
    endloop
  endfacet
  facet normal 0 0 -1
    outer loop
      vertex 3.47948 3.86435 -3
      vertex 10.2 5.7 -3
      vertex 4.20689 3.05648 -3
    endloop
  endfacet
  facet normal 0 0 -1
    outer loop
      vertex 2.6 4.50333 -3
      vertex 10.2 5.7 -3
      vertex 3.47948 3.86435 -3
    endloop
  endfacet
  facet normal 0 0 -1
    outer loop
      vertex 1.60689 4.94549 -3
      vertex 10.2 5.7 -3
      vertex 2.6 4.50333 -3
    endloop
  endfacet
  facet normal 0 0 -1
    outer loop
      vertex 0.543548 5.17151 -3
      vertex 10.2 5.7 -3
      vertex 1.60689 4.94549 -3
    endloop
  endfacet
  facet normal 0 0 -1
    outer loop
      vertex -6.7 5.7 -3
      vertex 0.543548 5.17151 -3
      vertex -0.543548 5.17151 -3
    endloop
  endfacet
  facet normal 0 0 -1
    outer loop
      vertex -6.55359 -1.39301 -3
      vertex -5.08637 -1.08114 -3
      vertex -6.12075 -2.72513 -3
    endloop
  endfacet
  facet normal -0 0 -1
    outer loop
      vertex -5.08637 -1.08114 -3
      vertex -6.55359 -1.39301 -3
      vertex -5.2 0 -3
    endloop
  endfacet
  facet normal 0 0 -1
    outer loop
      vertex -6.7 0 -3
      vertex -5.2 0 -3
      vertex -6.55359 -1.39301 -3
    endloop
  endfacet
  facet normal 0 0 -1
    outer loop
      vertex -5.2 0 -3
      vertex -6.7 0 -3
      vertex -5.08637 1.08114 -3
    endloop
  endfacet
  facet normal -0 0 -1
    outer loop
      vertex -5.08637 1.08114 -3
      vertex -6.7 0 -3
      vertex -4.75044 2.11503 -3
    endloop
  endfacet
  facet normal 0 0 -1
    outer loop
      vertex -6.7 5.7 -3
      vertex -4.75044 2.11503 -3
      vertex -6.7 0 -3
    endloop
  endfacet
  facet normal 0 0 -1
    outer loop
      vertex 0.543548 5.17151 -3
      vertex -6.7 5.7 -3
      vertex 10.2 5.7 -3
    endloop
  endfacet
  facet normal 0 0 -1
    outer loop
      vertex -1.60689 4.94549 -3
      vertex -6.7 5.7 -3
      vertex -0.543548 5.17151 -3
    endloop
  endfacet
  facet normal 0 0 -1
    outer loop
      vertex -2.6 4.50333 -3
      vertex -6.7 5.7 -3
      vertex -1.60689 4.94549 -3
    endloop
  endfacet
  facet normal 0 0 -1
    outer loop
      vertex -3.47948 3.86435 -3
      vertex -6.7 5.7 -3
      vertex -2.6 4.50333 -3
    endloop
  endfacet
  facet normal 0 0 -1
    outer loop
      vertex -4.20689 3.05648 -3
      vertex -6.7 5.7 -3
      vertex -3.47948 3.86435 -3
    endloop
  endfacet
  facet normal 0 0 -1
    outer loop
      vertex -4.75044 2.11503 -3
      vertex -6.7 5.7 -3
      vertex -4.20689 3.05648 -3
    endloop
  endfacet
  facet normal 0 0 -1
    outer loop
      vertex 32.2317 -9.46165 -3
      vertex 34.2 -8.91836 -3
      vertex 33.6631 -9.1574 -3
    endloop
  endfacet
  facet normal 0 0 -1
    outer loop
      vertex 30.7683 -9.46165 -3
      vertex 34.2 -8.91836 -3
      vertex 32.2317 -9.46165 -3
    endloop
  endfacet
  facet normal -0 0 -1
    outer loop
      vertex 34.2 -8.91836 -3
      vertex 30.7683 -9.46165 -3
      vertex 34.2 3.91836 -3
    endloop
  endfacet
  facet normal 0 0 -1
    outer loop
      vertex 34.2 3.91836 -3
      vertex 32.2317 4.46165 -3
      vertex 33.6631 4.1574 -3
    endloop
  endfacet
  facet normal -0 0 -1
    outer loop
      vertex 34.2 3.91836 -3
      vertex 30.7683 -9.46165 -3
      vertex 32.2317 4.46165 -3
    endloop
  endfacet
  facet normal 0 0 -1
    outer loop
      vertex 14.2 -7.98831 -3
      vertex 32.2317 4.46165 -3
      vertex 30.7683 -9.46165 -3
    endloop
  endfacet
  facet normal -0 0 -1
    outer loop
      vertex 32.2317 4.46165 -3
      vertex 14.2 -7.98831 -3
      vertex 14.4964 5.7 -3
    endloop
  endfacet
  facet normal -0 -0 -1
    outer loop
      vertex 14.2 -7.98831 -3
      vertex 30.7683 -9.46165 -3
      vertex 10.2 -7.63261 -3
    endloop
  endfacet
  facet normal -0 0 -1
    outer loop
      vertex 14.4964 5.7 -3
      vertex 14.2 -7.98831 -3
      vertex 14.2 5.7 -3
    endloop
  endfacet
  facet normal 0 0 1
    outer loop
      vertex 32.2317 4.46165 14
      vertex 31.3641 2.6824 14
      vertex 32.3739 4.43142 14
    endloop
  endfacet
  facet normal -0 0 1
    outer loop
      vertex 30.7683 4.46165 14
      vertex 31.3641 2.6824 14
      vertex 32.2317 4.46165 14
    endloop
  endfacet
  facet normal -0 0 1
    outer loop
      vertex 29.3369 4.1574 14
      vertex 31.3641 2.6824 14
      vertex 30.7683 4.46165 14
    endloop
  endfacet
  facet normal -0 0 1
    outer loop
      vertex 28 3.56218 14
      vertex 31.3641 2.6824 14
      vertex 29.3369 4.1574 14
    endloop
  endfacet
  facet normal 0 0 1
    outer loop
      vertex 31.3641 2.6824 14
      vertex 28 3.56218 14
      vertex 29.3748 -1.44248 14
    endloop
  endfacet
  facet normal -0 0 1
    outer loop
      vertex 26.8161 2.70201 14
      vertex 29.3748 -1.44248 14
      vertex 28 3.56218 14
    endloop
  endfacet
  facet normal -0 0 1
    outer loop
      vertex 25.8369 1.6145 14
      vertex 29.3748 -1.44248 14
      vertex 26.8161 2.70201 14
    endloop
  endfacet
  facet normal 0 0 1
    outer loop
      vertex 30.3822 -6.66026 14
      vertex 30.7683 -9.46165 14
      vertex 31.2924 -9.46165 14
    endloop
  endfacet
  facet normal 0 0 1
    outer loop
      vertex 30.3822 -6.66026 14
      vertex 29.3369 -9.1574 14
      vertex 30.7683 -9.46165 14
    endloop
  endfacet
  facet normal -0 0 1
    outer loop
      vertex 25.8369 -6.6145 14
      vertex 30.3822 -6.66026 14
      vertex 29.2068 -3.04057 14
    endloop
  endfacet
  facet normal 0 0 1
    outer loop
      vertex 24.653 -3.95538 14
      vertex 29.2068 -3.04057 14
      vertex 29.15 -2.5 14
    endloop
  endfacet
  facet normal -0 0 1
    outer loop
      vertex 25.1052 0.347156 14
      vertex 29.3748 -1.44248 14
      vertex 25.8369 1.6145 14
    endloop
  endfacet
  facet normal 0 0 1
    outer loop
      vertex 30.3822 -6.66026 14
      vertex 28 -8.56218 14
      vertex 29.3369 -9.1574 14
    endloop
  endfacet
  facet normal 0 0 1
    outer loop
      vertex 29.3748 -1.44248 14
      vertex 25.1052 0.347156 14
      vertex 29.2068 -1.95943 14
    endloop
  endfacet
  facet normal 0 0 1
    outer loop
      vertex 30.3822 -6.66026 14
      vertex 26.8161 -7.70201 14
      vertex 28 -8.56218 14
    endloop
  endfacet
  facet normal -0 0 1
    outer loop
      vertex 24.653 -1.04462 14
      vertex 29.2068 -1.95943 14
      vertex 25.1052 0.347156 14
    endloop
  endfacet
  facet normal 0 0 1
    outer loop
      vertex 30.3822 -6.66026 14
      vertex 25.8369 -6.6145 14
      vertex 26.8161 -7.70201 14
    endloop
  endfacet
  facet normal 0 0 1
    outer loop
      vertex 29.2068 -1.95943 14
      vertex 24.653 -1.04462 14
      vertex 29.15 -2.5 14
    endloop
  endfacet
  facet normal 0 0 1
    outer loop
      vertex 29.2068 -3.04057 14
      vertex 25.1052 -5.34716 14
      vertex 25.8369 -6.6145 14
    endloop
  endfacet
  facet normal 0 0 1
    outer loop
      vertex 24.5 -2.5 14
      vertex 29.15 -2.5 14
      vertex 24.653 -1.04462 14
    endloop
  endfacet
  facet normal 0 0 1
    outer loop
      vertex 29.2068 -3.04057 14
      vertex 24.653 -3.95538 14
      vertex 25.1052 -5.34716 14
    endloop
  endfacet
  facet normal 0 0 1
    outer loop
      vertex 29.15 -2.5 14
      vertex 24.5 -2.5 14
      vertex 24.653 -3.95538 14
    endloop
  endfacet
  facet normal 0 0 1
    outer loop
      vertex 32.4604 2.19431 14
      vertex 34.2 3.91836 14
      vertex 33.6631 4.1574 14
    endloop
  endfacet
  facet normal 0 0 1
    outer loop
      vertex 34.2 3.91836 14
      vertex 32.4604 2.19431 14
      vertex 34.2 -8.91836 14
    endloop
  endfacet
  facet normal 0 0 1
    outer loop
      vertex 32.4604 2.19431 14
      vertex 33.6631 4.1574 14
      vertex 33.6013 4.17053 14
    endloop
  endfacet
  facet normal -0 0 1
    outer loop
      vertex 31.5559 -6.41076 14
      vertex 34.2 -8.91836 14
      vertex 32.4604 2.19431 14
    endloop
  endfacet
  facet normal 0 0 1
    outer loop
      vertex 34.2 -8.91836 14
      vertex 31.5559 -6.41076 14
      vertex 33.6631 -9.1574 14
    endloop
  endfacet
  facet normal 0 -0 1
    outer loop
      vertex 32.4604 -9.19431 14
      vertex 33.6631 -9.1574 14
      vertex 31.5559 -6.41076 14
    endloop
  endfacet
  facet normal 0 0 1
    outer loop
      vertex 33.6631 -9.1574 14
      vertex 32.4604 -9.19431 14
      vertex 32.5728 -9.38914 14
    endloop
  endfacet
  facet normal -0 0 1
    outer loop
      vertex 30.471 -1.93057 14
      vertex 31.5559 -6.41076 14
      vertex 32.4604 2.19431 14
    endloop
  endfacet
  facet normal 0 0 1
    outer loop
      vertex 30.3806 -2.79108 14
      vertex 30.471 -1.93057 14
      vertex 30.3806 -2.20892 14
    endloop
  endfacet
  facet normal 0 0 1
    outer loop
      vertex 30.471 -1.93057 14
      vertex 30.3806 -2.79108 14
      vertex 31.5559 -6.41076 14
    endloop
  endfacet
  facet normal 0 -0 1
    outer loop
      vertex 30.3806 -2.79108 14
      vertex 30.3806 -2.20892 14
      vertex 30.35 -2.5 14
    endloop
  endfacet
  facet normal -0.951013 -0.30915 0
    outer loop
      vertex 22.9865 4.88592 3
      vertex 22.9129 5.11233 10.7491
      vertex 22.9129 5.11233 3
    endloop
  endfacet
  facet normal -0.951013 -0.30915 -0
    outer loop
      vertex 22.9865 4.88592 11.7592
      vertex 22.9129 5.11233 10.7491
      vertex 22.9865 4.88592 3
    endloop
  endfacet
  facet normal -0.951614 -0.307297 0.000459091
    outer loop
      vertex 22.9129 5.11233 10.7491
      vertex 22.9865 4.88592 11.7592
      vertex 22.9141 5.10872 10.8201
    endloop
  endfacet
  facet normal -0.950671 -0.310201 -0.000302624
    outer loop
      vertex 22.9141 5.10872 10.8201
      vertex 22.9865 4.88592 11.7592
      vertex 22.973 4.92734 11.7114
    endloop
  endfacet
  facet normal -0.994523 -0.104522 0
    outer loop
      vertex 23.5 0 3
      vertex 22.9865 4.88592 11.7592
      vertex 22.9865 4.88592 3
    endloop
  endfacet
  facet normal -0.994523 -0.104515 -4.36692e-06
    outer loop
      vertex 23.1703 3.1369 12.8035
      vertex 22.9865 4.88592 11.7592
      vertex 23.5 0 3
    endloop
  endfacet
  facet normal -0.994546 -0.104295 0.000220191
    outer loop
      vertex 22.9865 4.88592 11.7592
      vertex 23.0788 4.00719 12.44
      vertex 23.0162 4.60336 12.0706
    endloop
  endfacet
  facet normal -0.994506 -0.104675 -0.000276885
    outer loop
      vertex 22.9865 4.88592 11.7592
      vertex 23.1703 3.1369 12.8035
      vertex 23.0788 4.00719 12.44
    endloop
  endfacet
  facet normal -0.994526 -0.104492 -1.1641e-05
    outer loop
      vertex 23.1703 3.1369 12.8035
      vertex 23.5 0 3
      vertex 23.2884 2.01282 13.1384
    endloop
  endfacet
  facet normal -0.994519 -0.104555 9.01464e-07
    outer loop
      vertex 23.2884 2.01282 13.1384
      vertex 23.5 0 3
      vertex 23.4283 0.682098 13.42
    endloop
  endfacet
  facet normal -0.994521 -0.104541 0
    outer loop
      vertex 23.4283 0.682098 13.42
      vertex 23.5 0 3
      vertex 23.5 0 13.5153
    endloop
  endfacet
  facet normal -0.994527 0.104476 0
    outer loop
      vertex 23.5 0 3
      vertex 23.4222 -0.740592 13.5682
      vertex 23.5 0 13.5153
    endloop
  endfacet
  facet normal -0.994519 0.104555 5.60825e-06
    outer loop
      vertex 23.5 0 3
      vertex 23.2752 -2.13884 13.5682
      vertex 23.4222 -0.740592 13.5682
    endloop
  endfacet
  facet normal -0.994527 0.104479 -1.00701e-05
    outer loop
      vertex 23.5 0 3
      vertex 23.2478 -2.39966 13.5585
      vertex 23.2752 -2.13884 13.5682
    endloop
  endfacet
  facet normal -0.994523 0.104522 -6.96713e-08
    outer loop
      vertex 22.9865 -4.88592 3
      vertex 23.2478 -2.39966 13.5585
      vertex 23.5 0 3
    endloop
  endfacet
  facet normal -0.994521 0.10454 -4.23201e-06
    outer loop
      vertex 23.2478 -2.39966 13.5585
      vertex 22.9865 -4.88592 3
      vertex 23.1048 -3.76007 13.4568
    endloop
  endfacet
  facet normal -0.994531 0.104439 6.70437e-06
    outer loop
      vertex 23.1048 -3.76007 13.4568
      vertex 22.9865 -4.88592 3
      vertex 23.0977 -3.82768 13.4518
    endloop
  endfacet
  facet normal -0.994524 0.104505 0
    outer loop
      vertex 23.0977 -3.82768 13.4518
      vertex 22.9865 -4.88592 3
      vertex 22.9865 -4.88592 13.287
    endloop
  endfacet
  facet normal -0.951042 0.309061 0
    outer loop
      vertex 22.9865 -4.88592 3
      vertex 22.9251 -5.07486 13.2425
      vertex 22.9865 -4.88592 13.287
    endloop
  endfacet
  facet normal -0.951129 0.308795 -5.42457e-06
    outer loop
      vertex 22.9865 -4.88592 3
      vertex 22.8969 -5.16172 13.2221
      vertex 22.9251 -5.07486 13.2425
    endloop
  endfacet
  facet normal -0.951041 0.309064 2.60554e-06
    outer loop
      vertex 22.9865 -4.88592 3
      vertex 22.5546 -6.21503 12.8702
      vertex 22.8969 -5.16172 13.2221
    endloop
  endfacet
  facet normal -0.951057 0.309017 -4.48754e-06
    outer loop
      vertex 21.76 -8.66059 10.8511
      vertex 22.5546 -6.21503 12.8702
      vertex 22.9865 -4.88592 3
    endloop
  endfacet
  facet normal -0.951207 0.308552 0.000617266
    outer loop
      vertex 22.5546 -6.21503 12.8702
      vertex 21.76 -8.66059 10.8511
      vertex 22.5172 -6.33025 12.8317
    endloop
  endfacet
  facet normal -0.951057 0.309015 1.56573e-05
    outer loop
      vertex 22.5172 -6.33025 12.8317
      vertex 21.76 -8.66059 10.8511
      vertex 22.2449 -7.16829 12.4402
    endloop
  endfacet
  facet normal -0.951019 0.309132 -0.000106073
    outer loop
      vertex 22.1666 -7.40922 12.3046
      vertex 22.2449 -7.16829 12.4402
      vertex 21.76 -8.66059 10.8511
    endloop
  endfacet
  facet normal -0.95099 0.309221 -0.000280583
    outer loop
      vertex 22.2449 -7.16829 12.4402
      vertex 22.1666 -7.40922 12.3046
      vertex 22.2019 -7.30059 12.3784
    endloop
  endfacet
  facet normal -0.951043 0.309057 -3.51145e-05
    outer loop
      vertex 22.1666 -7.40922 12.3046
      vertex 21.76 -8.66059 10.8511
      vertex 21.9646 -8.03087 11.8823
    endloop
  endfacet
  facet normal -0.951426 0.307878 0.000761208
    outer loop
      vertex 21.7747 -8.6155 10.9874
      vertex 21.9646 -8.03087 11.8823
      vertex 21.76 -8.66059 10.8511
    endloop
  endfacet
  facet normal -0.95101 0.30916 -0.000212584
    outer loop
      vertex 21.8483 -8.38876 11.4799
      vertex 21.7747 -8.6155 10.9874
      vertex 21.8153 -8.49035 11.3657
    endloop
  endfacet
  facet normal -0.951054 0.309025 0
    outer loop
      vertex 21.76 -8.66059 10.8511
      vertex 22.9865 -4.88592 3
      vertex 21.76 -8.66059 3
    endloop
  endfacet
  facet normal -0.950937 0.309383 -0.000326126
    outer loop
      vertex 21.9646 -8.03087 11.8823
      vertex 21.7747 -8.6155 10.9874
      vertex 21.8483 -8.38876 11.4799
    endloop
  endfacet
  facet normal 0 0 1
    outer loop
      vertex 14.4964 5.7 3
      vertex 5.08637 1.08114 3
      vertex 5.2 0 3
    endloop
  endfacet
  facet normal 0 0 1
    outer loop
      vertex 14.4964 5.7 3
      vertex 4.75044 2.11503 3
      vertex 5.08637 1.08114 3
    endloop
  endfacet
  facet normal 0 0 1
    outer loop
      vertex 14.4964 5.7 3
      vertex 4.20689 3.05648 3
      vertex 4.75044 2.11503 3
    endloop
  endfacet
  facet normal 0 0 1
    outer loop
      vertex 14.4964 5.7 3
      vertex 3.47948 3.86435 3
      vertex 4.20689 3.05648 3
    endloop
  endfacet
  facet normal 0 0 1
    outer loop
      vertex 14.4964 5.7 3
      vertex 2.6 4.50333 3
      vertex 3.47948 3.86435 3
    endloop
  endfacet
  facet normal 0 0 1
    outer loop
      vertex 14.4964 5.7 3
      vertex 1.60689 4.94549 3
      vertex 2.6 4.50333 3
    endloop
  endfacet
  facet normal 0 0 1
    outer loop
      vertex 14.4964 5.7 3
      vertex 0.543548 5.17151 3
      vertex 1.60689 4.94549 3
    endloop
  endfacet
  facet normal -0 0 1
    outer loop
      vertex -6.7 5.7 3
      vertex 0.543548 5.17151 3
      vertex 14.4964 5.7 3
    endloop
  endfacet
  facet normal 0 0 1
    outer loop
      vertex -4.75044 -2.11503 3
      vertex -6.12075 -2.72513 3
      vertex -5.42041 -3.93816 3
    endloop
  endfacet
  facet normal 0 0 1
    outer loop
      vertex -6.7 0 3
      vertex -5.2 0 3
      vertex -5.08637 1.08114 3
    endloop
  endfacet
  facet normal 0 0 1
    outer loop
      vertex -5.08637 -1.08114 3
      vertex -6.55359 -1.39301 3
      vertex -6.12075 -2.72513 3
    endloop
  endfacet
  facet normal 0 0 1
    outer loop
      vertex -6.7 0 3
      vertex -5.08637 1.08114 3
      vertex -4.75044 2.11503 3
    endloop
  endfacet
  facet normal 0 0 1
    outer loop
      vertex 0.543548 5.17151 3
      vertex -6.7 5.7 3
      vertex -0.543548 5.17151 3
    endloop
  endfacet
  facet normal 0 0 1
    outer loop
      vertex -6.7 5.7 3
      vertex -1.60689 4.94549 3
      vertex -0.543548 5.17151 3
    endloop
  endfacet
  facet normal 0 0 1
    outer loop
      vertex -6.7 5.7 3
      vertex -2.6 4.50333 3
      vertex -1.60689 4.94549 3
    endloop
  endfacet
  facet normal 0 0 1
    outer loop
      vertex -6.7 5.7 3
      vertex -3.47948 3.86435 3
      vertex -2.6 4.50333 3
    endloop
  endfacet
  facet normal 0 0 1
    outer loop
      vertex -6.7 5.7 3
      vertex -4.20689 3.05648 3
      vertex -3.47948 3.86435 3
    endloop
  endfacet
  facet normal 0 0 1
    outer loop
      vertex -6.7 5.7 3
      vertex -4.75044 2.11503 3
      vertex -4.20689 3.05648 3
    endloop
  endfacet
  facet normal 0 0 1
    outer loop
      vertex -6.7 0 3
      vertex -4.75044 2.11503 3
      vertex -6.7 5.7 3
    endloop
  endfacet
  facet normal 0 0 1
    outer loop
      vertex -5.2 0 3
      vertex -6.7 0 3
      vertex -6.55359 -1.39301 3
    endloop
  endfacet
  facet normal 0 0 1
    outer loop
      vertex 14.4964 5.7 3
      vertex 23.5 0 3
      vertex 22.9865 4.88592 3
    endloop
  endfacet
  facet normal 0 0 1
    outer loop
      vertex 14.4964 5.7 3
      vertex 22.9865 4.88592 3
      vertex 22.9129 5.11233 3
    endloop
  endfacet
  facet normal 0 0 1
    outer loop
      vertex 23.5 0 3
      vertex 14.4964 5.7 3
      vertex 22.9865 -4.88592 3
    endloop
  endfacet
  facet normal -0 0 1
    outer loop
      vertex 5.08637 -1.08114 3
      vertex 22.9865 -4.88592 3
      vertex 14.4964 5.7 3
    endloop
  endfacet
  facet normal 0 0 1
    outer loop
      vertex 5.08637 -1.08114 3
      vertex 14.4964 5.7 3
      vertex 5.2 0 3
    endloop
  endfacet
  facet normal 0 0 1
    outer loop
      vertex 22.9865 -4.88592 3
      vertex 5.08637 -1.08114 3
      vertex 21.76 -8.66059 3
    endloop
  endfacet
  facet normal -0 0 1
    outer loop
      vertex 4.75044 -2.11503 3
      vertex 21.76 -8.66059 3
      vertex 5.08637 -1.08114 3
    endloop
  endfacet
  facet normal -0 0 1
    outer loop
      vertex 4.20689 -3.05648 3
      vertex 21.76 -8.66059 3
      vertex 4.75044 -2.11503 3
    endloop
  endfacet
  facet normal -0 0 1
    outer loop
      vertex 3.47948 -3.86435 3
      vertex 21.76 -8.66059 3
      vertex 4.20689 -3.05648 3
    endloop
  endfacet
  facet normal -0 0 1
    outer loop
      vertex 2.6 -4.50333 3
      vertex 21.76 -8.66059 3
      vertex 3.47948 -3.86435 3
    endloop
  endfacet
  facet normal 0 0 1
    outer loop
      vertex -0.70034 -6.6633 3
      vertex 2.6 -4.50333 3
      vertex 1.60689 -4.94549 3
    endloop
  endfacet
  facet normal 0 0 1
    outer loop
      vertex -0.70034 -6.6633 3
      vertex 1.60689 -4.94549 3
      vertex 0.543548 -5.17151 3
    endloop
  endfacet
  facet normal 0 0 1
    outer loop
      vertex -0.70034 -6.6633 3
      vertex 0.543548 -5.17151 3
      vertex -0.543548 -5.17151 3
    endloop
  endfacet
  facet normal 0 0 1
    outer loop
      vertex 2.6 -4.50333 3
      vertex -0.70034 -6.6633 3
      vertex 21.76 -8.66059 3
    endloop
  endfacet
  facet normal 0 0 1
    outer loop
      vertex -1.60689 -4.94549 3
      vertex -0.70034 -6.6633 3
      vertex -0.543548 -5.17151 3
    endloop
  endfacet
  facet normal 0 0 1
    outer loop
      vertex -1.60689 -4.94549 3
      vertex -2.07041 -6.37208 3
      vertex -0.70034 -6.6633 3
    endloop
  endfacet
  facet normal 0 0 1
    outer loop
      vertex -2.6 -4.50333 3
      vertex -2.07041 -6.37208 3
      vertex -1.60689 -4.94549 3
    endloop
  endfacet
  facet normal 0 0 1
    outer loop
      vertex -2.6 -4.50333 3
      vertex -3.35 -5.80237 3
      vertex -2.07041 -6.37208 3
    endloop
  endfacet
  facet normal 0 0 1
    outer loop
      vertex -3.47948 -3.86435 3
      vertex -3.35 -5.80237 3
      vertex -2.6 -4.50333 3
    endloop
  endfacet
  facet normal 0 0 1
    outer loop
      vertex -4.48317 -4.97907 3
      vertex -3.47948 -3.86435 3
      vertex -4.20689 -3.05648 3
    endloop
  endfacet
  facet normal 0 0 1
    outer loop
      vertex -3.47948 -3.86435 3
      vertex -4.48317 -4.97907 3
      vertex -3.35 -5.80237 3
    endloop
  endfacet
  facet normal 0 0 1
    outer loop
      vertex -5.42041 -3.93816 3
      vertex -4.20689 -3.05648 3
      vertex -4.75044 -2.11503 3
    endloop
  endfacet
  facet normal 0 0 1
    outer loop
      vertex -6.12075 -2.72513 3
      vertex -4.75044 -2.11503 3
      vertex -5.08637 -1.08114 3
    endloop
  endfacet
  facet normal 0 0 1
    outer loop
      vertex -4.20689 -3.05648 3
      vertex -5.42041 -3.93816 3
      vertex -4.48317 -4.97907 3
    endloop
  endfacet
  facet normal 0 0 1
    outer loop
      vertex -6.55359 -1.39301 3
      vertex -5.08637 -1.08114 3
      vertex -5.2 0 3
    endloop
  endfacet
  facet normal 0.743145 0.669131 0
    outer loop
      vertex -3.47948 -3.86435 3
      vertex -4.20689 -3.05648 -3
      vertex -4.20689 -3.05648 3
    endloop
  endfacet
  facet normal 0.743145 0.669131 0
    outer loop
      vertex -4.20689 -3.05648 -3
      vertex -3.47948 -3.86435 3
      vertex -3.47948 -3.86435 -3
    endloop
  endfacet
  facet normal -0.951057 -0.309016 0
    outer loop
      vertex 5.08637 1.08114 -3
      vertex 4.75044 2.11503 3
      vertex 4.75044 2.11503 -3
    endloop
  endfacet
  facet normal -0.951057 -0.309016 0
    outer loop
      vertex 4.75044 2.11503 3
      vertex 5.08637 1.08114 -3
      vertex 5.08637 1.08114 3
    endloop
  endfacet
  facet normal -0.994522 -0.104526 0
    outer loop
      vertex 5.2 0 -3
      vertex 5.08637 1.08114 3
      vertex 5.08637 1.08114 -3
    endloop
  endfacet
  facet normal -0.994522 -0.104526 0
    outer loop
      vertex 5.08637 1.08114 3
      vertex 5.2 0 -3
      vertex 5.2 0 3
    endloop
  endfacet
  facet normal -0.866024 -0.500002 0
    outer loop
      vertex 4.75044 2.11503 -3
      vertex 4.20689 3.05648 3
      vertex 4.20689 3.05648 -3
    endloop
  endfacet
  facet normal -0.866024 -0.500002 0
    outer loop
      vertex 4.20689 3.05648 3
      vertex 4.75044 2.11503 -3
      vertex 4.75044 2.11503 3
    endloop
  endfacet
  facet normal -0.587785 -0.809017 0
    outer loop
      vertex 2.6 4.50333 -3
      vertex 3.47948 3.86435 3
      vertex 2.6 4.50333 3
    endloop
  endfacet
  facet normal -0.587785 -0.809017 -0
    outer loop
      vertex 3.47948 3.86435 3
      vertex 2.6 4.50333 -3
      vertex 3.47948 3.86435 -3
    endloop
  endfacet
  facet normal -0.587785 0.809017 0
    outer loop
      vertex 3.47948 -3.86435 -3
      vertex 2.6 -4.50333 3
      vertex 3.47948 -3.86435 3
    endloop
  endfacet
  facet normal -0.587785 0.809017 0
    outer loop
      vertex 2.6 -4.50333 3
      vertex 3.47948 -3.86435 -3
      vertex 2.6 -4.50333 -3
    endloop
  endfacet
  facet normal 0.406736 0.913546 -0
    outer loop
      vertex -1.60689 -4.94549 -3
      vertex -2.6 -4.50333 3
      vertex -1.60689 -4.94549 3
    endloop
  endfacet
  facet normal 0.406736 0.913546 0
    outer loop
      vertex -2.6 -4.50333 3
      vertex -1.60689 -4.94549 -3
      vertex -2.6 -4.50333 -3
    endloop
  endfacet
  facet normal -0.994522 0.104526 0
    outer loop
      vertex 5.08637 -1.08114 -3
      vertex 5.2 0 3
      vertex 5.2 0 -3
    endloop
  endfacet
  facet normal -0.994522 0.104526 0
    outer loop
      vertex 5.2 0 3
      vertex 5.08637 -1.08114 -3
      vertex 5.08637 -1.08114 3
    endloop
  endfacet
  facet normal -0.743145 -0.669131 0
    outer loop
      vertex 4.20689 3.05648 -3
      vertex 3.47948 3.86435 3
      vertex 3.47948 3.86435 -3
    endloop
  endfacet
  facet normal -0.743145 -0.669131 0
    outer loop
      vertex 3.47948 3.86435 3
      vertex 4.20689 3.05648 -3
      vertex 4.20689 3.05648 3
    endloop
  endfacet
  facet normal 0.207911 0.978148 -0
    outer loop
      vertex -0.543548 -5.17151 -3
      vertex -1.60689 -4.94549 3
      vertex -0.543548 -5.17151 3
    endloop
  endfacet
  facet normal 0.207911 0.978148 0
    outer loop
      vertex -1.60689 -4.94549 3
      vertex -0.543548 -5.17151 -3
      vertex -1.60689 -4.94549 -3
    endloop
  endfacet
  facet normal 0.207911 -0.978148 0
    outer loop
      vertex -1.60689 4.94549 -3
      vertex -0.543548 5.17151 3
      vertex -1.60689 4.94549 3
    endloop
  endfacet
  facet normal 0.207911 -0.978148 0
    outer loop
      vertex -0.543548 5.17151 3
      vertex -1.60689 4.94549 -3
      vertex -0.543548 5.17151 -3
    endloop
  endfacet
  facet normal 0.743145 -0.669131 0
    outer loop
      vertex -4.20689 3.05648 3
      vertex -3.47948 3.86435 -3
      vertex -3.47948 3.86435 3
    endloop
  endfacet
  facet normal 0.743145 -0.669131 0
    outer loop
      vertex -3.47948 3.86435 -3
      vertex -4.20689 3.05648 3
      vertex -4.20689 3.05648 -3
    endloop
  endfacet
  facet normal 0 -1 0
    outer loop
      vertex -0.543548 5.17151 -3
      vertex 0.543548 5.17151 3
      vertex -0.543548 5.17151 3
    endloop
  endfacet
  facet normal 0 -1 -0
    outer loop
      vertex 0.543548 5.17151 3
      vertex -0.543548 5.17151 -3
      vertex 0.543548 5.17151 -3
    endloop
  endfacet
  facet normal -0.951057 0.309016 0
    outer loop
      vertex 4.75044 -2.11503 -3
      vertex 5.08637 -1.08114 3
      vertex 5.08637 -1.08114 -3
    endloop
  endfacet
  facet normal -0.951057 0.309016 0
    outer loop
      vertex 5.08637 -1.08114 3
      vertex 4.75044 -2.11503 -3
      vertex 4.75044 -2.11503 3
    endloop
  endfacet
  facet normal -0.406736 0.913546 0
    outer loop
      vertex 2.6 -4.50333 -3
      vertex 1.60689 -4.94549 3
      vertex 2.6 -4.50333 3
    endloop
  endfacet
  facet normal -0.406736 0.913546 0
    outer loop
      vertex 1.60689 -4.94549 3
      vertex 2.6 -4.50333 -3
      vertex 1.60689 -4.94549 -3
    endloop
  endfacet
  facet normal 0.587785 0.809017 -0
    outer loop
      vertex -2.6 -4.50333 -3
      vertex -3.47948 -3.86435 3
      vertex -2.6 -4.50333 3
    endloop
  endfacet
  facet normal 0.587785 0.809017 0
    outer loop
      vertex -3.47948 -3.86435 3
      vertex -2.6 -4.50333 -3
      vertex -3.47948 -3.86435 -3
    endloop
  endfacet
  facet normal 0.951057 -0.309016 0
    outer loop
      vertex -5.08637 1.08114 3
      vertex -4.75044 2.11503 -3
      vertex -4.75044 2.11503 3
    endloop
  endfacet
  facet normal 0.951057 -0.309016 0
    outer loop
      vertex -4.75044 2.11503 -3
      vertex -5.08637 1.08114 3
      vertex -5.08637 1.08114 -3
    endloop
  endfacet
  facet normal 0.587785 -0.809017 0
    outer loop
      vertex -3.47948 3.86435 -3
      vertex -2.6 4.50333 3
      vertex -3.47948 3.86435 3
    endloop
  endfacet
  facet normal 0.587785 -0.809017 0
    outer loop
      vertex -2.6 4.50333 3
      vertex -3.47948 3.86435 -3
      vertex -2.6 4.50333 -3
    endloop
  endfacet
  facet normal 0.951057 0.309016 0
    outer loop
      vertex -4.75044 -2.11503 3
      vertex -5.08637 -1.08114 -3
      vertex -5.08637 -1.08114 3
    endloop
  endfacet
  facet normal 0.951057 0.309016 0
    outer loop
      vertex -5.08637 -1.08114 -3
      vertex -4.75044 -2.11503 3
      vertex -4.75044 -2.11503 -3
    endloop
  endfacet
  facet normal 0.406736 -0.913546 0
    outer loop
      vertex -2.6 4.50333 -3
      vertex -1.60689 4.94549 3
      vertex -2.6 4.50333 3
    endloop
  endfacet
  facet normal 0.406736 -0.913546 0
    outer loop
      vertex -1.60689 4.94549 3
      vertex -2.6 4.50333 -3
      vertex -1.60689 4.94549 -3
    endloop
  endfacet
  facet normal -0.207911 0.978148 0
    outer loop
      vertex 1.60689 -4.94549 -3
      vertex 0.543548 -5.17151 3
      vertex 1.60689 -4.94549 3
    endloop
  endfacet
  facet normal -0.207911 0.978148 0
    outer loop
      vertex 0.543548 -5.17151 3
      vertex 1.60689 -4.94549 -3
      vertex 0.543548 -5.17151 -3
    endloop
  endfacet
  facet normal 0.994522 0.104526 0
    outer loop
      vertex -5.08637 -1.08114 3
      vertex -5.2 0 -3
      vertex -5.2 0 3
    endloop
  endfacet
  facet normal 0.994522 0.104526 0
    outer loop
      vertex -5.2 0 -3
      vertex -5.08637 -1.08114 3
      vertex -5.08637 -1.08114 -3
    endloop
  endfacet
  facet normal 0.994522 -0.104526 0
    outer loop
      vertex -5.2 0 3
      vertex -5.08637 1.08114 -3
      vertex -5.08637 1.08114 3
    endloop
  endfacet
  facet normal 0.994522 -0.104526 0
    outer loop
      vertex -5.08637 1.08114 -3
      vertex -5.2 0 3
      vertex -5.2 0 -3
    endloop
  endfacet
  facet normal 0.866024 0.500002 0
    outer loop
      vertex -4.20689 -3.05648 3
      vertex -4.75044 -2.11503 -3
      vertex -4.75044 -2.11503 3
    endloop
  endfacet
  facet normal 0.866024 0.500002 0
    outer loop
      vertex -4.75044 -2.11503 -3
      vertex -4.20689 -3.05648 3
      vertex -4.20689 -3.05648 -3
    endloop
  endfacet
  facet normal 0.866024 -0.500002 0
    outer loop
      vertex -4.75044 2.11503 3
      vertex -4.20689 3.05648 -3
      vertex -4.20689 3.05648 3
    endloop
  endfacet
  facet normal 0.866024 -0.500002 0
    outer loop
      vertex -4.20689 3.05648 -3
      vertex -4.75044 2.11503 3
      vertex -4.75044 2.11503 -3
    endloop
  endfacet
  facet normal -0.866024 0.500002 0
    outer loop
      vertex 4.20689 -3.05648 -3
      vertex 4.75044 -2.11503 3
      vertex 4.75044 -2.11503 -3
    endloop
  endfacet
  facet normal -0.866024 0.500002 0
    outer loop
      vertex 4.75044 -2.11503 3
      vertex 4.20689 -3.05648 -3
      vertex 4.20689 -3.05648 3
    endloop
  endfacet
  facet normal -0.406736 -0.913546 0
    outer loop
      vertex 1.60689 4.94549 -3
      vertex 2.6 4.50333 3
      vertex 1.60689 4.94549 3
    endloop
  endfacet
  facet normal -0.406736 -0.913546 -0
    outer loop
      vertex 2.6 4.50333 3
      vertex 1.60689 4.94549 -3
      vertex 2.6 4.50333 -3
    endloop
  endfacet
  facet normal -0.207911 -0.978148 0
    outer loop
      vertex 0.543548 5.17151 -3
      vertex 1.60689 4.94549 3
      vertex 0.543548 5.17151 3
    endloop
  endfacet
  facet normal -0.207911 -0.978148 -0
    outer loop
      vertex 1.60689 4.94549 3
      vertex 0.543548 5.17151 -3
      vertex 1.60689 4.94549 -3
    endloop
  endfacet
  facet normal -0.743145 0.669131 0
    outer loop
      vertex 3.47948 -3.86435 -3
      vertex 4.20689 -3.05648 3
      vertex 4.20689 -3.05648 -3
    endloop
  endfacet
  facet normal -0.743145 0.669131 0
    outer loop
      vertex 4.20689 -3.05648 3
      vertex 3.47948 -3.86435 -3
      vertex 3.47948 -3.86435 3
    endloop
  endfacet
  facet normal 0 1 -0
    outer loop
      vertex 0.543548 -5.17151 -3
      vertex -0.543548 -5.17151 3
      vertex 0.543548 -5.17151 3
    endloop
  endfacet
  facet normal 0 1 0
    outer loop
      vertex -0.543548 -5.17151 3
      vertex 0.543548 -5.17151 -3
      vertex -0.543548 -5.17151 -3
    endloop
  endfacet
  facet normal 0.900724 -0.434391 0
    outer loop
      vertex 29.3748 -1.44248 14
      vertex 31.3641 2.6824 4.5
      vertex 31.3641 2.6824 14
    endloop
  endfacet
  facet normal 0.900724 -0.434391 0
    outer loop
      vertex 31.3641 2.6824 4.5
      vertex 29.3748 -1.44248 14
      vertex 29.3748 -1.44248 4.5
    endloop
  endfacet
  facet normal 0.951111 0.308849 0
    outer loop
      vertex 30.3822 -6.66026 14
      vertex 29.2068 -3.04057 4.5
      vertex 29.2068 -3.04057 14
    endloop
  endfacet
  facet normal 0.951111 0.308849 0
    outer loop
      vertex 29.2068 -3.04057 4.5
      vertex 30.3822 -6.66026 14
      vertex 30.3822 -6.66026 4.5
    endloop
  endfacet
  facet normal 0.994525 -0.104499 0
    outer loop
      vertex 29.15 -2.5 14
      vertex 29.2068 -1.95943 4.5
      vertex 29.2068 -1.95943 14
    endloop
  endfacet
  facet normal 0.994525 -0.104499 0
    outer loop
      vertex 29.2068 -1.95943 4.5
      vertex 29.15 -2.5 14
      vertex 29.15 -2.5 4.5
    endloop
  endfacet
  facet normal 0.866025 -0.500001 0
    outer loop
      vertex 31.3641 2.6824 14
      vertex 32.3739 4.43142 4.5
      vertex 32.3739 4.43142 14
    endloop
  endfacet
  facet normal 0.866025 -0.500001 0
    outer loop
      vertex 32.3739 4.43142 4.5
      vertex 31.3641 2.6824 14
      vertex 31.3641 2.6824 4.5
    endloop
  endfacet
  facet normal 0.951059 0.309009 0
    outer loop
      vertex 31.2924 -9.46165 14
      vertex 30.3822 -6.66026 4.5
      vertex 30.3822 -6.66026 14
    endloop
  endfacet
  facet normal 0.951059 0.309009 0
    outer loop
      vertex 30.3822 -6.66026 4.5
      vertex 31.2924 -9.46165 14
      vertex 31.2924 -9.46165 4.5
    endloop
  endfacet
  facet normal 0 0 1
    outer loop
      vertex 32.3739 4.43142 4.5
      vertex 32.4604 2.19431 4.5
      vertex 33.6013 4.17053 4.5
    endloop
  endfacet
  facet normal -0 0 1
    outer loop
      vertex 31.3641 2.6824 4.5
      vertex 32.4604 2.19431 4.5
      vertex 32.3739 4.43142 4.5
    endloop
  endfacet
  facet normal 0 0 1
    outer loop
      vertex 31.3641 2.6824 4.5
      vertex 30.471 -1.93057 4.5
      vertex 32.4604 2.19431 4.5
    endloop
  endfacet
  facet normal -0 0 1
    outer loop
      vertex 29.3748 -1.44248 4.5
      vertex 30.471 -1.93057 4.5
      vertex 31.3641 2.6824 4.5
    endloop
  endfacet
  facet normal -0 0 1
    outer loop
      vertex 29.2068 -1.95943 4.5
      vertex 30.3806 -2.20892 4.5
      vertex 29.3748 -1.44248 4.5
    endloop
  endfacet
  facet normal 0 0 1
    outer loop
      vertex 30.471 -1.93057 4.5
      vertex 29.3748 -1.44248 4.5
      vertex 30.3806 -2.20892 4.5
    endloop
  endfacet
  facet normal 0 0 1
    outer loop
      vertex 32.4604 -9.19431 4.5
      vertex 32.2317 -9.46165 4.5
      vertex 32.5728 -9.38914 4.5
    endloop
  endfacet
  facet normal 0 0 1
    outer loop
      vertex 31.2924 -9.46165 4.5
      vertex 32.4604 -9.19431 4.5
      vertex 31.5559 -6.41076 4.5
    endloop
  endfacet
  facet normal 0 0 1
    outer loop
      vertex 32.4604 -9.19431 4.5
      vertex 31.2924 -9.46165 4.5
      vertex 32.2317 -9.46165 4.5
    endloop
  endfacet
  facet normal 0 0 1
    outer loop
      vertex 31.5559 -6.41076 4.5
      vertex 30.3822 -6.66026 4.5
      vertex 31.2924 -9.46165 4.5
    endloop
  endfacet
  facet normal 0 0 1
    outer loop
      vertex 30.3806 -2.79108 4.5
      vertex 30.3822 -6.66026 4.5
      vertex 31.5559 -6.41076 4.5
    endloop
  endfacet
  facet normal 0 0 1
    outer loop
      vertex 29.2068 -3.04057 4.5
      vertex 30.3806 -2.79108 4.5
      vertex 30.35 -2.5 4.5
    endloop
  endfacet
  facet normal 0 0 1
    outer loop
      vertex 30.3806 -2.20892 4.5
      vertex 29.2068 -1.95943 4.5
      vertex 30.35 -2.5 4.5
    endloop
  endfacet
  facet normal 0 0 1
    outer loop
      vertex 29.15 -2.5 4.5
      vertex 30.35 -2.5 4.5
      vertex 29.2068 -1.95943 4.5
    endloop
  endfacet
  facet normal 0 0 1
    outer loop
      vertex 30.3806 -2.79108 4.5
      vertex 29.2068 -3.04057 4.5
      vertex 30.3822 -6.66026 4.5
    endloop
  endfacet
  facet normal 0 0 1
    outer loop
      vertex 30.35 -2.5 4.5
      vertex 29.15 -2.5 4.5
      vertex 29.2068 -3.04057 4.5
    endloop
  endfacet
  facet normal 0.951039 -0.309072 0
    outer loop
      vertex 29.2068 -1.95943 14
      vertex 29.3748 -1.44248 4.5
      vertex 29.3748 -1.44248 14
    endloop
  endfacet
  facet normal 0.951039 -0.309072 0
    outer loop
      vertex 29.3748 -1.44248 4.5
      vertex 29.2068 -1.95943 14
      vertex 29.2068 -1.95943 4.5
    endloop
  endfacet
  facet normal 0.994525 0.104499 0
    outer loop
      vertex 29.2068 -3.04057 14
      vertex 29.15 -2.5 4.5
      vertex 29.15 -2.5 14
    endloop
  endfacet
  facet normal 0.994525 0.104499 0
    outer loop
      vertex 29.15 -2.5 4.5
      vertex 29.2068 -3.04057 14
      vertex 29.2068 -3.04057 4.5
    endloop
  endfacet
  facet normal -0.866039 0.499977 0
    outer loop
      vertex 32.4604 2.19431 4.5
      vertex 33.6013 4.17053 14
      vertex 33.6013 4.17053 4.5
    endloop
  endfacet
  facet normal -0.866039 0.499977 0
    outer loop
      vertex 33.6013 4.17053 14
      vertex 32.4604 2.19431 4.5
      vertex 32.4604 2.19431 14
    endloop
  endfacet
  facet normal -0.900716 0.434409 0
    outer loop
      vertex 30.471 -1.93057 4.5
      vertex 32.4604 2.19431 14
      vertex 32.4604 2.19431 4.5
    endloop
  endfacet
  facet normal -0.900716 0.434409 0
    outer loop
      vertex 32.4604 2.19431 14
      vertex 30.471 -1.93057 4.5
      vertex 30.471 -1.93057 14
    endloop
  endfacet
  facet normal -0.866189 -0.499716 0
    outer loop
      vertex 32.5728 -9.38914 4.5
      vertex 32.4604 -9.19431 14
      vertex 32.4604 -9.19431 4.5
    endloop
  endfacet
  facet normal -0.866189 -0.499716 0
    outer loop
      vertex 32.4604 -9.19431 14
      vertex 32.5728 -9.38914 4.5
      vertex 32.5728 -9.38914 14
    endloop
  endfacet
  facet normal -0.99452 -0.10455 0
    outer loop
      vertex 30.3806 -2.79108 4.5
      vertex 30.35 -2.5 14
      vertex 30.35 -2.5 4.5
    endloop
  endfacet
  facet normal -0.99452 -0.10455 0
    outer loop
      vertex 30.35 -2.5 14
      vertex 30.3806 -2.79108 4.5
      vertex 30.3806 -2.79108 14
    endloop
  endfacet
  facet normal -0.951119 -0.308826 0
    outer loop
      vertex 31.5559 -6.41076 4.5
      vertex 30.3806 -2.79108 14
      vertex 30.3806 -2.79108 4.5
    endloop
  endfacet
  facet normal -0.951119 -0.308826 0
    outer loop
      vertex 30.3806 -2.79108 14
      vertex 31.5559 -6.41076 4.5
      vertex 31.5559 -6.41076 14
    endloop
  endfacet
  facet normal -0.95105 -0.309039 0
    outer loop
      vertex 32.4604 -9.19431 4.5
      vertex 31.5559 -6.41076 14
      vertex 31.5559 -6.41076 4.5
    endloop
  endfacet
  facet normal -0.95105 -0.309039 0
    outer loop
      vertex 31.5559 -6.41076 14
      vertex 32.4604 -9.19431 4.5
      vertex 32.4604 -9.19431 14
    endloop
  endfacet
  facet normal -0.99452 0.10455 0
    outer loop
      vertex 30.35 -2.5 4.5
      vertex 30.3806 -2.20892 14
      vertex 30.3806 -2.20892 4.5
    endloop
  endfacet
  facet normal -0.99452 0.10455 0
    outer loop
      vertex 30.3806 -2.20892 14
      vertex 30.35 -2.5 4.5
      vertex 30.35 -2.5 14
    endloop
  endfacet
  facet normal -0.951098 0.308889 0
    outer loop
      vertex 30.3806 -2.20892 4.5
      vertex 30.471 -1.93057 14
      vertex 30.471 -1.93057 4.5
    endloop
  endfacet
  facet normal -0.951098 0.308889 0
    outer loop
      vertex 30.471 -1.93057 14
      vertex 30.3806 -2.20892 4.5
      vertex 30.3806 -2.20892 14
    endloop
  endfacet
  facet normal 0 -0.500008 0.866021
    outer loop
      vertex 10.2 2.58168 -13.2135
      vertex 11.7 2.3101 -13.3703
      vertex 11.7 2.58168 -13.2135
    endloop
  endfacet
  facet normal 0 -0.500008 0.866021
    outer loop
      vertex 11.7 2.3101 -13.3703
      vertex 10.2 2.58168 -13.2135
      vertex 10.2 2.3101 -13.3703
    endloop
  endfacet
  facet normal 0 -0.913567 0.406689
    outer loop
      vertex 10.2 2.99904 -12.75
      vertex 11.7 3.12658 -12.4635
      vertex 10.2 3.12658 -12.4635
    endloop
  endfacet
  facet normal 0 -0.913567 0.406689
    outer loop
      vertex 11.7 3.12658 -12.4635
      vertex 10.2 2.99904 -12.75
      vertex 11.7 2.99904 -12.75
    endloop
  endfacet
  facet normal -0 0.104595 0.994515
    outer loop
      vertex 10.2 1.7 -13.5
      vertex 11.7 1.38813 -13.4672
      vertex 11.7 1.7 -13.5
    endloop
  endfacet
  facet normal 0 0.104595 0.994515
    outer loop
      vertex 11.7 1.38813 -13.4672
      vertex 10.2 1.7 -13.5
      vertex 10.2 1.38813 -13.4672
    endloop
  endfacet
  facet normal 0 -0.104595 0.994515
    outer loop
      vertex 10.2 2.01187 -13.4672
      vertex 11.7 1.7 -13.5
      vertex 11.7 2.01187 -13.4672
    endloop
  endfacet
  facet normal 0 -0.104595 0.994515
    outer loop
      vertex 11.7 1.7 -13.5
      vertex 10.2 2.01187 -13.4672
      vertex 10.2 1.7 -13.5
    endloop
  endfacet
  facet normal 0 -1 0
    outer loop
      vertex 10.2 3.19178 -12.1568
      vertex 11.7 3.19178 -11.8432
      vertex 10.2 3.19178 -11.8432
    endloop
  endfacet
  facet normal 0 -1 -0
    outer loop
      vertex 11.7 3.19178 -11.8432
      vertex 10.2 3.19178 -12.1568
      vertex 11.7 3.19178 -12.1568
    endloop
  endfacet
  facet normal 0 -0.309015 -0.951057
    outer loop
      vertex 10.2 2.01187 -10.5328
      vertex 11.7 2.3101 -10.6297
      vertex 11.7 2.01187 -10.5328
    endloop
  endfacet
  facet normal -0 -0.309015 -0.951057
    outer loop
      vertex 11.7 2.3101 -10.6297
      vertex 10.2 2.01187 -10.5328
      vertex 10.2 2.3101 -10.6297
    endloop
  endfacet
  facet normal 0 -0.809023 0.587777
    outer loop
      vertex 10.2 2.81472 -13.0037
      vertex 11.7 2.99904 -12.75
      vertex 10.2 2.99904 -12.75
    endloop
  endfacet
  facet normal 0 -0.809023 0.587777
    outer loop
      vertex 11.7 2.99904 -12.75
      vertex 10.2 2.81472 -13.0037
      vertex 11.7 2.81472 -13.0037
    endloop
  endfacet
  facet normal 0 -0.978142 0.207939
    outer loop
      vertex 10.2 3.12658 -12.4635
      vertex 11.7 3.19178 -12.1568
      vertex 10.2 3.19178 -12.1568
    endloop
  endfacet
  facet normal 0 -0.978142 0.207939
    outer loop
      vertex 11.7 3.19178 -12.1568
      vertex 10.2 3.12658 -12.4635
      vertex 11.7 3.12658 -12.4635
    endloop
  endfacet
  facet normal 0 0.104595 -0.994515
    outer loop
      vertex 10.2 1.38813 -10.5328
      vertex 11.7 1.7 -10.5
      vertex 11.7 1.38813 -10.5328
    endloop
  endfacet
  facet normal 0 0.104595 -0.994515
    outer loop
      vertex 11.7 1.7 -10.5
      vertex 10.2 1.38813 -10.5328
      vertex 10.2 1.7 -10.5
    endloop
  endfacet
  facet normal -0 0.669079 0.743191
    outer loop
      vertex 10.2 0.818322 -13.2135
      vertex 11.7 0.585283 -13.0037
      vertex 11.7 0.818322 -13.2135
    endloop
  endfacet
  facet normal 0 0.669079 0.743191
    outer loop
      vertex 11.7 0.585283 -13.0037
      vertex 10.2 0.818322 -13.2135
      vertex 10.2 0.585283 -13.0037
    endloop
  endfacet
  facet normal 0 0.50001 -0.866019
    outer loop
      vertex 10.2 0.818322 -10.7865
      vertex 11.7 1.0899 -10.6297
      vertex 11.7 0.818322 -10.7865
    endloop
  endfacet
  facet normal 0 0.50001 -0.866019
    outer loop
      vertex 11.7 1.0899 -10.6297
      vertex 10.2 0.818322 -10.7865
      vertex 10.2 1.0899 -10.6297
    endloop
  endfacet
  facet normal -0 0.309015 0.951057
    outer loop
      vertex 10.2 1.38813 -13.4672
      vertex 11.7 1.0899 -13.3703
      vertex 11.7 1.38813 -13.4672
    endloop
  endfacet
  facet normal 0 0.309015 0.951057
    outer loop
      vertex 11.7 1.0899 -13.3703
      vertex 10.2 1.38813 -13.4672
      vertex 10.2 1.0899 -13.3703
    endloop
  endfacet
  facet normal 0 -0.809023 -0.587777
    outer loop
      vertex 10.2 2.99904 -11.25
      vertex 11.7 2.81472 -10.9963
      vertex 10.2 2.81472 -10.9963
    endloop
  endfacet
  facet normal 0 -0.809023 -0.587777
    outer loop
      vertex 11.7 2.81472 -10.9963
      vertex 10.2 2.99904 -11.25
      vertex 11.7 2.99904 -11.25
    endloop
  endfacet
  facet normal 0 -0.309015 0.951057
    outer loop
      vertex 10.2 2.3101 -13.3703
      vertex 11.7 2.01187 -13.4672
      vertex 11.7 2.3101 -13.3703
    endloop
  endfacet
  facet normal 0 -0.309015 0.951057
    outer loop
      vertex 11.7 2.01187 -13.4672
      vertex 10.2 2.3101 -13.3703
      vertex 10.2 2.01187 -13.4672
    endloop
  endfacet
  facet normal 0 1 -0
    outer loop
      vertex 11.7 0.208218 -12.1568
      vertex 10.2 0.208218 -11.8432
      vertex 11.7 0.208218 -11.8432
    endloop
  endfacet
  facet normal 0 1 0
    outer loop
      vertex 10.2 0.208218 -11.8432
      vertex 11.7 0.208218 -12.1568
      vertex 10.2 0.208218 -12.1568
    endloop
  endfacet
  facet normal -0 0.50001 0.866019
    outer loop
      vertex 10.2 1.0899 -13.3703
      vertex 11.7 0.818322 -13.2135
      vertex 11.7 1.0899 -13.3703
    endloop
  endfacet
  facet normal 0 0.50001 0.866019
    outer loop
      vertex 11.7 0.818322 -13.2135
      vertex 10.2 1.0899 -13.3703
      vertex 10.2 0.818322 -13.2135
    endloop
  endfacet
  facet normal 0 0.669079 -0.743191
    outer loop
      vertex 10.2 0.585283 -10.9963
      vertex 11.7 0.818322 -10.7865
      vertex 11.7 0.585283 -10.9963
    endloop
  endfacet
  facet normal 0 0.669079 -0.743191
    outer loop
      vertex 11.7 0.818322 -10.7865
      vertex 10.2 0.585283 -10.9963
      vertex 10.2 0.818322 -10.7865
    endloop
  endfacet
  facet normal 0 -0.913567 -0.406689
    outer loop
      vertex 10.2 3.12658 -11.5365
      vertex 11.7 2.99904 -11.25
      vertex 10.2 2.99904 -11.25
    endloop
  endfacet
  facet normal 0 -0.913567 -0.406689
    outer loop
      vertex 11.7 2.99904 -11.25
      vertex 10.2 3.12658 -11.5365
      vertex 11.7 3.12658 -11.5365
    endloop
  endfacet
  facet normal 0 0.309015 -0.951057
    outer loop
      vertex 10.2 1.0899 -10.6297
      vertex 11.7 1.38813 -10.5328
      vertex 11.7 1.0899 -10.6297
    endloop
  endfacet
  facet normal 0 0.309015 -0.951057
    outer loop
      vertex 11.7 1.38813 -10.5328
      vertex 10.2 1.0899 -10.6297
      vertex 10.2 1.38813 -10.5328
    endloop
  endfacet
  facet normal 0 -0.104595 -0.994515
    outer loop
      vertex 10.2 1.7 -10.5
      vertex 11.7 2.01187 -10.5328
      vertex 11.7 1.7 -10.5
    endloop
  endfacet
  facet normal -0 -0.104595 -0.994515
    outer loop
      vertex 11.7 2.01187 -10.5328
      vertex 10.2 1.7 -10.5
      vertex 10.2 2.01187 -10.5328
    endloop
  endfacet
  facet normal 0 -0.669077 -0.743193
    outer loop
      vertex 10.2 2.58168 -10.7865
      vertex 11.7 2.81472 -10.9963
      vertex 11.7 2.58168 -10.7865
    endloop
  endfacet
  facet normal -0 -0.669077 -0.743193
    outer loop
      vertex 11.7 2.81472 -10.9963
      vertex 10.2 2.58168 -10.7865
      vertex 10.2 2.81472 -10.9963
    endloop
  endfacet
  facet normal 0 -0.669077 0.743193
    outer loop
      vertex 10.2 2.81472 -13.0037
      vertex 11.7 2.58168 -13.2135
      vertex 11.7 2.81472 -13.0037
    endloop
  endfacet
  facet normal 0 -0.669077 0.743193
    outer loop
      vertex 11.7 2.58168 -13.2135
      vertex 10.2 2.81472 -13.0037
      vertex 10.2 2.58168 -13.2135
    endloop
  endfacet
  facet normal 0 -0.978142 -0.207939
    outer loop
      vertex 10.2 3.19178 -11.8432
      vertex 11.7 3.12658 -11.5365
      vertex 10.2 3.12658 -11.5365
    endloop
  endfacet
  facet normal 0 -0.978142 -0.207939
    outer loop
      vertex 11.7 3.12658 -11.5365
      vertex 10.2 3.19178 -11.8432
      vertex 11.7 3.19178 -11.8432
    endloop
  endfacet
  facet normal 0 0.809021 -0.587779
    outer loop
      vertex 11.7 0.400962 -11.25
      vertex 10.2 0.585283 -10.9963
      vertex 11.7 0.585283 -10.9963
    endloop
  endfacet
  facet normal 0 0.809021 -0.587779
    outer loop
      vertex 10.2 0.585283 -10.9963
      vertex 11.7 0.400962 -11.25
      vertex 10.2 0.400962 -11.25
    endloop
  endfacet
  facet normal 0 -0.500008 -0.866021
    outer loop
      vertex 10.2 2.3101 -10.6297
      vertex 11.7 2.58168 -10.7865
      vertex 11.7 2.3101 -10.6297
    endloop
  endfacet
  facet normal -0 -0.500008 -0.866021
    outer loop
      vertex 11.7 2.58168 -10.7865
      vertex 10.2 2.3101 -10.6297
      vertex 10.2 2.58168 -10.7865
    endloop
  endfacet
  facet normal 0 0.809021 0.587779
    outer loop
      vertex 11.7 0.585283 -13.0037
      vertex 10.2 0.400962 -12.75
      vertex 11.7 0.400962 -12.75
    endloop
  endfacet
  facet normal 0 0.809021 0.587779
    outer loop
      vertex 10.2 0.400962 -12.75
      vertex 11.7 0.585283 -13.0037
      vertex 10.2 0.585283 -13.0037
    endloop
  endfacet
  facet normal 0 0.978143 0.207933
    outer loop
      vertex 11.7 0.273416 -12.4635
      vertex 10.2 0.208218 -12.1568
      vertex 11.7 0.208218 -12.1568
    endloop
  endfacet
  facet normal 0 0.978143 0.207933
    outer loop
      vertex 10.2 0.208218 -12.1568
      vertex 11.7 0.273416 -12.4635
      vertex 10.2 0.273416 -12.4635
    endloop
  endfacet
  facet normal 0 0.978143 -0.207933
    outer loop
      vertex 11.7 0.208218 -11.8432
      vertex 10.2 0.273416 -11.5365
      vertex 11.7 0.273416 -11.5365
    endloop
  endfacet
  facet normal 0 0.978143 -0.207933
    outer loop
      vertex 10.2 0.273416 -11.5365
      vertex 11.7 0.208218 -11.8432
      vertex 10.2 0.208218 -11.8432
    endloop
  endfacet
  facet normal 0 0.91356 0.406705
    outer loop
      vertex 11.7 0.400962 -12.75
      vertex 10.2 0.273416 -12.4635
      vertex 11.7 0.273416 -12.4635
    endloop
  endfacet
  facet normal 0 0.91356 0.406705
    outer loop
      vertex 10.2 0.273416 -12.4635
      vertex 11.7 0.400962 -12.75
      vertex 10.2 0.400962 -12.75
    endloop
  endfacet
  facet normal 0 0.91356 -0.406705
    outer loop
      vertex 11.7 0.273416 -11.5365
      vertex 10.2 0.400962 -11.25
      vertex 11.7 0.400962 -11.25
    endloop
  endfacet
  facet normal 0 0.91356 -0.406705
    outer loop
      vertex 10.2 0.400962 -11.25
      vertex 11.7 0.273416 -11.5365
      vertex 10.2 0.273416 -11.5365
    endloop
  endfacet
  facet normal 0 0.669131 -0.743144
    outer loop
      vertex 11.7 -0.529434 -9.99261
      vertex 14.2 -0.0633553 -9.57295
      vertex 14.2 -0.529434 -9.99261
    endloop
  endfacet
  facet normal 0 0.669131 -0.743144
    outer loop
      vertex 14.2 -0.0633553 -9.57295
      vertex 11.7 -0.529434 -9.99261
      vertex 11.7 -0.0633553 -9.57295
    endloop
  endfacet
  facet normal 0 -0.499895 0.866086
    outer loop
      vertex 11.7 3.46336 -14.4271
      vertex 14.2 2.92021 -14.7406
      vertex 14.2 3.46336 -14.4271
    endloop
  endfacet
  facet normal 0 -0.499895 0.866086
    outer loop
      vertex 14.2 2.92021 -14.7406
      vertex 11.7 3.46336 -14.4271
      vertex 11.7 2.92021 -14.7406
    endloop
  endfacet
  facet normal 0 0.309006 -0.95106
    outer loop
      vertex 11.7 0.479791 -9.25936
      vertex 14.2 1.07627 -9.06556
      vertex 14.2 0.479791 -9.25936
    endloop
  endfacet
  facet normal 0 0.309006 -0.95106
    outer loop
      vertex 14.2 1.07627 -9.06556
      vertex 11.7 0.479791 -9.25936
      vertex 11.7 1.07627 -9.06556
    endloop
  endfacet
  facet normal -0 0.104597 0.994515
    outer loop
      vertex 11.7 1.7 -15
      vertex 14.2 1.07627 -14.9344
      vertex 14.2 1.7 -15
    endloop
  endfacet
  facet normal 0 0.104597 0.994515
    outer loop
      vertex 14.2 1.07627 -14.9344
      vertex 11.7 1.7 -15
      vertex 11.7 1.07627 -14.9344
    endloop
  endfacet
  facet normal -0 0.499898 0.866085
    outer loop
      vertex 11.7 0.479791 -14.7406
      vertex 14.2 -0.0633553 -14.4271
      vertex 14.2 0.479791 -14.7406
    endloop
  endfacet
  facet normal 0 0.499898 0.866085
    outer loop
      vertex 14.2 -0.0633553 -14.4271
      vertex 11.7 0.479791 -14.7406
      vertex 11.7 -0.0633553 -14.4271
    endloop
  endfacet
  facet normal 0 -0.104597 0.994515
    outer loop
      vertex 11.7 2.32373 -14.9344
      vertex 14.2 1.7 -15
      vertex 14.2 2.32373 -14.9344
    endloop
  endfacet
  facet normal 0 -0.104597 0.994515
    outer loop
      vertex 14.2 1.7 -15
      vertex 11.7 2.32373 -14.9344
      vertex 11.7 1.7 -15
    endloop
  endfacet
  facet normal 0 -0.913535 0.406761
    outer loop
      vertex 11.7 4.29808 -13.5
      vertex 14.2 4.55317 -12.9271
      vertex 11.7 4.55317 -12.9271
    endloop
  endfacet
  facet normal 0 -0.913535 0.406761
    outer loop
      vertex 14.2 4.55317 -12.9271
      vertex 11.7 4.29808 -13.5
      vertex 14.2 4.29808 -13.5
    endloop
  endfacet
  facet normal 0 -0.80901 -0.587795
    outer loop
      vertex 11.7 4.29808 -10.5
      vertex 14.2 3.92943 -9.99261
      vertex 11.7 3.92943 -9.99261
    endloop
  endfacet
  facet normal 0 -0.80901 -0.587795
    outer loop
      vertex 14.2 3.92943 -9.99261
      vertex 11.7 4.29808 -10.5
      vertex 14.2 4.29808 -10.5
    endloop
  endfacet
  facet normal 0 -0.104534 -0.994521
    outer loop
      vertex 11.7 1.7 -9
      vertex 14.2 2.32373 -9.06556
      vertex 14.2 1.7 -9
    endloop
  endfacet
  facet normal -0 -0.104534 -0.994521
    outer loop
      vertex 14.2 2.32373 -9.06556
      vertex 11.7 1.7 -9
      vertex 11.7 2.32373 -9.06556
    endloop
  endfacet
  facet normal 0 -0.809015 0.587788
    outer loop
      vertex 11.7 3.92943 -14.0074
      vertex 14.2 4.29808 -13.5
      vertex 11.7 4.29808 -13.5
    endloop
  endfacet
  facet normal 0 -0.809015 0.587788
    outer loop
      vertex 14.2 4.29808 -13.5
      vertex 11.7 3.92943 -14.0074
      vertex 14.2 3.92943 -14.0074
    endloop
  endfacet
  facet normal 0 0.978149 0.207906
    outer loop
      vertex 14.2 -1.15317 -12.9271
      vertex 11.7 -1.28357 -12.3136
      vertex 14.2 -1.28357 -12.3136
    endloop
  endfacet
  facet normal 0 0.978149 0.207906
    outer loop
      vertex 11.7 -1.28357 -12.3136
      vertex 14.2 -1.15317 -12.9271
      vertex 11.7 -1.15317 -12.9271
    endloop
  endfacet
  facet normal 0 0.104534 -0.994521
    outer loop
      vertex 11.7 1.07627 -9.06556
      vertex 14.2 1.7 -9
      vertex 14.2 1.07627 -9.06556
    endloop
  endfacet
  facet normal 0 0.104534 -0.994521
    outer loop
      vertex 14.2 1.7 -9
      vertex 11.7 1.07627 -9.06556
      vertex 11.7 1.7 -9
    endloop
  endfacet
  facet normal -0 0.669167 0.743112
    outer loop
      vertex 11.7 -0.0633553 -14.4271
      vertex 14.2 -0.529434 -14.0074
      vertex 14.2 -0.0633553 -14.4271
    endloop
  endfacet
  facet normal 0 0.669167 0.743112
    outer loop
      vertex 14.2 -0.529434 -14.0074
      vertex 11.7 -0.0633553 -14.4271
      vertex 11.7 -0.529434 -14.0074
    endloop
  endfacet
  facet normal 0 1 -0
    outer loop
      vertex 14.2 -1.28357 -12.3136
      vertex 11.7 -1.28357 -11.6864
      vertex 14.2 -1.28357 -11.6864
    endloop
  endfacet
  facet normal 0 1 0
    outer loop
      vertex 11.7 -1.28357 -11.6864
      vertex 14.2 -1.28357 -12.3136
      vertex 11.7 -1.28357 -12.3136
    endloop
  endfacet
  facet normal 0 -0.309005 -0.95106
    outer loop
      vertex 11.7 2.32373 -9.06556
      vertex 14.2 2.92021 -9.25936
      vertex 14.2 2.32373 -9.06556
    endloop
  endfacet
  facet normal -0 -0.309005 -0.95106
    outer loop
      vertex 14.2 2.92021 -9.25936
      vertex 11.7 2.32373 -9.06556
      vertex 11.7 2.92021 -9.25936
    endloop
  endfacet
  facet normal 0 -0.978149 -0.207906
    outer loop
      vertex 11.7 4.68357 -11.6864
      vertex 14.2 4.55317 -11.0729
      vertex 11.7 4.55317 -11.0729
    endloop
  endfacet
  facet normal 0 -0.978149 -0.207906
    outer loop
      vertex 14.2 4.55317 -11.0729
      vertex 11.7 4.68357 -11.6864
      vertex 14.2 4.68357 -11.6864
    endloop
  endfacet
  facet normal 0 -0.309005 0.95106
    outer loop
      vertex 11.7 2.92021 -14.7406
      vertex 14.2 2.32373 -14.9344
      vertex 14.2 2.92021 -14.7406
    endloop
  endfacet
  facet normal 0 -0.309005 0.95106
    outer loop
      vertex 14.2 2.32373 -14.9344
      vertex 11.7 2.92021 -14.7406
      vertex 11.7 2.32373 -14.9344
    endloop
  endfacet
  facet normal 0 -0.913535 -0.406761
    outer loop
      vertex 11.7 4.55317 -11.0729
      vertex 14.2 4.29808 -10.5
      vertex 11.7 4.29808 -10.5
    endloop
  endfacet
  facet normal 0 -0.913535 -0.406761
    outer loop
      vertex 14.2 4.29808 -10.5
      vertex 11.7 4.55317 -11.0729
      vertex 14.2 4.55317 -11.0729
    endloop
  endfacet
  facet normal 0 0.913532 0.406767
    outer loop
      vertex 14.2 -0.898076 -13.5
      vertex 11.7 -1.15317 -12.9271
      vertex 14.2 -1.15317 -12.9271
    endloop
  endfacet
  facet normal 0 0.913532 0.406767
    outer loop
      vertex 11.7 -1.15317 -12.9271
      vertex 14.2 -0.898076 -13.5
      vertex 11.7 -0.898076 -13.5
    endloop
  endfacet
  facet normal -0 0.309006 0.95106
    outer loop
      vertex 11.7 1.07627 -14.9344
      vertex 14.2 0.479791 -14.7406
      vertex 14.2 1.07627 -14.9344
    endloop
  endfacet
  facet normal 0 0.309006 0.95106
    outer loop
      vertex 14.2 0.479791 -14.7406
      vertex 11.7 1.07627 -14.9344
      vertex 11.7 0.479791 -14.7406
    endloop
  endfacet
  facet normal 0 -0.669138 -0.743138
    outer loop
      vertex 11.7 3.46336 -9.57295
      vertex 14.2 3.92943 -9.99261
      vertex 14.2 3.46336 -9.57295
    endloop
  endfacet
  facet normal -0 -0.669138 -0.743138
    outer loop
      vertex 14.2 3.92943 -9.99261
      vertex 11.7 3.46336 -9.57295
      vertex 11.7 3.92943 -9.99261
    endloop
  endfacet
  facet normal 0 0.978149 -0.207906
    outer loop
      vertex 14.2 -1.28357 -11.6864
      vertex 11.7 -1.15317 -11.0729
      vertex 14.2 -1.15317 -11.0729
    endloop
  endfacet
  facet normal 0 0.978149 -0.207906
    outer loop
      vertex 11.7 -1.15317 -11.0729
      vertex 14.2 -1.28357 -11.6864
      vertex 11.7 -1.28357 -11.6864
    endloop
  endfacet
  facet normal 0 0.500005 -0.866022
    outer loop
      vertex 11.7 -0.0633553 -9.57295
      vertex 14.2 0.479791 -9.25936
      vertex 14.2 -0.0633553 -9.57295
    endloop
  endfacet
  facet normal 0 0.500005 -0.866022
    outer loop
      vertex 14.2 0.479791 -9.25936
      vertex 11.7 -0.0633553 -9.57295
      vertex 11.7 0.479791 -9.25936
    endloop
  endfacet
  facet normal 0 -0.669173 0.743106
    outer loop
      vertex 11.7 3.92943 -14.0074
      vertex 14.2 3.46336 -14.4271
      vertex 14.2 3.92943 -14.0074
    endloop
  endfacet
  facet normal 0 -0.669173 0.743106
    outer loop
      vertex 14.2 3.46336 -14.4271
      vertex 11.7 3.92943 -14.0074
      vertex 11.7 3.46336 -14.4271
    endloop
  endfacet
  facet normal 0 0.809016 -0.587787
    outer loop
      vertex 14.2 -0.898076 -10.5
      vertex 11.7 -0.529434 -9.99261
      vertex 14.2 -0.529434 -9.99261
    endloop
  endfacet
  facet normal 0 0.809016 -0.587787
    outer loop
      vertex 11.7 -0.529434 -9.99261
      vertex 14.2 -0.898076 -10.5
      vertex 11.7 -0.898076 -10.5
    endloop
  endfacet
  facet normal 0 -0.500003 -0.866024
    outer loop
      vertex 11.7 2.92021 -9.25936
      vertex 14.2 3.46336 -9.57295
      vertex 14.2 2.92021 -9.25936
    endloop
  endfacet
  facet normal -0 -0.500003 -0.866024
    outer loop
      vertex 14.2 3.46336 -9.57295
      vertex 11.7 2.92021 -9.25936
      vertex 11.7 3.46336 -9.57295
    endloop
  endfacet
  facet normal 0 0.809021 0.587779
    outer loop
      vertex 14.2 -0.529434 -14.0074
      vertex 11.7 -0.898076 -13.5
      vertex 14.2 -0.898076 -13.5
    endloop
  endfacet
  facet normal 0 0.809021 0.587779
    outer loop
      vertex 11.7 -0.898076 -13.5
      vertex 14.2 -0.529434 -14.0074
      vertex 11.7 -0.529434 -14.0074
    endloop
  endfacet
  facet normal 0 -0.978149 0.207906
    outer loop
      vertex 11.7 4.55317 -12.9271
      vertex 14.2 4.68357 -12.3136
      vertex 11.7 4.68357 -12.3136
    endloop
  endfacet
  facet normal 0 -0.978149 0.207906
    outer loop
      vertex 14.2 4.68357 -12.3136
      vertex 11.7 4.55317 -12.9271
      vertex 14.2 4.55317 -12.9271
    endloop
  endfacet
  facet normal 0 -1 0
    outer loop
      vertex 11.7 4.68357 -12.3136
      vertex 14.2 4.68357 -11.6864
      vertex 11.7 4.68357 -11.6864
    endloop
  endfacet
  facet normal 0 -1 -0
    outer loop
      vertex 14.2 4.68357 -11.6864
      vertex 11.7 4.68357 -12.3136
      vertex 14.2 4.68357 -12.3136
    endloop
  endfacet
  facet normal 1 0 0
    outer loop
      vertex 11.7 3.19178 -11.8432
      vertex 11.7 4.68357 -11.6864
      vertex 11.7 4.55317 -11.0729
    endloop
  endfacet
  facet normal 1 0 0
    outer loop
      vertex 11.7 4.68357 -11.6864
      vertex 11.7 3.19178 -11.8432
      vertex 11.7 4.68357 -12.3136
    endloop
  endfacet
  facet normal 1 0 0
    outer loop
      vertex 11.7 3.12658 -11.5365
      vertex 11.7 4.55317 -11.0729
      vertex 11.7 4.29808 -10.5
    endloop
  endfacet
  facet normal 1 -0 0
    outer loop
      vertex 11.7 3.19178 -12.1568
      vertex 11.7 4.68357 -12.3136
      vertex 11.7 3.19178 -11.8432
    endloop
  endfacet
  facet normal 1 0 0
    outer loop
      vertex 11.7 2.99904 -11.25
      vertex 11.7 4.29808 -10.5
      vertex 11.7 3.92943 -9.99261
    endloop
  endfacet
  facet normal 1 0 0
    outer loop
      vertex 11.7 4.68357 -12.3136
      vertex 11.7 3.19178 -12.1568
      vertex 11.7 4.55317 -12.9271
    endloop
  endfacet
  facet normal 1 0 0
    outer loop
      vertex 11.7 2.81472 -10.9963
      vertex 11.7 3.92943 -9.99261
      vertex 11.7 3.46336 -9.57295
    endloop
  endfacet
  facet normal 1 -0 0
    outer loop
      vertex 11.7 3.12658 -12.4635
      vertex 11.7 4.55317 -12.9271
      vertex 11.7 3.19178 -12.1568
    endloop
  endfacet
  facet normal 1 0 0
    outer loop
      vertex 11.7 4.55317 -12.9271
      vertex 11.7 3.12658 -12.4635
      vertex 11.7 4.29808 -13.5
    endloop
  endfacet
  facet normal 1 0 0
    outer loop
      vertex 11.7 4.55317 -11.0729
      vertex 11.7 3.12658 -11.5365
      vertex 11.7 3.19178 -11.8432
    endloop
  endfacet
  facet normal 1 0 0
    outer loop
      vertex 11.7 4.29808 -10.5
      vertex 11.7 2.99904 -11.25
      vertex 11.7 3.12658 -11.5365
    endloop
  endfacet
  facet normal 1 0 0
    outer loop
      vertex 11.7 2.58168 -10.7865
      vertex 11.7 3.46336 -9.57295
      vertex 11.7 2.92021 -9.25936
    endloop
  endfacet
  facet normal 1 0 0
    outer loop
      vertex 11.7 3.92943 -9.99261
      vertex 11.7 2.81472 -10.9963
      vertex 11.7 2.99904 -11.25
    endloop
  endfacet
  facet normal 1 0 0
    outer loop
      vertex 11.7 3.46336 -9.57295
      vertex 11.7 2.58168 -10.7865
      vertex 11.7 2.81472 -10.9963
    endloop
  endfacet
  facet normal 1 0 0
    outer loop
      vertex 11.7 2.3101 -10.6297
      vertex 11.7 2.92021 -9.25936
      vertex 11.7 2.32373 -9.06556
    endloop
  endfacet
  facet normal 1 0 0
    outer loop
      vertex 11.7 2.92021 -9.25936
      vertex 11.7 2.3101 -10.6297
      vertex 11.7 2.58168 -10.7865
    endloop
  endfacet
  facet normal 1 0 0
    outer loop
      vertex 11.7 2.32373 -9.06556
      vertex 11.7 2.01187 -10.5328
      vertex 11.7 2.3101 -10.6297
    endloop
  endfacet
  facet normal 1 0 0
    outer loop
      vertex 11.7 1.7 -9
      vertex 11.7 2.01187 -10.5328
      vertex 11.7 2.32373 -9.06556
    endloop
  endfacet
  facet normal 1 0 0
    outer loop
      vertex 11.7 1.7 -9
      vertex 11.7 1.7 -10.5
      vertex 11.7 2.01187 -10.5328
    endloop
  endfacet
  facet normal 1 0 0
    outer loop
      vertex 11.7 1.7 -9
      vertex 11.7 1.38813 -10.5328
      vertex 11.7 1.7 -10.5
    endloop
  endfacet
  facet normal 1 -0 0
    outer loop
      vertex 11.7 1.07627 -9.06556
      vertex 11.7 1.38813 -10.5328
      vertex 11.7 1.7 -9
    endloop
  endfacet
  facet normal 1 0 0
    outer loop
      vertex 11.7 1.38813 -10.5328
      vertex 11.7 1.07627 -9.06556
      vertex 11.7 1.0899 -10.6297
    endloop
  endfacet
  facet normal 1 -0 0
    outer loop
      vertex 11.7 0.479791 -9.25936
      vertex 11.7 1.0899 -10.6297
      vertex 11.7 1.07627 -9.06556
    endloop
  endfacet
  facet normal 1 0 0
    outer loop
      vertex 11.7 1.0899 -10.6297
      vertex 11.7 0.479791 -9.25936
      vertex 11.7 0.818322 -10.7865
    endloop
  endfacet
  facet normal 1 -0 0
    outer loop
      vertex 11.7 -0.0633553 -9.57295
      vertex 11.7 0.818322 -10.7865
      vertex 11.7 0.479791 -9.25936
    endloop
  endfacet
  facet normal 1 0 0
    outer loop
      vertex 11.7 0.818322 -10.7865
      vertex 11.7 -0.0633553 -9.57295
      vertex 11.7 0.585283 -10.9963
    endloop
  endfacet
  facet normal 1 -0 0
    outer loop
      vertex 11.7 -0.529434 -9.99261
      vertex 11.7 0.585283 -10.9963
      vertex 11.7 -0.0633553 -9.57295
    endloop
  endfacet
  facet normal 1 0 0
    outer loop
      vertex 11.7 0.585283 -10.9963
      vertex 11.7 -0.529434 -9.99261
      vertex 11.7 0.400962 -11.25
    endloop
  endfacet
  facet normal 1 0 0
    outer loop
      vertex 11.7 0.400962 -11.25
      vertex 11.7 -0.898076 -10.5
      vertex 11.7 0.273416 -11.5365
    endloop
  endfacet
  facet normal 1 -0 0
    outer loop
      vertex 11.7 -0.898076 -10.5
      vertex 11.7 0.400962 -11.25
      vertex 11.7 -0.529434 -9.99261
    endloop
  endfacet
  facet normal 1 -0 0
    outer loop
      vertex 11.7 2.99904 -12.75
      vertex 11.7 4.29808 -13.5
      vertex 11.7 3.12658 -12.4635
    endloop
  endfacet
  facet normal 1 0 0
    outer loop
      vertex 11.7 4.29808 -13.5
      vertex 11.7 2.99904 -12.75
      vertex 11.7 3.92943 -14.0074
    endloop
  endfacet
  facet normal 1 -0 0
    outer loop
      vertex 11.7 2.81472 -13.0037
      vertex 11.7 3.92943 -14.0074
      vertex 11.7 2.99904 -12.75
    endloop
  endfacet
  facet normal 1 0 0
    outer loop
      vertex 11.7 3.92943 -14.0074
      vertex 11.7 2.81472 -13.0037
      vertex 11.7 3.46336 -14.4271
    endloop
  endfacet
  facet normal 1 -0 0
    outer loop
      vertex 11.7 2.58168 -13.2135
      vertex 11.7 3.46336 -14.4271
      vertex 11.7 2.81472 -13.0037
    endloop
  endfacet
  facet normal 1 0 0
    outer loop
      vertex 11.7 3.46336 -14.4271
      vertex 11.7 2.58168 -13.2135
      vertex 11.7 2.92021 -14.7406
    endloop
  endfacet
  facet normal 1 -0 0
    outer loop
      vertex 11.7 2.3101 -13.3703
      vertex 11.7 2.92021 -14.7406
      vertex 11.7 2.58168 -13.2135
    endloop
  endfacet
  facet normal 1 0 0
    outer loop
      vertex 11.7 2.92021 -14.7406
      vertex 11.7 2.3101 -13.3703
      vertex 11.7 2.32373 -14.9344
    endloop
  endfacet
  facet normal 1 -0 0
    outer loop
      vertex 11.7 2.01187 -13.4672
      vertex 11.7 2.32373 -14.9344
      vertex 11.7 2.3101 -13.3703
    endloop
  endfacet
  facet normal 1 -0 0
    outer loop
      vertex 11.7 1.7 -13.5
      vertex 11.7 2.32373 -14.9344
      vertex 11.7 2.01187 -13.4672
    endloop
  endfacet
  facet normal 1 0 0
    outer loop
      vertex 11.7 1.7 -13.5
      vertex 11.7 1.7 -15
      vertex 11.7 2.32373 -14.9344
    endloop
  endfacet
  facet normal 1 0 0
    outer loop
      vertex 11.7 1.38813 -13.4672
      vertex 11.7 1.7 -15
      vertex 11.7 1.7 -13.5
    endloop
  endfacet
  facet normal 1 0 0
    outer loop
      vertex 11.7 1.07627 -14.9344
      vertex 11.7 1.38813 -13.4672
      vertex 11.7 1.0899 -13.3703
    endloop
  endfacet
  facet normal 1 0 0
    outer loop
      vertex 11.7 1.38813 -13.4672
      vertex 11.7 1.07627 -14.9344
      vertex 11.7 1.7 -15
    endloop
  endfacet
  facet normal 1 0 0
    outer loop
      vertex 11.7 0.479791 -14.7406
      vertex 11.7 1.0899 -13.3703
      vertex 11.7 0.818322 -13.2135
    endloop
  endfacet
  facet normal 1 0 0
    outer loop
      vertex 11.7 -0.0633553 -14.4271
      vertex 11.7 0.818322 -13.2135
      vertex 11.7 0.585283 -13.0037
    endloop
  endfacet
  facet normal 1 0 0
    outer loop
      vertex 11.7 1.0899 -13.3703
      vertex 11.7 0.479791 -14.7406
      vertex 11.7 1.07627 -14.9344
    endloop
  endfacet
  facet normal 1 0 0
    outer loop
      vertex 11.7 -0.529434 -14.0074
      vertex 11.7 0.585283 -13.0037
      vertex 11.7 0.400962 -12.75
    endloop
  endfacet
  facet normal 1 0 0
    outer loop
      vertex 11.7 -0.898076 -13.5
      vertex 11.7 0.400962 -12.75
      vertex 11.7 0.273416 -12.4635
    endloop
  endfacet
  facet normal 1 0 0
    outer loop
      vertex 11.7 -1.15317 -12.9271
      vertex 11.7 0.273416 -12.4635
      vertex 11.7 0.208218 -12.1568
    endloop
  endfacet
  facet normal 1 -0 0
    outer loop
      vertex 11.7 -1.15317 -11.0729
      vertex 11.7 0.273416 -11.5365
      vertex 11.7 -0.898076 -10.5
    endloop
  endfacet
  facet normal 1 0 0
    outer loop
      vertex 11.7 0.818322 -13.2135
      vertex 11.7 -0.0633553 -14.4271
      vertex 11.7 0.479791 -14.7406
    endloop
  endfacet
  facet normal 1 0 0
    outer loop
      vertex 11.7 0.273416 -11.5365
      vertex 11.7 -1.15317 -11.0729
      vertex 11.7 0.208218 -11.8432
    endloop
  endfacet
  facet normal 1 0 0
    outer loop
      vertex 11.7 0.585283 -13.0037
      vertex 11.7 -0.529434 -14.0074
      vertex 11.7 -0.0633553 -14.4271
    endloop
  endfacet
  facet normal 1 -0 0
    outer loop
      vertex 11.7 -1.28357 -11.6864
      vertex 11.7 0.208218 -11.8432
      vertex 11.7 -1.15317 -11.0729
    endloop
  endfacet
  facet normal 1 0 0
    outer loop
      vertex 11.7 0.400962 -12.75
      vertex 11.7 -0.898076 -13.5
      vertex 11.7 -0.529434 -14.0074
    endloop
  endfacet
  facet normal 1 0 0
    outer loop
      vertex 11.7 0.208218 -11.8432
      vertex 11.7 -1.28357 -11.6864
      vertex 11.7 0.208218 -12.1568
    endloop
  endfacet
  facet normal 1 0 0
    outer loop
      vertex 11.7 0.273416 -12.4635
      vertex 11.7 -1.15317 -12.9271
      vertex 11.7 -0.898076 -13.5
    endloop
  endfacet
  facet normal 1 0 0
    outer loop
      vertex 11.7 -1.28357 -12.3136
      vertex 11.7 0.208218 -12.1568
      vertex 11.7 -1.28357 -11.6864
    endloop
  endfacet
  facet normal 1 0 0
    outer loop
      vertex 11.7 0.208218 -12.1568
      vertex 11.7 -1.28357 -12.3136
      vertex 11.7 -1.15317 -12.9271
    endloop
  endfacet
  facet normal 0 0.913532 -0.406767
    outer loop
      vertex 14.2 -1.15317 -11.0729
      vertex 11.7 -0.898076 -10.5
      vertex 14.2 -0.898076 -10.5
    endloop
  endfacet
  facet normal 0 0.913532 -0.406767
    outer loop
      vertex 11.7 -0.898076 -10.5
      vertex 14.2 -1.15317 -11.0729
      vertex 11.7 -1.15317 -11.0729
    endloop
  endfacet
  facet normal -1 0 0
    outer loop
      vertex 10.2 5.7 -14.0189
      vertex 10.2 3.12658 -12.4635
      vertex 10.2 3.19178 -12.1568
    endloop
  endfacet
  facet normal -1 0 0
    outer loop
      vertex 10.2 4.34503 -15.6406
      vertex 10.2 2.99904 -12.75
      vertex 10.2 3.12658 -12.4635
    endloop
  endfacet
  facet normal -1 0 0
    outer loop
      vertex 10.2 4.34503 -15.6406
      vertex 10.2 2.81472 -13.0037
      vertex 10.2 2.99904 -12.75
    endloop
  endfacet
  facet normal -1 0 0
    outer loop
      vertex 10.2 2.3101 -13.3703
      vertex 10.2 3.53031 -16.111
      vertex 10.2 2.6356 -16.4017
    endloop
  endfacet
  facet normal -1 0 0
    outer loop
      vertex 10.2 4.34503 -15.6406
      vertex 10.2 2.58168 -13.2135
      vertex 10.2 2.81472 -13.0037
    endloop
  endfacet
  facet normal -1 0 0
    outer loop
      vertex 10.2 3.53031 -16.111
      vertex 10.2 2.3101 -13.3703
      vertex 10.2 2.58168 -13.2135
    endloop
  endfacet
  facet normal -1 0 0
    outer loop
      vertex 10.2 2.6356 -16.4017
      vertex 10.2 2.01187 -13.4672
      vertex 10.2 2.3101 -13.3703
    endloop
  endfacet
  facet normal -1 0 0
    outer loop
      vertex 10.2 2.6356 -16.4017
      vertex 10.2 1.7 -13.5
      vertex 10.2 2.01187 -13.4672
    endloop
  endfacet
  facet normal -1 0 0
    outer loop
      vertex 10.2 1.7 -16.5
      vertex 10.2 1.7 -13.5
      vertex 10.2 2.6356 -16.4017
    endloop
  endfacet
  facet normal -1 0 0
    outer loop
      vertex 10.2 1.7 -16.5
      vertex 10.2 1.38813 -13.4672
      vertex 10.2 1.7 -13.5
    endloop
  endfacet
  facet normal -1 0 0
    outer loop
      vertex 10.2 0.764397 -16.4017
      vertex 10.2 1.38813 -13.4672
      vertex 10.2 1.7 -16.5
    endloop
  endfacet
  facet normal -1 -0 0
    outer loop
      vertex 10.2 1.38813 -13.4672
      vertex 10.2 0.764397 -16.4017
      vertex 10.2 1.0899 -13.3703
    endloop
  endfacet
  facet normal -1 0 0
    outer loop
      vertex 10.2 -0.130315 -16.111
      vertex 10.2 1.0899 -13.3703
      vertex 10.2 0.764397 -16.4017
    endloop
  endfacet
  facet normal -1 -0 0
    outer loop
      vertex 10.2 1.0899 -13.3703
      vertex 10.2 -0.130315 -16.111
      vertex 10.2 0.818322 -13.2135
    endloop
  endfacet
  facet normal -1 0 0
    outer loop
      vertex 10.2 -0.945033 -15.6406
      vertex 10.2 0.818322 -13.2135
      vertex 10.2 -0.130315 -16.111
    endloop
  endfacet
  facet normal -1 -0 0
    outer loop
      vertex 10.2 0.818322 -13.2135
      vertex 10.2 -0.945033 -15.6406
      vertex 10.2 0.585283 -13.0037
    endloop
  endfacet
  facet normal -1 0 0
    outer loop
      vertex 10.2 -1.64415 -15.0111
      vertex 10.2 0.585283 -13.0037
      vertex 10.2 -0.945033 -15.6406
    endloop
  endfacet
  facet normal -1 0 0
    outer loop
      vertex 10.2 -2.19711 -14.25
      vertex 10.2 0.400962 -12.75
      vertex 10.2 -1.64415 -15.0111
    endloop
  endfacet
  facet normal -1 -0 0
    outer loop
      vertex 10.2 0.585283 -13.0037
      vertex 10.2 -1.64415 -15.0111
      vertex 10.2 0.400962 -12.75
    endloop
  endfacet
  facet normal -1 0 0
    outer loop
      vertex 10.2 3.12658 -12.4635
      vertex 10.2 5.7 -14.0189
      vertex 10.2 5.59711 -14.25
    endloop
  endfacet
  facet normal -1 0 0
    outer loop
      vertex 10.2 3.12658 -12.4635
      vertex 10.2 5.59711 -14.25
      vertex 10.2 5.04415 -15.0111
    endloop
  endfacet
  facet normal -1 0 0
    outer loop
      vertex 10.2 3.12658 -12.4635
      vertex 10.2 5.04415 -15.0111
      vertex 10.2 4.34503 -15.6406
    endloop
  endfacet
  facet normal -1 0 0
    outer loop
      vertex 10.2 2.58168 -13.2135
      vertex 10.2 4.34503 -15.6406
      vertex 10.2 3.53031 -16.111
    endloop
  endfacet
  facet normal -1 0 0
    outer loop
      vertex 10.2 5.7 -14.0189
      vertex 10.2 3.19178 -12.1568
      vertex 10.2 3.19178 -11.8432
    endloop
  endfacet
  facet normal -1 0 0
    outer loop
      vertex 10.2 5.7 -14.0189
      vertex 10.2 3.19178 -11.8432
      vertex 10.2 3.12658 -11.5365
    endloop
  endfacet
  facet normal -1 0 0
    outer loop
      vertex 10.2 5.7 -14.0189
      vertex 10.2 3.12658 -11.5365
      vertex 10.2 2.99904 -11.25
    endloop
  endfacet
  facet normal -1 0 0
    outer loop
      vertex 10.2 5.7 -14.0189
      vertex 10.2 2.99904 -11.25
      vertex 10.2 5.7 -3
    endloop
  endfacet
  facet normal -1 0 0
    outer loop
      vertex 10.2 2.81472 -10.9963
      vertex 10.2 5.7 -3
      vertex 10.2 2.99904 -11.25
    endloop
  endfacet
  facet normal -1 0 0
    outer loop
      vertex 10.2 2.58168 -10.7865
      vertex 10.2 5.7 -3
      vertex 10.2 2.81472 -10.9963
    endloop
  endfacet
  facet normal -1 0 0
    outer loop
      vertex 10.2 2.3101 -10.6297
      vertex 10.2 5.7 -3
      vertex 10.2 2.58168 -10.7865
    endloop
  endfacet
  facet normal -1 0 0
    outer loop
      vertex 10.2 2.01187 -10.5328
      vertex 10.2 5.7 -3
      vertex 10.2 2.3101 -10.6297
    endloop
  endfacet
  facet normal -1 0 0
    outer loop
      vertex 10.2 1.7 -10.5
      vertex 10.2 5.7 -3
      vertex 10.2 2.01187 -10.5328
    endloop
  endfacet
  facet normal -1 0 0
    outer loop
      vertex 10.2 1.38813 -10.5328
      vertex 10.2 5.7 -3
      vertex 10.2 1.7 -10.5
    endloop
  endfacet
  facet normal -1 0 0
    outer loop
      vertex 10.2 1.0899 -10.6297
      vertex 10.2 5.7 -3
      vertex 10.2 1.38813 -10.5328
    endloop
  endfacet
  facet normal -1 0 0
    outer loop
      vertex 10.2 -7.63261 -3
      vertex 10.2 1.0899 -10.6297
      vertex 10.2 0.818322 -10.7865
    endloop
  endfacet
  facet normal -1 0 0
    outer loop
      vertex 10.2 -7.63261 -3
      vertex 10.2 0.818322 -10.7865
      vertex 10.2 0.585283 -10.9963
    endloop
  endfacet
  facet normal -1 0 0
    outer loop
      vertex 10.2 -7.63261 -3
      vertex 10.2 0.585283 -10.9963
      vertex 10.2 0.400962 -11.25
    endloop
  endfacet
  facet normal -1 -0 0
    outer loop
      vertex 10.2 0.400962 -12.75
      vertex 10.2 -2.19711 -14.25
      vertex 10.2 0.273416 -12.4635
    endloop
  endfacet
  facet normal -1 -0 0
    outer loop
      vertex 10.2 0.273416 -12.4635
      vertex 10.2 -2.19711 -14.25
      vertex 10.2 0.208218 -12.1568
    endloop
  endfacet
  facet normal -1 -0 0
    outer loop
      vertex 10.2 0.208218 -12.1568
      vertex 10.2 -2.19711 -14.25
      vertex 10.2 0.208218 -11.8432
    endloop
  endfacet
  facet normal -1 -0 0
    outer loop
      vertex 10.2 0.208218 -11.8432
      vertex 10.2 -2.19711 -14.25
      vertex 10.2 0.273416 -11.5365
    endloop
  endfacet
  facet normal -1 -0 0
    outer loop
      vertex 10.2 0.273416 -11.5365
      vertex 10.2 -2.19711 -14.25
      vertex 10.2 0.400962 -11.25
    endloop
  endfacet
  facet normal -1 0 0
    outer loop
      vertex 10.2 -7.63261 -3
      vertex 10.2 0.400962 -11.25
      vertex 10.2 -2.19711 -14.25
    endloop
  endfacet
  facet normal -1 0 0
    outer loop
      vertex 10.2 1.0899 -10.6297
      vertex 10.2 -7.63261 -3
      vertex 10.2 5.7 -3
    endloop
  endfacet
  facet normal 1 -0 0
    outer loop
      vertex 34.2 -8.91836 14
      vertex 34.2 3.91836 -3
      vertex 34.2 3.91836 14
    endloop
  endfacet
  facet normal 1 0 0
    outer loop
      vertex 34.2 3.91836 -3
      vertex 34.2 -8.91836 14
      vertex 34.2 -8.91836 -3
    endloop
  endfacet
  facet normal 0 1 -0
    outer loop
      vertex 14.2 5.7 -14.0189
      vertex 10.2 5.7 -3
      vertex 14.2 5.7 -3
    endloop
  endfacet
  facet normal 0 1 0
    outer loop
      vertex 10.2 5.7 -3
      vertex 14.2 5.7 -14.0189
      vertex 10.2 5.7 -14.0189
    endloop
  endfacet
  facet normal 0 1 0
    outer loop
      vertex 14.2 5.7 -3
      vertex 14.4964 5.7 3
      vertex 14.4964 5.7 -3
    endloop
  endfacet
  facet normal 0 1 0
    outer loop
      vertex 10.2 5.7 -3
      vertex 14.4964 5.7 3
      vertex 14.2 5.7 -3
    endloop
  endfacet
  facet normal 0 1 0
    outer loop
      vertex 14.4964 5.7 3
      vertex 10.2 5.7 -3
      vertex -6.7 5.7 3
    endloop
  endfacet
  facet normal 0 1 0
    outer loop
      vertex -6.7 5.7 3
      vertex 10.2 5.7 -3
      vertex -6.7 5.7 -3
    endloop
  endfacet
endsolid OpenSCAD_Model
