solid OpenSCAD_Model
  facet normal -0.951064 -0.308993 0
    outer loop
      vertex 12.2325 4.1906 12.875
      vertex 11.8761 5.28758 15.5
      vertex 11.8761 5.28758 12.875
    endloop
  endfacet
  facet normal -0.951055 -0.309021 -2.0609e-06
    outer loop
      vertex 12.7159 2.70285 15.5
      vertex 12.2325 4.1906 12.875
      vertex 12.504 3.35502 12.875
    endloop
  endfacet
  facet normal -0.951058 -0.309013 -0
    outer loop
      vertex 12.7159 2.70285 15.5
      vertex 12.504 3.35502 12.875
      vertex 12.7159 2.70285 12.875
    endloop
  endfacet
  facet normal -0.95106 -0.309007 6.45243e-06
    outer loop
      vertex 12.2325 4.1906 12.875
      vertex 12.7159 2.70285 15.5
      vertex 11.8761 5.28758 15.5
    endloop
  endfacet
  facet normal -0.994521 -0.104535 0
    outer loop
      vertex 13 0 12.875
      vertex 12.7159 2.70285 15.5
      vertex 12.7159 2.70285 12.875
    endloop
  endfacet
  facet normal -0.994521 -0.104535 0
    outer loop
      vertex 12.7159 2.70285 15.5
      vertex 13 0 12.875
      vertex 13 0 15.5
    endloop
  endfacet
  facet normal -0.86602 -0.500009 0
    outer loop
      vertex 11.8761 5.28758 12.875
      vertex 10.5172 7.64121 15.5
      vertex 10.5172 7.64121 12.875
    endloop
  endfacet
  facet normal -0.86602 -0.500009 0
    outer loop
      vertex 10.5172 7.64121 15.5
      vertex 11.8761 5.28758 12.875
      vertex 11.8761 5.28758 15.5
    endloop
  endfacet
  facet normal -0.994521 0.10454 0
    outer loop
      vertex 12.863 -1.30332 12.875
      vertex 13 0 15.5
      vertex 13 0 12.875
    endloop
  endfacet
  facet normal -0.994524 0.104507 1.67117e-05
    outer loop
      vertex 12.8066 -1.84007 13.0497
      vertex 13 0 15.5
      vertex 12.863 -1.30332 12.875
    endloop
  endfacet
  facet normal -0.994648 0.103309 -0.00186621
    outer loop
      vertex 12.7313 -2.55614 13.5429
      vertex 12.8066 -1.84007 13.0497
      vertex 12.801 -1.89367 13.0672
    endloop
  endfacet
  facet normal -0.994429 0.1054 0.00146955
    outer loop
      vertex 12.7474 -2.40338 13.3543
      vertex 12.801 -1.89367 13.0672
      vertex 12.7513 -2.36594 13.3081
    endloop
  endfacet
  facet normal -0.994537 0.104386 -0.000349974
    outer loop
      vertex 12.7313 -2.55614 13.5429
      vertex 12.801 -1.89367 13.0672
      vertex 12.7474 -2.40338 13.3543
    endloop
  endfacet
  facet normal -0.994516 0.104581 0
    outer loop
      vertex 12.8066 -1.84007 13.0497
      vertex 12.7313 -2.55614 13.5429
      vertex 12.7313 -2.55614 15.5
    endloop
  endfacet
  facet normal -0.99452 0.104543 -1.1009e-05
    outer loop
      vertex 12.8066 -1.84007 13.0497
      vertex 12.7313 -2.55614 15.5
      vertex 13 0 15.5
    endloop
  endfacet
  facet normal 0 0 -1
    outer loop
      vertex 2.55 0 15
      vertex 4.95 0 15
      vertex 4.84183 -1.02916 15
    endloop
  endfacet
  facet normal 0 0 -1
    outer loop
      vertex 2.49428 -0.530174 15
      vertex 4.84183 -1.02916 15
      vertex 4.52205 -2.01335 15
    endloop
  endfacet
  facet normal 0 0 -1
    outer loop
      vertex 4.95 0 15
      vertex 2.55 0 15
      vertex 4.84183 1.02916 15
    endloop
  endfacet
  facet normal 0 0 -1
    outer loop
      vertex 2.32954 -1.03718 15
      vertex 4.52205 -2.01335 15
      vertex 4.00463 -2.90954 15
    endloop
  endfacet
  facet normal 0 0 -1
    outer loop
      vertex 2.49428 0.530174 15
      vertex 4.84183 1.02916 15
      vertex 2.55 0 15
    endloop
  endfacet
  facet normal 0 0 -1
    outer loop
      vertex 2.06299 -1.49885 15
      vertex 4.00463 -2.90954 15
      vertex 3.3122 -3.67857 15
    endloop
  endfacet
  facet normal -0 0 -1
    outer loop
      vertex 4.84183 1.02916 15
      vertex 2.49428 0.530174 15
      vertex 4.52205 2.01335 15
    endloop
  endfacet
  facet normal 0 0 -1
    outer loop
      vertex 2.32954 1.03718 15
      vertex 4.52205 2.01335 15
      vertex 2.49428 0.530174 15
    endloop
  endfacet
  facet normal 0 0 -1
    outer loop
      vertex 4.84183 -1.02916 15
      vertex 2.49428 -0.530174 15
      vertex 2.55 0 15
    endloop
  endfacet
  facet normal 0 0 -1
    outer loop
      vertex 1.70628 -1.89502 15
      vertex 3.3122 -3.67857 15
      vertex 2.475 -4.28683 15
    endloop
  endfacet
  facet normal 0 0 -1
    outer loop
      vertex 4.52205 -2.01335 15
      vertex 2.32954 -1.03718 15
      vertex 2.49428 -0.530174 15
    endloop
  endfacet
  facet normal 0 0 -1
    outer loop
      vertex 4.00463 -2.90954 15
      vertex 2.06299 -1.49885 15
      vertex 2.32954 -1.03718 15
    endloop
  endfacet
  facet normal 0 0 -1
    outer loop
      vertex 3.3122 -3.67857 15
      vertex 1.70628 -1.89502 15
      vertex 2.06299 -1.49885 15
    endloop
  endfacet
  facet normal 0 0 -1
    outer loop
      vertex 1.275 -2.20836 15
      vertex 2.475 -4.28683 15
      vertex 1.52963 -4.70773 15
    endloop
  endfacet
  facet normal 0 0 -1
    outer loop
      vertex 2.475 -4.28683 15
      vertex 1.275 -2.20836 15
      vertex 1.70628 -1.89502 15
    endloop
  endfacet
  facet normal 0 0 -1
    outer loop
      vertex 1.52963 -4.70773 15
      vertex 0.787992 -2.42519 15
      vertex 1.275 -2.20836 15
    endloop
  endfacet
  facet normal 0 0 -1
    outer loop
      vertex 0.517415 -4.92288 15
      vertex 0.787992 -2.42519 15
      vertex 1.52963 -4.70773 15
    endloop
  endfacet
  facet normal 0 0 -1
    outer loop
      vertex 0.517415 -4.92288 15
      vertex 0.266547 -2.53603 15
      vertex 0.787992 -2.42519 15
    endloop
  endfacet
  facet normal 0 0 -1
    outer loop
      vertex 0.517415 -4.92288 15
      vertex -0.266547 -2.53603 15
      vertex 0.266547 -2.53603 15
    endloop
  endfacet
  facet normal 0 0 -1
    outer loop
      vertex -0.517415 -4.92288 15
      vertex -0.266547 -2.53603 15
      vertex 0.517415 -4.92288 15
    endloop
  endfacet
  facet normal 0 0 -1
    outer loop
      vertex -0.517415 -4.92288 15
      vertex -0.787992 -2.42519 15
      vertex -0.266547 -2.53603 15
    endloop
  endfacet
  facet normal 0 0 -1
    outer loop
      vertex -1.52963 -4.70773 15
      vertex -0.787992 -2.42519 15
      vertex -0.517415 -4.92288 15
    endloop
  endfacet
  facet normal -0 0 -1
    outer loop
      vertex -0.787992 -2.42519 15
      vertex -1.52963 -4.70773 15
      vertex -1.275 -2.20836 15
    endloop
  endfacet
  facet normal 0 0 -1
    outer loop
      vertex -2.475 -4.28683 15
      vertex -1.275 -2.20836 15
      vertex -1.52963 -4.70773 15
    endloop
  endfacet
  facet normal -0 0 -1
    outer loop
      vertex -1.275 -2.20836 15
      vertex -2.475 -4.28683 15
      vertex -1.70628 -1.89502 15
    endloop
  endfacet
  facet normal 0 0 -1
    outer loop
      vertex -3.3122 -3.67857 15
      vertex -1.70628 -1.89502 15
      vertex -2.475 -4.28683 15
    endloop
  endfacet
  facet normal -0 0 -1
    outer loop
      vertex -1.70628 -1.89502 15
      vertex -3.3122 -3.67857 15
      vertex -2.06299 -1.49885 15
    endloop
  endfacet
  facet normal 0 0 -1
    outer loop
      vertex -4.00463 -2.90954 15
      vertex -2.06299 -1.49885 15
      vertex -3.3122 -3.67857 15
    endloop
  endfacet
  facet normal -0 0 -1
    outer loop
      vertex -2.06299 -1.49885 15
      vertex -4.00463 -2.90954 15
      vertex -2.32954 -1.03718 15
    endloop
  endfacet
  facet normal 0 0 -1
    outer loop
      vertex -4.52205 -2.01335 15
      vertex -2.32954 -1.03718 15
      vertex -4.00463 -2.90954 15
    endloop
  endfacet
  facet normal -0 0 -1
    outer loop
      vertex 4.52205 2.01335 15
      vertex 2.32954 1.03718 15
      vertex 4.00463 2.90954 15
    endloop
  endfacet
  facet normal 0 0 -1
    outer loop
      vertex 2.06299 1.49885 15
      vertex 4.00463 2.90954 15
      vertex 2.32954 1.03718 15
    endloop
  endfacet
  facet normal -0 0 -1
    outer loop
      vertex 4.00463 2.90954 15
      vertex 2.06299 1.49885 15
      vertex 3.3122 3.67857 15
    endloop
  endfacet
  facet normal 0 0 -1
    outer loop
      vertex 1.70628 1.89502 15
      vertex 3.3122 3.67857 15
      vertex 2.06299 1.49885 15
    endloop
  endfacet
  facet normal -0 0 -1
    outer loop
      vertex 3.3122 3.67857 15
      vertex 1.70628 1.89502 15
      vertex 2.475 4.28683 15
    endloop
  endfacet
  facet normal 0 0 -1
    outer loop
      vertex 1.275 2.20836 15
      vertex 2.475 4.28683 15
      vertex 1.70628 1.89502 15
    endloop
  endfacet
  facet normal -0 0 -1
    outer loop
      vertex 2.475 4.28683 15
      vertex 1.275 2.20836 15
      vertex 1.52963 4.70773 15
    endloop
  endfacet
  facet normal 0 0 -1
    outer loop
      vertex 0.787992 2.42519 15
      vertex 1.52963 4.70773 15
      vertex 1.275 2.20836 15
    endloop
  endfacet
  facet normal 0 0 -1
    outer loop
      vertex 0.787992 2.42519 15
      vertex 0.517415 4.92288 15
      vertex 1.52963 4.70773 15
    endloop
  endfacet
  facet normal 0 0 -1
    outer loop
      vertex 0.266547 2.53603 15
      vertex 0.517415 4.92288 15
      vertex 0.787992 2.42519 15
    endloop
  endfacet
  facet normal 0 0 -1
    outer loop
      vertex -0.266547 2.53603 15
      vertex 0.517415 4.92288 15
      vertex 0.266547 2.53603 15
    endloop
  endfacet
  facet normal 0 0 -1
    outer loop
      vertex -0.266547 2.53603 15
      vertex -0.517415 4.92288 15
      vertex 0.517415 4.92288 15
    endloop
  endfacet
  facet normal 0 0 -1
    outer loop
      vertex -0.787992 2.42519 15
      vertex -0.517415 4.92288 15
      vertex -0.266547 2.53603 15
    endloop
  endfacet
  facet normal 0 0 -1
    outer loop
      vertex -1.52963 4.70773 15
      vertex -0.787992 2.42519 15
      vertex -1.275 2.20836 15
    endloop
  endfacet
  facet normal 0 0 -1
    outer loop
      vertex -0.787992 2.42519 15
      vertex -1.52963 4.70773 15
      vertex -0.517415 4.92288 15
    endloop
  endfacet
  facet normal 0 0 -1
    outer loop
      vertex -2.475 4.28683 15
      vertex -1.275 2.20836 15
      vertex -1.70628 1.89502 15
    endloop
  endfacet
  facet normal 0 0 -1
    outer loop
      vertex -3.3122 3.67857 15
      vertex -1.70628 1.89502 15
      vertex -2.06299 1.49885 15
    endloop
  endfacet
  facet normal 0 0 -1
    outer loop
      vertex -4.00463 2.90954 15
      vertex -2.06299 1.49885 15
      vertex -2.32954 1.03718 15
    endloop
  endfacet
  facet normal 0 0 -1
    outer loop
      vertex -1.275 2.20836 15
      vertex -2.475 4.28683 15
      vertex -1.52963 4.70773 15
    endloop
  endfacet
  facet normal 0 0 -1
    outer loop
      vertex -4.52205 2.01335 15
      vertex -2.32954 1.03718 15
      vertex -2.49428 0.530174 15
    endloop
  endfacet
  facet normal 0 0 -1
    outer loop
      vertex -4.84183 1.02916 15
      vertex -2.49428 0.530174 15
      vertex -2.55 0 15
    endloop
  endfacet
  facet normal -0 0 -1
    outer loop
      vertex -2.32954 -1.03718 15
      vertex -4.52205 -2.01335 15
      vertex -2.49428 -0.530174 15
    endloop
  endfacet
  facet normal 0 0 -1
    outer loop
      vertex -1.70628 1.89502 15
      vertex -3.3122 3.67857 15
      vertex -2.475 4.28683 15
    endloop
  endfacet
  facet normal 0 0 -1
    outer loop
      vertex -4.84183 -1.02916 15
      vertex -2.49428 -0.530174 15
      vertex -4.52205 -2.01335 15
    endloop
  endfacet
  facet normal 0 0 -1
    outer loop
      vertex -2.06299 1.49885 15
      vertex -4.00463 2.90954 15
      vertex -3.3122 3.67857 15
    endloop
  endfacet
  facet normal -0 0 -1
    outer loop
      vertex -2.49428 -0.530174 15
      vertex -4.84183 -1.02916 15
      vertex -2.55 0 15
    endloop
  endfacet
  facet normal 0 0 -1
    outer loop
      vertex -2.32954 1.03718 15
      vertex -4.52205 2.01335 15
      vertex -4.00463 2.90954 15
    endloop
  endfacet
  facet normal 0 0 -1
    outer loop
      vertex -4.95 0 15
      vertex -2.55 0 15
      vertex -4.84183 -1.02916 15
    endloop
  endfacet
  facet normal 0 0 -1
    outer loop
      vertex -2.49428 0.530174 15
      vertex -4.84183 1.02916 15
      vertex -4.52205 2.01335 15
    endloop
  endfacet
  facet normal 0 0 -1
    outer loop
      vertex -2.55 0 15
      vertex -4.95 0 15
      vertex -4.84183 1.02916 15
    endloop
  endfacet
  facet normal -0.743202 -0.669067 0
    outer loop
      vertex 10.5172 7.64121 12.875
      vertex 10.1942 8 15.5
      vertex 10.1942 8 12.875
    endloop
  endfacet
  facet normal -0.743202 -0.669067 0
    outer loop
      vertex 10.1942 8 15.5
      vertex 10.5172 7.64121 12.875
      vertex 10.5172 7.64121 15.5
    endloop
  endfacet
  facet normal 0 0 -1
    outer loop
      vertex 4.95 0 15.5
      vertex 13 0 15.5
      vertex 12.7313 -2.55614 15.5
    endloop
  endfacet
  facet normal 0 0 -1
    outer loop
      vertex 13 0 15.5
      vertex 4.95 0 15.5
      vertex 12.7159 2.70285 15.5
    endloop
  endfacet
  facet normal -0 0 -1
    outer loop
      vertex 12.7159 2.70285 15.5
      vertex 4.84183 1.02916 15.5
      vertex 11.8761 5.28758 15.5
    endloop
  endfacet
  facet normal 0 0 -1
    outer loop
      vertex 4.52205 2.01335 15.5
      vertex 11.8761 5.28758 15.5
      vertex 4.84183 1.02916 15.5
    endloop
  endfacet
  facet normal 0 -0 -1
    outer loop
      vertex 9.57306 8 15.5
      vertex 11.8761 5.28758 15.5
      vertex 4.52205 2.01335 15.5
    endloop
  endfacet
  facet normal 0 0 -1
    outer loop
      vertex 12.7159 2.70285 15.5
      vertex 4.95 0 15.5
      vertex 4.84183 1.02916 15.5
    endloop
  endfacet
  facet normal 0 0 -1
    outer loop
      vertex 12.7313 -2.55614 15.5
      vertex 4.84183 -1.02916 15.5
      vertex 4.95 0 15.5
    endloop
  endfacet
  facet normal 0 0 -1
    outer loop
      vertex 12.7313 -2.55614 15.5
      vertex 4.52205 -2.01335 15.5
      vertex 4.84183 -1.02916 15.5
    endloop
  endfacet
  facet normal -0 0 -1
    outer loop
      vertex 12.7313 -2.55614 15.5
      vertex 4.00463 -2.90954 15.5
      vertex 4.52205 -2.01335 15.5
    endloop
  endfacet
  facet normal 0 0 -1
    outer loop
      vertex 12.7313 -2.55614 15.5
      vertex 3.3122 -3.67857 15.5
      vertex 4.00463 -2.90954 15.5
    endloop
  endfacet
  facet normal 0 0 -1
    outer loop
      vertex 2.07041 -6.37208 15.5
      vertex 3.3122 -3.67857 15.5
      vertex 12.7313 -2.55614 15.5
    endloop
  endfacet
  facet normal 0 0 -1
    outer loop
      vertex 3.3122 -3.67857 15.5
      vertex 2.07041 -6.37208 15.5
      vertex 2.475 -4.28683 15.5
    endloop
  endfacet
  facet normal 0 0 -1
    outer loop
      vertex 2.07041 -6.37208 15.5
      vertex 1.52963 -4.70773 15.5
      vertex 2.475 -4.28683 15.5
    endloop
  endfacet
  facet normal 0 0 -1
    outer loop
      vertex 0.70034 -6.6633 15.5
      vertex 1.52963 -4.70773 15.5
      vertex 2.07041 -6.37208 15.5
    endloop
  endfacet
  facet normal 0 0 -1
    outer loop
      vertex 0.70034 -6.6633 15.5
      vertex 0.517415 -4.92288 15.5
      vertex 1.52963 -4.70773 15.5
    endloop
  endfacet
  facet normal 0 0 -1
    outer loop
      vertex 0.70034 -6.6633 15.5
      vertex -0.517415 -4.92288 15.5
      vertex 0.517415 -4.92288 15.5
    endloop
  endfacet
  facet normal 0 0 -1
    outer loop
      vertex -0.70034 -6.6633 15.5
      vertex -0.517415 -4.92288 15.5
      vertex 0.70034 -6.6633 15.5
    endloop
  endfacet
  facet normal 0 0 -1
    outer loop
      vertex -0.70034 -6.6633 15.5
      vertex -1.52963 -4.70773 15.5
      vertex -0.517415 -4.92288 15.5
    endloop
  endfacet
  facet normal 0 0 -1
    outer loop
      vertex -2.07041 -6.37208 15.5
      vertex -1.52963 -4.70773 15.5
      vertex -0.70034 -6.6633 15.5
    endloop
  endfacet
  facet normal 0 0 -1
    outer loop
      vertex -2.07041 -6.37208 15.5
      vertex -2.475 -4.28683 15.5
      vertex -1.52963 -4.70773 15.5
    endloop
  endfacet
  facet normal 0 0 -1
    outer loop
      vertex -3.35 -5.80237 15.5
      vertex -2.475 -4.28683 15.5
      vertex -2.07041 -6.37208 15.5
    endloop
  endfacet
  facet normal -0 0 -1
    outer loop
      vertex -2.475 -4.28683 15.5
      vertex -3.35 -5.80237 15.5
      vertex -3.3122 -3.67857 15.5
    endloop
  endfacet
  facet normal 0 0 -1
    outer loop
      vertex -4.48317 -4.97907 15.5
      vertex -3.3122 -3.67857 15.5
      vertex -3.35 -5.80237 15.5
    endloop
  endfacet
  facet normal -0 0 -1
    outer loop
      vertex -3.3122 -3.67857 15.5
      vertex -4.48317 -4.97907 15.5
      vertex -4.00463 -2.90954 15.5
    endloop
  endfacet
  facet normal 0 0 -1
    outer loop
      vertex -5.42041 -3.93816 15.5
      vertex -4.00463 -2.90954 15.5
      vertex -4.48317 -4.97907 15.5
    endloop
  endfacet
  facet normal -0 0 -1
    outer loop
      vertex -4.00463 -2.90954 15.5
      vertex -5.42041 -3.93816 15.5
      vertex -4.52205 -2.01335 15.5
    endloop
  endfacet
  facet normal 0 0 -1
    outer loop
      vertex -6.12075 -2.72513 15.5
      vertex -4.52205 -2.01335 15.5
      vertex -5.42041 -3.93816 15.5
    endloop
  endfacet
  facet normal -0 0 -1
    outer loop
      vertex -4.52205 -2.01335 15.5
      vertex -6.12075 -2.72513 15.5
      vertex -4.84183 -1.02916 15.5
    endloop
  endfacet
  facet normal 0 0 -1
    outer loop
      vertex 10.5172 7.64121 15.5
      vertex 9.57306 8 15.5
      vertex 10.1942 8 15.5
    endloop
  endfacet
  facet normal 0 0 -1
    outer loop
      vertex 11.8761 5.28758 15.5
      vertex 9.57306 8 15.5
      vertex 10.5172 7.64121 15.5
    endloop
  endfacet
  facet normal 0 0 -1
    outer loop
      vertex 4.00463 2.90954 15.5
      vertex 9.57306 8 15.5
      vertex 4.52205 2.01335 15.5
    endloop
  endfacet
  facet normal 0 0 -1
    outer loop
      vertex 3.3122 3.67857 15.5
      vertex 9.57306 8 15.5
      vertex 4.00463 2.90954 15.5
    endloop
  endfacet
  facet normal 0 0 -1
    outer loop
      vertex 2.475 4.28683 15.5
      vertex 9.57306 8 15.5
      vertex 3.3122 3.67857 15.5
    endloop
  endfacet
  facet normal 0 0 -1
    outer loop
      vertex 1.52963 4.70773 15.5
      vertex 9.57306 8 15.5
      vertex 2.475 4.28683 15.5
    endloop
  endfacet
  facet normal 0 0 -1
    outer loop
      vertex -0.70034 6.6633 15.5
      vertex 1.52963 4.70773 15.5
      vertex 0.517415 4.92288 15.5
    endloop
  endfacet
  facet normal 0 0 -1
    outer loop
      vertex -0.70034 6.6633 15.5
      vertex 0.517415 4.92288 15.5
      vertex -0.517415 4.92288 15.5
    endloop
  endfacet
  facet normal 0 0 -1
    outer loop
      vertex 1.52963 4.70773 15.5
      vertex -0.70034 6.6633 15.5
      vertex 9.57306 8 15.5
    endloop
  endfacet
  facet normal 0 0 -1
    outer loop
      vertex -1.52963 4.70773 15.5
      vertex -0.70034 6.6633 15.5
      vertex -0.517415 4.92288 15.5
    endloop
  endfacet
  facet normal 0 0 -1
    outer loop
      vertex -1.52963 4.70773 15.5
      vertex -2.07041 6.37208 15.5
      vertex -0.70034 6.6633 15.5
    endloop
  endfacet
  facet normal 0 0 -1
    outer loop
      vertex -2.475 4.28683 15.5
      vertex -2.07041 6.37208 15.5
      vertex -1.52963 4.70773 15.5
    endloop
  endfacet
  facet normal 0 0 -1
    outer loop
      vertex -3.35 5.80237 15.5
      vertex -2.475 4.28683 15.5
      vertex -3.3122 3.67857 15.5
    endloop
  endfacet
  facet normal 0 0 -1
    outer loop
      vertex -2.475 4.28683 15.5
      vertex -3.35 5.80237 15.5
      vertex -2.07041 6.37208 15.5
    endloop
  endfacet
  facet normal 0 0 -1
    outer loop
      vertex -4.48317 4.97907 15.5
      vertex -3.3122 3.67857 15.5
      vertex -4.00463 2.90954 15.5
    endloop
  endfacet
  facet normal 0 0 -1
    outer loop
      vertex -3.3122 3.67857 15.5
      vertex -4.48317 4.97907 15.5
      vertex -3.35 5.80237 15.5
    endloop
  endfacet
  facet normal 0 0 -1
    outer loop
      vertex -5.42041 3.93816 15.5
      vertex -4.00463 2.90954 15.5
      vertex -4.52205 2.01335 15.5
    endloop
  endfacet
  facet normal 0 0 -1
    outer loop
      vertex -6.12075 2.72513 15.5
      vertex -4.52205 2.01335 15.5
      vertex -4.84183 1.02916 15.5
    endloop
  endfacet
  facet normal 0 0 -1
    outer loop
      vertex -6.55359 1.39301 15.5
      vertex -4.84183 1.02916 15.5
      vertex -4.95 0 15.5
    endloop
  endfacet
  facet normal 0 0 -1
    outer loop
      vertex -6.55359 -1.39301 15.5
      vertex -4.84183 -1.02916 15.5
      vertex -6.12075 -2.72513 15.5
    endloop
  endfacet
  facet normal 0 0 -1
    outer loop
      vertex -4.00463 2.90954 15.5
      vertex -5.42041 3.93816 15.5
      vertex -4.48317 4.97907 15.5
    endloop
  endfacet
  facet normal -0 0 -1
    outer loop
      vertex -4.84183 -1.02916 15.5
      vertex -6.55359 -1.39301 15.5
      vertex -4.95 0 15.5
    endloop
  endfacet
  facet normal 0 0 -1
    outer loop
      vertex -4.52205 2.01335 15.5
      vertex -6.12075 2.72513 15.5
      vertex -5.42041 3.93816 15.5
    endloop
  endfacet
  facet normal 0 0 -1
    outer loop
      vertex -6.7 0 15.5
      vertex -4.95 0 15.5
      vertex -6.55359 -1.39301 15.5
    endloop
  endfacet
  facet normal 0 0 -1
    outer loop
      vertex -4.84183 1.02916 15.5
      vertex -6.55359 1.39301 15.5
      vertex -6.12075 2.72513 15.5
    endloop
  endfacet
  facet normal 0 0 -1
    outer loop
      vertex -4.95 0 15.5
      vertex -6.7 0 15.5
      vertex -6.55359 1.39301 15.5
    endloop
  endfacet
  facet normal -0.743149 -0.669126 0
    outer loop
      vertex -3.3122 -3.67857 15
      vertex -4.00463 -2.90954 15.5
      vertex -4.00463 -2.90954 15
    endloop
  endfacet
  facet normal -0.743149 -0.669126 0
    outer loop
      vertex -4.00463 -2.90954 15.5
      vertex -3.3122 -3.67857 15
      vertex -3.3122 -3.67857 15.5
    endloop
  endfacet
  facet normal 0.951057 0.309015 0
    outer loop
      vertex 4.84183 1.02916 15.5
      vertex 4.52205 2.01335 15
      vertex 4.52205 2.01335 15.5
    endloop
  endfacet
  facet normal 0.951057 0.309015 0
    outer loop
      vertex 4.52205 2.01335 15
      vertex 4.84183 1.02916 15.5
      vertex 4.84183 1.02916 15
    endloop
  endfacet
  facet normal 0.994522 0.104529 0
    outer loop
      vertex 4.95 0 15.5
      vertex 4.84183 1.02916 15
      vertex 4.84183 1.02916 15.5
    endloop
  endfacet
  facet normal 0.994522 0.104529 0
    outer loop
      vertex 4.84183 1.02916 15
      vertex 4.95 0 15.5
      vertex 4.95 0 15
    endloop
  endfacet
  facet normal 0.866024 0.500003 0
    outer loop
      vertex 4.52205 2.01335 15.5
      vertex 4.00463 2.90954 15
      vertex 4.00463 2.90954 15.5
    endloop
  endfacet
  facet normal 0.866024 0.500003 0
    outer loop
      vertex 4.00463 2.90954 15
      vertex 4.52205 2.01335 15.5
      vertex 4.52205 2.01335 15
    endloop
  endfacet
  facet normal 0.951057 -0.309015 0
    outer loop
      vertex 4.52205 -2.01335 15.5
      vertex 4.84183 -1.02916 15
      vertex 4.84183 -1.02916 15.5
    endloop
  endfacet
  facet normal 0.951057 -0.309015 0
    outer loop
      vertex 4.84183 -1.02916 15
      vertex 4.52205 -2.01335 15.5
      vertex 4.52205 -2.01335 15
    endloop
  endfacet
  facet normal 0.587784 -0.809018 0
    outer loop
      vertex 2.475 -4.28683 15
      vertex 3.3122 -3.67857 15.5
      vertex 2.475 -4.28683 15.5
    endloop
  endfacet
  facet normal 0.587784 -0.809018 0
    outer loop
      vertex 3.3122 -3.67857 15.5
      vertex 2.475 -4.28683 15
      vertex 3.3122 -3.67857 15
    endloop
  endfacet
  facet normal 0.743149 -0.669126 0
    outer loop
      vertex 3.3122 -3.67857 15.5
      vertex 4.00463 -2.90954 15
      vertex 4.00463 -2.90954 15.5
    endloop
  endfacet
  facet normal 0.743149 -0.669126 0
    outer loop
      vertex 4.00463 -2.90954 15
      vertex 3.3122 -3.67857 15.5
      vertex 3.3122 -3.67857 15
    endloop
  endfacet
  facet normal 0.994522 -0.104529 0
    outer loop
      vertex 4.84183 -1.02916 15.5
      vertex 4.95 0 15
      vertex 4.95 0 15.5
    endloop
  endfacet
  facet normal 0.994522 -0.104529 0
    outer loop
      vertex 4.95 0 15
      vertex 4.84183 -1.02916 15.5
      vertex 4.84183 -1.02916 15
    endloop
  endfacet
  facet normal -0.406732 -0.913548 0
    outer loop
      vertex -2.475 -4.28683 15
      vertex -1.52963 -4.70773 15.5
      vertex -2.475 -4.28683 15.5
    endloop
  endfacet
  facet normal -0.406732 -0.913548 -0
    outer loop
      vertex -1.52963 -4.70773 15.5
      vertex -2.475 -4.28683 15
      vertex -1.52963 -4.70773 15
    endloop
  endfacet
  facet normal 0.406732 0.913548 -0
    outer loop
      vertex 2.475 4.28683 15
      vertex 1.52963 4.70773 15.5
      vertex 2.475 4.28683 15.5
    endloop
  endfacet
  facet normal 0.406732 0.913548 0
    outer loop
      vertex 1.52963 4.70773 15.5
      vertex 2.475 4.28683 15
      vertex 1.52963 4.70773 15
    endloop
  endfacet
  facet normal 0.743149 0.669126 0
    outer loop
      vertex 4.00463 2.90954 15.5
      vertex 3.3122 3.67857 15
      vertex 3.3122 3.67857 15.5
    endloop
  endfacet
  facet normal 0.743149 0.669126 0
    outer loop
      vertex 3.3122 3.67857 15
      vertex 4.00463 2.90954 15.5
      vertex 4.00463 2.90954 15
    endloop
  endfacet
  facet normal -0.587784 -0.809018 0
    outer loop
      vertex -3.3122 -3.67857 15
      vertex -2.475 -4.28683 15.5
      vertex -3.3122 -3.67857 15.5
    endloop
  endfacet
  facet normal -0.587784 -0.809018 -0
    outer loop
      vertex -2.475 -4.28683 15.5
      vertex -3.3122 -3.67857 15
      vertex -2.475 -4.28683 15
    endloop
  endfacet
  facet normal -0.743149 0.669126 0
    outer loop
      vertex -4.00463 2.90954 15
      vertex -3.3122 3.67857 15.5
      vertex -3.3122 3.67857 15
    endloop
  endfacet
  facet normal -0.743149 0.669126 0
    outer loop
      vertex -3.3122 3.67857 15.5
      vertex -4.00463 2.90954 15
      vertex -4.00463 2.90954 15.5
    endloop
  endfacet
  facet normal 0 1 -0
    outer loop
      vertex 0.517415 4.92288 15
      vertex -0.517415 4.92288 15.5
      vertex 0.517415 4.92288 15.5
    endloop
  endfacet
  facet normal 0 1 0
    outer loop
      vertex -0.517415 4.92288 15.5
      vertex 0.517415 4.92288 15
      vertex -0.517415 4.92288 15
    endloop
  endfacet
  facet normal 0.406732 -0.913548 0
    outer loop
      vertex 1.52963 -4.70773 15
      vertex 2.475 -4.28683 15.5
      vertex 1.52963 -4.70773 15.5
    endloop
  endfacet
  facet normal 0.406732 -0.913548 0
    outer loop
      vertex 2.475 -4.28683 15.5
      vertex 1.52963 -4.70773 15
      vertex 2.475 -4.28683 15
    endloop
  endfacet
  facet normal 0.207909 -0.978148 0
    outer loop
      vertex 0.517415 -4.92288 15
      vertex 1.52963 -4.70773 15.5
      vertex 0.517415 -4.92288 15.5
    endloop
  endfacet
  facet normal 0.207909 -0.978148 0
    outer loop
      vertex 1.52963 -4.70773 15.5
      vertex 0.517415 -4.92288 15
      vertex 1.52963 -4.70773 15
    endloop
  endfacet
  facet normal -0.951057 0.309015 0
    outer loop
      vertex -4.84183 1.02916 15
      vertex -4.52205 2.01335 15.5
      vertex -4.52205 2.01335 15
    endloop
  endfacet
  facet normal -0.951057 0.309015 0
    outer loop
      vertex -4.52205 2.01335 15.5
      vertex -4.84183 1.02916 15
      vertex -4.84183 1.02916 15.5
    endloop
  endfacet
  facet normal -0.951057 -0.309015 0
    outer loop
      vertex -4.52205 -2.01335 15
      vertex -4.84183 -1.02916 15.5
      vertex -4.84183 -1.02916 15
    endloop
  endfacet
  facet normal -0.951057 -0.309015 0
    outer loop
      vertex -4.84183 -1.02916 15.5
      vertex -4.52205 -2.01335 15
      vertex -4.52205 -2.01335 15.5
    endloop
  endfacet
  facet normal -0.406732 0.913548 0
    outer loop
      vertex -1.52963 4.70773 15
      vertex -2.475 4.28683 15.5
      vertex -1.52963 4.70773 15.5
    endloop
  endfacet
  facet normal -0.406732 0.913548 0
    outer loop
      vertex -2.475 4.28683 15.5
      vertex -1.52963 4.70773 15
      vertex -2.475 4.28683 15
    endloop
  endfacet
  facet normal -0.207909 -0.978148 0
    outer loop
      vertex -1.52963 -4.70773 15
      vertex -0.517415 -4.92288 15.5
      vertex -1.52963 -4.70773 15.5
    endloop
  endfacet
  facet normal -0.207909 -0.978148 -0
    outer loop
      vertex -0.517415 -4.92288 15.5
      vertex -1.52963 -4.70773 15
      vertex -0.517415 -4.92288 15
    endloop
  endfacet
  facet normal 0.207909 0.978148 -0
    outer loop
      vertex 1.52963 4.70773 15
      vertex 0.517415 4.92288 15.5
      vertex 1.52963 4.70773 15.5
    endloop
  endfacet
  facet normal 0.207909 0.978148 0
    outer loop
      vertex 0.517415 4.92288 15.5
      vertex 1.52963 4.70773 15
      vertex 0.517415 4.92288 15
    endloop
  endfacet
  facet normal -0.994522 -0.104529 0
    outer loop
      vertex -4.84183 -1.02916 15
      vertex -4.95 0 15.5
      vertex -4.95 0 15
    endloop
  endfacet
  facet normal -0.994522 -0.104529 0
    outer loop
      vertex -4.95 0 15.5
      vertex -4.84183 -1.02916 15
      vertex -4.84183 -1.02916 15.5
    endloop
  endfacet
  facet normal -0.866024 -0.500003 0
    outer loop
      vertex -4.00463 -2.90954 15
      vertex -4.52205 -2.01335 15.5
      vertex -4.52205 -2.01335 15
    endloop
  endfacet
  facet normal -0.866024 -0.500003 0
    outer loop
      vertex -4.52205 -2.01335 15.5
      vertex -4.00463 -2.90954 15
      vertex -4.00463 -2.90954 15.5
    endloop
  endfacet
  facet normal -0.866024 0.500003 0
    outer loop
      vertex -4.52205 2.01335 15
      vertex -4.00463 2.90954 15.5
      vertex -4.00463 2.90954 15
    endloop
  endfacet
  facet normal -0.866024 0.500003 0
    outer loop
      vertex -4.00463 2.90954 15.5
      vertex -4.52205 2.01335 15
      vertex -4.52205 2.01335 15.5
    endloop
  endfacet
  facet normal 0.866024 -0.500003 0
    outer loop
      vertex 4.00463 -2.90954 15.5
      vertex 4.52205 -2.01335 15
      vertex 4.52205 -2.01335 15.5
    endloop
  endfacet
  facet normal 0.866024 -0.500003 0
    outer loop
      vertex 4.52205 -2.01335 15
      vertex 4.00463 -2.90954 15.5
      vertex 4.00463 -2.90954 15
    endloop
  endfacet
  facet normal 0.587784 0.809018 -0
    outer loop
      vertex 3.3122 3.67857 15
      vertex 2.475 4.28683 15.5
      vertex 3.3122 3.67857 15.5
    endloop
  endfacet
  facet normal 0.587784 0.809018 0
    outer loop
      vertex 2.475 4.28683 15.5
      vertex 3.3122 3.67857 15
      vertex 2.475 4.28683 15
    endloop
  endfacet
  facet normal -0.587784 0.809018 0
    outer loop
      vertex -2.475 4.28683 15
      vertex -3.3122 3.67857 15.5
      vertex -2.475 4.28683 15.5
    endloop
  endfacet
  facet normal -0.587784 0.809018 0
    outer loop
      vertex -3.3122 3.67857 15.5
      vertex -2.475 4.28683 15
      vertex -3.3122 3.67857 15
    endloop
  endfacet
  facet normal -0.207909 0.978148 0
    outer loop
      vertex -0.517415 4.92288 15
      vertex -1.52963 4.70773 15.5
      vertex -0.517415 4.92288 15.5
    endloop
  endfacet
  facet normal -0.207909 0.978148 0
    outer loop
      vertex -1.52963 4.70773 15.5
      vertex -0.517415 4.92288 15
      vertex -1.52963 4.70773 15
    endloop
  endfacet
  facet normal 0 -1 0
    outer loop
      vertex -0.517415 -4.92288 15
      vertex 0.517415 -4.92288 15.5
      vertex -0.517415 -4.92288 15.5
    endloop
  endfacet
  facet normal 0 -1 -0
    outer loop
      vertex 0.517415 -4.92288 15.5
      vertex -0.517415 -4.92288 15
      vertex 0.517415 -4.92288 15
    endloop
  endfacet
  facet normal -0.994522 0.104529 0
    outer loop
      vertex -4.95 0 15
      vertex -4.84183 1.02916 15.5
      vertex -4.84183 1.02916 15
    endloop
  endfacet
  facet normal -0.994522 0.104529 0
    outer loop
      vertex -4.84183 1.02916 15.5
      vertex -4.95 0 15
      vertex -4.95 0 15.5
    endloop
  endfacet
  facet normal -0.951009 -0.309162 0
    outer loop
      vertex 15.576 4.7287 12.875
      vertex 15.5049 4.94741 14.55
      vertex 15.5049 4.94741 12.875
    endloop
  endfacet
  facet normal -0.951009 -0.309162 0
    outer loop
      vertex 15.5049 4.94741 14.55
      vertex 15.576 4.7287 12.875
      vertex 15.576 4.7287 14.55
    endloop
  endfacet
  facet normal -0.994539 -0.104368 0
    outer loop
      vertex 15.6 4.5 12.875
      vertex 15.576 4.7287 14.55
      vertex 15.576 4.7287 12.875
    endloop
  endfacet
  facet normal -0.994539 -0.104368 0
    outer loop
      vertex 15.576 4.7287 14.55
      vertex 15.6 4.5 12.875
      vertex 15.6 4.5 14.55
    endloop
  endfacet
  facet normal -0.865986 -0.500067 0
    outer loop
      vertex 15.5049 4.94741 12.875
      vertex 15.3899 5.14656 14.55
      vertex 15.3899 5.14656 12.875
    endloop
  endfacet
  facet normal -0.865986 -0.500067 0
    outer loop
      vertex 15.3899 5.14656 14.55
      vertex 15.5049 4.94741 12.875
      vertex 15.5049 4.94741 14.55
    endloop
  endfacet
  facet normal -0.7431 -0.669181 0
    outer loop
      vertex 15.3899 5.14656 12.875
      vertex 15.236 5.31746 14.55
      vertex 15.236 5.31746 12.875
    endloop
  endfacet
  facet normal -0.7431 -0.669181 0
    outer loop
      vertex 15.236 5.31746 14.55
      vertex 15.3899 5.14656 12.875
      vertex 15.3899 5.14656 14.55
    endloop
  endfacet
  facet normal -0.207937 0.978142 0
    outer loop
      vertex 14.8399 3.45384 12.875
      vertex 14.615 3.40603 14.55
      vertex 14.8399 3.45384 14.55
    endloop
  endfacet
  facet normal -0.207937 0.978142 0
    outer loop
      vertex 14.615 3.40603 14.55
      vertex 14.8399 3.45384 12.875
      vertex 14.615 3.40603 12.875
    endloop
  endfacet
  facet normal 0.994539 0.104368 0
    outer loop
      vertex 13.424 4.2713 14.55
      vertex 13.4 4.5 12.875
      vertex 13.4 4.5 14.55
    endloop
  endfacet
  facet normal 0.994539 0.104368 0
    outer loop
      vertex 13.4 4.5 12.875
      vertex 13.424 4.2713 14.55
      vertex 13.424 4.2713 12.875
    endloop
  endfacet
  facet normal 0.587879 0.808949 -0
    outer loop
      vertex 13.95 3.54737 12.875
      vertex 13.764 3.68254 14.55
      vertex 13.95 3.54737 14.55
    endloop
  endfacet
  facet normal 0.587879 0.808949 0
    outer loop
      vertex 13.764 3.68254 14.55
      vertex 13.95 3.54737 12.875
      vertex 13.764 3.68254 12.875
    endloop
  endfacet
  facet normal -0.865986 0.500067 0
    outer loop
      vertex 15.3899 3.85344 12.875
      vertex 15.5049 4.05259 14.55
      vertex 15.5049 4.05259 12.875
    endloop
  endfacet
  facet normal -0.865986 0.500067 0
    outer loop
      vertex 15.5049 4.05259 14.55
      vertex 15.3899 3.85344 12.875
      vertex 15.3899 3.85344 14.55
    endloop
  endfacet
  facet normal -0.7431 0.669181 0
    outer loop
      vertex 15.236 3.68254 12.875
      vertex 15.3899 3.85344 14.55
      vertex 15.3899 3.85344 12.875
    endloop
  endfacet
  facet normal -0.7431 0.669181 0
    outer loop
      vertex 15.3899 3.85344 14.55
      vertex 15.236 3.68254 12.875
      vertex 15.236 3.68254 14.55
    endloop
  endfacet
  facet normal -0.406691 -0.913566 0
    outer loop
      vertex 14.8399 5.54616 12.875
      vertex 15.05 5.45263 14.55
      vertex 14.8399 5.54616 14.55
    endloop
  endfacet
  facet normal -0.406691 -0.913566 -0
    outer loop
      vertex 15.05 5.45263 14.55
      vertex 14.8399 5.54616 12.875
      vertex 15.05 5.45263 12.875
    endloop
  endfacet
  facet normal 0.865986 -0.500067 0
    outer loop
      vertex 13.4951 4.94741 14.55
      vertex 13.6101 5.14656 12.875
      vertex 13.6101 5.14656 14.55
    endloop
  endfacet
  facet normal 0.865986 -0.500067 0
    outer loop
      vertex 13.6101 5.14656 12.875
      vertex 13.4951 4.94741 14.55
      vertex 13.4951 4.94741 12.875
    endloop
  endfacet
  facet normal -0.587879 0.808949 0
    outer loop
      vertex 15.236 3.68254 12.875
      vertex 15.05 3.54737 14.55
      vertex 15.236 3.68254 14.55
    endloop
  endfacet
  facet normal -0.587879 0.808949 0
    outer loop
      vertex 15.05 3.54737 14.55
      vertex 15.236 3.68254 12.875
      vertex 15.05 3.54737 12.875
    endloop
  endfacet
  facet normal -0.207937 -0.978142 0
    outer loop
      vertex 14.615 5.59397 12.875
      vertex 14.8399 5.54616 14.55
      vertex 14.615 5.59397 14.55
    endloop
  endfacet
  facet normal -0.207937 -0.978142 -0
    outer loop
      vertex 14.8399 5.54616 14.55
      vertex 14.615 5.59397 12.875
      vertex 14.8399 5.54616 12.875
    endloop
  endfacet
  facet normal -0.587879 -0.808949 0
    outer loop
      vertex 15.05 5.45263 12.875
      vertex 15.236 5.31746 14.55
      vertex 15.05 5.45263 14.55
    endloop
  endfacet
  facet normal -0.587879 -0.808949 -0
    outer loop
      vertex 15.236 5.31746 14.55
      vertex 15.05 5.45263 12.875
      vertex 15.236 5.31746 12.875
    endloop
  endfacet
  facet normal -0.951009 0.309162 0
    outer loop
      vertex 15.5049 4.05259 12.875
      vertex 15.576 4.2713 14.55
      vertex 15.576 4.2713 12.875
    endloop
  endfacet
  facet normal -0.951009 0.309162 0
    outer loop
      vertex 15.576 4.2713 14.55
      vertex 15.5049 4.05259 12.875
      vertex 15.5049 4.05259 14.55
    endloop
  endfacet
  facet normal -0.994539 0.104368 0
    outer loop
      vertex 15.576 4.2713 12.875
      vertex 15.6 4.5 14.55
      vertex 15.6 4.5 12.875
    endloop
  endfacet
  facet normal -0.994539 0.104368 0
    outer loop
      vertex 15.6 4.5 14.55
      vertex 15.576 4.2713 12.875
      vertex 15.576 4.2713 14.55
    endloop
  endfacet
  facet normal 0.7431 -0.669181 0
    outer loop
      vertex 13.6101 5.14656 14.55
      vertex 13.764 5.31746 12.875
      vertex 13.764 5.31746 14.55
    endloop
  endfacet
  facet normal 0.7431 -0.669181 0
    outer loop
      vertex 13.764 5.31746 12.875
      vertex 13.6101 5.14656 14.55
      vertex 13.6101 5.14656 12.875
    endloop
  endfacet
  facet normal 0.865986 0.500067 0
    outer loop
      vertex 13.6101 3.85344 14.55
      vertex 13.4951 4.05259 12.875
      vertex 13.4951 4.05259 14.55
    endloop
  endfacet
  facet normal 0.865986 0.500067 0
    outer loop
      vertex 13.4951 4.05259 12.875
      vertex 13.6101 3.85344 14.55
      vertex 13.6101 3.85344 12.875
    endloop
  endfacet
  facet normal 0 0 1
    outer loop
      vertex 12.4902 3.60518 16.75
      vertex 2.49428 0.530174 16.75
      vertex 2.55 0 16.75
    endloop
  endfacet
  facet normal 0 0 1
    outer loop
      vertex 12.3481 4.04259 16.75
      vertex 2.32954 1.03718 16.75
      vertex 2.49428 0.530174 16.75
    endloop
  endfacet
  facet normal 0 0 1
    outer loop
      vertex 9.57306 8 16.75
      vertex 2.06299 1.49885 16.75
      vertex 2.32954 1.03718 16.75
    endloop
  endfacet
  facet normal 0 0 1
    outer loop
      vertex 9.57306 8 16.75
      vertex 1.70628 1.89502 16.75
      vertex 2.06299 1.49885 16.75
    endloop
  endfacet
  facet normal 0 0 1
    outer loop
      vertex 9.57306 8 16.75
      vertex 1.275 2.20836 16.75
      vertex 1.70628 1.89502 16.75
    endloop
  endfacet
  facet normal -0 0 1
    outer loop
      vertex -0.70034 6.6633 16.75
      vertex 1.275 2.20836 16.75
      vertex 9.57306 8 16.75
    endloop
  endfacet
  facet normal 0 0 1
    outer loop
      vertex 1.275 2.20836 16.75
      vertex -0.70034 6.6633 16.75
      vertex 0.787992 2.42519 16.75
    endloop
  endfacet
  facet normal 0 0 1
    outer loop
      vertex 0.787992 2.42519 16.75
      vertex -0.70034 6.6633 16.75
      vertex 0.266547 2.53603 16.75
    endloop
  endfacet
  facet normal 0 0 1
    outer loop
      vertex 0.266547 2.53603 16.75
      vertex -0.70034 6.6633 16.75
      vertex -0.266547 2.53603 16.75
    endloop
  endfacet
  facet normal 0 0 1
    outer loop
      vertex -0.70034 6.6633 16.75
      vertex -0.787992 2.42519 16.75
      vertex -0.266547 2.53603 16.75
    endloop
  endfacet
  facet normal -0 0 1
    outer loop
      vertex -2.07041 6.37208 16.75
      vertex -0.787992 2.42519 16.75
      vertex -0.70034 6.6633 16.75
    endloop
  endfacet
  facet normal 0 0 1
    outer loop
      vertex -0.787992 2.42519 16.75
      vertex -2.07041 6.37208 16.75
      vertex -1.275 2.20836 16.75
    endloop
  endfacet
  facet normal -0 0 1
    outer loop
      vertex -3.35 5.80237 16.75
      vertex -1.275 2.20836 16.75
      vertex -2.07041 6.37208 16.75
    endloop
  endfacet
  facet normal 0 0 1
    outer loop
      vertex -1.275 2.20836 16.75
      vertex -3.35 5.80237 16.75
      vertex -1.70628 1.89502 16.75
    endloop
  endfacet
  facet normal -0 0 1
    outer loop
      vertex -4.48317 4.97907 16.75
      vertex -1.70628 1.89502 16.75
      vertex -3.35 5.80237 16.75
    endloop
  endfacet
  facet normal 0 0 1
    outer loop
      vertex -1.70628 1.89502 16.75
      vertex -4.48317 4.97907 16.75
      vertex -2.06299 1.49885 16.75
    endloop
  endfacet
  facet normal -0 0 1
    outer loop
      vertex -5.42041 3.93816 16.75
      vertex -2.06299 1.49885 16.75
      vertex -4.48317 4.97907 16.75
    endloop
  endfacet
  facet normal 0 0 1
    outer loop
      vertex -2.06299 1.49885 16.75
      vertex -5.42041 3.93816 16.75
      vertex -2.32954 1.03718 16.75
    endloop
  endfacet
  facet normal -0 0 1
    outer loop
      vertex 16.7 4.5 16.75
      vertex 18 -0.394345 16.75
      vertex 18 8 16.75
    endloop
  endfacet
  facet normal 0 0 1
    outer loop
      vertex 18 -0.394345 16.75
      vertex 16.7 4.5 16.75
      vertex 16.6519 4.04259 16.75
    endloop
  endfacet
  facet normal 0 0 1
    outer loop
      vertex 18 8 16.75
      vertex 16.6519 4.95741 16.75
      vertex 16.7 4.5 16.75
    endloop
  endfacet
  facet normal 0 0 1
    outer loop
      vertex 18 8 16.75
      vertex 16.5098 5.39482 16.75
      vertex 16.6519 4.95741 16.75
    endloop
  endfacet
  facet normal 0 0 1
    outer loop
      vertex 18 8 16.75
      vertex 16.2798 5.79313 16.75
      vertex 16.5098 5.39482 16.75
    endloop
  endfacet
  facet normal 0 0 1
    outer loop
      vertex 18 8 16.75
      vertex 15.9721 6.13492 16.75
      vertex 16.2798 5.79313 16.75
    endloop
  endfacet
  facet normal 0 0 1
    outer loop
      vertex 18 8 16.75
      vertex 15.6 6.40526 16.75
      vertex 15.9721 6.13492 16.75
    endloop
  endfacet
  facet normal 0 0 1
    outer loop
      vertex 18 8 16.75
      vertex 15.1798 6.59232 16.75
      vertex 15.6 6.40526 16.75
    endloop
  endfacet
  facet normal 0 0 1
    outer loop
      vertex 18 8 16.75
      vertex 14.73 6.68795 16.75
      vertex 15.1798 6.59232 16.75
    endloop
  endfacet
  facet normal 0 0 1
    outer loop
      vertex 18 8 16.75
      vertex 14.27 6.68795 16.75
      vertex 14.73 6.68795 16.75
    endloop
  endfacet
  facet normal -0 0 1
    outer loop
      vertex 9.57306 8 16.75
      vertex 14.27 6.68795 16.75
      vertex 18 8 16.75
    endloop
  endfacet
  facet normal 0 0 1
    outer loop
      vertex 12.3481 4.95741 16.75
      vertex 9.57306 8 16.75
      vertex 12.3 4.5 16.75
    endloop
  endfacet
  facet normal 0 0 1
    outer loop
      vertex 12.4902 5.39482 16.75
      vertex 9.57306 8 16.75
      vertex 12.3481 4.95741 16.75
    endloop
  endfacet
  facet normal 0 0 1
    outer loop
      vertex 12.7202 5.79313 16.75
      vertex 9.57306 8 16.75
      vertex 12.4902 5.39482 16.75
    endloop
  endfacet
  facet normal 0 0 1
    outer loop
      vertex 13.0279 6.13492 16.75
      vertex 9.57306 8 16.75
      vertex 12.7202 5.79313 16.75
    endloop
  endfacet
  facet normal 0 0 1
    outer loop
      vertex 13.4 6.40526 16.75
      vertex 9.57306 8 16.75
      vertex 13.0279 6.13492 16.75
    endloop
  endfacet
  facet normal 0 0 1
    outer loop
      vertex 13.8202 6.59232 16.75
      vertex 9.57306 8 16.75
      vertex 13.4 6.40526 16.75
    endloop
  endfacet
  facet normal 0 0 1
    outer loop
      vertex 14.27 6.68795 16.75
      vertex 9.57306 8 16.75
      vertex 13.8202 6.59232 16.75
    endloop
  endfacet
  facet normal -0 0 1
    outer loop
      vertex 16.5098 3.60518 16.75
      vertex 18 -0.394345 16.75
      vertex 16.6519 4.04259 16.75
    endloop
  endfacet
  facet normal -0 0 1
    outer loop
      vertex 16.2798 3.20687 16.75
      vertex 18 -0.394345 16.75
      vertex 16.5098 3.60518 16.75
    endloop
  endfacet
  facet normal -0 0 1
    outer loop
      vertex 15.9721 2.86508 16.75
      vertex 18 -0.394345 16.75
      vertex 16.2798 3.20687 16.75
    endloop
  endfacet
  facet normal -0 0 1
    outer loop
      vertex 15.6 2.59474 16.75
      vertex 18 -0.394345 16.75
      vertex 15.9721 2.86508 16.75
    endloop
  endfacet
  facet normal 0 0 1
    outer loop
      vertex 18 -0.394345 16.75
      vertex 15.6 2.59474 16.75
      vertex 17.525 -0.739453 16.75
    endloop
  endfacet
  facet normal 0 0 1
    outer loop
      vertex 17.525 -0.739453 16.75
      vertex 15.6 2.59474 16.75
      vertex 16.3696 -1.25389 16.75
    endloop
  endfacet
  facet normal -0 0 1
    outer loop
      vertex 15.1798 2.40768 16.75
      vertex 16.3696 -1.25389 16.75
      vertex 15.6 2.59474 16.75
    endloop
  endfacet
  facet normal -0 0 1
    outer loop
      vertex 14.73 2.31205 16.75
      vertex 16.3696 -1.25389 16.75
      vertex 15.1798 2.40768 16.75
    endloop
  endfacet
  facet normal -0 0 1
    outer loop
      vertex 14.27 2.31205 16.75
      vertex 16.3696 -1.25389 16.75
      vertex 14.73 2.31205 16.75
    endloop
  endfacet
  facet normal 0 0 1
    outer loop
      vertex 13.8202 2.40768 16.75
      vertex 16.3696 -1.25389 16.75
      vertex 14.27 2.31205 16.75
    endloop
  endfacet
  facet normal 0 0 1
    outer loop
      vertex 13.4 2.59474 16.75
      vertex 16.3696 -1.25389 16.75
      vertex 13.8202 2.40768 16.75
    endloop
  endfacet
  facet normal 0 0 1
    outer loop
      vertex 2.32954 -1.03718 16.75
      vertex 13.4 2.59474 16.75
      vertex 13.0279 2.86508 16.75
    endloop
  endfacet
  facet normal 0 0 1
    outer loop
      vertex 2.49428 -0.530174 16.75
      vertex 13.0279 2.86508 16.75
      vertex 12.7202 3.20687 16.75
    endloop
  endfacet
  facet normal 0 0 1
    outer loop
      vertex 9.57306 8 16.75
      vertex 12.3481 4.04259 16.75
      vertex 12.3 4.5 16.75
    endloop
  endfacet
  facet normal 0 0 1
    outer loop
      vertex 2.32954 1.03718 16.75
      vertex 12.3481 4.04259 16.75
      vertex 9.57306 8 16.75
    endloop
  endfacet
  facet normal 0 0 1
    outer loop
      vertex 2.49428 0.530174 16.75
      vertex 12.4902 3.60518 16.75
      vertex 12.3481 4.04259 16.75
    endloop
  endfacet
  facet normal 0 0 1
    outer loop
      vertex 12.4902 3.60518 16.75
      vertex 2.55 0 16.75
      vertex 12.7202 3.20687 16.75
    endloop
  endfacet
  facet normal 0 0 1
    outer loop
      vertex 2.49428 -0.530174 16.75
      vertex 12.7202 3.20687 16.75
      vertex 2.55 0 16.75
    endloop
  endfacet
  facet normal 0 0 1
    outer loop
      vertex 13.0279 2.86508 16.75
      vertex 2.49428 -0.530174 16.75
      vertex 2.32954 -1.03718 16.75
    endloop
  endfacet
  facet normal 0 0 1
    outer loop
      vertex 13.4 2.59474 16.75
      vertex 2.32954 -1.03718 16.75
      vertex 16.3696 -1.25389 16.75
    endloop
  endfacet
  facet normal 0 0 1
    outer loop
      vertex 2.32954 -1.03718 16.75
      vertex 2.07041 -6.37208 16.75
      vertex 16.3696 -1.25389 16.75
    endloop
  endfacet
  facet normal -0 0 1
    outer loop
      vertex 2.06299 -1.49885 16.75
      vertex 2.07041 -6.37208 16.75
      vertex 2.32954 -1.03718 16.75
    endloop
  endfacet
  facet normal -0 0 1
    outer loop
      vertex 1.70628 -1.89502 16.75
      vertex 2.07041 -6.37208 16.75
      vertex 2.06299 -1.49885 16.75
    endloop
  endfacet
  facet normal -0 0 1
    outer loop
      vertex 1.275 -2.20836 16.75
      vertex 2.07041 -6.37208 16.75
      vertex 1.70628 -1.89502 16.75
    endloop
  endfacet
  facet normal -0 0 1
    outer loop
      vertex 0.787992 -2.42519 16.75
      vertex 2.07041 -6.37208 16.75
      vertex 1.275 -2.20836 16.75
    endloop
  endfacet
  facet normal 0 0 1
    outer loop
      vertex 0.787992 -2.42519 16.75
      vertex 0.70034 -6.6633 16.75
      vertex 2.07041 -6.37208 16.75
    endloop
  endfacet
  facet normal -0 0 1
    outer loop
      vertex 0.266547 -2.53603 16.75
      vertex 0.70034 -6.6633 16.75
      vertex 0.787992 -2.42519 16.75
    endloop
  endfacet
  facet normal -0 0 1
    outer loop
      vertex -0.266547 -2.53603 16.75
      vertex 0.70034 -6.6633 16.75
      vertex 0.266547 -2.53603 16.75
    endloop
  endfacet
  facet normal 0 0 1
    outer loop
      vertex -0.266547 -2.53603 16.75
      vertex -0.70034 -6.6633 16.75
      vertex 0.70034 -6.6633 16.75
    endloop
  endfacet
  facet normal 0 0 1
    outer loop
      vertex -0.787992 -2.42519 16.75
      vertex -0.70034 -6.6633 16.75
      vertex -0.266547 -2.53603 16.75
    endloop
  endfacet
  facet normal 0 0 1
    outer loop
      vertex -2.07041 -6.37208 16.75
      vertex -0.787992 -2.42519 16.75
      vertex -1.275 -2.20836 16.75
    endloop
  endfacet
  facet normal 0 0 1
    outer loop
      vertex -3.35 -5.80237 16.75
      vertex -1.275 -2.20836 16.75
      vertex -1.70628 -1.89502 16.75
    endloop
  endfacet
  facet normal 0 0 1
    outer loop
      vertex -4.48317 -4.97907 16.75
      vertex -1.70628 -1.89502 16.75
      vertex -2.06299 -1.49885 16.75
    endloop
  endfacet
  facet normal 0 0 1
    outer loop
      vertex -0.787992 -2.42519 16.75
      vertex -2.07041 -6.37208 16.75
      vertex -0.70034 -6.6633 16.75
    endloop
  endfacet
  facet normal 0 0 1
    outer loop
      vertex -5.42041 -3.93816 16.75
      vertex -2.06299 -1.49885 16.75
      vertex -2.32954 -1.03718 16.75
    endloop
  endfacet
  facet normal 0 0 1
    outer loop
      vertex -6.12075 -2.72513 16.75
      vertex -2.32954 -1.03718 16.75
      vertex -2.49428 -0.530174 16.75
    endloop
  endfacet
  facet normal 0 0 1
    outer loop
      vertex -6.55359 -1.39301 16.75
      vertex -2.49428 -0.530174 16.75
      vertex -2.55 0 16.75
    endloop
  endfacet
  facet normal -0 0 1
    outer loop
      vertex -6.12075 2.72513 16.75
      vertex -2.32954 1.03718 16.75
      vertex -5.42041 3.93816 16.75
    endloop
  endfacet
  facet normal 0 0 1
    outer loop
      vertex -1.275 -2.20836 16.75
      vertex -3.35 -5.80237 16.75
      vertex -2.07041 -6.37208 16.75
    endloop
  endfacet
  facet normal 0 0 1
    outer loop
      vertex -2.32954 1.03718 16.75
      vertex -6.12075 2.72513 16.75
      vertex -2.49428 0.530174 16.75
    endloop
  endfacet
  facet normal 0 0 1
    outer loop
      vertex -1.70628 -1.89502 16.75
      vertex -4.48317 -4.97907 16.75
      vertex -3.35 -5.80237 16.75
    endloop
  endfacet
  facet normal -0 0 1
    outer loop
      vertex -6.55359 1.39301 16.75
      vertex -2.49428 0.530174 16.75
      vertex -6.12075 2.72513 16.75
    endloop
  endfacet
  facet normal 0 0 1
    outer loop
      vertex -2.06299 -1.49885 16.75
      vertex -5.42041 -3.93816 16.75
      vertex -4.48317 -4.97907 16.75
    endloop
  endfacet
  facet normal 0 0 1
    outer loop
      vertex -2.49428 0.530174 16.75
      vertex -6.55359 1.39301 16.75
      vertex -2.55 0 16.75
    endloop
  endfacet
  facet normal 0 0 1
    outer loop
      vertex -2.32954 -1.03718 16.75
      vertex -6.12075 -2.72513 16.75
      vertex -5.42041 -3.93816 16.75
    endloop
  endfacet
  facet normal 0 0 1
    outer loop
      vertex -6.7 0 16.75
      vertex -2.55 0 16.75
      vertex -6.55359 1.39301 16.75
    endloop
  endfacet
  facet normal 0 0 1
    outer loop
      vertex -2.49428 -0.530174 16.75
      vertex -6.55359 -1.39301 16.75
      vertex -6.12075 -2.72513 16.75
    endloop
  endfacet
  facet normal 0 0 1
    outer loop
      vertex -2.55 0 16.75
      vertex -6.7 0 16.75
      vertex -6.55359 -1.39301 16.75
    endloop
  endfacet
  facet normal 0.587879 -0.808949 0
    outer loop
      vertex 13.764 5.31746 12.875
      vertex 13.95 5.45263 14.55
      vertex 13.764 5.31746 14.55
    endloop
  endfacet
  facet normal 0.587879 -0.808949 0
    outer loop
      vertex 13.95 5.45263 14.55
      vertex 13.764 5.31746 12.875
      vertex 13.95 5.45263 12.875
    endloop
  endfacet
  facet normal 0 -1 0
    outer loop
      vertex 14.385 5.59397 12.875
      vertex 14.615 5.59397 14.55
      vertex 14.385 5.59397 14.55
    endloop
  endfacet
  facet normal 0 -1 -0
    outer loop
      vertex 14.615 5.59397 14.55
      vertex 14.385 5.59397 12.875
      vertex 14.615 5.59397 12.875
    endloop
  endfacet
  facet normal 0.406691 -0.913566 0
    outer loop
      vertex 13.95 5.45263 12.875
      vertex 14.1601 5.54616 14.55
      vertex 13.95 5.45263 14.55
    endloop
  endfacet
  facet normal 0.406691 -0.913566 0
    outer loop
      vertex 14.1601 5.54616 14.55
      vertex 13.95 5.45263 12.875
      vertex 14.1601 5.54616 12.875
    endloop
  endfacet
  facet normal -0.406691 0.913566 0
    outer loop
      vertex 15.05 3.54737 12.875
      vertex 14.8399 3.45384 14.55
      vertex 15.05 3.54737 14.55
    endloop
  endfacet
  facet normal -0.406691 0.913566 0
    outer loop
      vertex 14.8399 3.45384 14.55
      vertex 15.05 3.54737 12.875
      vertex 14.8399 3.45384 12.875
    endloop
  endfacet
  facet normal 0.994539 -0.104368 0
    outer loop
      vertex 13.4 4.5 14.55
      vertex 13.424 4.7287 12.875
      vertex 13.424 4.7287 14.55
    endloop
  endfacet
  facet normal 0.994539 -0.104368 0
    outer loop
      vertex 13.424 4.7287 12.875
      vertex 13.4 4.5 14.55
      vertex 13.4 4.5 12.875
    endloop
  endfacet
  facet normal 0.951009 0.309162 0
    outer loop
      vertex 13.4951 4.05259 14.55
      vertex 13.424 4.2713 12.875
      vertex 13.424 4.2713 14.55
    endloop
  endfacet
  facet normal 0.951009 0.309162 0
    outer loop
      vertex 13.424 4.2713 12.875
      vertex 13.4951 4.05259 14.55
      vertex 13.4951 4.05259 12.875
    endloop
  endfacet
  facet normal 0.951009 -0.309162 0
    outer loop
      vertex 13.424 4.7287 14.55
      vertex 13.4951 4.94741 12.875
      vertex 13.4951 4.94741 14.55
    endloop
  endfacet
  facet normal 0.951009 -0.309162 0
    outer loop
      vertex 13.4951 4.94741 12.875
      vertex 13.424 4.7287 14.55
      vertex 13.424 4.7287 12.875
    endloop
  endfacet
  facet normal 0.207937 -0.978142 0
    outer loop
      vertex 14.1601 5.54616 12.875
      vertex 14.385 5.59397 14.55
      vertex 14.1601 5.54616 14.55
    endloop
  endfacet
  facet normal 0.207937 -0.978142 0
    outer loop
      vertex 14.385 5.59397 14.55
      vertex 14.1601 5.54616 12.875
      vertex 14.385 5.59397 12.875
    endloop
  endfacet
  facet normal 0.7431 0.669181 0
    outer loop
      vertex 13.764 3.68254 14.55
      vertex 13.6101 3.85344 12.875
      vertex 13.6101 3.85344 14.55
    endloop
  endfacet
  facet normal 0.7431 0.669181 0
    outer loop
      vertex 13.6101 3.85344 12.875
      vertex 13.764 3.68254 14.55
      vertex 13.764 3.68254 12.875
    endloop
  endfacet
  facet normal 0 1 -0
    outer loop
      vertex 14.615 3.40603 12.875
      vertex 14.385 3.40603 14.55
      vertex 14.615 3.40603 14.55
    endloop
  endfacet
  facet normal 0 1 0
    outer loop
      vertex 14.385 3.40603 14.55
      vertex 14.615 3.40603 12.875
      vertex 14.385 3.40603 12.875
    endloop
  endfacet
  facet normal 0.207937 0.978142 -0
    outer loop
      vertex 14.385 3.40603 12.875
      vertex 14.1601 3.45384 14.55
      vertex 14.385 3.40603 14.55
    endloop
  endfacet
  facet normal 0.207937 0.978142 0
    outer loop
      vertex 14.1601 3.45384 14.55
      vertex 14.385 3.40603 12.875
      vertex 14.1601 3.45384 12.875
    endloop
  endfacet
  facet normal 0.406691 0.913566 -0
    outer loop
      vertex 14.1601 3.45384 12.875
      vertex 13.95 3.54737 14.55
      vertex 14.1601 3.45384 14.55
    endloop
  endfacet
  facet normal 0.406691 0.913566 0
    outer loop
      vertex 13.95 3.54737 14.55
      vertex 14.1601 3.45384 12.875
      vertex 13.95 3.54737 12.875
    endloop
  endfacet
  facet normal -0.951071 -0.308972 0
    outer loop
      vertex 16.6519 4.95741 14.55
      vertex 16.5098 5.39482 16.75
      vertex 16.5098 5.39482 14.55
    endloop
  endfacet
  facet normal -0.951071 -0.308972 0
    outer loop
      vertex 16.5098 5.39482 16.75
      vertex 16.6519 4.95741 14.55
      vertex 16.6519 4.95741 16.75
    endloop
  endfacet
  facet normal -0.994516 -0.104581 0
    outer loop
      vertex 16.7 4.5 14.55
      vertex 16.6519 4.95741 16.75
      vertex 16.6519 4.95741 14.55
    endloop
  endfacet
  facet normal -0.994516 -0.104581 0
    outer loop
      vertex 16.6519 4.95741 16.75
      vertex 16.7 4.5 14.55
      vertex 16.7 4.5 16.75
    endloop
  endfacet
  facet normal -0.951071 0.308972 0
    outer loop
      vertex 16.5098 3.60518 14.55
      vertex 16.6519 4.04259 16.75
      vertex 16.6519 4.04259 14.55
    endloop
  endfacet
  facet normal -0.951071 0.308972 0
    outer loop
      vertex 16.6519 4.04259 16.75
      vertex 16.5098 3.60518 14.55
      vertex 16.5098 3.60518 16.75
    endloop
  endfacet
  facet normal 0.587776 0.809024 -0
    outer loop
      vertex 13.4 2.59474 14.55
      vertex 13.0279 2.86508 16.75
      vertex 13.4 2.59474 16.75
    endloop
  endfacet
  facet normal 0.587776 0.809024 0
    outer loop
      vertex 13.0279 2.86508 16.75
      vertex 13.4 2.59474 14.55
      vertex 13.0279 2.86508 14.55
    endloop
  endfacet
  facet normal -0.207958 0.978138 0
    outer loop
      vertex 15.1798 2.40768 14.55
      vertex 14.73 2.31205 16.75
      vertex 15.1798 2.40768 16.75
    endloop
  endfacet
  facet normal -0.207958 0.978138 0
    outer loop
      vertex 14.73 2.31205 16.75
      vertex 15.1798 2.40768 14.55
      vertex 14.73 2.31205 14.55
    endloop
  endfacet
  facet normal 0.865992 0.500058 0
    outer loop
      vertex 12.7202 3.20687 16.75
      vertex 12.4902 3.60518 14.55
      vertex 12.4902 3.60518 16.75
    endloop
  endfacet
  facet normal 0.865992 0.500058 0
    outer loop
      vertex 12.4902 3.60518 14.55
      vertex 12.7202 3.20687 16.75
      vertex 12.7202 3.20687 14.55
    endloop
  endfacet
  facet normal -0.207958 -0.978138 0
    outer loop
      vertex 14.73 6.68795 14.55
      vertex 15.1798 6.59232 16.75
      vertex 14.73 6.68795 16.75
    endloop
  endfacet
  facet normal -0.207958 -0.978138 -0
    outer loop
      vertex 15.1798 6.59232 16.75
      vertex 14.73 6.68795 14.55
      vertex 15.1798 6.59232 14.55
    endloop
  endfacet
  facet normal 0.207958 0.978138 -0
    outer loop
      vertex 14.27 2.31205 14.55
      vertex 13.8202 2.40768 16.75
      vertex 14.27 2.31205 16.75
    endloop
  endfacet
  facet normal 0.207958 0.978138 0
    outer loop
      vertex 13.8202 2.40768 16.75
      vertex 14.27 2.31205 14.55
      vertex 13.8202 2.40768 14.55
    endloop
  endfacet
  facet normal -0.587776 -0.809024 0
    outer loop
      vertex 15.6 6.40526 14.55
      vertex 15.9721 6.13492 16.75
      vertex 15.6 6.40526 16.75
    endloop
  endfacet
  facet normal -0.587776 -0.809024 -0
    outer loop
      vertex 15.9721 6.13492 16.75
      vertex 15.6 6.40526 14.55
      vertex 15.9721 6.13492 14.55
    endloop
  endfacet
  facet normal -0.406691 -0.913566 0
    outer loop
      vertex 15.1798 6.59232 14.55
      vertex 15.6 6.40526 16.75
      vertex 15.1798 6.59232 16.75
    endloop
  endfacet
  facet normal -0.406691 -0.913566 -0
    outer loop
      vertex 15.6 6.40526 16.75
      vertex 15.1798 6.59232 14.55
      vertex 15.6 6.40526 14.55
    endloop
  endfacet
  facet normal 0.951071 -0.308972 0
    outer loop
      vertex 12.3481 4.95741 16.75
      vertex 12.4902 5.39482 14.55
      vertex 12.4902 5.39482 16.75
    endloop
  endfacet
  facet normal 0.951071 -0.308972 0
    outer loop
      vertex 12.4902 5.39482 14.55
      vertex 12.3481 4.95741 16.75
      vertex 12.3481 4.95741 14.55
    endloop
  endfacet
  facet normal 0.406691 0.913566 -0
    outer loop
      vertex 13.8202 2.40768 14.55
      vertex 13.4 2.59474 16.75
      vertex 13.8202 2.40768 16.75
    endloop
  endfacet
  facet normal 0.406691 0.913566 0
    outer loop
      vertex 13.4 2.59474 16.75
      vertex 13.8202 2.40768 14.55
      vertex 13.4 2.59474 14.55
    endloop
  endfacet
  facet normal 0.865992 -0.500058 0
    outer loop
      vertex 12.4902 5.39482 16.75
      vertex 12.7202 5.79313 14.55
      vertex 12.7202 5.79313 16.75
    endloop
  endfacet
  facet normal 0.865992 -0.500058 0
    outer loop
      vertex 12.7202 5.79313 14.55
      vertex 12.4902 5.39482 16.75
      vertex 12.4902 5.39482 14.55
    endloop
  endfacet
  facet normal -0.587776 0.809024 0
    outer loop
      vertex 15.9721 2.86508 14.55
      vertex 15.6 2.59474 16.75
      vertex 15.9721 2.86508 16.75
    endloop
  endfacet
  facet normal -0.587776 0.809024 0
    outer loop
      vertex 15.6 2.59474 16.75
      vertex 15.9721 2.86508 14.55
      vertex 15.6 2.59474 14.55
    endloop
  endfacet
  facet normal 0.207958 -0.978138 0
    outer loop
      vertex 13.8202 6.59232 14.55
      vertex 14.27 6.68795 16.75
      vertex 13.8202 6.59232 16.75
    endloop
  endfacet
  facet normal 0.207958 -0.978138 0
    outer loop
      vertex 14.27 6.68795 16.75
      vertex 13.8202 6.59232 14.55
      vertex 14.27 6.68795 14.55
    endloop
  endfacet
  facet normal -0.994516 0.104581 0
    outer loop
      vertex 16.6519 4.04259 14.55
      vertex 16.7 4.5 16.75
      vertex 16.7 4.5 14.55
    endloop
  endfacet
  facet normal -0.994516 0.104581 0
    outer loop
      vertex 16.7 4.5 16.75
      vertex 16.6519 4.04259 14.55
      vertex 16.6519 4.04259 16.75
    endloop
  endfacet
  facet normal 0.743198 -0.669072 0
    outer loop
      vertex 12.7202 5.79313 16.75
      vertex 13.0279 6.13492 14.55
      vertex 13.0279 6.13492 16.75
    endloop
  endfacet
  facet normal 0.743198 -0.669072 0
    outer loop
      vertex 13.0279 6.13492 14.55
      vertex 12.7202 5.79313 16.75
      vertex 12.7202 5.79313 14.55
    endloop
  endfacet
  facet normal 0 -1 0
    outer loop
      vertex 14.27 6.68795 14.55
      vertex 14.73 6.68795 16.75
      vertex 14.27 6.68795 16.75
    endloop
  endfacet
  facet normal 0 -1 -0
    outer loop
      vertex 14.73 6.68795 16.75
      vertex 14.27 6.68795 14.55
      vertex 14.73 6.68795 14.55
    endloop
  endfacet
  facet normal -0.865992 0.500058 0
    outer loop
      vertex 16.2798 3.20687 14.55
      vertex 16.5098 3.60518 16.75
      vertex 16.5098 3.60518 14.55
    endloop
  endfacet
  facet normal -0.865992 0.500058 0
    outer loop
      vertex 16.5098 3.60518 16.75
      vertex 16.2798 3.20687 14.55
      vertex 16.2798 3.20687 16.75
    endloop
  endfacet
  facet normal 0.587776 -0.809024 0
    outer loop
      vertex 13.0279 6.13492 14.55
      vertex 13.4 6.40526 16.75
      vertex 13.0279 6.13492 16.75
    endloop
  endfacet
  facet normal 0.587776 -0.809024 0
    outer loop
      vertex 13.4 6.40526 16.75
      vertex 13.0279 6.13492 14.55
      vertex 13.4 6.40526 14.55
    endloop
  endfacet
  facet normal -0.406691 0.913566 0
    outer loop
      vertex 15.6 2.59474 14.55
      vertex 15.1798 2.40768 16.75
      vertex 15.6 2.59474 16.75
    endloop
  endfacet
  facet normal -0.406691 0.913566 0
    outer loop
      vertex 15.1798 2.40768 16.75
      vertex 15.6 2.59474 14.55
      vertex 15.1798 2.40768 14.55
    endloop
  endfacet
  facet normal 0.406691 -0.913566 0
    outer loop
      vertex 13.4 6.40526 14.55
      vertex 13.8202 6.59232 16.75
      vertex 13.4 6.40526 16.75
    endloop
  endfacet
  facet normal 0.406691 -0.913566 0
    outer loop
      vertex 13.8202 6.59232 16.75
      vertex 13.4 6.40526 14.55
      vertex 13.8202 6.59232 14.55
    endloop
  endfacet
  facet normal -0.743198 0.669072 0
    outer loop
      vertex 15.9721 2.86508 14.55
      vertex 16.2798 3.20687 16.75
      vertex 16.2798 3.20687 14.55
    endloop
  endfacet
  facet normal -0.743198 0.669072 0
    outer loop
      vertex 16.2798 3.20687 16.75
      vertex 15.9721 2.86508 14.55
      vertex 15.9721 2.86508 16.75
    endloop
  endfacet
  facet normal -0.743198 -0.669072 0
    outer loop
      vertex 16.2798 5.79313 14.55
      vertex 15.9721 6.13492 16.75
      vertex 15.9721 6.13492 14.55
    endloop
  endfacet
  facet normal -0.743198 -0.669072 0
    outer loop
      vertex 15.9721 6.13492 16.75
      vertex 16.2798 5.79313 14.55
      vertex 16.2798 5.79313 16.75
    endloop
  endfacet
  facet normal 0.994516 -0.104581 0
    outer loop
      vertex 12.3 4.5 16.75
      vertex 12.3481 4.95741 14.55
      vertex 12.3481 4.95741 16.75
    endloop
  endfacet
  facet normal 0.994516 -0.104581 0
    outer loop
      vertex 12.3481 4.95741 14.55
      vertex 12.3 4.5 16.75
      vertex 12.3 4.5 14.55
    endloop
  endfacet
  facet normal -0.865992 -0.500058 0
    outer loop
      vertex 16.5098 5.39482 14.55
      vertex 16.2798 5.79313 16.75
      vertex 16.2798 5.79313 14.55
    endloop
  endfacet
  facet normal -0.865992 -0.500058 0
    outer loop
      vertex 16.2798 5.79313 16.75
      vertex 16.5098 5.39482 14.55
      vertex 16.5098 5.39482 16.75
    endloop
  endfacet
  facet normal 0 1 -0
    outer loop
      vertex 14.73 2.31205 14.55
      vertex 14.27 2.31205 16.75
      vertex 14.73 2.31205 16.75
    endloop
  endfacet
  facet normal 0 1 0
    outer loop
      vertex 14.27 2.31205 16.75
      vertex 14.73 2.31205 14.55
      vertex 14.27 2.31205 14.55
    endloop
  endfacet
  facet normal 0.951071 0.308972 0
    outer loop
      vertex 12.4902 3.60518 16.75
      vertex 12.3481 4.04259 14.55
      vertex 12.3481 4.04259 16.75
    endloop
  endfacet
  facet normal 0.951071 0.308972 0
    outer loop
      vertex 12.3481 4.04259 14.55
      vertex 12.4902 3.60518 16.75
      vertex 12.4902 3.60518 14.55
    endloop
  endfacet
  facet normal 0.743198 0.669072 0
    outer loop
      vertex 13.0279 2.86508 16.75
      vertex 12.7202 3.20687 14.55
      vertex 12.7202 3.20687 16.75
    endloop
  endfacet
  facet normal 0.743198 0.669072 0
    outer loop
      vertex 12.7202 3.20687 14.55
      vertex 13.0279 2.86508 16.75
      vertex 13.0279 2.86508 14.55
    endloop
  endfacet
  facet normal 0 0 1
    outer loop
      vertex 16.6519 4.95741 14.55
      vertex 15.576 4.7287 14.55
      vertex 15.6 4.5 14.55
    endloop
  endfacet
  facet normal 0 0 1
    outer loop
      vertex 15.9721 6.13492 14.55
      vertex 15.5049 4.94741 14.55
      vertex 15.576 4.7287 14.55
    endloop
  endfacet
  facet normal 0 0 1
    outer loop
      vertex 15.9721 6.13492 14.55
      vertex 15.3899 5.14656 14.55
      vertex 15.5049 4.94741 14.55
    endloop
  endfacet
  facet normal 0 0 1
    outer loop
      vertex 15.9721 6.13492 14.55
      vertex 15.236 5.31746 14.55
      vertex 15.3899 5.14656 14.55
    endloop
  endfacet
  facet normal 0 0 1
    outer loop
      vertex 15.05 5.45263 14.55
      vertex 15.6 6.40526 14.55
      vertex 15.1798 6.59232 14.55
    endloop
  endfacet
  facet normal 0 0 1
    outer loop
      vertex 15.6 6.40526 14.55
      vertex 15.05 5.45263 14.55
      vertex 15.236 5.31746 14.55
    endloop
  endfacet
  facet normal 0 0 1
    outer loop
      vertex 15.1798 6.59232 14.55
      vertex 14.8399 5.54616 14.55
      vertex 15.05 5.45263 14.55
    endloop
  endfacet
  facet normal 0 0 1
    outer loop
      vertex 14.73 6.68795 14.55
      vertex 14.8399 5.54616 14.55
      vertex 15.1798 6.59232 14.55
    endloop
  endfacet
  facet normal 0 0 1
    outer loop
      vertex 14.73 6.68795 14.55
      vertex 14.615 5.59397 14.55
      vertex 14.8399 5.54616 14.55
    endloop
  endfacet
  facet normal 0 0 1
    outer loop
      vertex 14.73 6.68795 14.55
      vertex 14.385 5.59397 14.55
      vertex 14.615 5.59397 14.55
    endloop
  endfacet
  facet normal -0 0 1
    outer loop
      vertex 14.27 6.68795 14.55
      vertex 14.385 5.59397 14.55
      vertex 14.73 6.68795 14.55
    endloop
  endfacet
  facet normal 0 0 1
    outer loop
      vertex 14.27 6.68795 14.55
      vertex 14.1601 5.54616 14.55
      vertex 14.385 5.59397 14.55
    endloop
  endfacet
  facet normal -0 0 1
    outer loop
      vertex 13.8202 6.59232 14.55
      vertex 14.1601 5.54616 14.55
      vertex 14.27 6.68795 14.55
    endloop
  endfacet
  facet normal 0 0 1
    outer loop
      vertex 14.1601 5.54616 14.55
      vertex 13.8202 6.59232 14.55
      vertex 13.95 5.45263 14.55
    endloop
  endfacet
  facet normal -0 0 1
    outer loop
      vertex 13.4 6.40526 14.55
      vertex 13.95 5.45263 14.55
      vertex 13.8202 6.59232 14.55
    endloop
  endfacet
  facet normal 0 0 1
    outer loop
      vertex 13.95 5.45263 14.55
      vertex 13.4 6.40526 14.55
      vertex 13.764 5.31746 14.55
    endloop
  endfacet
  facet normal -0 0 1
    outer loop
      vertex 13.0279 6.13492 14.55
      vertex 13.764 5.31746 14.55
      vertex 13.4 6.40526 14.55
    endloop
  endfacet
  facet normal 0 0 1
    outer loop
      vertex 13.764 5.31746 14.55
      vertex 13.0279 6.13492 14.55
      vertex 13.6101 5.14656 14.55
    endloop
  endfacet
  facet normal -0 0 1
    outer loop
      vertex 12.7202 5.79313 14.55
      vertex 13.6101 5.14656 14.55
      vertex 13.0279 6.13492 14.55
    endloop
  endfacet
  facet normal 0 0 1
    outer loop
      vertex 13.6101 5.14656 14.55
      vertex 12.7202 5.79313 14.55
      vertex 13.4951 4.94741 14.55
    endloop
  endfacet
  facet normal -0 0 1
    outer loop
      vertex 12.4902 5.39482 14.55
      vertex 13.4951 4.94741 14.55
      vertex 12.7202 5.79313 14.55
    endloop
  endfacet
  facet normal 0 0 1
    outer loop
      vertex 13.4951 4.94741 14.55
      vertex 12.4902 5.39482 14.55
      vertex 13.424 4.7287 14.55
    endloop
  endfacet
  facet normal 0 0 1
    outer loop
      vertex 13.4 4.5 14.55
      vertex 13.0279 2.86508 14.55
      vertex 13.4 2.59474 14.55
    endloop
  endfacet
  facet normal -0 0 1
    outer loop
      vertex 12.3481 4.95741 14.55
      vertex 13.424 4.7287 14.55
      vertex 12.4902 5.39482 14.55
    endloop
  endfacet
  facet normal 0 0 1
    outer loop
      vertex 13.4 4.5 14.55
      vertex 12.7202 3.20687 14.55
      vertex 13.0279 2.86508 14.55
    endloop
  endfacet
  facet normal 0 0 1
    outer loop
      vertex 13.424 4.7287 14.55
      vertex 12.3481 4.95741 14.55
      vertex 13.4 4.5 14.55
    endloop
  endfacet
  facet normal 0 0 1
    outer loop
      vertex 13.4 4.5 14.55
      vertex 12.4902 3.60518 14.55
      vertex 12.7202 3.20687 14.55
    endloop
  endfacet
  facet normal 0 0 1
    outer loop
      vertex 12.3 4.5 14.55
      vertex 13.4 4.5 14.55
      vertex 12.3481 4.95741 14.55
    endloop
  endfacet
  facet normal 0 0 1
    outer loop
      vertex 13.4 4.5 14.55
      vertex 12.3481 4.04259 14.55
      vertex 12.4902 3.60518 14.55
    endloop
  endfacet
  facet normal 0 0 1
    outer loop
      vertex 13.4 4.5 14.55
      vertex 12.3 4.5 14.55
      vertex 12.3481 4.04259 14.55
    endloop
  endfacet
  facet normal 0 0 1
    outer loop
      vertex 15.6 4.5 14.55
      vertex 16.7 4.5 14.55
      vertex 16.6519 4.95741 14.55
    endloop
  endfacet
  facet normal 0 0 1
    outer loop
      vertex 15.576 4.7287 14.55
      vertex 16.6519 4.95741 14.55
      vertex 16.5098 5.39482 14.55
    endloop
  endfacet
  facet normal 0 0 1
    outer loop
      vertex 16.7 4.5 14.55
      vertex 15.6 4.5 14.55
      vertex 16.6519 4.04259 14.55
    endloop
  endfacet
  facet normal 0 0 1
    outer loop
      vertex 15.576 4.7287 14.55
      vertex 16.5098 5.39482 14.55
      vertex 16.2798 5.79313 14.55
    endloop
  endfacet
  facet normal -0 0 1
    outer loop
      vertex 15.576 4.2713 14.55
      vertex 16.6519 4.04259 14.55
      vertex 15.6 4.5 14.55
    endloop
  endfacet
  facet normal 0 0 1
    outer loop
      vertex 15.576 4.7287 14.55
      vertex 16.2798 5.79313 14.55
      vertex 15.9721 6.13492 14.55
    endloop
  endfacet
  facet normal 0 0 1
    outer loop
      vertex 16.6519 4.04259 14.55
      vertex 15.576 4.2713 14.55
      vertex 16.5098 3.60518 14.55
    endloop
  endfacet
  facet normal 0 0 1
    outer loop
      vertex 15.236 5.31746 14.55
      vertex 15.9721 6.13492 14.55
      vertex 15.6 6.40526 14.55
    endloop
  endfacet
  facet normal -0 0 1
    outer loop
      vertex 15.5049 4.05259 14.55
      vertex 16.5098 3.60518 14.55
      vertex 15.576 4.2713 14.55
    endloop
  endfacet
  facet normal 0 0 1
    outer loop
      vertex 16.5098 3.60518 14.55
      vertex 15.5049 4.05259 14.55
      vertex 16.2798 3.20687 14.55
    endloop
  endfacet
  facet normal -0 0 1
    outer loop
      vertex 15.3899 3.85344 14.55
      vertex 16.2798 3.20687 14.55
      vertex 15.5049 4.05259 14.55
    endloop
  endfacet
  facet normal 0 0 1
    outer loop
      vertex 16.2798 3.20687 14.55
      vertex 15.3899 3.85344 14.55
      vertex 15.9721 2.86508 14.55
    endloop
  endfacet
  facet normal -0 0 1
    outer loop
      vertex 15.236 3.68254 14.55
      vertex 15.9721 2.86508 14.55
      vertex 15.3899 3.85344 14.55
    endloop
  endfacet
  facet normal 0 0 1
    outer loop
      vertex 15.9721 2.86508 14.55
      vertex 15.236 3.68254 14.55
      vertex 15.6 2.59474 14.55
    endloop
  endfacet
  facet normal -0 0 1
    outer loop
      vertex 15.05 3.54737 14.55
      vertex 15.6 2.59474 14.55
      vertex 15.236 3.68254 14.55
    endloop
  endfacet
  facet normal 0 0 1
    outer loop
      vertex 15.6 2.59474 14.55
      vertex 15.05 3.54737 14.55
      vertex 15.1798 2.40768 14.55
    endloop
  endfacet
  facet normal -0 0 1
    outer loop
      vertex 14.8399 3.45384 14.55
      vertex 15.1798 2.40768 14.55
      vertex 15.05 3.54737 14.55
    endloop
  endfacet
  facet normal 0 0 1
    outer loop
      vertex 14.8399 3.45384 14.55
      vertex 14.73 2.31205 14.55
      vertex 15.1798 2.40768 14.55
    endloop
  endfacet
  facet normal -0 0 1
    outer loop
      vertex 14.615 3.40603 14.55
      vertex 14.73 2.31205 14.55
      vertex 14.8399 3.45384 14.55
    endloop
  endfacet
  facet normal -0 0 1
    outer loop
      vertex 14.385 3.40603 14.55
      vertex 14.73 2.31205 14.55
      vertex 14.615 3.40603 14.55
    endloop
  endfacet
  facet normal 0 0 1
    outer loop
      vertex 14.385 3.40603 14.55
      vertex 14.27 2.31205 14.55
      vertex 14.73 2.31205 14.55
    endloop
  endfacet
  facet normal 0 0 1
    outer loop
      vertex 14.1601 3.45384 14.55
      vertex 14.27 2.31205 14.55
      vertex 14.385 3.40603 14.55
    endloop
  endfacet
  facet normal 0 0 1
    outer loop
      vertex 13.8202 2.40768 14.55
      vertex 14.1601 3.45384 14.55
      vertex 13.95 3.54737 14.55
    endloop
  endfacet
  facet normal 0 0 1
    outer loop
      vertex 14.1601 3.45384 14.55
      vertex 13.8202 2.40768 14.55
      vertex 14.27 2.31205 14.55
    endloop
  endfacet
  facet normal 0 0 1
    outer loop
      vertex 13.4 2.59474 14.55
      vertex 13.95 3.54737 14.55
      vertex 13.764 3.68254 14.55
    endloop
  endfacet
  facet normal 0 0 1
    outer loop
      vertex 13.4 2.59474 14.55
      vertex 13.764 3.68254 14.55
      vertex 13.6101 3.85344 14.55
    endloop
  endfacet
  facet normal 0 0 1
    outer loop
      vertex 13.4 2.59474 14.55
      vertex 13.6101 3.85344 14.55
      vertex 13.4951 4.05259 14.55
    endloop
  endfacet
  facet normal 0 0 1
    outer loop
      vertex 13.4 2.59474 14.55
      vertex 13.4951 4.05259 14.55
      vertex 13.424 4.2713 14.55
    endloop
  endfacet
  facet normal 0 0 1
    outer loop
      vertex 13.95 3.54737 14.55
      vertex 13.4 2.59474 14.55
      vertex 13.8202 2.40768 14.55
    endloop
  endfacet
  facet normal 0 0 1
    outer loop
      vertex 13.4 2.59474 14.55
      vertex 13.424 4.2713 14.55
      vertex 13.4 4.5 14.55
    endloop
  endfacet
  facet normal 0.994516 0.104581 0
    outer loop
      vertex 12.3481 4.04259 16.75
      vertex 12.3 4.5 14.55
      vertex 12.3 4.5 16.75
    endloop
  endfacet
  facet normal 0.994516 0.104581 0
    outer loop
      vertex 12.3 4.5 14.55
      vertex 12.3481 4.04259 16.75
      vertex 12.3481 4.04259 14.55
    endloop
  endfacet
  facet normal 0 0 -1
    outer loop
      vertex 18 6.9263 12.875
      vertex 15.576 4.2713 12.875
      vertex 15.6 4.5 12.875
    endloop
  endfacet
  facet normal 0 0 -1
    outer loop
      vertex 16.3696 -1.25389 12.875
      vertex 15.5049 4.05259 12.875
      vertex 15.576 4.2713 12.875
    endloop
  endfacet
  facet normal 0 0 -1
    outer loop
      vertex 16.3696 -1.25389 12.875
      vertex 15.3899 3.85344 12.875
      vertex 15.5049 4.05259 12.875
    endloop
  endfacet
  facet normal 0 0 -1
    outer loop
      vertex 16.3696 -1.25389 12.875
      vertex 15.236 3.68254 12.875
      vertex 15.3899 3.85344 12.875
    endloop
  endfacet
  facet normal 0 0 -1
    outer loop
      vertex 16.3696 -1.25389 12.875
      vertex 15.05 3.54737 12.875
      vertex 15.236 3.68254 12.875
    endloop
  endfacet
  facet normal 0 0 -1
    outer loop
      vertex 16.3696 -1.25389 12.875
      vertex 14.8399 3.45384 12.875
      vertex 15.05 3.54737 12.875
    endloop
  endfacet
  facet normal 0 0 -1
    outer loop
      vertex 16.1794 -1.2943 12.875
      vertex 14.615 3.40603 12.875
      vertex 14.8399 3.45384 12.875
    endloop
  endfacet
  facet normal 0 0 -1
    outer loop
      vertex 16.1794 -1.2943 12.875
      vertex 14.385 3.40603 12.875
      vertex 14.615 3.40603 12.875
    endloop
  endfacet
  facet normal 0 0 -1
    outer loop
      vertex 16.1794 -1.2943 12.875
      vertex 14.1601 3.45384 12.875
      vertex 14.385 3.40603 12.875
    endloop
  endfacet
  facet normal 0 0 -1
    outer loop
      vertex 16.1794 -1.2943 12.875
      vertex 13.95 3.54737 12.875
      vertex 14.1601 3.45384 12.875
    endloop
  endfacet
  facet normal 0 0 -1
    outer loop
      vertex 16.1794 -1.2943 12.875
      vertex 13.764 3.68254 12.875
      vertex 13.95 3.54737 12.875
    endloop
  endfacet
  facet normal 0 0 -1
    outer loop
      vertex 16.1794 -1.2943 12.875
      vertex 13.6101 3.85344 12.875
      vertex 13.764 3.68254 12.875
    endloop
  endfacet
  facet normal -0 -0 -1
    outer loop
      vertex 13.6101 3.85344 12.875
      vertex 16.1794 -1.2943 12.875
      vertex 13.4951 4.05259 12.875
    endloop
  endfacet
  facet normal 0 0 -1
    outer loop
      vertex 15.576 4.2713 12.875
      vertex 18 -0.394345 12.875
      vertex 17.525 -0.739453 12.875
    endloop
  endfacet
  facet normal 0 0 -1
    outer loop
      vertex 15.576 4.2713 12.875
      vertex 17.525 -0.739453 12.875
      vertex 16.3696 -1.25389 12.875
    endloop
  endfacet
  facet normal 0 0 -1
    outer loop
      vertex 14.8399 3.45384 12.875
      vertex 16.3696 -1.25389 12.875
      vertex 16.1794 -1.2943 12.875
    endloop
  endfacet
  facet normal 0 0 -1
    outer loop
      vertex 15.576 4.2713 12.875
      vertex 18 6.9263 12.875
      vertex 18 -0.394345 12.875
    endloop
  endfacet
  facet normal 0 0 -1
    outer loop
      vertex 15.576 4.7287 12.875
      vertex 18 6.9263 12.875
      vertex 15.6 4.5 12.875
    endloop
  endfacet
  facet normal 0 0 -1
    outer loop
      vertex 15.5049 4.94741 12.875
      vertex 18 6.9263 12.875
      vertex 15.576 4.7287 12.875
    endloop
  endfacet
  facet normal 0 0 -1
    outer loop
      vertex 15.3899 5.14656 12.875
      vertex 18 6.9263 12.875
      vertex 15.5049 4.94741 12.875
    endloop
  endfacet
  facet normal 0 0 -1
    outer loop
      vertex 15.236 5.31746 12.875
      vertex 18 6.9263 12.875
      vertex 15.3899 5.14656 12.875
    endloop
  endfacet
  facet normal 0 0 -1
    outer loop
      vertex 15.05 5.45263 12.875
      vertex 18 6.9263 12.875
      vertex 15.236 5.31746 12.875
    endloop
  endfacet
  facet normal 0 0 -1
    outer loop
      vertex 14.8399 5.54616 12.875
      vertex 18 6.9263 12.875
      vertex 15.05 5.45263 12.875
    endloop
  endfacet
  facet normal 0 0 -1
    outer loop
      vertex 14.615 5.59397 12.875
      vertex 18 6.9263 12.875
      vertex 14.8399 5.54616 12.875
    endloop
  endfacet
  facet normal 0 0 -1
    outer loop
      vertex 14.385 5.59397 12.875
      vertex 18 6.9263 12.875
      vertex 14.615 5.59397 12.875
    endloop
  endfacet
  facet normal 0 0 -1
    outer loop
      vertex 18 6.9263 12.875
      vertex 14.385 5.59397 12.875
      vertex 14.1601 5.54616 12.875
    endloop
  endfacet
  facet normal 0 0 -1
    outer loop
      vertex 14.9499 -1.51686 12.875
      vertex 16.1794 -1.2943 12.875
      vertex 15.1324 -1.51686 12.875
    endloop
  endfacet
  facet normal 0 0 -1
    outer loop
      vertex 14.9499 -1.51686 12.875
      vertex 13.4951 4.05259 12.875
      vertex 16.1794 -1.2943 12.875
    endloop
  endfacet
  facet normal 0 0 -1
    outer loop
      vertex 12.504 3.35502 12.875
      vertex 13.4951 4.05259 12.875
      vertex 14.9499 -1.51686 12.875
    endloop
  endfacet
  facet normal 0 0 -1
    outer loop
      vertex 13.764 5.31746 12.875
      vertex 12.961 6.20923 12.875
      vertex 13.35 6.49186 12.875
    endloop
  endfacet
  facet normal 0 0 -1
    outer loop
      vertex 12.2325 4.1906 12.875
      vertex 13.4 4.5 12.875
      vertex 13.424 4.2713 12.875
    endloop
  endfacet
  facet normal 0 0 -1
    outer loop
      vertex 13.424 4.7287 12.875
      vertex 12.6393 5.85191 12.875
      vertex 12.961 6.20923 12.875
    endloop
  endfacet
  facet normal 0 0 -1
    outer loop
      vertex 12.2325 4.1906 12.875
      vertex 13.4951 4.05259 12.875
      vertex 12.504 3.35502 12.875
    endloop
  endfacet
  facet normal 0 0 -1
    outer loop
      vertex 13.4951 4.05259 12.875
      vertex 12.2325 4.1906 12.875
      vertex 13.424 4.2713 12.875
    endloop
  endfacet
  facet normal -0 0 -1
    outer loop
      vertex 13.4 4.5 12.875
      vertex 12.2325 4.1906 12.875
      vertex 12.2 4.5 12.875
    endloop
  endfacet
  facet normal 0 0 -1
    outer loop
      vertex 13.424 4.7287 12.875
      vertex 12.3988 5.43549 12.875
      vertex 12.6393 5.85191 12.875
    endloop
  endfacet
  facet normal 0 0 -1
    outer loop
      vertex 13.424 4.7287 12.875
      vertex 12.2503 4.9782 12.875
      vertex 12.3988 5.43549 12.875
    endloop
  endfacet
  facet normal 0 0 -1
    outer loop
      vertex 13.4 4.5 12.875
      vertex 12.2 4.5 12.875
      vertex 12.2503 4.9782 12.875
    endloop
  endfacet
  facet normal 0 0 -1
    outer loop
      vertex 18 6.9263 12.875
      vertex 17.4412 8 12.875
      vertex 18 8 12.875
    endloop
  endfacet
  facet normal 0 0 -1
    outer loop
      vertex 14.1601 5.54616 12.875
      vertex 17.4412 8 12.875
      vertex 18 6.9263 12.875
    endloop
  endfacet
  facet normal 0 0 -1
    outer loop
      vertex 13.7893 6.68743 12.875
      vertex 14.1601 5.54616 12.875
      vertex 13.95 5.45263 12.875
    endloop
  endfacet
  facet normal 0 0 -1
    outer loop
      vertex 14.1601 5.54616 12.875
      vertex 13.7893 6.68743 12.875
      vertex 17.4412 8 12.875
    endloop
  endfacet
  facet normal 0 0 -1
    outer loop
      vertex 13.35 6.49186 12.875
      vertex 13.95 5.45263 12.875
      vertex 13.764 5.31746 12.875
    endloop
  endfacet
  facet normal 0 0 -1
    outer loop
      vertex 12.961 6.20923 12.875
      vertex 13.764 5.31746 12.875
      vertex 13.6101 5.14656 12.875
    endloop
  endfacet
  facet normal 0 0 -1
    outer loop
      vertex 12.961 6.20923 12.875
      vertex 13.6101 5.14656 12.875
      vertex 13.4951 4.94741 12.875
    endloop
  endfacet
  facet normal 0 0 -1
    outer loop
      vertex 12.961 6.20923 12.875
      vertex 13.4951 4.94741 12.875
      vertex 13.424 4.7287 12.875
    endloop
  endfacet
  facet normal 0 0 -1
    outer loop
      vertex 13.95 5.45263 12.875
      vertex 13.35 6.49186 12.875
      vertex 13.7893 6.68743 12.875
    endloop
  endfacet
  facet normal 0 0 -1
    outer loop
      vertex 12.2503 4.9782 12.875
      vertex 13.424 4.7287 12.875
      vertex 13.4 4.5 12.875
    endloop
  endfacet
  facet normal 0 0 -1
    outer loop
      vertex 13.8676 -1.51686 12.875
      vertex 12.863 -1.30332 12.875
      vertex 13 0 12.875
    endloop
  endfacet
  facet normal 0 0 -1
    outer loop
      vertex 13 0 12.875
      vertex 14.9499 -1.51686 12.875
      vertex 13.8676 -1.51686 12.875
    endloop
  endfacet
  facet normal 0 0 -1
    outer loop
      vertex 12.7159 2.70285 12.875
      vertex 14.9499 -1.51686 12.875
      vertex 13 0 12.875
    endloop
  endfacet
  facet normal 0 0 -1
    outer loop
      vertex 14.9499 -1.51686 12.875
      vertex 12.7159 2.70285 12.875
      vertex 12.504 3.35502 12.875
    endloop
  endfacet
  facet normal 0 0 -1
    outer loop
      vertex 12.2325 4.1906 12.875
      vertex 11.8761 5.28758 12.875
      vertex 12.2 4.5 12.875
    endloop
  endfacet
  facet normal 0 0 -1
    outer loop
      vertex 11.8761 5.28758 12.875
      vertex 12.2503 4.9782 12.875
      vertex 12.2 4.5 12.875
    endloop
  endfacet
  facet normal 0 0 -1
    outer loop
      vertex 11.8761 5.28758 12.875
      vertex 12.3988 5.43549 12.875
      vertex 12.2503 4.9782 12.875
    endloop
  endfacet
  facet normal 0 0 -1
    outer loop
      vertex 11.8761 5.28758 12.875
      vertex 12.6393 5.85191 12.875
      vertex 12.3988 5.43549 12.875
    endloop
  endfacet
  facet normal 0 0 -1
    outer loop
      vertex 10.5172 7.64121 12.875
      vertex 12.6393 5.85191 12.875
      vertex 11.8761 5.28758 12.875
    endloop
  endfacet
  facet normal 0 0 -1
    outer loop
      vertex 12.6393 5.85191 12.875
      vertex 10.5172 7.64121 12.875
      vertex 12.961 6.20923 12.875
    endloop
  endfacet
  facet normal 0 0 -1
    outer loop
      vertex 10.5172 7.64121 12.875
      vertex 13.35 6.49186 12.875
      vertex 12.961 6.20923 12.875
    endloop
  endfacet
  facet normal 0 0 -1
    outer loop
      vertex 10.5172 7.64121 12.875
      vertex 13.7893 6.68743 12.875
      vertex 13.35 6.49186 12.875
    endloop
  endfacet
  facet normal 0 0 -1
    outer loop
      vertex 10.1942 8 12.875
      vertex 13.7893 6.68743 12.875
      vertex 10.5172 7.64121 12.875
    endloop
  endfacet
  facet normal 0 0 -1
    outer loop
      vertex 13.7893 6.68743 12.875
      vertex 10.1942 8 12.875
      vertex 17.4412 8 12.875
    endloop
  endfacet
  facet normal 0.866022 0.500007 0
    outer loop
      vertex -2.06299 -1.49885 16.75
      vertex -2.32954 -1.03718 15
      vertex -2.32954 -1.03718 16.75
    endloop
  endfacet
  facet normal 0.866022 0.500007 0
    outer loop
      vertex -2.32954 -1.03718 15
      vertex -2.06299 -1.49885 16.75
      vertex -2.06299 -1.49885 15
    endloop
  endfacet
  facet normal -0.951054 -0.309023 0
    outer loop
      vertex 2.49428 0.530174 15
      vertex 2.32954 1.03718 16.75
      vertex 2.32954 1.03718 15
    endloop
  endfacet
  facet normal -0.951054 -0.309023 0
    outer loop
      vertex 2.32954 1.03718 16.75
      vertex 2.49428 0.530174 15
      vertex 2.49428 0.530174 16.75
    endloop
  endfacet
  facet normal -0.994523 -0.104522 0
    outer loop
      vertex 2.55 0 15
      vertex 2.49428 0.530174 16.75
      vertex 2.49428 0.530174 15
    endloop
  endfacet
  facet normal -0.994523 -0.104522 0
    outer loop
      vertex 2.49428 0.530174 16.75
      vertex 2.55 0 15
      vertex 2.55 0 16.75
    endloop
  endfacet
  facet normal -0.866022 -0.500007 0
    outer loop
      vertex 2.32954 1.03718 15
      vertex 2.06299 1.49885 16.75
      vertex 2.06299 1.49885 15
    endloop
  endfacet
  facet normal -0.866022 -0.500007 0
    outer loop
      vertex 2.06299 1.49885 16.75
      vertex 2.32954 1.03718 15
      vertex 2.32954 1.03718 16.75
    endloop
  endfacet
  facet normal -0.207918 0.978146 0
    outer loop
      vertex 0.787992 -2.42519 15
      vertex 0.266547 -2.53603 16.75
      vertex 0.787992 -2.42519 16.75
    endloop
  endfacet
  facet normal -0.207918 0.978146 0
    outer loop
      vertex 0.266547 -2.53603 16.75
      vertex 0.787992 -2.42519 15
      vertex 0.266547 -2.53603 15
    endloop
  endfacet
  facet normal 0.207918 -0.978146 0
    outer loop
      vertex -0.787992 2.42519 15
      vertex -0.266547 2.53603 16.75
      vertex -0.787992 2.42519 16.75
    endloop
  endfacet
  facet normal 0.207918 -0.978146 0
    outer loop
      vertex -0.266547 2.53603 16.75
      vertex -0.787992 2.42519 15
      vertex -0.266547 2.53603 15
    endloop
  endfacet
  facet normal -0.406737 -0.913545 0
    outer loop
      vertex 0.787992 2.42519 15
      vertex 1.275 2.20836 16.75
      vertex 0.787992 2.42519 16.75
    endloop
  endfacet
  facet normal -0.406737 -0.913545 -0
    outer loop
      vertex 1.275 2.20836 16.75
      vertex 0.787992 2.42519 15
      vertex 1.275 2.20836 15
    endloop
  endfacet
  facet normal 0.994523 0.104522 0
    outer loop
      vertex -2.49428 -0.530174 16.75
      vertex -2.55 0 15
      vertex -2.55 0 16.75
    endloop
  endfacet
  facet normal 0.994523 0.104522 0
    outer loop
      vertex -2.55 0 15
      vertex -2.49428 -0.530174 16.75
      vertex -2.49428 -0.530174 15
    endloop
  endfacet
  facet normal -0.994523 0.104522 0
    outer loop
      vertex 2.49428 -0.530174 15
      vertex 2.55 0 16.75
      vertex 2.55 0 15
    endloop
  endfacet
  facet normal -0.994523 0.104522 0
    outer loop
      vertex 2.55 0 16.75
      vertex 2.49428 -0.530174 15
      vertex 2.49428 -0.530174 16.75
    endloop
  endfacet
  facet normal 0.994523 -0.104522 0
    outer loop
      vertex -2.55 0 16.75
      vertex -2.49428 0.530174 15
      vertex -2.49428 0.530174 16.75
    endloop
  endfacet
  facet normal 0.994523 -0.104522 0
    outer loop
      vertex -2.49428 0.530174 15
      vertex -2.55 0 16.75
      vertex -2.55 0 15
    endloop
  endfacet
  facet normal -0.866022 0.500007 0
    outer loop
      vertex 2.06299 -1.49885 15
      vertex 2.32954 -1.03718 16.75
      vertex 2.32954 -1.03718 15
    endloop
  endfacet
  facet normal -0.866022 0.500007 0
    outer loop
      vertex 2.32954 -1.03718 16.75
      vertex 2.06299 -1.49885 15
      vertex 2.06299 -1.49885 16.75
    endloop
  endfacet
  facet normal 0.587781 0.80902 -0
    outer loop
      vertex -1.275 -2.20836 15
      vertex -1.70628 -1.89502 16.75
      vertex -1.275 -2.20836 16.75
    endloop
  endfacet
  facet normal 0.587781 0.80902 0
    outer loop
      vertex -1.70628 -1.89502 16.75
      vertex -1.275 -2.20836 15
      vertex -1.70628 -1.89502 15
    endloop
  endfacet
  facet normal -0.951054 0.309023 0
    outer loop
      vertex 2.32954 -1.03718 15
      vertex 2.49428 -0.530174 16.75
      vertex 2.49428 -0.530174 15
    endloop
  endfacet
  facet normal -0.951054 0.309023 0
    outer loop
      vertex 2.49428 -0.530174 16.75
      vertex 2.32954 -1.03718 15
      vertex 2.32954 -1.03718 16.75
    endloop
  endfacet
  facet normal 0.743148 -0.669127 0
    outer loop
      vertex -2.06299 1.49885 16.75
      vertex -1.70628 1.89502 15
      vertex -1.70628 1.89502 16.75
    endloop
  endfacet
  facet normal 0.743148 -0.669127 0
    outer loop
      vertex -1.70628 1.89502 15
      vertex -2.06299 1.49885 16.75
      vertex -2.06299 1.49885 15
    endloop
  endfacet
  facet normal -0.587781 -0.80902 0
    outer loop
      vertex 1.275 2.20836 15
      vertex 1.70628 1.89502 16.75
      vertex 1.275 2.20836 16.75
    endloop
  endfacet
  facet normal -0.587781 -0.80902 -0
    outer loop
      vertex 1.70628 1.89502 16.75
      vertex 1.275 2.20836 15
      vertex 1.70628 1.89502 15
    endloop
  endfacet
  facet normal -0.406737 0.913545 0
    outer loop
      vertex 1.275 -2.20836 15
      vertex 0.787992 -2.42519 16.75
      vertex 1.275 -2.20836 16.75
    endloop
  endfacet
  facet normal -0.406737 0.913545 0
    outer loop
      vertex 0.787992 -2.42519 16.75
      vertex 1.275 -2.20836 15
      vertex 0.787992 -2.42519 15
    endloop
  endfacet
  facet normal 0 -1 0
    outer loop
      vertex -0.266547 2.53603 15
      vertex 0.266547 2.53603 16.75
      vertex -0.266547 2.53603 16.75
    endloop
  endfacet
  facet normal 0 -1 -0
    outer loop
      vertex 0.266547 2.53603 16.75
      vertex -0.266547 2.53603 15
      vertex 0.266547 2.53603 15
    endloop
  endfacet
  facet normal 0.587781 -0.80902 0
    outer loop
      vertex -1.70628 1.89502 15
      vertex -1.275 2.20836 16.75
      vertex -1.70628 1.89502 16.75
    endloop
  endfacet
  facet normal 0.587781 -0.80902 0
    outer loop
      vertex -1.275 2.20836 16.75
      vertex -1.70628 1.89502 15
      vertex -1.275 2.20836 15
    endloop
  endfacet
  facet normal 0 1 -0
    outer loop
      vertex 0.266547 -2.53603 15
      vertex -0.266547 -2.53603 16.75
      vertex 0.266547 -2.53603 16.75
    endloop
  endfacet
  facet normal 0 1 0
    outer loop
      vertex -0.266547 -2.53603 16.75
      vertex 0.266547 -2.53603 15
      vertex -0.266547 -2.53603 15
    endloop
  endfacet
  facet normal 0.951054 0.309023 0
    outer loop
      vertex -2.32954 -1.03718 16.75
      vertex -2.49428 -0.530174 15
      vertex -2.49428 -0.530174 16.75
    endloop
  endfacet
  facet normal 0.951054 0.309023 0
    outer loop
      vertex -2.49428 -0.530174 15
      vertex -2.32954 -1.03718 16.75
      vertex -2.32954 -1.03718 15
    endloop
  endfacet
  facet normal -0.587781 0.80902 0
    outer loop
      vertex 1.70628 -1.89502 15
      vertex 1.275 -2.20836 16.75
      vertex 1.70628 -1.89502 16.75
    endloop
  endfacet
  facet normal -0.587781 0.80902 0
    outer loop
      vertex 1.275 -2.20836 16.75
      vertex 1.70628 -1.89502 15
      vertex 1.275 -2.20836 15
    endloop
  endfacet
  facet normal 0.406737 -0.913545 0
    outer loop
      vertex -1.275 2.20836 15
      vertex -0.787992 2.42519 16.75
      vertex -1.275 2.20836 16.75
    endloop
  endfacet
  facet normal 0.406737 -0.913545 0
    outer loop
      vertex -0.787992 2.42519 16.75
      vertex -1.275 2.20836 15
      vertex -0.787992 2.42519 15
    endloop
  endfacet
  facet normal -0.207918 -0.978146 0
    outer loop
      vertex 0.266547 2.53603 15
      vertex 0.787992 2.42519 16.75
      vertex 0.266547 2.53603 16.75
    endloop
  endfacet
  facet normal -0.207918 -0.978146 -0
    outer loop
      vertex 0.787992 2.42519 16.75
      vertex 0.266547 2.53603 15
      vertex 0.787992 2.42519 15
    endloop
  endfacet
  facet normal -0.743148 -0.669127 0
    outer loop
      vertex 2.06299 1.49885 15
      vertex 1.70628 1.89502 16.75
      vertex 1.70628 1.89502 15
    endloop
  endfacet
  facet normal -0.743148 -0.669127 0
    outer loop
      vertex 1.70628 1.89502 16.75
      vertex 2.06299 1.49885 15
      vertex 2.06299 1.49885 16.75
    endloop
  endfacet
  facet normal 0.743148 0.669127 0
    outer loop
      vertex -1.70628 -1.89502 16.75
      vertex -2.06299 -1.49885 15
      vertex -2.06299 -1.49885 16.75
    endloop
  endfacet
  facet normal 0.743148 0.669127 0
    outer loop
      vertex -2.06299 -1.49885 15
      vertex -1.70628 -1.89502 16.75
      vertex -1.70628 -1.89502 15
    endloop
  endfacet
  facet normal 0.866022 -0.500007 0
    outer loop
      vertex -2.32954 1.03718 16.75
      vertex -2.06299 1.49885 15
      vertex -2.06299 1.49885 16.75
    endloop
  endfacet
  facet normal 0.866022 -0.500007 0
    outer loop
      vertex -2.06299 1.49885 15
      vertex -2.32954 1.03718 16.75
      vertex -2.32954 1.03718 15
    endloop
  endfacet
  facet normal 0.207918 0.978146 -0
    outer loop
      vertex -0.266547 -2.53603 15
      vertex -0.787992 -2.42519 16.75
      vertex -0.266547 -2.53603 16.75
    endloop
  endfacet
  facet normal 0.207918 0.978146 0
    outer loop
      vertex -0.787992 -2.42519 16.75
      vertex -0.266547 -2.53603 15
      vertex -0.787992 -2.42519 15
    endloop
  endfacet
  facet normal -0.743148 0.669127 0
    outer loop
      vertex 1.70628 -1.89502 15
      vertex 2.06299 -1.49885 16.75
      vertex 2.06299 -1.49885 15
    endloop
  endfacet
  facet normal -0.743148 0.669127 0
    outer loop
      vertex 2.06299 -1.49885 16.75
      vertex 1.70628 -1.89502 15
      vertex 1.70628 -1.89502 16.75
    endloop
  endfacet
  facet normal 0.951054 -0.309023 0
    outer loop
      vertex -2.49428 0.530174 16.75
      vertex -2.32954 1.03718 15
      vertex -2.32954 1.03718 16.75
    endloop
  endfacet
  facet normal 0.951054 -0.309023 0
    outer loop
      vertex -2.32954 1.03718 15
      vertex -2.49428 0.530174 16.75
      vertex -2.49428 0.530174 15
    endloop
  endfacet
  facet normal 0.406737 0.913545 -0
    outer loop
      vertex -0.787992 -2.42519 15
      vertex -1.275 -2.20836 16.75
      vertex -0.787992 -2.42519 16.75
    endloop
  endfacet
  facet normal 0.406737 0.913545 0
    outer loop
      vertex -1.275 -2.20836 16.75
      vertex -0.787992 -2.42519 15
      vertex -1.275 -2.20836 15
    endloop
  endfacet
  facet normal -0.207913 0.978147 0
    outer loop
      vertex -0.70034 6.6633 15.5
      vertex -2.07041 6.37208 16.75
      vertex -0.70034 6.6633 16.75
    endloop
  endfacet
  facet normal -0.207913 0.978147 0
    outer loop
      vertex -2.07041 6.37208 16.75
      vertex -0.70034 6.6633 15.5
      vertex -2.07041 6.37208 15.5
    endloop
  endfacet
  facet normal 0.164246 -0.773101 -0.612648
    outer loop
      vertex 15.1324 -1.51686 12.875
      vertex 12.7474 -2.40338 13.3543
      vertex 12.7513 -2.36594 13.3081
    endloop
  endfacet
  facet normal 0 1 0
    outer loop
      vertex 18 8 16.75
      vertex 10.1942 8 15.5
      vertex 9.57306 8 16.75
    endloop
  endfacet
  facet normal 0 1 0
    outer loop
      vertex 17.4412 8 12.875
      vertex 18 8 16.75
      vertex 18 8 12.875
    endloop
  endfacet
  facet normal 0 1 0
    outer loop
      vertex 18 8 16.75
      vertex 17.4412 8 12.875
      vertex 10.1942 8 15.5
    endloop
  endfacet
  facet normal 0 1 0
    outer loop
      vertex 10.1942 8 15.5
      vertex 17.4412 8 12.875
      vertex 10.1942 8 12.875
    endloop
  endfacet
  facet normal 0 1 0
    outer loop
      vertex 9.57306 8 16.75
      vertex 10.1942 8 15.5
      vertex 9.57306 8 15.5
    endloop
  endfacet
  facet normal -0.866026 -0.499998 0
    outer loop
      vertex -5.42041 -3.93816 15.5
      vertex -6.12075 -2.72513 16.75
      vertex -6.12075 -2.72513 15.5
    endloop
  endfacet
  facet normal -0.866026 -0.499998 0
    outer loop
      vertex -6.12075 -2.72513 16.75
      vertex -5.42041 -3.93816 15.5
      vertex -5.42041 -3.93816 16.75
    endloop
  endfacet
  facet normal 0.207913 -0.978147 0
    outer loop
      vertex 0.70034 -6.6633 15.5
      vertex 2.07041 -6.37208 16.75
      vertex 0.70034 -6.6633 16.75
    endloop
  endfacet
  facet normal 0.207913 -0.978147 0
    outer loop
      vertex 2.07041 -6.37208 16.75
      vertex 0.70034 -6.6633 15.5
      vertex 2.07041 -6.37208 15.5
    endloop
  endfacet
  facet normal 1 0 0
    outer loop
      vertex 18 8 16.75
      vertex 18 6.9263 12.875
      vertex 18 8 12.875
    endloop
  endfacet
  facet normal 1 -0 0
    outer loop
      vertex 18 -0.394345 16.75
      vertex 18 6.9263 12.875
      vertex 18 8 16.75
    endloop
  endfacet
  facet normal 1 0 0
    outer loop
      vertex 18 6.9263 12.875
      vertex 18 -0.394345 16.75
      vertex 18 -0.394345 12.875
    endloop
  endfacet
  facet normal 0.337 -0.941504 0
    outer loop
      vertex 12.7313 -2.55614 15.5
      vertex 2.07041 -6.37208 16.75
      vertex 2.07041 -6.37208 15.5
    endloop
  endfacet
  facet normal 0.336998 -0.941505 -2.05694e-05
    outer loop
      vertex 2.07041 -6.37208 16.75
      vertex 12.7313 -2.55614 15.5
      vertex 16.3696 -1.25389 16.75
    endloop
  endfacet
  facet normal 0.336992 -0.941507 0
    outer loop
      vertex 16.3696 -1.25389 12.875
      vertex 12.7313 -2.55614 15.5
      vertex 12.7313 -2.55614 13.5429
    endloop
  endfacet
  facet normal 0.336992 -0.941507 0
    outer loop
      vertex 12.7313 -2.55614 15.5
      vertex 16.3696 -1.25389 12.875
      vertex 16.3696 -1.25389 16.75
    endloop
  endfacet
  facet normal -0.406737 0.913546 0
    outer loop
      vertex -2.07041 6.37208 15.5
      vertex -3.35 5.80237 16.75
      vertex -2.07041 6.37208 16.75
    endloop
  endfacet
  facet normal -0.406737 0.913546 0
    outer loop
      vertex -3.35 5.80237 16.75
      vertex -2.07041 6.37208 15.5
      vertex -3.35 5.80237 15.5
    endloop
  endfacet
  facet normal -0.207913 -0.978147 0
    outer loop
      vertex -2.07041 -6.37208 15.5
      vertex -0.70034 -6.6633 16.75
      vertex -2.07041 -6.37208 16.75
    endloop
  endfacet
  facet normal -0.207913 -0.978147 -0
    outer loop
      vertex -0.70034 -6.6633 16.75
      vertex -2.07041 -6.37208 15.5
      vertex -0.70034 -6.6633 15.5
    endloop
  endfacet
  facet normal -0.587787 0.809016 0
    outer loop
      vertex -3.35 5.80237 15.5
      vertex -4.48317 4.97907 16.75
      vertex -3.35 5.80237 16.75
    endloop
  endfacet
  facet normal -0.587787 0.809016 0
    outer loop
      vertex -4.48317 4.97907 16.75
      vertex -3.35 5.80237 15.5
      vertex -4.48317 4.97907 15.5
    endloop
  endfacet
  facet normal -0.0640153 -0.303682 -0.95062
    outer loop
      vertex 13.8676 -1.51686 12.875
      vertex 12.801 -1.89367 13.0672
      vertex 12.8066 -1.84007 13.0497
    endloop
  endfacet
  facet normal -0.743145 -0.669131 0
    outer loop
      vertex -4.48317 -4.97907 15.5
      vertex -5.42041 -3.93816 16.75
      vertex -5.42041 -3.93816 15.5
    endloop
  endfacet
  facet normal -0.743145 -0.669131 0
    outer loop
      vertex -5.42041 -3.93816 16.75
      vertex -4.48317 -4.97907 15.5
      vertex -4.48317 -4.97907 16.75
    endloop
  endfacet
  facet normal -0.129025 0.991641 0
    outer loop
      vertex 9.57306 8 15.5
      vertex -0.70034 6.6633 16.75
      vertex 9.57306 8 16.75
    endloop
  endfacet
  facet normal -0.129025 0.991641 0
    outer loop
      vertex -0.70034 6.6633 16.75
      vertex 9.57306 8 15.5
      vertex -0.70034 6.6633 15.5
    endloop
  endfacet
  facet normal -0.866026 0.499998 0
    outer loop
      vertex -6.12075 2.72513 15.5
      vertex -5.42041 3.93816 16.75
      vertex -5.42041 3.93816 15.5
    endloop
  endfacet
  facet normal -0.866026 0.499998 0
    outer loop
      vertex -5.42041 3.93816 16.75
      vertex -6.12075 2.72513 15.5
      vertex -6.12075 2.72513 16.75
    endloop
  endfacet
  facet normal -0.06435 -0.302735 -0.9509
    outer loop
      vertex 13.8676 -1.51686 12.875
      vertex 12.8066 -1.84007 13.0497
      vertex 12.863 -1.30332 12.875
    endloop
  endfacet
  facet normal -0.587787 -0.809016 0
    outer loop
      vertex -4.48317 -4.97907 15.5
      vertex -3.35 -5.80237 16.75
      vertex -4.48317 -4.97907 16.75
    endloop
  endfacet
  facet normal -0.587787 -0.809016 -0
    outer loop
      vertex -3.35 -5.80237 16.75
      vertex -4.48317 -4.97907 15.5
      vertex -3.35 -5.80237 15.5
    endloop
  endfacet
  facet normal 0 -0.454384 -0.890806
    outer loop
      vertex 12.7513 -2.36594 13.3081
      vertex 14.9499 -1.51686 12.875
      vertex 15.1324 -1.51686 12.875
    endloop
  endfacet
  facet normal -0 -0.454384 -0.890806
    outer loop
      vertex 14.9499 -1.51686 12.875
      vertex 12.7513 -2.36594 13.3081
      vertex 13.8676 -1.51686 12.875
    endloop
  endfacet
  facet normal 5.9418e-06 -0.45439 -0.890803
    outer loop
      vertex 13.8676 -1.51686 12.875
      vertex 12.7513 -2.36594 13.3081
      vertex 12.801 -1.89367 13.0672
    endloop
  endfacet
  facet normal 0.164392 -0.773321 -0.612332
    outer loop
      vertex 15.1324 -1.51686 12.875
      vertex 12.7313 -2.55614 13.5429
      vertex 12.7474 -2.40338 13.3543
    endloop
  endfacet
  facet normal 0.164382 -0.773309 -0.612349
    outer loop
      vertex 16.1794 -1.2943 12.875
      vertex 12.7313 -2.55614 13.5429
      vertex 15.1324 -1.51686 12.875
    endloop
  endfacet
  facet normal 0.164256 -0.773115 -0.612628
    outer loop
      vertex 12.7313 -2.55614 13.5429
      vertex 16.1794 -1.2943 12.875
      vertex 16.3696 -1.25389 12.875
    endloop
  endfacet
  facet normal 0.587786 -0.809017 0
    outer loop
      vertex 17.525 -0.739453 12.875
      vertex 18 -0.394345 16.75
      vertex 17.525 -0.739453 16.75
    endloop
  endfacet
  facet normal 0.587786 -0.809017 0
    outer loop
      vertex 18 -0.394345 16.75
      vertex 17.525 -0.739453 12.875
      vertex 18 -0.394345 12.875
    endloop
  endfacet
  facet normal -0.406737 -0.913546 0
    outer loop
      vertex -3.35 -5.80237 15.5
      vertex -2.07041 -6.37208 16.75
      vertex -3.35 -5.80237 16.75
    endloop
  endfacet
  facet normal -0.406737 -0.913546 -0
    outer loop
      vertex -2.07041 -6.37208 16.75
      vertex -3.35 -5.80237 15.5
      vertex -2.07041 -6.37208 15.5
    endloop
  endfacet
  facet normal -0.994522 -0.104528 0
    outer loop
      vertex -6.55359 -1.39301 15.5
      vertex -6.7 0 16.75
      vertex -6.7 0 15.5
    endloop
  endfacet
  facet normal -0.994522 -0.104528 0
    outer loop
      vertex -6.7 0 16.75
      vertex -6.55359 -1.39301 15.5
      vertex -6.55359 -1.39301 16.75
    endloop
  endfacet
  facet normal 0.40675 -0.91354 0
    outer loop
      vertex 16.3696 -1.25389 12.875
      vertex 17.525 -0.739453 16.75
      vertex 16.3696 -1.25389 16.75
    endloop
  endfacet
  facet normal 0.40675 -0.91354 0
    outer loop
      vertex 17.525 -0.739453 16.75
      vertex 16.3696 -1.25389 12.875
      vertex 17.525 -0.739453 12.875
    endloop
  endfacet
  facet normal -0.951055 0.309022 0
    outer loop
      vertex -6.55359 1.39301 15.5
      vertex -6.12075 2.72513 16.75
      vertex -6.12075 2.72513 15.5
    endloop
  endfacet
  facet normal -0.951055 0.309022 0
    outer loop
      vertex -6.12075 2.72513 16.75
      vertex -6.55359 1.39301 15.5
      vertex -6.55359 1.39301 16.75
    endloop
  endfacet
  facet normal -0.951055 -0.309022 0
    outer loop
      vertex -6.12075 -2.72513 15.5
      vertex -6.55359 -1.39301 16.75
      vertex -6.55359 -1.39301 15.5
    endloop
  endfacet
  facet normal -0.951055 -0.309022 0
    outer loop
      vertex -6.55359 -1.39301 16.75
      vertex -6.12075 -2.72513 15.5
      vertex -6.12075 -2.72513 16.75
    endloop
  endfacet
  facet normal 0 -1 0
    outer loop
      vertex -0.70034 -6.6633 15.5
      vertex 0.70034 -6.6633 16.75
      vertex -0.70034 -6.6633 16.75
    endloop
  endfacet
  facet normal 0 -1 -0
    outer loop
      vertex 0.70034 -6.6633 16.75
      vertex -0.70034 -6.6633 15.5
      vertex 0.70034 -6.6633 15.5
    endloop
  endfacet
  facet normal -0.743145 0.669131 0
    outer loop
      vertex -5.42041 3.93816 15.5
      vertex -4.48317 4.97907 16.75
      vertex -4.48317 4.97907 15.5
    endloop
  endfacet
  facet normal -0.743145 0.669131 0
    outer loop
      vertex -4.48317 4.97907 16.75
      vertex -5.42041 3.93816 15.5
      vertex -5.42041 3.93816 16.75
    endloop
  endfacet
  facet normal -0.994522 0.104528 0
    outer loop
      vertex -6.7 0 15.5
      vertex -6.55359 1.39301 16.75
      vertex -6.55359 1.39301 15.5
    endloop
  endfacet
  facet normal -0.994522 0.104528 0
    outer loop
      vertex -6.55359 1.39301 16.75
      vertex -6.7 0 15.5
      vertex -6.7 0 16.75
    endloop
  endfacet
endsolid OpenSCAD_Model
