solid OpenSCAD_Model
  facet normal 1 0 0
    outer loop
      vertex 42 22 5.65
      vertex 42 15.8923 2.22134
      vertex 42 22 -1.5
    endloop
  endfacet
  facet normal 1 0 0
    outer loop
      vertex 42 22 5.65
      vertex 42 15.8315 2.50762
      vertex 42 15.8923 2.22134
    endloop
  endfacet
  facet normal 1 0 0
    outer loop
      vertex 42 22 5.65
      vertex 42 15.7124 2.775
      vertex 42 15.8315 2.50762
    endloop
  endfacet
  facet normal 1 0 0
    outer loop
      vertex 42 22 5.65
      vertex 42 15.5404 3.01178
      vertex 42 15.7124 2.775
    endloop
  endfacet
  facet normal 1 0 0
    outer loop
      vertex 42 22 5.65
      vertex 42 15.3229 3.20762
      vertex 42 15.5404 3.01178
    endloop
  endfacet
  facet normal 1 0 0
    outer loop
      vertex 42 22 5.65
      vertex 42 15.0694 3.35396
      vertex 42 15.3229 3.20762
    endloop
  endfacet
  facet normal 1 0 0
    outer loop
      vertex 42 22 5.65
      vertex 42 14.7911 3.44441
      vertex 42 15.0694 3.35396
    endloop
  endfacet
  facet normal 1 0 0
    outer loop
      vertex 42 22 5.65
      vertex 42 14.5 3.475
      vertex 42 14.7911 3.44441
    endloop
  endfacet
  facet normal 1 -0 0
    outer loop
      vertex 42 7 5.65
      vertex 42 14.5 3.475
      vertex 42 22 5.65
    endloop
  endfacet
  facet normal 1 0 0
    outer loop
      vertex 42 13.1077 2.22134
      vertex 42 7 5.65
      vertex 42 13.1077 1.92866
    endloop
  endfacet
  facet normal 1 0 0
    outer loop
      vertex 42 13.1685 2.50762
      vertex 42 7 5.65
      vertex 42 13.1077 2.22134
    endloop
  endfacet
  facet normal 1 0 0
    outer loop
      vertex 42 13.2876 2.775
      vertex 42 7 5.65
      vertex 42 13.1685 2.50762
    endloop
  endfacet
  facet normal 1 0 0
    outer loop
      vertex 42 13.4596 3.01178
      vertex 42 7 5.65
      vertex 42 13.2876 2.775
    endloop
  endfacet
  facet normal 1 0 0
    outer loop
      vertex 42 13.6771 3.20762
      vertex 42 7 5.65
      vertex 42 13.4596 3.01178
    endloop
  endfacet
  facet normal 1 0 0
    outer loop
      vertex 42 13.9306 3.35396
      vertex 42 7 5.65
      vertex 42 13.6771 3.20762
    endloop
  endfacet
  facet normal 1 0 0
    outer loop
      vertex 42 14.2089 3.44441
      vertex 42 7 5.65
      vertex 42 13.9306 3.35396
    endloop
  endfacet
  facet normal 1 0 0
    outer loop
      vertex 42 14.5 3.475
      vertex 42 7 5.65
      vertex 42 14.2089 3.44441
    endloop
  endfacet
  facet normal 1 -0 0
    outer loop
      vertex 42 15.8923 1.92866
      vertex 42 22 -1.5
      vertex 42 15.8923 2.22134
    endloop
  endfacet
  facet normal 1 -0 0
    outer loop
      vertex 42 15.8315 1.64238
      vertex 42 22 -1.5
      vertex 42 15.8923 1.92866
    endloop
  endfacet
  facet normal 1 -0 0
    outer loop
      vertex 42 15.7124 1.375
      vertex 42 22 -1.5
      vertex 42 15.8315 1.64238
    endloop
  endfacet
  facet normal 1 -0 0
    outer loop
      vertex 42 15.5404 1.13822
      vertex 42 22 -1.5
      vertex 42 15.7124 1.375
    endloop
  endfacet
  facet normal 1 -0 0
    outer loop
      vertex 42 15.3229 0.942376
      vertex 42 22 -1.5
      vertex 42 15.5404 1.13822
    endloop
  endfacet
  facet normal 1 -0 0
    outer loop
      vertex 42 15.0694 0.796037
      vertex 42 22 -1.5
      vertex 42 15.3229 0.942376
    endloop
  endfacet
  facet normal 1 -0 0
    outer loop
      vertex 42 14.7911 0.705594
      vertex 42 22 -1.5
      vertex 42 15.0694 0.796037
    endloop
  endfacet
  facet normal 1 -0 0
    outer loop
      vertex 42 14.5 0.675
      vertex 42 22 -1.5
      vertex 42 14.7911 0.705594
    endloop
  endfacet
  facet normal 1 0 0
    outer loop
      vertex 42 7 -1.5
      vertex 42 14.5 0.675
      vertex 42 14.2089 0.705594
    endloop
  endfacet
  facet normal 1 0 0
    outer loop
      vertex 42 7 -1.5
      vertex 42 13.1077 1.92866
      vertex 42 7 5.65
    endloop
  endfacet
  facet normal 1 0 0
    outer loop
      vertex 42 13.1077 1.92866
      vertex 42 7 -1.5
      vertex 42 13.1685 1.64238
    endloop
  endfacet
  facet normal 1 0 0
    outer loop
      vertex 42 13.1685 1.64238
      vertex 42 7 -1.5
      vertex 42 13.2876 1.375
    endloop
  endfacet
  facet normal 1 0 0
    outer loop
      vertex 42 13.2876 1.375
      vertex 42 7 -1.5
      vertex 42 13.4596 1.13822
    endloop
  endfacet
  facet normal 1 0 0
    outer loop
      vertex 42 14.5 0.675
      vertex 42 7 -1.5
      vertex 42 22 -1.5
    endloop
  endfacet
  facet normal 1 0 0
    outer loop
      vertex 42 13.9306 0.796037
      vertex 42 7 -1.5
      vertex 42 14.2089 0.705594
    endloop
  endfacet
  facet normal 1 0 0
    outer loop
      vertex 42 13.6771 0.942376
      vertex 42 7 -1.5
      vertex 42 13.9306 0.796037
    endloop
  endfacet
  facet normal 1 0 0
    outer loop
      vertex 42 13.4596 1.13822
      vertex 42 7 -1.5
      vertex 42 13.6771 0.942376
    endloop
  endfacet
  facet normal -0 0 1
    outer loop
      vertex 39 22 5.65
      vertex 42 7 5.65
      vertex 42 22 5.65
    endloop
  endfacet
  facet normal 0 0 1
    outer loop
      vertex 42 7 5.65
      vertex 39 22 5.65
      vertex 39 7 5.65
    endloop
  endfacet
  facet normal 0 0 -1
    outer loop
      vertex 39 7 -1.5
      vertex 42 22 -1.5
      vertex 42 7 -1.5
    endloop
  endfacet
  facet normal -0 0 -1
    outer loop
      vertex 42 22 -1.5
      vertex 39 7 -1.5
      vertex 39 22 -1.5
    endloop
  endfacet
  facet normal 0 1 0
    outer loop
      vertex 42 22 5.65
      vertex 39 22 -1.5
      vertex 39 22 5.65
    endloop
  endfacet
  facet normal 0 1 -0
    outer loop
      vertex 42 22 -1.5
      vertex 39 22 -1.5
      vertex 42 22 5.65
    endloop
  endfacet
  facet normal 0 -1 0
    outer loop
      vertex 39 7 -1.5
      vertex 42 7 5.65
      vertex 39 7 5.65
    endloop
  endfacet
  facet normal 0 -1 0
    outer loop
      vertex 39 7 -1.5
      vertex 42 7 -1.5
      vertex 42 7 5.65
    endloop
  endfacet
  facet normal 0 -0.309072 0.951039
    outer loop
      vertex 39.75 15.0694 0.796037
      vertex 42 14.7911 0.705594
      vertex 42 15.0694 0.796037
    endloop
  endfacet
  facet normal 0 -0.309072 0.951039
    outer loop
      vertex 42 14.7911 0.705594
      vertex 39.75 15.0694 0.796037
      vertex 39.75 14.7911 0.705594
    endloop
  endfacet
  facet normal 0 -0.499951 0.866054
    outer loop
      vertex 39.75 15.3229 0.942376
      vertex 42 15.0694 0.796037
      vertex 42 15.3229 0.942376
    endloop
  endfacet
  facet normal 0 -0.499951 0.866054
    outer loop
      vertex 42 15.0694 0.796037
      vertex 39.75 15.3229 0.942376
      vertex 39.75 15.0694 0.796037
    endloop
  endfacet
  facet normal -0 0.309072 0.951039
    outer loop
      vertex 39.75 14.2089 0.705594
      vertex 42 13.9306 0.796037
      vertex 42 14.2089 0.705594
    endloop
  endfacet
  facet normal 0 0.309072 0.951039
    outer loop
      vertex 42 13.9306 0.796037
      vertex 39.75 14.2089 0.705594
      vertex 39.75 13.9306 0.796037
    endloop
  endfacet
  facet normal -0 0.104522 0.994523
    outer loop
      vertex 39.75 14.5 0.675
      vertex 42 14.2089 0.705594
      vertex 42 14.5 0.675
    endloop
  endfacet
  facet normal 0 0.104522 0.994523
    outer loop
      vertex 42 14.2089 0.705594
      vertex 39.75 14.5 0.675
      vertex 39.75 14.2089 0.705594
    endloop
  endfacet
  facet normal 0 -0.669142 0.743134
    outer loop
      vertex 39.75 15.5404 1.13822
      vertex 42 15.3229 0.942376
      vertex 42 15.5404 1.13822
    endloop
  endfacet
  facet normal 0 -0.669142 0.743134
    outer loop
      vertex 42 15.3229 0.942376
      vertex 39.75 15.5404 1.13822
      vertex 39.75 15.3229 0.942376
    endloop
  endfacet
  facet normal 0 -0.104522 0.994523
    outer loop
      vertex 39.75 14.7911 0.705594
      vertex 42 14.5 0.675
      vertex 42 14.7911 0.705594
    endloop
  endfacet
  facet normal 0 -0.104522 0.994523
    outer loop
      vertex 42 14.5 0.675
      vertex 39.75 14.7911 0.705594
      vertex 39.75 14.5 0.675
    endloop
  endfacet
  facet normal 0 -0.669135 -0.743141
    outer loop
      vertex 39 15.3229 3.20762
      vertex 42 15.5404 3.01178
      vertex 42 15.3229 3.20762
    endloop
  endfacet
  facet normal -0 -0.669135 -0.743141
    outer loop
      vertex 42 15.5404 3.01178
      vertex 39 15.3229 3.20762
      vertex 39 15.5404 3.01178
    endloop
  endfacet
  facet normal 0 -0.309018 -0.951056
    outer loop
      vertex 39.75 15.0138 3.37205
      vertex 42 14.7911 3.44441
      vertex 39.75 14.7911 3.44441
    endloop
  endfacet
  facet normal -8.2425e-06 -0.309094 -0.951032
    outer loop
      vertex 42 14.7911 3.44441
      vertex 39.75 15.0138 3.37205
      vertex 42 15.0694 3.35396
    endloop
  endfacet
  facet normal 0 -0.309395 -0.950933
    outer loop
      vertex 39 15.0694 3.35396
      vertex 39.75 15.0138 3.37205
      vertex 39 15.0138 3.37205
    endloop
  endfacet
  facet normal 0 -0.309395 -0.950933
    outer loop
      vertex 39.75 15.0138 3.37205
      vertex 39 15.0694 3.35396
      vertex 42 15.0694 3.35396
    endloop
  endfacet
  facet normal 0 0.809067 0.587717
    outer loop
      vertex 42 13.4596 1.13822
      vertex 39.75 13.2876 1.375
      vertex 42 13.2876 1.375
    endloop
  endfacet
  facet normal 0 0.809067 0.587717
    outer loop
      vertex 39.75 13.2876 1.375
      vertex 42 13.4596 1.13822
      vertex 39.75 13.4596 1.13822
    endloop
  endfacet
  facet normal 0 -0.809067 -0.587717
    outer loop
      vertex 39 15.7124 2.775
      vertex 42 15.5404 3.01178
      vertex 39 15.5404 3.01178
    endloop
  endfacet
  facet normal 0 -0.809067 -0.587717
    outer loop
      vertex 42 15.5404 3.01178
      vertex 39 15.7124 2.775
      vertex 42 15.7124 2.775
    endloop
  endfacet
  facet normal 0 -0.978183 0.207746
    outer loop
      vertex 39.75 15.8315 1.64238
      vertex 42 15.8923 1.92866
      vertex 39.75 15.8923 1.92866
    endloop
  endfacet
  facet normal 0 -0.978183 0.207746
    outer loop
      vertex 42 15.8923 1.92866
      vertex 39.75 15.8315 1.64238
      vertex 42 15.8315 1.64238
    endloop
  endfacet
  facet normal 0 -0.499953 -0.866052
    outer loop
      vertex 39 15.0694 3.35396
      vertex 42 15.3229 3.20762
      vertex 42 15.0694 3.35396
    endloop
  endfacet
  facet normal -0 -0.499953 -0.866052
    outer loop
      vertex 42 15.3229 3.20762
      vertex 39 15.0694 3.35396
      vertex 39 15.3229 3.20762
    endloop
  endfacet
  facet normal -0 0.499951 0.866054
    outer loop
      vertex 39.75 13.9306 0.796037
      vertex 42 13.6771 0.942376
      vertex 42 13.9306 0.796037
    endloop
  endfacet
  facet normal 0 0.499951 0.866054
    outer loop
      vertex 42 13.6771 0.942376
      vertex 39.75 13.9306 0.796037
      vertex 39.75 13.6771 0.942376
    endloop
  endfacet
  facet normal 0 -1 0
    outer loop
      vertex 29.75 15.8923 1.92866
      vertex 39 15.8923 2.22134
      vertex 29.75 15.8923 2.22134
    endloop
  endfacet
  facet normal 0 -1 0
    outer loop
      vertex 39.75 15.8923 1.92866
      vertex 39 15.8923 2.22134
      vertex 29.75 15.8923 1.92866
    endloop
  endfacet
  facet normal 0 -1 0
    outer loop
      vertex 39 15.8923 2.22134
      vertex 39.75 15.8923 1.92866
      vertex 42 15.8923 2.22134
    endloop
  endfacet
  facet normal 0 -1 -0
    outer loop
      vertex 42 15.8923 2.22134
      vertex 39.75 15.8923 1.92866
      vertex 42 15.8923 1.92866
    endloop
  endfacet
  facet normal -0 -0.913614 -0.406582
    outer loop
      vertex 39.75 15.7362 2.72152
      vertex 39 15.7124 2.775
      vertex 39 15.7362 2.72152
    endloop
  endfacet
  facet normal 0 -0.913614 -0.406582
    outer loop
      vertex 39 15.7124 2.775
      vertex 39.75 15.7362 2.72152
      vertex 42 15.7124 2.775
    endloop
  endfacet
  facet normal -0 -0.913441 -0.40697
    outer loop
      vertex 42 15.8315 2.50762
      vertex 39.75 15.7362 2.72152
      vertex 39.75 15.8315 2.50762
    endloop
  endfacet
  facet normal 8.84315e-06 -0.913476 -0.406893
    outer loop
      vertex 39.75 15.7362 2.72152
      vertex 42 15.8315 2.50762
      vertex 42 15.7124 2.775
    endloop
  endfacet
  facet normal 0 0.978183 -0.207746
    outer loop
      vertex 42 13.1077 2.22134
      vertex 39.75 13.1685 2.50762
      vertex 42 13.1685 2.50762
    endloop
  endfacet
  facet normal 0 0.978183 -0.207746
    outer loop
      vertex 39.75 13.1685 2.50762
      vertex 42 13.1077 2.22134
      vertex 39.75 13.1077 2.22134
    endloop
  endfacet
  facet normal 0 1 -0
    outer loop
      vertex 42 13.1077 1.92866
      vertex 39.75 13.1077 2.22134
      vertex 42 13.1077 2.22134
    endloop
  endfacet
  facet normal 0 1 0
    outer loop
      vertex 39.75 13.1077 2.22134
      vertex 42 13.1077 1.92866
      vertex 39.75 13.1077 1.92866
    endloop
  endfacet
  facet normal 0 0.913476 -0.406893
    outer loop
      vertex 42 13.1685 2.50762
      vertex 39.75 13.2876 2.775
      vertex 42 13.2876 2.775
    endloop
  endfacet
  facet normal 0 0.913476 -0.406893
    outer loop
      vertex 39.75 13.2876 2.775
      vertex 42 13.1685 2.50762
      vertex 39.75 13.1685 2.50762
    endloop
  endfacet
  facet normal 0 -0.978394 -0.206751
    outer loop
      vertex 39 15.8802 2.2786
      vertex 39 15.8923 2.22134
      vertex 39.75 15.8802 2.2786
    endloop
  endfacet
  facet normal 0 -0.97813 -0.207995
    outer loop
      vertex 39.75 15.8802 2.2786
      vertex 42 15.8315 2.50762
      vertex 39.75 15.8315 2.50762
    endloop
  endfacet
  facet normal -2.64542e-05 -0.978183 -0.207746
    outer loop
      vertex 39.75 15.8802 2.2786
      vertex 42 15.8923 2.22134
      vertex 42 15.8315 2.50762
    endloop
  endfacet
  facet normal -0 -0.978394 -0.206751
    outer loop
      vertex 42 15.8923 2.22134
      vertex 39.75 15.8802 2.2786
      vertex 39 15.8923 2.22134
    endloop
  endfacet
  facet normal 0 0.978183 0.207746
    outer loop
      vertex 42 13.1685 1.64238
      vertex 39.75 13.1077 1.92866
      vertex 42 13.1077 1.92866
    endloop
  endfacet
  facet normal 0 0.978183 0.207746
    outer loop
      vertex 39.75 13.1077 1.92866
      vertex 42 13.1685 1.64238
      vertex 39.75 13.1685 1.64238
    endloop
  endfacet
  facet normal -0 0.669142 0.743134
    outer loop
      vertex 39.75 13.6771 0.942376
      vertex 42 13.4596 1.13822
      vertex 42 13.6771 0.942376
    endloop
  endfacet
  facet normal 0 0.669142 0.743134
    outer loop
      vertex 42 13.4596 1.13822
      vertex 39.75 13.6771 0.942376
      vertex 39.75 13.4596 1.13822
    endloop
  endfacet
  facet normal 0 -0.913476 0.406893
    outer loop
      vertex 39.75 15.7124 1.375
      vertex 42 15.8315 1.64238
      vertex 39.75 15.8315 1.64238
    endloop
  endfacet
  facet normal 0 -0.913476 0.406893
    outer loop
      vertex 42 15.8315 1.64238
      vertex 39.75 15.7124 1.375
      vertex 42 15.7124 1.375
    endloop
  endfacet
  facet normal 0 0.913476 0.406893
    outer loop
      vertex 42 13.2876 1.375
      vertex 39.75 13.1685 1.64238
      vertex 42 13.1685 1.64238
    endloop
  endfacet
  facet normal 0 0.913476 0.406893
    outer loop
      vertex 39.75 13.1685 1.64238
      vertex 42 13.2876 1.375
      vertex 39.75 13.2876 1.375
    endloop
  endfacet
  facet normal 0 0.309094 -0.951032
    outer loop
      vertex 39.75 13.9306 3.35396
      vertex 42 14.2089 3.44441
      vertex 42 13.9306 3.35396
    endloop
  endfacet
  facet normal 0 0.309094 -0.951032
    outer loop
      vertex 42 14.2089 3.44441
      vertex 39.75 13.9306 3.35396
      vertex 39.75 14.2089 3.44441
    endloop
  endfacet
  facet normal 0 0.809067 -0.587717
    outer loop
      vertex 42 13.2876 2.775
      vertex 39.75 13.4596 3.01178
      vertex 42 13.4596 3.01178
    endloop
  endfacet
  facet normal 0 0.809067 -0.587717
    outer loop
      vertex 39.75 13.4596 3.01178
      vertex 42 13.2876 2.775
      vertex 39.75 13.2876 2.775
    endloop
  endfacet
  facet normal 0 -0.809067 0.587717
    outer loop
      vertex 39.75 15.5404 1.13822
      vertex 42 15.7124 1.375
      vertex 39.75 15.7124 1.375
    endloop
  endfacet
  facet normal 0 -0.809067 0.587717
    outer loop
      vertex 42 15.7124 1.375
      vertex 39.75 15.5404 1.13822
      vertex 42 15.5404 1.13822
    endloop
  endfacet
  facet normal 1.81299e-06 -0.104509 -0.994524
    outer loop
      vertex 42 14.5 3.475
      vertex 39.75 14.5582 3.46888
      vertex 42 14.7911 3.44441
    endloop
  endfacet
  facet normal 0 -0.104578 -0.994517
    outer loop
      vertex 39 14.5 3.475
      vertex 39.75 14.5582 3.46888
      vertex 42 14.5 3.475
    endloop
  endfacet
  facet normal -0 -0.104578 -0.994517
    outer loop
      vertex 39.75 14.5582 3.46888
      vertex 39 14.5 3.475
      vertex 39 14.5582 3.46888
    endloop
  endfacet
  facet normal -0 -0.104491 -0.994526
    outer loop
      vertex 42 14.7911 3.44441
      vertex 39.75 14.5582 3.46888
      vertex 39.75 14.7911 3.44441
    endloop
  endfacet
  facet normal 0 0.499953 -0.866052
    outer loop
      vertex 39.75 13.6771 3.20762
      vertex 42 13.9306 3.35396
      vertex 42 13.6771 3.20762
    endloop
  endfacet
  facet normal 0 0.499953 -0.866052
    outer loop
      vertex 42 13.9306 3.35396
      vertex 39.75 13.6771 3.20762
      vertex 39.75 13.9306 3.35396
    endloop
  endfacet
  facet normal 0 0.1045 -0.994525
    outer loop
      vertex 39.75 14.4473 3.46946
      vertex 42 14.2089 3.44441
      vertex 39.75 14.2089 3.44441
    endloop
  endfacet
  facet normal 9.12568e-07 0.104509 -0.994524
    outer loop
      vertex 42 14.2089 3.44441
      vertex 39.75 14.4473 3.46946
      vertex 42 14.5 3.475
    endloop
  endfacet
  facet normal 0 0.104547 -0.99452
    outer loop
      vertex 39 14.5 3.475
      vertex 39.75 14.4473 3.46946
      vertex 39 14.4473 3.46946
    endloop
  endfacet
  facet normal 0 0.104547 -0.99452
    outer loop
      vertex 39.75 14.4473 3.46946
      vertex 39 14.5 3.475
      vertex 42 14.5 3.475
    endloop
  endfacet
  facet normal 0 0.669135 -0.743141
    outer loop
      vertex 39.75 13.4596 3.01178
      vertex 42 13.6771 3.20762
      vertex 42 13.4596 3.01178
    endloop
  endfacet
  facet normal 0 0.669135 -0.743141
    outer loop
      vertex 42 13.6771 3.20762
      vertex 39.75 13.4596 3.01178
      vertex 39.75 13.6771 3.20762
    endloop
  endfacet
  facet normal 0.490609 -0.813083 0.313367
    outer loop
      vertex 30.05 0 1.5005
      vertex 27.6974 0.699998 7
      vertex 26.5373 1.48946e-07 7
    endloop
  endfacet
  facet normal 0.490629 -0.813068 0.313374
    outer loop
      vertex 27.6974 0.699998 7
      vertex 30.05 0 1.5005
      vertex 39 7 5.65
    endloop
  endfacet
  facet normal 2.67754e-05 8.03318e-05 -1
    outer loop
      vertex 25.3798 21.1435 -1.50048
      vertex 28.288 19.9252 -1.5005
      vertex 25.4069 20.8855 -1.5005
    endloop
  endfacet
  facet normal 3.19467e-05 9.26762e-05 -1
    outer loop
      vertex 25.0245 22.2371 -1.50039
      vertex 28.288 19.9252 -1.5005
      vertex 25.3798 21.1435 -1.50048
    endloop
  endfacet
  facet normal 2.72377e-05 8.60289e-05 -1
    outer loop
      vertex 24.4496 23.2328 -1.50032
      vertex 28.288 19.9252 -1.5005
      vertex 25.0245 22.2371 -1.50039
    endloop
  endfacet
  facet normal 2.95043e-05 8.86592e-05 -1
    outer loop
      vertex 28.288 19.9252 -1.5005
      vertex 24.4496 23.2328 -1.50032
      vertex 39 22 -1.5
    endloop
  endfacet
  facet normal 2.9176e-05 8.47841e-05 -1
    outer loop
      vertex 23.6802 24.0873 -1.50027
      vertex 39 22 -1.5
      vertex 24.4496 23.2328 -1.50032
    endloop
  endfacet
  facet normal 3.16183e-05 0.00010271 -1
    outer loop
      vertex 22.75 24.7631 -1.50023
      vertex 39 22 -1.5
      vertex 23.6802 24.0873 -1.50027
    endloop
  endfacet
  facet normal 2.87801e-05 8.60179e-05 -1
    outer loop
      vertex 21.6996 25.2308 -1.50022
      vertex 39 22 -1.5
      vertex 22.75 24.7631 -1.50023
    endloop
  endfacet
  facet normal -2.38921e-05 -0.000196033 -1
    outer loop
      vertex 20.5749 25.4699 -1.50024
      vertex 39 22 -1.5
      vertex 21.6996 25.2308 -1.50022
    endloop
  endfacet
  facet normal 3.51342e-05 0.000117395 -1
    outer loop
      vertex 20.5749 25.4699 -1.50024
      vertex -1.71201 29.9252 -1.5005
      vertex 39 22 -1.5
    endloop
  endfacet
  facet normal 2.60915e-05 7.2161e-05 -1
    outer loop
      vertex 19.4251 25.4699 -1.50027
      vertex -1.71201 29.9252 -1.5005
      vertex 20.5749 25.4699 -1.50024
    endloop
  endfacet
  facet normal 2.75971e-05 7.93039e-05 -1
    outer loop
      vertex 18.3004 25.2308 -1.50032
      vertex -1.71201 29.9252 -1.5005
      vertex 19.4251 25.4699 -1.50027
    endloop
  endfacet
  facet normal 3.21702e-05 9.87993e-05 -1
    outer loop
      vertex 17.25 24.7631 -1.5004
      vertex -1.71201 29.9252 -1.5005
      vertex 18.3004 25.2308 -1.50032
    endloop
  endfacet
  facet normal 2.72786e-05 8.08308e-05 -1
    outer loop
      vertex 16.3198 24.0873 -1.50048
      vertex -1.71201 29.9252 -1.5005
      vertex 17.25 24.7631 -1.5004
    endloop
  endfacet
  facet normal 3.86099e-05 0.00011583 -1
    outer loop
      vertex -1.71201 29.9252 -1.5005
      vertex 16.3198 24.0873 -1.50048
      vertex 16.2002 23.9545 -1.5005
    endloop
  endfacet
  facet normal 5.58659e-05 0 -1
    outer loop
      vertex 30.05 17.5 -1.5005
      vertex 39 7 -1.5
      vertex 30.05 0 -1.5005
    endloop
  endfacet
  facet normal 5.58659e-05 0 -1
    outer loop
      vertex 39 7 -1.5
      vertex 30.05 17.5 -1.5005
      vertex 39 22 -1.5
    endloop
  endfacet
  facet normal -1 0 0
    outer loop
      vertex -30.05 -14.3786 -1.5005
      vertex -30.05 17.5 1.5005
      vertex -30.05 17.5 -1.5005
    endloop
  endfacet
  facet normal -1 -0 0
    outer loop
      vertex -30.05 17.5 1.5005
      vertex -30.05 -14.3786 -1.5005
      vertex -30.05 -14.3786 1.5005
    endloop
  endfacet
  facet normal 0.108252 0.0351739 0.993501
    outer loop
      vertex 39 22 5.65
      vertex 27.5074 19.2385 7
      vertex 27.6401 18.8301 7
    endloop
  endfacet
  facet normal 0.000146416 0.000689053 -1
    outer loop
      vertex -1.71201 29.9252 -1.5005
      vertex -2.23345 30.036 -1.5005
      vertex 39 22 -1.5
    endloop
  endfacet
  facet normal 0.0873694 0.14216 0.98598
    outer loop
      vertex 39 22 5.65
      vertex 26.5952 20.2606 7
      vertex 26.6144 20.2488 7
    endloop
  endfacet
  facet normal 4.47656e-05 2.58394e-05 -1
    outer loop
      vertex 29.8295 18.5372 -1.5005
      vertex 29.563 18.9989 -1.5005
      vertex 39 22 -1.5
    endloop
  endfacet
  facet normal -0.406695 0.913564 0
    outer loop
      vertex -18.288 29.9252 -1.5005
      vertex -18.775 29.7084 1.5005
      vertex -18.288 29.9252 1.5005
    endloop
  endfacet
  facet normal -0.406695 0.913564 0
    outer loop
      vertex -18.775 29.7084 1.5005
      vertex -18.288 29.9252 -1.5005
      vertex -18.775 29.7084 -1.5005
    endloop
  endfacet
  facet normal 0.616071 -0.787691 0
    outer loop
      vertex 30.05 0 1.5005
      vertex 39 7 -1.5
      vertex 39 7 5.65
    endloop
  endfacet
  facet normal 0.616071 -0.787691 0
    outer loop
      vertex 39 7 -1.5
      vertex 30.05 0 1.5005
      vertex 30.05 0 -1.5005
    endloop
  endfacet
  facet normal 0.114742 0.0120569 0.993322
    outer loop
      vertex 39 22 5.65
      vertex 27.6525 18.769 7
      vertex 27.6974 18.3417 7
    endloop
  endfacet
  facet normal 5.30631e-05 5.57453e-06 -1
    outer loop
      vertex 30.05 17.5 -1.5005
      vertex 29.9943 18.0302 -1.5005
      vertex 39 22 -1.5
    endloop
  endfacet
  facet normal -0.743098 0.669182 0
    outer loop
      vertex -29.563 18.9989 -1.5005
      vertex -29.2063 19.395 1.5005
      vertex -29.2063 19.395 -1.5005
    endloop
  endfacet
  facet normal -0.743098 0.669182 0
    outer loop
      vertex -29.2063 19.395 1.5005
      vertex -29.563 18.9989 -1.5005
      vertex -29.563 18.9989 1.5005
    endloop
  endfacet
  facet normal -0.866076 0.499912 0
    outer loop
      vertex -29.8295 18.5372 -1.5005
      vertex -29.563 18.9989 1.5005
      vertex -29.563 18.9989 -1.5005
    endloop
  endfacet
  facet normal -0.866076 0.499912 0
    outer loop
      vertex -29.563 18.9989 1.5005
      vertex -29.8295 18.5372 -1.5005
      vertex -29.8295 18.5372 1.5005
    endloop
  endfacet
  facet normal 4.11876e-05 3.70907e-05 -1
    outer loop
      vertex 29.563 18.9989 -1.5005
      vertex 29.2063 19.395 -1.5005
      vertex 39 22 -1.5
    endloop
  endfacet
  facet normal -0.707107 0.707107 0
    outer loop
      vertex -29.2063 19.395 -1.5005
      vertex -19.2063 29.395 1.5005
      vertex -19.2063 29.395 -1.5005
    endloop
  endfacet
  facet normal -0.707107 0.707107 0
    outer loop
      vertex -19.2063 29.395 1.5005
      vertex -29.2063 19.395 -1.5005
      vertex -29.2063 19.395 1.5005
    endloop
  endfacet
  facet normal 4.85622e-05 1.57851e-05 -1
    outer loop
      vertex 29.9943 18.0302 -1.5005
      vertex 29.8295 18.5372 -1.5005
      vertex 39 22 -1.5
    endloop
  endfacet
  facet normal 0.0967093 0.0870657 0.991497
    outer loop
      vertex 39 22 5.65
      vertex 26.9788 19.979 7
      vertex 27.2659 19.6601 7
    endloop
  endfacet
  facet normal 0.118599 0 0.992942
    outer loop
      vertex 27.6974 18.3417 7
      vertex 39 7 5.65
      vertex 39 22 5.65
    endloop
  endfacet
  facet normal 0.118599 0 0.992942
    outer loop
      vertex 39 7 5.65
      vertex 27.6974 18.3417 7
      vertex 27.6974 0.699998 7
    endloop
  endfacet
  facet normal -0 0 -1
    outer loop
      vertex -24.4017 -20.9356 -1.5005
      vertex -24.9 -21.0545 -1.5005
      vertex -24.5 -20 -1.5005
    endloop
  endfacet
  facet normal 0 0 -1
    outer loop
      vertex -24.9 -21.0545 -1.5005
      vertex -24.4017 -20.9356 -1.5005
      vertex -24.2978 -21.2553 -1.5005
    endloop
  endfacet
  facet normal 0 0 -1
    outer loop
      vertex -2.55 -20 -1.5005
      vertex -17.6705 -8.96282 -1.5005
      vertex -8.725 17.7916 -1.5005
    endloop
  endfacet
  facet normal 0 0 -1
    outer loop
      vertex -8.725 17.7916 -1.5005
      vertex -17.5057 9.46982 -1.5005
      vertex -17.45 10 -1.5005
    endloop
  endfacet
  facet normal 0 0 -1
    outer loop
      vertex -17.6705 8.96282 -1.5005
      vertex -8.725 17.7916 -1.5005
      vertex -17.6705 -8.96282 -1.5005
    endloop
  endfacet
  facet normal 0 0 -1
    outer loop
      vertex -8.725 17.7916 -1.5005
      vertex -17.6705 8.96282 -1.5005
      vertex -17.5057 9.46982 -1.5005
    endloop
  endfacet
  facet normal 0 0 -1
    outer loop
      vertex -17.937 -8.50115 -1.5005
      vertex -17.6705 8.96282 -1.5005
      vertex -17.6705 -8.96282 -1.5005
    endloop
  endfacet
  facet normal 0 0 -1
    outer loop
      vertex -17.937 -8.50115 -1.5005
      vertex -17.937 8.50115 -1.5005
      vertex -17.6705 8.96282 -1.5005
    endloop
  endfacet
  facet normal 0 0 -1
    outer loop
      vertex -18.2937 -8.10498 -1.5005
      vertex -17.937 8.50115 -1.5005
      vertex -17.937 -8.50115 -1.5005
    endloop
  endfacet
  facet normal 0 0 -1
    outer loop
      vertex -18.2937 -8.10498 -1.5005
      vertex -18.2937 8.10498 -1.5005
      vertex -17.937 8.50115 -1.5005
    endloop
  endfacet
  facet normal 0 0 -1
    outer loop
      vertex -18.725 -7.79163 -1.5005
      vertex -18.2937 8.10498 -1.5005
      vertex -18.2937 -8.10498 -1.5005
    endloop
  endfacet
  facet normal 0 0 -1
    outer loop
      vertex -18.725 -7.79163 -1.5005
      vertex -18.725 7.79163 -1.5005
      vertex -18.2937 8.10498 -1.5005
    endloop
  endfacet
  facet normal 0 0 -1
    outer loop
      vertex -19.212 -7.57481 -1.5005
      vertex -18.725 7.79163 -1.5005
      vertex -18.725 -7.79163 -1.5005
    endloop
  endfacet
  facet normal 0 0 -1
    outer loop
      vertex -19.212 -7.57481 -1.5005
      vertex -19.212 7.57481 -1.5005
      vertex -18.725 7.79163 -1.5005
    endloop
  endfacet
  facet normal 0 0 -1
    outer loop
      vertex -19.7335 -7.46397 -1.5005
      vertex -19.212 7.57481 -1.5005
      vertex -19.212 -7.57481 -1.5005
    endloop
  endfacet
  facet normal 0 0 -1
    outer loop
      vertex -19.7335 -7.46397 -1.5005
      vertex -19.7335 7.46397 -1.5005
      vertex -19.212 7.57481 -1.5005
    endloop
  endfacet
  facet normal 0 0 -1
    outer loop
      vertex -20.2665 -7.46397 -1.5005
      vertex -19.7335 7.46397 -1.5005
      vertex -19.7335 -7.46397 -1.5005
    endloop
  endfacet
  facet normal 0 0 -1
    outer loop
      vertex -20.2665 -7.46397 -1.5005
      vertex -20.2665 7.46397 -1.5005
      vertex -19.7335 7.46397 -1.5005
    endloop
  endfacet
  facet normal 0 0 -1
    outer loop
      vertex -20.788 -7.57481 -1.5005
      vertex -20.2665 7.46397 -1.5005
      vertex -20.2665 -7.46397 -1.5005
    endloop
  endfacet
  facet normal 0 0 -1
    outer loop
      vertex -20.788 -7.57481 -1.5005
      vertex -20.788 7.57481 -1.5005
      vertex -20.2665 7.46397 -1.5005
    endloop
  endfacet
  facet normal 0 0 -1
    outer loop
      vertex -21.275 -7.79163 -1.5005
      vertex -20.788 7.57481 -1.5005
      vertex -20.788 -7.57481 -1.5005
    endloop
  endfacet
  facet normal 0 0 -1
    outer loop
      vertex -21.275 -7.79163 -1.5005
      vertex -21.275 7.79163 -1.5005
      vertex -20.788 7.57481 -1.5005
    endloop
  endfacet
  facet normal 0 0 -1
    outer loop
      vertex -21.7063 -8.10498 -1.5005
      vertex -21.275 7.79163 -1.5005
      vertex -21.275 -7.79163 -1.5005
    endloop
  endfacet
  facet normal 0 0 -1
    outer loop
      vertex -21.7063 -8.10498 -1.5005
      vertex -21.7063 8.10498 -1.5005
      vertex -21.275 7.79163 -1.5005
    endloop
  endfacet
  facet normal 0 0 -1
    outer loop
      vertex -22.063 -8.50115 -1.5005
      vertex -21.7063 8.10498 -1.5005
      vertex -21.7063 -8.10498 -1.5005
    endloop
  endfacet
  facet normal 0 0 -1
    outer loop
      vertex -22.063 -8.50115 -1.5005
      vertex -22.063 8.50115 -1.5005
      vertex -21.7063 8.10498 -1.5005
    endloop
  endfacet
  facet normal 0 0 -1
    outer loop
      vertex -28.958 -13.7517 -1.5005
      vertex -22.063 -8.50115 -1.5005
      vertex -22.3295 -8.96282 -1.5005
    endloop
  endfacet
  facet normal -0 0 -1
    outer loop
      vertex -22.063 -8.50115 -1.5005
      vertex -28.958 -13.7517 -1.5005
      vertex -22.063 8.50115 -1.5005
    endloop
  endfacet
  facet normal 0 0 -1
    outer loop
      vertex -28.324 -13.617 -1.5005
      vertex -22.3295 -8.96282 -1.5005
      vertex -22.4943 -9.46982 -1.5005
    endloop
  endfacet
  facet normal 0 0 -1
    outer loop
      vertex -29.55 -14.0153 -1.5005
      vertex -22.063 8.50115 -1.5005
      vertex -28.958 -13.7517 -1.5005
    endloop
  endfacet
  facet normal 0 0 -1
    outer loop
      vertex -27.676 -13.617 -1.5005
      vertex -22.4943 -9.46982 -1.5005
      vertex -22.55 -10 -1.5005
    endloop
  endfacet
  facet normal -0 0 -1
    outer loop
      vertex -22.063 8.50115 -1.5005
      vertex -29.55 -14.0153 -1.5005
      vertex -22.3295 8.96282 -1.5005
    endloop
  endfacet
  facet normal 0 0 -1
    outer loop
      vertex -11.7063 18.105 -1.5005
      vertex -15.5504 16.7672 -1.5005
      vertex -14.9755 17.7629 -1.5005
    endloop
  endfacet
  facet normal 0 0 -1
    outer loop
      vertex -9.21201 17.5748 -1.5005
      vertex -17.45 10 -1.5005
      vertex -9.73345 17.464 -1.5005
    endloop
  endfacet
  facet normal 0 0 -1
    outer loop
      vertex -17.45 -10 -1.5005
      vertex -15.5983 -19.0644 -1.5005
      vertex -15.889 -18.1697 -1.5005
    endloop
  endfacet
  facet normal -0 0 -1
    outer loop
      vertex -9.73345 17.464 -1.5005
      vertex -17.45 10 -1.5005
      vertex -10.2665 17.464 -1.5005
    endloop
  endfacet
  facet normal 0 0 -1
    outer loop
      vertex -17.5057 -10.5302 -1.5005
      vertex -15.889 -18.1697 -1.5005
      vertex -16.3594 -17.355 -1.5005
    endloop
  endfacet
  facet normal 0 0 -1
    outer loop
      vertex -17.6705 -11.0372 -1.5005
      vertex -16.3594 -17.355 -1.5005
      vertex -16.9889 -16.6558 -1.5005
    endloop
  endfacet
  facet normal 0 0 -1
    outer loop
      vertex -17.5057 10.5302 -1.5005
      vertex -10.2665 17.464 -1.5005
      vertex -17.45 10 -1.5005
    endloop
  endfacet
  facet normal 0 -0 -1
    outer loop
      vertex -16.3198 15.9127 -1.5005
      vertex -10.2665 17.464 -1.5005
      vertex -17.5057 10.5302 -1.5005
    endloop
  endfacet
  facet normal 0 0 -1
    outer loop
      vertex -15.889 -18.1697 -1.5005
      vertex -17.5057 -10.5302 -1.5005
      vertex -17.45 -10 -1.5005
    endloop
  endfacet
  facet normal 0 0 -1
    outer loop
      vertex -16.3594 -17.355 -1.5005
      vertex -17.6705 -11.0372 -1.5005
      vertex -17.5057 -10.5302 -1.5005
    endloop
  endfacet
  facet normal 0 0 -1
    outer loop
      vertex -17.937 -11.4989 -1.5005
      vertex -16.9889 -16.6558 -1.5005
      vertex -17.75 -16.1029 -1.5005
    endloop
  endfacet
  facet normal 0 0 -1
    outer loop
      vertex -16.9889 -16.6558 -1.5005
      vertex -17.937 -11.4989 -1.5005
      vertex -17.6705 -11.0372 -1.5005
    endloop
  endfacet
  facet normal 0 0 -1
    outer loop
      vertex -17.75 -16.1029 -1.5005
      vertex -18.2937 -11.895 -1.5005
      vertex -17.937 -11.4989 -1.5005
    endloop
  endfacet
  facet normal 0 0 -1
    outer loop
      vertex -18.725 -12.2084 -1.5005
      vertex -17.75 -16.1029 -1.5005
      vertex -18.6094 -15.7202 -1.5005
    endloop
  endfacet
  facet normal 0 0 -1
    outer loop
      vertex -17.75 -16.1029 -1.5005
      vertex -18.725 -12.2084 -1.5005
      vertex -18.2937 -11.895 -1.5005
    endloop
  endfacet
  facet normal 0 0 -1
    outer loop
      vertex -18.6094 -15.7202 -1.5005
      vertex -19.212 -12.4252 -1.5005
      vertex -18.725 -12.2084 -1.5005
    endloop
  endfacet
  facet normal 0 0 -1
    outer loop
      vertex -19.5296 -15.5247 -1.5005
      vertex -19.212 -12.4252 -1.5005
      vertex -18.6094 -15.7202 -1.5005
    endloop
  endfacet
  facet normal 0 0 -1
    outer loop
      vertex -19.5296 -15.5247 -1.5005
      vertex -19.7335 -12.536 -1.5005
      vertex -19.212 -12.4252 -1.5005
    endloop
  endfacet
  facet normal 0 0 -1
    outer loop
      vertex -19.5296 -15.5247 -1.5005
      vertex -20.2665 -12.536 -1.5005
      vertex -19.7335 -12.536 -1.5005
    endloop
  endfacet
  facet normal 0 0 -1
    outer loop
      vertex -20.4704 -15.5247 -1.5005
      vertex -20.2665 -12.536 -1.5005
      vertex -19.5296 -15.5247 -1.5005
    endloop
  endfacet
  facet normal 0 0 -1
    outer loop
      vertex -20.4704 -15.5247 -1.5005
      vertex -20.788 -12.4252 -1.5005
      vertex -20.2665 -12.536 -1.5005
    endloop
  endfacet
  facet normal 0 0 -1
    outer loop
      vertex -21.3906 -15.7202 -1.5005
      vertex -20.788 -12.4252 -1.5005
      vertex -20.4704 -15.5247 -1.5005
    endloop
  endfacet
  facet normal -0 0 -1
    outer loop
      vertex -20.788 -12.4252 -1.5005
      vertex -21.3906 -15.7202 -1.5005
      vertex -21.275 -12.2084 -1.5005
    endloop
  endfacet
  facet normal 0 0 -1
    outer loop
      vertex -22.25 -16.1029 -1.5005
      vertex -21.275 -12.2084 -1.5005
      vertex -21.3906 -15.7202 -1.5005
    endloop
  endfacet
  facet normal -0 0 -1
    outer loop
      vertex -21.275 -12.2084 -1.5005
      vertex -22.25 -16.1029 -1.5005
      vertex -21.7063 -11.895 -1.5005
    endloop
  endfacet
  facet normal 0 0 -1
    outer loop
      vertex -25.492 -14.8779 -1.5005
      vertex -21.7063 -11.895 -1.5005
      vertex -22.25 -16.1029 -1.5005
    endloop
  endfacet
  facet normal -0 0 -1
    outer loop
      vertex -21.7063 -11.895 -1.5005
      vertex -25.492 -14.8779 -1.5005
      vertex -22.063 -11.4989 -1.5005
    endloop
  endfacet
  facet normal 0 0 -1
    outer loop
      vertex -25.9257 -14.3963 -1.5005
      vertex -22.063 -11.4989 -1.5005
      vertex -25.492 -14.8779 -1.5005
    endloop
  endfacet
  facet normal -0 0 -1
    outer loop
      vertex -22.063 -11.4989 -1.5005
      vertex -25.9257 -14.3963 -1.5005
      vertex -22.3295 -11.0372 -1.5005
    endloop
  endfacet
  facet normal 0 0 -1
    outer loop
      vertex -30.05 17.5 -1.5005
      vertex -22.3295 8.96282 -1.5005
      vertex -29.55 -14.0153 -1.5005
    endloop
  endfacet
  facet normal 0 0 -1
    outer loop
      vertex -25.168 -15.4391 -1.5005
      vertex -22.25 -16.1029 -1.5005
      vertex -23.0111 -16.6558 -1.5005
    endloop
  endfacet
  facet normal 0 0 -1
    outer loop
      vertex -26.45 -14.0153 -1.5005
      vertex -22.3295 -11.0372 -1.5005
      vertex -25.9257 -14.3963 -1.5005
    endloop
  endfacet
  facet normal 0 0 -1
    outer loop
      vertex -24.9 -16.7 -1.5005
      vertex -23.0111 -16.6558 -1.5005
      vertex -23.6406 -17.355 -1.5005
    endloop
  endfacet
  facet normal -0 0 -1
    outer loop
      vertex -22.3295 -11.0372 -1.5005
      vertex -26.45 -14.0153 -1.5005
      vertex -22.4943 -10.5302 -1.5005
    endloop
  endfacet
  facet normal 0 0 -1
    outer loop
      vertex -24.9 -16.7 -1.5005
      vertex -23.6406 -17.355 -1.5005
      vertex -24.111 -18.1697 -1.5005
    endloop
  endfacet
  facet normal 0 0 -1
    outer loop
      vertex -24.9 -16.7 -1.5005
      vertex -24.111 -18.1697 -1.5005
      vertex -24.4017 -19.0644 -1.5005
    endloop
  endfacet
  facet normal 0 0 -1
    outer loop
      vertex -23.0111 -16.6558 -1.5005
      vertex -24.9677 -16.0555 -1.5005
      vertex -25.168 -15.4391 -1.5005
    endloop
  endfacet
  facet normal 0 0 -1
    outer loop
      vertex -24.9 -21.0545 -1.5005
      vertex -24.4017 -19.0644 -1.5005
      vertex -24.5 -20 -1.5005
    endloop
  endfacet
  facet normal -0 0 -1
    outer loop
      vertex -24.4017 -19.0644 -1.5005
      vertex -24.9 -21.0545 -1.5005
      vertex -24.9 -16.7 -1.5005
    endloop
  endfacet
  facet normal -0 0 -1
    outer loop
      vertex -23.0111 -16.6558 -1.5005
      vertex -24.9 -16.7 -1.5005
      vertex -24.9677 -16.0555 -1.5005
    endloop
  endfacet
  facet normal 0 0 -1
    outer loop
      vertex -22.25 -16.1029 -1.5005
      vertex -25.168 -15.4391 -1.5005
      vertex -25.492 -14.8779 -1.5005
    endloop
  endfacet
  facet normal 0 0 -1
    outer loop
      vertex -27.042 -13.7517 -1.5005
      vertex -22.4943 -10.5302 -1.5005
      vertex -26.45 -14.0153 -1.5005
    endloop
  endfacet
  facet normal -0 0 -1
    outer loop
      vertex -22.4943 -10.5302 -1.5005
      vertex -27.042 -13.7517 -1.5005
      vertex -22.55 -10 -1.5005
    endloop
  endfacet
  facet normal 0 0 -1
    outer loop
      vertex -27.676 -13.617 -1.5005
      vertex -22.55 -10 -1.5005
      vertex -27.042 -13.7517 -1.5005
    endloop
  endfacet
  facet normal 0 0 -1
    outer loop
      vertex -22.4943 -9.46982 -1.5005
      vertex -27.676 -13.617 -1.5005
      vertex -28.324 -13.617 -1.5005
    endloop
  endfacet
  facet normal 0 0 -1
    outer loop
      vertex -22.3295 -8.96282 -1.5005
      vertex -28.324 -13.617 -1.5005
      vertex -28.958 -13.7517 -1.5005
    endloop
  endfacet
  facet normal -0 -0 -1
    outer loop
      vertex -23.6802 15.9127 -1.5005
      vertex -22.55 10 -1.5005
      vertex -30.05 17.5 -1.5005
    endloop
  endfacet
  facet normal 0 0 -1
    outer loop
      vertex -10.2665 17.464 -1.5005
      vertex -16.3198 15.9127 -1.5005
      vertex -15.5504 16.7672 -1.5005
    endloop
  endfacet
  facet normal 0 0 -1
    outer loop
      vertex -17.6705 11.0372 -1.5005
      vertex -16.3198 15.9127 -1.5005
      vertex -17.5057 10.5302 -1.5005
    endloop
  endfacet
  facet normal 0 0 -1
    outer loop
      vertex -16.3198 15.9127 -1.5005
      vertex -17.6705 11.0372 -1.5005
      vertex -17.25 15.2369 -1.5005
    endloop
  endfacet
  facet normal 0 0 -1
    outer loop
      vertex -17.937 11.4989 -1.5005
      vertex -17.25 15.2369 -1.5005
      vertex -17.6705 11.0372 -1.5005
    endloop
  endfacet
  facet normal 0 0 -1
    outer loop
      vertex -18.2937 11.895 -1.5005
      vertex -17.25 15.2369 -1.5005
      vertex -17.937 11.4989 -1.5005
    endloop
  endfacet
  facet normal 0 0 -1
    outer loop
      vertex -18.2937 11.895 -1.5005
      vertex -18.3004 14.7692 -1.5005
      vertex -17.25 15.2369 -1.5005
    endloop
  endfacet
  facet normal 0 0 -1
    outer loop
      vertex -18.725 12.2084 -1.5005
      vertex -18.3004 14.7692 -1.5005
      vertex -18.2937 11.895 -1.5005
    endloop
  endfacet
  facet normal 0 0 -1
    outer loop
      vertex -19.212 12.4252 -1.5005
      vertex -18.3004 14.7692 -1.5005
      vertex -18.725 12.2084 -1.5005
    endloop
  endfacet
  facet normal 0 0 -1
    outer loop
      vertex -19.212 12.4252 -1.5005
      vertex -19.4251 14.5301 -1.5005
      vertex -18.3004 14.7692 -1.5005
    endloop
  endfacet
  facet normal 0 0 -1
    outer loop
      vertex -19.7335 12.536 -1.5005
      vertex -19.4251 14.5301 -1.5005
      vertex -19.212 12.4252 -1.5005
    endloop
  endfacet
  facet normal 0 0 -1
    outer loop
      vertex -20.2665 12.536 -1.5005
      vertex -19.4251 14.5301 -1.5005
      vertex -19.7335 12.536 -1.5005
    endloop
  endfacet
  facet normal 0 0 -1
    outer loop
      vertex -20.2665 12.536 -1.5005
      vertex -20.5749 14.5301 -1.5005
      vertex -19.4251 14.5301 -1.5005
    endloop
  endfacet
  facet normal 0 0 -1
    outer loop
      vertex -20.788 12.4252 -1.5005
      vertex -20.5749 14.5301 -1.5005
      vertex -20.2665 12.536 -1.5005
    endloop
  endfacet
  facet normal 0 0 -1
    outer loop
      vertex -21.6996 14.7692 -1.5005
      vertex -20.788 12.4252 -1.5005
      vertex -21.275 12.2084 -1.5005
    endloop
  endfacet
  facet normal 0 0 -1
    outer loop
      vertex -20.788 12.4252 -1.5005
      vertex -21.6996 14.7692 -1.5005
      vertex -20.5749 14.5301 -1.5005
    endloop
  endfacet
  facet normal 0 0 -1
    outer loop
      vertex -21.7063 11.895 -1.5005
      vertex -21.6996 14.7692 -1.5005
      vertex -21.275 12.2084 -1.5005
    endloop
  endfacet
  facet normal 0 0 -1
    outer loop
      vertex -22.75 15.2369 -1.5005
      vertex -21.7063 11.895 -1.5005
      vertex -22.063 11.4989 -1.5005
    endloop
  endfacet
  facet normal 0 0 -1
    outer loop
      vertex -22.75 15.2369 -1.5005
      vertex -22.063 11.4989 -1.5005
      vertex -22.3295 11.0372 -1.5005
    endloop
  endfacet
  facet normal 0 0 -1
    outer loop
      vertex -22.75 15.2369 -1.5005
      vertex -22.3295 11.0372 -1.5005
      vertex -22.4943 10.5302 -1.5005
    endloop
  endfacet
  facet normal 0 0 -1
    outer loop
      vertex -21.7063 11.895 -1.5005
      vertex -22.75 15.2369 -1.5005
      vertex -21.6996 14.7692 -1.5005
    endloop
  endfacet
  facet normal 0 0 -1
    outer loop
      vertex -22.75 15.2369 -1.5005
      vertex -22.4943 10.5302 -1.5005
      vertex -22.55 10 -1.5005
    endloop
  endfacet
  facet normal 0 0 -1
    outer loop
      vertex 28.324 -13.617 -1.5005
      vertex 22.3295 -8.96282 -1.5005
      vertex 30.05 0 -1.5005
    endloop
  endfacet
  facet normal 0 0 -1
    outer loop
      vertex 30.05 0 -1.5005
      vertex 22.4943 9.46982 -1.5005
      vertex 22.55 10 -1.5005
    endloop
  endfacet
  facet normal 0 0 -1
    outer loop
      vertex 22.063 -8.50115 -1.5005
      vertex 30.05 0 -1.5005
      vertex 22.3295 -8.96282 -1.5005
    endloop
  endfacet
  facet normal 0 0 -1
    outer loop
      vertex 30.05 0 -1.5005
      vertex 22.3295 8.96282 -1.5005
      vertex 22.4943 9.46982 -1.5005
    endloop
  endfacet
  facet normal 0 0 -1
    outer loop
      vertex 21.7063 -8.10498 -1.5005
      vertex 30.05 0 -1.5005
      vertex 22.063 -8.50115 -1.5005
    endloop
  endfacet
  facet normal 0 0 -1
    outer loop
      vertex 30.05 0 -1.5005
      vertex 22.063 8.50115 -1.5005
      vertex 22.3295 8.96282 -1.5005
    endloop
  endfacet
  facet normal 0 0 -1
    outer loop
      vertex 21.275 -7.79163 -1.5005
      vertex 30.05 0 -1.5005
      vertex 21.7063 -8.10498 -1.5005
    endloop
  endfacet
  facet normal 0 0 -1
    outer loop
      vertex 30.05 0 -1.5005
      vertex 21.7063 8.10498 -1.5005
      vertex 22.063 8.50115 -1.5005
    endloop
  endfacet
  facet normal 0 0 -1
    outer loop
      vertex 20.788 -7.57481 -1.5005
      vertex 30.05 0 -1.5005
      vertex 21.275 -7.79163 -1.5005
    endloop
  endfacet
  facet normal 0 0 -1
    outer loop
      vertex 30.05 0 -1.5005
      vertex 21.275 7.79163 -1.5005
      vertex 21.7063 8.10498 -1.5005
    endloop
  endfacet
  facet normal 0 0 -1
    outer loop
      vertex 20.788 7.57481 -1.5005
      vertex 30.05 0 -1.5005
      vertex 20.788 -7.57481 -1.5005
    endloop
  endfacet
  facet normal 0 0 -1
    outer loop
      vertex 30.05 0 -1.5005
      vertex 20.788 7.57481 -1.5005
      vertex 21.275 7.79163 -1.5005
    endloop
  endfacet
  facet normal 0 0 -1
    outer loop
      vertex 20.2665 -7.46397 -1.5005
      vertex 20.788 7.57481 -1.5005
      vertex 20.788 -7.57481 -1.5005
    endloop
  endfacet
  facet normal 0 0 -1
    outer loop
      vertex 20.2665 -7.46397 -1.5005
      vertex 20.2665 7.46397 -1.5005
      vertex 20.788 7.57481 -1.5005
    endloop
  endfacet
  facet normal 0 0 -1
    outer loop
      vertex 19.7335 -7.46397 -1.5005
      vertex 20.2665 7.46397 -1.5005
      vertex 20.2665 -7.46397 -1.5005
    endloop
  endfacet
  facet normal 0 0 -1
    outer loop
      vertex 19.7335 -7.46397 -1.5005
      vertex 19.7335 7.46397 -1.5005
      vertex 20.2665 7.46397 -1.5005
    endloop
  endfacet
  facet normal 0 0 -1
    outer loop
      vertex 19.212 -7.57481 -1.5005
      vertex 19.7335 7.46397 -1.5005
      vertex 19.7335 -7.46397 -1.5005
    endloop
  endfacet
  facet normal 0 0 -1
    outer loop
      vertex 19.212 -7.57481 -1.5005
      vertex 19.212 7.57481 -1.5005
      vertex 19.7335 7.46397 -1.5005
    endloop
  endfacet
  facet normal 0 0 -1
    outer loop
      vertex 18.725 -7.79163 -1.5005
      vertex 19.212 7.57481 -1.5005
      vertex 19.212 -7.57481 -1.5005
    endloop
  endfacet
  facet normal 0 0 -1
    outer loop
      vertex 18.725 -7.79163 -1.5005
      vertex 18.725 7.79163 -1.5005
      vertex 19.212 7.57481 -1.5005
    endloop
  endfacet
  facet normal 0 0 -1
    outer loop
      vertex 18.2937 -8.10498 -1.5005
      vertex 18.725 7.79163 -1.5005
      vertex 18.725 -7.79163 -1.5005
    endloop
  endfacet
  facet normal 0 0 -1
    outer loop
      vertex 18.2937 -8.10498 -1.5005
      vertex 18.2937 8.10498 -1.5005
      vertex 18.725 7.79163 -1.5005
    endloop
  endfacet
  facet normal 0 0 -1
    outer loop
      vertex 17.937 -8.50115 -1.5005
      vertex 18.2937 8.10498 -1.5005
      vertex 18.2937 -8.10498 -1.5005
    endloop
  endfacet
  facet normal 0 0 -1
    outer loop
      vertex 17.937 -8.50115 -1.5005
      vertex 17.937 8.50115 -1.5005
      vertex 18.2937 8.10498 -1.5005
    endloop
  endfacet
  facet normal 0 0 -1
    outer loop
      vertex 17.6705 -8.96282 -1.5005
      vertex 17.937 8.50115 -1.5005
      vertex 17.937 -8.50115 -1.5005
    endloop
  endfacet
  facet normal 0 0 -1
    outer loop
      vertex 17.6705 -8.96282 -1.5005
      vertex 17.6705 8.96282 -1.5005
      vertex 17.937 8.50115 -1.5005
    endloop
  endfacet
  facet normal 0 0 -1
    outer loop
      vertex 17.5057 -9.46982 -1.5005
      vertex 17.6705 8.96282 -1.5005
      vertex 17.6705 -8.96282 -1.5005
    endloop
  endfacet
  facet normal 0 0 -1
    outer loop
      vertex 17.5057 -9.46982 -1.5005
      vertex 17.5057 9.46982 -1.5005
      vertex 17.6705 8.96282 -1.5005
    endloop
  endfacet
  facet normal 0 0 -1
    outer loop
      vertex 15.5983 -19.0644 -1.5005
      vertex 17.5057 -9.46982 -1.5005
      vertex 17.45 -10 -1.5005
    endloop
  endfacet
  facet normal 0 0 -1
    outer loop
      vertex 17.5057 -9.46982 -1.5005
      vertex 14.9755 17.7629 -1.5005
      vertex 17.5057 9.46982 -1.5005
    endloop
  endfacet
  facet normal 0 0 -1
    outer loop
      vertex 24.9 -23.3 -1.5005
      vertex 24.5 -20 -1.5005
      vertex 24.9 -16.7 -1.5005
    endloop
  endfacet
  facet normal 0 0 -1
    outer loop
      vertex 23.0111 -23.3442 -1.5005
      vertex 24.9 -23.3 -1.5005
      vertex 24.9382 -23.6631 -1.5005
    endloop
  endfacet
  facet normal 0 0 -1
    outer loop
      vertex 24.9 -23.3 -1.5005
      vertex 24.4017 -20.9356 -1.5005
      vertex 24.5 -20 -1.5005
    endloop
  endfacet
  facet normal 0 0 -1
    outer loop
      vertex 24.9 -23.3 -1.5005
      vertex 24.111 -21.8303 -1.5005
      vertex 24.4017 -20.9356 -1.5005
    endloop
  endfacet
  facet normal 0 0 -1
    outer loop
      vertex 24.9 -23.3 -1.5005
      vertex 23.6406 -22.645 -1.5005
      vertex 24.111 -21.8303 -1.5005
    endloop
  endfacet
  facet normal -0 0 -1
    outer loop
      vertex 24.9 -23.3 -1.5005
      vertex 23.0111 -23.3442 -1.5005
      vertex 23.6406 -22.645 -1.5005
    endloop
  endfacet
  facet normal -0 0 -1
    outer loop
      vertex 24.9382 -23.6631 -1.5005
      vertex 22.25 -23.8971 -1.5005
      vertex 23.0111 -23.3442 -1.5005
    endloop
  endfacet
  facet normal 0 0 -1
    outer loop
      vertex 21.5 -26.5 -1.5005
      vertex 24.9382 -23.6631 -1.5005
      vertex 21.5 -27.1013 -1.5005
    endloop
  endfacet
  facet normal 0 0 -1
    outer loop
      vertex 21.4781 -26.2921 -1.5005
      vertex 24.9382 -23.6631 -1.5005
      vertex 21.5 -26.5 -1.5005
    endloop
  endfacet
  facet normal 0 0 -1
    outer loop
      vertex 24.9382 -23.6631 -1.5005
      vertex 21.4781 -26.2921 -1.5005
      vertex 22.25 -23.8971 -1.5005
    endloop
  endfacet
  facet normal 0 0 -1
    outer loop
      vertex 21.4135 -26.0933 -1.5005
      vertex 22.25 -23.8971 -1.5005
      vertex 21.4781 -26.2921 -1.5005
    endloop
  endfacet
  facet normal 0 0 -1
    outer loop
      vertex 21.309 -25.9122 -1.5005
      vertex 22.25 -23.8971 -1.5005
      vertex 21.4135 -26.0933 -1.5005
    endloop
  endfacet
  facet normal 0 0 -1
    outer loop
      vertex 22.25 -23.8971 -1.5005
      vertex 21.309 -25.9122 -1.5005
      vertex 21.3906 -24.2798 -1.5005
    endloop
  endfacet
  facet normal 0 0 -1
    outer loop
      vertex 21.1691 -25.7569 -1.5005
      vertex 21.3906 -24.2798 -1.5005
      vertex 21.309 -25.9122 -1.5005
    endloop
  endfacet
  facet normal 0 0 -1
    outer loop
      vertex 21 -25.634 -1.5005
      vertex 21.3906 -24.2798 -1.5005
      vertex 21.1691 -25.7569 -1.5005
    endloop
  endfacet
  facet normal 0 0 -1
    outer loop
      vertex 20.809 -25.5489 -1.5005
      vertex 21.3906 -24.2798 -1.5005
      vertex 21 -25.634 -1.5005
    endloop
  endfacet
  facet normal 0 0 -1
    outer loop
      vertex 20.4704 -24.4753 -1.5005
      vertex 20.809 -25.5489 -1.5005
      vertex 20.6045 -25.5055 -1.5005
    endloop
  endfacet
  facet normal 0 0 -1
    outer loop
      vertex 20.809 -25.5489 -1.5005
      vertex 20.4704 -24.4753 -1.5005
      vertex 21.3906 -24.2798 -1.5005
    endloop
  endfacet
  facet normal 0 0 -1
    outer loop
      vertex 20.6045 -25.5055 -1.5005
      vertex 19.5296 -24.4753 -1.5005
      vertex 20.4704 -24.4753 -1.5005
    endloop
  endfacet
  facet normal 0 0 -1
    outer loop
      vertex 20.6045 -25.5055 -1.5005
      vertex 18.6094 -24.2798 -1.5005
      vertex 19.5296 -24.4753 -1.5005
    endloop
  endfacet
  facet normal 0 0 -1
    outer loop
      vertex 20.6045 -25.5055 -1.5005
      vertex 17.75 -23.8971 -1.5005
      vertex 18.6094 -24.2798 -1.5005
    endloop
  endfacet
  facet normal 0 0 -1
    outer loop
      vertex 15.5983 -19.0644 -1.5005
      vertex 14.6202 18.8565 -1.5005
      vertex 14.9755 17.7629 -1.5005
    endloop
  endfacet
  facet normal 0 0 -1
    outer loop
      vertex 15.5983 -19.0644 -1.5005
      vertex 6.25 11.2902 -1.5005
      vertex 14.6202 18.8565 -1.5005
    endloop
  endfacet
  facet normal 0 0 -1
    outer loop
      vertex 6.25 19.7098 -1.5005
      vertex 14.6202 18.8565 -1.5005
      vertex 6.25 11.2902 -1.5005
    endloop
  endfacet
  facet normal 0 0 -1
    outer loop
      vertex 2.49428 -20.5302 -1.5005
      vertex 15.5 -20 -1.5005
      vertex 15.5983 -20.9356 -1.5005
    endloop
  endfacet
  facet normal 0 0 -1
    outer loop
      vertex 15.5 -20 -1.5005
      vertex 2.55 -20 -1.5005
      vertex 2.49428 -19.4698 -1.5005
    endloop
  endfacet
  facet normal 0 0 -1
    outer loop
      vertex 2.32954 -21.0372 -1.5005
      vertex 15.5983 -20.9356 -1.5005
      vertex 15.889 -21.8303 -1.5005
    endloop
  endfacet
  facet normal 0 0 -1
    outer loop
      vertex 2.06299 -21.4989 -1.5005
      vertex 15.889 -21.8303 -1.5005
      vertex 16.3594 -22.645 -1.5005
    endloop
  endfacet
  facet normal 0 0 -1
    outer loop
      vertex 1.70628 -21.895 -1.5005
      vertex 16.3594 -22.645 -1.5005
      vertex 16.9889 -23.3442 -1.5005
    endloop
  endfacet
  facet normal 0 0 -1
    outer loop
      vertex 1.275 -22.2084 -1.5005
      vertex 16.9889 -23.3442 -1.5005
      vertex 17.75 -23.8971 -1.5005
    endloop
  endfacet
  facet normal 0 0 -1
    outer loop
      vertex 0.787992 -22.4252 -1.5005
      vertex 17.75 -23.8971 -1.5005
      vertex 20.6045 -25.5055 -1.5005
    endloop
  endfacet
  facet normal -0 0 -1
    outer loop
      vertex 15.5 -20 -1.5005
      vertex 2.49428 -20.5302 -1.5005
      vertex 2.55 -20 -1.5005
    endloop
  endfacet
  facet normal -0 0 -1
    outer loop
      vertex 15.5983 -20.9356 -1.5005
      vertex 2.32954 -21.0372 -1.5005
      vertex 2.49428 -20.5302 -1.5005
    endloop
  endfacet
  facet normal 0 0 -1
    outer loop
      vertex 15.889 -21.8303 -1.5005
      vertex 2.06299 -21.4989 -1.5005
      vertex 2.32954 -21.0372 -1.5005
    endloop
  endfacet
  facet normal 0 0 -1
    outer loop
      vertex 16.3594 -22.645 -1.5005
      vertex 1.70628 -21.895 -1.5005
      vertex 2.06299 -21.4989 -1.5005
    endloop
  endfacet
  facet normal 0 0 -1
    outer loop
      vertex 16.9889 -23.3442 -1.5005
      vertex 1.275 -22.2084 -1.5005
      vertex 1.70628 -21.895 -1.5005
    endloop
  endfacet
  facet normal 0 0 -1
    outer loop
      vertex 17.75 -23.8971 -1.5005
      vertex 0.787992 -22.4252 -1.5005
      vertex 1.275 -22.2084 -1.5005
    endloop
  endfacet
  facet normal 0 0 -1
    outer loop
      vertex 20.6045 -25.5055 -1.5005
      vertex 0.266547 -22.536 -1.5005
      vertex 0.787992 -22.4252 -1.5005
    endloop
  endfacet
  facet normal 0 0 -1
    outer loop
      vertex -11.5471 -25.5055 -1.5005
      vertex 0.266547 -22.536 -1.5005
      vertex 20.6045 -25.5055 -1.5005
    endloop
  endfacet
  facet normal 0 0 -1
    outer loop
      vertex -11.5471 -25.5055 -1.5005
      vertex -2.55 -20 -1.5005
      vertex -2.49428 -20.5302 -1.5005
    endloop
  endfacet
  facet normal 0 0 -1
    outer loop
      vertex -2.55 -20 -1.5005
      vertex -7.50572 19.4698 -1.5005
      vertex -7.45 20 -1.5005
    endloop
  endfacet
  facet normal 0 0 -1
    outer loop
      vertex -2.55 -20 -1.5005
      vertex -7.67046 18.9628 -1.5005
      vertex -7.50572 19.4698 -1.5005
    endloop
  endfacet
  facet normal 0 0 -1
    outer loop
      vertex -2.55 -20 -1.5005
      vertex -7.93701 18.5011 -1.5005
      vertex -7.67046 18.9628 -1.5005
    endloop
  endfacet
  facet normal 0 0 -1
    outer loop
      vertex -2.55 -20 -1.5005
      vertex -8.29372 18.105 -1.5005
      vertex -7.93701 18.5011 -1.5005
    endloop
  endfacet
  facet normal 0 0 -1
    outer loop
      vertex -2.55 -20 -1.5005
      vertex -8.725 17.7916 -1.5005
      vertex -8.29372 18.105 -1.5005
    endloop
  endfacet
  facet normal 0 0 -1
    outer loop
      vertex -17.5057 -9.46982 -1.5005
      vertex -2.55 -20 -1.5005
      vertex -17.45 -10 -1.5005
    endloop
  endfacet
  facet normal 0 0 -1
    outer loop
      vertex -17.6705 -8.96282 -1.5005
      vertex -2.55 -20 -1.5005
      vertex -17.5057 -9.46982 -1.5005
    endloop
  endfacet
  facet normal 0 0 -1
    outer loop
      vertex -15.5983 -19.0644 -1.5005
      vertex -2.55 -20 -1.5005
      vertex -15.5 -20 -1.5005
    endloop
  endfacet
  facet normal 0 0 -1
    outer loop
      vertex -17.45 -10 -1.5005
      vertex -2.55 -20 -1.5005
      vertex -15.5983 -19.0644 -1.5005
    endloop
  endfacet
  facet normal 0 0 -1
    outer loop
      vertex -8.725 17.7916 -1.5005
      vertex -17.45 10 -1.5005
      vertex -9.21201 17.5748 -1.5005
    endloop
  endfacet
  facet normal -0 0 -1
    outer loop
      vertex 0.266547 -22.536 -1.5005
      vertex -11.5471 -25.5055 -1.5005
      vertex -0.266547 -22.536 -1.5005
    endloop
  endfacet
  facet normal 0 0 -1
    outer loop
      vertex -11.5471 -25.5055 -1.5005
      vertex -0.787992 -22.4252 -1.5005
      vertex -0.266547 -22.536 -1.5005
    endloop
  endfacet
  facet normal 0 0 -1
    outer loop
      vertex -11.5471 -25.5055 -1.5005
      vertex -1.275 -22.2084 -1.5005
      vertex -0.787992 -22.4252 -1.5005
    endloop
  endfacet
  facet normal 0 0 -1
    outer loop
      vertex -11.5471 -25.5055 -1.5005
      vertex -1.70628 -21.895 -1.5005
      vertex -1.275 -22.2084 -1.5005
    endloop
  endfacet
  facet normal 0 0 -1
    outer loop
      vertex -11.5471 -25.5055 -1.5005
      vertex -2.06299 -21.4989 -1.5005
      vertex -1.70628 -21.895 -1.5005
    endloop
  endfacet
  facet normal 0 0 -1
    outer loop
      vertex -11.5471 -25.5055 -1.5005
      vertex -2.32954 -21.0372 -1.5005
      vertex -2.06299 -21.4989 -1.5005
    endloop
  endfacet
  facet normal 0 0 -1
    outer loop
      vertex -11.5471 -25.5055 -1.5005
      vertex -2.49428 -20.5302 -1.5005
      vertex -2.32954 -21.0372 -1.5005
    endloop
  endfacet
  facet normal -0 0 -1
    outer loop
      vertex -2.55 -20 -1.5005
      vertex -11.5471 -25.5055 -1.5005
      vertex -15.5 -20 -1.5005
    endloop
  endfacet
  facet normal 0 0 -1
    outer loop
      vertex -15.5504 16.7672 -1.5005
      vertex -10.788 17.5748 -1.5005
      vertex -10.2665 17.464 -1.5005
    endloop
  endfacet
  facet normal 0 0 -1
    outer loop
      vertex -15.5504 16.7672 -1.5005
      vertex -11.275 17.7916 -1.5005
      vertex -10.788 17.5748 -1.5005
    endloop
  endfacet
  facet normal 0 0 -1
    outer loop
      vertex -15.5504 16.7672 -1.5005
      vertex -11.7063 18.105 -1.5005
      vertex -11.275 17.7916 -1.5005
    endloop
  endfacet
  facet normal -0 0 -1
    outer loop
      vertex -11.7063 18.105 -1.5005
      vertex -14.9755 17.7629 -1.5005
      vertex -12.063 18.5011 -1.5005
    endloop
  endfacet
  facet normal 0 -0 -1
    outer loop
      vertex -14.6202 18.8565 -1.5005
      vertex -12.063 18.5011 -1.5005
      vertex -14.9755 17.7629 -1.5005
    endloop
  endfacet
  facet normal 0 0 -1
    outer loop
      vertex -12.063 18.5011 -1.5005
      vertex -14.6202 18.8565 -1.5005
      vertex -12.3295 18.9628 -1.5005
    endloop
  endfacet
  facet normal 0 0 -1
    outer loop
      vertex -12.4943 19.4698 -1.5005
      vertex -14.5 20 -1.5005
      vertex -12.55 20 -1.5005
    endloop
  endfacet
  facet normal 0 -0 -1
    outer loop
      vertex -14.5 20 -1.5005
      vertex -12.4943 19.4698 -1.5005
      vertex -14.6202 18.8565 -1.5005
    endloop
  endfacet
  facet normal -0 0 -1
    outer loop
      vertex -12.3295 18.9628 -1.5005
      vertex -14.6202 18.8565 -1.5005
      vertex -12.4943 19.4698 -1.5005
    endloop
  endfacet
  facet normal 0 0 -1
    outer loop
      vertex -11.5471 -25.5055 -1.5005
      vertex -15.5983 -20.9356 -1.5005
      vertex -15.5 -20 -1.5005
    endloop
  endfacet
  facet normal 0 0 -1
    outer loop
      vertex -11.5471 -25.5055 -1.5005
      vertex -15.889 -21.8303 -1.5005
      vertex -15.5983 -20.9356 -1.5005
    endloop
  endfacet
  facet normal 0 0 -1
    outer loop
      vertex -11.5471 -25.5055 -1.5005
      vertex -16.3594 -22.645 -1.5005
      vertex -15.889 -21.8303 -1.5005
    endloop
  endfacet
  facet normal 0 0 -1
    outer loop
      vertex -11.5471 -25.5055 -1.5005
      vertex -16.9889 -23.3442 -1.5005
      vertex -16.3594 -22.645 -1.5005
    endloop
  endfacet
  facet normal 0 -0 -1
    outer loop
      vertex -16.9889 -23.3442 -1.5005
      vertex -11.5471 -25.5055 -1.5005
      vertex -17.3167 -23.5823 -1.5005
    endloop
  endfacet
  facet normal 0 0 -1
    outer loop
      vertex 27.676 -13.617 -1.5005
      vertex 22.4943 -9.46982 -1.5005
      vertex 28.324 -13.617 -1.5005
    endloop
  endfacet
  facet normal 0 0 -1
    outer loop
      vertex 30.05 0 -1.5005
      vertex 25.3798 18.8565 -1.5005
      vertex 25.5 20 -1.5005
    endloop
  endfacet
  facet normal 0 0 -1
    outer loop
      vertex 22.25 -16.1029 -1.5005
      vertex 25.492 -14.8779 -1.5005
      vertex 25.168 -15.4391 -1.5005
    endloop
  endfacet
  facet normal 0 0 -1
    outer loop
      vertex 30.05 0 -1.5005
      vertex 25.0245 17.7629 -1.5005
      vertex 25.3798 18.8565 -1.5005
    endloop
  endfacet
  facet normal 0 0 -1
    outer loop
      vertex 23.0111 -16.6558 -1.5005
      vertex 25.168 -15.4391 -1.5005
      vertex 24.9677 -16.0555 -1.5005
    endloop
  endfacet
  facet normal 0 0 -1
    outer loop
      vertex 23.0111 -16.6558 -1.5005
      vertex 24.9677 -16.0555 -1.5005
      vertex 24.9 -16.7 -1.5005
    endloop
  endfacet
  facet normal 0 0 -1
    outer loop
      vertex 24.4017 -19.0644 -1.5005
      vertex 24.9 -16.7 -1.5005
      vertex 24.5 -20 -1.5005
    endloop
  endfacet
  facet normal 0 0 -1
    outer loop
      vertex 24.111 -18.1697 -1.5005
      vertex 24.9 -16.7 -1.5005
      vertex 24.4017 -19.0644 -1.5005
    endloop
  endfacet
  facet normal 0 0 -1
    outer loop
      vertex 22.3295 -8.96282 -1.5005
      vertex 28.324 -13.617 -1.5005
      vertex 22.4943 -9.46982 -1.5005
    endloop
  endfacet
  facet normal 0 0 -1
    outer loop
      vertex 23.6406 -17.355 -1.5005
      vertex 24.9 -16.7 -1.5005
      vertex 24.111 -18.1697 -1.5005
    endloop
  endfacet
  facet normal 0 -0 -1
    outer loop
      vertex 24.4496 16.7672 -1.5005
      vertex 30.05 0 -1.5005
      vertex 22.55 10 -1.5005
    endloop
  endfacet
  facet normal 0 0 -1
    outer loop
      vertex 23.0111 -16.6558 -1.5005
      vertex 24.9 -16.7 -1.5005
      vertex 23.6406 -17.355 -1.5005
    endloop
  endfacet
  facet normal 0 0 -1
    outer loop
      vertex 25.168 -15.4391 -1.5005
      vertex 23.0111 -16.6558 -1.5005
      vertex 22.25 -16.1029 -1.5005
    endloop
  endfacet
  facet normal 0 0 -1
    outer loop
      vertex 30.05 0 -1.5005
      vertex 24.4496 16.7672 -1.5005
      vertex 25.0245 17.7629 -1.5005
    endloop
  endfacet
  facet normal 0 0 -1
    outer loop
      vertex 22.4943 10.5302 -1.5005
      vertex 24.4496 16.7672 -1.5005
      vertex 22.55 10 -1.5005
    endloop
  endfacet
  facet normal 0 0 -1
    outer loop
      vertex 25.492 -14.8779 -1.5005
      vertex 22.4943 -10.5302 -1.5005
      vertex 22.55 -10 -1.5005
    endloop
  endfacet
  facet normal 0 0 -1
    outer loop
      vertex 25.492 -14.8779 -1.5005
      vertex 22.3295 -11.0372 -1.5005
      vertex 22.4943 -10.5302 -1.5005
    endloop
  endfacet
  facet normal -0 0 -1
    outer loop
      vertex 25.492 -14.8779 -1.5005
      vertex 22.25 -16.1029 -1.5005
      vertex 21.7063 -11.895 -1.5005
    endloop
  endfacet
  facet normal 0 0 -1
    outer loop
      vertex 25.492 -14.8779 -1.5005
      vertex 22.063 -11.4989 -1.5005
      vertex 22.3295 -11.0372 -1.5005
    endloop
  endfacet
  facet normal 0 0 -1
    outer loop
      vertex 25.492 -14.8779 -1.5005
      vertex 21.7063 -11.895 -1.5005
      vertex 22.063 -11.4989 -1.5005
    endloop
  endfacet
  facet normal 0 0 -1
    outer loop
      vertex 21.275 -12.2084 -1.5005
      vertex 22.25 -16.1029 -1.5005
      vertex 21.3906 -15.7202 -1.5005
    endloop
  endfacet
  facet normal 0 0 -1
    outer loop
      vertex 22.25 -16.1029 -1.5005
      vertex 21.275 -12.2084 -1.5005
      vertex 21.7063 -11.895 -1.5005
    endloop
  endfacet
  facet normal 0 0 -1
    outer loop
      vertex 21.3906 -15.7202 -1.5005
      vertex 20.788 -12.4252 -1.5005
      vertex 21.275 -12.2084 -1.5005
    endloop
  endfacet
  facet normal 0 0 -1
    outer loop
      vertex 20.4704 -15.5247 -1.5005
      vertex 20.788 -12.4252 -1.5005
      vertex 21.3906 -15.7202 -1.5005
    endloop
  endfacet
  facet normal 0 0 -1
    outer loop
      vertex 20.4704 -15.5247 -1.5005
      vertex 20.2665 -12.536 -1.5005
      vertex 20.788 -12.4252 -1.5005
    endloop
  endfacet
  facet normal 0 0 -1
    outer loop
      vertex 20.4704 -15.5247 -1.5005
      vertex 19.7335 -12.536 -1.5005
      vertex 20.2665 -12.536 -1.5005
    endloop
  endfacet
  facet normal 0 0 -1
    outer loop
      vertex 19.5296 -15.5247 -1.5005
      vertex 19.7335 -12.536 -1.5005
      vertex 20.4704 -15.5247 -1.5005
    endloop
  endfacet
  facet normal 0 0 -1
    outer loop
      vertex 19.5296 -15.5247 -1.5005
      vertex 19.212 -12.4252 -1.5005
      vertex 19.7335 -12.536 -1.5005
    endloop
  endfacet
  facet normal 0 0 -1
    outer loop
      vertex 18.6094 -15.7202 -1.5005
      vertex 19.212 -12.4252 -1.5005
      vertex 19.5296 -15.5247 -1.5005
    endloop
  endfacet
  facet normal -0 0 -1
    outer loop
      vertex 19.212 -12.4252 -1.5005
      vertex 18.6094 -15.7202 -1.5005
      vertex 18.725 -12.2084 -1.5005
    endloop
  endfacet
  facet normal 0 0 -1
    outer loop
      vertex 17.75 -16.1029 -1.5005
      vertex 18.725 -12.2084 -1.5005
      vertex 18.6094 -15.7202 -1.5005
    endloop
  endfacet
  facet normal -0 0 -1
    outer loop
      vertex 18.725 -12.2084 -1.5005
      vertex 17.75 -16.1029 -1.5005
      vertex 18.2937 -11.895 -1.5005
    endloop
  endfacet
  facet normal -0 0 -1
    outer loop
      vertex 18.2937 -11.895 -1.5005
      vertex 17.75 -16.1029 -1.5005
      vertex 17.937 -11.4989 -1.5005
    endloop
  endfacet
  facet normal 0 0 -1
    outer loop
      vertex 16.9889 -16.6558 -1.5005
      vertex 17.937 -11.4989 -1.5005
      vertex 17.75 -16.1029 -1.5005
    endloop
  endfacet
  facet normal -0 0 -1
    outer loop
      vertex 17.937 -11.4989 -1.5005
      vertex 16.9889 -16.6558 -1.5005
      vertex 17.6705 -11.0372 -1.5005
    endloop
  endfacet
  facet normal 0 0 -1
    outer loop
      vertex 16.3594 -17.355 -1.5005
      vertex 17.6705 -11.0372 -1.5005
      vertex 16.9889 -16.6558 -1.5005
    endloop
  endfacet
  facet normal 0 0 -1
    outer loop
      vertex 17.5057 9.46982 -1.5005
      vertex 14.9755 17.7629 -1.5005
      vertex 17.45 10 -1.5005
    endloop
  endfacet
  facet normal -0 0 -1
    outer loop
      vertex 17.6705 -11.0372 -1.5005
      vertex 16.3594 -17.355 -1.5005
      vertex 17.5057 -10.5302 -1.5005
    endloop
  endfacet
  facet normal 0 0 -1
    outer loop
      vertex 15.889 -18.1697 -1.5005
      vertex 17.5057 -10.5302 -1.5005
      vertex 16.3594 -17.355 -1.5005
    endloop
  endfacet
  facet normal -0 0 -1
    outer loop
      vertex 17.5057 -10.5302 -1.5005
      vertex 15.889 -18.1697 -1.5005
      vertex 17.45 -10 -1.5005
    endloop
  endfacet
  facet normal 0 0 -1
    outer loop
      vertex 17.45 10 -1.5005
      vertex 16.3198 15.9127 -1.5005
      vertex 17.25 15.2369 -1.5005
    endloop
  endfacet
  facet normal 0 0 -1
    outer loop
      vertex 15.5983 -19.0644 -1.5005
      vertex 17.45 -10 -1.5005
      vertex 15.889 -18.1697 -1.5005
    endloop
  endfacet
  facet normal -0 0 -1
    outer loop
      vertex 17.5057 -9.46982 -1.5005
      vertex 15.5983 -19.0644 -1.5005
      vertex 14.9755 17.7629 -1.5005
    endloop
  endfacet
  facet normal 0 0 -1
    outer loop
      vertex 17.45 10 -1.5005
      vertex 15.5504 16.7672 -1.5005
      vertex 16.3198 15.9127 -1.5005
    endloop
  endfacet
  facet normal 0 0 -1
    outer loop
      vertex 2.49428 -19.4698 -1.5005
      vertex 15.5983 -19.0644 -1.5005
      vertex 15.5 -20 -1.5005
    endloop
  endfacet
  facet normal 0 0 -1
    outer loop
      vertex 17.45 10 -1.5005
      vertex 14.9755 17.7629 -1.5005
      vertex 15.5504 16.7672 -1.5005
    endloop
  endfacet
  facet normal 0 0 -1
    outer loop
      vertex 29.55 -14.0153 -1.5005
      vertex 30.05 0 -1.5005
      vertex 30.05 -14.3786 -1.5005
    endloop
  endfacet
  facet normal 0 0 -1
    outer loop
      vertex 28.958 -13.7517 -1.5005
      vertex 30.05 0 -1.5005
      vertex 29.55 -14.0153 -1.5005
    endloop
  endfacet
  facet normal 0 0 -1
    outer loop
      vertex 28.324 -13.617 -1.5005
      vertex 30.05 0 -1.5005
      vertex 28.958 -13.7517 -1.5005
    endloop
  endfacet
  facet normal 0 0 -1
    outer loop
      vertex 22.4943 -9.46982 -1.5005
      vertex 27.676 -13.617 -1.5005
      vertex 22.55 -10 -1.5005
    endloop
  endfacet
  facet normal 0 0 -1
    outer loop
      vertex 22.55 -10 -1.5005
      vertex 27.676 -13.617 -1.5005
      vertex 27.042 -13.7517 -1.5005
    endloop
  endfacet
  facet normal 0 0 -1
    outer loop
      vertex 22.55 -10 -1.5005
      vertex 27.042 -13.7517 -1.5005
      vertex 26.45 -14.0153 -1.5005
    endloop
  endfacet
  facet normal 0 0 -1
    outer loop
      vertex 22.55 -10 -1.5005
      vertex 26.45 -14.0153 -1.5005
      vertex 25.9257 -14.3963 -1.5005
    endloop
  endfacet
  facet normal -0 -0 -1
    outer loop
      vertex 28.288 19.9252 -1.5005
      vertex 30.05 17.5 -1.5005
      vertex 25.5 20 -1.5005
    endloop
  endfacet
  facet normal 0 0 -1
    outer loop
      vertex 30.05 17.5 -1.5005
      vertex 28.288 19.9252 -1.5005
      vertex 29.9943 18.0302 -1.5005
    endloop
  endfacet
  facet normal 0 0 -1
    outer loop
      vertex 29.8295 18.5372 -1.5005
      vertex 28.288 19.9252 -1.5005
      vertex 29.563 18.9989 -1.5005
    endloop
  endfacet
  facet normal 0 0 -1
    outer loop
      vertex 29.563 18.9989 -1.5005
      vertex 28.288 19.9252 -1.5005
      vertex 29.2063 19.395 -1.5005
    endloop
  endfacet
  facet normal 0 0 -1
    outer loop
      vertex 29.9943 18.0302 -1.5005
      vertex 28.288 19.9252 -1.5005
      vertex 29.8295 18.5372 -1.5005
    endloop
  endfacet
  facet normal 0 0 -1
    outer loop
      vertex 30.05 0 -1.5005
      vertex 25.5 20 -1.5005
      vertex 30.05 17.5 -1.5005
    endloop
  endfacet
  facet normal 0 0 -1
    outer loop
      vertex 22.55 -10 -1.5005
      vertex 25.9257 -14.3963 -1.5005
      vertex 25.492 -14.8779 -1.5005
    endloop
  endfacet
  facet normal 0 0 -1
    outer loop
      vertex 29.2063 19.395 -1.5005
      vertex 28.288 19.9252 -1.5005
      vertex 28.775 19.7084 -1.5005
    endloop
  endfacet
  facet normal 0 0 -1
    outer loop
      vertex 28.288 19.9252 -1.5005
      vertex 25.5 20 -1.5005
      vertex 25.4069 20.8855 -1.5005
    endloop
  endfacet
  facet normal 0 0 -1
    outer loop
      vertex 24.4496 16.7672 -1.5005
      vertex 22.4943 10.5302 -1.5005
      vertex 23.6802 15.9127 -1.5005
    endloop
  endfacet
  facet normal 0 0 -1
    outer loop
      vertex 22.3295 11.0372 -1.5005
      vertex 23.6802 15.9127 -1.5005
      vertex 22.4943 10.5302 -1.5005
    endloop
  endfacet
  facet normal 0 0 -1
    outer loop
      vertex 23.6802 15.9127 -1.5005
      vertex 22.3295 11.0372 -1.5005
      vertex 22.75 15.2369 -1.5005
    endloop
  endfacet
  facet normal 0 0 -1
    outer loop
      vertex 22.063 11.4989 -1.5005
      vertex 22.75 15.2369 -1.5005
      vertex 22.3295 11.0372 -1.5005
    endloop
  endfacet
  facet normal 0 0 -1
    outer loop
      vertex 21.7063 11.895 -1.5005
      vertex 22.75 15.2369 -1.5005
      vertex 22.063 11.4989 -1.5005
    endloop
  endfacet
  facet normal 0 0 -1
    outer loop
      vertex 21.7063 11.895 -1.5005
      vertex 21.6996 14.7692 -1.5005
      vertex 22.75 15.2369 -1.5005
    endloop
  endfacet
  facet normal 0 0 -1
    outer loop
      vertex 21.275 12.2084 -1.5005
      vertex 21.6996 14.7692 -1.5005
      vertex 21.7063 11.895 -1.5005
    endloop
  endfacet
  facet normal 0 0 -1
    outer loop
      vertex 20.788 12.4252 -1.5005
      vertex 21.6996 14.7692 -1.5005
      vertex 21.275 12.2084 -1.5005
    endloop
  endfacet
  facet normal 0 0 -1
    outer loop
      vertex 20.788 12.4252 -1.5005
      vertex 20.5749 14.5301 -1.5005
      vertex 21.6996 14.7692 -1.5005
    endloop
  endfacet
  facet normal 0 0 -1
    outer loop
      vertex 20.2665 12.536 -1.5005
      vertex 20.5749 14.5301 -1.5005
      vertex 20.788 12.4252 -1.5005
    endloop
  endfacet
  facet normal 0 0 -1
    outer loop
      vertex 19.7335 12.536 -1.5005
      vertex 20.5749 14.5301 -1.5005
      vertex 20.2665 12.536 -1.5005
    endloop
  endfacet
  facet normal 0 0 -1
    outer loop
      vertex 19.7335 12.536 -1.5005
      vertex 19.4251 14.5301 -1.5005
      vertex 20.5749 14.5301 -1.5005
    endloop
  endfacet
  facet normal 0 0 -1
    outer loop
      vertex 19.212 12.4252 -1.5005
      vertex 19.4251 14.5301 -1.5005
      vertex 19.7335 12.536 -1.5005
    endloop
  endfacet
  facet normal 0 0 -1
    outer loop
      vertex 18.3004 14.7692 -1.5005
      vertex 19.212 12.4252 -1.5005
      vertex 18.725 12.2084 -1.5005
    endloop
  endfacet
  facet normal 0 0 -1
    outer loop
      vertex 19.212 12.4252 -1.5005
      vertex 18.3004 14.7692 -1.5005
      vertex 19.4251 14.5301 -1.5005
    endloop
  endfacet
  facet normal 0 0 -1
    outer loop
      vertex 18.2937 11.895 -1.5005
      vertex 18.3004 14.7692 -1.5005
      vertex 18.725 12.2084 -1.5005
    endloop
  endfacet
  facet normal 0 0 -1
    outer loop
      vertex 17.25 15.2369 -1.5005
      vertex 18.2937 11.895 -1.5005
      vertex 17.937 11.4989 -1.5005
    endloop
  endfacet
  facet normal 0 0 -1
    outer loop
      vertex 17.25 15.2369 -1.5005
      vertex 17.937 11.4989 -1.5005
      vertex 17.6705 11.0372 -1.5005
    endloop
  endfacet
  facet normal 0 0 -1
    outer loop
      vertex 17.25 15.2369 -1.5005
      vertex 17.6705 11.0372 -1.5005
      vertex 17.5057 10.5302 -1.5005
    endloop
  endfacet
  facet normal 0 0 -1
    outer loop
      vertex 18.2937 11.895 -1.5005
      vertex 17.25 15.2369 -1.5005
      vertex 18.3004 14.7692 -1.5005
    endloop
  endfacet
  facet normal 0 0 -1
    outer loop
      vertex 17.25 15.2369 -1.5005
      vertex 17.5057 10.5302 -1.5005
      vertex 17.45 10 -1.5005
    endloop
  endfacet
  facet normal 0 0 -1
    outer loop
      vertex 14.6202 18.8565 -1.5005
      vertex 6.25 19.7098 -1.5005
      vertex 14.5 20 -1.5005
    endloop
  endfacet
  facet normal -0 0 -1
    outer loop
      vertex 14.5 20 -1.5005
      vertex 6.25 19.7098 -1.5005
      vertex 14.6202 21.1435 -1.5005
    endloop
  endfacet
  facet normal -0 0 -1
    outer loop
      vertex 14.6202 21.1435 -1.5005
      vertex 6.25 19.7098 -1.5005
      vertex 14.9755 22.2371 -1.5005
    endloop
  endfacet
  facet normal -0 0 -1
    outer loop
      vertex 14.9755 22.2371 -1.5005
      vertex 6.25 19.7098 -1.5005
      vertex 15.5504 23.2328 -1.5005
    endloop
  endfacet
  facet normal 0 0 -1
    outer loop
      vertex -1.71201 29.9252 -1.5005
      vertex 15.5504 23.2328 -1.5005
      vertex 6.25 19.7098 -1.5005
    endloop
  endfacet
  facet normal 0 0 -1
    outer loop
      vertex 15.5504 23.2328 -1.5005
      vertex -1.71201 29.9252 -1.5005
      vertex 16.2002 23.9545 -1.5005
    endloop
  endfacet
  facet normal 0 0 -1
    outer loop
      vertex -1.75 19.7098 -1.5005
      vertex -1.71201 29.9252 -1.5005
      vertex 6.25 19.7098 -1.5005
    endloop
  endfacet
  facet normal 0 0 -1
    outer loop
      vertex -1.75 11.2902 -1.5005
      vertex -7.45 20 -1.5005
      vertex -1.75 19.7098 -1.5005
    endloop
  endfacet
  facet normal 0 0 -1
    outer loop
      vertex -7.50572 20.5302 -1.5005
      vertex -1.75 19.7098 -1.5005
      vertex -7.45 20 -1.5005
    endloop
  endfacet
  facet normal 0 0 -1
    outer loop
      vertex -7.45 20 -1.5005
      vertex -2.06299 -18.5011 -1.5005
      vertex -2.32954 -18.9628 -1.5005
    endloop
  endfacet
  facet normal 0 0 -1
    outer loop
      vertex -7.45 20 -1.5005
      vertex -2.32954 -18.9628 -1.5005
      vertex -2.49428 -19.4698 -1.5005
    endloop
  endfacet
  facet normal 0 0 -1
    outer loop
      vertex -7.45 20 -1.5005
      vertex -2.49428 -19.4698 -1.5005
      vertex -2.55 -20 -1.5005
    endloop
  endfacet
  facet normal 0 0 -1
    outer loop
      vertex -7.67046 21.0372 -1.5005
      vertex -1.75 19.7098 -1.5005
      vertex -7.50572 20.5302 -1.5005
    endloop
  endfacet
  facet normal 0 0 -1
    outer loop
      vertex -7.93701 21.4989 -1.5005
      vertex -1.75 19.7098 -1.5005
      vertex -7.67046 21.0372 -1.5005
    endloop
  endfacet
  facet normal 0 -0 -1
    outer loop
      vertex -2.23345 30.036 -1.5005
      vertex -1.75 19.7098 -1.5005
      vertex -7.93701 21.4989 -1.5005
    endloop
  endfacet
  facet normal 0 0 -1
    outer loop
      vertex -1.75 19.7098 -1.5005
      vertex -2.23345 30.036 -1.5005
      vertex -1.71201 29.9252 -1.5005
    endloop
  endfacet
  facet normal 0 0 -1
    outer loop
      vertex -8.29372 21.895 -1.5005
      vertex -2.23345 30.036 -1.5005
      vertex -7.93701 21.4989 -1.5005
    endloop
  endfacet
  facet normal 0 0 -1
    outer loop
      vertex -8.725 22.2084 -1.5005
      vertex -2.23345 30.036 -1.5005
      vertex -8.29372 21.895 -1.5005
    endloop
  endfacet
  facet normal 0 0 -1
    outer loop
      vertex -9.21201 22.4252 -1.5005
      vertex -2.23345 30.036 -1.5005
      vertex -8.725 22.2084 -1.5005
    endloop
  endfacet
  facet normal 0 0 -1
    outer loop
      vertex -9.73345 22.536 -1.5005
      vertex -2.23345 30.036 -1.5005
      vertex -9.21201 22.4252 -1.5005
    endloop
  endfacet
  facet normal 0 0 -1
    outer loop
      vertex -10.2665 22.536 -1.5005
      vertex -2.23345 30.036 -1.5005
      vertex -9.73345 22.536 -1.5005
    endloop
  endfacet
  facet normal 0 0 -1
    outer loop
      vertex -17.7665 30.036 -1.5005
      vertex -10.2665 22.536 -1.5005
      vertex -10.788 22.4252 -1.5005
    endloop
  endfacet
  facet normal 0 0 -1
    outer loop
      vertex -15.5504 23.2328 -1.5005
      vertex -10.788 22.4252 -1.5005
      vertex -11.275 22.2084 -1.5005
    endloop
  endfacet
  facet normal 0 0 -1
    outer loop
      vertex -15.5504 23.2328 -1.5005
      vertex -11.275 22.2084 -1.5005
      vertex -11.7063 21.895 -1.5005
    endloop
  endfacet
  facet normal 0 0 -1
    outer loop
      vertex -14.5 20 -1.5005
      vertex -12.4943 20.5302 -1.5005
      vertex -12.55 20 -1.5005
    endloop
  endfacet
  facet normal 0 0 -1
    outer loop
      vertex -14.6202 21.1435 -1.5005
      vertex -12.4943 20.5302 -1.5005
      vertex -14.5 20 -1.5005
    endloop
  endfacet
  facet normal 0 0 -1
    outer loop
      vertex -12.4943 20.5302 -1.5005
      vertex -14.6202 21.1435 -1.5005
      vertex -12.3295 21.0372 -1.5005
    endloop
  endfacet
  facet normal 0 0 -1
    outer loop
      vertex -12.3295 21.0372 -1.5005
      vertex -14.6202 21.1435 -1.5005
      vertex -12.063 21.4989 -1.5005
    endloop
  endfacet
  facet normal 0 0 -1
    outer loop
      vertex -14.9755 22.2371 -1.5005
      vertex -12.063 21.4989 -1.5005
      vertex -14.6202 21.1435 -1.5005
    endloop
  endfacet
  facet normal 0 0 -1
    outer loop
      vertex -12.063 21.4989 -1.5005
      vertex -14.9755 22.2371 -1.5005
      vertex -11.7063 21.895 -1.5005
    endloop
  endfacet
  facet normal 0 0 -1
    outer loop
      vertex -15.5504 23.2328 -1.5005
      vertex -11.7063 21.895 -1.5005
      vertex -14.9755 22.2371 -1.5005
    endloop
  endfacet
  facet normal 0 0 -1
    outer loop
      vertex -10.788 22.4252 -1.5005
      vertex -15.5504 23.2328 -1.5005
      vertex -16.3198 24.0873 -1.5005
    endloop
  endfacet
  facet normal 0 0 -1
    outer loop
      vertex -10.788 22.4252 -1.5005
      vertex -16.3198 24.0873 -1.5005
      vertex -17.7665 30.036 -1.5005
    endloop
  endfacet
  facet normal 0 0 -1
    outer loop
      vertex -17.7665 30.036 -1.5005
      vertex -16.3198 24.0873 -1.5005
      vertex -17.25 24.7631 -1.5005
    endloop
  endfacet
  facet normal 0 0 -1
    outer loop
      vertex -10.2665 22.536 -1.5005
      vertex -17.7665 30.036 -1.5005
      vertex -2.23345 30.036 -1.5005
    endloop
  endfacet
  facet normal 0 0 -1
    outer loop
      vertex -18.3004 25.2308 -1.5005
      vertex -17.7665 30.036 -1.5005
      vertex -17.25 24.7631 -1.5005
    endloop
  endfacet
  facet normal 0 0 -1
    outer loop
      vertex -17.7665 30.036 -1.5005
      vertex -18.3004 25.2308 -1.5005
      vertex -18.288 29.9252 -1.5005
    endloop
  endfacet
  facet normal 0 0 -1
    outer loop
      vertex -18.3004 25.2308 -1.5005
      vertex -18.775 29.7084 -1.5005
      vertex -18.288 29.9252 -1.5005
    endloop
  endfacet
  facet normal 0 0 -1
    outer loop
      vertex -18.3004 25.2308 -1.5005
      vertex -19.2063 29.395 -1.5005
      vertex -18.775 29.7084 -1.5005
    endloop
  endfacet
  facet normal 0 0 -1
    outer loop
      vertex -19.4251 25.4699 -1.5005
      vertex -19.2063 29.395 -1.5005
      vertex -18.3004 25.2308 -1.5005
    endloop
  endfacet
  facet normal 0 0 -1
    outer loop
      vertex -20.5749 25.4699 -1.5005
      vertex -19.2063 29.395 -1.5005
      vertex -19.4251 25.4699 -1.5005
    endloop
  endfacet
  facet normal 0 0 -1
    outer loop
      vertex -21.6996 25.2308 -1.5005
      vertex -19.2063 29.395 -1.5005
      vertex -20.5749 25.4699 -1.5005
    endloop
  endfacet
  facet normal 0 0 -1
    outer loop
      vertex -22.75 24.7631 -1.5005
      vertex -19.2063 29.395 -1.5005
      vertex -21.6996 25.2308 -1.5005
    endloop
  endfacet
  facet normal 0 0 -1
    outer loop
      vertex -23.6802 24.0873 -1.5005
      vertex -19.2063 29.395 -1.5005
      vertex -22.75 24.7631 -1.5005
    endloop
  endfacet
  facet normal 0 0 -1
    outer loop
      vertex -29.2063 19.395 -1.5005
      vertex -23.6802 24.0873 -1.5005
      vertex -24.4496 23.2328 -1.5005
    endloop
  endfacet
  facet normal 0 0 -1
    outer loop
      vertex -22.55 10 -1.5005
      vertex -23.6802 15.9127 -1.5005
      vertex -22.75 15.2369 -1.5005
    endloop
  endfacet
  facet normal 0 -0 -1
    outer loop
      vertex -29.2063 19.395 -1.5005
      vertex -25.0245 17.7629 -1.5005
      vertex -30.05 17.5 -1.5005
    endloop
  endfacet
  facet normal 0 0 -1
    outer loop
      vertex -24.4496 16.7672 -1.5005
      vertex -30.05 17.5 -1.5005
      vertex -25.0245 17.7629 -1.5005
    endloop
  endfacet
  facet normal 0 0 -1
    outer loop
      vertex -23.6802 15.9127 -1.5005
      vertex -30.05 17.5 -1.5005
      vertex -24.4496 16.7672 -1.5005
    endloop
  endfacet
  facet normal 0 0 -1
    outer loop
      vertex -22.3295 8.96282 -1.5005
      vertex -30.05 17.5 -1.5005
      vertex -22.4943 9.46982 -1.5005
    endloop
  endfacet
  facet normal -0 0 -1
    outer loop
      vertex -23.6802 24.0873 -1.5005
      vertex -29.2063 19.395 -1.5005
      vertex -19.2063 29.395 -1.5005
    endloop
  endfacet
  facet normal -0 0 -1
    outer loop
      vertex -25.0245 22.2371 -1.5005
      vertex -29.2063 19.395 -1.5005
      vertex -24.4496 23.2328 -1.5005
    endloop
  endfacet
  facet normal -0 0 -1
    outer loop
      vertex -25.3798 21.1435 -1.5005
      vertex -29.2063 19.395 -1.5005
      vertex -25.0245 22.2371 -1.5005
    endloop
  endfacet
  facet normal -0 0 -1
    outer loop
      vertex -25.5 20 -1.5005
      vertex -29.2063 19.395 -1.5005
      vertex -25.3798 21.1435 -1.5005
    endloop
  endfacet
  facet normal 0 0 -1
    outer loop
      vertex -25.0245 17.7629 -1.5005
      vertex -29.2063 19.395 -1.5005
      vertex -25.3798 18.8565 -1.5005
    endloop
  endfacet
  facet normal 0 0 -1
    outer loop
      vertex -22.4943 9.46982 -1.5005
      vertex -30.05 17.5 -1.5005
      vertex -22.55 10 -1.5005
    endloop
  endfacet
  facet normal 0 0 -1
    outer loop
      vertex -25.3798 18.8565 -1.5005
      vertex -29.2063 19.395 -1.5005
      vertex -25.5 20 -1.5005
    endloop
  endfacet
  facet normal 0 0 -1
    outer loop
      vertex -29.2063 19.395 -1.5005
      vertex -30.05 17.5 -1.5005
      vertex -29.563 18.9989 -1.5005
    endloop
  endfacet
  facet normal 0 0 -1
    outer loop
      vertex -29.563 18.9989 -1.5005
      vertex -30.05 17.5 -1.5005
      vertex -29.8295 18.5372 -1.5005
    endloop
  endfacet
  facet normal 0 0 -1
    outer loop
      vertex -30.05 17.5 -1.5005
      vertex -29.55 -14.0153 -1.5005
      vertex -30.05 -14.3786 -1.5005
    endloop
  endfacet
  facet normal 0 0 -1
    outer loop
      vertex -29.8295 18.5372 -1.5005
      vertex -30.05 17.5 -1.5005
      vertex -29.9943 18.0302 -1.5005
    endloop
  endfacet
  facet normal -0 0 -1
    outer loop
      vertex 15.5983 -19.0644 -1.5005
      vertex 2.49428 -19.4698 -1.5005
      vertex 2.32954 -18.9628 -1.5005
    endloop
  endfacet
  facet normal 0 0 -1
    outer loop
      vertex 15.5983 -19.0644 -1.5005
      vertex 2.32954 -18.9628 -1.5005
      vertex 2.06299 -18.5011 -1.5005
    endloop
  endfacet
  facet normal 0 0 -1
    outer loop
      vertex 15.5983 -19.0644 -1.5005
      vertex 2.06299 -18.5011 -1.5005
      vertex 1.70628 -18.105 -1.5005
    endloop
  endfacet
  facet normal 0 0 -1
    outer loop
      vertex 15.5983 -19.0644 -1.5005
      vertex 1.70628 -18.105 -1.5005
      vertex 1.275 -17.7916 -1.5005
    endloop
  endfacet
  facet normal 0 0 -1
    outer loop
      vertex 15.5983 -19.0644 -1.5005
      vertex 1.275 -17.7916 -1.5005
      vertex 6.25 11.2902 -1.5005
    endloop
  endfacet
  facet normal 0 0 -1
    outer loop
      vertex 0.787992 -17.5748 -1.5005
      vertex 6.25 11.2902 -1.5005
      vertex 1.275 -17.7916 -1.5005
    endloop
  endfacet
  facet normal 0 0 -1
    outer loop
      vertex 0.266547 -17.464 -1.5005
      vertex 6.25 11.2902 -1.5005
      vertex 0.787992 -17.5748 -1.5005
    endloop
  endfacet
  facet normal 0 0 -1
    outer loop
      vertex -1.75 11.2902 -1.5005
      vertex 0.266547 -17.464 -1.5005
      vertex -0.266547 -17.464 -1.5005
    endloop
  endfacet
  facet normal 0 0 -1
    outer loop
      vertex -1.75 11.2902 -1.5005
      vertex -0.266547 -17.464 -1.5005
      vertex -0.787992 -17.5748 -1.5005
    endloop
  endfacet
  facet normal 0 0 -1
    outer loop
      vertex -1.75 11.2902 -1.5005
      vertex -0.787992 -17.5748 -1.5005
      vertex -1.275 -17.7916 -1.5005
    endloop
  endfacet
  facet normal 0 0 -1
    outer loop
      vertex -1.75 11.2902 -1.5005
      vertex -1.275 -17.7916 -1.5005
      vertex -1.70628 -18.105 -1.5005
    endloop
  endfacet
  facet normal 0 0 -1
    outer loop
      vertex 0.266547 -17.464 -1.5005
      vertex -1.75 11.2902 -1.5005
      vertex 6.25 11.2902 -1.5005
    endloop
  endfacet
  facet normal 0 0 -1
    outer loop
      vertex -7.45 20 -1.5005
      vertex -1.75 11.2902 -1.5005
      vertex -2.06299 -18.5011 -1.5005
    endloop
  endfacet
  facet normal 0 0 -1
    outer loop
      vertex -2.06299 -18.5011 -1.5005
      vertex -1.75 11.2902 -1.5005
      vertex -1.70628 -18.105 -1.5005
    endloop
  endfacet
  facet normal 3.25253e-05 7.30619e-05 -1
    outer loop
      vertex 28.775 19.7084 -1.5005
      vertex 28.288 19.9252 -1.5005
      vertex 39 22 -1.5
    endloop
  endfacet
  facet normal 3.73729e-05 5.14324e-05 -1
    outer loop
      vertex 29.2063 19.395 -1.5005
      vertex 28.775 19.7084 -1.5005
      vertex 39 22 -1.5
    endloop
  endfacet
  facet normal -0.95102 0.309128 0
    outer loop
      vertex -29.9943 18.0302 -1.5005
      vertex -29.8295 18.5372 1.5005
      vertex -29.8295 18.5372 -1.5005
    endloop
  endfacet
  facet normal -0.95102 0.309128 0
    outer loop
      vertex -29.8295 18.5372 1.5005
      vertex -29.9943 18.0302 -1.5005
      vertex -29.9943 18.0302 1.5005
    endloop
  endfacet
  facet normal -0.994527 0.10448 0
    outer loop
      vertex -30.05 17.5 -1.5005
      vertex -29.9943 18.0302 1.5005
      vertex -29.9943 18.0302 -1.5005
    endloop
  endfacet
  facet normal -0.994527 0.10448 0
    outer loop
      vertex -29.9943 18.0302 1.5005
      vertex -30.05 17.5 -1.5005
      vertex -30.05 17.5 1.5005
    endloop
  endfacet
  facet normal 0 1 -0
    outer loop
      vertex -2.23345 30.036 -1.5005
      vertex -17.7665 30.036 1.5005
      vertex -2.23345 30.036 1.5005
    endloop
  endfacet
  facet normal 0 1 0
    outer loop
      vertex -17.7665 30.036 1.5005
      vertex -2.23345 30.036 -1.5005
      vertex -17.7665 30.036 -1.5005
    endloop
  endfacet
  facet normal 0.074979 0.224942 0.971483
    outer loop
      vertex 39 22 5.65
      vertex 17.0083 23.5 7
      vertex 26.2038 20.4349 7
    endloop
  endfacet
  facet normal 0.0749786 0.224936 0.971484
    outer loop
      vertex 6.25 27.7431 6.84788
      vertex 17.0083 23.5 7
      vertex 39 22 5.65
    endloop
  endfacet
  facet normal 0.0749798 0.224939 0.971484
    outer loop
      vertex 17.0083 23.5 7
      vertex 6.25 27.7431 6.84788
      vertex 16.1015 23.7079 7.02185
    endloop
  endfacet
  facet normal 0.0749741 0.224925 0.971487
    outer loop
      vertex 16.1015 23.7079 7.02185
      vertex 6.25 27.7431 6.84788
      vertex 14.6679 23.9067 7.08646
    endloop
  endfacet
  facet normal 0.0749845 0.224947 0.971481
    outer loop
      vertex 14.6679 23.9067 7.08646
      vertex 6.25 27.7431 6.84788
      vertex 13.5144 24.0168 7.15
    endloop
  endfacet
  facet normal 0.0749817 0.224942 0.971483
    outer loop
      vertex 13.5144 24.0168 7.15
      vertex 6.25 27.7431 6.84788
      vertex 6.25 26.4383 7.15
    endloop
  endfacet
  facet normal 0.0749553 0.224797 0.971518
    outer loop
      vertex -1.75 29.146 7.14049
      vertex -2.01002 29.1916 7.15
      vertex -1.75 29.1049 7.15
    endloop
  endfacet
  facet normal -0.587837 0.808979 0
    outer loop
      vertex -18.775 29.7084 -1.5005
      vertex -19.2063 29.395 1.5005
      vertex -18.775 29.7084 1.5005
    endloop
  endfacet
  facet normal -0.587837 0.808979 0
    outer loop
      vertex -19.2063 29.395 1.5005
      vertex -18.775 29.7084 -1.5005
      vertex -19.2063 29.395 -1.5005
    endloop
  endfacet
  facet normal 0.0901655 0.124071 0.988168
    outer loop
      vertex 39 22 5.65
      vertex 26.6144 20.2488 7
      vertex 26.9613 19.9967 7
    endloop
  endfacet
  facet normal 0.113832 0.0152746 0.993383
    outer loop
      vertex 39 22 5.65
      vertex 27.6483 18.8003 7
      vertex 27.6525 18.769 7
    endloop
  endfacet
  facet normal 0.176288 0.974873 0.136183
    outer loop
      vertex 39 22 5.65
      vertex 6.25 28.2811 3.08121
      vertex 6.25 27.7568 6.83443
    endloop
  endfacet
  facet normal 0.176288 0.974872 0.136187
    outer loop
      vertex 6.25 28.2811 3.08121
      vertex 39 22 5.65
      vertex -2.23345 30.036 1.5005
    endloop
  endfacet
  facet normal 0.176337 0.974863 0.136187
    outer loop
      vertex -1.75 29.5661 4.23825
      vertex -2.4757 29.2906 7.15
      vertex -1.75 29.163 7.12375
    endloop
  endfacet
  facet normal 0.17633 0.974865 0.136186
    outer loop
      vertex -1.75 29.5661 4.23825
      vertex -2.23345 30.036 1.5005
      vertex -2.4757 29.2906 7.15
    endloop
  endfacet
  facet normal 0.176287 0.974871 0.136194
    outer loop
      vertex -2.23345 30.036 1.5005
      vertex -1.75 29.5661 4.23825
      vertex 6.25 28.2811 3.08121
    endloop
  endfacet
  facet normal 0.101013 0.0661659 0.992682
    outer loop
      vertex 39 22 5.65
      vertex 27.2659 19.6601 7
      vertex 27.2809 19.6372 7
    endloop
  endfacet
  facet normal 0.0954244 0.0943462 0.990956
    outer loop
      vertex 39 22 5.65
      vertex 26.9613 19.9967 7
      vertex 26.9788 19.979 7
    endloop
  endfacet
  facet normal 0.191291 0.981533 -0
    outer loop
      vertex 39 22 -1.5
      vertex -2.23345 30.036 1.5005
      vertex 39 22 5.65
    endloop
  endfacet
  facet normal 0.191291 0.981533 0
    outer loop
      vertex -2.23345 30.036 1.5005
      vertex 39 22 -1.5
      vertex -2.23345 30.036 -1.5005
    endloop
  endfacet
  facet normal -0.207825 0.978166 0
    outer loop
      vertex -17.7665 30.036 -1.5005
      vertex -18.288 29.9252 1.5005
      vertex -17.7665 30.036 1.5005
    endloop
  endfacet
  facet normal -0.207825 0.978166 0
    outer loop
      vertex -18.288 29.9252 1.5005
      vertex -17.7665 30.036 -1.5005
      vertex -18.288 29.9252 -1.5005
    endloop
  endfacet
  facet normal 0.147328 0.692921 0.705801
    outer loop
      vertex 6.25 27.7568 6.83443
      vertex 6.25 27.7431 6.84788
      vertex 39 22 5.65
    endloop
  endfacet
  facet normal 0.147477 0.693965 0.704743
    outer loop
      vertex -1.75 29.163 7.12375
      vertex -2.01002 29.1916 7.15
      vertex -1.75 29.146 7.14049
    endloop
  endfacet
  facet normal 0 0 1
    outer loop
      vertex -2.01002 29.1916 7.15
      vertex -2.4757 29.2906 7.15
      vertex -2.01003 29.1916 7.15
    endloop
  endfacet
  facet normal 0.147474 0.693694 0.705011
    outer loop
      vertex -2.4757 29.2906 7.15
      vertex -2.01002 29.1916 7.15
      vertex -1.75 29.163 7.12375
    endloop
  endfacet
  facet normal 0.105472 0.0466585 0.993327
    outer loop
      vertex 39 22 5.65
      vertex 27.4955 19.2654 7
      vertex 27.5074 19.2385 7
    endloop
  endfacet
  facet normal 0.102464 0.0591411 0.992977
    outer loop
      vertex 39 22 5.65
      vertex 27.2809 19.6372 7
      vertex 27.4955 19.2654 7
    endloop
  endfacet
  facet normal 0.081106 0.182128 0.979924
    outer loop
      vertex 39 22 5.65
      vertex 26.2038 20.4349 7
      vertex 26.5952 20.2606 7
    endloop
  endfacet
  facet normal 0.109649 0.0301718 0.993512
    outer loop
      vertex 39 22 5.65
      vertex 27.6401 18.8301 7
      vertex 27.6483 18.8003 7
    endloop
  endfacet
  facet normal -0.831829 -0.480295 0.278167
    outer loop
      vertex -9.54169 -22.7867 54.8321
      vertex -15.7343 -21.489 38.5544
      vertex -16.4008 -21.489 36.5613
    endloop
  endfacet
  facet normal -0.826068 -0.491893 0.27505
    outer loop
      vertex -15.7343 -21.489 38.5544
      vertex -9.54169 -22.7867 54.8321
      vertex -9.5419 -22.7859 54.8329
    endloop
  endfacet
  facet normal -0.831803 -0.480345 0.278158
    outer loop
      vertex -29.526 -19.0058 1.599
      vertex -26.2159 -19.2939 11
      vertex -29.7921 -18.545 1.599
    endloop
  endfacet
  facet normal -0.831989 -0.479978 0.278235
    outer loop
      vertex -29.526 -19.0058 1.599
      vertex -26.097 -19.5 11
      vertex -26.2159 -19.2939 11
    endloop
  endfacet
  facet normal -0.831904 -0.480149 0.278195
    outer loop
      vertex -26.097 -19.5 11
      vertex -29.526 -19.0058 1.599
      vertex -25.9899 -19.6749 11.0184
    endloop
  endfacet
  facet normal -0.831271 -0.48143 0.277874
    outer loop
      vertex -9.501 -22.9617 54.6508
      vertex -16.4008 -21.489 36.5613
      vertex -16.9563 -21.489 34.8995
    endloop
  endfacet
  facet normal -0.831366 -0.481236 0.277926
    outer loop
      vertex -16.4008 -21.489 36.5613
      vertex -9.501 -22.9617 54.6508
      vertex -9.54169 -22.7867 54.8321
    endloop
  endfacet
  facet normal -0.855757 -0.427878 0.290862
    outer loop
      vertex -29.5258 -19.0062 1.599
      vertex -25.9899 -19.6749 11.0184
      vertex -29.526 -19.0058 1.599
    endloop
  endfacet
  facet normal -0.830353 -0.483289 0.277392
    outer loop
      vertex -25.9899 -19.6749 11.0184
      vertex -29.5258 -19.0062 1.599
      vertex -25.969 -19.7088 11.0219
    endloop
  endfacet
  facet normal 0.39477 -0.873858 0.283777
    outer loop
      vertex -4.499 -23.065 54.3327
      vertex -1.84975 -23.7296 48.6007
      vertex -4.499 -22.9617 54.6508
    endloop
  endfacet
  facet normal 0.395066 -0.873686 0.283894
    outer loop
      vertex -1.84975 -23.7296 48.6007
      vertex -4.499 -23.065 54.3327
      vertex -1.84975 -23.8212 48.3188
    endloop
  endfacet
  facet normal 0.749677 -0.491744 0.442914
    outer loop
      vertex -4.45796 -22.7305 54.942
      vertex -1.84975 -22.2928 51.0133
      vertex -4.41923 -22.5622 55.0633
    endloop
  endfacet
  facet normal 0.748862 -0.49366 0.44216
    outer loop
      vertex -4.45989 -22.7371 54.9379
      vertex -1.84975 -22.2928 51.0133
      vertex -4.45796 -22.7305 54.942
    endloop
  endfacet
  facet normal 0.749778 -0.491499 0.443014
    outer loop
      vertex -4.46148 -22.7425 54.9346
      vertex -1.84975 -22.2928 51.0133
      vertex -4.45989 -22.7371 54.9379
    endloop
  endfacet
  facet normal 0.749719 -0.491638 0.442959
    outer loop
      vertex -4.499 -22.7944 54.9405
      vertex -1.84975 -22.2928 51.0133
      vertex -4.46148 -22.7425 54.9346
    endloop
  endfacet
  facet normal 0.749586 -0.49196 0.442828
    outer loop
      vertex -1.84975 -22.2928 51.0133
      vertex -4.499 -22.7944 54.9405
      vertex -1.84975 -22.4992 50.784
    endloop
  endfacet
  facet normal 0.724677 -0.543508 0.423606
    outer loop
      vertex 26.0739 -19.3647 7
      vertex 29.5002 -19.0058 1.599
      vertex 29.5005 -19.0054 1.599
    endloop
  endfacet
  facet normal 0.750385 -0.490171 0.443459
    outer loop
      vertex 29.5002 -19.0058 1.599
      vertex 26.0739 -19.3647 7
      vertex 26.0577 -19.3895 7
    endloop
  endfacet
  facet normal 0.842757 8.80992e-07 0.538295
    outer loop
      vertex 26.5373 1.48946e-07 7
      vertex 29.9871 -14.3329 1.599
      vertex 30.05 0 1.5005
    endloop
  endfacet
  facet normal 0.842756 -0 0.538296
    outer loop
      vertex 26.5373 -17.9237 7
      vertex 29.9871 -14.3329 1.599
      vertex 26.5373 1.48946e-07 7
    endloop
  endfacet
  facet normal 0.842756 0 0.538296
    outer loop
      vertex 29.9871 -14.3329 1.599
      vertex 26.5373 -17.9237 7
      vertex 29.9871 -17.5076 1.599
    endloop
  endfacet
  facet normal 0.842815 0 0.538204
    outer loop
      vertex 30.05 0 1.5005
      vertex 29.9871 -14.3329 1.599
      vertex 30.05 -14.3786 1.5005
    endloop
  endfacet
  facet normal 0.843227 0 0.537557
    outer loop
      vertex -3.48519 -17.3759 54.004
      vertex -3.48264 -19.5 54
      vertex -3.48264 -17.3376 54
    endloop
  endfacet
  facet normal 0.838503 -1.94931e-05 0.544897
    outer loop
      vertex -3.48636 -17.3879 54.0058
      vertex -3.48264 -19.5 54
      vertex -3.48519 -17.3759 54.004
    endloop
  endfacet
  facet normal 0.842757 0 0.538294
    outer loop
      vertex -2.91068 -20.4945 53.1045
      vertex -1.84975 -21.3477 51.4435
      vertex -1.84975 -20.4945 51.4435
    endloop
  endfacet
  facet normal 0.84276 2.18249e-05 0.53829
    outer loop
      vertex -4.23945 -21.6359 55.1849
      vertex -2.91068 -20.4945 53.1045
      vertex -3.0413 -20.4511 53.309
    endloop
  endfacet
  facet normal 0.842781 -5.32132e-05 0.538256
    outer loop
      vertex -4.23945 -21.6359 55.1849
      vertex -3.0413 -20.4511 53.309
      vertex -3.16328 -20.366 53.5
    endloop
  endfacet
  facet normal 0.842761 1.64844e-05 0.538288
    outer loop
      vertex -2.91068 -20.4945 53.1045
      vertex -4.23945 -21.6359 55.1849
      vertex -1.84975 -21.3477 51.4435
    endloop
  endfacet
  facet normal 0.842736 7.87166e-05 0.538327
    outer loop
      vertex -3.27131 -20.2431 53.6691
      vertex -4.23945 -21.6359 55.1849
      vertex -3.16328 -20.366 53.5
    endloop
  endfacet
  facet normal 0.842774 -1.18623e-05 0.538268
    outer loop
      vertex -3.36066 -20.0878 53.809
      vertex -4.23945 -21.6359 55.1849
      vertex -3.27131 -20.2431 53.6691
    endloop
  endfacet
  facet normal 0.842745 4.41498e-05 0.538313
    outer loop
      vertex -3.42742 -19.9067 53.9135
      vertex -4.23945 -21.6359 55.1849
      vertex -3.36066 -20.0878 53.809
    endloop
  endfacet
  facet normal 0.842771 1.91003e-06 0.538272
    outer loop
      vertex -3.46868 -19.7079 53.9781
      vertex -4.23945 -21.6359 55.1849
      vertex -3.42742 -19.9067 53.9135
    endloop
  endfacet
  facet normal 0.842841 -9.47027e-05 0.538162
    outer loop
      vertex -3.48264 -19.5 54
      vertex -4.23945 -21.6359 55.1849
      vertex -3.46868 -19.7079 53.9781
    endloop
  endfacet
  facet normal 0.842759 6.14222e-06 0.538291
    outer loop
      vertex -4.23945 -21.6359 55.1849
      vertex -3.48264 -19.5 54
      vertex -3.48636 -17.3879 54.0058
    endloop
  endfacet
  facet normal 0.842743 -0.000819183 0.538316
    outer loop
      vertex -3.48264 21.5447 54
      vertex -4.3537 21.6366 55.3638
      vertex -4.34958 21.6037 55.3573
    endloop
  endfacet
  facet normal 0.842786 0.000602206 0.538248
    outer loop
      vertex -4.3537 21.6366 55.3638
      vertex -3.48264 21.5447 54
      vertex -4.35537 21.6499 55.3664
    endloop
  endfacet
  facet normal 0.842759 2.46958e-06 0.53829
    outer loop
      vertex -4.31611 21.306 55.3049
      vertex -3.48264 21.5447 54
      vertex -4.34958 21.6037 55.3573
    endloop
  endfacet
  facet normal 0.84276 -1.54984e-06 0.53829
    outer loop
      vertex -3.48636 13.1668 54.0058
      vertex -3.48264 21.5447 54
      vertex -4.31611 21.306 55.3049
    endloop
  endfacet
  facet normal 0.838465 4.97171e-06 0.544956
    outer loop
      vertex -3.48519 13.1499 54.004
      vertex -3.48264 21.5447 54
      vertex -3.48636 13.1668 54.0058
    endloop
  endfacet
  facet normal 0.843227 0 0.537557
    outer loop
      vertex -3.48264 21.5447 54
      vertex -3.48519 13.1499 54.004
      vertex -3.48264 13.101 54
    endloop
  endfacet
  facet normal -0.691362 0.691364 0.209844
    outer loop
      vertex -19.2063 29.395 1.5005
      vertex -23.6802 24.0873 4.24762
      vertex -23.4012 24.29 4.499
    endloop
  endfacet
  facet normal -0.691363 0.691363 0.209841
    outer loop
      vertex -29.2063 19.395 1.5005
      vertex -23.6802 24.0873 4.24762
      vertex -19.2063 29.395 1.5005
    endloop
  endfacet
  facet normal -0.691363 0.691364 0.209839
    outer loop
      vertex -17.9629 21.489 31.6453
      vertex -19.2063 29.395 1.5005
      vertex -23.6855 21.489 12.7909
    endloop
  endfacet
  facet normal -0.691374 0.691354 0.209834
    outer loop
      vertex -23.4012 24.29 4.499
      vertex -23.8965 21.4021 12.382
      vertex -23.6855 21.489 12.7909
    endloop
  endfacet
  facet normal -0.691414 0.69132 0.209819
    outer loop
      vertex -23.4012 24.29 4.499
      vertex -24.1825 21.232 12
      vertex -23.8965 21.4021 12.382
    endloop
  endfacet
  facet normal -0.691345 0.691379 0.209851
    outer loop
      vertex -23.4012 24.29 4.499
      vertex -24.5309 20.9863 11.6617
      vertex -24.1825 21.232 12
    endloop
  endfacet
  facet normal -0.691267 0.69145 0.209871
    outer loop
      vertex -24.37 23.3212 4.499
      vertex -24.9266 20.6756 11.382
      vertex -24.5309 20.9863 11.6617
    endloop
  endfacet
  facet normal -0.691417 0.69132 0.209809
    outer loop
      vertex -24.37 23.3212 4.499
      vertex -25.3521 20.3135 11.1729
      vertex -24.9266 20.6756 11.382
    endloop
  endfacet
  facet normal -0.691478 0.691268 0.209776
    outer loop
      vertex -24.37 23.3212 4.499
      vertex -25.6292 20.0612 11.0909
      vertex -25.3521 20.3135 11.1729
    endloop
  endfacet
  facet normal -0.691364 0.691362 0.209845
    outer loop
      vertex -24.37 23.3212 4.499
      vertex -29.2063 19.395 1.5005
      vertex -25.6292 20.0612 11.0909
    endloop
  endfacet
  facet normal -0.691364 0.691363 0.209843
    outer loop
      vertex -23.6802 24.0873 4.24762
      vertex -29.2063 19.395 1.5005
      vertex -24.37 23.3212 4.499
    endloop
  endfacet
  facet normal -0.691365 0.691363 0.209837
    outer loop
      vertex -23.6855 21.489 12.7909
      vertex -19.2063 29.395 1.5005
      vertex -23.4012 24.29 4.499
    endloop
  endfacet
  facet normal -0.691364 0.691364 0.20984
    outer loop
      vertex -24.5309 20.9863 11.6617
      vertex -23.4012 24.29 4.499
      vertex -24.37 23.3212 4.499
    endloop
  endfacet
  facet normal -0.691367 0.691361 0.209839
    outer loop
      vertex -19.2063 29.395 1.5005
      vertex -17.9629 21.489 31.6453
      vertex -9.501 23.065 54.3327
    endloop
  endfacet
  facet normal 0.841378 0.109787 0.529178
    outer loop
      vertex -4.39824 21.9741 55.3657
      vertex -3.52738 21.8828 54
      vertex -4.39959 21.983 55.366
    endloop
  endfacet
  facet normal 0.84121 0.112406 0.528896
    outer loop
      vertex -4.35863 21.6772 55.3658
      vertex -3.52738 21.8828 54
      vertex -4.39824 21.9741 55.3657
    endloop
  endfacet
  facet normal 0.841168 0.113179 0.528798
    outer loop
      vertex -3.48428 21.5602 54
      vertex -4.35863 21.6772 55.3658
      vertex -4.35563 21.6521 55.3664
    endloop
  endfacet
  facet normal 0.841213 0.112388 0.528895
    outer loop
      vertex -4.35863 21.6772 55.3658
      vertex -3.48428 21.5602 54
      vertex -3.52738 21.8828 54
    endloop
  endfacet
  facet normal -0.831903 0.480148 0.278201
    outer loop
      vertex -29.563 18.9989 1.5005
      vertex -26.097 19.5 11
      vertex -25.9899 19.6749 11.0184
    endloop
  endfacet
  facet normal -0.831988 0.479977 0.278241
    outer loop
      vertex -29.563 18.9989 1.5005
      vertex -26.2159 19.2939 11
      vertex -26.097 19.5 11
    endloop
  endfacet
  facet normal -0.831886 0.480177 0.278199
    outer loop
      vertex -26.2159 19.2939 11
      vertex -29.563 18.9989 1.5005
      vertex -29.8295 18.5372 1.5005
    endloop
  endfacet
  facet normal -0.831831 0.480292 0.278167
    outer loop
      vertex -9.501 22.7944 54.9405
      vertex -16.4008 21.489 36.5613
      vertex -15.7343 21.489 38.5544
    endloop
  endfacet
  facet normal 0 0.991407 0.130812
    outer loop
      vertex -4.03442 24.4945 43.4988
      vertex -2.23345 30.036 1.5005
      vertex -5.74975 24.4945 43.4988
    endloop
  endfacet
  facet normal -0 0.991407 0.130817
    outer loop
      vertex -5.74975 23.1089 54
      vertex -4.499 23.065 54.3327
      vertex -4.48474 23.1089 54
    endloop
  endfacet
  facet normal 0 0.991407 0.130817
    outer loop
      vertex -4.499 23.065 54.3327
      vertex -5.74975 23.1089 54
      vertex -9.501 23.065 54.3327
    endloop
  endfacet
  facet normal -3.41269e-07 0.991407 0.130813
    outer loop
      vertex -5.74975 24.4945 43.4988
      vertex -9.501 23.065 54.3327
      vertex -5.74975 23.1089 54
    endloop
  endfacet
  facet normal -0 0.991407 0.130812
    outer loop
      vertex -17.7665 30.036 1.5005
      vertex -5.74975 24.4945 43.4988
      vertex -2.23345 30.036 1.5005
    endloop
  endfacet
  facet normal -1.76757e-06 0.991407 0.130813
    outer loop
      vertex -5.74975 24.4945 43.4988
      vertex -17.7665 30.036 1.5005
      vertex -9.501 23.065 54.3327
    endloop
  endfacet
  facet normal 0.683993 -0.615038 0.392279
    outer loop
      vertex -1.84975 -22.4992 50.784
      vertex -4.499 -22.7944 54.9405
      vertex -1.84975 -22.5272 50.7401
    endloop
  endfacet
  facet normal 0.683737 -0.61545 0.392079
    outer loop
      vertex 26.0577 -19.3895 7
      vertex 29.1442 -19.4013 1.599
      vertex 29.5002 -19.0058 1.599
    endloop
  endfacet
  facet normal 0.683382 -0.615972 0.391877
    outer loop
      vertex 25.9581 -19.5 7
      vertex 29.1442 -19.4013 1.599
      vertex 26.0577 -19.3895 7
    endloop
  endfacet
  facet normal 0.683686 -0.615515 0.392065
    outer loop
      vertex 25.7584 -19.7079 7.02185
      vertex 29.1442 -19.4013 1.599
      vertex 25.9581 -19.5 7
    endloop
  endfacet
  facet normal 0.684304 -0.614547 0.392505
    outer loop
      vertex 29.1442 -19.4013 1.599
      vertex 25.7584 -19.7079 7.02185
      vertex 25.7159 -19.7471 7.03457
    endloop
  endfacet
  facet normal -0.913782 -0.238806 0.328595
    outer loop
      vertex -9.61045 -22.5464 54.9023
      vertex -13.3932 -21.489 45.1514
      vertex -14.3826 -21.489 42.4
    endloop
  endfacet
  facet normal -0.913786 -0.238784 0.328599
    outer loop
      vertex -13.3932 -21.489 45.1514
      vertex -9.65042 -22.3776 54.9138
      vertex -9.67392 -22.264 54.931
    endloop
  endfacet
  facet normal -0.91379 -0.238763 0.328603
    outer loop
      vertex -13.3932 -21.489 45.1514
      vertex -9.61045 -22.5464 54.9023
      vertex -9.65042 -22.3776 54.9138
    endloop
  endfacet
  facet normal -0.923383 -0.184677 0.336539
    outer loop
      vertex -29.9567 -18.0385 1.599
      vertex -26.3815 -18.7829 11
      vertex -29.9568 -18.038 1.599
    endloop
  endfacet
  facet normal -0.913863 -0.238399 0.328665
    outer loop
      vertex -26.3815 -18.7829 11
      vertex -29.9567 -18.0385 1.599
      vertex -26.3683 -18.8335 11
    endloop
  endfacet
  facet normal 0.842531 -0.0885531 0.531319
    outer loop
      vertex -4.23945 -21.6359 55.1849
      vertex -1.84975 -21.3879 51.4368
      vertex -1.84975 -21.3477 51.4435
    endloop
  endfacet
  facet normal 0.842269 -0.0940723 0.530786
    outer loop
      vertex -1.84975 -21.3879 51.4368
      vertex -4.23945 -21.6359 55.1849
      vertex -4.24016 -21.64 55.1853
    endloop
  endfacet
  facet normal 0.842527 -0.0885195 0.531331
    outer loop
      vertex 26.5373 -17.9237 7
      vertex 29.9315 -18.0368 1.599
      vertex 29.9871 -17.5076 1.599
    endloop
  endfacet
  facet normal 0.842533 -0.0884457 0.531333
    outer loop
      vertex 29.9315 -18.0368 1.599
      vertex 26.5373 -17.9237 7
      vertex 26.4873 -18.4 7
    endloop
  endfacet
  facet normal 0.825958 0.240977 0.50963
    outer loop
      vertex -3.61202 22.1902 54
      vertex -4.44769 22.2944 55.3051
      vertex -4.44758 22.2936 55.3053
    endloop
  endfacet
  facet normal 0.821086 0.267169 0.504419
    outer loop
      vertex -4.44769 22.2944 55.3051
      vertex -3.61202 22.1902 54
      vertex -3.61625 22.2032 54
    endloop
  endfacet
  facet normal -0.885969 0.345343 0.309513
    outer loop
      vertex -26.2159 19.2939 11
      vertex -29.8295 18.5372 1.5005
      vertex -26.2327 19.2508 11
    endloop
  endfacet
  facet normal -0.886472 0.343763 0.309829
    outer loop
      vertex -14.9521 21.489 40.7924
      vertex -9.501 22.7944 54.9405
      vertex -15.7343 21.489 38.5544
    endloop
  endfacet
  facet normal -0.886406 0.343974 0.309785
    outer loop
      vertex -9.501 22.7944 54.9405
      vertex -14.9521 21.489 40.7924
      vertex -9.501 22.5706 55.189
    endloop
  endfacet
  facet normal 0.66073 -0.650019 0.375382
    outer loop
      vertex -4.499 -22.9617 54.6508
      vertex -1.84975 -22.5272 50.7401
      vertex -4.499 -22.7944 54.9405
    endloop
  endfacet
  facet normal 0.660601 -0.650213 0.375273
    outer loop
      vertex -1.84975 -22.5272 50.7401
      vertex -4.499 -22.9617 54.6508
      vertex -1.84975 -22.6813 50.4731
    endloop
  endfacet
  facet normal 0.570194 -0.760259 0.311264
    outer loop
      vertex 25.7159 -19.7471 7.03457
      vertex 29.1438 -19.4016 1.599
      vertex 29.1442 -19.4013 1.599
    endloop
  endfacet
  facet normal 0.659712 -0.651483 0.374632
    outer loop
      vertex 29.1438 -19.4016 1.599
      vertex 25.7159 -19.7471 7.03457
      vertex 25.6928 -19.7668 7.04099
    endloop
  endfacet
  facet normal -0.93408 0.0751743 0.349059
    outer loop
      vertex -26.4365 18.2903 11
      vertex -30.05 17.5 1.5005
      vertex -26.4412 18.2319 11
    endloop
  endfacet
  facet normal -0.934127 0.074045 0.349177
    outer loop
      vertex -10.7793 21.489 52.2091
      vertex -9.62887 21.9665 55.1855
      vertex -11.8117 21.489 49.4472
    endloop
  endfacet
  facet normal -0.934124 0.0742315 0.349146
    outer loop
      vertex -10.6778 21.4286 52.4935
      vertex -9.62887 21.9665 55.1855
      vertex -10.7793 21.489 52.2091
    endloop
  endfacet
  facet normal -0.934123 0.0743805 0.349116
    outer loop
      vertex -9.62887 21.9665 55.1855
      vertex -10.6778 21.4286 52.4935
      vertex -9.63486 21.9307 55.1771
    endloop
  endfacet
  facet normal -0.934119 0.074786 0.349039
    outer loop
      vertex -9.63486 21.9307 55.1771
      vertex -10.6778 21.4286 52.4935
      vertex -9.63901 21.9022 55.1721
    endloop
  endfacet
  facet normal -0.934137 0.0732184 0.349323
    outer loop
      vertex -9.63901 21.9022 55.1721
      vertex -10.6778 21.4286 52.4935
      vertex -9.64299 21.8748 55.1672
    endloop
  endfacet
  facet normal -0.934122 0.0742957 0.349137
    outer loop
      vertex -9.64299 21.8748 55.1672
      vertex -10.6778 21.4286 52.4935
      vertex -9.67471 21.632 55.134
    endloop
  endfacet
  facet normal -0.723969 0.652231 0.224644
    outer loop
      vertex -29.2063 19.395 1.5005
      vertex -25.7759 19.9158 11.0437
      vertex -25.6534 20.0381 11.0834
    endloop
  endfacet
  facet normal -0.724218 0.651917 0.22475
    outer loop
      vertex -29.2063 19.395 1.5005
      vertex -25.969 19.7088 11.0219
      vertex -25.7759 19.9158 11.0437
    endloop
  endfacet
  facet normal -0.724095 0.652069 0.224704
    outer loop
      vertex -25.969 19.7088 11.0219
      vertex -29.2063 19.395 1.5005
      vertex -29.563 18.9989 1.5005
    endloop
  endfacet
  facet normal -0.724167 0.65198 0.22473
    outer loop
      vertex -9.501 22.9617 54.6508
      vertex -17.6371 21.489 32.7057
      vertex -16.9563 21.489 34.8995
    endloop
  endfacet
  facet normal -0.934878 0 0.354969
    outer loop
      vertex -30.05 17.5 1.5005
      vertex -30.05 -14.3786 1.5005
      vertex -30.0126 -14.3514 1.599
    endloop
  endfacet
  facet normal -0.934817 5.72978e-07 0.355131
    outer loop
      vertex -30.0126 -14.3514 1.599
      vertex -26.4412 18.2319 11
      vertex -30.05 17.5 1.5005
    endloop
  endfacet
  facet normal -0.934816 0 0.355133
    outer loop
      vertex -26.4412 -18.2319 11
      vertex -30.0126 -14.3514 1.599
      vertex -30.0126 -17.5076 1.599
    endloop
  endfacet
  facet normal -0.934816 0 0.355133
    outer loop
      vertex -30.0126 -14.3514 1.599
      vertex -26.4412 -18.2319 11
      vertex -26.4412 18.2319 11
    endloop
  endfacet
  facet normal -0.934775 7.75307e-05 0.355239
    outer loop
      vertex -10.1712 -20.3135 53.8271
      vertex -9.81032 -21.6045 54.777
      vertex -10.1361 -20.0294 53.9194
    endloop
  endfacet
  facet normal -0.934836 -5.77859e-05 0.355079
    outer loop
      vertex -10.2506 -20.6756 53.618
      vertex -9.81032 -21.6045 54.777
      vertex -10.1712 -20.3135 53.8271
    endloop
  endfacet
  facet normal -0.934799 8.35162e-05 0.355178
    outer loop
      vertex -10.3569 -20.9863 53.3383
      vertex -9.81032 -21.6045 54.777
      vertex -10.2506 -20.6756 53.618
    endloop
  endfacet
  facet normal -0.934819 -5.82599e-05 0.355124
    outer loop
      vertex -10.4854 -21.232 53
      vertex -9.81032 -21.6045 54.777
      vertex -10.3569 -20.9863 53.3383
    endloop
  endfacet
  facet normal -0.934821 -7.96115e-05 0.35512
    outer loop
      vertex -10.6305 -21.4021 52.618
      vertex -9.81032 -21.6045 54.777
      vertex -10.4854 -21.232 53
    endloop
  endfacet
  facet normal -0.934815 9.40347e-05 0.355135
    outer loop
      vertex -9.81032 -21.6045 54.777
      vertex -10.6305 -21.4021 52.618
      vertex -10.6778 -21.4286 52.4935
    endloop
  endfacet
  facet normal -0.934816 -0.000107366 0.355132
    outer loop
      vertex -10.6305 21.4021 52.618
      vertex -9.67471 21.632 55.134
      vertex -10.6778 21.4286 52.4935
    endloop
  endfacet
  facet normal -0.934822 7.2822e-05 0.355118
    outer loop
      vertex -10.4854 21.232 53
      vertex -9.67471 21.632 55.134
      vertex -10.6305 21.4021 52.618
    endloop
  endfacet
  facet normal -0.93482 5.304e-05 0.355121
    outer loop
      vertex -10.3569 20.9863 53.3383
      vertex -9.67471 21.632 55.134
      vertex -10.4854 21.232 53
    endloop
  endfacet
  facet normal -0.934802 -0.000102537 0.35517
    outer loop
      vertex -9.67471 21.632 55.134
      vertex -10.3569 20.9863 53.3383
      vertex -9.68291 21.5706 55.1124
    endloop
  endfacet
  facet normal -0.934803 -9.39549e-05 0.355167
    outer loop
      vertex -10.2506 20.6756 53.618
      vertex -9.68291 21.5706 55.1124
      vertex -10.3569 20.9863 53.3383
    endloop
  endfacet
  facet normal -0.934834 6.24094e-05 0.355086
    outer loop
      vertex -10.1712 20.3135 53.8271
      vertex -9.68291 21.5706 55.1124
      vertex -10.2506 20.6756 53.618
    endloop
  endfacet
  facet normal -0.934804 -2.93689e-05 0.355164
    outer loop
      vertex -10.1221 19.9158 53.9563
      vertex -9.68291 21.5706 55.1124
      vertex -10.1712 20.3135 53.8271
    endloop
  endfacet
  facet normal -0.934819 2.27019e-06 0.355124
    outer loop
      vertex -10.1055 19.5 54
      vertex -9.68291 21.5706 55.1124
      vertex -10.1221 19.9158 53.9563
    endloop
  endfacet
  facet normal -0.934818 0 0.355128
    outer loop
      vertex -9.68291 21.5706 55.1124
      vertex -10.1055 19.5 54
      vertex -10.1055 18.0177 54
    endloop
  endfacet
  facet normal 0 -0.865972 0.500093
    outer loop
      vertex -9.501 -22.9617 54.6508
      vertex -4.499 -22.7944 54.9405
      vertex -9.501 -22.7944 54.9405
    endloop
  endfacet
  facet normal 0 -0.865972 0.500093
    outer loop
      vertex -4.499 -22.7944 54.9405
      vertex -9.501 -22.9617 54.6508
      vertex -4.499 -22.9617 54.6508
    endloop
  endfacet
  facet normal -0.205164 0.965642 0.15951
    outer loop
      vertex -17.7665 30.036 1.5005
      vertex -18.288 29.9252 1.5005
      vertex -9.501 23.065 54.3327
    endloop
  endfacet
  facet normal -0.901281 0.292868 0.319252
    outer loop
      vertex -29.8295 18.5372 1.5005
      vertex -26.3683 18.8335 11
      vertex -26.2327 19.2508 11
    endloop
  endfacet
  facet normal -0.901257 0.292953 0.319241
    outer loop
      vertex -26.3683 18.8335 11
      vertex -29.8295 18.5372 1.5005
      vertex -29.9943 18.0302 1.5005
    endloop
  endfacet
  facet normal -0.901365 0.29254 0.319313
    outer loop
      vertex -9.501 22.5706 55.189
      vertex -14.9521 21.489 40.7924
      vertex -14.3826 21.489 42.4
    endloop
  endfacet
  facet normal -0.913863 0.238399 0.328666
    outer loop
      vertex -26.3683 18.8335 11
      vertex -29.9943 18.0302 1.5005
      vertex -26.3815 18.7829 11
    endloop
  endfacet
  facet normal -0.913777 0.238829 0.328593
    outer loop
      vertex -13.3932 21.489 45.1514
      vertex -9.501 22.5706 55.189
      vertex -14.3826 21.489 42.4
    endloop
  endfacet
  facet normal -0.913927 0.238059 0.328734
    outer loop
      vertex -9.501 22.5706 55.189
      vertex -13.3932 21.489 45.1514
      vertex -9.52891 22.551 55.1256
    endloop
  endfacet
  facet normal -0.912179 0.246819 0.327124
    outer loop
      vertex -9.52891 22.551 55.1256
      vertex -13.3932 21.489 45.1514
      vertex -9.52974 22.5478 55.1257
    endloop
  endfacet
  facet normal -0.914325 0.236009 0.329103
    outer loop
      vertex -9.52974 22.5478 55.1257
      vertex -13.3932 21.489 45.1514
      vertex -9.53053 22.5446 55.1258
    endloop
  endfacet
  facet normal -0.913785 0.238786 0.3286
    outer loop
      vertex -9.53053 22.5446 55.1258
      vertex -13.3932 21.489 45.1514
      vertex -9.57735 22.2841 55.1849
    endloop
  endfacet
  facet normal -0.580064 -0.798525 0.160881
    outer loop
      vertex -17.9629 -21.489 31.6453
      vertex -18.5503 -21.489 29.5274
      vertex -9.501 -23.065 54.3327
    endloop
  endfacet
  facet normal -0.580121 -0.798478 0.160913
    outer loop
      vertex -28.7391 -19.7146 1.599
      vertex -25.6292 -20.0612 11.0909
      vertex -29.1695 -19.4019 1.599
    endloop
  endfacet
  facet normal -0.580239 -0.798383 0.160955
    outer loop
      vertex -25.6292 -20.0612 11.0909
      vertex -28.7391 -19.7146 1.599
      vertex -25.2593 -20.3135 11.1729
    endloop
  endfacet
  facet normal -0.582084 -0.796884 0.161719
    outer loop
      vertex -25.2593 -20.3135 11.1729
      vertex -28.7391 -19.7146 1.599
      vertex -25.2443 -20.3233 11.1786
    endloop
  endfacet
  facet normal -0.932847 0.097981 0.346692
    outer loop
      vertex -29.9943 18.0302 1.5005
      vertex -26.4365 18.2903 11
      vertex -26.3906 18.7273 11
    endloop
  endfacet
  facet normal -0.932846 0.0979998 0.346691
    outer loop
      vertex -26.4365 18.2903 11
      vertex -29.9943 18.0302 1.5005
      vertex -30.05 17.5 1.5005
    endloop
  endfacet
  facet normal -0.932819 0.0984017 0.346649
    outer loop
      vertex -11.8117 21.489 49.4472
      vertex -9.62832 21.9698 55.1861
      vertex -12.1136 21.489 48.6348
    endloop
  endfacet
  facet normal -0.933194 0.0923876 0.347296
    outer loop
      vertex -9.62832 21.9698 55.1861
      vertex -11.8117 21.489 49.4472
      vertex -9.62887 21.9665 55.1855
    endloop
  endfacet
  facet normal 0.312896 0.939633 0.138514
    outer loop
      vertex -4.48145 23.1082 54
      vertex -4.499 23.065 54.3327
      vertex -4.29256 23.0453 54
    endloop
  endfacet
  facet normal 0.312756 0.93968 0.138514
    outer loop
      vertex -1.75 28.8322 9
      vertex -1.75 29.1049 7.15
      vertex -1.84975 28.8654 9
    endloop
  endfacet
  facet normal 0.313181 0.939537 0.138517
    outer loop
      vertex -1.84975 28.8654 9
      vertex -3.91826 24.4945 43.3238
      vertex -1.84975 24.4945 38.647
    endloop
  endfacet
  facet normal 0.313266 0.939509 0.138519
    outer loop
      vertex -2.01002 29.1916 7.15
      vertex -1.84975 28.8654 9
      vertex -1.75 29.1049 7.15
    endloop
  endfacet
  facet normal -0 0.984808 0.173646
    outer loop
      vertex -2.01003 29.1916 7.15
      vertex -1.84975 28.8654 9
      vertex -2.01002 29.1916 7.15
    endloop
  endfacet
  facet normal 0.313258 0.939511 0.138519
    outer loop
      vertex -1.84975 28.8654 9
      vertex -2.01003 29.1916 7.15
      vertex -3.91826 24.4945 43.3238
    endloop
  endfacet
  facet normal 0.313189 0.939535 0.138514
    outer loop
      vertex 6.25 26.4383 7.15
      vertex 11.263 24.4945 9
      vertex 11.7515 24.4945 7.89547
    endloop
  endfacet
  facet normal 0.313131 0.939503 0.138863
    outer loop
      vertex 6.25 26.4383 7.15
      vertex 11.7515 24.4945 7.89547
      vertex 11.9724 24.4511 7.69098
    endloop
  endfacet
  facet normal 0.313225 0.939578 0.138139
    outer loop
      vertex 6.25 26.4383 7.15
      vertex 11.9724 24.4511 7.69098
      vertex 12.3119 24.366 7.5
    endloop
  endfacet
  facet normal 0.313187 0.939533 0.138532
    outer loop
      vertex 6.25 26.4383 7.15
      vertex 12.3119 24.366 7.5
      vertex 12.7554 24.2431 7.33087
    endloop
  endfacet
  facet normal 0.313168 0.9395 0.138803
    outer loop
      vertex 6.25 26.4383 7.15
      vertex 12.7554 24.2431 7.33087
      vertex 13.2833 24.0878 7.19098
    endloop
  endfacet
  facet normal 0.313178 0.939535 0.138543
    outer loop
      vertex 11.263 24.4945 9
      vertex 6.25 26.4383 7.15
      vertex 6.25 26.1655 9
    endloop
  endfacet
  facet normal 0.313191 0.939559 0.138352
    outer loop
      vertex 6.25 26.4383 7.15
      vertex 13.2833 24.0878 7.19098
      vertex 13.5144 24.0168 7.15
    endloop
  endfacet
  facet normal 0.3907 -0.876168 0.282283
    outer loop
      vertex -1.84975 -23.8212 48.3188
      vertex -4.499 -23.065 54.3327
      vertex -1.84975 -23.8626 48.1903
    endloop
  endfacet
  facet normal 0.203837 -0.95577 0.212024
    outer loop
      vertex -1.84975 -23.8626 48.1903
      vertex -4.499 -23.065 54.3327
      vertex -1.84975 -23.8945 48.0465
    endloop
  endfacet
  facet normal 0.841219 -0.112394 0.528884
    outer loop
      vertex -4.24016 -21.64 55.1853
      vertex -1.84975 -21.69 51.3726
      vertex -1.84975 -21.3879 51.4368
    endloop
  endfacet
  facet normal 0.841227 -0.112316 0.528888
    outer loop
      vertex -1.84975 -21.69 51.3726
      vertex -4.24016 -21.64 55.1853
      vertex -4.29893 -21.9714 55.2084
    endloop
  endfacet
  facet normal 0.839103 -0.13985 0.525689
    outer loop
      vertex 26.4873 -18.4 7
      vertex 29.9314 -18.0374 1.599
      vertex 29.9315 -18.0368 1.599
    endloop
  endfacet
  facet normal 0.841224 -0.11233 0.528889
    outer loop
      vertex 29.9314 -18.0374 1.599
      vertex 26.4873 -18.4 7
      vertex 26.4828 -18.4337 7
    endloop
  endfacet
  facet normal 0 -0.991406 0.130822
    outer loop
      vertex -9.501 -23.065 54.3327
      vertex -1.84975 -23.8945 48.0465
      vertex -4.499 -23.065 54.3327
    endloop
  endfacet
  facet normal -6.81265e-06 -0.991407 0.130814
    outer loop
      vertex -5.39294 -25.5055 35.8369
      vertex -1.84975 -23.8945 48.0465
      vertex -9.501 -23.065 54.3327
    endloop
  endfacet
  facet normal 0 -0.991407 0.130812
    outer loop
      vertex -1.84975 -23.8945 48.0465
      vertex -5.39294 -25.5055 35.8369
      vertex -1.84975 -25.5055 35.8369
    endloop
  endfacet
  facet normal 0.800193 0.352621 0.485128
    outer loop
      vertex -3.61625 22.2032 54
      vertex -4.499 22.5706 55.189
      vertex -4.45597 22.3567 55.2735
    endloop
  endfacet
  facet normal 0.800233 0.352468 0.485173
    outer loop
      vertex -3.61625 22.2032 54
      vertex -4.45597 22.3567 55.2735
      vertex -4.45363 22.3401 55.2817
    endloop
  endfacet
  facet normal 0.800606 0.351081 0.485565
    outer loop
      vertex -3.61625 22.2032 54
      vertex -4.45363 22.3401 55.2817
      vertex -4.45128 22.3234 55.2899
    endloop
  endfacet
  facet normal 0.800013 0.353233 0.48498
    outer loop
      vertex -3.61625 22.2032 54
      vertex -4.45128 22.3234 55.2899
      vertex -4.44769 22.2944 55.3051
    endloop
  endfacet
  facet normal 0.800226 0.352433 0.485211
    outer loop
      vertex -4.499 22.5706 55.189
      vertex -3.61625 22.2032 54
      vertex -3.73873 22.4813 54
    endloop
  endfacet
  facet normal 0.660729 0.650019 0.375382
    outer loop
      vertex -3.90584 22.7346 54
      vertex -4.499 22.9617 54.6508
      vertex -4.499 22.7944 54.9405
    endloop
  endfacet
  facet normal 0.660676 0.650121 0.375298
    outer loop
      vertex -4.499 22.9617 54.6508
      vertex -3.90584 22.7346 54
      vertex -4.08631 22.918 54
    endloop
  endfacet
  facet normal -0.927785 0.15185 0.340818
    outer loop
      vertex -26.3815 18.7829 11
      vertex -29.9943 18.0302 1.5005
      vertex -26.3906 18.7273 11
    endloop
  endfacet
  facet normal -0.927788 0.151836 0.340816
    outer loop
      vertex -12.1136 21.489 48.6348
      vertex -9.57735 22.2841 55.1849
      vertex -13.3932 21.489 45.1514
    endloop
  endfacet
  facet normal -0.927766 0.152044 0.340782
    outer loop
      vertex -9.57735 22.2841 55.1849
      vertex -12.1136 21.489 48.6348
      vertex -9.58274 22.2604 55.1808
    endloop
  endfacet
  facet normal -0.927955 0.150237 0.341068
    outer loop
      vertex -9.58274 22.2604 55.1808
      vertex -12.1136 21.489 48.6348
      vertex -9.58513 22.247 55.1802
    endloop
  endfacet
  facet normal -0.927827 0.151456 0.340878
    outer loop
      vertex -9.58513 22.247 55.1802
      vertex -12.1136 21.489 48.6348
      vertex -9.58795 22.2313 55.1795
    endloop
  endfacet
  facet normal -0.927787 0.151832 0.340819
    outer loop
      vertex -9.58795 22.2313 55.1795
      vertex -12.1136 21.489 48.6348
      vertex -9.62832 21.9698 55.1861
    endloop
  endfacet
  facet normal 0.828125 0.22809 0.512039
    outer loop
      vertex -4.40583 22.0291 55.3556
      vertex -3.61202 22.1902 54
      vertex -4.44758 22.2936 55.3053
    endloop
  endfacet
  facet normal 0.828271 0.227158 0.512217
    outer loop
      vertex -3.52738 21.8828 54
      vertex -4.40583 22.0291 55.3556
      vertex -4.40217 22.002 55.3617
    endloop
  endfacet
  facet normal 0.828088 0.228319 0.511998
    outer loop
      vertex -3.52738 21.8828 54
      vertex -4.40217 22.002 55.3617
      vertex -4.39959 21.983 55.366
    endloop
  endfacet
  facet normal 0.828143 0.228022 0.512041
    outer loop
      vertex -4.40583 22.0291 55.3556
      vertex -3.52738 21.8828 54
      vertex -3.61202 22.1902 54
    endloop
  endfacet
  facet normal 0 -0.951107 0.308863
    outer loop
      vertex -9.501 -23.065 54.3327
      vertex -4.499 -22.9617 54.6508
      vertex -9.501 -22.9617 54.6508
    endloop
  endfacet
  facet normal 0 -0.951107 0.308863
    outer loop
      vertex -4.499 -22.9617 54.6508
      vertex -9.501 -23.065 54.3327
      vertex -4.499 -23.065 54.3327
    endloop
  endfacet
  facet normal -0.417895 -0.90351 0.0950491
    outer loop
      vertex -18.5503 -21.489 29.5274
      vertex -9.501 -23.1 54
      vertex -9.501 -23.065 54.3327
    endloop
  endfacet
  facet normal -0.418179 -0.903366 0.0951636
    outer loop
      vertex -9.501 -23.1 54
      vertex -18.5503 -21.489 29.5274
      vertex -18.6558 -21.489 29.0638
    endloop
  endfacet
  facet normal -0.315749 -0.947247 0.0550013
    outer loop
      vertex -28.7388 -19.7147 1.599
      vertex -25.2443 -20.3233 11.1786
      vertex -28.7391 -19.7146 1.599
    endloop
  endfacet
  facet normal -0.415534 -0.904696 0.0941049
    outer loop
      vertex -25.2443 -20.3233 11.1786
      vertex -28.7388 -19.7147 1.599
      vertex -25.2196 -20.334 11.1848
    endloop
  endfacet
  facet normal -0.405079 -0.909848 0.0899356
    outer loop
      vertex -18.6558 -21.489 29.0638
      vertex -19.0339 -21.489 27.3608
      vertex -9.501 -23.1 54
    endloop
  endfacet
  facet normal -0.405203 -0.909788 0.0899829
    outer loop
      vertex -28.2527 -19.9312 1.599
      vertex -25.2196 -20.334 11.1848
      vertex -28.7388 -19.7147 1.599
    endloop
  endfacet
  facet normal -0.405041 -0.909865 0.0899284
    outer loop
      vertex -25.2196 -20.334 11.1848
      vertex -28.2527 -19.9312 1.599
      vertex -24.7846 -20.5172 11.2905
    endloop
  endfacet
  facet normal -0.315738 -0.947209 0.0557134
    outer loop
      vertex -28.2527 -19.9312 1.599
      vertex -24.3621 -21.0575 4.499
      vertex -24.7846 -20.5172 11.2905
    endloop
  endfacet
  facet normal -0.31572 -0.947217 0.0556863
    outer loop
      vertex -24.9 -21.0487 1.599
      vertex -24.3621 -21.0575 4.499
      vertex -28.2527 -19.9312 1.599
    endloop
  endfacet
  facet normal -0.31583 -0.947175 0.0557728
    outer loop
      vertex -24.2978 -21.2553 1.5005
      vertex -24.9 -21.0487 1.599
      vertex -24.9 -21.0545 1.5005
    endloop
  endfacet
  facet normal -0.31584 -0.947175 0.0557088
    outer loop
      vertex -24.9 -21.0487 1.599
      vertex -24.2978 -21.2553 1.5005
      vertex -24.3621 -21.0575 4.499
    endloop
  endfacet
  facet normal -0.31574 -0.947209 0.055706
    outer loop
      vertex -19.0339 -21.489 27.3608
      vertex -5.54907 -25.5055 35.497
      vertex -9.501 -23.1 54
    endloop
  endfacet
  facet normal -0.315739 -0.947209 0.0557066
    outer loop
      vertex -11.5471 -25.5055 1.5005
      vertex -19.0339 -21.489 27.3608
      vertex -21.6045 -21.489 12.7909
    endloop
  endfacet
  facet normal -0.315877 -0.947164 0.0557011
    outer loop
      vertex -24.3621 -21.0575 4.499
      vertex -24.2935 -20.6756 11.382
      vertex -24.7846 -20.5172 11.2905
    endloop
  endfacet
  facet normal -0.315692 -0.947225 0.0557027
    outer loop
      vertex -24.3621 -21.0575 4.499
      vertex -23.3119 -20.9863 11.6617
      vertex -24.2935 -20.6756 11.382
    endloop
  endfacet
  facet normal -0.315695 -0.947224 0.0557032
    outer loop
      vertex -24.3621 -21.0575 4.499
      vertex -22.515 -21.232 12
      vertex -23.3119 -20.9863 11.6617
    endloop
  endfacet
  facet normal -0.315733 -0.947211 0.0557128
    outer loop
      vertex -17.1503 -23.4614 4.499
      vertex -22.515 -21.232 12
      vertex -24.3621 -21.0575 4.499
    endloop
  endfacet
  facet normal -0.315771 -0.9472 0.0556821
    outer loop
      vertex -22.515 -21.232 12
      vertex -17.1503 -23.4614 4.499
      vertex -21.9374 -21.4021 12.382
    endloop
  endfacet
  facet normal -0.315708 -0.947219 0.055725
    outer loop
      vertex -21.9374 -21.4021 12.382
      vertex -17.1503 -23.4614 4.499
      vertex -21.6045 -21.489 12.7909
    endloop
  endfacet
  facet normal -0.315741 -0.947209 0.0557054
    outer loop
      vertex -11.5471 -25.5055 1.5005
      vertex -21.6045 -21.489 12.7909
      vertex -17.1503 -23.4614 4.499
    endloop
  endfacet
  facet normal -0.315737 -0.94721 0.0557133
    outer loop
      vertex -11.5471 -25.5055 1.5005
      vertex -17.1503 -23.4614 4.499
      vertex -17.3167 -23.5823 1.5005
    endloop
  endfacet
  facet normal -0.31574 -0.947209 0.0557063
    outer loop
      vertex -19.0339 -21.489 27.3608
      vertex -11.5471 -25.5055 1.5005
      vertex -5.54907 -25.5055 35.497
    endloop
  endfacet
  facet normal 0 0.951107 0.308863
    outer loop
      vertex -4.499 23.065 54.3327
      vertex -9.501 22.9617 54.6508
      vertex -4.499 22.9617 54.6508
    endloop
  endfacet
  facet normal 0 0.951107 0.308863
    outer loop
      vertex -9.501 22.9617 54.6508
      vertex -4.499 23.065 54.3327
      vertex -9.501 23.065 54.3327
    endloop
  endfacet
  facet normal 0.205998 0.968959 0.136684
    outer loop
      vertex -2.4757 29.2906 7.15
      vertex -3.91826 24.4945 43.3238
      vertex -2.01003 29.1916 7.15
    endloop
  endfacet
  facet normal 0.205919 0.968976 0.136683
    outer loop
      vertex -3.91826 24.4945 43.3238
      vertex -2.4757 29.2906 7.15
      vertex -4.03442 24.4945 43.4988
    endloop
  endfacet
  facet normal -0.921966 0.387099 0.0115404
    outer loop
      vertex -4.03442 24.4945 43.4988
      vertex -2.4757 29.2906 7.15
      vertex -2.23345 30.036 1.5005
    endloop
  endfacet
  facet normal 0.206154 0.968926 0.136687
    outer loop
      vertex -4.48474 23.1089 54
      vertex -4.499 23.065 54.3327
      vertex -4.48145 23.1082 54
    endloop
  endfacet
  facet normal 0 0.865972 0.500093
    outer loop
      vertex -4.499 22.9617 54.6508
      vertex -9.501 22.7944 54.9405
      vertex -4.499 22.7944 54.9405
    endloop
  endfacet
  facet normal 0 0.865972 0.500093
    outer loop
      vertex -9.501 22.7944 54.9405
      vertex -4.499 22.9617 54.6508
      vertex -9.501 22.9617 54.6508
    endloop
  endfacet
  facet normal -0.118922 -0.987455 0.10388
    outer loop
      vertex -9.501 -23.1 54
      vertex -5.39294 -25.5055 35.8369
      vertex -9.501 -23.065 54.3327
    endloop
  endfacet
  facet normal -0.119333 -0.987415 0.103782
    outer loop
      vertex -5.39294 -25.5055 35.8369
      vertex -9.501 -23.1 54
      vertex -5.43138 -25.5055 35.7927
    endloop
  endfacet
  facet normal -0.207217 -0.974812 0.0824733
    outer loop
      vertex -5.43138 -25.5055 35.7927
      vertex -9.501 -23.1 54
      vertex -5.54907 -25.5055 35.497
    endloop
  endfacet
  facet normal -0.934125 -0.0740706 0.349176
    outer loop
      vertex -9.74051 -21.942 54.892
      vertex -10.7793 -21.489 52.2091
      vertex -11.8117 -21.489 49.4472
    endloop
  endfacet
  facet normal -0.934122 -0.07425 0.349145
    outer loop
      vertex -10.7793 -21.489 52.2091
      vertex -9.74051 -21.942 54.892
      vertex -9.81032 -21.6045 54.777
    endloop
  endfacet
  facet normal -0.934123 -0.0742334 0.349146
    outer loop
      vertex -10.6778 -21.4286 52.4935
      vertex -10.7793 -21.489 52.2091
      vertex -9.81032 -21.6045 54.777
    endloop
  endfacet
  facet normal -0.927475 -0.154579 0.340434
    outer loop
      vertex -30.0125 -17.5082 1.599
      vertex -26.4412 -18.2319 11
      vertex -30.0126 -17.5076 1.599
    endloop
  endfacet
  facet normal -0.934082 -0.0751744 0.349057
    outer loop
      vertex -26.4412 -18.2319 11
      vertex -30.0125 -17.5082 1.599
      vertex -26.4365 -18.2903 11
    endloop
  endfacet
  facet normal -0.316228 -0.948683 0
    outer loop
      vertex -17.3167 -23.5823 -1.5005
      vertex -11.5471 -25.5055 1.5005
      vertex -17.3167 -23.5823 1.5005
    endloop
  endfacet
  facet normal -0.316228 -0.948683 -0
    outer loop
      vertex -11.5471 -25.5055 1.5005
      vertex -17.3167 -23.5823 -1.5005
      vertex -11.5471 -25.5055 -1.5005
    endloop
  endfacet
  facet normal -0.316322 -0.948652 0
    outer loop
      vertex -24.9 -21.0545 -1.5005
      vertex -24.2978 -21.2553 1.5005
      vertex -24.9 -21.0545 1.5005
    endloop
  endfacet
  facet normal -0.316322 -0.948652 -0
    outer loop
      vertex -24.2978 -21.2553 1.5005
      vertex -24.9 -21.0545 -1.5005
      vertex -24.2978 -21.2553 -1.5005
    endloop
  endfacet
  facet normal 0.841987 0.0995076 0.530241
    outer loop
      vertex -4.35537 21.6499 55.3664
      vertex -3.48428 21.5602 54
      vertex -4.35563 21.6521 55.3664
    endloop
  endfacet
  facet normal 0.84251 0.089143 0.531254
    outer loop
      vertex -3.48428 21.5602 54
      vertex -4.35537 21.6499 55.3664
      vertex -3.48264 21.5447 54
    endloop
  endfacet
  facet normal 0.707107 -0.707107 0
    outer loop
      vertex 21.5 -27.1013 1.5005
      vertex 24.9382 -23.6631 -1.5005
      vertex 24.9382 -23.6631 1.5005
    endloop
  endfacet
  facet normal 0.707107 -0.707107 0
    outer loop
      vertex 24.9382 -23.6631 -1.5005
      vertex 21.5 -27.1013 1.5005
      vertex 21.5 -27.1013 -1.5005
    endloop
  endfacet
  facet normal 0.553011 -0.761193 0.338769
    outer loop
      vertex -1.84975 -23.6806 48.7108
      vertex -4.499 -22.9617 54.6508
      vertex -1.84975 -23.7296 48.6007
    endloop
  endfacet
  facet normal -0.830352 0.483288 0.277396
    outer loop
      vertex -25.969 19.7088 11.0219
      vertex -29.563 18.9989 1.5005
      vertex -25.9899 19.6749 11.0184
    endloop
  endfacet
  facet normal -0.831271 0.48143 0.277874
    outer loop
      vertex -16.4008 21.489 36.5613
      vertex -9.501 22.9617 54.6508
      vertex -16.9563 21.489 34.8995
    endloop
  endfacet
  facet normal -0.831357 0.481254 0.277921
    outer loop
      vertex -9.501 22.9617 54.6508
      vertex -16.4008 21.489 36.5613
      vertex -9.501 22.7944 54.9405
    endloop
  endfacet
  facet normal -0.708375 0.671467 0.217571
    outer loop
      vertex -25.6292 20.0612 11.0909
      vertex -29.2063 19.395 1.5005
      vertex -25.6534 20.0381 11.0834
    endloop
  endfacet
  facet normal -0.708903 0.670833 0.217805
    outer loop
      vertex -17.6371 21.489 32.7057
      vertex -9.501 23.065 54.3327
      vertex -17.9629 21.489 31.6453
    endloop
  endfacet
  facet normal -0.708952 0.670775 0.217828
    outer loop
      vertex -9.501 23.065 54.3327
      vertex -17.6371 21.489 32.7057
      vertex -9.501 22.9617 54.6508
    endloop
  endfacet
  facet normal -0.575871 0.792512 0.200741
    outer loop
      vertex -18.775 29.7084 1.5005
      vertex -19.2063 29.395 1.5005
      vertex -9.501 23.065 54.3327
    endloop
  endfacet
  facet normal 0.656327 -0.656306 0.372153
    outer loop
      vertex -1.84975 -22.6813 50.4731
      vertex -4.499 -22.9617 54.6508
      vertex -1.84975 -23.6806 48.7108
    endloop
  endfacet
  facet normal 0.656309 -0.656319 0.372162
    outer loop
      vertex 21.5 -27.1013 1.5005
      vertex 24.9329 -23.6126 1.599
      vertex 21.5 -26.5 2.56091
    endloop
  endfacet
  facet normal 0.656402 -0.656402 0.37185
    outer loop
      vertex 24.9329 -23.6126 1.599
      vertex 21.5 -27.1013 1.5005
      vertex 24.9382 -23.6631 1.5005
    endloop
  endfacet
  facet normal 0.656323 -0.65631 0.372151
    outer loop
      vertex 20.6045 -25.5055 5.89396
      vertex 23.8542 -20.4945 9
      vertex 18.8433 -25.5055 9
    endloop
  endfacet
  facet normal 0.656322 -0.656311 0.372153
    outer loop
      vertex 23.8542 -20.4945 9
      vertex 20.6045 -25.5055 5.89396
      vertex 24.4805 -20.4945 7.89547
    endloop
  endfacet
  facet normal 0.656351 -0.656312 0.372099
    outer loop
      vertex 20.809 -25.5489 5.45669
      vertex 24.4805 -20.4945 7.89547
      vertex 20.6045 -25.5055 5.89396
    endloop
  endfacet
  facet normal 0.656124 -0.656327 0.372474
    outer loop
      vertex 24.4805 -20.4945 7.89547
      vertex 20.809 -25.5489 5.45669
      vertex 24.64 -20.4511 7.69098
    endloop
  endfacet
  facet normal 0.656251 -0.656326 0.372252
    outer loop
      vertex 21 -25.634 4.96993
      vertex 24.64 -20.4511 7.69098
      vertex 20.809 -25.5489 5.45669
    endloop
  endfacet
  facet normal 0.656436 -0.656304 0.371964
    outer loop
      vertex 24.64 -20.4511 7.69098
      vertex 21 -25.634 4.96993
      vertex 24.8333 -20.366 7.5
    endloop
  endfacet
  facet normal 0.656321 -0.656311 0.372153
    outer loop
      vertex 24.8333 -20.366 7.5
      vertex 21 -25.634 4.96993
      vertex 25.0521 -20.2431 7.33087
    endloop
  endfacet
  facet normal 0.656324 -0.656311 0.372148
    outer loop
      vertex 21.1691 -25.7569 4.45496
      vertex 25.0521 -20.2431 7.33087
      vertex 21 -25.634 4.96993
    endloop
  endfacet
  facet normal 0.656209 -0.656324 0.372328
    outer loop
      vertex 25.0521 -20.2431 7.33087
      vertex 21.1691 -25.7569 4.45496
      vertex 25.2868 -20.0878 7.19098
    endloop
  endfacet
  facet normal 0.65634 -0.656316 0.372112
    outer loop
      vertex 21.309 -25.9122 3.93429
      vertex 25.2868 -20.0878 7.19098
      vertex 21.1691 -25.7569 4.45496
    endloop
  endfacet
  facet normal 0.656419 -0.656304 0.371995
    outer loop
      vertex 25.2868 -20.0878 7.19098
      vertex 21.309 -25.9122 3.93429
      vertex 25.5271 -19.9067 7.08646
    endloop
  endfacet
  facet normal 0.656307 -0.656317 0.37217
    outer loop
      vertex 24.9329 -23.6126 1.599
      vertex 25.5271 -19.9067 7.08646
      vertex 21.309 -25.9122 3.93429
    endloop
  endfacet
  facet normal 0.65631 -0.656304 0.372187
    outer loop
      vertex 24.9329 -23.6126 1.599
      vertex 21.309 -25.9122 3.93429
      vertex 21.4135 -26.0933 3.43067
    endloop
  endfacet
  facet normal 0.656306 -0.656339 0.372132
    outer loop
      vertex 24.9329 -23.6126 1.599
      vertex 21.4135 -26.0933 3.43067
      vertex 21.4781 -26.2921 2.96611
    endloop
  endfacet
  facet normal 0.656304 -0.656299 0.372205
    outer loop
      vertex 24.9329 -23.6126 1.599
      vertex 21.4781 -26.2921 2.96611
      vertex 21.5 -26.5 2.56091
    endloop
  endfacet
  facet normal 0.656276 -0.656337 0.372187
    outer loop
      vertex 25.5271 -19.9067 7.08646
      vertex 24.9329 -23.6126 1.599
      vertex 25.6928 -19.7668 7.04099
    endloop
  endfacet
  facet normal 0.656322 -0.656307 0.372159
    outer loop
      vertex 25.6928 -19.7668 7.04099
      vertex 24.9329 -23.6126 1.599
      vertex 29.1438 -19.4016 1.599
    endloop
  endfacet
  facet normal 0.762435 -0.46227 0.452768
    outer loop
      vertex -4.41923 -22.5622 55.0633
      vertex -1.84975 -22.2593 51.0457
      vertex -4.41898 -22.5612 55.0639
    endloop
  endfacet
  facet normal 0.769756 -0.443777 0.458844
    outer loop
      vertex -1.84975 -22.2593 51.0457
      vertex -4.41923 -22.5622 55.0633
      vertex -1.84975 -22.2928 51.0133
    endloop
  endfacet
  facet normal 0.769522 -0.444379 0.458653
    outer loop
      vertex 26.3132 -18.9503 7
      vertex 29.5005 -19.0054 1.599
      vertex 29.7666 -18.5446 1.599
    endloop
  endfacet
  facet normal 0.769526 -0.444371 0.458655
    outer loop
      vertex 29.5005 -19.0054 1.599
      vertex 26.3132 -18.9503 7
      vertex 26.0739 -19.3647 7
    endloop
  endfacet
  facet normal 0.749653 0.491788 0.442906
    outer loop
      vertex -3.74463 22.4915 54
      vertex -4.499 22.7944 54.9405
      vertex -4.499 22.5706 55.189
    endloop
  endfacet
  facet normal 0.749617 0.491902 0.44284
    outer loop
      vertex -4.499 22.7944 54.9405
      vertex -3.74463 22.4915 54
      vertex -3.89956 22.7276 54
    endloop
  endfacet
  facet normal 0.505925 0.820403 0.266418
    outer loop
      vertex -4.09159 22.9218 54
      vertex -4.499 23.065 54.3327
      vertex -4.499 22.9617 54.6508
    endloop
  endfacet
  facet normal 0.506067 0.820235 0.266664
    outer loop
      vertex -4.499 23.065 54.3327
      vertex -4.09159 22.9218 54
      vertex -4.28949 23.0439 54
    endloop
  endfacet
  facet normal -0.708903 -0.670833 0.217805
    outer loop
      vertex -9.501 -23.065 54.3327
      vertex -17.6371 -21.489 32.7057
      vertex -17.9629 -21.489 31.6453
    endloop
  endfacet
  facet normal -0.708952 -0.670775 0.217828
    outer loop
      vertex -17.6371 -21.489 32.7057
      vertex -9.501 -23.065 54.3327
      vertex -9.501 -22.9617 54.6508
    endloop
  endfacet
  facet normal -0.691351 -0.691351 0.209926
    outer loop
      vertex -29.1695 -19.4019 1.599
      vertex -25.6534 -20.0381 11.0834
      vertex -29.1698 -19.4016 1.599
    endloop
  endfacet
  facet normal -0.708375 -0.671467 0.217571
    outer loop
      vertex -25.6534 -20.0381 11.0834
      vertex -29.1695 -19.4019 1.599
      vertex -25.6292 -20.0612 11.0909
    endloop
  endfacet
  facet normal -0.724167 -0.65198 0.22473
    outer loop
      vertex -16.9563 -21.489 34.8995
      vertex -17.6371 -21.489 32.7057
      vertex -9.501 -22.9617 54.6508
    endloop
  endfacet
  facet normal -0.724154 -0.651995 0.224727
    outer loop
      vertex -29.1698 -19.4016 1.599
      vertex -25.969 -19.7088 11.0219
      vertex -29.5258 -19.0062 1.599
    endloop
  endfacet
  facet normal -0.724218 -0.651917 0.224751
    outer loop
      vertex -29.1698 -19.4016 1.599
      vertex -25.7759 -19.9158 11.0437
      vertex -25.969 -19.7088 11.0219
    endloop
  endfacet
  facet normal -0.723969 -0.65223 0.224645
    outer loop
      vertex -25.7759 -19.9158 11.0437
      vertex -29.1698 -19.4016 1.599
      vertex -25.6534 -20.0381 11.0834
    endloop
  endfacet
  facet normal -0.399819 0.898117 0.183117
    outer loop
      vertex -18.288 29.9252 1.5005
      vertex -18.775 29.7084 1.5005
      vertex -9.501 23.065 54.3327
    endloop
  endfacet
  facet normal 0.557008 0.773947 0.301245
    outer loop
      vertex -4.09159 22.9218 54
      vertex -4.499 22.9617 54.6508
      vertex -4.08631 22.918 54
    endloop
  endfacet
  facet normal 1 -0 0
    outer loop
      vertex 30.05 -14.3786 1.5005
      vertex 30.05 0 -1.5005
      vertex 30.05 0 1.5005
    endloop
  endfacet
  facet normal 1 0 0
    outer loop
      vertex 30.05 0 -1.5005
      vertex 30.05 -14.3786 1.5005
      vertex 30.05 -14.3786 -1.5005
    endloop
  endfacet
  facet normal 0.684557 0.614146 0.392691
    outer loop
      vertex -3.90584 22.7346 54
      vertex -4.499 22.7944 54.9405
      vertex -3.89956 22.7276 54
    endloop
  endfacet
  facet normal 0 0.743071 0.669213
    outer loop
      vertex -4.499 22.7944 54.9405
      vertex -9.501 22.5706 55.189
      vertex -4.499 22.5706 55.189
    endloop
  endfacet
  facet normal 0 0.743071 0.669213
    outer loop
      vertex -9.501 22.5706 55.189
      vertex -4.499 22.7944 54.9405
      vertex -9.501 22.7944 54.9405
    endloop
  endfacet
  facet normal 0.769283 0.444977 0.458475
    outer loop
      vertex -3.74463 22.4915 54
      vertex -4.499 22.5706 55.189
      vertex -3.73873 22.4813 54
    endloop
  endfacet
  facet normal 0.818601 -0.279315 0.501872
    outer loop
      vertex -4.35725 -22.2845 55.1631
      vertex -1.84975 -21.9721 51.247
      vertex -4.35684 -22.2824 55.1636
    endloop
  endfacet
  facet normal 0.820988 -0.267633 0.504333
    outer loop
      vertex -1.84975 -21.9721 51.247
      vertex -4.35725 -22.2845 55.1631
      vertex -1.84975 -22.0096 51.2271
    endloop
  endfacet
  facet normal 0.821168 -0.266746 0.50451
    outer loop
      vertex 26.4739 -18.466 7
      vertex 29.7668 -18.5441 1.599
      vertex 29.9312 -18.038 1.599
    endloop
  endfacet
  facet normal 0.821154 -0.266803 0.504502
    outer loop
      vertex 29.7668 -18.5441 1.599
      vertex 26.4739 -18.466 7
      vertex 26.326 -18.9212 7
    endloop
  endfacet
  facet normal 0.80022 -0.352496 0.485175
    outer loop
      vertex -4.38677 -22.4352 55.1023
      vertex -1.84975 -22.0096 51.2271
      vertex -4.35725 -22.2845 55.1631
    endloop
  endfacet
  facet normal 0.800313 -0.352146 0.485275
    outer loop
      vertex -4.39166 -22.4572 55.0944
      vertex -1.84975 -22.0096 51.2271
      vertex -4.38677 -22.4352 55.1023
    endloop
  endfacet
  facet normal 0.800488 -0.351486 0.485466
    outer loop
      vertex -4.3966 -22.4795 55.0864
      vertex -1.84975 -22.0096 51.2271
      vertex -4.39166 -22.4572 55.0944
    endloop
  endfacet
  facet normal 0.80015 -0.352776 0.485086
    outer loop
      vertex -4.41898 -22.5612 55.0639
      vertex -1.84975 -22.0096 51.2271
      vertex -4.3966 -22.4795 55.0864
    endloop
  endfacet
  facet normal 0.800227 -0.352471 0.485182
    outer loop
      vertex -1.84975 -22.0096 51.2271
      vertex -4.41898 -22.5612 55.0639
      vertex -1.84975 -22.2593 51.0457
    endloop
  endfacet
  facet normal 0.808175 -0.32327 0.492291
    outer loop
      vertex 26.326 -18.9212 7
      vertex 29.7666 -18.5446 1.599
      vertex 29.7668 -18.5441 1.599
    endloop
  endfacet
  facet normal 0.800346 -0.352042 0.485297
    outer loop
      vertex 29.7666 -18.5446 1.599
      vertex 26.326 -18.9212 7
      vertex 26.3132 -18.9503 7
    endloop
  endfacet
  facet normal 0.406579 0.89157 0.19949
    outer loop
      vertex -4.29256 23.0453 54
      vertex -4.499 23.065 54.3327
      vertex -4.28949 23.0439 54
    endloop
  endfacet
  facet normal -0.901367 -0.292535 0.319314
    outer loop
      vertex -9.60983 -22.549 54.9016
      vertex -14.3826 -21.489 42.4
      vertex -14.9521 -21.489 40.7924
    endloop
  endfacet
  facet normal -0.899384 -0.300062 0.317918
    outer loop
      vertex -14.3826 -21.489 42.4
      vertex -9.60983 -22.549 54.9016
      vertex -9.61045 -22.5464 54.9023
    endloop
  endfacet
  facet normal -0.90126 -0.292941 0.319242
    outer loop
      vertex -29.7922 -18.5446 1.599
      vertex -26.3683 -18.8335 11
      vertex -29.9567 -18.0385 1.599
    endloop
  endfacet
  facet normal -0.901281 -0.292868 0.319252
    outer loop
      vertex -26.3683 -18.8335 11
      vertex -29.7922 -18.5446 1.599
      vertex -26.2327 -19.2508 11
    endloop
  endfacet
  facet normal -0.886471 -0.343765 0.309829
    outer loop
      vertex -9.5419 -22.7859 54.8329
      vertex -14.9521 -21.489 40.7924
      vertex -15.7343 -21.489 38.5544
    endloop
  endfacet
  facet normal -0.886321 -0.34424 0.309732
    outer loop
      vertex -14.9521 -21.489 40.7924
      vertex -9.59144 -22.63 54.8642
      vertex -9.60983 -22.549 54.9016
    endloop
  endfacet
  facet normal -0.887019 -0.342034 0.310177
    outer loop
      vertex -14.9521 -21.489 40.7924
      vertex -9.58746 -22.6454 54.8586
      vertex -9.59144 -22.63 54.8642
    endloop
  endfacet
  facet normal -0.886059 -0.345068 0.309561
    outer loop
      vertex -14.9521 -21.489 40.7924
      vertex -9.58345 -22.6609 54.8528
      vertex -9.58746 -22.6454 54.8586
    endloop
  endfacet
  facet normal -0.88641 -0.343961 0.309788
    outer loop
      vertex -14.9521 -21.489 40.7924
      vertex -9.5419 -22.7859 54.8329
      vertex -9.58345 -22.6609 54.8528
    endloop
  endfacet
  facet normal -0.915932 -0.228983 0.329598
    outer loop
      vertex -29.7921 -18.545 1.599
      vertex -26.2327 -19.2508 11
      vertex -29.7922 -18.5446 1.599
    endloop
  endfacet
  facet normal -0.885967 -0.345342 0.309517
    outer loop
      vertex -26.2327 -19.2508 11
      vertex -29.7921 -18.545 1.599
      vertex -26.2159 -19.2939 11
    endloop
  endfacet
  facet normal 0.828154 -0.227941 0.512059
    outer loop
      vertex -4.33404 -22.1695 55.177
      vertex -1.84975 -21.69 51.3726
      vertex -4.29893 -21.9714 55.2084
    endloop
  endfacet
  facet normal 0.828143 -0.228016 0.512042
    outer loop
      vertex -4.35684 -22.2824 55.1636
      vertex -1.84975 -21.69 51.3726
      vertex -4.33404 -22.1695 55.177
    endloop
  endfacet
  facet normal 0.828148 -0.227981 0.512051
    outer loop
      vertex -1.84975 -21.69 51.3726
      vertex -4.35684 -22.2824 55.1636
      vertex -1.84975 -21.9721 51.247
    endloop
  endfacet
  facet normal 0.819735 -0.273245 0.503361
    outer loop
      vertex 26.4828 -18.4337 7
      vertex 29.9312 -18.038 1.599
      vertex 29.9314 -18.0374 1.599
    endloop
  endfacet
  facet normal 0.828116 -0.228181 0.512013
    outer loop
      vertex 29.9312 -18.038 1.599
      vertex 26.4828 -18.4337 7
      vertex 26.4739 -18.466 7
    endloop
  endfacet
  facet normal -0.932817 -0.0984239 0.346649
    outer loop
      vertex -9.7392 -21.9483 54.8938
      vertex -11.8117 -21.489 49.4472
      vertex -12.1136 -21.489 48.6348
    endloop
  endfacet
  facet normal -0.933042 -0.0948607 0.347035
    outer loop
      vertex -11.8117 -21.489 49.4472
      vertex -9.7392 -21.9483 54.8938
      vertex -9.74051 -21.942 54.892
    endloop
  endfacet
  facet normal -0.932846 -0.0980088 0.346687
    outer loop
      vertex -29.9569 -18.0374 1.599
      vertex -26.4365 -18.2903 11
      vertex -30.0125 -17.5082 1.599
    endloop
  endfacet
  facet normal -0.932849 -0.0979811 0.346689
    outer loop
      vertex -26.4365 -18.2903 11
      vertex -29.9569 -18.0374 1.599
      vertex -26.3906 -18.7273 11
    endloop
  endfacet
  facet normal -0.92779 -0.151822 0.340816
    outer loop
      vertex -9.67392 -22.264 54.931
      vertex -12.1136 -21.489 48.6348
      vertex -13.3932 -21.489 45.1514
    endloop
  endfacet
  facet normal -0.927804 -0.151688 0.340838
    outer loop
      vertex -12.1136 -21.489 48.6348
      vertex -9.67392 -22.264 54.931
      vertex -9.7392 -21.9483 54.8938
    endloop
  endfacet
  facet normal -0.927455 -0.154576 0.340489
    outer loop
      vertex -29.9568 -18.038 1.599
      vertex -26.3906 -18.7273 11
      vertex -29.9569 -18.0374 1.599
    endloop
  endfacet
  facet normal -0.927786 -0.15185 0.340815
    outer loop
      vertex -26.3906 -18.7273 11
      vertex -29.9568 -18.038 1.599
      vertex -26.3815 -18.7829 11
    endloop
  endfacet
  facet normal -0.94919 0.252083 0.188395
    outer loop
      vertex -10.9005 10.7827 63.9618
      vertex -9.52891 22.551 55.1256
      vertex -9.52974 22.5478 55.1257
    endloop
  endfacet
  facet normal -0.953273 0.244423 0.177559
    outer loop
      vertex -9.52891 22.551 55.1256
      vertex -10.9005 10.7827 63.9618
      vertex -10.9005 10.5923 64.2239
    endloop
  endfacet
  facet normal -0.999368 0.0287842 -0.0208625
    outer loop
      vertex -10.9005 10.7827 60.5382
      vertex -10.7135 12.5364 54
      vertex -10.7192 12.3385 54
    endloop
  endfacet
  facet normal -0.999369 0.0287268 -0.0208779
    outer loop
      vertex -10.7135 12.5364 54
      vertex -10.9005 10.7827 60.5382
      vertex -10.9005 10.9548 60.775
    endloop
  endfacet
  facet normal 0.999537 0.0246201 -0.0178932
    outer loop
      vertex -3.2995 10.7827 60.5382
      vertex -3.45974 12.5364 54
      vertex -3.2995 10.9548 60.775
    endloop
  endfacet
  facet normal 0.999536 0.0246475 -0.0178859
    outer loop
      vertex -3.45974 12.5364 54
      vertex -3.2995 10.7827 60.5382
      vertex -3.45486 12.3385 54
    endloop
  endfacet
  facet normal -0.999631 0.00540341 -0.0266385
    outer loop
      vertex -10.7502 10.3722 54
      vertex -10.9005 9.01334 59.3645
      vertex -10.75 10.4092 54
    endloop
  endfacet
  facet normal -0.999603 0.0139696 -0.0244652
    outer loop
      vertex -10.9005 9.59987 59.555
      vertex -10.7412 11.2701 54
      vertex -10.7448 11.0125 54
    endloop
  endfacet
  facet normal -0.999602 0.0141069 -0.0244239
    outer loop
      vertex -10.7412 11.2701 54
      vertex -10.9005 9.59987 59.555
      vertex -10.9005 9.85334 59.7014
    endloop
  endfacet
  facet normal -0.999365 0.0289147 -0.0208241
    outer loop
      vertex -10.9005 10.5923 60.2761
      vertex -10.7192 12.3385 54
      vertex -10.7256 12.1173 54
    endloop
  endfacet
  facet normal -0.999369 0.0287349 -0.0208742
    outer loop
      vertex -10.7192 12.3385 54
      vertex -10.9005 10.5923 60.2761
      vertex -10.9005 10.7827 60.5382
    endloop
  endfacet
  facet normal 0.997588 -0.0678952 -0.0144236
    outer loop
      vertex -3.48519 -17.3759 54.004
      vertex -3.2995 -16.273 61.6554
      vertex -3.2995 -16.3338 61.9416
    endloop
  endfacet
  facet normal 0.997592 -0.0678394 -0.0144317
    outer loop
      vertex -3.2995 -16.273 61.6554
      vertex -3.48519 -17.3759 54.004
      vertex -3.47959 -17.2927 54
    endloop
  endfacet
  facet normal 0.997618 -0.0677669 -0.0128868
    outer loop
      vertex -3.47959 -17.2927 54
      vertex -3.48519 -17.3759 54.004
      vertex -3.48264 -17.3376 54
    endloop
  endfacet
  facet normal 0.999596 -0.0190303 -0.0211286
    outer loop
      vertex -3.44868 -16.4601 54
      vertex -3.2995 -15.3748 60.0802
      vertex -3.2995 -15.5923 60.2761
    endloop
  endfacet
  facet normal 0.999595 -0.019062 -0.0211229
    outer loop
      vertex -3.2995 -15.3748 60.0802
      vertex -3.44868 -16.4601 54
      vertex -3.44458 -16.2451 54
    endloop
  endfacet
  facet normal 0.999724 0.00246628 -0.0233794
    outer loop
      vertex -3.2995 8.72226 59.3339
      vertex -3.42692 9.80939 54
      vertex -3.42765 10.1053 54
    endloop
  endfacet
  facet normal 0.999724 0.00245953 -0.0233808
    outer loop
      vertex -3.42692 9.80939 54
      vertex -3.2995 8.72226 59.3339
      vertex -3.2995 8.4 59.3
    endloop
  endfacet
  facet normal 0.999609 0.0206718 -0.0188536
    outer loop
      vertex -3.44868 12.082 54
      vertex -3.44941 12.1173 54
      vertex -3.2995 10.5923 60.2761
    endloop
  endfacet
  facet normal 0 -0.790107 0.612969
    outer loop
      vertex -9.501 -22.7944 54.9405
      vertex -3.2995 -15.5923 64.2239
      vertex -10.9005 -15.5923 64.2239
    endloop
  endfacet
  facet normal 0 -0.790107 0.612969
    outer loop
      vertex -3.2995 -15.5923 64.2239
      vertex -9.501 -22.7944 54.9405
      vertex -4.499 -22.7944 54.9405
    endloop
  endfacet
  facet normal -0.999623 0.00270251 -0.027317
    outer loop
      vertex -10.7518 9.80939 54
      vertex -10.9005 8.72226 59.3339
      vertex -10.751 10.1053 54
    endloop
  endfacet
  facet normal -0.999624 0.00287001 -0.0272828
    outer loop
      vertex -10.9005 8.72226 59.3339
      vertex -10.7518 9.80939 54
      vertex -10.9005 8.4 59.3
    endloop
  endfacet
  facet normal -0.972431 -0.231919 0.0243383
    outer loop
      vertex -9.61045 -22.5464 54.9023
      vertex -10.9005 -16.3338 62.5584
      vertex -9.65042 -22.3776 54.9138
    endloop
  endfacet
  facet normal -0.970339 -0.239746 0.0310419
    outer loop
      vertex -9.60983 -22.549 54.9016
      vertex -10.9005 -16.3338 62.5584
      vertex -9.61045 -22.5464 54.9023
    endloop
  endfacet
  facet normal -0.972393 -0.232063 0.0244589
    outer loop
      vertex -10.9005 -16.3338 62.5584
      vertex -9.60983 -22.549 54.9016
      vertex -9.59144 -22.63 54.8642
    endloop
  endfacet
  facet normal -0 0 1
    outer loop
      vertex -10.9005 8.4 65.2
      vertex -3.2995 -13.4 65.2
      vertex -3.2995 8.4 65.2
    endloop
  endfacet
  facet normal 0 0 1
    outer loop
      vertex -3.2995 -13.4 65.2
      vertex -10.9005 8.4 65.2
      vertex -10.9005 -13.4 65.2
    endloop
  endfacet
  facet normal -0.999607 0 -0.0280456
    outer loop
      vertex -10.7518 -14.2782 54
      vertex -10.9005 8.4 59.3
      vertex -10.7518 9.80939 54
    endloop
  endfacet
  facet normal -0.999607 -0 -0.0280456
    outer loop
      vertex -10.9005 8.4 59.3
      vertex -10.7518 -14.2782 54
      vertex -10.9005 -13.4 59.3
    endloop
  endfacet
  facet normal -0.99957 -0.0138062 -0.025888
    outer loop
      vertex -10.7448 -15.4564 54
      vertex -10.9005 -14.5999 59.555
      vertex -10.7453 -15.4202 54
    endloop
  endfacet
  facet normal -0.888666 -0.418942 0.18644
    outer loop
      vertex -10.9005 -15.9548 63.725
      vertex -10.9005 -16.0738 63.4576
      vertex -9.501 -22.9617 54.6508
    endloop
  endfacet
  facet normal -0.954961 0.241159 0.17289
    outer loop
      vertex -10.9005 10.9548 63.725
      vertex -9.52974 22.5478 55.1257
      vertex -9.53053 22.5446 55.1258
    endloop
  endfacet
  facet normal -0.953213 0.244538 0.177723
    outer loop
      vertex -9.52974 22.5478 55.1257
      vertex -10.9005 10.9548 63.725
      vertex -10.9005 10.7827 63.9618
    endloop
  endfacet
  facet normal -0.999559 -0.0148578 -0.0257191
    outer loop
      vertex -10.7372 -15.9701 54
      vertex -10.9005 -14.8533 59.7014
      vertex -10.7412 -15.701 54
    endloop
  endfacet
  facet normal -0.999559 -0.0148447 -0.0257216
    outer loop
      vertex -10.9005 -14.8533 59.7014
      vertex -10.7372 -15.9701 54
      vertex -10.9005 -15.134 59.8634
    endloop
  endfacet
  facet normal 0.999708 0.0120926 -0.0209366
    outer loop
      vertex -3.2995 9.59987 59.555
      vertex -3.43604 11.2701 54
      vertex -3.2995 9.85334 59.7014
    endloop
  endfacet
  facet normal 0.999708 0.0121083 -0.0209319
    outer loop
      vertex -3.43604 11.2701 54
      vertex -3.2995 9.59987 59.555
      vertex -3.43292 11.0125 54
    endloop
  endfacet
  facet normal 0.999435 0.0290975 -0.0168456
    outer loop
      vertex -3.45974 12.5364 54
      vertex -3.46066 12.568 54
      vertex -3.2995 10.9548 60.775
    endloop
  endfacet
  facet normal -0.979272 -0.202552 -6.32519e-07
    outer loop
      vertex -10.2456 -19.5 54
      vertex -10.9005 -16.3338 61.9416
      vertex -10.6823 -17.3887 54
    endloop
  endfacet
  facet normal -0.979273 -0.202547 -2.73323e-06
    outer loop
      vertex -9.81032 -21.6045 54.777
      vertex -10.9005 -16.3338 61.9416
      vertex -10.2456 -19.5 54
    endloop
  endfacet
  facet normal -0.979273 -0.202544 5.7193e-06
    outer loop
      vertex -9.81032 -21.6045 54.777
      vertex -10.2456 -19.5 54
      vertex -10.1596 -19.9158 53.9563
    endloop
  endfacet
  facet normal -0.979269 -0.202565 -3.9298e-05
    outer loop
      vertex -9.81032 -21.6045 54.777
      vertex -10.1596 -19.9158 53.9563
      vertex -10.1361 -20.0294 53.9194
    endloop
  endfacet
  facet normal -0.979271 -0.202555 3.8265e-06
    outer loop
      vertex -9.74051 -21.942 54.892
      vertex -10.9005 -16.3338 61.9416
      vertex -9.81032 -21.6045 54.777
    endloop
  endfacet
  facet normal -0.979097 -0.203391 0.000697043
    outer loop
      vertex -9.7392 -21.9483 54.8938
      vertex -10.9005 -16.3338 61.9416
      vertex -9.74051 -21.942 54.892
    endloop
  endfacet
  facet normal -0.979282 -0.2025 -4.33945e-05
    outer loop
      vertex -9.67392 -22.264 54.931
      vertex -10.9005 -16.3338 61.9416
      vertex -9.7392 -21.9483 54.8938
    endloop
  endfacet
  facet normal -0.979265 -0.202581 2.85034e-05
    outer loop
      vertex -9.65042 -22.3776 54.9138
      vertex -10.9005 -16.3338 61.9416
      vertex -9.67392 -22.264 54.931
    endloop
  endfacet
  facet normal -0.979272 -0.202549 0
    outer loop
      vertex -10.9005 -16.3338 61.9416
      vertex -9.65042 -22.3776 54.9138
      vertex -10.9005 -16.3338 62.5584
    endloop
  endfacet
  facet normal 0.999265 -0.0331886 -0.0191584
    outer loop
      vertex -3.2995 -15.9548 60.775
      vertex -3.46066 -16.8962 54
      vertex -3.45974 -16.8685 54
    endloop
  endfacet
  facet normal -0 0.499909 0.866078
    outer loop
      vertex -10.9005 10.134 64.6366
      vertex -3.2995 9.85334 64.7986
      vertex -3.2995 10.134 64.6366
    endloop
  endfacet
  facet normal 0 0.499909 0.866078
    outer loop
      vertex -3.2995 9.85334 64.7986
      vertex -10.9005 10.134 64.6366
      vertex -10.9005 9.85334 64.7986
    endloop
  endfacet
  facet normal -0.996672 -0.0797814 -0.0167265
    outer loop
      vertex -10.6837 -17.3764 54
      vertex -10.9005 -16.273 61.6554
      vertex -10.6904 -17.2927 54
    endloop
  endfacet
  facet normal -0.99672 -0.079162 -0.0168171
    outer loop
      vertex -10.9005 -16.273 61.6554
      vertex -10.6837 -17.3764 54
      vertex -10.9005 -16.3338 61.9416
    endloop
  endfacet
  facet normal 0.999711 0 -0.0240346
    outer loop
      vertex -3.42692 -14.2782 54
      vertex -3.2995 8.4 59.3
      vertex -3.2995 -13.4 59.3
    endloop
  endfacet
  facet normal 0.999711 0 -0.0240346
    outer loop
      vertex -3.2995 8.4 59.3
      vertex -3.42692 -14.2782 54
      vertex -3.42692 9.80939 54
    endloop
  endfacet
  facet normal -0.999531 -0.0171348 -0.0253943
    outer loop
      vertex -10.7366 -16.0051 54
      vertex -10.9005 -15.134 59.8634
      vertex -10.7372 -15.9701 54
    endloop
  endfacet
  facet normal -0.89807 0.326901 0.294288
    outer loop
      vertex -9.52891 22.551 55.1256
      vertex -10.9005 10.5923 64.2239
      vertex -9.501 22.5706 55.189
    endloop
  endfacet
  facet normal 0.995076 -0.0985706 -0.0103375
    outer loop
      vertex -3.2995 -16.3338 61.9416
      vertex -3.48636 -17.3879 54.0058
      vertex -3.48519 -17.3759 54.004
    endloop
  endfacet
  facet normal -0.999616 -0.00549239 -0.0271653
    outer loop
      vertex -10.75 -14.8716 54
      vertex -10.9005 -14.0133 59.3645
      vertex -10.7502 -14.8352 54
    endloop
  endfacet
  facet normal -0.99351 -0.113082 -0.0122763
    outer loop
      vertex -10.6823 -17.3887 54
      vertex -10.9005 -16.3338 61.9416
      vertex -10.6837 -17.3764 54
    endloop
  endfacet
  facet normal 0.979505 -0.200312 0.0210833
    outer loop
      vertex -3.2995 -16.3338 62.5584
      vertex -4.35684 -22.2824 55.1636
      vertex -4.33404 -22.1695 55.177
    endloop
  endfacet
  facet normal 0.980554 -0.195505 0.0170662
    outer loop
      vertex -3.2995 -16.3338 62.5584
      vertex -4.35725 -22.2845 55.1631
      vertex -4.35684 -22.2824 55.1636
    endloop
  endfacet
  facet normal 0.979485 -0.200405 0.0211622
    outer loop
      vertex -4.35725 -22.2845 55.1631
      vertex -3.2995 -16.3338 62.5584
      vertex -4.38677 -22.4352 55.1023
    endloop
  endfacet
  facet normal 0 -0.308839 0.951114
    outer loop
      vertex -10.9005 -14.0133 65.1355
      vertex -3.2995 -14.2917 65.0451
      vertex -3.2995 -14.0133 65.1355
    endloop
  endfacet
  facet normal 0 -0.308839 0.951114
    outer loop
      vertex -3.2995 -14.2917 65.0451
      vertex -10.9005 -14.0133 65.1355
      vertex -10.9005 -14.2917 65.0451
    endloop
  endfacet
  facet normal -0.999624 0.00299625 -0.027248
    outer loop
      vertex -10.751 10.1053 54
      vertex -10.9005 9.01334 59.3645
      vertex -10.7502 10.3722 54
    endloop
  endfacet
  facet normal -0.999624 0.00286723 -0.0272743
    outer loop
      vertex -10.9005 9.01334 59.3645
      vertex -10.751 10.1053 54
      vertex -10.9005 8.72226 59.3339
    endloop
  endfacet
  facet normal -0.99865 -0.0474579 -0.0211185
    outer loop
      vertex -10.6991 -17.178 54
      vertex -10.9005 -16.0738 61.0424
      vertex -10.7061 -17.0307 54
    endloop
  endfacet
  facet normal -0.998651 -0.0474362 -0.0211219
    outer loop
      vertex -10.9005 -16.0738 61.0424
      vertex -10.6991 -17.178 54
      vertex -10.9005 -16.2056 61.3384
    endloop
  endfacet
  facet normal -0.981892 0.172915 0.0773888
    outer loop
      vertex -10.9005 11.2056 63.1616
      vertex -9.58513 22.247 55.1802
      vertex -9.58795 22.2313 55.1795
    endloop
  endfacet
  facet normal -0.982007 0.172514 0.0768154
    outer loop
      vertex -9.58513 22.247 55.1802
      vertex -10.9005 11.2056 63.1616
      vertex -10.9005 11.0738 63.4576
    endloop
  endfacet
  facet normal -0.999328 -0.027845 -0.0238554
    outer loop
      vertex -10.7256 -16.4924 54
      vertex -10.9005 -15.5923 60.2761
      vertex -10.7265 -16.4601 54
    endloop
  endfacet
  facet normal -0 0.604912 0.796292
    outer loop
      vertex -9.501 22.5706 55.189
      vertex -3.2995 10.134 64.6366
      vertex -4.499 22.5706 55.189
    endloop
  endfacet
  facet normal 0 0.604912 0.796292
    outer loop
      vertex -3.2995 10.134 64.6366
      vertex -9.501 22.5706 55.189
      vertex -10.9005 10.134 64.6366
    endloop
  endfacet
  facet normal -0.680626 0.490204 0.544471
    outer loop
      vertex -10.9005 10.3748 64.4198
      vertex -10.9005 10.134 64.6366
      vertex -9.501 22.5706 55.189
    endloop
  endfacet
  facet normal -0.99963 0.00854702 -0.0258287
    outer loop
      vertex -10.75 10.4092 54
      vertex -10.9005 9.29169 59.4549
      vertex -10.7477 10.6782 54
    endloop
  endfacet
  facet normal -0.99963 0.00839831 -0.0258592
    outer loop
      vertex -10.9005 9.29169 59.4549
      vertex -10.75 10.4092 54
      vertex -10.9005 9.01334 59.3645
    endloop
  endfacet
  facet normal -0.999584 0.0160791 -0.0239462
    outer loop
      vertex -10.7372 11.5536 54
      vertex -10.9005 10.134 59.8634
      vertex -10.7366 11.5909 54
    endloop
  endfacet
  facet normal 0 -0.308905 0.951093
    outer loop
      vertex -10.9005 -14.2917 65.0451
      vertex -3.2995 -14.5999 64.945
      vertex -3.2995 -14.2917 65.0451
    endloop
  endfacet
  facet normal 0 -0.308905 0.951093
    outer loop
      vertex -3.2995 -14.5999 64.945
      vertex -10.9005 -14.2917 65.0451
      vertex -10.9005 -14.5999 64.945
    endloop
  endfacet
  facet normal 0.999698 -0.00994175 -0.0224779
    outer loop
      vertex -3.2995 -14.5999 59.555
      vertex -3.43292 -15.4564 54
      vertex -3.43256 -15.4202 54
    endloop
  endfacet
  facet normal -0.989922 0.13857 0.0292004
    outer loop
      vertex -10.9005 11.3338 62.5584
      vertex -9.63901 21.9022 55.1721
      vertex -9.64299 21.8748 55.1672
    endloop
  endfacet
  facet normal -0.989887 0.138759 0.0294779
    outer loop
      vertex -9.63901 21.9022 55.1721
      vertex -10.9005 11.3338 62.5584
      vertex -10.9005 11.273 62.8446
    endloop
  endfacet
  facet normal -0.996703 0.0806581 -0.00875511
    outer loop
      vertex -10.6837 13.1508 54
      vertex -10.9005 11.3338 61.9416
      vertex -10.6823 13.1681 54
    endloop
  endfacet
  facet normal -0.961459 -0.269061 0.0565952
    outer loop
      vertex -9.58746 -22.6454 54.8586
      vertex -10.9005 -16.3338 62.5584
      vertex -9.59144 -22.63 54.8642
    endloop
  endfacet
  facet normal -0.961177 -0.26991 0.0573394
    outer loop
      vertex -10.9005 -16.3338 62.5584
      vertex -9.58746 -22.6454 54.8586
      vertex -10.9005 -16.273 62.8446
    endloop
  endfacet
  facet normal -0.998647 -0.0475193 -0.0211086
    outer loop
      vertex -10.7061 -17.0307 54
      vertex -10.9005 -15.9548 60.775
      vertex -10.7125 -16.8962 54
    endloop
  endfacet
  facet normal -0.99865 -0.0474553 -0.0211189
    outer loop
      vertex -10.9005 -15.9548 60.775
      vertex -10.7061 -17.0307 54
      vertex -10.9005 -16.0738 61.0424
    endloop
  endfacet
  facet normal -0.999524 0.0208395 -0.0227617
    outer loop
      vertex -10.9005 10.134 59.8634
      vertex -10.7312 11.8499 54
      vertex -10.7366 11.5909 54
    endloop
  endfacet
  facet normal -0.999528 0.0205654 -0.022842
    outer loop
      vertex -10.7312 11.8499 54
      vertex -10.9005 10.134 59.8634
      vertex -10.9005 10.3748 60.0802
    endloop
  endfacet
  facet normal -0.999607 -0.00865644 -0.0266588
    outer loop
      vertex -10.75 -14.8716 54
      vertex -10.9005 -14.2917 59.4549
      vertex -10.9005 -14.0133 59.3645
    endloop
  endfacet
  facet normal -0.999606 -0.00881555 -0.0266418
    outer loop
      vertex -10.9005 -14.2917 59.4549
      vertex -10.75 -14.8716 54
      vertex -10.7477 -15.1324 54
    endloop
  endfacet
  facet normal -0 0.10455 0.99452
    outer loop
      vertex -10.9005 9.01334 65.1355
      vertex -3.2995 8.72226 65.1661
      vertex -3.2995 9.01334 65.1355
    endloop
  endfacet
  facet normal 0 0.10455 0.99452
    outer loop
      vertex -3.2995 8.72226 65.1661
      vertex -10.9005 9.01334 65.1355
      vertex -10.9005 8.72226 65.1661
    endloop
  endfacet
  facet normal -0.938309 -0.328895 0.106793
    outer loop
      vertex -9.5419 -22.7859 54.8329
      vertex -10.9005 -16.2056 63.1616
      vertex -9.58345 -22.6609 54.8528
    endloop
  endfacet
  facet normal -0.887853 -0.420305 0.187244
    outer loop
      vertex -9.54169 -22.7867 54.8321
      vertex -10.9005 -16.2056 63.1616
      vertex -9.5419 -22.7859 54.8329
    endloop
  endfacet
  facet normal -0.938502 -0.328465 0.106419
    outer loop
      vertex -10.9005 -16.2056 63.1616
      vertex -9.54169 -22.7867 54.8321
      vertex -9.501 -22.9617 54.6508
    endloop
  endfacet
  facet normal -0.999441 0.0254815 -0.0216604
    outer loop
      vertex -10.7265 12.082 54
      vertex -10.9005 10.5923 60.2761
      vertex -10.7256 12.1173 54
    endloop
  endfacet
  facet normal -0.999608 0.0132574 -0.0246465
    outer loop
      vertex -10.7453 10.9748 54
      vertex -10.9005 9.59987 59.555
      vertex -10.7448 11.0125 54
    endloop
  endfacet
  facet normal 0.999643 -0.0157087 -0.0216233
    outer loop
      vertex -3.2995 -15.134 59.8634
      vertex -3.44002 -16.0051 54
      vertex -3.43947 -15.9701 54
    endloop
  endfacet
  facet normal -0.999091 -0.0360683 -0.0227121
    outer loop
      vertex -10.7125 -16.8962 54
      vertex -10.9005 -15.9548 60.775
      vertex -10.7135 -16.8685 54
    endloop
  endfacet
  facet normal -0.997905 -0.0617751 -0.0192015
    outer loop
      vertex -10.6978 -17.199 54
      vertex -10.9005 -16.2056 61.3384
      vertex -10.6991 -17.178 54
    endloop
  endfacet
  facet normal -0.998026 0.0613915 -0.0131991
    outer loop
      vertex -10.9005 11.2056 61.3384
      vertex -10.6904 13.0434 54
      vertex -10.6978 12.9231 54
    endloop
  endfacet
  facet normal -0.998008 0.0617059 -0.0131198
    outer loop
      vertex -10.6904 13.0434 54
      vertex -10.9005 11.2056 61.3384
      vertex -10.9005 11.273 61.6554
    endloop
  endfacet
  facet normal 0.9219 0.287883 0.259275
    outer loop
      vertex -4.45597 22.3567 55.2735
      vertex -4.499 22.5706 55.189
      vertex -3.2995 10.5923 64.2239
    endloop
  endfacet
  facet normal 0.999711 -0.00742154 -0.0228504
    outer loop
      vertex -3.43256 -15.4202 54
      vertex -3.2995 -14.2917 59.4549
      vertex -3.2995 -14.5999 59.555
    endloop
  endfacet
  facet normal 0.999711 -0.00743357 -0.0228479
    outer loop
      vertex -3.2995 -14.2917 59.4549
      vertex -3.43256 -15.4202 54
      vertex -3.43042 -15.1324 54
    endloop
  endfacet
  facet normal -0.999631 0.00808872 -0.0259264
    outer loop
      vertex -10.7477 10.6782 54
      vertex -10.9005 9.59987 59.555
      vertex -10.7453 10.9748 54
    endloop
  endfacet
  facet normal -0.99963 0.00840144 -0.0258657
    outer loop
      vertex -10.9005 9.59987 59.555
      vertex -10.7477 10.6782 54
      vertex -10.9005 9.29169 59.4549
    endloop
  endfacet
  facet normal 0 -0.104578 0.994517
    outer loop
      vertex -10.9005 -13.7223 65.1661
      vertex -3.2995 -14.0133 65.1355
      vertex -3.2995 -13.7223 65.1661
    endloop
  endfacet
  facet normal 0 -0.104578 0.994517
    outer loop
      vertex -3.2995 -14.0133 65.1355
      vertex -10.9005 -13.7223 65.1661
      vertex -10.9005 -14.0133 65.1355
    endloop
  endfacet
  facet normal 0.99249 0.119578 0.0257962
    outer loop
      vertex -4.35537 21.6499 55.3664
      vertex -3.2995 11.273 62.8446
      vertex -4.3537 21.6366 55.3638
    endloop
  endfacet
  facet normal 0.992832 0.117335 0.022729
    outer loop
      vertex -3.2995 11.2056 63.1616
      vertex -4.35537 21.6499 55.3664
      vertex -4.35563 21.6521 55.3664
    endloop
  endfacet
  facet normal 0.992543 0.119236 0.0253159
    outer loop
      vertex -3.2995 11.2056 63.1616
      vertex -4.35563 21.6521 55.3664
      vertex -4.35863 21.6772 55.3658
    endloop
  endfacet
  facet normal 0.992538 0.119268 0.0253585
    outer loop
      vertex -4.35537 21.6499 55.3664
      vertex -3.2995 11.2056 63.1616
      vertex -3.2995 11.273 62.8446
    endloop
  endfacet
  facet normal -0.98687 0.153611 0.049906
    outer loop
      vertex -9.62832 21.9698 55.1861
      vertex -10.9005 11.2056 63.1616
      vertex -9.58795 22.2313 55.1795
    endloop
  endfacet
  facet normal -0.986554 0.155001 0.0518328
    outer loop
      vertex -9.62887 21.9665 55.1855
      vertex -10.9005 11.2056 63.1616
      vertex -9.62832 21.9698 55.1861
    endloop
  endfacet
  facet normal -0.986903 0.153465 0.0497039
    outer loop
      vertex -10.9005 11.2056 63.1616
      vertex -9.62887 21.9665 55.1855
      vertex -9.63486 21.9307 55.1771
    endloop
  endfacet
  facet normal 0.999653 0.017632 -0.0195761
    outer loop
      vertex -3.2995 10.3748 60.0802
      vertex -3.44868 12.082 54
      vertex -3.2995 10.5923 60.2761
    endloop
  endfacet
  facet normal 0.999653 0.0176587 -0.0195686
    outer loop
      vertex -3.44868 12.082 54
      vertex -3.2995 10.3748 60.0802
      vertex -3.44458 11.8499 54
    endloop
  endfacet
  facet normal -0 0.104617 0.994513
    outer loop
      vertex -10.9005 8.72226 65.1661
      vertex -3.2995 8.4 65.2
      vertex -3.2995 8.72226 65.1661
    endloop
  endfacet
  facet normal 0 0.104617 0.994513
    outer loop
      vertex -3.2995 8.4 65.2
      vertex -10.9005 8.72226 65.1661
      vertex -10.9005 8.4 65.2
    endloop
  endfacet
  facet normal -0.999608 -0.00833586 -0.0267158
    outer loop
      vertex -10.7453 -15.4202 54
      vertex -10.9005 -14.2917 59.4549
      vertex -10.7477 -15.1324 54
    endloop
  endfacet
  facet normal -0.999607 -0.00865552 -0.0266497
    outer loop
      vertex -10.9005 -14.2917 59.4549
      vertex -10.7453 -15.4202 54
      vertex -10.9005 -14.5999 59.555
    endloop
  endfacet
  facet normal 0.295311 -0.772973 0.561519
    outer loop
      vertex -3.2995 -15.5923 64.2239
      vertex -4.499 -22.7944 54.9405
      vertex -3.2995 -15.7827 63.9618
    endloop
  endfacet
  facet normal 0.999718 -0.00248412 -0.0236235
    outer loop
      vertex -3.2995 -14.0133 59.3645
      vertex -3.42765 -14.5711 54
      vertex -3.2995 -13.7223 59.3339
    endloop
  endfacet
  facet normal 0.999718 -0.00249835 -0.023622
    outer loop
      vertex -3.42765 -14.5711 54
      vertex -3.2995 -14.0133 59.3645
      vertex -3.42831 -14.8352 54
    endloop
  endfacet
  facet normal -0.999211 -0.0322164 -0.0232253
    outer loop
      vertex -10.7192 -16.6909 54
      vertex -10.9005 -15.5923 60.2761
      vertex -10.7256 -16.4924 54
    endloop
  endfacet
  facet normal -0.999217 -0.0320191 -0.02326
    outer loop
      vertex -10.9005 -15.5923 60.2761
      vertex -10.7192 -16.6909 54
      vertex -10.9005 -15.7827 60.5382
    endloop
  endfacet
  facet normal 0.999718 -0.00494366 -0.0232474
    outer loop
      vertex -3.2995 -14.0133 59.3645
      vertex -3.42849 -14.8716 54
      vertex -3.42831 -14.8352 54
    endloop
  endfacet
  facet normal 0 -0.499856 0.866109
    outer loop
      vertex -10.9005 -14.8533 64.7986
      vertex -3.2995 -15.134 64.6366
      vertex -3.2995 -14.8533 64.7986
    endloop
  endfacet
  facet normal 0 -0.499856 0.866109
    outer loop
      vertex -3.2995 -15.134 64.6366
      vertex -10.9005 -14.8533 64.7986
      vertex -10.9005 -15.134 64.6366
    endloop
  endfacet
  facet normal -0.737837 -0.584513 0.337553
    outer loop
      vertex -9.501 -22.7944 54.9405
      vertex -10.9005 -15.9548 63.725
      vertex -9.501 -22.9617 54.6508
    endloop
  endfacet
  facet normal -0.999456 -0.0218486 -0.024702
    outer loop
      vertex -10.7265 -16.4601 54
      vertex -10.9005 -15.3748 60.0802
      vertex -10.7312 -16.2451 54
    endloop
  endfacet
  facet normal -0.99945 -0.0221933 -0.0246403
    outer loop
      vertex -10.9005 -15.3748 60.0802
      vertex -10.7265 -16.4601 54
      vertex -10.9005 -15.5923 60.2761
    endloop
  endfacet
  facet normal -0.25609 -0.782077 0.568132
    outer loop
      vertex -10.9005 -15.5923 64.2239
      vertex -10.9005 -15.7827 63.9618
      vertex -9.501 -22.7944 54.9405
    endloop
  endfacet
  facet normal 0.99759 -0.0678619 -0.0144287
    outer loop
      vertex -3.47959 -17.2927 54
      vertex -3.2995 -16.2056 61.3384
      vertex -3.2995 -16.273 61.6554
    endloop
  endfacet
  facet normal 0.997593 -0.0678193 -0.0144351
    outer loop
      vertex -3.2995 -16.2056 61.3384
      vertex -3.47959 -17.2927 54
      vertex -3.47322 -17.199 54
    endloop
  endfacet
  facet normal -0.999445 -0.0224875 -0.0245967
    outer loop
      vertex -10.7312 -16.2451 54
      vertex -10.9005 -15.134 59.8634
      vertex -10.7366 -16.0051 54
    endloop
  endfacet
  facet normal -0.99945 -0.0221952 -0.0246522
    outer loop
      vertex -10.9005 -15.134 59.8634
      vertex -10.7312 -16.2451 54
      vertex -10.9005 -15.3748 60.0802
    endloop
  endfacet
  facet normal 0.735766 0.453239 0.503213
    outer loop
      vertex -3.2995 10.5923 64.2239
      vertex -4.499 22.5706 55.189
      vertex -3.2995 10.3748 64.4198
    endloop
  endfacet
  facet normal 0.979667 0.173722 0.100368
    outer loop
      vertex -4.44758 22.2936 55.3053
      vertex -3.2995 10.9548 63.725
      vertex -4.40583 22.0291 55.3556
    endloop
  endfacet
  facet normal 0.985463 0.153631 0.0725211
    outer loop
      vertex -4.44769 22.2944 55.3051
      vertex -3.2995 10.9548 63.725
      vertex -4.44758 22.2936 55.3053
    endloop
  endfacet
  facet normal 0.979501 0.17424 0.101089
    outer loop
      vertex -3.2995 10.9548 63.725
      vertex -4.44769 22.2944 55.3051
      vertex -4.45128 22.3234 55.2899
    endloop
  endfacet
  facet normal 0.999718 -0.0024847 -0.023623
    outer loop
      vertex -3.2995 -13.7223 59.3339
      vertex -3.42692 -14.2782 54
      vertex -3.2995 -13.4 59.3
    endloop
  endfacet
  facet normal 0.999718 -0.00249161 -0.0236223
    outer loop
      vertex -3.42692 -14.2782 54
      vertex -3.2995 -13.7223 59.3339
      vertex -3.42765 -14.5711 54
    endloop
  endfacet
  facet normal 0.999008 -0.0406745 -0.0181112
    outer loop
      vertex -3.47213 -17.178 54
      vertex -3.2995 -16.0738 61.0424
      vertex -3.2995 -16.2056 61.3384
    endloop
  endfacet
  facet normal 0.99901 -0.0406251 -0.018119
    outer loop
      vertex -3.2995 -16.0738 61.0424
      vertex -3.47213 -17.178 54
      vertex -3.46614 -17.0307 54
    endloop
  endfacet
  facet normal 0.971019 -0.233775 0.0497049
    outer loop
      vertex -4.3966 -22.4795 55.0864
      vertex -3.2995 -16.273 62.8446
      vertex -3.2995 -16.2056 63.1616
    endloop
  endfacet
  facet normal 0.971331 -0.232673 0.0487791
    outer loop
      vertex -3.2995 -16.273 62.8446
      vertex -4.3966 -22.4795 55.0864
      vertex -4.39166 -22.4572 55.0944
    endloop
  endfacet
  facet normal 0.999532 -0.02259 -0.0206349
    outer loop
      vertex -3.2995 -15.5923 60.2761
      vertex -3.44941 -16.4924 54
      vertex -3.44868 -16.4601 54
    endloop
  endfacet
  facet normal -0.99956 -0.0147114 -0.0257482
    outer loop
      vertex -10.7412 -15.701 54
      vertex -10.9005 -14.5999 59.555
      vertex -10.7448 -15.4564 54
    endloop
  endfacet
  facet normal -0.999559 -0.0148589 -0.0257189
    outer loop
      vertex -10.9005 -14.5999 59.555
      vertex -10.7412 -15.701 54
      vertex -10.9005 -14.8533 59.7014
    endloop
  endfacet
  facet normal -0.999602 0.0141037 -0.0244247
    outer loop
      vertex -10.9005 9.85334 59.7014
      vertex -10.7372 11.5536 54
      vertex -10.7412 11.2701 54
    endloop
  endfacet
  facet normal -0.999602 0.014099 -0.0244261
    outer loop
      vertex -10.7372 11.5536 54
      vertex -10.9005 9.85334 59.7014
      vertex -10.9005 10.134 59.8634
    endloop
  endfacet
  facet normal -0.993001 0.118105 -4.08611e-06
    outer loop
      vertex -10.9005 11.3338 61.9416
      vertex -10.1055 18.0177 54
      vertex -10.6823 13.1681 54
    endloop
  endfacet
  facet normal -0.993001 0.11811 -1.72664e-07
    outer loop
      vertex -10.1055 18.0177 54
      vertex -10.9005 11.3338 61.9416
      vertex -9.68291 21.5706 55.1124
    endloop
  endfacet
  facet normal -0.993001 0.11811 0
    outer loop
      vertex -9.68291 21.5706 55.1124
      vertex -10.9005 11.3338 61.9416
      vertex -10.9005 11.3338 62.5584
    endloop
  endfacet
  facet normal 0.998518 -0.0518278 -0.0166217
    outer loop
      vertex -3.2995 -16.2056 61.3384
      vertex -3.47322 -17.199 54
      vertex -3.47213 -17.178 54
    endloop
  endfacet
  facet normal 0 -0.669248 0.743039
    outer loop
      vertex -10.9005 -15.3748 64.4198
      vertex -3.2995 -15.5923 64.2239
      vertex -3.2995 -15.3748 64.4198
    endloop
  endfacet
  facet normal 0 -0.669248 0.743039
    outer loop
      vertex -3.2995 -15.5923 64.2239
      vertex -10.9005 -15.3748 64.4198
      vertex -10.9005 -15.5923 64.2239
    endloop
  endfacet
  facet normal -0.254481 -0.782296 0.568552
    outer loop
      vertex -10.9005 -15.7827 63.9618
      vertex -10.9005 -15.9548 63.725
      vertex -9.501 -22.7944 54.9405
    endloop
  endfacet
  facet normal 0.999596 -0.0190227 -0.0211286
    outer loop
      vertex -3.44458 -16.2451 54
      vertex -3.2995 -15.134 59.8634
      vertex -3.2995 -15.3748 60.0802
    endloop
  endfacet
  facet normal 0.999596 -0.0189923 -0.0211343
    outer loop
      vertex -3.2995 -15.134 59.8634
      vertex -3.44458 -16.2451 54
      vertex -3.44002 -16.0051 54
    endloop
  endfacet
  facet normal -0.991719 0.127725 0.0134279
    outer loop
      vertex -9.67471 21.632 55.134
      vertex -10.9005 11.3338 62.5584
      vertex -9.64299 21.8748 55.1672
    endloop
  endfacet
  facet normal -0.991719 0.127722 0.0134243
    outer loop
      vertex -10.9005 11.3338 62.5584
      vertex -9.67471 21.632 55.134
      vertex -9.68291 21.5706 55.1124
    endloop
  endfacet
  facet normal -0.961085 -0.270186 0.0575746
    outer loop
      vertex -9.58345 -22.6609 54.8528
      vertex -10.9005 -16.273 62.8446
      vertex -9.58746 -22.6454 54.8586
    endloop
  endfacet
  facet normal -0.961151 -0.269986 0.0574041
    outer loop
      vertex -10.9005 -16.273 62.8446
      vertex -9.58345 -22.6609 54.8528
      vertex -10.9005 -16.2056 63.1616
    endloop
  endfacet
  facet normal -0.999532 0.0202404 -0.022921
    outer loop
      vertex -10.9005 10.3748 60.0802
      vertex -10.7265 12.082 54
      vertex -10.7312 11.8499 54
    endloop
  endfacet
  facet normal -0.999528 0.020563 -0.0228303
    outer loop
      vertex -10.7265 12.082 54
      vertex -10.9005 10.3748 60.0802
      vertex -10.9005 10.5923 60.2761
    endloop
  endfacet
  facet normal -0.999215 -0.0320694 -0.0232529
    outer loop
      vertex -10.7135 -16.8685 54
      vertex -10.9005 -15.7827 60.5382
      vertex -10.7192 -16.6909 54
    endloop
  endfacet
  facet normal -0.999217 -0.0320087 -0.0232631
    outer loop
      vertex -10.9005 -15.7827 60.5382
      vertex -10.7135 -16.8685 54
      vertex -10.9005 -15.9548 60.775
    endloop
  endfacet
  facet normal -0.888514 -0.419173 0.186645
    outer loop
      vertex -10.9005 -16.0738 63.4576
      vertex -10.9005 -16.2056 63.1616
      vertex -9.501 -22.9617 54.6508
    endloop
  endfacet
  facet normal 0 -0.500255 0.865878
    outer loop
      vertex -10.9005 -14.5999 64.945
      vertex -3.2995 -14.8533 64.7986
      vertex -3.2995 -14.5999 64.945
    endloop
  endfacet
  facet normal 0 -0.500255 0.865878
    outer loop
      vertex -3.2995 -14.8533 64.7986
      vertex -10.9005 -14.5999 64.945
      vertex -10.9005 -14.8533 64.7986
    endloop
  endfacet
  facet normal -0.68147 0.489787 0.543791
    outer loop
      vertex -10.9005 10.5923 64.2239
      vertex -10.9005 10.3748 64.4198
      vertex -9.501 22.5706 55.189
    endloop
  endfacet
  facet normal 0 -0.104604 0.994514
    outer loop
      vertex -10.9005 -13.4 65.2
      vertex -3.2995 -13.7223 65.1661
      vertex -3.2995 -13.4 65.2
    endloop
  endfacet
  facet normal 0 -0.104604 0.994514
    outer loop
      vertex -3.2995 -13.7223 65.1661
      vertex -10.9005 -13.4 65.2
      vertex -10.9005 -13.7223 65.1661
    endloop
  endfacet
  facet normal 0.993896 0.109712 0.0115346
    outer loop
      vertex -4.31611 21.306 55.3049
      vertex -4.34958 21.6037 55.3573
      vertex -3.2995 11.3338 62.5584
    endloop
  endfacet
  facet normal -0.99858 0.050908 -0.015668
    outer loop
      vertex -10.6991 12.8976 54
      vertex -10.9005 11.2056 61.3384
      vertex -10.6978 12.9231 54
    endloop
  endfacet
  facet normal -0.999011 0.0406463 -0.0180433
    outer loop
      vertex -10.9005 10.9548 60.775
      vertex -10.7061 12.7253 54
      vertex -10.7125 12.568 54
    endloop
  endfacet
  facet normal -0.999013 0.0405822 -0.0180601
    outer loop
      vertex -10.7061 12.7253 54
      vertex -10.9005 10.9548 60.775
      vertex -10.9005 11.0738 61.0424
    endloop
  endfacet
  facet normal -0.999616 -0.00289937 -0.0275654
    outer loop
      vertex -10.7518 -14.2782 54
      vertex -10.9005 -13.7223 59.3339
      vertex -10.9005 -13.4 59.3
    endloop
  endfacet
  facet normal -0.999616 -0.00273026 -0.027583
    outer loop
      vertex -10.9005 -13.7223 59.3339
      vertex -10.7518 -14.2782 54
      vertex -10.751 -14.5711 54
    endloop
  endfacet
  facet normal -0.996754 -0.0787191 -0.016876
    outer loop
      vertex -10.6904 -17.2927 54
      vertex -10.9005 -16.2056 61.3384
      vertex -10.6978 -17.199 54
    endloop
  endfacet
  facet normal -0.996725 -0.0791016 -0.0168184
    outer loop
      vertex -10.9005 -16.2056 61.3384
      vertex -10.6904 -17.2927 54
      vertex -10.9005 -16.273 61.6554
    endloop
  endfacet
  facet normal -0.989857 0.138925 0.0297115
    outer loop
      vertex -10.9005 11.273 62.8446
      vertex -9.63486 21.9307 55.1771
      vertex -9.63901 21.9022 55.1721
    endloop
  endfacet
  facet normal -0.989883 0.138781 0.0295073
    outer loop
      vertex -9.63486 21.9307 55.1771
      vertex -10.9005 11.273 62.8446
      vertex -10.9005 11.2056 63.1616
    endloop
  endfacet
  facet normal 0.914549 -0.369535 0.164453
    outer loop
      vertex -4.46148 -22.7425 54.9346
      vertex -3.2995 -16.0738 63.4576
      vertex -3.2995 -15.9548 63.725
    endloop
  endfacet
  facet normal 0.914332 -0.369922 0.164785
    outer loop
      vertex -3.2995 -16.0738 63.4576
      vertex -4.46148 -22.7425 54.9346
      vertex -4.45989 -22.7371 54.9379
    endloop
  endfacet
  facet normal 0.787224 -0.534056 0.308322
    outer loop
      vertex -3.2995 -15.9548 63.725
      vertex -4.499 -22.7944 54.9405
      vertex -4.46148 -22.7425 54.9346
    endloop
  endfacet
  facet normal -0.999616 -0.00289768 -0.0275564
    outer loop
      vertex -10.751 -14.5711 54
      vertex -10.9005 -14.0133 59.3645
      vertex -10.9005 -13.7223 59.3339
    endloop
  endfacet
  facet normal -0.999616 -0.00302799 -0.0275428
    outer loop
      vertex -10.9005 -14.0133 59.3645
      vertex -10.751 -14.5711 54
      vertex -10.7502 -14.8352 54
    endloop
  endfacet
  facet normal -0 0.308889 0.951098
    outer loop
      vertex -10.9005 9.29169 65.0451
      vertex -3.2995 9.01334 65.1355
      vertex -3.2995 9.29169 65.0451
    endloop
  endfacet
  facet normal 0 0.308889 0.951098
    outer loop
      vertex -3.2995 9.01334 65.1355
      vertex -10.9005 9.29169 65.0451
      vertex -10.9005 9.01334 65.1355
    endloop
  endfacet
  facet normal 0.999537 0.0246277 -0.0178906
    outer loop
      vertex -3.2995 10.5923 60.2761
      vertex -3.45486 12.3385 54
      vertex -3.2995 10.7827 60.5382
    endloop
  endfacet
  facet normal 0.999537 0.0246269 -0.0178908
    outer loop
      vertex -3.45486 12.3385 54
      vertex -3.2995 10.5923 60.2761
      vertex -3.44941 12.1173 54
    endloop
  endfacet
  facet normal 0.984647 -0.174556 0
    outer loop
      vertex -4.33404 -22.1695 55.177
      vertex -3.2995 -16.3338 61.9416
      vertex -3.2995 -16.3338 62.5584
    endloop
  endfacet
  facet normal 0.984647 -0.174559 1.43353e-06
    outer loop
      vertex -3.2995 -16.3338 61.9416
      vertex -4.23945 -21.6359 55.1849
      vertex -3.48636 -17.3879 54.0058
    endloop
  endfacet
  facet normal 0.985282 -0.17091 -0.00295036
    outer loop
      vertex -3.2995 -16.3338 61.9416
      vertex -4.24016 -21.64 55.1853
      vertex -4.23945 -21.6359 55.1849
    endloop
  endfacet
  facet normal 0.984637 -0.174611 4.61338e-05
    outer loop
      vertex -3.2995 -16.3338 61.9416
      vertex -4.29893 -21.9714 55.2084
      vertex -4.24016 -21.64 55.1853
    endloop
  endfacet
  facet normal 0.984656 -0.174507 -4.33646e-05
    outer loop
      vertex -3.2995 -16.3338 61.9416
      vertex -4.33404 -22.1695 55.177
      vertex -4.29893 -21.9714 55.2084
    endloop
  endfacet
  facet normal 0.734985 0.453706 0.503932
    outer loop
      vertex -3.2995 10.3748 64.4198
      vertex -4.499 22.5706 55.189
      vertex -3.2995 10.134 64.6366
    endloop
  endfacet
  facet normal 0.999711 -0.00742001 -0.022851
    outer loop
      vertex -3.2995 -14.2917 59.4549
      vertex -3.42849 -14.8716 54
      vertex -3.2995 -14.0133 59.3645
    endloop
  endfacet
  facet normal 0.999711 -0.00739817 -0.0228533
    outer loop
      vertex -3.42849 -14.8716 54
      vertex -3.2995 -14.2917 59.4549
      vertex -3.43042 -15.1324 54
    endloop
  endfacet
  facet normal 0.999008 -0.0406934 -0.0181096
    outer loop
      vertex -3.46614 -17.0307 54
      vertex -3.2995 -15.9548 60.775
      vertex -3.2995 -16.0738 61.0424
    endloop
  endfacet
  facet normal 0.999007 -0.040703 -0.0181081
    outer loop
      vertex -3.2995 -15.9548 60.775
      vertex -3.46614 -17.0307 54
      vertex -3.46066 -16.8962 54
    endloop
  endfacet
  facet normal 0.986941 0.147524 0.0646782
    outer loop
      vertex -4.39959 21.983 55.366
      vertex -3.2995 11.2056 63.1616
      vertex -4.39824 21.9741 55.3657
    endloop
  endfacet
  facet normal 0.986556 0.149104 0.0668968
    outer loop
      vertex -3.2995 11.0738 63.4576
      vertex -4.39959 21.983 55.366
      vertex -4.40217 22.002 55.3617
    endloop
  endfacet
  facet normal 0.986688 0.148564 0.0661511
    outer loop
      vertex -4.39959 21.983 55.366
      vertex -3.2995 11.0738 63.4576
      vertex -3.2995 11.2056 63.1616
    endloop
  endfacet
  facet normal -0.997976 0.0622573 -0.0129914
    outer loop
      vertex -10.9005 11.273 61.6554
      vertex -10.6837 13.1508 54
      vertex -10.6904 13.0434 54
    endloop
  endfacet
  facet normal -0.998006 0.0617469 -0.0131174
    outer loop
      vertex -10.6837 13.1508 54
      vertex -10.9005 11.273 61.6554
      vertex -10.9005 11.3338 61.9416
    endloop
  endfacet
  facet normal -0.982212 0.171791 0.0758071
    outer loop
      vertex -10.9005 11.0738 63.4576
      vertex -9.58274 22.2604 55.1808
      vertex -9.58513 22.247 55.1802
    endloop
  endfacet
  facet normal -0.98202 0.172468 0.076753
    outer loop
      vertex -9.58274 22.2604 55.1808
      vertex -10.9005 11.0738 63.4576
      vertex -10.9005 10.9548 63.725
    endloop
  endfacet
  facet normal -1 0 0
    outer loop
      vertex -10.9005 9.94151 62.088
      vertex -10.9005 11.3338 61.9416
      vertex -10.9005 11.273 61.6554
    endloop
  endfacet
  facet normal -1 0 0
    outer loop
      vertex -10.9005 11.3338 61.9416
      vertex -10.9005 9.94151 62.088
      vertex -10.9005 11.3338 62.5584
    endloop
  endfacet
  facet normal -1 0 0
    outer loop
      vertex -10.9005 9.87414 61.771
      vertex -10.9005 11.273 61.6554
      vertex -10.9005 11.2056 61.3384
    endloop
  endfacet
  facet normal -1 0 0
    outer loop
      vertex -10.9005 9.94151 62.412
      vertex -10.9005 11.3338 62.5584
      vertex -10.9005 9.94151 62.088
    endloop
  endfacet
  facet normal -1 0 0
    outer loop
      vertex -10.9005 9.87414 61.771
      vertex -10.9005 11.2056 61.3384
      vertex -10.9005 11.0738 61.0424
    endloop
  endfacet
  facet normal -1 -0 0
    outer loop
      vertex -10.9005 11.3338 62.5584
      vertex -10.9005 9.94151 62.412
      vertex -10.9005 11.273 62.8446
    endloop
  endfacet
  facet normal -1 0 0
    outer loop
      vertex -10.9005 9.74234 61.475
      vertex -10.9005 11.0738 61.0424
      vertex -10.9005 10.9548 60.775
    endloop
  endfacet
  facet normal -1 0 0
    outer loop
      vertex -10.9005 9.87414 62.729
      vertex -10.9005 11.273 62.8446
      vertex -10.9005 9.94151 62.412
    endloop
  endfacet
  facet normal -1 0 0
    outer loop
      vertex -10.9005 9.74234 61.475
      vertex -10.9005 10.9548 60.775
      vertex -10.9005 10.7827 60.5382
    endloop
  endfacet
  facet normal -1 -0 0
    outer loop
      vertex -10.9005 11.273 62.8446
      vertex -10.9005 9.87414 62.729
      vertex -10.9005 11.2056 63.1616
    endloop
  endfacet
  facet normal -1 0 0
    outer loop
      vertex -10.9005 9.55187 61.2128
      vertex -10.9005 10.7827 60.5382
      vertex -10.9005 10.5923 60.2761
    endloop
  endfacet
  facet normal -1 -0 0
    outer loop
      vertex -10.9005 11.2056 63.1616
      vertex -10.9005 9.87414 62.729
      vertex -10.9005 11.0738 63.4576
    endloop
  endfacet
  facet normal -1 0 0
    outer loop
      vertex -10.9005 9.55187 61.2128
      vertex -10.9005 10.5923 60.2761
      vertex -10.9005 10.3748 60.0802
    endloop
  endfacet
  facet normal -1 0 0
    outer loop
      vertex -10.9005 9.74234 63.025
      vertex -10.9005 11.0738 63.4576
      vertex -10.9005 9.87414 62.729
    endloop
  endfacet
  facet normal -1 0 0
    outer loop
      vertex -10.9005 9.31107 60.996
      vertex -10.9005 10.3748 60.0802
      vertex -10.9005 10.134 59.8634
    endloop
  endfacet
  facet normal -1 -0 0
    outer loop
      vertex -10.9005 11.0738 63.4576
      vertex -10.9005 9.74234 63.025
      vertex -10.9005 10.9548 63.725
    endloop
  endfacet
  facet normal -1 -0 0
    outer loop
      vertex -10.9005 10.9548 63.725
      vertex -10.9005 9.74234 63.025
      vertex -10.9005 10.7827 63.9618
    endloop
  endfacet
  facet normal -1 0 0
    outer loop
      vertex -10.9005 11.273 61.6554
      vertex -10.9005 9.87414 61.771
      vertex -10.9005 9.94151 62.088
    endloop
  endfacet
  facet normal -1 0 0
    outer loop
      vertex -10.9005 9.31107 60.996
      vertex -10.9005 10.134 59.8634
      vertex -10.9005 9.85334 59.7014
    endloop
  endfacet
  facet normal -1 0 0
    outer loop
      vertex -10.9005 11.0738 61.0424
      vertex -10.9005 9.74234 61.475
      vertex -10.9005 9.87414 61.771
    endloop
  endfacet
  facet normal -1 0 0
    outer loop
      vertex -10.9005 9.03044 60.834
      vertex -10.9005 9.85334 59.7014
      vertex -10.9005 9.59987 59.555
    endloop
  endfacet
  facet normal -1 0 0
    outer loop
      vertex -10.9005 10.7827 60.5382
      vertex -10.9005 9.55187 61.2128
      vertex -10.9005 9.74234 61.475
    endloop
  endfacet
  facet normal -1 0 0
    outer loop
      vertex -10.9005 10.3748 60.0802
      vertex -10.9005 9.31107 60.996
      vertex -10.9005 9.55187 61.2128
    endloop
  endfacet
  facet normal -1 0 0
    outer loop
      vertex -10.9005 9.03044 60.834
      vertex -10.9005 9.59987 59.555
      vertex -10.9005 9.29169 59.4549
    endloop
  endfacet
  facet normal -1 0 0
    outer loop
      vertex -10.9005 9.85334 59.7014
      vertex -10.9005 9.03044 60.834
      vertex -10.9005 9.31107 60.996
    endloop
  endfacet
  facet normal -1 0 0
    outer loop
      vertex -10.9005 8.72226 60.7339
      vertex -10.9005 9.29169 59.4549
      vertex -10.9005 9.01334 59.3645
    endloop
  endfacet
  facet normal -1 0 0
    outer loop
      vertex -10.9005 8.72226 60.7339
      vertex -10.9005 9.01334 59.3645
      vertex -10.9005 8.72226 59.3339
    endloop
  endfacet
  facet normal -1 0 0
    outer loop
      vertex -10.9005 9.29169 59.4549
      vertex -10.9005 8.72226 60.7339
      vertex -10.9005 9.03044 60.834
    endloop
  endfacet
  facet normal -1 0 0
    outer loop
      vertex -10.9005 8.4 60.7
      vertex -10.9005 8.72226 59.3339
      vertex -10.9005 8.4 59.3
    endloop
  endfacet
  facet normal -1 0 0
    outer loop
      vertex -10.9005 8.72226 59.3339
      vertex -10.9005 8.4 60.7
      vertex -10.9005 8.72226 60.7339
    endloop
  endfacet
  facet normal -1 0 0
    outer loop
      vertex -10.9005 8.4 59.3
      vertex -10.9005 0.6 60.7
      vertex -10.9005 8.4 60.7
    endloop
  endfacet
  facet normal -1 0 0
    outer loop
      vertex -10.9005 -5.6 60.7
      vertex -10.9005 0.6 60.7
      vertex -10.9005 8.4 59.3
    endloop
  endfacet
  facet normal -1 0 0
    outer loop
      vertex -10.9005 -0.941508 62.088
      vertex -10.9005 -4.05849 62.088
      vertex -10.9005 -0.941508 62.412
    endloop
  endfacet
  facet normal -1 0 0
    outer loop
      vertex -10.9005 -0.874137 61.771
      vertex -10.9005 -4.05849 62.088
      vertex -10.9005 -0.941508 62.088
    endloop
  endfacet
  facet normal -1 0 0
    outer loop
      vertex -10.9005 -4.12586 61.771
      vertex -10.9005 -0.874137 61.771
      vertex -10.9005 -0.742339 61.475
    endloop
  endfacet
  facet normal -1 0 0
    outer loop
      vertex -10.9005 -4.25766 61.475
      vertex -10.9005 -0.742339 61.475
      vertex -10.9005 -0.551874 61.2128
    endloop
  endfacet
  facet normal -1 0 0
    outer loop
      vertex -10.9005 -4.44813 61.2128
      vertex -10.9005 -0.551874 61.2128
      vertex -10.9005 -0.311067 60.996
    endloop
  endfacet
  facet normal -1 0 0
    outer loop
      vertex -10.9005 -4.68893 60.996
      vertex -10.9005 -0.311067 60.996
      vertex -10.9005 -0.0304413 60.834
    endloop
  endfacet
  facet normal -1 0 0
    outer loop
      vertex -10.9005 -4.96956 60.834
      vertex -10.9005 -0.0304413 60.834
      vertex -10.9005 0.277738 60.7339
    endloop
  endfacet
  facet normal -1 0 0
    outer loop
      vertex -10.9005 -0.874137 61.771
      vertex -10.9005 -4.12586 61.771
      vertex -10.9005 -4.05849 62.088
    endloop
  endfacet
  facet normal -1 0 0
    outer loop
      vertex -10.9005 -0.742339 61.475
      vertex -10.9005 -4.25766 61.475
      vertex -10.9005 -4.12586 61.771
    endloop
  endfacet
  facet normal -1 0 0
    outer loop
      vertex -10.9005 0.6 60.7
      vertex -10.9005 -5.6 60.7
      vertex -10.9005 0.277738 60.7339
    endloop
  endfacet
  facet normal -1 0 0
    outer loop
      vertex -10.9005 -0.551874 61.2128
      vertex -10.9005 -4.44813 61.2128
      vertex -10.9005 -4.25766 61.475
    endloop
  endfacet
  facet normal -1 0 0
    outer loop
      vertex -10.9005 -0.311067 60.996
      vertex -10.9005 -4.68893 60.996
      vertex -10.9005 -4.44813 61.2128
    endloop
  endfacet
  facet normal -1 0 0
    outer loop
      vertex -10.9005 -0.0304413 60.834
      vertex -10.9005 -4.96956 60.834
      vertex -10.9005 -4.68893 60.996
    endloop
  endfacet
  facet normal -1 0 0
    outer loop
      vertex -10.9005 0.277738 60.7339
      vertex -10.9005 -5.27774 60.7339
      vertex -10.9005 -4.96956 60.834
    endloop
  endfacet
  facet normal -1 -0 0
    outer loop
      vertex -10.9005 0.277738 60.7339
      vertex -10.9005 -5.6 60.7
      vertex -10.9005 -5.27774 60.7339
    endloop
  endfacet
  facet normal -1 0 0
    outer loop
      vertex -10.9005 -13.4 59.3
      vertex -10.9005 -5.6 60.7
      vertex -10.9005 8.4 59.3
    endloop
  endfacet
  facet normal -1 0 0
    outer loop
      vertex -10.9005 -13.4 59.3
      vertex -10.9005 -13.4 60.7
      vertex -10.9005 -5.6 60.7
    endloop
  endfacet
  facet normal -1 0 0
    outer loop
      vertex -10.9005 -13.7223 59.3339
      vertex -10.9005 -13.4 60.7
      vertex -10.9005 -13.4 59.3
    endloop
  endfacet
  facet normal -1 0 0
    outer loop
      vertex -10.9005 -13.7223 59.3339
      vertex -10.9005 -13.7223 60.7339
      vertex -10.9005 -13.4 60.7
    endloop
  endfacet
  facet normal -1 0 0
    outer loop
      vertex -10.9005 -14.0133 59.3645
      vertex -10.9005 -13.7223 60.7339
      vertex -10.9005 -13.7223 59.3339
    endloop
  endfacet
  facet normal -1 0 0
    outer loop
      vertex -10.9005 -14.2917 59.4549
      vertex -10.9005 -13.7223 60.7339
      vertex -10.9005 -14.0133 59.3645
    endloop
  endfacet
  facet normal -1 -0 0
    outer loop
      vertex -10.9005 -13.7223 60.7339
      vertex -10.9005 -14.2917 59.4549
      vertex -10.9005 -14.0304 60.834
    endloop
  endfacet
  facet normal -1 0 0
    outer loop
      vertex -10.9005 -14.5999 59.555
      vertex -10.9005 -14.0304 60.834
      vertex -10.9005 -14.2917 59.4549
    endloop
  endfacet
  facet normal -1 0 0
    outer loop
      vertex -10.9005 -14.8533 59.7014
      vertex -10.9005 -14.0304 60.834
      vertex -10.9005 -14.5999 59.555
    endloop
  endfacet
  facet normal -1 -0 0
    outer loop
      vertex -10.9005 -14.0304 60.834
      vertex -10.9005 -14.8533 59.7014
      vertex -10.9005 -14.3111 60.996
    endloop
  endfacet
  facet normal -1 0 0
    outer loop
      vertex -10.9005 -15.134 59.8634
      vertex -10.9005 -14.3111 60.996
      vertex -10.9005 -14.8533 59.7014
    endloop
  endfacet
  facet normal -1 0 0
    outer loop
      vertex -10.9005 -15.3748 60.0802
      vertex -10.9005 -14.3111 60.996
      vertex -10.9005 -15.134 59.8634
    endloop
  endfacet
  facet normal -1 -0 0
    outer loop
      vertex -10.9005 -14.3111 60.996
      vertex -10.9005 -15.3748 60.0802
      vertex -10.9005 -14.5519 61.2128
    endloop
  endfacet
  facet normal -1 0 0
    outer loop
      vertex -10.9005 -15.5923 60.2761
      vertex -10.9005 -14.5519 61.2128
      vertex -10.9005 -15.3748 60.0802
    endloop
  endfacet
  facet normal -1 -0 0
    outer loop
      vertex -10.9005 -14.5519 61.2128
      vertex -10.9005 -15.7827 60.5382
      vertex -10.9005 -14.7423 61.475
    endloop
  endfacet
  facet normal -1 0 0
    outer loop
      vertex -10.9005 -15.7827 60.5382
      vertex -10.9005 -14.5519 61.2128
      vertex -10.9005 -15.5923 60.2761
    endloop
  endfacet
  facet normal -1 0 0
    outer loop
      vertex -10.9005 9.55187 63.2872
      vertex -10.9005 10.7827 63.9618
      vertex -10.9005 9.74234 63.025
    endloop
  endfacet
  facet normal -1 -0 0
    outer loop
      vertex -10.9005 10.7827 63.9618
      vertex -10.9005 9.55187 63.2872
      vertex -10.9005 10.5923 64.2239
    endloop
  endfacet
  facet normal -1 -0 0
    outer loop
      vertex -10.9005 10.5923 64.2239
      vertex -10.9005 9.55187 63.2872
      vertex -10.9005 10.3748 64.4198
    endloop
  endfacet
  facet normal -1 0 0
    outer loop
      vertex -10.9005 9.31107 63.504
      vertex -10.9005 10.3748 64.4198
      vertex -10.9005 9.55187 63.2872
    endloop
  endfacet
  facet normal -1 -0 0
    outer loop
      vertex -10.9005 10.3748 64.4198
      vertex -10.9005 9.31107 63.504
      vertex -10.9005 10.134 64.6366
    endloop
  endfacet
  facet normal -1 -0 0
    outer loop
      vertex -10.9005 10.134 64.6366
      vertex -10.9005 9.31107 63.504
      vertex -10.9005 9.85334 64.7986
    endloop
  endfacet
  facet normal -1 0 0
    outer loop
      vertex -10.9005 9.03044 63.666
      vertex -10.9005 9.85334 64.7986
      vertex -10.9005 9.31107 63.504
    endloop
  endfacet
  facet normal -1 -0 0
    outer loop
      vertex -10.9005 9.85334 64.7986
      vertex -10.9005 9.03044 63.666
      vertex -10.9005 9.59987 64.945
    endloop
  endfacet
  facet normal -1 -0 0
    outer loop
      vertex -10.9005 9.59987 64.945
      vertex -10.9005 9.03044 63.666
      vertex -10.9005 9.29169 65.0451
    endloop
  endfacet
  facet normal -1 0 0
    outer loop
      vertex -10.9005 8.72226 63.7661
      vertex -10.9005 9.29169 65.0451
      vertex -10.9005 9.03044 63.666
    endloop
  endfacet
  facet normal -1 -0 0
    outer loop
      vertex -10.9005 9.29169 65.0451
      vertex -10.9005 8.72226 63.7661
      vertex -10.9005 9.01334 65.1355
    endloop
  endfacet
  facet normal -1 0 0
    outer loop
      vertex -10.9005 8.72226 63.7661
      vertex -10.9005 8.72226 65.1661
      vertex -10.9005 9.01334 65.1355
    endloop
  endfacet
  facet normal -1 0 0
    outer loop
      vertex -10.9005 8.4 63.8
      vertex -10.9005 8.72226 65.1661
      vertex -10.9005 8.72226 63.7661
    endloop
  endfacet
  facet normal -1 0 0
    outer loop
      vertex -10.9005 8.4 63.8
      vertex -10.9005 8.4 65.2
      vertex -10.9005 8.72226 65.1661
    endloop
  endfacet
  facet normal -1 0 0
    outer loop
      vertex -10.9005 0.6 63.8
      vertex -10.9005 8.4 65.2
      vertex -10.9005 8.4 63.8
    endloop
  endfacet
  facet normal -1 0 0
    outer loop
      vertex -10.9005 -5.6 63.8
      vertex -10.9005 0.6 63.8
      vertex -10.9005 0.277738 63.7661
    endloop
  endfacet
  facet normal -1 0 0
    outer loop
      vertex -10.9005 -4.05849 62.412
      vertex -10.9005 -0.941508 62.412
      vertex -10.9005 -4.05849 62.088
    endloop
  endfacet
  facet normal -1 0 0
    outer loop
      vertex -10.9005 -0.941508 62.412
      vertex -10.9005 -4.05849 62.412
      vertex -10.9005 -0.874137 62.729
    endloop
  endfacet
  facet normal -1 0 0
    outer loop
      vertex -10.9005 -4.12586 62.729
      vertex -10.9005 -0.874137 62.729
      vertex -10.9005 -4.05849 62.412
    endloop
  endfacet
  facet normal -1 0 0
    outer loop
      vertex -10.9005 -0.874137 62.729
      vertex -10.9005 -4.12586 62.729
      vertex -10.9005 -0.742339 63.025
    endloop
  endfacet
  facet normal -1 0 0
    outer loop
      vertex -10.9005 -4.25766 63.025
      vertex -10.9005 -0.742339 63.025
      vertex -10.9005 -4.12586 62.729
    endloop
  endfacet
  facet normal -1 0 0
    outer loop
      vertex -10.9005 -0.742339 63.025
      vertex -10.9005 -4.25766 63.025
      vertex -10.9005 -0.551874 63.2872
    endloop
  endfacet
  facet normal -1 0 0
    outer loop
      vertex -10.9005 -4.44813 63.2872
      vertex -10.9005 -0.551874 63.2872
      vertex -10.9005 -4.25766 63.025
    endloop
  endfacet
  facet normal -1 0 0
    outer loop
      vertex -10.9005 -0.551874 63.2872
      vertex -10.9005 -4.44813 63.2872
      vertex -10.9005 -0.311067 63.504
    endloop
  endfacet
  facet normal -1 0 0
    outer loop
      vertex -10.9005 -4.68893 63.504
      vertex -10.9005 -0.311067 63.504
      vertex -10.9005 -4.44813 63.2872
    endloop
  endfacet
  facet normal -1 0 0
    outer loop
      vertex -10.9005 -0.311067 63.504
      vertex -10.9005 -4.68893 63.504
      vertex -10.9005 -0.0304413 63.666
    endloop
  endfacet
  facet normal -1 0 0
    outer loop
      vertex -10.9005 -4.96956 63.666
      vertex -10.9005 -0.0304413 63.666
      vertex -10.9005 -4.68893 63.504
    endloop
  endfacet
  facet normal -1 0 0
    outer loop
      vertex -10.9005 -0.0304413 63.666
      vertex -10.9005 -4.96956 63.666
      vertex -10.9005 0.277738 63.7661
    endloop
  endfacet
  facet normal -1 0 0
    outer loop
      vertex -10.9005 -5.27774 63.7661
      vertex -10.9005 0.277738 63.7661
      vertex -10.9005 -4.96956 63.666
    endloop
  endfacet
  facet normal -1 0 0
    outer loop
      vertex -10.9005 -5.6 63.8
      vertex -10.9005 0.277738 63.7661
      vertex -10.9005 -5.27774 63.7661
    endloop
  endfacet
  facet normal -1 0 0
    outer loop
      vertex -10.9005 0.6 63.8
      vertex -10.9005 -5.6 63.8
      vertex -10.9005 8.4 65.2
    endloop
  endfacet
  facet normal -1 0 0
    outer loop
      vertex -10.9005 -13.4 65.2
      vertex -10.9005 -5.6 63.8
      vertex -10.9005 -13.4 63.8
    endloop
  endfacet
  facet normal -1 0 0
    outer loop
      vertex -10.9005 -5.6 63.8
      vertex -10.9005 -13.4 65.2
      vertex -10.9005 8.4 65.2
    endloop
  endfacet
  facet normal -1 0 0
    outer loop
      vertex -10.9005 -13.7223 65.1661
      vertex -10.9005 -13.4 63.8
      vertex -10.9005 -13.7223 63.7661
    endloop
  endfacet
  facet normal -1 0 0
    outer loop
      vertex -10.9005 -13.4 63.8
      vertex -10.9005 -13.7223 65.1661
      vertex -10.9005 -13.4 65.2
    endloop
  endfacet
  facet normal -1 0 0
    outer loop
      vertex -10.9005 -13.7223 63.7661
      vertex -10.9005 -14.0133 65.1355
      vertex -10.9005 -13.7223 65.1661
    endloop
  endfacet
  facet normal -1 0 0
    outer loop
      vertex -10.9005 -14.2917 65.0451
      vertex -10.9005 -13.7223 63.7661
      vertex -10.9005 -14.0304 63.666
    endloop
  endfacet
  facet normal -1 0 0
    outer loop
      vertex -10.9005 -13.7223 63.7661
      vertex -10.9005 -14.2917 65.0451
      vertex -10.9005 -14.0133 65.1355
    endloop
  endfacet
  facet normal -1 0 0
    outer loop
      vertex -10.9005 -14.8533 64.7986
      vertex -10.9005 -14.0304 63.666
      vertex -10.9005 -14.3111 63.504
    endloop
  endfacet
  facet normal -1 0 0
    outer loop
      vertex -10.9005 -15.3748 64.4198
      vertex -10.9005 -14.3111 63.504
      vertex -10.9005 -14.5519 63.2872
    endloop
  endfacet
  facet normal -1 0 0
    outer loop
      vertex -10.9005 -14.0304 63.666
      vertex -10.9005 -14.5999 64.945
      vertex -10.9005 -14.2917 65.0451
    endloop
  endfacet
  facet normal -1 0 0
    outer loop
      vertex -10.9005 -15.7827 63.9618
      vertex -10.9005 -14.5519 63.2872
      vertex -10.9005 -14.7423 63.025
    endloop
  endfacet
  facet normal -1 0 0
    outer loop
      vertex -10.9005 -14.0304 63.666
      vertex -10.9005 -14.8533 64.7986
      vertex -10.9005 -14.5999 64.945
    endloop
  endfacet
  facet normal -1 0 0
    outer loop
      vertex -10.9005 -16.0738 63.4576
      vertex -10.9005 -14.7423 63.025
      vertex -10.9005 -14.8741 62.729
    endloop
  endfacet
  facet normal -1 0 0
    outer loop
      vertex -10.9005 -16.273 62.8446
      vertex -10.9005 -14.8741 62.729
      vertex -10.9005 -14.9415 62.412
    endloop
  endfacet
  facet normal -1 0 0
    outer loop
      vertex -10.9005 -15.9548 60.775
      vertex -10.9005 -14.7423 61.475
      vertex -10.9005 -15.7827 60.5382
    endloop
  endfacet
  facet normal -1 0 0
    outer loop
      vertex -10.9005 -16.0738 61.0424
      vertex -10.9005 -14.7423 61.475
      vertex -10.9005 -15.9548 60.775
    endloop
  endfacet
  facet normal -1 0 0
    outer loop
      vertex -10.9005 -14.3111 63.504
      vertex -10.9005 -15.3748 64.4198
      vertex -10.9005 -15.134 64.6366
    endloop
  endfacet
  facet normal -1 0 0
    outer loop
      vertex -10.9005 -14.3111 63.504
      vertex -10.9005 -15.134 64.6366
      vertex -10.9005 -14.8533 64.7986
    endloop
  endfacet
  facet normal -1 -0 0
    outer loop
      vertex -10.9005 -14.7423 61.475
      vertex -10.9005 -16.0738 61.0424
      vertex -10.9005 -14.8741 61.771
    endloop
  endfacet
  facet normal -1 0 0
    outer loop
      vertex -10.9005 -16.2056 61.3384
      vertex -10.9005 -14.8741 61.771
      vertex -10.9005 -16.0738 61.0424
    endloop
  endfacet
  facet normal -1 0 0
    outer loop
      vertex -10.9005 -14.5519 63.2872
      vertex -10.9005 -15.7827 63.9618
      vertex -10.9005 -15.5923 64.2239
    endloop
  endfacet
  facet normal -1 0 0
    outer loop
      vertex -10.9005 -14.5519 63.2872
      vertex -10.9005 -15.5923 64.2239
      vertex -10.9005 -15.3748 64.4198
    endloop
  endfacet
  facet normal -1 0 0
    outer loop
      vertex -10.9005 -16.273 61.6554
      vertex -10.9005 -14.8741 61.771
      vertex -10.9005 -16.2056 61.3384
    endloop
  endfacet
  facet normal -1 -0 0
    outer loop
      vertex -10.9005 -14.8741 61.771
      vertex -10.9005 -16.273 61.6554
      vertex -10.9005 -14.9415 62.088
    endloop
  endfacet
  facet normal -1 0 0
    outer loop
      vertex -10.9005 -14.7423 63.025
      vertex -10.9005 -16.0738 63.4576
      vertex -10.9005 -15.9548 63.725
    endloop
  endfacet
  facet normal -1 0 0
    outer loop
      vertex -10.9005 -14.7423 63.025
      vertex -10.9005 -15.9548 63.725
      vertex -10.9005 -15.7827 63.9618
    endloop
  endfacet
  facet normal -1 0 0
    outer loop
      vertex -10.9005 -16.3338 61.9416
      vertex -10.9005 -14.9415 62.088
      vertex -10.9005 -16.273 61.6554
    endloop
  endfacet
  facet normal -1 -0 0
    outer loop
      vertex -10.9005 -14.9415 62.088
      vertex -10.9005 -16.3338 61.9416
      vertex -10.9005 -14.9415 62.412
    endloop
  endfacet
  facet normal -1 0 0
    outer loop
      vertex -10.9005 -14.8741 62.729
      vertex -10.9005 -16.273 62.8446
      vertex -10.9005 -16.2056 63.1616
    endloop
  endfacet
  facet normal -1 0 0
    outer loop
      vertex -10.9005 -14.8741 62.729
      vertex -10.9005 -16.2056 63.1616
      vertex -10.9005 -16.0738 63.4576
    endloop
  endfacet
  facet normal -1 0 0
    outer loop
      vertex -10.9005 -16.3338 62.5584
      vertex -10.9005 -14.9415 62.412
      vertex -10.9005 -16.3338 61.9416
    endloop
  endfacet
  facet normal -1 0 0
    outer loop
      vertex -10.9005 -14.9415 62.412
      vertex -10.9005 -16.3338 62.5584
      vertex -10.9005 -16.273 62.8446
    endloop
  endfacet
  facet normal -0.972642 0.201172 0.11618
    outer loop
      vertex -9.57735 22.2841 55.1849
      vertex -10.9005 10.9548 63.725
      vertex -9.53053 22.5446 55.1258
    endloop
  endfacet
  facet normal -0.97266 0.201122 0.11611
    outer loop
      vertex -10.9005 10.9548 63.725
      vertex -9.57735 22.2841 55.1849
      vertex -9.58274 22.2604 55.1808
    endloop
  endfacet
  facet normal 0.971037 -0.233712 0.0496495
    outer loop
      vertex -4.39166 -22.4572 55.0944
      vertex -3.2995 -16.3338 62.5584
      vertex -3.2995 -16.273 62.8446
    endloop
  endfacet
  facet normal 0.971056 -0.233648 0.0495944
    outer loop
      vertex -3.2995 -16.3338 62.5584
      vertex -4.39166 -22.4572 55.0944
      vertex -4.38677 -22.4352 55.1023
    endloop
  endfacet
  facet normal 0.999676 -0.0127374 -0.0220469
    outer loop
      vertex -3.43604 -15.701 54
      vertex -3.2995 -14.5999 59.555
      vertex -3.2995 -14.8533 59.7014
    endloop
  endfacet
  facet normal 0.999676 -0.0127514 -0.0220441
    outer loop
      vertex -3.2995 -14.5999 59.555
      vertex -3.43604 -15.701 54
      vertex -3.43292 -15.4564 54
    endloop
  endfacet
  facet normal 0 -0.669101 0.743171
    outer loop
      vertex -10.9005 -15.134 64.6366
      vertex -3.2995 -15.3748 64.4198
      vertex -3.2995 -15.134 64.6366
    endloop
  endfacet
  facet normal 0 -0.669101 0.743171
    outer loop
      vertex -3.2995 -15.3748 64.4198
      vertex -10.9005 -15.134 64.6366
      vertex -10.9005 -15.3748 64.4198
    endloop
  endfacet
  facet normal 0.990301 0.132132 0.0429437
    outer loop
      vertex -4.35863 21.6772 55.3658
      vertex -4.39824 21.9741 55.3657
      vertex -3.2995 11.2056 63.1616
    endloop
  endfacet
  facet normal 0.964963 0.212236 0.154282
    outer loop
      vertex -3.2995 10.5923 64.2239
      vertex -4.45363 22.3401 55.2817
      vertex -4.45597 22.3567 55.2735
    endloop
  endfacet
  facet normal 0.965034 0.212074 0.154059
    outer loop
      vertex -4.45363 22.3401 55.2817
      vertex -3.2995 10.5923 64.2239
      vertex -3.2995 10.7827 63.9618
    endloop
  endfacet
  facet normal 0.999724 0.00247215 -0.0233787
    outer loop
      vertex -3.2995 9.01334 59.3645
      vertex -3.42765 10.1053 54
      vertex -3.42831 10.3722 54
    endloop
  endfacet
  facet normal 0.999724 0.00245801 -0.0233816
    outer loop
      vertex -3.42765 10.1053 54
      vertex -3.2995 9.01334 59.3645
      vertex -3.2995 8.72226 59.3339
    endloop
  endfacet
  facet normal -0.999013 0.0405867 -0.0180591
    outer loop
      vertex -10.9005 11.0738 61.0424
      vertex -10.6991 12.8976 54
      vertex -10.7061 12.7253 54
    endloop
  endfacet
  facet normal -0.999013 0.0405683 -0.0180639
    outer loop
      vertex -10.6991 12.8976 54
      vertex -10.9005 11.0738 61.0424
      vertex -10.9005 11.2056 61.3384
    endloop
  endfacet
  facet normal -0.999296 0.0316233 -0.0201997
    outer loop
      vertex -10.7135 12.5364 54
      vertex -10.9005 10.9548 60.775
      vertex -10.7125 12.568 54
    endloop
  endfacet
  facet normal 0.998995 0.0427021 -0.0136548
    outer loop
      vertex -3.47213 12.8976 54
      vertex -3.47322 12.9231 54
      vertex -3.2995 11.2056 61.3384
    endloop
  endfacet
  facet normal 0.999274 0.0347962 -0.0154852
    outer loop
      vertex -3.2995 10.9548 60.775
      vertex -3.46614 12.7253 54
      vertex -3.2995 11.0738 61.0424
    endloop
  endfacet
  facet normal 0.999274 0.0348126 -0.0154809
    outer loop
      vertex -3.46614 12.7253 54
      vertex -3.2995 10.9548 60.775
      vertex -3.46066 12.568 54
    endloop
  endfacet
  facet normal 0.997531 0.0698433 -0.00735601
    outer loop
      vertex -3.48519 13.1499 54.004
      vertex -3.48636 13.1668 54.0058
      vertex -3.2995 11.3338 61.9416
    endloop
  endfacet
  facet normal 0.999721 0.00954641 -0.0215837
    outer loop
      vertex -3.43256 10.9748 54
      vertex -3.43292 11.0125 54
      vertex -3.2995 9.59987 59.555
    endloop
  endfacet
  facet normal 0.953408 -0.286875 0.0933529
    outer loop
      vertex -3.2995 -16.2056 63.1616
      vertex -4.41898 -22.5612 55.0639
      vertex -4.3966 -22.4795 55.0864
    endloop
  endfacet
  facet normal 0.948433 -0.299458 0.103917
    outer loop
      vertex -3.2995 -16.2056 63.1616
      vertex -4.41923 -22.5622 55.0633
      vertex -4.41898 -22.5612 55.0639
    endloop
  endfacet
  facet normal 0.953559 -0.286482 0.0930227
    outer loop
      vertex -4.41923 -22.5622 55.0633
      vertex -3.2995 -16.2056 63.1616
      vertex -4.45796 -22.7305 54.942
    endloop
  endfacet
  facet normal 0.914427 -0.369753 0.16464
    outer loop
      vertex -4.45989 -22.7371 54.9379
      vertex -3.2995 -16.2056 63.1616
      vertex -3.2995 -16.0738 63.4576
    endloop
  endfacet
  facet normal 0.914496 -0.369631 0.164533
    outer loop
      vertex -3.2995 -16.2056 63.1616
      vertex -4.45989 -22.7371 54.9379
      vertex -4.45796 -22.7305 54.942
    endloop
  endfacet
  facet normal -0 0.308923 0.951087
    outer loop
      vertex -10.9005 9.59987 64.945
      vertex -3.2995 9.29169 65.0451
      vertex -3.2995 9.59987 64.945
    endloop
  endfacet
  facet normal 0 0.308923 0.951087
    outer loop
      vertex -3.2995 9.29169 65.0451
      vertex -10.9005 9.59987 64.945
      vertex -10.9005 9.29169 65.0451
    endloop
  endfacet
  facet normal 0.999685 0.0147407 -0.0202954
    outer loop
      vertex -3.43947 11.5536 54
      vertex -3.44002 11.5909 54
      vertex -3.2995 10.134 59.8634
    endloop
  endfacet
  facet normal 0.999425 -0.0274339 -0.0199382
    outer loop
      vertex -3.45974 -16.8685 54
      vertex -3.2995 -15.7827 60.5382
      vertex -3.2995 -15.9548 60.775
    endloop
  endfacet
  facet normal 0.999424 -0.0274617 -0.0199336
    outer loop
      vertex -3.2995 -15.7827 60.5382
      vertex -3.45974 -16.8685 54
      vertex -3.45486 -16.6909 54
    endloop
  endfacet
  facet normal 0.999425 -0.0274436 -0.0199361
    outer loop
      vertex -3.45486 -16.6909 54
      vertex -3.2995 -15.5923 60.2761
      vertex -3.2995 -15.7827 60.5382
    endloop
  endfacet
  facet normal 0.999425 -0.0274401 -0.0199367
    outer loop
      vertex -3.2995 -15.5923 60.2761
      vertex -3.45486 -16.6909 54
      vertex -3.44941 -16.4924 54
    endloop
  endfacet
  facet normal 0.986826 0.147991 0.0653746
    outer loop
      vertex -3.2995 10.9548 63.725
      vertex -4.40217 22.002 55.3617
      vertex -4.40583 22.0291 55.3556
    endloop
  endfacet
  facet normal 0.986697 0.148526 0.0660981
    outer loop
      vertex -4.40217 22.002 55.3617
      vertex -3.2995 10.9548 63.725
      vertex -3.2995 11.0738 63.4576
    endloop
  endfacet
  facet normal 0.999676 -0.0127254 -0.0220495
    outer loop
      vertex -3.43947 -15.9701 54
      vertex -3.2995 -14.8533 59.7014
      vertex -3.2995 -15.134 59.8634
    endloop
  endfacet
  facet normal 0.999676 -0.0127421 -0.0220462
    outer loop
      vertex -3.2995 -14.8533 59.7014
      vertex -3.43947 -15.9701 54
      vertex -3.43604 -15.701 54
    endloop
  endfacet
  facet normal 0.999708 0.012086 -0.0209387
    outer loop
      vertex -3.2995 9.85334 59.7014
      vertex -3.43947 11.5536 54
      vertex -3.2995 10.134 59.8634
    endloop
  endfacet
  facet normal 0.999708 0.0120952 -0.0209359
    outer loop
      vertex -3.43947 11.5536 54
      vertex -3.2995 9.85334 59.7014
      vertex -3.43604 11.2701 54
    endloop
  endfacet
  facet normal 0.994844 0.101419 -0
    outer loop
      vertex -3.2995 11.3338 61.9416
      vertex -4.31611 21.306 55.3049
      vertex -3.2995 11.3338 62.5584
    endloop
  endfacet
  facet normal 0.994844 0.101419 6.0663e-07
    outer loop
      vertex -4.31611 21.306 55.3049
      vertex -3.2995 11.3338 61.9416
      vertex -3.48636 13.1668 54.0058
    endloop
  endfacet
  facet normal 0.999275 0.0347822 -0.0154875
    outer loop
      vertex -3.2995 11.0738 61.0424
      vertex -3.47213 12.8976 54
      vertex -3.2995 11.2056 61.3384
    endloop
  endfacet
  facet normal 0.999276 0.0347398 -0.0154985
    outer loop
      vertex -3.47213 12.8976 54
      vertex -3.2995 11.0738 61.0424
      vertex -3.46614 12.7253 54
    endloop
  endfacet
  facet normal 0.293498 -0.773303 0.562016
    outer loop
      vertex -3.2995 -15.7827 63.9618
      vertex -4.499 -22.7944 54.9405
      vertex -3.2995 -15.9548 63.725
    endloop
  endfacet
  facet normal 0.992536 0.11928 0.0253775
    outer loop
      vertex -4.3537 21.6366 55.3638
      vertex -3.2995 11.3338 62.5584
      vertex -4.34958 21.6037 55.3573
    endloop
  endfacet
  facet normal 0.992541 0.119249 0.0253331
    outer loop
      vertex -3.2995 11.3338 62.5584
      vertex -4.3537 21.6366 55.3638
      vertex -3.2995 11.273 62.8446
    endloop
  endfacet
  facet normal -0 0.500151 0.865938
    outer loop
      vertex -10.9005 9.85334 64.7986
      vertex -3.2995 9.59987 64.945
      vertex -3.2995 9.85334 64.7986
    endloop
  endfacet
  facet normal 0 0.500151 0.865938
    outer loop
      vertex -3.2995 9.59987 64.945
      vertex -10.9005 9.85334 64.7986
      vertex -10.9005 9.59987 64.945
    endloop
  endfacet
  facet normal 0.999728 0.00717277 -0.0221708
    outer loop
      vertex -3.2995 9.29169 59.4549
      vertex -3.42849 10.4092 54
      vertex -3.43042 10.6782 54
    endloop
  endfacet
  facet normal 0.999728 0.0071987 -0.0221655
    outer loop
      vertex -3.42849 10.4092 54
      vertex -3.2995 9.29169 59.4549
      vertex -3.2995 9.01334 59.3645
    endloop
  endfacet
  facet normal 0.965763 0.210413 0.151751
    outer loop
      vertex -3.2995 10.7827 63.9618
      vertex -4.45128 22.3234 55.2899
      vertex -4.45363 22.3401 55.2817
    endloop
  endfacet
  facet normal 0.964986 0.212182 0.154209
    outer loop
      vertex -4.45128 22.3234 55.2899
      vertex -3.2995 10.7827 63.9618
      vertex -3.2995 10.9548 63.725
    endloop
  endfacet
  facet normal 0.999653 0.0176255 -0.0195767
    outer loop
      vertex -3.2995 10.134 59.8634
      vertex -3.44458 11.8499 54
      vertex -3.2995 10.3748 60.0802
    endloop
  endfacet
  facet normal 0.999653 0.0176001 -0.0195842
    outer loop
      vertex -3.44458 11.8499 54
      vertex -3.2995 10.134 59.8634
      vertex -3.44002 11.5909 54
    endloop
  endfacet
  facet normal 0.998535 0.05292 -0.0112518
    outer loop
      vertex -3.2995 11.2056 61.3384
      vertex -3.47959 13.0434 54
      vertex -3.2995 11.273 61.6554
    endloop
  endfacet
  facet normal 0.998538 0.0528735 -0.0112634
    outer loop
      vertex -3.47959 13.0434 54
      vertex -3.2995 11.2056 61.3384
      vertex -3.47322 12.9231 54
    endloop
  endfacet
  facet normal 0.999728 0.00721314 -0.0221613
    outer loop
      vertex -3.2995 9.59987 59.555
      vertex -3.43042 10.6782 54
      vertex -3.43256 10.9748 54
    endloop
  endfacet
  facet normal 0.999728 0.00719912 -0.0221641
    outer loop
      vertex -3.43042 10.6782 54
      vertex -3.2995 9.59987 59.555
      vertex -3.2995 9.29169 59.4549
    endloop
  endfacet
  facet normal 0.998553 0.0528748 -0.0098165
    outer loop
      vertex -3.48519 13.1499 54.004
      vertex -3.47959 13.0434 54
      vertex -3.48264 13.101 54
    endloop
  endfacet
  facet normal 0.998534 0.0529409 -0.0112467
    outer loop
      vertex -3.2995 11.273 61.6554
      vertex -3.48519 13.1499 54.004
      vertex -3.2995 11.3338 61.9416
    endloop
  endfacet
  facet normal 0.998535 0.0529277 -0.01125
    outer loop
      vertex -3.48519 13.1499 54.004
      vertex -3.2995 11.273 61.6554
      vertex -3.47959 13.0434 54
    endloop
  endfacet
  facet normal 0.999729 0.00486355 -0.0227731
    outer loop
      vertex -3.42831 10.3722 54
      vertex -3.42849 10.4092 54
      vertex -3.2995 9.01334 59.3645
    endloop
  endfacet
  facet normal 1 0 0
    outer loop
      vertex -3.2995 9.94151 62.412
      vertex -3.2995 11.3338 62.5584
      vertex -3.2995 11.273 62.8446
    endloop
  endfacet
  facet normal 1 0 0
    outer loop
      vertex -3.2995 11.3338 62.5584
      vertex -3.2995 9.94151 62.412
      vertex -3.2995 11.3338 61.9416
    endloop
  endfacet
  facet normal 1 0 0
    outer loop
      vertex -3.2995 9.87414 62.729
      vertex -3.2995 11.273 62.8446
      vertex -3.2995 11.2056 63.1616
    endloop
  endfacet
  facet normal 1 -0 0
    outer loop
      vertex -3.2995 9.94151 62.088
      vertex -3.2995 11.3338 61.9416
      vertex -3.2995 9.94151 62.412
    endloop
  endfacet
  facet normal 1 0 0
    outer loop
      vertex -3.2995 9.87414 62.729
      vertex -3.2995 11.2056 63.1616
      vertex -3.2995 11.0738 63.4576
    endloop
  endfacet
  facet normal 1 0 0
    outer loop
      vertex -3.2995 11.3338 61.9416
      vertex -3.2995 9.94151 62.088
      vertex -3.2995 11.273 61.6554
    endloop
  endfacet
  facet normal 1 0 0
    outer loop
      vertex -3.2995 9.74234 63.025
      vertex -3.2995 11.0738 63.4576
      vertex -3.2995 10.9548 63.725
    endloop
  endfacet
  facet normal 1 -0 0
    outer loop
      vertex -3.2995 9.87414 61.771
      vertex -3.2995 11.273 61.6554
      vertex -3.2995 9.94151 62.088
    endloop
  endfacet
  facet normal 1 0 0
    outer loop
      vertex -3.2995 9.74234 63.025
      vertex -3.2995 10.9548 63.725
      vertex -3.2995 10.7827 63.9618
    endloop
  endfacet
  facet normal 1 0 0
    outer loop
      vertex -3.2995 11.273 61.6554
      vertex -3.2995 9.87414 61.771
      vertex -3.2995 11.2056 61.3384
    endloop
  endfacet
  facet normal 1 0 0
    outer loop
      vertex -3.2995 9.55187 63.2872
      vertex -3.2995 10.7827 63.9618
      vertex -3.2995 10.5923 64.2239
    endloop
  endfacet
  facet normal 1 0 0
    outer loop
      vertex -3.2995 11.2056 61.3384
      vertex -3.2995 9.87414 61.771
      vertex -3.2995 11.0738 61.0424
    endloop
  endfacet
  facet normal 1 0 0
    outer loop
      vertex -3.2995 9.55187 63.2872
      vertex -3.2995 10.5923 64.2239
      vertex -3.2995 10.3748 64.4198
    endloop
  endfacet
  facet normal 1 -0 0
    outer loop
      vertex -3.2995 9.74234 61.475
      vertex -3.2995 11.0738 61.0424
      vertex -3.2995 9.87414 61.771
    endloop
  endfacet
  facet normal 1 0 0
    outer loop
      vertex -3.2995 9.31107 63.504
      vertex -3.2995 10.3748 64.4198
      vertex -3.2995 10.134 64.6366
    endloop
  endfacet
  facet normal 1 0 0
    outer loop
      vertex -3.2995 11.0738 61.0424
      vertex -3.2995 9.74234 61.475
      vertex -3.2995 10.9548 60.775
    endloop
  endfacet
  facet normal 1 0 0
    outer loop
      vertex -3.2995 10.9548 60.775
      vertex -3.2995 9.74234 61.475
      vertex -3.2995 10.7827 60.5382
    endloop
  endfacet
  facet normal 1 0 0
    outer loop
      vertex -3.2995 11.273 62.8446
      vertex -3.2995 9.87414 62.729
      vertex -3.2995 9.94151 62.412
    endloop
  endfacet
  facet normal 1 0 0
    outer loop
      vertex -3.2995 9.31107 63.504
      vertex -3.2995 10.134 64.6366
      vertex -3.2995 9.85334 64.7986
    endloop
  endfacet
  facet normal 1 0 0
    outer loop
      vertex -3.2995 11.0738 63.4576
      vertex -3.2995 9.74234 63.025
      vertex -3.2995 9.87414 62.729
    endloop
  endfacet
  facet normal 1 0 0
    outer loop
      vertex -3.2995 9.03044 63.666
      vertex -3.2995 9.85334 64.7986
      vertex -3.2995 9.59987 64.945
    endloop
  endfacet
  facet normal 1 0 0
    outer loop
      vertex -3.2995 10.7827 63.9618
      vertex -3.2995 9.55187 63.2872
      vertex -3.2995 9.74234 63.025
    endloop
  endfacet
  facet normal 1 0 0
    outer loop
      vertex -3.2995 10.3748 64.4198
      vertex -3.2995 9.31107 63.504
      vertex -3.2995 9.55187 63.2872
    endloop
  endfacet
  facet normal 1 0 0
    outer loop
      vertex -3.2995 9.03044 63.666
      vertex -3.2995 9.59987 64.945
      vertex -3.2995 9.29169 65.0451
    endloop
  endfacet
  facet normal 1 0 0
    outer loop
      vertex -3.2995 9.85334 64.7986
      vertex -3.2995 9.03044 63.666
      vertex -3.2995 9.31107 63.504
    endloop
  endfacet
  facet normal 1 0 0
    outer loop
      vertex -3.2995 8.72226 63.7661
      vertex -3.2995 9.29169 65.0451
      vertex -3.2995 9.01334 65.1355
    endloop
  endfacet
  facet normal 1 0 0
    outer loop
      vertex -3.2995 8.72226 63.7661
      vertex -3.2995 9.01334 65.1355
      vertex -3.2995 8.72226 65.1661
    endloop
  endfacet
  facet normal 1 0 0
    outer loop
      vertex -3.2995 9.29169 65.0451
      vertex -3.2995 8.72226 63.7661
      vertex -3.2995 9.03044 63.666
    endloop
  endfacet
  facet normal 1 0 0
    outer loop
      vertex -3.2995 8.4 63.8
      vertex -3.2995 8.72226 65.1661
      vertex -3.2995 8.4 65.2
    endloop
  endfacet
  facet normal 1 0 0
    outer loop
      vertex -3.2995 8.72226 65.1661
      vertex -3.2995 8.4 63.8
      vertex -3.2995 8.72226 63.7661
    endloop
  endfacet
  facet normal 1 0 0
    outer loop
      vertex -3.2995 8.4 65.2
      vertex -3.2995 0.6 63.8
      vertex -3.2995 8.4 63.8
    endloop
  endfacet
  facet normal 1 0 0
    outer loop
      vertex -3.2995 -5.6 63.8
      vertex -3.2995 0.6 63.8
      vertex -3.2995 8.4 65.2
    endloop
  endfacet
  facet normal 1 0 0
    outer loop
      vertex -3.2995 -0.941508 62.412
      vertex -3.2995 -4.05849 62.412
      vertex -3.2995 -0.941508 62.088
    endloop
  endfacet
  facet normal 1 0 0
    outer loop
      vertex -3.2995 -0.874137 62.729
      vertex -3.2995 -4.05849 62.412
      vertex -3.2995 -0.941508 62.412
    endloop
  endfacet
  facet normal 1 0 0
    outer loop
      vertex -3.2995 -4.12586 62.729
      vertex -3.2995 -0.874137 62.729
      vertex -3.2995 -0.742339 63.025
    endloop
  endfacet
  facet normal 1 0 0
    outer loop
      vertex -3.2995 -4.25766 63.025
      vertex -3.2995 -0.742339 63.025
      vertex -3.2995 -0.551874 63.2872
    endloop
  endfacet
  facet normal 1 0 0
    outer loop
      vertex -3.2995 -4.44813 63.2872
      vertex -3.2995 -0.551874 63.2872
      vertex -3.2995 -0.311067 63.504
    endloop
  endfacet
  facet normal 1 0 0
    outer loop
      vertex -3.2995 -4.68893 63.504
      vertex -3.2995 -0.311067 63.504
      vertex -3.2995 -0.0304413 63.666
    endloop
  endfacet
  facet normal 1 0 0
    outer loop
      vertex -3.2995 -4.96956 63.666
      vertex -3.2995 -0.0304413 63.666
      vertex -3.2995 0.277738 63.7661
    endloop
  endfacet
  facet normal 1 0 0
    outer loop
      vertex -3.2995 -0.874137 62.729
      vertex -3.2995 -4.12586 62.729
      vertex -3.2995 -4.05849 62.412
    endloop
  endfacet
  facet normal 1 0 0
    outer loop
      vertex -3.2995 -0.742339 63.025
      vertex -3.2995 -4.25766 63.025
      vertex -3.2995 -4.12586 62.729
    endloop
  endfacet
  facet normal 1 0 0
    outer loop
      vertex -3.2995 0.6 63.8
      vertex -3.2995 -5.6 63.8
      vertex -3.2995 0.277738 63.7661
    endloop
  endfacet
  facet normal 1 0 0
    outer loop
      vertex -3.2995 -0.551874 63.2872
      vertex -3.2995 -4.44813 63.2872
      vertex -3.2995 -4.25766 63.025
    endloop
  endfacet
  facet normal 1 0 0
    outer loop
      vertex -3.2995 -0.311067 63.504
      vertex -3.2995 -4.68893 63.504
      vertex -3.2995 -4.44813 63.2872
    endloop
  endfacet
  facet normal 1 0 0
    outer loop
      vertex -3.2995 -0.0304413 63.666
      vertex -3.2995 -4.96956 63.666
      vertex -3.2995 -4.68893 63.504
    endloop
  endfacet
  facet normal 1 0 0
    outer loop
      vertex -3.2995 0.277738 63.7661
      vertex -3.2995 -5.27774 63.7661
      vertex -3.2995 -4.96956 63.666
    endloop
  endfacet
  facet normal 1 0 0
    outer loop
      vertex -3.2995 0.277738 63.7661
      vertex -3.2995 -5.6 63.8
      vertex -3.2995 -5.27774 63.7661
    endloop
  endfacet
  facet normal 1 -0 0
    outer loop
      vertex -3.2995 -13.4 65.2
      vertex -3.2995 -5.6 63.8
      vertex -3.2995 8.4 65.2
    endloop
  endfacet
  facet normal 1 0 0
    outer loop
      vertex -3.2995 -13.4 65.2
      vertex -3.2995 -13.4 63.8
      vertex -3.2995 -5.6 63.8
    endloop
  endfacet
  facet normal 1 -0 0
    outer loop
      vertex -3.2995 -13.7223 65.1661
      vertex -3.2995 -13.4 63.8
      vertex -3.2995 -13.4 65.2
    endloop
  endfacet
  facet normal 1 0 0
    outer loop
      vertex -3.2995 -13.7223 65.1661
      vertex -3.2995 -13.7223 63.7661
      vertex -3.2995 -13.4 63.8
    endloop
  endfacet
  facet normal 1 -0 0
    outer loop
      vertex -3.2995 -14.0133 65.1355
      vertex -3.2995 -13.7223 63.7661
      vertex -3.2995 -13.7223 65.1661
    endloop
  endfacet
  facet normal 1 -0 0
    outer loop
      vertex -3.2995 -14.2917 65.0451
      vertex -3.2995 -13.7223 63.7661
      vertex -3.2995 -14.0133 65.1355
    endloop
  endfacet
  facet normal 1 0 0
    outer loop
      vertex -3.2995 -13.7223 63.7661
      vertex -3.2995 -14.2917 65.0451
      vertex -3.2995 -14.0304 63.666
    endloop
  endfacet
  facet normal 1 -0 0
    outer loop
      vertex -3.2995 -14.5999 64.945
      vertex -3.2995 -14.0304 63.666
      vertex -3.2995 -14.2917 65.0451
    endloop
  endfacet
  facet normal 1 -0 0
    outer loop
      vertex -3.2995 -14.8533 64.7986
      vertex -3.2995 -14.0304 63.666
      vertex -3.2995 -14.5999 64.945
    endloop
  endfacet
  facet normal 1 0 0
    outer loop
      vertex -3.2995 -14.0304 63.666
      vertex -3.2995 -14.8533 64.7986
      vertex -3.2995 -14.3111 63.504
    endloop
  endfacet
  facet normal 1 -0 0
    outer loop
      vertex -3.2995 -15.134 64.6366
      vertex -3.2995 -14.3111 63.504
      vertex -3.2995 -14.8533 64.7986
    endloop
  endfacet
  facet normal 1 -0 0
    outer loop
      vertex -3.2995 -15.3748 64.4198
      vertex -3.2995 -14.3111 63.504
      vertex -3.2995 -15.134 64.6366
    endloop
  endfacet
  facet normal 1 0 0
    outer loop
      vertex -3.2995 -14.3111 63.504
      vertex -3.2995 -15.3748 64.4198
      vertex -3.2995 -14.5519 63.2872
    endloop
  endfacet
  facet normal 1 -0 0
    outer loop
      vertex -3.2995 -15.5923 64.2239
      vertex -3.2995 -14.5519 63.2872
      vertex -3.2995 -15.3748 64.4198
    endloop
  endfacet
  facet normal 1 0 0
    outer loop
      vertex -3.2995 -14.5519 63.2872
      vertex -3.2995 -15.7827 63.9618
      vertex -3.2995 -14.7423 63.025
    endloop
  endfacet
  facet normal 1 -0 0
    outer loop
      vertex -3.2995 -15.7827 63.9618
      vertex -3.2995 -14.5519 63.2872
      vertex -3.2995 -15.5923 64.2239
    endloop
  endfacet
  facet normal 1 -0 0
    outer loop
      vertex -3.2995 9.55187 61.2128
      vertex -3.2995 10.7827 60.5382
      vertex -3.2995 9.74234 61.475
    endloop
  endfacet
  facet normal 1 0 0
    outer loop
      vertex -3.2995 10.7827 60.5382
      vertex -3.2995 9.55187 61.2128
      vertex -3.2995 10.5923 60.2761
    endloop
  endfacet
  facet normal 1 0 0
    outer loop
      vertex -3.2995 10.5923 60.2761
      vertex -3.2995 9.55187 61.2128
      vertex -3.2995 10.3748 60.0802
    endloop
  endfacet
  facet normal 1 -0 0
    outer loop
      vertex -3.2995 9.31107 60.996
      vertex -3.2995 10.3748 60.0802
      vertex -3.2995 9.55187 61.2128
    endloop
  endfacet
  facet normal 1 0 0
    outer loop
      vertex -3.2995 10.3748 60.0802
      vertex -3.2995 9.31107 60.996
      vertex -3.2995 10.134 59.8634
    endloop
  endfacet
  facet normal 1 0 0
    outer loop
      vertex -3.2995 10.134 59.8634
      vertex -3.2995 9.31107 60.996
      vertex -3.2995 9.85334 59.7014
    endloop
  endfacet
  facet normal 1 -0 0
    outer loop
      vertex -3.2995 9.03044 60.834
      vertex -3.2995 9.85334 59.7014
      vertex -3.2995 9.31107 60.996
    endloop
  endfacet
  facet normal 1 0 0
    outer loop
      vertex -3.2995 9.85334 59.7014
      vertex -3.2995 9.03044 60.834
      vertex -3.2995 9.59987 59.555
    endloop
  endfacet
  facet normal 1 0 0
    outer loop
      vertex -3.2995 9.59987 59.555
      vertex -3.2995 9.03044 60.834
      vertex -3.2995 9.29169 59.4549
    endloop
  endfacet
  facet normal 1 -0 0
    outer loop
      vertex -3.2995 8.72226 60.7339
      vertex -3.2995 9.29169 59.4549
      vertex -3.2995 9.03044 60.834
    endloop
  endfacet
  facet normal 1 0 0
    outer loop
      vertex -3.2995 9.29169 59.4549
      vertex -3.2995 8.72226 60.7339
      vertex -3.2995 9.01334 59.3645
    endloop
  endfacet
  facet normal 1 0 0
    outer loop
      vertex -3.2995 8.72226 60.7339
      vertex -3.2995 8.72226 59.3339
      vertex -3.2995 9.01334 59.3645
    endloop
  endfacet
  facet normal 1 -0 0
    outer loop
      vertex -3.2995 8.4 60.7
      vertex -3.2995 8.72226 59.3339
      vertex -3.2995 8.72226 60.7339
    endloop
  endfacet
  facet normal 1 0 0
    outer loop
      vertex -3.2995 8.4 60.7
      vertex -3.2995 8.4 59.3
      vertex -3.2995 8.72226 59.3339
    endloop
  endfacet
  facet normal 1 -0 0
    outer loop
      vertex -3.2995 0.6 60.7
      vertex -3.2995 8.4 59.3
      vertex -3.2995 8.4 60.7
    endloop
  endfacet
  facet normal 1 0 0
    outer loop
      vertex -3.2995 -5.6 60.7
      vertex -3.2995 0.6 60.7
      vertex -3.2995 0.277738 60.7339
    endloop
  endfacet
  facet normal 1 0 0
    outer loop
      vertex -3.2995 -4.05849 62.088
      vertex -3.2995 -0.941508 62.088
      vertex -3.2995 -4.05849 62.412
    endloop
  endfacet
  facet normal 1 0 0
    outer loop
      vertex -3.2995 -0.941508 62.088
      vertex -3.2995 -4.05849 62.088
      vertex -3.2995 -0.874137 61.771
    endloop
  endfacet
  facet normal 1 0 0
    outer loop
      vertex -3.2995 -4.12586 61.771
      vertex -3.2995 -0.874137 61.771
      vertex -3.2995 -4.05849 62.088
    endloop
  endfacet
  facet normal 1 0 0
    outer loop
      vertex -3.2995 -0.874137 61.771
      vertex -3.2995 -4.12586 61.771
      vertex -3.2995 -0.742339 61.475
    endloop
  endfacet
  facet normal 1 0 0
    outer loop
      vertex -3.2995 -4.25766 61.475
      vertex -3.2995 -0.742339 61.475
      vertex -3.2995 -4.12586 61.771
    endloop
  endfacet
  facet normal 1 0 0
    outer loop
      vertex -3.2995 -0.742339 61.475
      vertex -3.2995 -4.25766 61.475
      vertex -3.2995 -0.551874 61.2128
    endloop
  endfacet
  facet normal 1 0 0
    outer loop
      vertex -3.2995 -4.44813 61.2128
      vertex -3.2995 -0.551874 61.2128
      vertex -3.2995 -4.25766 61.475
    endloop
  endfacet
  facet normal 1 0 0
    outer loop
      vertex -3.2995 -0.551874 61.2128
      vertex -3.2995 -4.44813 61.2128
      vertex -3.2995 -0.311067 60.996
    endloop
  endfacet
  facet normal 1 0 0
    outer loop
      vertex -3.2995 -4.68893 60.996
      vertex -3.2995 -0.311067 60.996
      vertex -3.2995 -4.44813 61.2128
    endloop
  endfacet
  facet normal 1 0 0
    outer loop
      vertex -3.2995 -0.311067 60.996
      vertex -3.2995 -4.68893 60.996
      vertex -3.2995 -0.0304413 60.834
    endloop
  endfacet
  facet normal 1 0 0
    outer loop
      vertex -3.2995 -4.96956 60.834
      vertex -3.2995 -0.0304413 60.834
      vertex -3.2995 -4.68893 60.996
    endloop
  endfacet
  facet normal 1 0 0
    outer loop
      vertex -3.2995 -0.0304413 60.834
      vertex -3.2995 -4.96956 60.834
      vertex -3.2995 0.277738 60.7339
    endloop
  endfacet
  facet normal 1 0 0
    outer loop
      vertex -3.2995 -5.27774 60.7339
      vertex -3.2995 0.277738 60.7339
      vertex -3.2995 -4.96956 60.834
    endloop
  endfacet
  facet normal 1 0 0
    outer loop
      vertex -3.2995 -5.6 60.7
      vertex -3.2995 0.277738 60.7339
      vertex -3.2995 -5.27774 60.7339
    endloop
  endfacet
  facet normal 1 0 0
    outer loop
      vertex -3.2995 0.6 60.7
      vertex -3.2995 -5.6 60.7
      vertex -3.2995 8.4 59.3
    endloop
  endfacet
  facet normal 1 0 0
    outer loop
      vertex -3.2995 -13.4 59.3
      vertex -3.2995 -5.6 60.7
      vertex -3.2995 -13.4 60.7
    endloop
  endfacet
  facet normal 1 0 0
    outer loop
      vertex -3.2995 -5.6 60.7
      vertex -3.2995 -13.4 59.3
      vertex -3.2995 8.4 59.3
    endloop
  endfacet
  facet normal 1 0 0
    outer loop
      vertex -3.2995 -13.7223 59.3339
      vertex -3.2995 -13.4 60.7
      vertex -3.2995 -13.7223 60.7339
    endloop
  endfacet
  facet normal 1 0 0
    outer loop
      vertex -3.2995 -13.4 60.7
      vertex -3.2995 -13.7223 59.3339
      vertex -3.2995 -13.4 59.3
    endloop
  endfacet
  facet normal 1 0 0
    outer loop
      vertex -3.2995 -13.7223 60.7339
      vertex -3.2995 -14.0133 59.3645
      vertex -3.2995 -13.7223 59.3339
    endloop
  endfacet
  facet normal 1 0 0
    outer loop
      vertex -3.2995 -14.2917 59.4549
      vertex -3.2995 -13.7223 60.7339
      vertex -3.2995 -14.0304 60.834
    endloop
  endfacet
  facet normal 1 0 0
    outer loop
      vertex -3.2995 -13.7223 60.7339
      vertex -3.2995 -14.2917 59.4549
      vertex -3.2995 -14.0133 59.3645
    endloop
  endfacet
  facet normal 1 0 0
    outer loop
      vertex -3.2995 -14.8533 59.7014
      vertex -3.2995 -14.0304 60.834
      vertex -3.2995 -14.3111 60.996
    endloop
  endfacet
  facet normal 1 0 0
    outer loop
      vertex -3.2995 -15.3748 60.0802
      vertex -3.2995 -14.3111 60.996
      vertex -3.2995 -14.5519 61.2128
    endloop
  endfacet
  facet normal 1 0 0
    outer loop
      vertex -3.2995 -14.0304 60.834
      vertex -3.2995 -14.5999 59.555
      vertex -3.2995 -14.2917 59.4549
    endloop
  endfacet
  facet normal 1 0 0
    outer loop
      vertex -3.2995 -15.7827 60.5382
      vertex -3.2995 -14.5519 61.2128
      vertex -3.2995 -14.7423 61.475
    endloop
  endfacet
  facet normal 1 0 0
    outer loop
      vertex -3.2995 -14.0304 60.834
      vertex -3.2995 -14.8533 59.7014
      vertex -3.2995 -14.5999 59.555
    endloop
  endfacet
  facet normal 1 0 0
    outer loop
      vertex -3.2995 -16.0738 61.0424
      vertex -3.2995 -14.7423 61.475
      vertex -3.2995 -14.8741 61.771
    endloop
  endfacet
  facet normal 1 0 0
    outer loop
      vertex -3.2995 -16.273 61.6554
      vertex -3.2995 -14.8741 61.771
      vertex -3.2995 -14.9415 62.088
    endloop
  endfacet
  facet normal 1 -0 0
    outer loop
      vertex -3.2995 -15.9548 63.725
      vertex -3.2995 -14.7423 63.025
      vertex -3.2995 -15.7827 63.9618
    endloop
  endfacet
  facet normal 1 -0 0
    outer loop
      vertex -3.2995 -16.0738 63.4576
      vertex -3.2995 -14.7423 63.025
      vertex -3.2995 -15.9548 63.725
    endloop
  endfacet
  facet normal 1 0 0
    outer loop
      vertex -3.2995 -14.3111 60.996
      vertex -3.2995 -15.3748 60.0802
      vertex -3.2995 -15.134 59.8634
    endloop
  endfacet
  facet normal 1 0 0
    outer loop
      vertex -3.2995 -14.3111 60.996
      vertex -3.2995 -15.134 59.8634
      vertex -3.2995 -14.8533 59.7014
    endloop
  endfacet
  facet normal 1 0 0
    outer loop
      vertex -3.2995 -14.7423 63.025
      vertex -3.2995 -16.0738 63.4576
      vertex -3.2995 -14.8741 62.729
    endloop
  endfacet
  facet normal 1 -0 0
    outer loop
      vertex -3.2995 -16.2056 63.1616
      vertex -3.2995 -14.8741 62.729
      vertex -3.2995 -16.0738 63.4576
    endloop
  endfacet
  facet normal 1 0 0
    outer loop
      vertex -3.2995 -14.5519 61.2128
      vertex -3.2995 -15.7827 60.5382
      vertex -3.2995 -15.5923 60.2761
    endloop
  endfacet
  facet normal 1 0 0
    outer loop
      vertex -3.2995 -14.5519 61.2128
      vertex -3.2995 -15.5923 60.2761
      vertex -3.2995 -15.3748 60.0802
    endloop
  endfacet
  facet normal 1 -0 0
    outer loop
      vertex -3.2995 -16.273 62.8446
      vertex -3.2995 -14.8741 62.729
      vertex -3.2995 -16.2056 63.1616
    endloop
  endfacet
  facet normal 1 0 0
    outer loop
      vertex -3.2995 -14.8741 62.729
      vertex -3.2995 -16.273 62.8446
      vertex -3.2995 -14.9415 62.412
    endloop
  endfacet
  facet normal 1 0 0
    outer loop
      vertex -3.2995 -14.7423 61.475
      vertex -3.2995 -16.0738 61.0424
      vertex -3.2995 -15.9548 60.775
    endloop
  endfacet
  facet normal 1 0 0
    outer loop
      vertex -3.2995 -14.7423 61.475
      vertex -3.2995 -15.9548 60.775
      vertex -3.2995 -15.7827 60.5382
    endloop
  endfacet
  facet normal 1 -0 0
    outer loop
      vertex -3.2995 -16.3338 62.5584
      vertex -3.2995 -14.9415 62.412
      vertex -3.2995 -16.273 62.8446
    endloop
  endfacet
  facet normal 1 0 0
    outer loop
      vertex -3.2995 -14.9415 62.412
      vertex -3.2995 -16.3338 62.5584
      vertex -3.2995 -14.9415 62.088
    endloop
  endfacet
  facet normal 1 0 0
    outer loop
      vertex -3.2995 -14.8741 61.771
      vertex -3.2995 -16.273 61.6554
      vertex -3.2995 -16.2056 61.3384
    endloop
  endfacet
  facet normal 1 0 0
    outer loop
      vertex -3.2995 -14.8741 61.771
      vertex -3.2995 -16.2056 61.3384
      vertex -3.2995 -16.0738 61.0424
    endloop
  endfacet
  facet normal 1 0 0
    outer loop
      vertex -3.2995 -16.3338 61.9416
      vertex -3.2995 -14.9415 62.088
      vertex -3.2995 -16.3338 62.5584
    endloop
  endfacet
  facet normal 1 0 0
    outer loop
      vertex -3.2995 -14.9415 62.088
      vertex -3.2995 -16.3338 61.9416
      vertex -3.2995 -16.273 61.6554
    endloop
  endfacet
  facet normal -2.5235e-06 0.308973 -0.951071
    outer loop
      vertex -8.25025 -20.3135 53.8271
      vertex -10.1361 -20.0294 53.9194
      vertex -8.25025 -19.9158 53.9563
    endloop
  endfacet
  facet normal 0 0.308988 -0.951066
    outer loop
      vertex -10.1361 -20.0294 53.9194
      vertex -8.25025 -20.3135 53.8271
      vertex -10.1712 -20.3135 53.8271
    endloop
  endfacet
  facet normal 0 0.308935 -0.951083
    outer loop
      vertex -8.25025 -19.9158 53.9563
      vertex -10.1361 -20.0294 53.9194
      vertex -10.1596 -19.9158 53.9563
    endloop
  endfacet
  facet normal 0 -0.978005 0.208579
    outer loop
      vertex -23.6855 21.489 12.7909
      vertex -13.3344 21.4845 12.7698
      vertex -13.3298 21.489 12.7909
    endloop
  endfacet
  facet normal 0 -0.978155 0.207879
    outer loop
      vertex -13.3942 21.4021 12.382
      vertex -23.6855 21.489 12.7909
      vertex -23.8965 21.4021 12.382
    endloop
  endfacet
  facet normal -1.57367e-06 -0.978163 0.207841
    outer loop
      vertex -23.6855 21.489 12.7909
      vertex -13.3942 21.4021 12.382
      vertex -13.3344 21.4845 12.7698
    endloop
  endfacet
  facet normal 0 0.104523 -0.994522
    outer loop
      vertex -10.1596 -19.9158 53.9563
      vertex -8.25025 -19.5 54
      vertex -8.25025 -19.9158 53.9563
    endloop
  endfacet
  facet normal 0 0.104523 -0.994522
    outer loop
      vertex -8.25025 -19.5 54
      vertex -10.1596 -19.9158 53.9563
      vertex -10.2456 -19.5 54
    endloop
  endfacet
  facet normal 0 0.500074 -0.865982
    outer loop
      vertex -8.25025 -20.6756 53.618
      vertex -10.1712 -20.3135 53.8271
      vertex -8.25025 -20.3135 53.8271
    endloop
  endfacet
  facet normal 0 0.500074 -0.865982
    outer loop
      vertex -10.1712 -20.3135 53.8271
      vertex -8.25025 -20.6756 53.618
      vertex -10.2506 -20.6756 53.618
    endloop
  endfacet
  facet normal 0 1 0
    outer loop
      vertex -8.25025 -21.489 52.2091
      vertex -11.8117 -21.489 49.4472
      vertex -10.7793 -21.489 52.2091
    endloop
  endfacet
  facet normal 0 1 0
    outer loop
      vertex -8.25025 -21.489 52.2091
      vertex -12.1136 -21.489 48.6348
      vertex -11.8117 -21.489 49.4472
    endloop
  endfacet
  facet normal 0 1 0
    outer loop
      vertex -8.25025 -21.489 52.2091
      vertex -13.3932 -21.489 45.1514
      vertex -12.1136 -21.489 48.6348
    endloop
  endfacet
  facet normal 0 1 0
    outer loop
      vertex -8.25025 -21.489 52.2091
      vertex -14.3826 -21.489 42.4
      vertex -13.3932 -21.489 45.1514
    endloop
  endfacet
  facet normal 0 1 -0
    outer loop
      vertex -8.25025 -21.489 12.7909
      vertex -14.3826 -21.489 42.4
      vertex -8.25025 -21.489 52.2091
    endloop
  endfacet
  facet normal 0 1 0
    outer loop
      vertex -14.3826 -21.489 42.4
      vertex -8.25025 -21.489 12.7909
      vertex -14.9521 -21.489 40.7924
    endloop
  endfacet
  facet normal 0 1 0
    outer loop
      vertex -14.9521 -21.489 40.7924
      vertex -8.25025 -21.489 12.7909
      vertex -15.7343 -21.489 38.5544
    endloop
  endfacet
  facet normal 0 1 0
    outer loop
      vertex -15.7343 -21.489 38.5544
      vertex -8.25025 -21.489 12.7909
      vertex -16.4008 -21.489 36.5613
    endloop
  endfacet
  facet normal 0 1 0
    outer loop
      vertex -16.4008 -21.489 36.5613
      vertex -8.25025 -21.489 12.7909
      vertex -16.9563 -21.489 34.8995
    endloop
  endfacet
  facet normal 0 1 0
    outer loop
      vertex -16.9563 -21.489 34.8995
      vertex -8.25025 -21.489 12.7909
      vertex -17.6371 -21.489 32.7057
    endloop
  endfacet
  facet normal 0 1 0
    outer loop
      vertex -17.6371 -21.489 32.7057
      vertex -8.25025 -21.489 12.7909
      vertex -17.9629 -21.489 31.6453
    endloop
  endfacet
  facet normal 0 1 0
    outer loop
      vertex -17.9629 -21.489 31.6453
      vertex -8.25025 -21.489 12.7909
      vertex -18.5503 -21.489 29.5274
    endloop
  endfacet
  facet normal 0 1 0
    outer loop
      vertex -18.5503 -21.489 29.5274
      vertex -8.25025 -21.489 12.7909
      vertex -18.6558 -21.489 29.0638
    endloop
  endfacet
  facet normal 0 1 0
    outer loop
      vertex -18.6558 -21.489 29.0638
      vertex -8.25025 -21.489 12.7909
      vertex -19.0339 -21.489 27.3608
    endloop
  endfacet
  facet normal 0 1 0
    outer loop
      vertex -19.0339 -21.489 27.3608
      vertex -8.25025 -21.489 12.7909
      vertex -21.6045 -21.489 12.7909
    endloop
  endfacet
  facet normal 0 -0.104523 -0.994522
    outer loop
      vertex -10.1055 19.5 54
      vertex -8.25025 19.9158 53.9563
      vertex -8.25025 19.5 54
    endloop
  endfacet
  facet normal -0 -0.104523 -0.994522
    outer loop
      vertex -8.25025 19.9158 53.9563
      vertex -10.1055 19.5 54
      vertex -10.1221 19.9158 53.9563
    endloop
  endfacet
  facet normal 0 -0.500074 0.865982
    outer loop
      vertex -24.9266 20.6756 11.382
      vertex -13.7473 20.3135 11.1729
      vertex -13.6921 20.6756 11.382
    endloop
  endfacet
  facet normal 0 -0.500074 0.865982
    outer loop
      vertex -13.7473 20.3135 11.1729
      vertex -24.9266 20.6756 11.382
      vertex -25.3521 20.3135 11.1729
    endloop
  endfacet
  facet normal 0 0.669057 -0.743211
    outer loop
      vertex -8.25025 -20.9863 53.3383
      vertex -10.2506 -20.6756 53.618
      vertex -8.25025 -20.6756 53.618
    endloop
  endfacet
  facet normal 0 0.669057 -0.743211
    outer loop
      vertex -10.2506 -20.6756 53.618
      vertex -8.25025 -20.9863 53.3383
      vertex -10.3569 -20.9863 53.3383
    endloop
  endfacet
  facet normal 0 0.978155 -0.207879
    outer loop
      vertex -8.25025 -21.489 52.2091
      vertex -10.6305 -21.4021 52.618
      vertex -8.25025 -21.4021 52.618
    endloop
  endfacet
  facet normal -5.20522e-05 0.978093 -0.208169
    outer loop
      vertex -10.6305 -21.4021 52.618
      vertex -8.25025 -21.489 52.2091
      vertex -10.6778 -21.4286 52.4935
    endloop
  endfacet
  facet normal 0 0.978183 -0.207744
    outer loop
      vertex -10.6778 -21.4286 52.4935
      vertex -8.25025 -21.489 52.2091
      vertex -10.7793 -21.489 52.2091
    endloop
  endfacet
  facet normal 0 0.500074 0.865982
    outer loop
      vertex -8.25025 -20.3135 11.1729
      vertex -24.2935 -20.6756 11.382
      vertex -8.25025 -20.6756 11.382
    endloop
  endfacet
  facet normal -0 0.500074 0.865982
    outer loop
      vertex -25.2593 -20.3135 11.1729
      vertex -24.2935 -20.6756 11.382
      vertex -8.25025 -20.3135 11.1729
    endloop
  endfacet
  facet normal -0.000373493 0.499327 0.866413
    outer loop
      vertex -24.2935 -20.6756 11.382
      vertex -25.2593 -20.3135 11.1729
      vertex -24.7846 -20.5172 11.2905
    endloop
  endfacet
  facet normal 0.00691049 0.511998 0.858959
    outer loop
      vertex -24.7846 -20.5172 11.2905
      vertex -25.2593 -20.3135 11.1729
      vertex -25.2196 -20.334 11.1848
    endloop
  endfacet
  facet normal 0.00243308 0.505552 0.862792
    outer loop
      vertex -25.2196 -20.334 11.1848
      vertex -25.2593 -20.3135 11.1729
      vertex -25.2443 -20.3233 11.1786
    endloop
  endfacet
  facet normal 0 -1 0
    outer loop
      vertex -23.6855 21.489 12.7909
      vertex -12.8886 21.489 17.499
      vertex -17.9629 21.489 31.6453
    endloop
  endfacet
  facet normal 0 -1 0
    outer loop
      vertex -12.8886 21.489 17.499
      vertex -23.6855 21.489 12.7909
      vertex -13.3298 21.489 12.7909
    endloop
  endfacet
  facet normal 0 -1 0
    outer loop
      vertex -11.8117 21.489 49.4472
      vertex -8.25025 21.489 52.2091
      vertex -10.7793 21.489 52.2091
    endloop
  endfacet
  facet normal 0 -1 0
    outer loop
      vertex -12.1136 21.489 48.6348
      vertex -8.25025 21.489 52.2091
      vertex -11.8117 21.489 49.4472
    endloop
  endfacet
  facet normal 0 -1 0
    outer loop
      vertex -13.3932 21.489 45.1514
      vertex -8.25025 21.489 52.2091
      vertex -12.1136 21.489 48.6348
    endloop
  endfacet
  facet normal 0 -1 0
    outer loop
      vertex -14.3826 21.489 42.4
      vertex -8.25025 21.489 52.2091
      vertex -13.3932 21.489 45.1514
    endloop
  endfacet
  facet normal 0 -1 0
    outer loop
      vertex -8.25025 21.489 17.499
      vertex -14.3826 21.489 42.4
      vertex -14.9521 21.489 40.7924
    endloop
  endfacet
  facet normal 0 -1 0
    outer loop
      vertex -8.25025 21.489 17.499
      vertex -14.9521 21.489 40.7924
      vertex -15.7343 21.489 38.5544
    endloop
  endfacet
  facet normal 0 -1 0
    outer loop
      vertex -8.25025 21.489 17.499
      vertex -15.7343 21.489 38.5544
      vertex -16.4008 21.489 36.5613
    endloop
  endfacet
  facet normal 0 -1 0
    outer loop
      vertex -8.25025 21.489 17.499
      vertex -16.4008 21.489 36.5613
      vertex -16.9563 21.489 34.8995
    endloop
  endfacet
  facet normal 0 -1 0
    outer loop
      vertex -8.25025 21.489 17.499
      vertex -16.9563 21.489 34.8995
      vertex -17.6371 21.489 32.7057
    endloop
  endfacet
  facet normal 0 -1 0
    outer loop
      vertex -8.25025 21.489 17.499
      vertex -17.6371 21.489 32.7057
      vertex -17.9629 21.489 31.6453
    endloop
  endfacet
  facet normal 0 -1 0
    outer loop
      vertex -8.25025 21.489 17.499
      vertex -17.9629 21.489 31.6453
      vertex -12.8886 21.489 17.499
    endloop
  endfacet
  facet normal 0 -1 0
    outer loop
      vertex -14.3826 21.489 42.4
      vertex -8.25025 21.489 17.499
      vertex -8.25025 21.489 52.2091
    endloop
  endfacet
  facet normal 0 0 -1
    outer loop
      vertex -10.7518 9.80939 54
      vertex -8.25025 19.5 54
      vertex -8.25025 -19.5 54
    endloop
  endfacet
  facet normal 0 0 -1
    outer loop
      vertex -10.6823 -17.3887 54
      vertex -8.25025 -19.5 54
      vertex -10.2456 -19.5 54
    endloop
  endfacet
  facet normal 0 0 -1
    outer loop
      vertex -10.6904 -17.2927 54
      vertex -8.25025 -19.5 54
      vertex -10.6823 -17.3887 54
    endloop
  endfacet
  facet normal 0 0 -1
    outer loop
      vertex -8.25025 -19.5 54
      vertex -10.7518 -14.2782 54
      vertex -10.7518 9.80939 54
    endloop
  endfacet
  facet normal 0 0 -1
    outer loop
      vertex -10.6904 -17.2927 54
      vertex -10.6823 -17.3887 54
      vertex -10.6837 -17.3764 54
    endloop
  endfacet
  facet normal 0 -0 -1
    outer loop
      vertex -10.7502 10.3722 54
      vertex -8.25025 19.5 54
      vertex -10.751 10.1053 54
    endloop
  endfacet
  facet normal 0 0 -1
    outer loop
      vertex -10.6978 -17.199 54
      vertex -8.25025 -19.5 54
      vertex -10.6904 -17.2927 54
    endloop
  endfacet
  facet normal 0 -0 -1
    outer loop
      vertex -10.75 10.4092 54
      vertex -8.25025 19.5 54
      vertex -10.7502 10.3722 54
    endloop
  endfacet
  facet normal 0 0 -1
    outer loop
      vertex -10.6991 -17.178 54
      vertex -8.25025 -19.5 54
      vertex -10.6978 -17.199 54
    endloop
  endfacet
  facet normal 0 0 -1
    outer loop
      vertex -8.25025 -19.5 54
      vertex -10.7061 -17.0307 54
      vertex -10.7125 -16.8962 54
    endloop
  endfacet
  facet normal 0 0 -1
    outer loop
      vertex -8.25025 -19.5 54
      vertex -10.6991 -17.178 54
      vertex -10.7061 -17.0307 54
    endloop
  endfacet
  facet normal 0 0 -1
    outer loop
      vertex -10.6904 13.0434 54
      vertex -10.6991 12.8976 54
      vertex -10.6978 12.9231 54
    endloop
  endfacet
  facet normal 0 0 -1
    outer loop
      vertex -10.6823 13.1681 54
      vertex -10.6904 13.0434 54
      vertex -10.6837 13.1508 54
    endloop
  endfacet
  facet normal 0 0 -1
    outer loop
      vertex -10.6904 13.0434 54
      vertex -10.7061 12.7253 54
      vertex -10.6991 12.8976 54
    endloop
  endfacet
  facet normal 0 0 -1
    outer loop
      vertex -8.25025 -19.5 54
      vertex -10.7125 -16.8962 54
      vertex -10.7135 -16.8685 54
    endloop
  endfacet
  facet normal 0 -0 -1
    outer loop
      vertex -10.6904 13.0434 54
      vertex -10.6823 13.1681 54
      vertex -10.7061 12.7253 54
    endloop
  endfacet
  facet normal 0 0 -1
    outer loop
      vertex -8.25025 -19.5 54
      vertex -10.7135 -16.8685 54
      vertex -10.7192 -16.6909 54
    endloop
  endfacet
  facet normal 0 0 -1
    outer loop
      vertex -8.25025 19.5 54
      vertex -10.7061 12.7253 54
      vertex -10.6823 13.1681 54
    endloop
  endfacet
  facet normal 0 0 -1
    outer loop
      vertex -8.25025 -19.5 54
      vertex -10.7192 -16.6909 54
      vertex -10.7256 -16.4924 54
    endloop
  endfacet
  facet normal 0 -0 -1
    outer loop
      vertex -10.7061 12.7253 54
      vertex -8.25025 19.5 54
      vertex -10.7125 12.568 54
    endloop
  endfacet
  facet normal 0 0 -1
    outer loop
      vertex -8.25025 -19.5 54
      vertex -10.7256 -16.4924 54
      vertex -10.7265 -16.4601 54
    endloop
  endfacet
  facet normal 0 -0 -1
    outer loop
      vertex -10.7125 12.568 54
      vertex -8.25025 19.5 54
      vertex -10.7135 12.5364 54
    endloop
  endfacet
  facet normal 0 0 -1
    outer loop
      vertex -8.25025 -19.5 54
      vertex -10.7265 -16.4601 54
      vertex -10.7312 -16.2451 54
    endloop
  endfacet
  facet normal 0 -0 -1
    outer loop
      vertex -10.7135 12.5364 54
      vertex -8.25025 19.5 54
      vertex -10.7192 12.3385 54
    endloop
  endfacet
  facet normal 0 0 -1
    outer loop
      vertex -8.25025 -19.5 54
      vertex -10.7312 -16.2451 54
      vertex -10.7366 -16.0051 54
    endloop
  endfacet
  facet normal 0 -0 -1
    outer loop
      vertex -10.7192 12.3385 54
      vertex -8.25025 19.5 54
      vertex -10.7256 12.1173 54
    endloop
  endfacet
  facet normal 0 0 -1
    outer loop
      vertex -8.25025 -19.5 54
      vertex -10.7366 -16.0051 54
      vertex -10.7372 -15.9701 54
    endloop
  endfacet
  facet normal 0 -0 -1
    outer loop
      vertex -10.7256 12.1173 54
      vertex -8.25025 19.5 54
      vertex -10.7265 12.082 54
    endloop
  endfacet
  facet normal 0 0 -1
    outer loop
      vertex -8.25025 -19.5 54
      vertex -10.7372 -15.9701 54
      vertex -10.7412 -15.701 54
    endloop
  endfacet
  facet normal 0 -0 -1
    outer loop
      vertex -10.7265 12.082 54
      vertex -8.25025 19.5 54
      vertex -10.7312 11.8499 54
    endloop
  endfacet
  facet normal 0 0 -1
    outer loop
      vertex -8.25025 -19.5 54
      vertex -10.7412 -15.701 54
      vertex -10.7448 -15.4564 54
    endloop
  endfacet
  facet normal 0 -0 -1
    outer loop
      vertex -10.7312 11.8499 54
      vertex -8.25025 19.5 54
      vertex -10.7366 11.5909 54
    endloop
  endfacet
  facet normal 0 0 -1
    outer loop
      vertex -8.25025 -19.5 54
      vertex -10.7448 -15.4564 54
      vertex -10.7453 -15.4202 54
    endloop
  endfacet
  facet normal 0 -0 -1
    outer loop
      vertex -10.7366 11.5909 54
      vertex -8.25025 19.5 54
      vertex -10.7372 11.5536 54
    endloop
  endfacet
  facet normal 0 0 -1
    outer loop
      vertex -8.25025 -19.5 54
      vertex -10.7453 -15.4202 54
      vertex -10.7477 -15.1324 54
    endloop
  endfacet
  facet normal 0 0 -1
    outer loop
      vertex -8.25025 19.5 54
      vertex -10.6823 13.1681 54
      vertex -10.1055 18.0177 54
    endloop
  endfacet
  facet normal 0 0 -1
    outer loop
      vertex -8.25025 -19.5 54
      vertex -10.7477 -15.1324 54
      vertex -10.75 -14.8716 54
    endloop
  endfacet
  facet normal 0 -0 -1
    outer loop
      vertex -10.7372 11.5536 54
      vertex -8.25025 19.5 54
      vertex -10.7412 11.2701 54
    endloop
  endfacet
  facet normal 0 0 -1
    outer loop
      vertex -8.25025 -19.5 54
      vertex -10.75 -14.8716 54
      vertex -10.7502 -14.8352 54
    endloop
  endfacet
  facet normal 0 -0 -1
    outer loop
      vertex -10.7412 11.2701 54
      vertex -8.25025 19.5 54
      vertex -10.7448 11.0125 54
    endloop
  endfacet
  facet normal 0 0 -1
    outer loop
      vertex -8.25025 -19.5 54
      vertex -10.7502 -14.8352 54
      vertex -10.751 -14.5711 54
    endloop
  endfacet
  facet normal 0 -0 -1
    outer loop
      vertex -10.7448 11.0125 54
      vertex -8.25025 19.5 54
      vertex -10.7453 10.9748 54
    endloop
  endfacet
  facet normal 0 0 -1
    outer loop
      vertex -8.25025 -19.5 54
      vertex -10.751 -14.5711 54
      vertex -10.7518 -14.2782 54
    endloop
  endfacet
  facet normal 0 -0 -1
    outer loop
      vertex -10.7453 10.9748 54
      vertex -8.25025 19.5 54
      vertex -10.7477 10.6782 54
    endloop
  endfacet
  facet normal 0 -0 -1
    outer loop
      vertex -10.751 10.1053 54
      vertex -8.25025 19.5 54
      vertex -10.7518 9.80939 54
    endloop
  endfacet
  facet normal 0 -0 -1
    outer loop
      vertex -10.7477 10.6782 54
      vertex -8.25025 19.5 54
      vertex -10.75 10.4092 54
    endloop
  endfacet
  facet normal -0 0 -1
    outer loop
      vertex -8.25025 19.5 54
      vertex -10.1055 18.0177 54
      vertex -10.1055 19.5 54
    endloop
  endfacet
  facet normal -0 0 1
    outer loop
      vertex -8.82749 16.3914 11
      vertex -16.4902 8.43735 11
      vertex -8.25025 16.6484 11
    endloop
  endfacet
  facet normal 0 0 1
    outer loop
      vertex -8.25025 16.6484 11
      vertex -16.242 -9.20122 11
      vertex -16.1581 -10 11
    endloop
  endfacet
  facet normal 0 0 1
    outer loop
      vertex -16.4902 -8.43735 11
      vertex -8.25025 16.6484 11
      vertex -16.4902 8.43735 11
    endloop
  endfacet
  facet normal 0 0 1
    outer loop
      vertex -8.25025 16.6484 11
      vertex -16.4902 -8.43735 11
      vertex -16.242 -9.20122 11
    endloop
  endfacet
  facet normal -0 0 1
    outer loop
      vertex -16.8918 7.74177 11
      vertex -16.4902 -8.43735 11
      vertex -16.4902 8.43735 11
    endloop
  endfacet
  facet normal 0 0 1
    outer loop
      vertex -16.8918 7.74177 11
      vertex -16.8918 -7.74177 11
      vertex -16.4902 -8.43735 11
    endloop
  endfacet
  facet normal -0 0 1
    outer loop
      vertex -17.4292 7.14489 11
      vertex -16.8918 -7.74177 11
      vertex -16.8918 7.74177 11
    endloop
  endfacet
  facet normal 0 0 1
    outer loop
      vertex -17.4292 7.14489 11
      vertex -17.4292 -7.14489 11
      vertex -16.8918 -7.74177 11
    endloop
  endfacet
  facet normal -0 0 1
    outer loop
      vertex -18.079 6.67279 11
      vertex -17.4292 -7.14489 11
      vertex -17.4292 7.14489 11
    endloop
  endfacet
  facet normal 0 0 1
    outer loop
      vertex -18.079 6.67279 11
      vertex -18.079 -6.67279 11
      vertex -17.4292 -7.14489 11
    endloop
  endfacet
  facet normal -0 0 1
    outer loop
      vertex -18.8128 6.34611 11
      vertex -18.079 -6.67279 11
      vertex -18.079 6.67279 11
    endloop
  endfacet
  facet normal 0 0 1
    outer loop
      vertex -18.8128 6.34611 11
      vertex -18.8128 -6.34611 11
      vertex -18.079 -6.67279 11
    endloop
  endfacet
  facet normal -0 0 1
    outer loop
      vertex -19.5984 6.17911 11
      vertex -18.8128 -6.34611 11
      vertex -18.8128 6.34611 11
    endloop
  endfacet
  facet normal 0 0 1
    outer loop
      vertex -19.5984 6.17911 11
      vertex -19.5984 -6.17911 11
      vertex -18.8128 -6.34611 11
    endloop
  endfacet
  facet normal -0 0 1
    outer loop
      vertex -20.4016 6.17911 11
      vertex -19.5984 -6.17911 11
      vertex -19.5984 6.17911 11
    endloop
  endfacet
  facet normal 0 0 1
    outer loop
      vertex -20.4016 6.17911 11
      vertex -20.4016 -6.17911 11
      vertex -19.5984 -6.17911 11
    endloop
  endfacet
  facet normal 0 0 1
    outer loop
      vertex -21.1872 6.34611 11
      vertex -20.4016 -6.17911 11
      vertex -20.4016 6.17911 11
    endloop
  endfacet
  facet normal 0 0 1
    outer loop
      vertex -21.1872 6.34611 11
      vertex -21.1872 -6.34611 11
      vertex -20.4016 -6.17911 11
    endloop
  endfacet
  facet normal 0 0 1
    outer loop
      vertex -21.921 6.67279 11
      vertex -21.1872 -6.34611 11
      vertex -21.1872 6.34611 11
    endloop
  endfacet
  facet normal 0 0 1
    outer loop
      vertex -21.921 6.67279 11
      vertex -21.921 -6.67279 11
      vertex -21.1872 -6.34611 11
    endloop
  endfacet
  facet normal 0 0 1
    outer loop
      vertex -22.5708 7.14489 11
      vertex -21.921 -6.67279 11
      vertex -21.921 6.67279 11
    endloop
  endfacet
  facet normal 0 0 1
    outer loop
      vertex -22.5708 7.14489 11
      vertex -22.5708 -7.14489 11
      vertex -21.921 -6.67279 11
    endloop
  endfacet
  facet normal 0 0 1
    outer loop
      vertex -23.1082 7.74177 11
      vertex -22.5708 -7.14489 11
      vertex -22.5708 7.14489 11
    endloop
  endfacet
  facet normal 0 0 1
    outer loop
      vertex -23.1082 7.74177 11
      vertex -23.1082 -7.74177 11
      vertex -22.5708 -7.14489 11
    endloop
  endfacet
  facet normal 0 0 1
    outer loop
      vertex -23.5098 8.43735 11
      vertex -23.1082 -7.74177 11
      vertex -23.1082 7.74177 11
    endloop
  endfacet
  facet normal 0 0 1
    outer loop
      vertex -23.5098 8.43735 11
      vertex -23.5098 -8.43735 11
      vertex -23.1082 -7.74177 11
    endloop
  endfacet
  facet normal 0 0 1
    outer loop
      vertex -23.758 9.20122 11
      vertex -23.5098 -8.43735 11
      vertex -23.5098 8.43735 11
    endloop
  endfacet
  facet normal 0 0 1
    outer loop
      vertex -23.758 9.20122 11
      vertex -23.758 -9.20122 11
      vertex -23.5098 -8.43735 11
    endloop
  endfacet
  facet normal 0 0 1
    outer loop
      vertex -26.4412 18.2319 11
      vertex -23.758 9.20122 11
      vertex -23.8419 10 11
    endloop
  endfacet
  facet normal 0 0 1
    outer loop
      vertex -23.758 9.20122 11
      vertex -26.4412 18.2319 11
      vertex -23.758 -9.20122 11
    endloop
  endfacet
  facet normal 0 0 1
    outer loop
      vertex -10.3966 16.2265 11
      vertex -16.242 10.7988 11
      vertex -16.1581 10 11
    endloop
  endfacet
  facet normal 0 0 1
    outer loop
      vertex -13.7114 19.2111 11
      vertex -16.4902 11.5627 11
      vertex -16.242 10.7988 11
    endloop
  endfacet
  facet normal 0 0 1
    outer loop
      vertex -13.7114 19.2111 11
      vertex -16.8918 12.2582 11
      vertex -16.4902 11.5627 11
    endloop
  endfacet
  facet normal 0 0 1
    outer loop
      vertex -13.7114 19.2111 11
      vertex -17.4292 12.8551 11
      vertex -16.8918 12.2582 11
    endloop
  endfacet
  facet normal 0 0 1
    outer loop
      vertex -13.7114 19.2111 11
      vertex -18.079 13.3272 11
      vertex -17.4292 12.8551 11
    endloop
  endfacet
  facet normal 0 0 1
    outer loop
      vertex -13.7114 19.2111 11
      vertex -18.8128 13.6539 11
      vertex -18.079 13.3272 11
    endloop
  endfacet
  facet normal 0 0 1
    outer loop
      vertex -13.7114 19.2111 11
      vertex -19.5984 13.8209 11
      vertex -18.8128 13.6539 11
    endloop
  endfacet
  facet normal -0 0 1
    outer loop
      vertex -26.097 19.5 11
      vertex -19.5984 13.8209 11
      vertex -13.7418 19.5 11
    endloop
  endfacet
  facet normal 0 0 1
    outer loop
      vertex -19.5984 13.8209 11
      vertex -26.097 19.5 11
      vertex -20.4016 13.8209 11
    endloop
  endfacet
  facet normal 0 0 1
    outer loop
      vertex -20.4016 13.8209 11
      vertex -26.097 19.5 11
      vertex -21.1872 13.6539 11
    endloop
  endfacet
  facet normal -0 0 1
    outer loop
      vertex -26.4412 18.2319 11
      vertex -21.1872 13.6539 11
      vertex -26.097 19.5 11
    endloop
  endfacet
  facet normal 0 0 1
    outer loop
      vertex -23.758 10.7988 11
      vertex -26.4412 18.2319 11
      vertex -23.8419 10 11
    endloop
  endfacet
  facet normal 0 0 1
    outer loop
      vertex -23.5098 11.5627 11
      vertex -26.4412 18.2319 11
      vertex -23.758 10.7988 11
    endloop
  endfacet
  facet normal 0 0 1
    outer loop
      vertex -23.1082 12.2582 11
      vertex -26.4412 18.2319 11
      vertex -23.5098 11.5627 11
    endloop
  endfacet
  facet normal 0 0 1
    outer loop
      vertex -22.5708 12.8551 11
      vertex -26.4412 18.2319 11
      vertex -23.1082 12.2582 11
    endloop
  endfacet
  facet normal 0 0 1
    outer loop
      vertex -21.921 13.3272 11
      vertex -26.4412 18.2319 11
      vertex -22.5708 12.8551 11
    endloop
  endfacet
  facet normal 0 0 1
    outer loop
      vertex -21.1872 13.6539 11
      vertex -26.4412 18.2319 11
      vertex -21.921 13.3272 11
    endloop
  endfacet
  facet normal 0 0 1
    outer loop
      vertex -16.4902 8.43735 11
      vertex -8.82749 16.3914 11
      vertex -16.242 9.20122 11
    endloop
  endfacet
  facet normal 0 0 1
    outer loop
      vertex -16.242 9.20122 11
      vertex -9.60339 16.2265 11
      vertex -16.1581 10 11
    endloop
  endfacet
  facet normal 0 0 1
    outer loop
      vertex -16.1581 10 11
      vertex -9.60339 16.2265 11
      vertex -10.3966 16.2265 11
    endloop
  endfacet
  facet normal 0 0 1
    outer loop
      vertex -16.242 10.7988 11
      vertex -10.3966 16.2265 11
      vertex -11.1725 16.3914 11
    endloop
  endfacet
  facet normal 0 0 1
    outer loop
      vertex -16.242 10.7988 11
      vertex -11.1725 16.3914 11
      vertex -11.8972 16.714 11
    endloop
  endfacet
  facet normal 0 0 1
    outer loop
      vertex -16.242 10.7988 11
      vertex -11.8972 16.714 11
      vertex -12.5389 17.1803 11
    endloop
  endfacet
  facet normal 0 0 1
    outer loop
      vertex -16.242 10.7988 11
      vertex -12.5389 17.1803 11
      vertex -13.0697 17.7698 11
    endloop
  endfacet
  facet normal 0 0 1
    outer loop
      vertex -16.242 10.7988 11
      vertex -13.0697 17.7698 11
      vertex -13.4663 18.4567 11
    endloop
  endfacet
  facet normal 0 0 1
    outer loop
      vertex -16.242 10.7988 11
      vertex -13.4663 18.4567 11
      vertex -13.7114 19.2111 11
    endloop
  endfacet
  facet normal 0 0 1
    outer loop
      vertex -19.5984 13.8209 11
      vertex -13.7114 19.2111 11
      vertex -13.7418 19.5 11
    endloop
  endfacet
  facet normal -0 0 1
    outer loop
      vertex -9.60339 16.2265 11
      vertex -16.242 9.20122 11
      vertex -8.82749 16.3914 11
    endloop
  endfacet
  facet normal 0 0 1
    outer loop
      vertex -8.25025 16.6484 11
      vertex -16.1581 -10 11
      vertex -8.25025 -19.5 11
    endloop
  endfacet
  facet normal -0 0 1
    outer loop
      vertex -16.242 -10.7988 11
      vertex -8.25025 -19.5 11
      vertex -16.1581 -10 11
    endloop
  endfacet
  facet normal -0 0 1
    outer loop
      vertex -16.4902 -11.5627 11
      vertex -8.25025 -19.5 11
      vertex -16.242 -10.7988 11
    endloop
  endfacet
  facet normal -0 0 1
    outer loop
      vertex -16.8918 -12.2582 11
      vertex -8.25025 -19.5 11
      vertex -16.4902 -11.5627 11
    endloop
  endfacet
  facet normal -0 0 1
    outer loop
      vertex -17.4292 -12.8551 11
      vertex -8.25025 -19.5 11
      vertex -16.8918 -12.2582 11
    endloop
  endfacet
  facet normal -0 0 1
    outer loop
      vertex -18.079 -13.3272 11
      vertex -8.25025 -19.5 11
      vertex -17.4292 -12.8551 11
    endloop
  endfacet
  facet normal -0 0 1
    outer loop
      vertex -18.8128 -13.6539 11
      vertex -8.25025 -19.5 11
      vertex -18.079 -13.3272 11
    endloop
  endfacet
  facet normal -0 0 1
    outer loop
      vertex -19.5984 -13.8209 11
      vertex -8.25025 -19.5 11
      vertex -18.8128 -13.6539 11
    endloop
  endfacet
  facet normal 0 0 1
    outer loop
      vertex -26.097 -19.5 11
      vertex -19.5984 -13.8209 11
      vertex -20.4016 -13.8209 11
    endloop
  endfacet
  facet normal 0 0 1
    outer loop
      vertex -26.097 -19.5 11
      vertex -20.4016 -13.8209 11
      vertex -21.1872 -13.6539 11
    endloop
  endfacet
  facet normal 0 0 1
    outer loop
      vertex -26.4412 -18.2319 11
      vertex -21.1872 -13.6539 11
      vertex -21.921 -13.3272 11
    endloop
  endfacet
  facet normal 0 0 1
    outer loop
      vertex -19.5984 -13.8209 11
      vertex -26.097 -19.5 11
      vertex -8.25025 -19.5 11
    endloop
  endfacet
  facet normal 0 0 1
    outer loop
      vertex -26.4412 -18.2319 11
      vertex -21.921 -13.3272 11
      vertex -22.5708 -12.8551 11
    endloop
  endfacet
  facet normal 0 0 1
    outer loop
      vertex -26.4412 -18.2319 11
      vertex -22.5708 -12.8551 11
      vertex -23.1082 -12.2582 11
    endloop
  endfacet
  facet normal 0 0 1
    outer loop
      vertex -26.4412 -18.2319 11
      vertex -23.1082 -12.2582 11
      vertex -23.5098 -11.5627 11
    endloop
  endfacet
  facet normal 0 0 1
    outer loop
      vertex -26.4412 -18.2319 11
      vertex -23.5098 -11.5627 11
      vertex -23.758 -10.7988 11
    endloop
  endfacet
  facet normal 0 0 1
    outer loop
      vertex -26.4412 -18.2319 11
      vertex -23.758 -10.7988 11
      vertex -23.8419 -10 11
    endloop
  endfacet
  facet normal 0 0 1
    outer loop
      vertex -26.4412 -18.2319 11
      vertex -23.758 -9.20122 11
      vertex -26.4412 18.2319 11
    endloop
  endfacet
  facet normal 0 0 1
    outer loop
      vertex -26.2327 19.2508 11
      vertex -26.097 19.5 11
      vertex -26.2159 19.2939 11
    endloop
  endfacet
  facet normal 0 0 1
    outer loop
      vertex -23.758 -9.20122 11
      vertex -26.4412 -18.2319 11
      vertex -23.8419 -10 11
    endloop
  endfacet
  facet normal 0 0 1
    outer loop
      vertex -26.3683 18.8335 11
      vertex -26.097 19.5 11
      vertex -26.2327 19.2508 11
    endloop
  endfacet
  facet normal 0 0 1
    outer loop
      vertex -21.1872 -13.6539 11
      vertex -26.4412 -18.2319 11
      vertex -26.097 -19.5 11
    endloop
  endfacet
  facet normal 0 0 1
    outer loop
      vertex -26.3906 18.7273 11
      vertex -26.097 19.5 11
      vertex -26.3683 18.8335 11
    endloop
  endfacet
  facet normal -0 -0 1
    outer loop
      vertex -26.4365 -18.2903 11
      vertex -26.097 -19.5 11
      vertex -26.4412 -18.2319 11
    endloop
  endfacet
  facet normal 0 0 1
    outer loop
      vertex -26.3906 18.7273 11
      vertex -26.3683 18.8335 11
      vertex -26.3815 18.7829 11
    endloop
  endfacet
  facet normal -0 -0 1
    outer loop
      vertex -26.3906 -18.7273 11
      vertex -26.097 -19.5 11
      vertex -26.4365 -18.2903 11
    endloop
  endfacet
  facet normal 0 0 1
    outer loop
      vertex -26.097 19.5 11
      vertex -26.3906 18.7273 11
      vertex -26.4365 18.2903 11
    endloop
  endfacet
  facet normal 0 0 1
    outer loop
      vertex -26.097 -19.5 11
      vertex -26.2327 -19.2508 11
      vertex -26.2159 -19.2939 11
    endloop
  endfacet
  facet normal 0 0 1
    outer loop
      vertex -26.097 19.5 11
      vertex -26.4365 18.2903 11
      vertex -26.4412 18.2319 11
    endloop
  endfacet
  facet normal 0 0 1
    outer loop
      vertex -26.097 -19.5 11
      vertex -26.3683 -18.8335 11
      vertex -26.2327 -19.2508 11
    endloop
  endfacet
  facet normal 0 0 1
    outer loop
      vertex -26.097 -19.5 11
      vertex -26.3906 -18.7273 11
      vertex -26.3683 -18.8335 11
    endloop
  endfacet
  facet normal 0 0 1
    outer loop
      vertex -26.3683 -18.8335 11
      vertex -26.3906 -18.7273 11
      vertex -26.3815 -18.7829 11
    endloop
  endfacet
  facet normal 0 0.913525 -0.406782
    outer loop
      vertex -8.25025 -21.4021 52.618
      vertex -10.4854 -21.232 53
      vertex -8.25025 -21.232 53
    endloop
  endfacet
  facet normal 0 0.913525 -0.406782
    outer loop
      vertex -10.4854 -21.232 53
      vertex -8.25025 -21.4021 52.618
      vertex -10.6305 -21.4021 52.618
    endloop
  endfacet
  facet normal 0 0.978155 0.207879
    outer loop
      vertex -8.25025 -21.4021 12.382
      vertex -21.6045 -21.489 12.7909
      vertex -8.25025 -21.489 12.7909
    endloop
  endfacet
  facet normal 0 0.978155 0.207879
    outer loop
      vertex -21.6045 -21.489 12.7909
      vertex -8.25025 -21.4021 12.382
      vertex -21.9374 -21.4021 12.382
    endloop
  endfacet
  facet normal 0 -0.104523 0.994522
    outer loop
      vertex -25.7759 19.9158 11.0437
      vertex -13.7418 19.5 11
      vertex -13.7819 19.9158 11.0437
    endloop
  endfacet
  facet normal -0.00650906 -0.0987253 0.995093
    outer loop
      vertex -25.9899 19.6749 11.0184
      vertex -25.7759 19.9158 11.0437
      vertex -25.969 19.7088 11.0219
    endloop
  endfacet
  facet normal 0.000649113 -0.105019 0.99447
    outer loop
      vertex -26.097 19.5 11
      vertex -25.7759 19.9158 11.0437
      vertex -25.9899 19.6749 11.0184
    endloop
  endfacet
  facet normal 0 -0.104523 0.994522
    outer loop
      vertex -25.7759 19.9158 11.0437
      vertex -26.097 19.5 11
      vertex -13.7418 19.5 11
    endloop
  endfacet
  facet normal 0 -0.308846 0.951112
    outer loop
      vertex -13.7473 20.3135 11.1729
      vertex -25.3521 20.3135 11.1729
      vertex -13.7885 20 11.0711
    endloop
  endfacet
  facet normal -1.79499e-05 -0.309445 0.950917
    outer loop
      vertex -25.3521 20.3135 11.1729
      vertex -13.7819 19.9158 11.0437
      vertex -13.7885 20 11.0711
    endloop
  endfacet
  facet normal -4.47048e-06 -0.30909 0.951033
    outer loop
      vertex -25.6292 20.0612 11.0909
      vertex -13.7819 19.9158 11.0437
      vertex -25.3521 20.3135 11.1729
    endloop
  endfacet
  facet normal -6.17633e-07 -0.308806 0.951125
    outer loop
      vertex -25.6534 20.0381 11.0834
      vertex -13.7819 19.9158 11.0437
      vertex -25.6292 20.0612 11.0909
    endloop
  endfacet
  facet normal 0 -0.308752 0.951143
    outer loop
      vertex -13.7819 19.9158 11.0437
      vertex -25.6534 20.0381 11.0834
      vertex -25.7759 19.9158 11.0437
    endloop
  endfacet
  facet normal 0 0.809119 0.587645
    outer loop
      vertex -8.25025 -20.9863 11.6617
      vertex -22.515 -21.232 12
      vertex -8.25025 -21.232 12
    endloop
  endfacet
  facet normal 0 0.809119 0.587645
    outer loop
      vertex -22.515 -21.232 12
      vertex -8.25025 -20.9863 11.6617
      vertex -23.3119 -20.9863 11.6617
    endloop
  endfacet
  facet normal -5.20522e-05 -0.978093 -0.208169
    outer loop
      vertex -8.25025 21.489 52.2091
      vertex -10.6305 21.4021 52.618
      vertex -10.6778 21.4286 52.4935
    endloop
  endfacet
  facet normal -0 -0.978183 -0.207744
    outer loop
      vertex -8.25025 21.489 52.2091
      vertex -10.6778 21.4286 52.4935
      vertex -10.7793 21.489 52.2091
    endloop
  endfacet
  facet normal 0 -0.978155 -0.207879
    outer loop
      vertex -10.6305 21.4021 52.618
      vertex -8.25025 21.489 52.2091
      vertex -8.25025 21.4021 52.618
    endloop
  endfacet
  facet normal -1 -0 0
    outer loop
      vertex -8.25025 -9.03326 22.4675
      vertex -8.25025 -14.7 18.3856
      vertex -8.25025 -10.9217 24.5649
    endloop
  endfacet
  facet normal -1 0 0
    outer loop
      vertex -8.25025 -13.5 32.5
      vertex -8.25025 -13.935 47.6673
      vertex -8.25025 -13.9 48
    endloop
  endfacet
  facet normal -1 0 0
    outer loop
      vertex -8.25025 -15.0056 18.5217
      vertex -8.25025 -10.9217 24.5649
      vertex -8.25025 -14.7 18.3856
    endloop
  endfacet
  facet normal -1 0 0
    outer loop
      vertex -8.25025 -13.5 32.5
      vertex -8.25025 -14.0383 47.3492
      vertex -8.25025 -13.935 47.6673
    endloop
  endfacet
  facet normal -1 0 0
    outer loop
      vertex -8.25025 -15.3328 18.5912
      vertex -8.25025 -10.9217 24.5649
      vertex -8.25025 -15.0056 18.5217
    endloop
  endfacet
  facet normal -1 0 0
    outer loop
      vertex -8.25025 -13.5 32.5
      vertex -8.25025 -14.2056 47.0595
      vertex -8.25025 -14.0383 47.3492
    endloop
  endfacet
  facet normal -1 0 0
    outer loop
      vertex -8.25025 -15.6672 18.5912
      vertex -8.25025 -10.9217 24.5649
      vertex -8.25025 -15.3328 18.5912
    endloop
  endfacet
  facet normal -1 0 0
    outer loop
      vertex -8.25025 -13.5 32.5
      vertex -8.25025 -14.4294 46.811
      vertex -8.25025 -14.2056 47.0595
    endloop
  endfacet
  facet normal -1 -0 0
    outer loop
      vertex -8.25025 -10.9217 24.5649
      vertex -8.25025 -15.6672 18.5912
      vertex -8.25025 -12.3329 27.0091
    endloop
  endfacet
  facet normal -1 0 0
    outer loop
      vertex -8.25025 -13.5 32.5
      vertex -8.25025 -14.7 46.6144
      vertex -8.25025 -14.4294 46.811
    endloop
  endfacet
  facet normal -1 0 0
    outer loop
      vertex -8.25025 -15.9944 18.5217
      vertex -8.25025 -12.3329 27.0091
      vertex -8.25025 -15.6672 18.5912
    endloop
  endfacet
  facet normal -1 0 0
    outer loop
      vertex -8.25025 -13.5 32.5
      vertex -8.25025 -15.0056 46.4783
      vertex -8.25025 -14.7 46.6144
    endloop
  endfacet
  facet normal -1 0 0
    outer loop
      vertex -8.25025 -16.3 18.3856
      vertex -8.25025 -12.3329 27.0091
      vertex -8.25025 -15.9944 18.5217
    endloop
  endfacet
  facet normal -1 0 0
    outer loop
      vertex -8.25025 -13.5 32.5
      vertex -8.25025 -15.3328 46.4088
      vertex -8.25025 -15.0056 46.4783
    endloop
  endfacet
  facet normal -1 -0 0
    outer loop
      vertex -8.25025 -12.3329 27.0091
      vertex -8.25025 -16.3 18.3856
      vertex -8.25025 -13.205 29.6932
    endloop
  endfacet
  facet normal -1 0 0
    outer loop
      vertex -8.25025 -13.5 32.5
      vertex -8.25025 -15.6672 46.4088
      vertex -8.25025 -15.3328 46.4088
    endloop
  endfacet
  facet normal -1 0 0
    outer loop
      vertex -8.25025 -16.5706 18.189
      vertex -8.25025 -13.205 29.6932
      vertex -8.25025 -16.3 18.3856
    endloop
  endfacet
  facet normal -1 0 0
    outer loop
      vertex -8.25025 -13.5 32.5
      vertex -8.25025 -15.9944 46.4783
      vertex -8.25025 -15.6672 46.4088
    endloop
  endfacet
  facet normal -1 0 0
    outer loop
      vertex -8.25025 -16.7944 17.9405
      vertex -8.25025 -13.205 29.6932
      vertex -8.25025 -16.5706 18.189
    endloop
  endfacet
  facet normal -1 0 0
    outer loop
      vertex -8.25025 -13.5 32.5
      vertex -8.25025 -16.3 46.6144
      vertex -8.25025 -15.9944 46.4783
    endloop
  endfacet
  facet normal -1 -0 0
    outer loop
      vertex -8.25025 -13.205 29.6932
      vertex -8.25025 -16.7944 17.9405
      vertex -8.25025 -13.5 32.5
    endloop
  endfacet
  facet normal -1 0 0
    outer loop
      vertex -8.25025 -13.5 32.5
      vertex -8.25025 -16.5706 46.811
      vertex -8.25025 -16.3 46.6144
    endloop
  endfacet
  facet normal -1 0 0
    outer loop
      vertex -8.25025 -21.489 12.7909
      vertex -8.25025 -13.5 32.5
      vertex -8.25025 -16.7944 17.9405
    endloop
  endfacet
  facet normal -1 0 0
    outer loop
      vertex -8.25025 -13.5 32.5
      vertex -8.25025 -16.7944 47.0595
      vertex -8.25025 -16.5706 46.811
    endloop
  endfacet
  facet normal -1 0 0
    outer loop
      vertex -8.25025 -21.489 12.7909
      vertex -8.25025 -16.7944 17.9405
      vertex -8.25025 -16.9617 17.6508
    endloop
  endfacet
  facet normal -1 0 0
    outer loop
      vertex -8.25025 -21.489 52.2091
      vertex -8.25025 -13.5 32.5
      vertex -8.25025 -21.489 12.7909
    endloop
  endfacet
  facet normal -1 0 0
    outer loop
      vertex -8.25025 -21.489 12.7909
      vertex -8.25025 -16.9617 17.6508
      vertex -8.25025 -17.065 17.3327
    endloop
  endfacet
  facet normal -1 0 0
    outer loop
      vertex -8.25025 -13.5 32.5
      vertex -8.25025 -21.489 52.2091
      vertex -8.25025 -16.7944 47.0595
    endloop
  endfacet
  facet normal -1 0 0
    outer loop
      vertex -8.25025 -21.489 12.7909
      vertex -8.25025 -17.065 17.3327
      vertex -8.25025 -17.1 17
    endloop
  endfacet
  facet normal -1 0 0
    outer loop
      vertex -8.25025 -16.7944 47.0595
      vertex -8.25025 -21.489 52.2091
      vertex -8.25025 -16.9617 47.3492
    endloop
  endfacet
  facet normal -1 0 0
    outer loop
      vertex -8.25025 16.9617 17.6508
      vertex -8.25025 17.2588 17.499
      vertex -8.25025 17.065 17.3327
    endloop
  endfacet
  facet normal -1 0 0
    outer loop
      vertex -8.25025 17.2588 17.499
      vertex -8.25025 17.065 47.6673
      vertex -8.25025 17.1 48
    endloop
  endfacet
  facet normal -1 0 0
    outer loop
      vertex -8.25025 16.7944 17.9405
      vertex -8.25025 17.2588 17.499
      vertex -8.25025 16.9617 17.6508
    endloop
  endfacet
  facet normal -1 0 0
    outer loop
      vertex -8.25025 17.2588 17.499
      vertex -8.25025 16.9617 47.3492
      vertex -8.25025 17.065 47.6673
    endloop
  endfacet
  facet normal -1 0 0
    outer loop
      vertex -8.25025 16.5706 18.189
      vertex -8.25025 17.2588 17.499
      vertex -8.25025 16.7944 17.9405
    endloop
  endfacet
  facet normal -1 0 0
    outer loop
      vertex -8.25025 17.2588 17.499
      vertex -8.25025 13.5 32.5
      vertex -8.25025 16.9617 47.3492
    endloop
  endfacet
  facet normal -1 0 0
    outer loop
      vertex -8.25025 17.2588 17.499
      vertex -8.25025 16.5706 18.189
      vertex -8.25025 13.205 29.6932
    endloop
  endfacet
  facet normal -1 0 0
    outer loop
      vertex -8.25025 16.9617 47.3492
      vertex -8.25025 13.5 32.5
      vertex -8.25025 16.7944 47.0595
    endloop
  endfacet
  facet normal -1 0 0
    outer loop
      vertex -8.25025 13.205 29.6932
      vertex -8.25025 16.5706 18.189
      vertex -8.25025 16.3 18.3856
    endloop
  endfacet
  facet normal -1 0 0
    outer loop
      vertex -8.25025 13.205 35.3068
      vertex -8.25025 16.7944 47.0595
      vertex -8.25025 13.5 32.5
    endloop
  endfacet
  facet normal -1 0 0
    outer loop
      vertex -8.25025 12.3329 27.0091
      vertex -8.25025 16.3 18.3856
      vertex -8.25025 15.9944 18.5217
    endloop
  endfacet
  facet normal -1 0 0
    outer loop
      vertex -8.25025 16.7944 47.0595
      vertex -8.25025 13.205 35.3068
      vertex -8.25025 16.5706 46.811
    endloop
  endfacet
  facet normal -1 0 0
    outer loop
      vertex -8.25025 12.3329 27.0091
      vertex -8.25025 15.9944 18.5217
      vertex -8.25025 15.6672 18.5912
    endloop
  endfacet
  facet normal -1 0 0
    outer loop
      vertex -8.25025 16.5706 46.811
      vertex -8.25025 13.205 35.3068
      vertex -8.25025 16.3 46.6144
    endloop
  endfacet
  facet normal -1 0 0
    outer loop
      vertex -8.25025 10.9217 24.5649
      vertex -8.25025 15.6672 18.5912
      vertex -8.25025 15.3328 18.5912
    endloop
  endfacet
  facet normal -1 0 0
    outer loop
      vertex -8.25025 12.3329 37.9909
      vertex -8.25025 16.3 46.6144
      vertex -8.25025 13.205 35.3068
    endloop
  endfacet
  facet normal -1 0 0
    outer loop
      vertex -8.25025 10.9217 24.5649
      vertex -8.25025 15.3328 18.5912
      vertex -8.25025 15.0056 18.5217
    endloop
  endfacet
  facet normal -1 0 0
    outer loop
      vertex -8.25025 16.3 46.6144
      vertex -8.25025 12.3329 37.9909
      vertex -8.25025 15.9944 46.4783
    endloop
  endfacet
  facet normal -1 0 0
    outer loop
      vertex -8.25025 10.9217 24.5649
      vertex -8.25025 15.0056 18.5217
      vertex -8.25025 14.7 18.3856
    endloop
  endfacet
  facet normal -1 0 0
    outer loop
      vertex -8.25025 15.9944 46.4783
      vertex -8.25025 12.3329 37.9909
      vertex -8.25025 15.6672 46.4088
    endloop
  endfacet
  facet normal -1 0 0
    outer loop
      vertex -8.25025 9.03326 22.4675
      vertex -8.25025 14.7 18.3856
      vertex -8.25025 14.4294 18.189
    endloop
  endfacet
  facet normal -1 0 0
    outer loop
      vertex -8.25025 10.9217 40.4351
      vertex -8.25025 15.6672 46.4088
      vertex -8.25025 12.3329 37.9909
    endloop
  endfacet
  facet normal -1 0 0
    outer loop
      vertex -8.25025 9.03326 22.4675
      vertex -8.25025 14.4294 18.189
      vertex -8.25025 14.2056 17.9405
    endloop
  endfacet
  facet normal -1 -0 0
    outer loop
      vertex -8.25025 15.6672 46.4088
      vertex -8.25025 10.9217 40.4351
      vertex -8.25025 15.3328 46.4088
    endloop
  endfacet
  facet normal -1 0 0
    outer loop
      vertex -8.25025 9.03326 22.4675
      vertex -8.25025 14.2056 17.9405
      vertex -8.25025 14.0383 17.6508
    endloop
  endfacet
  facet normal -1 -0 0
    outer loop
      vertex -8.25025 15.3328 46.4088
      vertex -8.25025 10.9217 40.4351
      vertex -8.25025 15.0056 46.4783
    endloop
  endfacet
  facet normal -1 0 0
    outer loop
      vertex -8.25025 9.03326 22.4675
      vertex -8.25025 14.0383 17.6508
      vertex -8.25025 13.935 17.3327
    endloop
  endfacet
  facet normal -1 -0 0
    outer loop
      vertex -8.25025 15.0056 46.4783
      vertex -8.25025 10.9217 40.4351
      vertex -8.25025 14.7 46.6144
    endloop
  endfacet
  facet normal -1 0 0
    outer loop
      vertex -8.25025 6.75 20.8087
      vertex -8.25025 13.935 17.3327
      vertex -8.25025 13.9 17
    endloop
  endfacet
  facet normal -1 0 0
    outer loop
      vertex -8.25025 9.03326 42.5325
      vertex -8.25025 14.7 46.6144
      vertex -8.25025 10.9217 40.4351
    endloop
  endfacet
  facet normal -1 0 0
    outer loop
      vertex -8.25025 17.2588 17.499
      vertex -8.25025 17.065 16.6673
      vertex -8.25025 17.1 17
    endloop
  endfacet
  facet normal -1 0 0
    outer loop
      vertex -8.25025 16.9693 14.613
      vertex -8.25025 17.065 16.6673
      vertex -8.25025 17.2588 17.499
    endloop
  endfacet
  facet normal -1 0 0
    outer loop
      vertex -8.25025 16.9693 14.613
      vertex -8.25025 16.9617 16.3492
      vertex -8.25025 17.065 16.6673
    endloop
  endfacet
  facet normal -1 0 0
    outer loop
      vertex -8.25025 16.9693 14.613
      vertex -8.25025 16.7944 16.0595
      vertex -8.25025 16.9617 16.3492
    endloop
  endfacet
  facet normal -1 0 0
    outer loop
      vertex -8.25025 15.3328 15.4088
      vertex -8.25025 16.9693 14.613
      vertex -8.25025 16.6484 11
    endloop
  endfacet
  facet normal -1 0 0
    outer loop
      vertex -8.25025 16.9693 14.613
      vertex -8.25025 16.5706 15.811
      vertex -8.25025 16.7944 16.0595
    endloop
  endfacet
  facet normal -1 0 0
    outer loop
      vertex -8.25025 16.9693 14.613
      vertex -8.25025 16.3 15.6144
      vertex -8.25025 16.5706 15.811
    endloop
  endfacet
  facet normal -1 0 0
    outer loop
      vertex -8.25025 16.9693 14.613
      vertex -8.25025 15.9944 15.4783
      vertex -8.25025 16.3 15.6144
    endloop
  endfacet
  facet normal -1 0 0
    outer loop
      vertex -8.25025 16.9693 14.613
      vertex -8.25025 15.6672 15.4088
      vertex -8.25025 15.9944 15.4783
    endloop
  endfacet
  facet normal -1 0 0
    outer loop
      vertex -8.25025 16.9693 14.613
      vertex -8.25025 15.3328 15.4088
      vertex -8.25025 15.6672 15.4088
    endloop
  endfacet
  facet normal -1 0 0
    outer loop
      vertex -8.25025 16.6484 11
      vertex -8.25025 15.0056 15.4783
      vertex -8.25025 15.3328 15.4088
    endloop
  endfacet
  facet normal -1 0 0
    outer loop
      vertex -8.25025 16.6484 11
      vertex -8.25025 14.7 15.6144
      vertex -8.25025 15.0056 15.4783
    endloop
  endfacet
  facet normal -1 0 0
    outer loop
      vertex -8.25025 16.6484 11
      vertex -8.25025 14.4294 15.811
      vertex -8.25025 14.7 15.6144
    endloop
  endfacet
  facet normal -1 0 0
    outer loop
      vertex -8.25025 16.6484 11
      vertex -8.25025 14.2056 16.0595
      vertex -8.25025 14.4294 15.811
    endloop
  endfacet
  facet normal -1 0 0
    outer loop
      vertex -8.25025 4.17173 19.6607
      vertex -8.25025 14.2056 16.0595
      vertex -8.25025 16.6484 11
    endloop
  endfacet
  facet normal -1 -0 0
    outer loop
      vertex -8.25025 14.7 46.6144
      vertex -8.25025 9.03326 42.5325
      vertex -8.25025 14.4294 46.811
    endloop
  endfacet
  facet normal -1 0 0
    outer loop
      vertex -8.25025 17.2588 17.499
      vertex -8.25025 13.205 29.6932
      vertex -8.25025 13.5 32.5
    endloop
  endfacet
  facet normal -1 0 0
    outer loop
      vertex -8.25025 16.3 18.3856
      vertex -8.25025 12.3329 27.0091
      vertex -8.25025 13.205 29.6932
    endloop
  endfacet
  facet normal -1 0 0
    outer loop
      vertex -8.25025 6.75 20.8087
      vertex -8.25025 13.9 17
      vertex -8.25025 13.935 16.6673
    endloop
  endfacet
  facet normal -1 0 0
    outer loop
      vertex -8.25025 15.6672 18.5912
      vertex -8.25025 10.9217 24.5649
      vertex -8.25025 12.3329 27.0091
    endloop
  endfacet
  facet normal -1 0 0
    outer loop
      vertex -8.25025 6.75 20.8087
      vertex -8.25025 13.935 16.6673
      vertex -8.25025 14.0383 16.3492
    endloop
  endfacet
  facet normal -1 0 0
    outer loop
      vertex -8.25025 14.7 18.3856
      vertex -8.25025 9.03326 22.4675
      vertex -8.25025 10.9217 24.5649
    endloop
  endfacet
  facet normal -1 0 0
    outer loop
      vertex -8.25025 14.2056 16.0595
      vertex -8.25025 4.17173 19.6607
      vertex -8.25025 14.0383 16.3492
    endloop
  endfacet
  facet normal -1 0 0
    outer loop
      vertex -8.25025 13.935 17.3327
      vertex -8.25025 6.75 20.8087
      vertex -8.25025 9.03326 22.4675
    endloop
  endfacet
  facet normal -1 0 0
    outer loop
      vertex -8.25025 14.0383 16.3492
      vertex -8.25025 4.17173 19.6607
      vertex -8.25025 6.75 20.8087
    endloop
  endfacet
  facet normal -1 0 0
    outer loop
      vertex -8.25025 16.6484 11
      vertex -8.25025 1.41113 19.074
      vertex -8.25025 4.17173 19.6607
    endloop
  endfacet
  facet normal -1 0 0
    outer loop
      vertex -8.25025 16.6484 11
      vertex -8.25025 -1.41113 19.074
      vertex -8.25025 1.41113 19.074
    endloop
  endfacet
  facet normal -1 0 0
    outer loop
      vertex -8.25025 -19.5 11
      vertex -8.25025 -1.41113 19.074
      vertex -8.25025 16.6484 11
    endloop
  endfacet
  facet normal -1 0 0
    outer loop
      vertex -8.25025 -14.4294 18.189
      vertex -8.25025 -9.03326 22.4675
      vertex -8.25025 -14.2056 17.9405
    endloop
  endfacet
  facet normal -1 0 0
    outer loop
      vertex -8.25025 -14.2056 17.9405
      vertex -8.25025 -9.03326 22.4675
      vertex -8.25025 -14.0383 17.6508
    endloop
  endfacet
  facet normal -1 0 0
    outer loop
      vertex -8.25025 -14.0383 17.6508
      vertex -8.25025 -9.03326 22.4675
      vertex -8.25025 -13.935 17.3327
    endloop
  endfacet
  facet normal -1 -0 0
    outer loop
      vertex -8.25025 -6.75 20.8087
      vertex -8.25025 -13.935 17.3327
      vertex -8.25025 -9.03326 22.4675
    endloop
  endfacet
  facet normal -1 0 0
    outer loop
      vertex -8.25025 -13.935 17.3327
      vertex -8.25025 -6.75 20.8087
      vertex -8.25025 -13.9 17
    endloop
  endfacet
  facet normal -1 0 0
    outer loop
      vertex -8.25025 -13.935 16.6673
      vertex -8.25025 -6.75 20.8087
      vertex -8.25025 -4.17173 19.6607
    endloop
  endfacet
  facet normal -1 0 -0
    outer loop
      vertex -8.25025 -14.4294 15.811
      vertex -8.25025 -1.41113 19.074
      vertex -8.25025 -14.7 15.6144
    endloop
  endfacet
  facet normal -1 0 0
    outer loop
      vertex -8.25025 -6.75 20.8087
      vertex -8.25025 -13.935 16.6673
      vertex -8.25025 -13.9 17
    endloop
  endfacet
  facet normal -1 0 0
    outer loop
      vertex -8.25025 -4.17173 19.6607
      vertex -8.25025 -14.0383 16.3492
      vertex -8.25025 -13.935 16.6673
    endloop
  endfacet
  facet normal -1 0 0
    outer loop
      vertex -8.25025 -4.17173 19.6607
      vertex -8.25025 -14.2056 16.0595
      vertex -8.25025 -14.0383 16.3492
    endloop
  endfacet
  facet normal -1 0 0
    outer loop
      vertex -8.25025 -4.17173 19.6607
      vertex -8.25025 -14.4294 15.811
      vertex -8.25025 -14.2056 16.0595
    endloop
  endfacet
  facet normal -1 -0 0
    outer loop
      vertex -8.25025 -1.41113 19.074
      vertex -8.25025 -14.4294 15.811
      vertex -8.25025 -4.17173 19.6607
    endloop
  endfacet
  facet normal -1 0 0
    outer loop
      vertex -8.25025 -1.41113 19.074
      vertex -8.25025 -19.5 11
      vertex -8.25025 -14.7 15.6144
    endloop
  endfacet
  facet normal -1 0 0
    outer loop
      vertex -8.25025 -14.7 15.6144
      vertex -8.25025 -19.5 11
      vertex -8.25025 -15.0056 15.4783
    endloop
  endfacet
  facet normal -1 0 0
    outer loop
      vertex -8.25025 -15.0056 15.4783
      vertex -8.25025 -19.5 11
      vertex -8.25025 -15.3328 15.4088
    endloop
  endfacet
  facet normal -1 -0 0
    outer loop
      vertex -8.25025 -17.065 16.6673
      vertex -8.25025 -21.489 12.7909
      vertex -8.25025 -17.1 17
    endloop
  endfacet
  facet normal -1 -0 0
    outer loop
      vertex -8.25025 -16.9617 16.3492
      vertex -8.25025 -21.489 12.7909
      vertex -8.25025 -17.065 16.6673
    endloop
  endfacet
  facet normal -1 -0 0
    outer loop
      vertex -8.25025 -16.7944 16.0595
      vertex -8.25025 -21.489 12.7909
      vertex -8.25025 -16.9617 16.3492
    endloop
  endfacet
  facet normal -1 -0 0
    outer loop
      vertex -8.25025 -16.5706 15.811
      vertex -8.25025 -21.489 12.7909
      vertex -8.25025 -16.7944 16.0595
    endloop
  endfacet
  facet normal -1 0 0
    outer loop
      vertex -8.25025 -21.489 12.7909
      vertex -8.25025 -16.5706 15.811
      vertex -8.25025 -19.5 11
    endloop
  endfacet
  facet normal -1 -0 0
    outer loop
      vertex -8.25025 -16.3 15.6144
      vertex -8.25025 -19.5 11
      vertex -8.25025 -16.5706 15.811
    endloop
  endfacet
  facet normal -1 -0 0
    outer loop
      vertex -8.25025 -15.9944 15.4783
      vertex -8.25025 -19.5 11
      vertex -8.25025 -16.3 15.6144
    endloop
  endfacet
  facet normal -1 -0 0
    outer loop
      vertex -8.25025 -15.6672 15.4088
      vertex -8.25025 -19.5 11
      vertex -8.25025 -15.9944 15.4783
    endloop
  endfacet
  facet normal -1 -0 0
    outer loop
      vertex -8.25025 -15.3328 15.4088
      vertex -8.25025 -19.5 11
      vertex -8.25025 -15.6672 15.4088
    endloop
  endfacet
  facet normal -1 0 0
    outer loop
      vertex -8.25025 17.1 48
      vertex -8.25025 21.489 52.2091
      vertex -8.25025 21.489 17.499
    endloop
  endfacet
  facet normal -1 0 0
    outer loop
      vertex -8.25025 17.065 48.3327
      vertex -8.25025 21.489 52.2091
      vertex -8.25025 17.1 48
    endloop
  endfacet
  facet normal -1 0 0
    outer loop
      vertex -8.25025 16.9617 48.6508
      vertex -8.25025 21.489 52.2091
      vertex -8.25025 17.065 48.3327
    endloop
  endfacet
  facet normal -1 0 0
    outer loop
      vertex -8.25025 16.7944 48.9405
      vertex -8.25025 21.489 52.2091
      vertex -8.25025 16.9617 48.6508
    endloop
  endfacet
  facet normal -1 0 0
    outer loop
      vertex -8.25025 16.5706 49.189
      vertex -8.25025 21.489 52.2091
      vertex -8.25025 16.7944 48.9405
    endloop
  endfacet
  facet normal -1 0 -0
    outer loop
      vertex -8.25025 19.5 54
      vertex -8.25025 21.489 52.2091
      vertex -8.25025 16.5706 49.189
    endloop
  endfacet
  facet normal -1 0 0
    outer loop
      vertex -8.25025 21.4021 52.618
      vertex -8.25025 19.5 54
      vertex -8.25025 21.232 53
    endloop
  endfacet
  facet normal -1 0 0
    outer loop
      vertex -8.25025 17.1 48
      vertex -8.25025 21.489 17.499
      vertex -8.25025 17.2588 17.499
    endloop
  endfacet
  facet normal -1 0 0
    outer loop
      vertex -8.25025 17.065 17.3327
      vertex -8.25025 17.2588 17.499
      vertex -8.25025 17.1 17
    endloop
  endfacet
  facet normal -1 0 0
    outer loop
      vertex -8.25025 21.232 53
      vertex -8.25025 19.5 54
      vertex -8.25025 20.9863 53.3383
    endloop
  endfacet
  facet normal -1 0 0
    outer loop
      vertex -8.25025 20.9863 53.3383
      vertex -8.25025 19.5 54
      vertex -8.25025 20.6756 53.618
    endloop
  endfacet
  facet normal -1 0 0
    outer loop
      vertex -8.25025 20.6756 53.618
      vertex -8.25025 19.5 54
      vertex -8.25025 20.3135 53.8271
    endloop
  endfacet
  facet normal -1 0 0
    outer loop
      vertex -8.25025 20.3135 53.8271
      vertex -8.25025 19.5 54
      vertex -8.25025 19.9158 53.9563
    endloop
  endfacet
  facet normal -1 0 0
    outer loop
      vertex -8.25025 21.489 52.2091
      vertex -8.25025 19.5 54
      vertex -8.25025 21.4021 52.618
    endloop
  endfacet
  facet normal -1 0 0
    outer loop
      vertex -8.25025 16.3 49.3856
      vertex -8.25025 19.5 54
      vertex -8.25025 16.5706 49.189
    endloop
  endfacet
  facet normal -1 0 0
    outer loop
      vertex -8.25025 15.9944 49.5217
      vertex -8.25025 19.5 54
      vertex -8.25025 16.3 49.3856
    endloop
  endfacet
  facet normal -1 0 0
    outer loop
      vertex -8.25025 15.6672 49.5912
      vertex -8.25025 19.5 54
      vertex -8.25025 15.9944 49.5217
    endloop
  endfacet
  facet normal -1 0 0
    outer loop
      vertex -8.25025 15.3328 49.5912
      vertex -8.25025 19.5 54
      vertex -8.25025 15.6672 49.5912
    endloop
  endfacet
  facet normal -1 0 0
    outer loop
      vertex -8.25025 15.0056 49.5217
      vertex -8.25025 19.5 54
      vertex -8.25025 15.3328 49.5912
    endloop
  endfacet
  facet normal -1 0 0
    outer loop
      vertex -8.25025 14.7 49.3856
      vertex -8.25025 19.5 54
      vertex -8.25025 15.0056 49.5217
    endloop
  endfacet
  facet normal -1 0 0
    outer loop
      vertex -8.25025 1.41113 45.926
      vertex -8.25025 14.7 49.3856
      vertex -8.25025 14.4294 49.189
    endloop
  endfacet
  facet normal -1 -0 0
    outer loop
      vertex -8.25025 14.4294 46.811
      vertex -8.25025 9.03326 42.5325
      vertex -8.25025 14.2056 47.0595
    endloop
  endfacet
  facet normal -1 -0 0
    outer loop
      vertex -8.25025 14.2056 47.0595
      vertex -8.25025 9.03326 42.5325
      vertex -8.25025 14.0383 47.3492
    endloop
  endfacet
  facet normal -1 -0 0
    outer loop
      vertex -8.25025 14.0383 47.3492
      vertex -8.25025 9.03326 42.5325
      vertex -8.25025 13.935 47.6673
    endloop
  endfacet
  facet normal -1 0 0
    outer loop
      vertex -8.25025 6.75 44.1913
      vertex -8.25025 13.935 47.6673
      vertex -8.25025 9.03326 42.5325
    endloop
  endfacet
  facet normal -1 -0 0
    outer loop
      vertex -8.25025 13.935 47.6673
      vertex -8.25025 6.75 44.1913
      vertex -8.25025 13.9 48
    endloop
  endfacet
  facet normal -1 -0 0
    outer loop
      vertex -8.25025 13.9 48
      vertex -8.25025 6.75 44.1913
      vertex -8.25025 13.935 48.3327
    endloop
  endfacet
  facet normal -1 -0 0
    outer loop
      vertex -8.25025 13.935 48.3327
      vertex -8.25025 6.75 44.1913
      vertex -8.25025 14.0383 48.6508
    endloop
  endfacet
  facet normal -1 0 0
    outer loop
      vertex -8.25025 4.17173 45.3393
      vertex -8.25025 14.0383 48.6508
      vertex -8.25025 6.75 44.1913
    endloop
  endfacet
  facet normal -1 -0 0
    outer loop
      vertex -8.25025 14.0383 48.6508
      vertex -8.25025 4.17173 45.3393
      vertex -8.25025 14.2056 48.9405
    endloop
  endfacet
  facet normal -1 -0 0
    outer loop
      vertex -8.25025 14.2056 48.9405
      vertex -8.25025 4.17173 45.3393
      vertex -8.25025 14.4294 49.189
    endloop
  endfacet
  facet normal -1 0 0
    outer loop
      vertex -8.25025 1.41113 45.926
      vertex -8.25025 14.4294 49.189
      vertex -8.25025 4.17173 45.3393
    endloop
  endfacet
  facet normal -1 -0 0
    outer loop
      vertex -8.25025 14.7 49.3856
      vertex -8.25025 1.41113 45.926
      vertex -8.25025 19.5 54
    endloop
  endfacet
  facet normal -1 0 0
    outer loop
      vertex -8.25025 -1.41113 45.926
      vertex -8.25025 19.5 54
      vertex -8.25025 1.41113 45.926
    endloop
  endfacet
  facet normal -1 0 0
    outer loop
      vertex -8.25025 -14.4294 49.189
      vertex -8.25025 -1.41113 45.926
      vertex -8.25025 -4.17173 45.3393
    endloop
  endfacet
  facet normal -1 0 0
    outer loop
      vertex -8.25025 -14.7 18.3856
      vertex -8.25025 -9.03326 22.4675
      vertex -8.25025 -14.4294 18.189
    endloop
  endfacet
  facet normal -1 0 0
    outer loop
      vertex -8.25025 -13.9 48
      vertex -8.25025 -13.205 35.3068
      vertex -8.25025 -13.5 32.5
    endloop
  endfacet
  facet normal -1 0 0
    outer loop
      vertex -8.25025 -13.9 48
      vertex -8.25025 -12.3329 37.9909
      vertex -8.25025 -13.205 35.3068
    endloop
  endfacet
  facet normal -1 0 0
    outer loop
      vertex -8.25025 -13.9 48
      vertex -8.25025 -10.9217 40.4351
      vertex -8.25025 -12.3329 37.9909
    endloop
  endfacet
  facet normal -1 0 0
    outer loop
      vertex -8.25025 -13.9 48
      vertex -8.25025 -9.03326 42.5325
      vertex -8.25025 -10.9217 40.4351
    endloop
  endfacet
  facet normal -1 0 0
    outer loop
      vertex -8.25025 -13.9 48
      vertex -8.25025 -6.75 44.1913
      vertex -8.25025 -9.03326 42.5325
    endloop
  endfacet
  facet normal -1 0 0
    outer loop
      vertex -8.25025 -13.935 48.3327
      vertex -8.25025 -6.75 44.1913
      vertex -8.25025 -13.9 48
    endloop
  endfacet
  facet normal -1 0 0
    outer loop
      vertex -8.25025 -6.75 44.1913
      vertex -8.25025 -13.935 48.3327
      vertex -8.25025 -4.17173 45.3393
    endloop
  endfacet
  facet normal -1 0 0
    outer loop
      vertex -8.25025 -14.0383 48.6508
      vertex -8.25025 -4.17173 45.3393
      vertex -8.25025 -13.935 48.3327
    endloop
  endfacet
  facet normal -1 0 0
    outer loop
      vertex -8.25025 -14.2056 48.9405
      vertex -8.25025 -4.17173 45.3393
      vertex -8.25025 -14.0383 48.6508
    endloop
  endfacet
  facet normal -1 0 0
    outer loop
      vertex -8.25025 -14.4294 49.189
      vertex -8.25025 -4.17173 45.3393
      vertex -8.25025 -14.2056 48.9405
    endloop
  endfacet
  facet normal -1 0 0
    outer loop
      vertex -8.25025 -1.41113 45.926
      vertex -8.25025 -14.4294 49.189
      vertex -8.25025 -14.7 49.3856
    endloop
  endfacet
  facet normal -1 0 0
    outer loop
      vertex -8.25025 -1.41113 45.926
      vertex -8.25025 -14.7 49.3856
      vertex -8.25025 -19.5 54
    endloop
  endfacet
  facet normal -1 0 0
    outer loop
      vertex -8.25025 -19.5 54
      vertex -8.25025 -14.7 49.3856
      vertex -8.25025 -15.0056 49.5217
    endloop
  endfacet
  facet normal -1 0 0
    outer loop
      vertex -8.25025 -19.5 54
      vertex -8.25025 -15.0056 49.5217
      vertex -8.25025 -15.3328 49.5912
    endloop
  endfacet
  facet normal -1 0 0
    outer loop
      vertex -8.25025 -19.5 54
      vertex -8.25025 -15.3328 49.5912
      vertex -8.25025 -15.6672 49.5912
    endloop
  endfacet
  facet normal -1 0 0
    outer loop
      vertex -8.25025 -1.41113 45.926
      vertex -8.25025 -19.5 54
      vertex -8.25025 19.5 54
    endloop
  endfacet
  facet normal -1 0 0
    outer loop
      vertex -8.25025 -15.9944 49.5217
      vertex -8.25025 -19.5 54
      vertex -8.25025 -15.6672 49.5912
    endloop
  endfacet
  facet normal -1 0 0
    outer loop
      vertex -8.25025 -16.3 49.3856
      vertex -8.25025 -19.5 54
      vertex -8.25025 -15.9944 49.5217
    endloop
  endfacet
  facet normal -1 0 0
    outer loop
      vertex -8.25025 -16.5706 49.189
      vertex -8.25025 -19.5 54
      vertex -8.25025 -16.3 49.3856
    endloop
  endfacet
  facet normal -1 0 0
    outer loop
      vertex -8.25025 -21.489 52.2091
      vertex -8.25025 -16.5706 49.189
      vertex -8.25025 -16.7944 48.9405
    endloop
  endfacet
  facet normal -1 0 0
    outer loop
      vertex -8.25025 -21.489 52.2091
      vertex -8.25025 -16.7944 48.9405
      vertex -8.25025 -16.9617 48.6508
    endloop
  endfacet
  facet normal -1 0 0
    outer loop
      vertex -8.25025 -21.489 52.2091
      vertex -8.25025 -16.9617 48.6508
      vertex -8.25025 -17.065 48.3327
    endloop
  endfacet
  facet normal -1 0 0
    outer loop
      vertex -8.25025 -21.489 52.2091
      vertex -8.25025 -17.065 48.3327
      vertex -8.25025 -17.1 48
    endloop
  endfacet
  facet normal -1 0 0
    outer loop
      vertex -8.25025 -16.9617 47.3492
      vertex -8.25025 -21.489 52.2091
      vertex -8.25025 -17.065 47.6673
    endloop
  endfacet
  facet normal -1 0 0
    outer loop
      vertex -8.25025 -21.489 12.7909
      vertex -8.25025 -19.5 11
      vertex -8.25025 -19.9158 11.0437
    endloop
  endfacet
  facet normal -1 0 0
    outer loop
      vertex -8.25025 -17.065 47.6673
      vertex -8.25025 -21.489 52.2091
      vertex -8.25025 -17.1 48
    endloop
  endfacet
  facet normal -1 0 0
    outer loop
      vertex -8.25025 -21.489 12.7909
      vertex -8.25025 -19.9158 11.0437
      vertex -8.25025 -20.3135 11.1729
    endloop
  endfacet
  facet normal -1 0 0
    outer loop
      vertex -8.25025 -16.5706 49.189
      vertex -8.25025 -21.489 52.2091
      vertex -8.25025 -19.5 54
    endloop
  endfacet
  facet normal -1 0 0
    outer loop
      vertex -8.25025 -21.489 12.7909
      vertex -8.25025 -20.3135 11.1729
      vertex -8.25025 -20.6756 11.382
    endloop
  endfacet
  facet normal -1 0 0
    outer loop
      vertex -8.25025 -19.5 54
      vertex -8.25025 -21.489 52.2091
      vertex -8.25025 -19.9158 53.9563
    endloop
  endfacet
  facet normal -1 0 0
    outer loop
      vertex -8.25025 -21.489 12.7909
      vertex -8.25025 -20.6756 11.382
      vertex -8.25025 -20.9863 11.6617
    endloop
  endfacet
  facet normal -1 0 0
    outer loop
      vertex -8.25025 -19.9158 53.9563
      vertex -8.25025 -21.489 52.2091
      vertex -8.25025 -20.3135 53.8271
    endloop
  endfacet
  facet normal -1 0 0
    outer loop
      vertex -8.25025 -21.489 12.7909
      vertex -8.25025 -20.9863 11.6617
      vertex -8.25025 -21.232 12
    endloop
  endfacet
  facet normal -1 0 0
    outer loop
      vertex -8.25025 -20.3135 53.8271
      vertex -8.25025 -21.489 52.2091
      vertex -8.25025 -20.6756 53.618
    endloop
  endfacet
  facet normal -1 0 0
    outer loop
      vertex -8.25025 -21.489 12.7909
      vertex -8.25025 -21.232 12
      vertex -8.25025 -21.4021 12.382
    endloop
  endfacet
  facet normal -1 0 0
    outer loop
      vertex -8.25025 -20.6756 53.618
      vertex -8.25025 -21.489 52.2091
      vertex -8.25025 -20.9863 53.3383
    endloop
  endfacet
  facet normal -1 0 0
    outer loop
      vertex -8.25025 -20.9863 53.3383
      vertex -8.25025 -21.489 52.2091
      vertex -8.25025 -21.232 53
    endloop
  endfacet
  facet normal -1 0 0
    outer loop
      vertex -8.25025 -21.232 53
      vertex -8.25025 -21.489 52.2091
      vertex -8.25025 -21.4021 52.618
    endloop
  endfacet
  facet normal 0 0.308973 0.951071
    outer loop
      vertex -8.25025 -19.9158 11.0437
      vertex -25.2593 -20.3135 11.1729
      vertex -8.25025 -20.3135 11.1729
    endloop
  endfacet
  facet normal -0 0.308973 0.951071
    outer loop
      vertex -25.7759 -19.9158 11.0437
      vertex -25.2593 -20.3135 11.1729
      vertex -8.25025 -19.9158 11.0437
    endloop
  endfacet
  facet normal -0.000820343 0.308008 0.951383
    outer loop
      vertex -25.6534 -20.0381 11.0834
      vertex -25.2593 -20.3135 11.1729
      vertex -25.7759 -19.9158 11.0437
    endloop
  endfacet
  facet normal -0.000760609 0.308086 0.951358
    outer loop
      vertex -25.2593 -20.3135 11.1729
      vertex -25.6534 -20.0381 11.0834
      vertex -25.6292 -20.0612 11.0909
    endloop
  endfacet
  facet normal 0 -0.669057 -0.743211
    outer loop
      vertex -10.2506 20.6756 53.618
      vertex -8.25025 20.9863 53.3383
      vertex -8.25025 20.6756 53.618
    endloop
  endfacet
  facet normal -0 -0.669057 -0.743211
    outer loop
      vertex -8.25025 20.9863 53.3383
      vertex -10.2506 20.6756 53.618
      vertex -10.3569 20.9863 53.3383
    endloop
  endfacet
  facet normal 0 0.913525 0.406782
    outer loop
      vertex -8.25025 -21.232 12
      vertex -21.9374 -21.4021 12.382
      vertex -8.25025 -21.4021 12.382
    endloop
  endfacet
  facet normal 0 0.913525 0.406782
    outer loop
      vertex -21.9374 -21.4021 12.382
      vertex -8.25025 -21.232 12
      vertex -22.515 -21.232 12
    endloop
  endfacet
  facet normal 0 0.809119 -0.587645
    outer loop
      vertex -8.25025 -21.232 53
      vertex -10.3569 -20.9863 53.3383
      vertex -8.25025 -20.9863 53.3383
    endloop
  endfacet
  facet normal 0 0.809119 -0.587645
    outer loop
      vertex -10.3569 -20.9863 53.3383
      vertex -8.25025 -21.232 53
      vertex -10.4854 -21.232 53
    endloop
  endfacet
  facet normal 0 0.669057 0.743211
    outer loop
      vertex -8.25025 -20.6756 11.382
      vertex -23.3119 -20.9863 11.6617
      vertex -8.25025 -20.9863 11.6617
    endloop
  endfacet
  facet normal 0 0.669057 0.743211
    outer loop
      vertex -23.3119 -20.9863 11.6617
      vertex -8.25025 -20.6756 11.382
      vertex -24.2935 -20.6756 11.382
    endloop
  endfacet
  facet normal 0 -0.308973 -0.951071
    outer loop
      vertex -10.1221 19.9158 53.9563
      vertex -8.25025 20.3135 53.8271
      vertex -8.25025 19.9158 53.9563
    endloop
  endfacet
  facet normal -0 -0.308973 -0.951071
    outer loop
      vertex -8.25025 20.3135 53.8271
      vertex -10.1221 19.9158 53.9563
      vertex -10.1712 20.3135 53.8271
    endloop
  endfacet
  facet normal 0 -0.913525 0.406782
    outer loop
      vertex -13.4821 21.232 12
      vertex -23.8965 21.4021 12.382
      vertex -24.1825 21.232 12
    endloop
  endfacet
  facet normal 0 -0.913525 0.406782
    outer loop
      vertex -23.8965 21.4021 12.382
      vertex -13.4821 21.232 12
      vertex -13.3942 21.4021 12.382
    endloop
  endfacet
  facet normal -0 -0.809119 -0.587645
    outer loop
      vertex -8.25025 21.232 53
      vertex -10.3569 20.9863 53.3383
      vertex -10.4854 21.232 53
    endloop
  endfacet
  facet normal 0 -0.809119 -0.587645
    outer loop
      vertex -10.3569 20.9863 53.3383
      vertex -8.25025 21.232 53
      vertex -8.25025 20.9863 53.3383
    endloop
  endfacet
  facet normal 0 -0.500074 -0.865982
    outer loop
      vertex -10.1712 20.3135 53.8271
      vertex -8.25025 20.6756 53.618
      vertex -8.25025 20.3135 53.8271
    endloop
  endfacet
  facet normal -0 -0.500074 -0.865982
    outer loop
      vertex -8.25025 20.6756 53.618
      vertex -10.1712 20.3135 53.8271
      vertex -10.2506 20.6756 53.618
    endloop
  endfacet
  facet normal 0 -0.669065 0.743204
    outer loop
      vertex -24.5309 20.9863 11.6617
      vertex -13.6734 20.7808 11.4767
      vertex -13.5908 20.9863 11.6617
    endloop
  endfacet
  facet normal 7.45784e-07 -0.669043 0.743224
    outer loop
      vertex -24.5309 20.9863 11.6617
      vertex -13.6921 20.6756 11.382
      vertex -13.6734 20.7808 11.4767
    endloop
  endfacet
  facet normal 0 -0.669057 0.743211
    outer loop
      vertex -13.6921 20.6756 11.382
      vertex -24.5309 20.9863 11.6617
      vertex -24.9266 20.6756 11.382
    endloop
  endfacet
  facet normal 0 -0.809119 0.587645
    outer loop
      vertex -13.5908 20.9863 11.6617
      vertex -24.1825 21.232 12
      vertex -24.5309 20.9863 11.6617
    endloop
  endfacet
  facet normal 0 -0.809119 0.587645
    outer loop
      vertex -24.1825 21.232 12
      vertex -13.5908 20.9863 11.6617
      vertex -13.4821 21.232 12
    endloop
  endfacet
  facet normal 0 0.104523 0.994522
    outer loop
      vertex -8.25025 -19.5 11
      vertex -25.7759 -19.9158 11.0437
      vertex -8.25025 -19.9158 11.0437
    endloop
  endfacet
  facet normal -0 0.104523 0.994522
    outer loop
      vertex -26.097 -19.5 11
      vertex -25.7759 -19.9158 11.0437
      vertex -8.25025 -19.5 11
    endloop
  endfacet
  facet normal -0.00650906 0.0987253 0.995093
    outer loop
      vertex -25.7759 -19.9158 11.0437
      vertex -25.9899 -19.6749 11.0184
      vertex -25.969 -19.7088 11.0219
    endloop
  endfacet
  facet normal 0.000649113 0.105019 0.99447
    outer loop
      vertex -25.7759 -19.9158 11.0437
      vertex -26.097 -19.5 11
      vertex -25.9899 -19.6749 11.0184
    endloop
  endfacet
  facet normal -0 -0.913525 -0.406782
    outer loop
      vertex -8.25025 21.4021 52.618
      vertex -10.4854 21.232 53
      vertex -10.6305 21.4021 52.618
    endloop
  endfacet
  facet normal 0 -0.913525 -0.406782
    outer loop
      vertex -10.4854 21.232 53
      vertex -8.25025 21.4021 52.618
      vertex -8.25025 21.232 53
    endloop
  endfacet
  facet normal 0 0 -1
    outer loop
      vertex -5.74975 -19.5 54
      vertex -3.48264 -17.3376 54
      vertex -3.48264 -19.5 54
    endloop
  endfacet
  facet normal -0 0 -1
    outer loop
      vertex -3.48264 -17.3376 54
      vertex -5.74975 -19.5 54
      vertex -3.48264 13.101 54
    endloop
  endfacet
  facet normal 0 0 -1
    outer loop
      vertex -5.74975 23.1089 54
      vertex -3.48264 13.101 54
      vertex -5.74975 -19.5 54
    endloop
  endfacet
  facet normal 0 0 -1
    outer loop
      vertex -3.48264 13.101 54
      vertex -5.74975 23.1089 54
      vertex -3.48264 21.5447 54
    endloop
  endfacet
  facet normal 0 0 -1
    outer loop
      vertex -3.48264 21.5447 54
      vertex -5.74975 23.1089 54
      vertex -3.48428 21.5602 54
    endloop
  endfacet
  facet normal 0 0 -1
    outer loop
      vertex -3.48428 21.5602 54
      vertex -5.74975 23.1089 54
      vertex -3.52738 21.8828 54
    endloop
  endfacet
  facet normal 0 0 -1
    outer loop
      vertex -3.52738 21.8828 54
      vertex -5.74975 23.1089 54
      vertex -3.61202 22.1902 54
    endloop
  endfacet
  facet normal -0 -0 -1
    outer loop
      vertex -4.48474 23.1089 54
      vertex -3.61202 22.1902 54
      vertex -5.74975 23.1089 54
    endloop
  endfacet
  facet normal 0 0 -1
    outer loop
      vertex -3.61202 22.1902 54
      vertex -4.48474 23.1089 54
      vertex -3.61625 22.2032 54
    endloop
  endfacet
  facet normal 0 0 -1
    outer loop
      vertex -3.61625 22.2032 54
      vertex -4.48474 23.1089 54
      vertex -3.73873 22.4813 54
    endloop
  endfacet
  facet normal 0 0 -1
    outer loop
      vertex -3.73873 22.4813 54
      vertex -4.48474 23.1089 54
      vertex -3.74463 22.4915 54
    endloop
  endfacet
  facet normal -0 -0 -1
    outer loop
      vertex -3.90584 22.7346 54
      vertex -3.74463 22.4915 54
      vertex -4.48474 23.1089 54
    endloop
  endfacet
  facet normal 0 0 -1
    outer loop
      vertex -3.74463 22.4915 54
      vertex -3.90584 22.7346 54
      vertex -3.89956 22.7276 54
    endloop
  endfacet
  facet normal -0 -0 -1
    outer loop
      vertex -4.09159 22.9218 54
      vertex -3.90584 22.7346 54
      vertex -4.48474 23.1089 54
    endloop
  endfacet
  facet normal 0 0 -1
    outer loop
      vertex -3.90584 22.7346 54
      vertex -4.09159 22.9218 54
      vertex -4.08631 22.918 54
    endloop
  endfacet
  facet normal 0 0 -1
    outer loop
      vertex -4.09159 22.9218 54
      vertex -4.48474 23.1089 54
      vertex -4.28949 23.0439 54
    endloop
  endfacet
  facet normal 0 0 -1
    outer loop
      vertex -4.28949 23.0439 54
      vertex -4.48474 23.1089 54
      vertex -4.29256 23.0453 54
    endloop
  endfacet
  facet normal 0 0 -1
    outer loop
      vertex -4.29256 23.0453 54
      vertex -4.48474 23.1089 54
      vertex -4.48145 23.1082 54
    endloop
  endfacet
  facet normal 0 0 -1
    outer loop
      vertex -3.48264 -17.3376 54
      vertex -3.42692 -14.2782 54
      vertex -3.42765 -14.5711 54
    endloop
  endfacet
  facet normal -0 0 -1
    outer loop
      vertex -3.42692 -14.2782 54
      vertex -3.48264 -17.3376 54
      vertex -3.42692 9.80939 54
    endloop
  endfacet
  facet normal 0 0 -1
    outer loop
      vertex -3.48264 -17.3376 54
      vertex -3.42765 -14.5711 54
      vertex -3.42831 -14.8352 54
    endloop
  endfacet
  facet normal -0 0 -1
    outer loop
      vertex -3.42692 9.80939 54
      vertex -3.48264 -17.3376 54
      vertex -3.42765 10.1053 54
    endloop
  endfacet
  facet normal 0 0 -1
    outer loop
      vertex -3.48264 -17.3376 54
      vertex -3.42831 -14.8352 54
      vertex -3.42849 -14.8716 54
    endloop
  endfacet
  facet normal -0 0 -1
    outer loop
      vertex -3.42765 10.1053 54
      vertex -3.48264 -17.3376 54
      vertex -3.42831 10.3722 54
    endloop
  endfacet
  facet normal 0 0 -1
    outer loop
      vertex -3.48264 -17.3376 54
      vertex -3.42849 -14.8716 54
      vertex -3.43042 -15.1324 54
    endloop
  endfacet
  facet normal -0 0 -1
    outer loop
      vertex -3.42831 10.3722 54
      vertex -3.48264 -17.3376 54
      vertex -3.42849 10.4092 54
    endloop
  endfacet
  facet normal 0 0 -1
    outer loop
      vertex -3.48264 -17.3376 54
      vertex -3.43042 -15.1324 54
      vertex -3.43256 -15.4202 54
    endloop
  endfacet
  facet normal -0 0 -1
    outer loop
      vertex -3.42849 10.4092 54
      vertex -3.48264 -17.3376 54
      vertex -3.43042 10.6782 54
    endloop
  endfacet
  facet normal 0 0 -1
    outer loop
      vertex -3.48264 -17.3376 54
      vertex -3.43256 -15.4202 54
      vertex -3.43292 -15.4564 54
    endloop
  endfacet
  facet normal -0 0 -1
    outer loop
      vertex -3.43042 10.6782 54
      vertex -3.48264 -17.3376 54
      vertex -3.43256 10.9748 54
    endloop
  endfacet
  facet normal 0 0 -1
    outer loop
      vertex -3.48264 -17.3376 54
      vertex -3.43292 -15.4564 54
      vertex -3.43604 -15.701 54
    endloop
  endfacet
  facet normal -0 0 -1
    outer loop
      vertex -3.43256 10.9748 54
      vertex -3.48264 -17.3376 54
      vertex -3.43292 11.0125 54
    endloop
  endfacet
  facet normal 0 0 -1
    outer loop
      vertex -3.48264 -17.3376 54
      vertex -3.43604 -15.701 54
      vertex -3.43947 -15.9701 54
    endloop
  endfacet
  facet normal -0 0 -1
    outer loop
      vertex -3.43292 11.0125 54
      vertex -3.48264 -17.3376 54
      vertex -3.43604 11.2701 54
    endloop
  endfacet
  facet normal 0 0 -1
    outer loop
      vertex -3.48264 -17.3376 54
      vertex -3.43947 -15.9701 54
      vertex -3.44002 -16.0051 54
    endloop
  endfacet
  facet normal -0 0 -1
    outer loop
      vertex -3.43604 11.2701 54
      vertex -3.48264 -17.3376 54
      vertex -3.43947 11.5536 54
    endloop
  endfacet
  facet normal 0 0 -1
    outer loop
      vertex -3.48264 -17.3376 54
      vertex -3.44002 -16.0051 54
      vertex -3.44458 -16.2451 54
    endloop
  endfacet
  facet normal -0 0 -1
    outer loop
      vertex -3.43947 11.5536 54
      vertex -3.48264 -17.3376 54
      vertex -3.44002 11.5909 54
    endloop
  endfacet
  facet normal 0 0 -1
    outer loop
      vertex -3.48264 -17.3376 54
      vertex -3.44458 -16.2451 54
      vertex -3.44868 -16.4601 54
    endloop
  endfacet
  facet normal -0 0 -1
    outer loop
      vertex -3.44002 11.5909 54
      vertex -3.48264 -17.3376 54
      vertex -3.44458 11.8499 54
    endloop
  endfacet
  facet normal 0 0 -1
    outer loop
      vertex -3.48264 -17.3376 54
      vertex -3.44868 -16.4601 54
      vertex -3.44941 -16.4924 54
    endloop
  endfacet
  facet normal -0 0 -1
    outer loop
      vertex -3.44458 11.8499 54
      vertex -3.48264 -17.3376 54
      vertex -3.44868 12.082 54
    endloop
  endfacet
  facet normal 0 0 -1
    outer loop
      vertex -3.48264 -17.3376 54
      vertex -3.44941 -16.4924 54
      vertex -3.45486 -16.6909 54
    endloop
  endfacet
  facet normal -0 0 -1
    outer loop
      vertex -3.44868 12.082 54
      vertex -3.48264 -17.3376 54
      vertex -3.44941 12.1173 54
    endloop
  endfacet
  facet normal 0 0 -1
    outer loop
      vertex -3.48264 -17.3376 54
      vertex -3.45486 -16.6909 54
      vertex -3.45974 -16.8685 54
    endloop
  endfacet
  facet normal -0 0 -1
    outer loop
      vertex -3.44941 12.1173 54
      vertex -3.48264 -17.3376 54
      vertex -3.45486 12.3385 54
    endloop
  endfacet
  facet normal 0 0 -1
    outer loop
      vertex -3.48264 -17.3376 54
      vertex -3.45974 -16.8685 54
      vertex -3.46066 -16.8962 54
    endloop
  endfacet
  facet normal -0 0 -1
    outer loop
      vertex -3.45486 12.3385 54
      vertex -3.48264 -17.3376 54
      vertex -3.45974 12.5364 54
    endloop
  endfacet
  facet normal 0 0 -1
    outer loop
      vertex -3.48264 -17.3376 54
      vertex -3.46066 -16.8962 54
      vertex -3.46614 -17.0307 54
    endloop
  endfacet
  facet normal -0 0 -1
    outer loop
      vertex -3.45974 12.5364 54
      vertex -3.48264 -17.3376 54
      vertex -3.46066 12.568 54
    endloop
  endfacet
  facet normal 0 0 -1
    outer loop
      vertex -3.47959 -17.2927 54
      vertex -3.46614 -17.0307 54
      vertex -3.47213 -17.178 54
    endloop
  endfacet
  facet normal 0 0 -1
    outer loop
      vertex -3.48264 -17.3376 54
      vertex -3.46614 -17.0307 54
      vertex -3.47959 -17.2927 54
    endloop
  endfacet
  facet normal 0 0 -1
    outer loop
      vertex -3.47959 -17.2927 54
      vertex -3.47213 -17.178 54
      vertex -3.47322 -17.199 54
    endloop
  endfacet
  facet normal -0 0 -1
    outer loop
      vertex -3.46066 12.568 54
      vertex -3.48264 -17.3376 54
      vertex -3.46614 12.7253 54
    endloop
  endfacet
  facet normal 0 0 -1
    outer loop
      vertex -3.48264 13.101 54
      vertex -3.46614 12.7253 54
      vertex -3.48264 -17.3376 54
    endloop
  endfacet
  facet normal 0 0 -1
    outer loop
      vertex -3.46614 12.7253 54
      vertex -3.47959 13.0434 54
      vertex -3.47213 12.8976 54
    endloop
  endfacet
  facet normal 0 0 -1
    outer loop
      vertex -3.47213 12.8976 54
      vertex -3.47959 13.0434 54
      vertex -3.47322 12.9231 54
    endloop
  endfacet
  facet normal 0 0 -1
    outer loop
      vertex -3.46614 12.7253 54
      vertex -3.48264 13.101 54
      vertex -3.47959 13.0434 54
    endloop
  endfacet
  facet normal -0 0 1
    outer loop
      vertex -5.74975 23.5 7
      vertex -1.75 -0.591211 7
      vertex -1.75 23.5 7
    endloop
  endfacet
  facet normal 0 0 1
    outer loop
      vertex -5.74975 -19.5 7
      vertex -1.75 -0.591211 7
      vertex -5.74975 23.5 7
    endloop
  endfacet
  facet normal 0 0 1
    outer loop
      vertex -1.75 -0.591211 7
      vertex -5.74975 -19.5 7
      vertex -2.04 -16.4666 7
    endloop
  endfacet
  facet normal 0 0 1
    outer loop
      vertex -2.04 -16.4666 7
      vertex -5.74975 -19.5 7
      vertex -3.79132 -19.5 7
    endloop
  endfacet
  facet normal 0 0 1
    outer loop
      vertex 20 -5.92 7
      vertex 26.5373 1.48946e-07 7
      vertex 20 5.92 7
    endloop
  endfacet
  facet normal 0 0 1
    outer loop
      vertex 26.5373 1.48946e-07 7
      vertex 20 -5.92 7
      vertex 23.5334 -7.96 7
    endloop
  endfacet
  facet normal 0 0 1
    outer loop
      vertex 6.25 -0.591211 7
      vertex 20 5.92 7
      vertex 16.4666 7.96 7
    endloop
  endfacet
  facet normal 0 0 1
    outer loop
      vertex 20 5.92 7
      vertex 6.25 -0.591211 7
      vertex 20 -5.92 7
    endloop
  endfacet
  facet normal 0 0 1
    outer loop
      vertex 26.2038 20.4349 7
      vertex 27.6974 18.3417 7
      vertex 27.6525 18.769 7
    endloop
  endfacet
  facet normal 0 0 1
    outer loop
      vertex 27.6401 18.8301 7
      vertex 27.6525 18.769 7
      vertex 27.6483 18.8003 7
    endloop
  endfacet
  facet normal 0 0 1
    outer loop
      vertex 27.6525 18.769 7
      vertex 27.6401 18.8301 7
      vertex 26.2038 20.4349 7
    endloop
  endfacet
  facet normal 0 0 1
    outer loop
      vertex 26.2038 20.4349 7
      vertex 27.6401 18.8301 7
      vertex 27.5074 19.2385 7
    endloop
  endfacet
  facet normal 0 0 1
    outer loop
      vertex 26.2038 20.4349 7
      vertex 27.5074 19.2385 7
      vertex 27.4955 19.2654 7
    endloop
  endfacet
  facet normal 0 0 1
    outer loop
      vertex 26.2038 20.4349 7
      vertex 27.4955 19.2654 7
      vertex 27.2809 19.6372 7
    endloop
  endfacet
  facet normal 0 0 1
    outer loop
      vertex 26.9788 19.979 7
      vertex 27.2809 19.6372 7
      vertex 27.2659 19.6601 7
    endloop
  endfacet
  facet normal 0 0 1
    outer loop
      vertex 27.2809 19.6372 7
      vertex 26.9788 19.979 7
      vertex 26.2038 20.4349 7
    endloop
  endfacet
  facet normal 0 0 1
    outer loop
      vertex 26.6144 20.2488 7
      vertex 26.9788 19.979 7
      vertex 26.9613 19.9967 7
    endloop
  endfacet
  facet normal 0 0 1
    outer loop
      vertex 26.9788 19.979 7
      vertex 26.6144 20.2488 7
      vertex 26.2038 20.4349 7
    endloop
  endfacet
  facet normal 0 0 1
    outer loop
      vertex 26.2038 20.4349 7
      vertex 26.6144 20.2488 7
      vertex 26.5952 20.2606 7
    endloop
  endfacet
  facet normal 0 0 1
    outer loop
      vertex 27.6974 18.3417 7
      vertex 23.5334 12.04 7
      vertex 23.5334 7.96 7
    endloop
  endfacet
  facet normal -0 0 1
    outer loop
      vertex 23.5334 -7.96 7
      vertex 26.5373 -17.9237 7
      vertex 26.5373 1.48946e-07 7
    endloop
  endfacet
  facet normal -0 0 1
    outer loop
      vertex 23.5334 -12.04 7
      vertex 26.5373 -17.9237 7
      vertex 23.5334 -7.96 7
    endloop
  endfacet
  facet normal 0 0 1
    outer loop
      vertex 27.6974 0.699998 7
      vertex 23.5334 7.96 7
      vertex 26.5373 1.48946e-07 7
    endloop
  endfacet
  facet normal -0 0 1
    outer loop
      vertex 20 5.92 7
      vertex 26.5373 1.48946e-07 7
      vertex 23.5334 7.96 7
    endloop
  endfacet
  facet normal -0 0 1
    outer loop
      vertex 20 -14.08 7
      vertex 26.5373 -17.9237 7
      vertex 23.5334 -12.04 7
    endloop
  endfacet
  facet normal 0 -0 1
    outer loop
      vertex 25.9581 -19.5 7
      vertex 26.5373 -17.9237 7
      vertex 20 -14.08 7
    endloop
  endfacet
  facet normal 0 0 1
    outer loop
      vertex 27.6974 18.3417 7
      vertex 26.2038 20.4349 7
      vertex 20 14.08 7
    endloop
  endfacet
  facet normal 0 0 1
    outer loop
      vertex 26.5373 -17.9237 7
      vertex 25.9581 -19.5 7
      vertex 26.4873 -18.4 7
    endloop
  endfacet
  facet normal 0 -0 1
    outer loop
      vertex 26.4739 -18.466 7
      vertex 26.4873 -18.4 7
      vertex 25.9581 -19.5 7
    endloop
  endfacet
  facet normal 0 0 1
    outer loop
      vertex 26.4873 -18.4 7
      vertex 26.4739 -18.466 7
      vertex 26.4828 -18.4337 7
    endloop
  endfacet
  facet normal 0 0 1
    outer loop
      vertex 27.6974 18.3417 7
      vertex 23.5334 7.96 7
      vertex 27.6974 0.699998 7
    endloop
  endfacet
  facet normal 0 0 1
    outer loop
      vertex 27.6974 18.3417 7
      vertex 20 14.08 7
      vertex 23.5334 12.04 7
    endloop
  endfacet
  facet normal 0 0 1
    outer loop
      vertex 17.0083 23.5 7
      vertex 20 14.08 7
      vertex 26.2038 20.4349 7
    endloop
  endfacet
  facet normal 0 0 1
    outer loop
      vertex 17.0083 23.5 7
      vertex 16.4666 12.04 7
      vertex 20 14.08 7
    endloop
  endfacet
  facet normal 0 0 1
    outer loop
      vertex 6.25 -0.591211 7
      vertex 16.4666 7.96 7
      vertex 16.4666 12.04 7
    endloop
  endfacet
  facet normal 0 0 1
    outer loop
      vertex 20 -5.92 7
      vertex 6.25 -0.591211 7
      vertex 16.4666 -7.96 7
    endloop
  endfacet
  facet normal 0 0 1
    outer loop
      vertex 6.25 -0.591211 7
      vertex 16.4666 12.04 7
      vertex 6.25 23.5 7
    endloop
  endfacet
  facet normal -0 0 1
    outer loop
      vertex 6.25 23.5 7
      vertex 16.4666 12.04 7
      vertex 17.0083 23.5 7
    endloop
  endfacet
  facet normal 0 0 1
    outer loop
      vertex 26.4739 -18.466 7
      vertex 25.9581 -19.5 7
      vertex 26.326 -18.9212 7
    endloop
  endfacet
  facet normal 0 0 1
    outer loop
      vertex 26.326 -18.9212 7
      vertex 25.9581 -19.5 7
      vertex 26.3132 -18.9503 7
    endloop
  endfacet
  facet normal 0 0 1
    outer loop
      vertex 26.3132 -18.9503 7
      vertex 25.9581 -19.5 7
      vertex 26.0739 -19.3647 7
    endloop
  endfacet
  facet normal 0 0 1
    outer loop
      vertex 26.0739 -19.3647 7
      vertex 25.9581 -19.5 7
      vertex 26.0577 -19.3895 7
    endloop
  endfacet
  facet normal 0 0 1
    outer loop
      vertex 3.79132 -19.5 7
      vertex 20 -14.08 7
      vertex 16.4666 -12.04 7
    endloop
  endfacet
  facet normal 0 0 1
    outer loop
      vertex 2.04 -16.4666 7
      vertex 16.4666 -7.96 7
      vertex 6.25 -0.591211 7
    endloop
  endfacet
  facet normal 0 0 1
    outer loop
      vertex 20 -14.08 7
      vertex 3.79132 -19.5 7
      vertex 25.9581 -19.5 7
    endloop
  endfacet
  facet normal 0 0 1
    outer loop
      vertex 16.4666 -7.96 7
      vertex 2.04 -16.4666 7
      vertex 16.4666 -12.04 7
    endloop
  endfacet
  facet normal 0 0 1
    outer loop
      vertex 16.4666 -12.04 7
      vertex 2.04 -16.4666 7
      vertex 3.79132 -19.5 7
    endloop
  endfacet
  facet normal -0 0 1
    outer loop
      vertex -1.75 -0.591211 7
      vertex 2.04 -16.4666 7
      vertex 6.25 -0.591211 7
    endloop
  endfacet
  facet normal 0 0 1
    outer loop
      vertex 2.04 -16.4666 7
      vertex -1.75 -0.591211 7
      vertex -2.04 -16.4666 7
    endloop
  endfacet
  facet normal 0 0.104759 -0.994498
    outer loop
      vertex -5.74975 -19.7079 53.9781
      vertex -3.48264 -19.5 54
      vertex -3.46868 -19.7079 53.9781
    endloop
  endfacet
  facet normal 0 0.104759 -0.994498
    outer loop
      vertex -3.48264 -19.5 54
      vertex -5.74975 -19.7079 53.9781
      vertex -5.74975 -19.5 54
    endloop
  endfacet
  facet normal 0 0.499791 -0.866146
    outer loop
      vertex -5.74975 -20.0878 53.809
      vertex -3.42742 -19.9067 53.9135
      vertex -3.36066 -20.0878 53.809
    endloop
  endfacet
  facet normal 0 0.499791 -0.866146
    outer loop
      vertex -3.42742 -19.9067 53.9135
      vertex -5.74975 -20.0878 53.809
      vertex -5.74975 -19.9067 53.9135
    endloop
  endfacet
  facet normal 0 -0.499863 0.866104
    outer loop
      vertex 6.25 23.9067 7.08646
      vertex 13.2833 24.0878 7.19098
      vertex 6.25 24.0878 7.19098
    endloop
  endfacet
  facet normal 8.92947e-07 -0.499889 0.866089
    outer loop
      vertex 13.2833 24.0878 7.19098
      vertex 6.25 23.9067 7.08646
      vertex 13.5144 24.0168 7.15
    endloop
  endfacet
  facet normal 0 -0.499845 0.866115
    outer loop
      vertex 13.5144 24.0168 7.15
      vertex 6.25 23.9067 7.08646
      vertex 14.6679 23.9067 7.08646
    endloop
  endfacet
  facet normal 0 -0.499863 0.866104
    outer loop
      vertex -5.74975 24.0878 7.19098
      vertex -1.75 23.9067 7.08646
      vertex -1.75 24.0878 7.19098
    endloop
  endfacet
  facet normal 0 -0.499863 0.866104
    outer loop
      vertex -1.75 23.9067 7.08646
      vertex -5.74975 24.0878 7.19098
      vertex -5.74975 23.9067 7.08646
    endloop
  endfacet
  facet normal 0 -0.104523 0.994522
    outer loop
      vertex 6.25 23.5 7
      vertex 16.1015 23.7079 7.02185
      vertex 6.25 23.7079 7.02185
    endloop
  endfacet
  facet normal 0 -0.104523 0.994522
    outer loop
      vertex 16.1015 23.7079 7.02185
      vertex 6.25 23.5 7
      vertex 17.0083 23.5 7
    endloop
  endfacet
  facet normal 0 -0.104523 0.994522
    outer loop
      vertex -5.74975 23.7079 7.02185
      vertex -1.75 23.5 7
      vertex -1.75 23.7079 7.02185
    endloop
  endfacet
  facet normal 0 -0.104523 0.994522
    outer loop
      vertex -1.75 23.5 7
      vertex -5.74975 23.7079 7.02185
      vertex -5.74975 23.5 7
    endloop
  endfacet
  facet normal -0 0.104523 0.994522
    outer loop
      vertex -5.74975 -19.5 7
      vertex -3.91136 -19.7079 7.02185
      vertex -3.79132 -19.5 7
    endloop
  endfacet
  facet normal 0 0.104523 0.994522
    outer loop
      vertex -3.91136 -19.7079 7.02185
      vertex -5.74975 -19.5 7
      vertex -5.74975 -19.7079 7.02185
    endloop
  endfacet
  facet normal -0 0.104523 0.994522
    outer loop
      vertex 3.79132 -19.5 7
      vertex 25.7584 -19.7079 7.02185
      vertex 25.9581 -19.5 7
    endloop
  endfacet
  facet normal 0 0.104523 0.994522
    outer loop
      vertex 25.7584 -19.7079 7.02185
      vertex 3.79132 -19.5 7
      vertex 3.91136 -19.7079 7.02185
    endloop
  endfacet
  facet normal 0 -0.913421 0.407017
    outer loop
      vertex -5.74975 24.366 7.5
      vertex -1.75 24.4511 7.69098
      vertex -5.74975 24.4511 7.69098
    endloop
  endfacet
  facet normal 0 -0.913421 0.407017
    outer loop
      vertex -1.75 24.4511 7.69098
      vertex -5.74975 24.366 7.5
      vertex -1.75 24.366 7.5
    endloop
  endfacet
  facet normal 0 -0.913421 0.407017
    outer loop
      vertex 6.25 24.366 7.5
      vertex 11.9724 24.4511 7.69098
      vertex 6.25 24.4511 7.69098
    endloop
  endfacet
  facet normal 0 -0.913421 0.407017
    outer loop
      vertex 11.9724 24.4511 7.69098
      vertex 6.25 24.366 7.5
      vertex 12.3119 24.366 7.5
    endloop
  endfacet
  facet normal 0 1 0
    outer loop
      vertex -1.84975 -20.4945 51.4435
      vertex -5.74975 -20.4945 53.1045
      vertex -2.91068 -20.4945 53.1045
    endloop
  endfacet
  facet normal 0 1 0
    outer loop
      vertex -3.21202 -20.4945 17.499
      vertex -1.84975 -20.4945 51.4435
      vertex -1.84975 -20.4945 17.499
    endloop
  endfacet
  facet normal 0 1 0
    outer loop
      vertex -1.84975 -20.4945 51.4435
      vertex -3.21202 -20.4945 17.499
      vertex -5.74975 -20.4945 53.1045
    endloop
  endfacet
  facet normal 0 1 0
    outer loop
      vertex -5.74975 -20.4945 7.89547
      vertex -3.21202 -20.4945 17.499
      vertex -3.99567 -20.4945 7.89547
    endloop
  endfacet
  facet normal 0 1 0
    outer loop
      vertex -3.21202 -20.4945 17.499
      vertex -5.74975 -20.4945 7.89547
      vertex -5.74975 -20.4945 53.1045
    endloop
  endfacet
  facet normal 0 1 0
    outer loop
      vertex 3.99567 -20.4945 7.89547
      vertex 23.8542 -20.4945 9
      vertex 24.4805 -20.4945 7.89547
    endloop
  endfacet
  facet normal 0 1 0
    outer loop
      vertex 23.8542 -20.4945 9
      vertex 3.99567 -20.4945 7.89547
      vertex 3.90554 -20.4945 9
    endloop
  endfacet
  facet normal -0 0.309086 0.951034
    outer loop
      vertex -5.74975 -19.7079 7.02185
      vertex -4.02615 -19.9067 7.08646
      vertex -3.91136 -19.7079 7.02185
    endloop
  endfacet
  facet normal 0 0.309086 0.951034
    outer loop
      vertex -4.02615 -19.9067 7.08646
      vertex -5.74975 -19.7079 7.02185
      vertex -5.74975 -19.9067 7.08646
    endloop
  endfacet
  facet normal 0.0151198 0.293743 0.955765
    outer loop
      vertex 25.7584 -19.7079 7.02185
      vertex 25.6928 -19.7668 7.04099
      vertex 25.7159 -19.7471 7.03457
    endloop
  endfacet
  facet normal 0.000811969 0.308231 0.951311
    outer loop
      vertex 25.7584 -19.7079 7.02185
      vertex 25.5271 -19.9067 7.08646
      vertex 25.6928 -19.7668 7.04099
    endloop
  endfacet
  facet normal -0 0.309086 0.951034
    outer loop
      vertex 3.91136 -19.7079 7.02185
      vertex 25.5271 -19.9067 7.08646
      vertex 25.7584 -19.7079 7.02185
    endloop
  endfacet
  facet normal 0 0.309086 0.951034
    outer loop
      vertex 25.5271 -19.9067 7.08646
      vertex 3.91136 -19.7079 7.02185
      vertex 4.02615 -19.9067 7.08646
    endloop
  endfacet
  facet normal 0 0.499814 0.866133
    outer loop
      vertex -4.02615 -19.9067 7.08646
      vertex -5.74975 -19.9067 7.08646
      vertex -4.08 -20 7.1403
    endloop
  endfacet
  facet normal 3.70052e-06 0.499863 0.866104
    outer loop
      vertex -5.74975 -20.0878 7.19098
      vertex -4.08 -20 7.1403
      vertex -5.74975 -19.9067 7.08646
    endloop
  endfacet
  facet normal 0 0.499916 0.866074
    outer loop
      vertex -4.08 -20 7.1403
      vertex -5.74975 -20.0878 7.19098
      vertex -4.02932 -20.0878 7.19098
    endloop
  endfacet
  facet normal -0 0.499863 0.866104
    outer loop
      vertex 4.02615 -19.9067 7.08646
      vertex 25.2868 -20.0878 7.19098
      vertex 25.5271 -19.9067 7.08646
    endloop
  endfacet
  facet normal -5.6693e-07 0.499813 0.866133
    outer loop
      vertex 25.2868 -20.0878 7.19098
      vertex 4.02615 -19.9067 7.08646
      vertex 4.08 -20 7.1403
    endloop
  endfacet
  facet normal 0 0.499916 0.866074
    outer loop
      vertex 25.2868 -20.0878 7.19098
      vertex 4.08 -20 7.1403
      vertex 4.02932 -20.0878 7.19098
    endloop
  endfacet
  facet normal 0 -1 0
    outer loop
      vertex -5.74975 24.4945 43.4988
      vertex -3.91826 24.4945 43.3238
      vertex -4.03442 24.4945 43.4988
    endloop
  endfacet
  facet normal 0 -1 0
    outer loop
      vertex -5.74975 24.4945 43.4988
      vertex -1.84975 24.4945 38.647
      vertex -3.91826 24.4945 43.3238
    endloop
  endfacet
  facet normal 0 -1 0
    outer loop
      vertex -5.74975 24.4945 7.89547
      vertex -1.84975 24.4945 38.647
      vertex -5.74975 24.4945 43.4988
    endloop
  endfacet
  facet normal 0 -1 -0
    outer loop
      vertex -1.84975 24.4945 38.647
      vertex -5.74975 24.4945 7.89547
      vertex -1.84975 24.4945 9
    endloop
  endfacet
  facet normal 0 -1 0
    outer loop
      vertex -1.75 24.4945 7.89547
      vertex -1.84975 24.4945 9
      vertex -5.74975 24.4945 7.89547
    endloop
  endfacet
  facet normal 0 -1 0
    outer loop
      vertex -1.84975 24.4945 9
      vertex -1.75 24.4945 7.89547
      vertex -1.75 24.4945 9
    endloop
  endfacet
  facet normal 0 -1 0
    outer loop
      vertex 6.25 24.4945 7.89547
      vertex 11.263 24.4945 9
      vertex 6.25 24.4945 9
    endloop
  endfacet
  facet normal 0 -1 -0
    outer loop
      vertex 11.263 24.4945 9
      vertex 6.25 24.4945 7.89547
      vertex 11.7515 24.4945 7.89547
    endloop
  endfacet
  facet normal 0 -0.309086 0.951034
    outer loop
      vertex -5.74975 23.9067 7.08646
      vertex -1.75 23.7079 7.02185
      vertex -1.75 23.9067 7.08646
    endloop
  endfacet
  facet normal 0 -0.309086 0.951034
    outer loop
      vertex -1.75 23.7079 7.02185
      vertex -5.74975 23.9067 7.08646
      vertex -5.74975 23.7079 7.02185
    endloop
  endfacet
  facet normal 0 -0.309086 0.951034
    outer loop
      vertex 6.25 23.7079 7.02185
      vertex 14.6679 23.9067 7.08646
      vertex 6.25 23.9067 7.08646
    endloop
  endfacet
  facet normal 0 -0.309086 0.951034
    outer loop
      vertex 14.6679 23.9067 7.08646
      vertex 6.25 23.7079 7.02185
      vertex 16.1015 23.7079 7.02185
    endloop
  endfacet
  facet normal 0 -0.808972 0.587847
    outer loop
      vertex -5.74975 24.2431 7.33087
      vertex -1.75 24.366 7.5
      vertex -5.74975 24.366 7.5
    endloop
  endfacet
  facet normal 0 -0.808972 0.587847
    outer loop
      vertex -1.75 24.366 7.5
      vertex -5.74975 24.2431 7.33087
      vertex -1.75 24.2431 7.33087
    endloop
  endfacet
  facet normal 0 -0.808972 0.587847
    outer loop
      vertex 6.25 24.2431 7.33087
      vertex 12.3119 24.366 7.5
      vertex 6.25 24.366 7.5
    endloop
  endfacet
  facet normal 0 -0.808972 0.587847
    outer loop
      vertex 12.3119 24.366 7.5
      vertex 6.25 24.2431 7.33087
      vertex 12.7554 24.2431 7.33087
    endloop
  endfacet
  facet normal 0 0.669282 0.743009
    outer loop
      vertex -5.74975 -20.2431 7.33087
      vertex -4.02932 -20.0878 7.19098
      vertex -5.74975 -20.0878 7.19098
    endloop
  endfacet
  facet normal 0 0.669282 0.743009
    outer loop
      vertex -4.02932 -20.0878 7.19098
      vertex -5.74975 -20.2431 7.33087
      vertex -3.93962 -20.2431 7.33087
    endloop
  endfacet
  facet normal -0 0.669282 0.743009
    outer loop
      vertex 4.02932 -20.0878 7.19098
      vertex 25.0521 -20.2431 7.33087
      vertex 25.2868 -20.0878 7.19098
    endloop
  endfacet
  facet normal 0 0.669282 0.743009
    outer loop
      vertex 25.0521 -20.2431 7.33087
      vertex 4.02932 -20.0878 7.19098
      vertex 3.93962 -20.2431 7.33087
    endloop
  endfacet
  facet normal 0 0.808911 0.587931
    outer loop
      vertex -3.86909 -20.3653 7.499
      vertex -3.93962 -20.2431 7.33087
      vertex -4.04161 -20.3653 7.499
    endloop
  endfacet
  facet normal 0 0.819232 0.573462
    outer loop
      vertex -4.04161 -20.3653 7.499
      vertex -5.74975 -20.366 7.5
      vertex -4.04145 -20.366 7.5
    endloop
  endfacet
  facet normal -0 0.808911 0.587931
    outer loop
      vertex -5.74975 -20.2431 7.33087
      vertex -4.04161 -20.3653 7.499
      vertex -3.93962 -20.2431 7.33087
    endloop
  endfacet
  facet normal 1.26261e-05 0.808972 0.587847
    outer loop
      vertex -4.04161 -20.3653 7.499
      vertex -5.74975 -20.2431 7.33087
      vertex -5.74975 -20.366 7.5
    endloop
  endfacet
  facet normal 0 0.819232 0.573462
    outer loop
      vertex 24.8333 -20.366 7.5
      vertex 4.04161 -20.3653 7.499
      vertex 4.04145 -20.366 7.5
    endloop
  endfacet
  facet normal -0 0.808972 0.587847
    outer loop
      vertex 3.93962 -20.2431 7.33087
      vertex 24.8333 -20.366 7.5
      vertex 25.0521 -20.2431 7.33087
    endloop
  endfacet
  facet normal -1.04342e-06 0.808911 0.587932
    outer loop
      vertex 24.8333 -20.366 7.5
      vertex 3.93962 -20.2431 7.33087
      vertex 4.04161 -20.3653 7.499
    endloop
  endfacet
  facet normal 0 0.808911 0.587931
    outer loop
      vertex 4.04161 -20.3653 7.499
      vertex 3.93962 -20.2431 7.33087
      vertex 3.86909 -20.3653 7.499
    endloop
  endfacet
  facet normal 0 -0.669282 0.743009
    outer loop
      vertex 6.25 24.0878 7.19098
      vertex 12.7554 24.2431 7.33087
      vertex 6.25 24.2431 7.33087
    endloop
  endfacet
  facet normal 0 -0.669282 0.743009
    outer loop
      vertex 12.7554 24.2431 7.33087
      vertex 6.25 24.0878 7.19098
      vertex 13.2833 24.0878 7.19098
    endloop
  endfacet
  facet normal 0 -0.669282 0.743009
    outer loop
      vertex -5.74975 24.2431 7.33087
      vertex -1.75 24.0878 7.19098
      vertex -1.75 24.2431 7.33087
    endloop
  endfacet
  facet normal 0 -0.669282 0.743009
    outer loop
      vertex -1.75 24.0878 7.19098
      vertex -5.74975 24.2431 7.33087
      vertex -5.74975 24.0878 7.19098
    endloop
  endfacet
  facet normal 0 -0.978211 0.207611
    outer loop
      vertex 6.25 24.4511 7.69098
      vertex 11.7515 24.4945 7.89547
      vertex 6.25 24.4945 7.89547
    endloop
  endfacet
  facet normal 0 -0.978211 0.207611
    outer loop
      vertex 11.7515 24.4945 7.89547
      vertex 6.25 24.4511 7.69098
      vertex 11.9724 24.4511 7.69098
    endloop
  endfacet
  facet normal 0 -0.978211 0.207611
    outer loop
      vertex -5.74975 24.4511 7.69098
      vertex -1.75 24.4945 7.89547
      vertex -5.74975 24.4945 7.89547
    endloop
  endfacet
  facet normal 0 -0.978211 0.207611
    outer loop
      vertex -1.75 24.4945 7.89547
      vertex -5.74975 24.4511 7.69098
      vertex -1.75 24.4511 7.69098
    endloop
  endfacet
  facet normal 0 0.913436 -0.406981
    outer loop
      vertex -5.74975 -20.4511 53.309
      vertex -3.16328 -20.366 53.5
      vertex -3.0413 -20.4511 53.309
    endloop
  endfacet
  facet normal 0 0.913436 -0.406981
    outer loop
      vertex -3.16328 -20.366 53.5
      vertex -5.74975 -20.4511 53.309
      vertex -5.74975 -20.366 53.5
    endloop
  endfacet
  facet normal 0 0.978211 0.207611
    outer loop
      vertex -4.01693 -20.4511 7.69098
      vertex -5.74975 -20.4945 7.89547
      vertex -3.99567 -20.4945 7.89547
    endloop
  endfacet
  facet normal 0 0.978211 0.207611
    outer loop
      vertex -5.74975 -20.4945 7.89547
      vertex -4.01693 -20.4511 7.69098
      vertex -5.74975 -20.4511 7.69098
    endloop
  endfacet
  facet normal -0 0.978211 0.207611
    outer loop
      vertex 4.01693 -20.4511 7.69098
      vertex 24.4805 -20.4945 7.89547
      vertex 24.64 -20.4511 7.69098
    endloop
  endfacet
  facet normal 0 0.978211 0.207611
    outer loop
      vertex 24.4805 -20.4945 7.89547
      vertex 4.01693 -20.4511 7.69098
      vertex 3.99567 -20.4945 7.89547
    endloop
  endfacet
  facet normal 0 0.913421 0.407017
    outer loop
      vertex -4.04145 -20.366 7.5
      vertex -5.74975 -20.4511 7.69098
      vertex -4.01693 -20.4511 7.69098
    endloop
  endfacet
  facet normal 0 0.913421 0.407017
    outer loop
      vertex -5.74975 -20.4511 7.69098
      vertex -4.04145 -20.366 7.5
      vertex -5.74975 -20.366 7.5
    endloop
  endfacet
  facet normal -0 0.913421 0.407017
    outer loop
      vertex 4.04145 -20.366 7.5
      vertex 24.64 -20.4511 7.69098
      vertex 24.8333 -20.366 7.5
    endloop
  endfacet
  facet normal 0 0.913421 0.407017
    outer loop
      vertex 24.64 -20.4511 7.69098
      vertex 4.04145 -20.366 7.5
      vertex 4.01693 -20.4511 7.69098
    endloop
  endfacet
  facet normal 1 0 0
    outer loop
      vertex -5.74975 -9.03326 42.5325
      vertex -5.74975 -14.7 46.6144
      vertex -5.74975 -10.9217 40.4351
    endloop
  endfacet
  facet normal 1 0 0
    outer loop
      vertex -5.74975 -13.5 32.5
      vertex -5.74975 -13.935 17.3327
      vertex -5.74975 -13.9 17
    endloop
  endfacet
  facet normal 1 -0 0
    outer loop
      vertex -5.74975 -15.0056 46.4783
      vertex -5.74975 -10.9217 40.4351
      vertex -5.74975 -14.7 46.6144
    endloop
  endfacet
  facet normal 1 0 0
    outer loop
      vertex -5.74975 -13.5 32.5
      vertex -5.74975 -14.0383 17.6508
      vertex -5.74975 -13.935 17.3327
    endloop
  endfacet
  facet normal 1 -0 0
    outer loop
      vertex -5.74975 -15.3328 46.4088
      vertex -5.74975 -10.9217 40.4351
      vertex -5.74975 -15.0056 46.4783
    endloop
  endfacet
  facet normal 1 0 0
    outer loop
      vertex -5.74975 -13.5 32.5
      vertex -5.74975 -14.2056 17.9405
      vertex -5.74975 -14.0383 17.6508
    endloop
  endfacet
  facet normal 1 -0 0
    outer loop
      vertex -5.74975 -15.6672 46.4088
      vertex -5.74975 -10.9217 40.4351
      vertex -5.74975 -15.3328 46.4088
    endloop
  endfacet
  facet normal 1 0 0
    outer loop
      vertex -5.74975 -13.5 32.5
      vertex -5.74975 -14.4294 18.189
      vertex -5.74975 -14.2056 17.9405
    endloop
  endfacet
  facet normal 1 0 0
    outer loop
      vertex -5.74975 -10.9217 40.4351
      vertex -5.74975 -15.6672 46.4088
      vertex -5.74975 -12.3329 37.9909
    endloop
  endfacet
  facet normal 1 0 0
    outer loop
      vertex -5.74975 -13.5 32.5
      vertex -5.74975 -14.7 18.3856
      vertex -5.74975 -14.4294 18.189
    endloop
  endfacet
  facet normal 1 0 0
    outer loop
      vertex -5.74975 -15.9944 46.4783
      vertex -5.74975 -12.3329 37.9909
      vertex -5.74975 -15.6672 46.4088
    endloop
  endfacet
  facet normal 1 0 0
    outer loop
      vertex -5.74975 -13.5 32.5
      vertex -5.74975 -15.0056 18.5217
      vertex -5.74975 -14.7 18.3856
    endloop
  endfacet
  facet normal 1 0 0
    outer loop
      vertex -5.74975 -16.3 46.6144
      vertex -5.74975 -12.3329 37.9909
      vertex -5.74975 -15.9944 46.4783
    endloop
  endfacet
  facet normal 1 0 0
    outer loop
      vertex -5.74975 -13.5 32.5
      vertex -5.74975 -15.3328 18.5912
      vertex -5.74975 -15.0056 18.5217
    endloop
  endfacet
  facet normal 1 0 0
    outer loop
      vertex -5.74975 -12.3329 37.9909
      vertex -5.74975 -16.3 46.6144
      vertex -5.74975 -13.205 35.3068
    endloop
  endfacet
  facet normal 1 0 0
    outer loop
      vertex -5.74975 -13.5 32.5
      vertex -5.74975 -15.6672 18.5912
      vertex -5.74975 -15.3328 18.5912
    endloop
  endfacet
  facet normal 1 0 0
    outer loop
      vertex -5.74975 -16.5706 46.811
      vertex -5.74975 -13.205 35.3068
      vertex -5.74975 -16.3 46.6144
    endloop
  endfacet
  facet normal 1 0 0
    outer loop
      vertex -5.74975 -13.5 32.5
      vertex -5.74975 -15.9944 18.5217
      vertex -5.74975 -15.6672 18.5912
    endloop
  endfacet
  facet normal 1 0 0
    outer loop
      vertex -5.74975 -16.7944 47.0595
      vertex -5.74975 -13.205 35.3068
      vertex -5.74975 -16.5706 46.811
    endloop
  endfacet
  facet normal 1 0 0
    outer loop
      vertex -5.74975 -13.5 32.5
      vertex -5.74975 -16.3 18.3856
      vertex -5.74975 -15.9944 18.5217
    endloop
  endfacet
  facet normal 1 0 0
    outer loop
      vertex -5.74975 -13.205 35.3068
      vertex -5.74975 -16.7944 47.0595
      vertex -5.74975 -13.5 32.5
    endloop
  endfacet
  facet normal 1 0 0
    outer loop
      vertex -5.74975 -13.5 32.5
      vertex -5.74975 -16.5706 18.189
      vertex -5.74975 -16.3 18.3856
    endloop
  endfacet
  facet normal 1 0 0
    outer loop
      vertex -5.74975 -16.9617 47.3492
      vertex -5.74975 -13.5 32.5
      vertex -5.74975 -16.7944 47.0595
    endloop
  endfacet
  facet normal 1 0 0
    outer loop
      vertex -5.74975 -13.5 32.5
      vertex -5.74975 -16.7944 17.9405
      vertex -5.74975 -16.5706 18.189
    endloop
  endfacet
  facet normal 1 0 0
    outer loop
      vertex -5.74975 -16.9617 17.6508
      vertex -5.74975 -13.5 32.5
      vertex -5.74975 -16.9617 47.3492
    endloop
  endfacet
  facet normal 1 0 0
    outer loop
      vertex -5.74975 -13.5 32.5
      vertex -5.74975 -16.9617 17.6508
      vertex -5.74975 -16.7944 17.9405
    endloop
  endfacet
  facet normal 1 0 0
    outer loop
      vertex -5.74975 -20.4945 53.1045
      vertex -5.74975 -16.9617 47.3492
      vertex -5.74975 -17.065 47.6673
    endloop
  endfacet
  facet normal 1 0 0
    outer loop
      vertex -5.74975 -16.9617 47.3492
      vertex -5.74975 -20.4945 53.1045
      vertex -5.74975 -16.9617 17.6508
    endloop
  endfacet
  facet normal 1 0 0
    outer loop
      vertex -5.74975 -20.4945 53.1045
      vertex -5.74975 -17.065 47.6673
      vertex -5.74975 -17.1 48
    endloop
  endfacet
  facet normal 1 0 0
    outer loop
      vertex -5.74975 -16.9617 17.6508
      vertex -5.74975 -20.4945 53.1045
      vertex -5.74975 -17.065 17.3327
    endloop
  endfacet
  facet normal 1 -0 0
    outer loop
      vertex -5.74975 16.9617 47.3492
      vertex -5.74975 24.4945 43.4988
      vertex -5.74975 17.065 47.6673
    endloop
  endfacet
  facet normal 1 0 0
    outer loop
      vertex -5.74975 24.4945 43.4988
      vertex -5.74975 17.065 17.3327
      vertex -5.74975 17.1 17
    endloop
  endfacet
  facet normal 1 -0 0
    outer loop
      vertex -5.74975 16.7944 47.0595
      vertex -5.74975 24.4945 43.4988
      vertex -5.74975 16.9617 47.3492
    endloop
  endfacet
  facet normal 1 0 0
    outer loop
      vertex -5.74975 24.4945 43.4988
      vertex -5.74975 16.9617 17.6508
      vertex -5.74975 17.065 17.3327
    endloop
  endfacet
  facet normal 1 -0 0
    outer loop
      vertex -5.74975 16.5706 46.811
      vertex -5.74975 24.4945 43.4988
      vertex -5.74975 16.7944 47.0595
    endloop
  endfacet
  facet normal 1 0 0
    outer loop
      vertex -5.74975 13.205 29.6932
      vertex -5.74975 24.4945 43.4988
      vertex -5.74975 13.5 32.5
    endloop
  endfacet
  facet normal 1 -0 0
    outer loop
      vertex -5.74975 16.3 46.6144
      vertex -5.74975 24.4945 43.4988
      vertex -5.74975 16.5706 46.811
    endloop
  endfacet
  facet normal 1 0 0
    outer loop
      vertex -5.74975 24.4945 43.4988
      vertex -5.74975 16.7944 17.9405
      vertex -5.74975 16.9617 17.6508
    endloop
  endfacet
  facet normal 1 -0 0
    outer loop
      vertex -5.74975 15.9944 46.4783
      vertex -5.74975 24.4945 43.4988
      vertex -5.74975 16.3 46.6144
    endloop
  endfacet
  facet normal 1 0 0
    outer loop
      vertex -5.74975 24.4945 43.4988
      vertex -5.74975 13.205 29.6932
      vertex -5.74975 16.7944 17.9405
    endloop
  endfacet
  facet normal 1 0 0
    outer loop
      vertex -5.74975 24.4945 43.4988
      vertex -5.74975 15.9944 46.4783
      vertex -5.74975 12.3329 37.9909
    endloop
  endfacet
  facet normal 1 0 0
    outer loop
      vertex -5.74975 16.7944 17.9405
      vertex -5.74975 13.205 29.6932
      vertex -5.74975 16.5706 18.189
    endloop
  endfacet
  facet normal 1 0 0
    outer loop
      vertex -5.74975 12.3329 37.9909
      vertex -5.74975 15.9944 46.4783
      vertex -5.74975 15.6672 46.4088
    endloop
  endfacet
  facet normal 1 0 0
    outer loop
      vertex -5.74975 16.5706 18.189
      vertex -5.74975 13.205 29.6932
      vertex -5.74975 16.3 18.3856
    endloop
  endfacet
  facet normal 1 0 0
    outer loop
      vertex -5.74975 10.9217 40.4351
      vertex -5.74975 15.6672 46.4088
      vertex -5.74975 15.3328 46.4088
    endloop
  endfacet
  facet normal 1 -0 0
    outer loop
      vertex -5.74975 12.3329 27.0091
      vertex -5.74975 16.3 18.3856
      vertex -5.74975 13.205 29.6932
    endloop
  endfacet
  facet normal 1 0 0
    outer loop
      vertex -5.74975 10.9217 40.4351
      vertex -5.74975 15.3328 46.4088
      vertex -5.74975 15.0056 46.4783
    endloop
  endfacet
  facet normal 1 0 0
    outer loop
      vertex -5.74975 16.3 18.3856
      vertex -5.74975 12.3329 27.0091
      vertex -5.74975 15.9944 18.5217
    endloop
  endfacet
  facet normal 1 0 0
    outer loop
      vertex -5.74975 10.9217 40.4351
      vertex -5.74975 15.0056 46.4783
      vertex -5.74975 14.7 46.6144
    endloop
  endfacet
  facet normal 1 0 0
    outer loop
      vertex -5.74975 15.9944 18.5217
      vertex -5.74975 12.3329 27.0091
      vertex -5.74975 15.6672 18.5912
    endloop
  endfacet
  facet normal 1 0 0
    outer loop
      vertex -5.74975 9.03326 42.5325
      vertex -5.74975 14.7 46.6144
      vertex -5.74975 14.4294 46.811
    endloop
  endfacet
  facet normal 1 -0 0
    outer loop
      vertex -5.74975 10.9217 24.5649
      vertex -5.74975 15.6672 18.5912
      vertex -5.74975 12.3329 27.0091
    endloop
  endfacet
  facet normal 1 0 0
    outer loop
      vertex -5.74975 9.03326 42.5325
      vertex -5.74975 14.4294 46.811
      vertex -5.74975 14.2056 47.0595
    endloop
  endfacet
  facet normal 1 0 0
    outer loop
      vertex -5.74975 15.6672 18.5912
      vertex -5.74975 10.9217 24.5649
      vertex -5.74975 15.3328 18.5912
    endloop
  endfacet
  facet normal 1 0 0
    outer loop
      vertex -5.74975 9.03326 42.5325
      vertex -5.74975 14.2056 47.0595
      vertex -5.74975 14.0383 47.3492
    endloop
  endfacet
  facet normal 1 0 0
    outer loop
      vertex -5.74975 15.3328 18.5912
      vertex -5.74975 10.9217 24.5649
      vertex -5.74975 15.0056 18.5217
    endloop
  endfacet
  facet normal 1 0 0
    outer loop
      vertex -5.74975 9.03326 42.5325
      vertex -5.74975 14.0383 47.3492
      vertex -5.74975 13.935 47.6673
    endloop
  endfacet
  facet normal 1 0 0
    outer loop
      vertex -5.74975 15.0056 18.5217
      vertex -5.74975 10.9217 24.5649
      vertex -5.74975 14.7 18.3856
    endloop
  endfacet
  facet normal 1 0 0
    outer loop
      vertex -5.74975 6.75 44.1913
      vertex -5.74975 13.935 47.6673
      vertex -5.74975 13.9 48
    endloop
  endfacet
  facet normal 1 -0 0
    outer loop
      vertex -5.74975 9.03326 22.4675
      vertex -5.74975 14.7 18.3856
      vertex -5.74975 10.9217 24.5649
    endloop
  endfacet
  facet normal 1 0 0
    outer loop
      vertex -5.74975 23.1089 54
      vertex -5.74975 17.065 48.3327
      vertex -5.74975 17.1 48
    endloop
  endfacet
  facet normal 1 0 0
    outer loop
      vertex -5.74975 23.1089 54
      vertex -5.74975 16.9617 48.6508
      vertex -5.74975 17.065 48.3327
    endloop
  endfacet
  facet normal 1 0 0
    outer loop
      vertex -5.74975 23.1089 54
      vertex -5.74975 16.7944 48.9405
      vertex -5.74975 16.9617 48.6508
    endloop
  endfacet
  facet normal 1 0 0
    outer loop
      vertex -5.74975 23.1089 54
      vertex -5.74975 16.5706 49.189
      vertex -5.74975 16.7944 48.9405
    endloop
  endfacet
  facet normal 1 0 0
    outer loop
      vertex -5.74975 23.1089 54
      vertex -5.74975 16.3 49.3856
      vertex -5.74975 16.5706 49.189
    endloop
  endfacet
  facet normal 1 0 0
    outer loop
      vertex -5.74975 23.1089 54
      vertex -5.74975 15.9944 49.5217
      vertex -5.74975 16.3 49.3856
    endloop
  endfacet
  facet normal 1 0 0
    outer loop
      vertex -5.74975 23.1089 54
      vertex -5.74975 15.6672 49.5912
      vertex -5.74975 15.9944 49.5217
    endloop
  endfacet
  facet normal 1 0 0
    outer loop
      vertex -5.74975 23.1089 54
      vertex -5.74975 15.3328 49.5912
      vertex -5.74975 15.6672 49.5912
    endloop
  endfacet
  facet normal 1 0 0
    outer loop
      vertex -5.74975 23.1089 54
      vertex -5.74975 15.0056 49.5217
      vertex -5.74975 15.3328 49.5912
    endloop
  endfacet
  facet normal 1 -0 0
    outer loop
      vertex -5.74975 -19.5 54
      vertex -5.74975 15.0056 49.5217
      vertex -5.74975 23.1089 54
    endloop
  endfacet
  facet normal 1 0 0
    outer loop
      vertex -5.74975 14.7 18.3856
      vertex -5.74975 9.03326 22.4675
      vertex -5.74975 14.4294 18.189
    endloop
  endfacet
  facet normal 1 0 0
    outer loop
      vertex -5.74975 24.4945 43.4988
      vertex -5.74975 13.205 35.3068
      vertex -5.74975 13.5 32.5
    endloop
  endfacet
  facet normal 1 0 0
    outer loop
      vertex -5.74975 24.4945 43.4988
      vertex -5.74975 12.3329 37.9909
      vertex -5.74975 13.205 35.3068
    endloop
  endfacet
  facet normal 1 0 0
    outer loop
      vertex -5.74975 6.75 44.1913
      vertex -5.74975 13.9 48
      vertex -5.74975 13.935 48.3327
    endloop
  endfacet
  facet normal 1 0 0
    outer loop
      vertex -5.74975 15.6672 46.4088
      vertex -5.74975 10.9217 40.4351
      vertex -5.74975 12.3329 37.9909
    endloop
  endfacet
  facet normal 1 0 0
    outer loop
      vertex -5.74975 6.75 44.1913
      vertex -5.74975 13.935 48.3327
      vertex -5.74975 14.0383 48.6508
    endloop
  endfacet
  facet normal 1 0 0
    outer loop
      vertex -5.74975 14.7 46.6144
      vertex -5.74975 9.03326 42.5325
      vertex -5.74975 10.9217 40.4351
    endloop
  endfacet
  facet normal 1 0 0
    outer loop
      vertex -5.74975 4.17173 45.3393
      vertex -5.74975 14.0383 48.6508
      vertex -5.74975 14.2056 48.9405
    endloop
  endfacet
  facet normal 1 0 0
    outer loop
      vertex -5.74975 13.935 47.6673
      vertex -5.74975 6.75 44.1913
      vertex -5.74975 9.03326 42.5325
    endloop
  endfacet
  facet normal 1 0 0
    outer loop
      vertex -5.74975 4.17173 45.3393
      vertex -5.74975 14.2056 48.9405
      vertex -5.74975 14.4294 49.189
    endloop
  endfacet
  facet normal 1 0 0
    outer loop
      vertex -5.74975 1.41113 45.926
      vertex -5.74975 14.4294 49.189
      vertex -5.74975 14.7 49.3856
    endloop
  endfacet
  facet normal 1 0 0
    outer loop
      vertex -5.74975 14.0383 48.6508
      vertex -5.74975 4.17173 45.3393
      vertex -5.74975 6.75 44.1913
    endloop
  endfacet
  facet normal 1 0 0
    outer loop
      vertex -5.74975 15.0056 49.5217
      vertex -5.74975 -19.5 54
      vertex -5.74975 14.7 49.3856
    endloop
  endfacet
  facet normal 1 0 0
    outer loop
      vertex -5.74975 14.4294 49.189
      vertex -5.74975 1.41113 45.926
      vertex -5.74975 4.17173 45.3393
    endloop
  endfacet
  facet normal 1 0 0
    outer loop
      vertex -5.74975 14.7 49.3856
      vertex -5.74975 -19.5 54
      vertex -5.74975 1.41113 45.926
    endloop
  endfacet
  facet normal 1 0 0
    outer loop
      vertex -5.74975 1.41113 45.926
      vertex -5.74975 -19.5 54
      vertex -5.74975 -1.41113 45.926
    endloop
  endfacet
  facet normal 1 -0 0
    outer loop
      vertex -5.74975 -14.4294 46.811
      vertex -5.74975 -9.03326 42.5325
      vertex -5.74975 -14.2056 47.0595
    endloop
  endfacet
  facet normal 1 -0 0
    outer loop
      vertex -5.74975 -14.2056 47.0595
      vertex -5.74975 -9.03326 42.5325
      vertex -5.74975 -14.0383 47.3492
    endloop
  endfacet
  facet normal 1 -0 0
    outer loop
      vertex -5.74975 -14.0383 47.3492
      vertex -5.74975 -9.03326 42.5325
      vertex -5.74975 -13.935 47.6673
    endloop
  endfacet
  facet normal 1 0 0
    outer loop
      vertex -5.74975 -6.75 44.1913
      vertex -5.74975 -13.935 47.6673
      vertex -5.74975 -9.03326 42.5325
    endloop
  endfacet
  facet normal 1 -0 0
    outer loop
      vertex -5.74975 -13.935 47.6673
      vertex -5.74975 -6.75 44.1913
      vertex -5.74975 -13.9 48
    endloop
  endfacet
  facet normal 1 0 0
    outer loop
      vertex -5.74975 -13.935 48.3327
      vertex -5.74975 -6.75 44.1913
      vertex -5.74975 -4.17173 45.3393
    endloop
  endfacet
  facet normal 1 -0 -0
    outer loop
      vertex -5.74975 -14.7 49.3856
      vertex -5.74975 -1.41113 45.926
      vertex -5.74975 -19.5 54
    endloop
  endfacet
  facet normal 1 0 0
    outer loop
      vertex -5.74975 -6.75 44.1913
      vertex -5.74975 -13.935 48.3327
      vertex -5.74975 -13.9 48
    endloop
  endfacet
  facet normal 1 0 0
    outer loop
      vertex -5.74975 -4.17173 45.3393
      vertex -5.74975 -14.0383 48.6508
      vertex -5.74975 -13.935 48.3327
    endloop
  endfacet
  facet normal 1 0 0
    outer loop
      vertex -5.74975 -4.17173 45.3393
      vertex -5.74975 -14.2056 48.9405
      vertex -5.74975 -14.0383 48.6508
    endloop
  endfacet
  facet normal 1 0 0
    outer loop
      vertex -5.74975 -4.17173 45.3393
      vertex -5.74975 -14.4294 49.189
      vertex -5.74975 -14.2056 48.9405
    endloop
  endfacet
  facet normal 1 0 0
    outer loop
      vertex -5.74975 -1.41113 45.926
      vertex -5.74975 -14.4294 49.189
      vertex -5.74975 -4.17173 45.3393
    endloop
  endfacet
  facet normal 1 -0 -0
    outer loop
      vertex -5.74975 -14.4294 49.189
      vertex -5.74975 -1.41113 45.926
      vertex -5.74975 -14.7 49.3856
    endloop
  endfacet
  facet normal 1 0 0
    outer loop
      vertex -5.74975 -14.7 49.3856
      vertex -5.74975 -19.5 54
      vertex -5.74975 -15.0056 49.5217
    endloop
  endfacet
  facet normal 1 0 0
    outer loop
      vertex -5.74975 -15.0056 49.5217
      vertex -5.74975 -19.5 54
      vertex -5.74975 -15.3328 49.5912
    endloop
  endfacet
  facet normal 1 0 0
    outer loop
      vertex -5.74975 -17.065 48.3327
      vertex -5.74975 -20.4945 53.1045
      vertex -5.74975 -17.1 48
    endloop
  endfacet
  facet normal 1 0 0
    outer loop
      vertex -5.74975 -16.9617 48.6508
      vertex -5.74975 -20.4945 53.1045
      vertex -5.74975 -17.065 48.3327
    endloop
  endfacet
  facet normal 1 0 0
    outer loop
      vertex -5.74975 -16.7944 48.9405
      vertex -5.74975 -20.4945 53.1045
      vertex -5.74975 -16.9617 48.6508
    endloop
  endfacet
  facet normal 1 0 0
    outer loop
      vertex -5.74975 -16.5706 49.189
      vertex -5.74975 -20.4945 53.1045
      vertex -5.74975 -16.7944 48.9405
    endloop
  endfacet
  facet normal 1 -0 0
    outer loop
      vertex -5.74975 -20.4945 53.1045
      vertex -5.74975 -16.5706 49.189
      vertex -5.74975 -19.5 54
    endloop
  endfacet
  facet normal 1 0 0
    outer loop
      vertex -5.74975 -16.3 49.3856
      vertex -5.74975 -19.5 54
      vertex -5.74975 -16.5706 49.189
    endloop
  endfacet
  facet normal 1 0 0
    outer loop
      vertex -5.74975 -15.9944 49.5217
      vertex -5.74975 -19.5 54
      vertex -5.74975 -16.3 49.3856
    endloop
  endfacet
  facet normal 1 0 0
    outer loop
      vertex -5.74975 -15.6672 49.5912
      vertex -5.74975 -19.5 54
      vertex -5.74975 -15.9944 49.5217
    endloop
  endfacet
  facet normal 1 0 0
    outer loop
      vertex -5.74975 -15.3328 49.5912
      vertex -5.74975 -19.5 54
      vertex -5.74975 -15.6672 49.5912
    endloop
  endfacet
  facet normal 1 -0 0
    outer loop
      vertex -5.74975 17.1 17
      vertex -5.74975 24.4945 7.89547
      vertex -5.74975 24.4945 43.4988
    endloop
  endfacet
  facet normal 1 -0 0
    outer loop
      vertex -5.74975 17.065 16.6673
      vertex -5.74975 24.4945 7.89547
      vertex -5.74975 17.1 17
    endloop
  endfacet
  facet normal 1 -0 0
    outer loop
      vertex -5.74975 16.9617 16.3492
      vertex -5.74975 24.4945 7.89547
      vertex -5.74975 17.065 16.6673
    endloop
  endfacet
  facet normal 1 -0 0
    outer loop
      vertex -5.74975 16.7944 16.0595
      vertex -5.74975 24.4945 7.89547
      vertex -5.74975 16.9617 16.3492
    endloop
  endfacet
  facet normal 1 -0 0
    outer loop
      vertex -5.74975 16.5706 15.811
      vertex -5.74975 24.4945 7.89547
      vertex -5.74975 16.7944 16.0595
    endloop
  endfacet
  facet normal 1 0 -0
    outer loop
      vertex -5.74975 23.5 7
      vertex -5.74975 24.4945 7.89547
      vertex -5.74975 16.5706 15.811
    endloop
  endfacet
  facet normal 1 0 0
    outer loop
      vertex -5.74975 24.4511 7.69098
      vertex -5.74975 23.5 7
      vertex -5.74975 24.366 7.5
    endloop
  endfacet
  facet normal 1 -0 0
    outer loop
      vertex -5.74975 17.1 48
      vertex -5.74975 24.4945 43.4988
      vertex -5.74975 23.1089 54
    endloop
  endfacet
  facet normal 1 -0 0
    outer loop
      vertex -5.74975 17.065 47.6673
      vertex -5.74975 24.4945 43.4988
      vertex -5.74975 17.1 48
    endloop
  endfacet
  facet normal 1 0 0
    outer loop
      vertex -5.74975 24.366 7.5
      vertex -5.74975 23.5 7
      vertex -5.74975 24.2431 7.33087
    endloop
  endfacet
  facet normal 1 0 0
    outer loop
      vertex -5.74975 24.0878 7.19098
      vertex -5.74975 23.5 7
      vertex -5.74975 23.9067 7.08646
    endloop
  endfacet
  facet normal 1 0 0
    outer loop
      vertex -5.74975 23.9067 7.08646
      vertex -5.74975 23.5 7
      vertex -5.74975 23.7079 7.02185
    endloop
  endfacet
  facet normal 1 0 0
    outer loop
      vertex -5.74975 24.2431 7.33087
      vertex -5.74975 23.5 7
      vertex -5.74975 24.0878 7.19098
    endloop
  endfacet
  facet normal 1 0 0
    outer loop
      vertex -5.74975 24.4945 7.89547
      vertex -5.74975 23.5 7
      vertex -5.74975 24.4511 7.69098
    endloop
  endfacet
  facet normal 1 -0 0
    outer loop
      vertex -5.74975 16.3 15.6144
      vertex -5.74975 23.5 7
      vertex -5.74975 16.5706 15.811
    endloop
  endfacet
  facet normal 1 -0 0
    outer loop
      vertex -5.74975 15.9944 15.4783
      vertex -5.74975 23.5 7
      vertex -5.74975 16.3 15.6144
    endloop
  endfacet
  facet normal 1 -0 0
    outer loop
      vertex -5.74975 15.6672 15.4088
      vertex -5.74975 23.5 7
      vertex -5.74975 15.9944 15.4783
    endloop
  endfacet
  facet normal 1 -0 0
    outer loop
      vertex -5.74975 15.3328 15.4088
      vertex -5.74975 23.5 7
      vertex -5.74975 15.6672 15.4088
    endloop
  endfacet
  facet normal 1 0 0
    outer loop
      vertex -5.74975 15.0056 15.4783
      vertex -5.74975 23.5 7
      vertex -5.74975 15.3328 15.4088
    endloop
  endfacet
  facet normal 1 0 0
    outer loop
      vertex -5.74975 14.7 15.6144
      vertex -5.74975 23.5 7
      vertex -5.74975 15.0056 15.4783
    endloop
  endfacet
  facet normal 1 0 0
    outer loop
      vertex -5.74975 1.41113 19.074
      vertex -5.74975 14.7 15.6144
      vertex -5.74975 14.4294 15.811
    endloop
  endfacet
  facet normal 1 0 0
    outer loop
      vertex -5.74975 14.4294 18.189
      vertex -5.74975 9.03326 22.4675
      vertex -5.74975 14.2056 17.9405
    endloop
  endfacet
  facet normal 1 0 0
    outer loop
      vertex -5.74975 14.2056 17.9405
      vertex -5.74975 9.03326 22.4675
      vertex -5.74975 14.0383 17.6508
    endloop
  endfacet
  facet normal 1 0 0
    outer loop
      vertex -5.74975 14.0383 17.6508
      vertex -5.74975 9.03326 22.4675
      vertex -5.74975 13.935 17.3327
    endloop
  endfacet
  facet normal 1 -0 0
    outer loop
      vertex -5.74975 6.75 20.8087
      vertex -5.74975 13.935 17.3327
      vertex -5.74975 9.03326 22.4675
    endloop
  endfacet
  facet normal 1 0 0
    outer loop
      vertex -5.74975 13.935 17.3327
      vertex -5.74975 6.75 20.8087
      vertex -5.74975 13.9 17
    endloop
  endfacet
  facet normal 1 0 0
    outer loop
      vertex -5.74975 13.9 17
      vertex -5.74975 6.75 20.8087
      vertex -5.74975 13.935 16.6673
    endloop
  endfacet
  facet normal 1 0 0
    outer loop
      vertex -5.74975 13.935 16.6673
      vertex -5.74975 6.75 20.8087
      vertex -5.74975 14.0383 16.3492
    endloop
  endfacet
  facet normal 1 -0 0
    outer loop
      vertex -5.74975 4.17173 19.6607
      vertex -5.74975 14.0383 16.3492
      vertex -5.74975 6.75 20.8087
    endloop
  endfacet
  facet normal 1 0 0
    outer loop
      vertex -5.74975 14.0383 16.3492
      vertex -5.74975 4.17173 19.6607
      vertex -5.74975 14.2056 16.0595
    endloop
  endfacet
  facet normal 1 0 0
    outer loop
      vertex -5.74975 14.2056 16.0595
      vertex -5.74975 4.17173 19.6607
      vertex -5.74975 14.4294 15.811
    endloop
  endfacet
  facet normal 1 -0 0
    outer loop
      vertex -5.74975 1.41113 19.074
      vertex -5.74975 14.4294 15.811
      vertex -5.74975 4.17173 19.6607
    endloop
  endfacet
  facet normal 1 0 0
    outer loop
      vertex -5.74975 14.7 15.6144
      vertex -5.74975 1.41113 19.074
      vertex -5.74975 23.5 7
    endloop
  endfacet
  facet normal 1 0 0
    outer loop
      vertex -5.74975 -19.5 7
      vertex -5.74975 1.41113 19.074
      vertex -5.74975 -1.41113 19.074
    endloop
  endfacet
  facet normal 1 0 0
    outer loop
      vertex -5.74975 -14.4294 15.811
      vertex -5.74975 -1.41113 19.074
      vertex -5.74975 -4.17173 19.6607
    endloop
  endfacet
  facet normal 1 0 0
    outer loop
      vertex -5.74975 -14.0383 16.3492
      vertex -5.74975 -4.17173 19.6607
      vertex -5.74975 -6.75 20.8087
    endloop
  endfacet
  facet normal 1 -0 0
    outer loop
      vertex -5.74975 -14.7 46.6144
      vertex -5.74975 -9.03326 42.5325
      vertex -5.74975 -14.4294 46.811
    endloop
  endfacet
  facet normal 1 0 0
    outer loop
      vertex -5.74975 -13.9 17
      vertex -5.74975 -13.205 29.6932
      vertex -5.74975 -13.5 32.5
    endloop
  endfacet
  facet normal 1 0 0
    outer loop
      vertex -5.74975 -13.9 17
      vertex -5.74975 -12.3329 27.0091
      vertex -5.74975 -13.205 29.6932
    endloop
  endfacet
  facet normal 1 0 0
    outer loop
      vertex -5.74975 -13.9 17
      vertex -5.74975 -10.9217 24.5649
      vertex -5.74975 -12.3329 27.0091
    endloop
  endfacet
  facet normal 1 0 0
    outer loop
      vertex -5.74975 -13.9 17
      vertex -5.74975 -9.03326 22.4675
      vertex -5.74975 -10.9217 24.5649
    endloop
  endfacet
  facet normal 1 0 0
    outer loop
      vertex -5.74975 -13.9 17
      vertex -5.74975 -6.75 20.8087
      vertex -5.74975 -9.03326 22.4675
    endloop
  endfacet
  facet normal 1 0 0
    outer loop
      vertex -5.74975 -13.935 16.6673
      vertex -5.74975 -6.75 20.8087
      vertex -5.74975 -13.9 17
    endloop
  endfacet
  facet normal 1 0 0
    outer loop
      vertex -5.74975 -14.0383 16.3492
      vertex -5.74975 -6.75 20.8087
      vertex -5.74975 -13.935 16.6673
    endloop
  endfacet
  facet normal 1 0 0
    outer loop
      vertex -5.74975 -4.17173 19.6607
      vertex -5.74975 -14.0383 16.3492
      vertex -5.74975 -14.2056 16.0595
    endloop
  endfacet
  facet normal 1 0 0
    outer loop
      vertex -5.74975 -4.17173 19.6607
      vertex -5.74975 -14.2056 16.0595
      vertex -5.74975 -14.4294 15.811
    endloop
  endfacet
  facet normal 1 0 0
    outer loop
      vertex -5.74975 -1.41113 19.074
      vertex -5.74975 -14.4294 15.811
      vertex -5.74975 -19.5 7
    endloop
  endfacet
  facet normal 1 0 0
    outer loop
      vertex -5.74975 -19.5 7
      vertex -5.74975 -14.4294 15.811
      vertex -5.74975 -14.7 15.6144
    endloop
  endfacet
  facet normal 1 0 0
    outer loop
      vertex -5.74975 -19.5 7
      vertex -5.74975 -14.7 15.6144
      vertex -5.74975 -15.0056 15.4783
    endloop
  endfacet
  facet normal 1 0 0
    outer loop
      vertex -5.74975 -19.5 7
      vertex -5.74975 -15.0056 15.4783
      vertex -5.74975 -15.3328 15.4088
    endloop
  endfacet
  facet normal 1 0 0
    outer loop
      vertex -5.74975 -19.5 7
      vertex -5.74975 -15.3328 15.4088
      vertex -5.74975 -15.6672 15.4088
    endloop
  endfacet
  facet normal 1 0 0
    outer loop
      vertex -5.74975 -19.5 7
      vertex -5.74975 -15.6672 15.4088
      vertex -5.74975 -15.9944 15.4783
    endloop
  endfacet
  facet normal 1 0 0
    outer loop
      vertex -5.74975 1.41113 19.074
      vertex -5.74975 -19.5 7
      vertex -5.74975 23.5 7
    endloop
  endfacet
  facet normal 1 0 0
    outer loop
      vertex -5.74975 -20.4945 7.89547
      vertex -5.74975 -15.9944 15.4783
      vertex -5.74975 -16.3 15.6144
    endloop
  endfacet
  facet normal 1 0 0
    outer loop
      vertex -5.74975 -20.4945 7.89547
      vertex -5.74975 -16.3 15.6144
      vertex -5.74975 -16.5706 15.811
    endloop
  endfacet
  facet normal 1 0 0
    outer loop
      vertex -5.74975 -20.4945 7.89547
      vertex -5.74975 -16.5706 15.811
      vertex -5.74975 -16.7944 16.0595
    endloop
  endfacet
  facet normal 1 0 0
    outer loop
      vertex -5.74975 -20.4945 7.89547
      vertex -5.74975 -16.7944 16.0595
      vertex -5.74975 -16.9617 16.3492
    endloop
  endfacet
  facet normal 1 0 0
    outer loop
      vertex -5.74975 -20.4945 7.89547
      vertex -5.74975 -16.9617 16.3492
      vertex -5.74975 -17.065 16.6673
    endloop
  endfacet
  facet normal 1 0 0
    outer loop
      vertex -5.74975 -20.4945 7.89547
      vertex -5.74975 -17.065 16.6673
      vertex -5.74975 -17.1 17
    endloop
  endfacet
  facet normal 1 0 0
    outer loop
      vertex -5.74975 -20.4945 7.89547
      vertex -5.74975 -17.065 17.3327
      vertex -5.74975 -20.4945 53.1045
    endloop
  endfacet
  facet normal 1 0 0
    outer loop
      vertex -5.74975 -20.4945 53.1045
      vertex -5.74975 -19.5 54
      vertex -5.74975 -19.7079 53.9781
    endloop
  endfacet
  facet normal 1 0 0
    outer loop
      vertex -5.74975 -17.065 17.3327
      vertex -5.74975 -20.4945 7.89547
      vertex -5.74975 -17.1 17
    endloop
  endfacet
  facet normal 1 0 0
    outer loop
      vertex -5.74975 -20.4945 53.1045
      vertex -5.74975 -19.7079 53.9781
      vertex -5.74975 -19.9067 53.9135
    endloop
  endfacet
  facet normal 1 0 0
    outer loop
      vertex -5.74975 -15.9944 15.4783
      vertex -5.74975 -20.4945 7.89547
      vertex -5.74975 -19.5 7
    endloop
  endfacet
  facet normal 1 0 0
    outer loop
      vertex -5.74975 -20.4945 53.1045
      vertex -5.74975 -19.9067 53.9135
      vertex -5.74975 -20.0878 53.809
    endloop
  endfacet
  facet normal 1 0 0
    outer loop
      vertex -5.74975 -19.5 7
      vertex -5.74975 -20.4945 7.89547
      vertex -5.74975 -19.7079 7.02185
    endloop
  endfacet
  facet normal 1 0 0
    outer loop
      vertex -5.74975 -20.4945 53.1045
      vertex -5.74975 -20.0878 53.809
      vertex -5.74975 -20.2431 53.6691
    endloop
  endfacet
  facet normal 1 0 0
    outer loop
      vertex -5.74975 -19.7079 7.02185
      vertex -5.74975 -20.4945 7.89547
      vertex -5.74975 -19.9067 7.08646
    endloop
  endfacet
  facet normal 1 0 0
    outer loop
      vertex -5.74975 -20.4945 53.1045
      vertex -5.74975 -20.2431 53.6691
      vertex -5.74975 -20.366 53.5
    endloop
  endfacet
  facet normal 1 0 0
    outer loop
      vertex -5.74975 -19.9067 7.08646
      vertex -5.74975 -20.4945 7.89547
      vertex -5.74975 -20.0878 7.19098
    endloop
  endfacet
  facet normal 1 0 0
    outer loop
      vertex -5.74975 -20.4945 53.1045
      vertex -5.74975 -20.366 53.5
      vertex -5.74975 -20.4511 53.309
    endloop
  endfacet
  facet normal 1 0 0
    outer loop
      vertex -5.74975 -20.0878 7.19098
      vertex -5.74975 -20.4945 7.89547
      vertex -5.74975 -20.2431 7.33087
    endloop
  endfacet
  facet normal 1 0 0
    outer loop
      vertex -5.74975 -20.2431 7.33087
      vertex -5.74975 -20.4945 7.89547
      vertex -5.74975 -20.366 7.5
    endloop
  endfacet
  facet normal 1 0 0
    outer loop
      vertex -5.74975 -20.366 7.5
      vertex -5.74975 -20.4945 7.89547
      vertex -5.74975 -20.4511 7.69098
    endloop
  endfacet
  facet normal 0 0.309043 -0.951048
    outer loop
      vertex -5.74975 -19.9067 53.9135
      vertex -3.46868 -19.7079 53.9781
      vertex -3.42742 -19.9067 53.9135
    endloop
  endfacet
  facet normal 0 0.309043 -0.951048
    outer loop
      vertex -3.46868 -19.7079 53.9781
      vertex -5.74975 -19.9067 53.9135
      vertex -5.74975 -19.7079 53.9781
    endloop
  endfacet
  facet normal 0 0.669308 -0.742985
    outer loop
      vertex -5.74975 -20.2431 53.6691
      vertex -3.36066 -20.0878 53.809
      vertex -3.27131 -20.2431 53.6691
    endloop
  endfacet
  facet normal 0 0.669308 -0.742985
    outer loop
      vertex -3.36066 -20.0878 53.809
      vertex -5.74975 -20.2431 53.6691
      vertex -5.74975 -20.0878 53.809
    endloop
  endfacet
  facet normal 0 0.978214 -0.207601
    outer loop
      vertex -5.74975 -20.4945 53.1045
      vertex -3.0413 -20.4511 53.309
      vertex -2.91068 -20.4945 53.1045
    endloop
  endfacet
  facet normal 0 0.978214 -0.207601
    outer loop
      vertex -3.0413 -20.4511 53.309
      vertex -5.74975 -20.4945 53.1045
      vertex -5.74975 -20.4511 53.309
    endloop
  endfacet
  facet normal 0 0.808922 -0.587916
    outer loop
      vertex -5.74975 -20.366 53.5
      vertex -3.27131 -20.2431 53.6691
      vertex -3.16328 -20.366 53.5
    endloop
  endfacet
  facet normal 0 0.808922 -0.587916
    outer loop
      vertex -3.27131 -20.2431 53.6691
      vertex -5.74975 -20.366 53.5
      vertex -5.74975 -20.2431 53.6691
    endloop
  endfacet
  facet normal 0 0 1
    outer loop
      vertex 11.263 24.4945 9
      vertex 6.25 26.1655 9
      vertex 6.25 24.4945 9
    endloop
  endfacet
  facet normal -0 0 1
    outer loop
      vertex 3.90554 -20.4945 9
      vertex 18.8433 -25.5055 9
      vertex 23.8542 -20.4945 9
    endloop
  endfacet
  facet normal -0 0 1
    outer loop
      vertex 3.87104 -20.8228 9
      vertex 18.8433 -25.5055 9
      vertex 3.90554 -20.4945 9
    endloop
  endfacet
  facet normal -0 0 1
    outer loop
      vertex 3.61537 -21.6097 9
      vertex 18.8433 -25.5055 9
      vertex 3.87104 -20.8228 9
    endloop
  endfacet
  facet normal -0 0 1
    outer loop
      vertex 3.2017 -22.3262 9
      vertex 18.8433 -25.5055 9
      vertex 3.61537 -21.6097 9
    endloop
  endfacet
  facet normal -0 0 1
    outer loop
      vertex 2.6481 -22.941 9
      vertex 18.8433 -25.5055 9
      vertex 3.2017 -22.3262 9
    endloop
  endfacet
  facet normal -0 0 1
    outer loop
      vertex 1.97876 -23.4273 9
      vertex 18.8433 -25.5055 9
      vertex 2.6481 -22.941 9
    endloop
  endfacet
  facet normal -0 0 1
    outer loop
      vertex 1.22294 -23.7638 9
      vertex 18.8433 -25.5055 9
      vertex 1.97876 -23.4273 9
    endloop
  endfacet
  facet normal 0 0 1
    outer loop
      vertex -1.84975 -25.5055 9
      vertex 1.22294 -23.7638 9
      vertex 0.413673 -23.9358 9
    endloop
  endfacet
  facet normal 0 0 1
    outer loop
      vertex -1.84975 -25.5055 9
      vertex 0.413673 -23.9358 9
      vertex -0.413673 -23.9358 9
    endloop
  endfacet
  facet normal 0 0 1
    outer loop
      vertex 1.22294 -23.7638 9
      vertex -1.84975 -25.5055 9
      vertex 18.8433 -25.5055 9
    endloop
  endfacet
  facet normal 0 0 1
    outer loop
      vertex -1.22294 -23.7638 9
      vertex -1.84975 -25.5055 9
      vertex -0.413673 -23.9358 9
    endloop
  endfacet
  facet normal 0 0 1
    outer loop
      vertex -1.84975 -25.5055 9
      vertex -1.22294 -23.7638 9
      vertex -1.84975 -23.4848 9
    endloop
  endfacet
  facet normal 0 0 1
    outer loop
      vertex -1.84975 24.4945 9
      vertex -1.75 28.8322 9
      vertex -1.84975 28.8654 9
    endloop
  endfacet
  facet normal 0 0 1
    outer loop
      vertex -1.75 28.8322 9
      vertex -1.84975 24.4945 9
      vertex -1.75 24.4945 9
    endloop
  endfacet
  facet normal 1 0 0
    outer loop
      vertex -1.84975 28.8654 9
      vertex -1.84975 24.4945 38.647
      vertex -1.84975 24.4945 9
    endloop
  endfacet
  facet normal 1 0 0
    outer loop
      vertex -1.84975 -22.6813 50.4731
      vertex -1.84975 -20.4945 51.4435
      vertex -1.84975 -21.3477 51.4435
    endloop
  endfacet
  facet normal 1 0 0
    outer loop
      vertex -1.84975 -22.6813 50.4731
      vertex -1.84975 -21.3477 51.4435
      vertex -1.84975 -21.3879 51.4368
    endloop
  endfacet
  facet normal 1 0 0
    outer loop
      vertex -1.84975 -21.9721 51.247
      vertex -1.84975 -21.3879 51.4368
      vertex -1.84975 -21.69 51.3726
    endloop
  endfacet
  facet normal 1 0 0
    outer loop
      vertex -1.84975 -21.3879 51.4368
      vertex -1.84975 -21.9721 51.247
      vertex -1.84975 -22.5272 50.7401
    endloop
  endfacet
  facet normal 1 0 0
    outer loop
      vertex -1.84975 -22.2928 51.0133
      vertex -1.84975 -21.9721 51.247
      vertex -1.84975 -22.0096 51.2271
    endloop
  endfacet
  facet normal 1 0 0
    outer loop
      vertex -1.84975 -22.2928 51.0133
      vertex -1.84975 -22.0096 51.2271
      vertex -1.84975 -22.2593 51.0457
    endloop
  endfacet
  facet normal 1 0 0
    outer loop
      vertex -1.84975 -21.9721 51.247
      vertex -1.84975 -22.2928 51.0133
      vertex -1.84975 -22.5272 50.7401
    endloop
  endfacet
  facet normal 1 0 0
    outer loop
      vertex -1.84975 -22.5272 50.7401
      vertex -1.84975 -22.2928 51.0133
      vertex -1.84975 -22.4992 50.784
    endloop
  endfacet
  facet normal 1 0 0
    outer loop
      vertex -1.84975 -21.3879 51.4368
      vertex -1.84975 -22.5272 50.7401
      vertex -1.84975 -22.6813 50.4731
    endloop
  endfacet
  facet normal 1 0 0
    outer loop
      vertex -1.84975 -20.4945 51.4435
      vertex -1.84975 -25.5055 35.8369
      vertex -1.84975 -20.4945 17.499
    endloop
  endfacet
  facet normal 1 0 0
    outer loop
      vertex -1.84975 -20.4945 51.4435
      vertex -1.84975 -22.6813 50.4731
      vertex -1.84975 -23.6806 48.7108
    endloop
  endfacet
  facet normal 1 0 0
    outer loop
      vertex -1.84975 -20.4945 17.499
      vertex -1.84975 -25.5055 35.8369
      vertex -1.84975 -22.6685 17.499
    endloop
  endfacet
  facet normal 1 0 0
    outer loop
      vertex -1.84975 -25.5055 9
      vertex -1.84975 -22.6685 17.499
      vertex -1.84975 -25.5055 35.8369
    endloop
  endfacet
  facet normal 1 0 0
    outer loop
      vertex -1.84975 -20.4945 51.4435
      vertex -1.84975 -23.6806 48.7108
      vertex -1.84975 -23.8945 48.0465
    endloop
  endfacet
  facet normal 1 0 0
    outer loop
      vertex -1.84975 -23.8212 48.3188
      vertex -1.84975 -23.6806 48.7108
      vertex -1.84975 -23.7296 48.6007
    endloop
  endfacet
  facet normal 1 0 0
    outer loop
      vertex -1.84975 -23.6806 48.7108
      vertex -1.84975 -23.8212 48.3188
      vertex -1.84975 -23.8945 48.0465
    endloop
  endfacet
  facet normal 1 0 0
    outer loop
      vertex -1.84975 -23.8945 48.0465
      vertex -1.84975 -23.8212 48.3188
      vertex -1.84975 -23.8626 48.1903
    endloop
  endfacet
  facet normal 1 0 0
    outer loop
      vertex -1.84975 -20.4945 51.4435
      vertex -1.84975 -23.8945 48.0465
      vertex -1.84975 -25.5055 35.8369
    endloop
  endfacet
  facet normal 1 0 0
    outer loop
      vertex -1.84975 -22.6685 17.499
      vertex -1.84975 -25.5055 9
      vertex -1.84975 -23.2039 12.162
    endloop
  endfacet
  facet normal 1 0 0
    outer loop
      vertex -1.84975 -23.2039 12.162
      vertex -1.84975 -25.5055 9
      vertex -1.84975 -23.4848 9
    endloop
  endfacet
  facet normal 0 0 -1
    outer loop
      vertex -8.25025 -15.6672 49.5912
      vertex -5.74975 -15.3328 49.5912
      vertex -5.74975 -15.6672 49.5912
    endloop
  endfacet
  facet normal -0 0 -1
    outer loop
      vertex -5.74975 -15.3328 49.5912
      vertex -8.25025 -15.6672 49.5912
      vertex -8.25025 -15.3328 49.5912
    endloop
  endfacet
  facet normal 0 0.951107 -0.308863
    outer loop
      vertex -5.74975 -17.065 48.3327
      vertex -8.25025 -16.9617 48.6508
      vertex -5.74975 -16.9617 48.6508
    endloop
  endfacet
  facet normal 0 0.951107 -0.308863
    outer loop
      vertex -8.25025 -16.9617 48.6508
      vertex -5.74975 -17.065 48.3327
      vertex -8.25025 -17.065 48.3327
    endloop
  endfacet
  facet normal 0 0.994512 -0.104623
    outer loop
      vertex -5.74975 -17.1 48
      vertex -8.25025 -17.065 48.3327
      vertex -5.74975 -17.065 48.3327
    endloop
  endfacet
  facet normal 0 0.994512 -0.104623
    outer loop
      vertex -8.25025 -17.065 48.3327
      vertex -5.74975 -17.1 48
      vertex -8.25025 -17.1 48
    endloop
  endfacet
  facet normal 0 0.865972 -0.500093
    outer loop
      vertex -5.74975 -16.9617 48.6508
      vertex -8.25025 -16.7944 48.9405
      vertex -5.74975 -16.7944 48.9405
    endloop
  endfacet
  facet normal 0 0.865972 -0.500093
    outer loop
      vertex -8.25025 -16.7944 48.9405
      vertex -5.74975 -16.9617 48.6508
      vertex -8.25025 -16.9617 48.6508
    endloop
  endfacet
  facet normal -0 0 1
    outer loop
      vertex -8.25025 -15.3328 46.4088
      vertex -5.74975 -15.6672 46.4088
      vertex -5.74975 -15.3328 46.4088
    endloop
  endfacet
  facet normal 0 0 1
    outer loop
      vertex -5.74975 -15.6672 46.4088
      vertex -8.25025 -15.3328 46.4088
      vertex -8.25025 -15.6672 46.4088
    endloop
  endfacet
  facet normal 0 -0.207773 0.978177
    outer loop
      vertex -8.25025 -15.0056 46.4783
      vertex -5.74975 -15.3328 46.4088
      vertex -5.74975 -15.0056 46.4783
    endloop
  endfacet
  facet normal 0 -0.207773 0.978177
    outer loop
      vertex -5.74975 -15.3328 46.4088
      vertex -8.25025 -15.0056 46.4783
      vertex -8.25025 -15.3328 46.4088
    endloop
  endfacet
  facet normal 0 -0.951107 0.308863
    outer loop
      vertex -8.25025 -14.0383 47.3492
      vertex -5.74975 -13.935 47.6673
      vertex -8.25025 -13.935 47.6673
    endloop
  endfacet
  facet normal 0 -0.951107 0.308863
    outer loop
      vertex -5.74975 -13.935 47.6673
      vertex -8.25025 -14.0383 47.3492
      vertex -5.74975 -14.0383 47.3492
    endloop
  endfacet
  facet normal 0 0.994512 0.104623
    outer loop
      vertex -5.74975 -17.065 47.6673
      vertex -8.25025 -17.1 48
      vertex -5.74975 -17.1 48
    endloop
  endfacet
  facet normal 0 0.994512 0.104623
    outer loop
      vertex -8.25025 -17.1 48
      vertex -5.74975 -17.065 47.6673
      vertex -8.25025 -17.065 47.6673
    endloop
  endfacet
  facet normal 0 -0.743071 -0.669213
    outer loop
      vertex -8.25025 -14.2056 48.9405
      vertex -5.74975 -14.4294 49.189
      vertex -8.25025 -14.4294 49.189
    endloop
  endfacet
  facet normal 0 -0.743071 -0.669213
    outer loop
      vertex -5.74975 -14.4294 49.189
      vertex -8.25025 -14.2056 48.9405
      vertex -5.74975 -14.2056 48.9405
    endloop
  endfacet
  facet normal 0 -0.587781 0.80902
    outer loop
      vertex -8.25025 -14.4294 46.811
      vertex -5.74975 -14.7 46.6144
      vertex -5.74975 -14.4294 46.811
    endloop
  endfacet
  facet normal 0 -0.587781 0.80902
    outer loop
      vertex -5.74975 -14.7 46.6144
      vertex -8.25025 -14.4294 46.811
      vertex -8.25025 -14.7 46.6144
    endloop
  endfacet
  facet normal 0 0.743071 -0.669213
    outer loop
      vertex -5.74975 -16.7944 48.9405
      vertex -8.25025 -16.5706 49.189
      vertex -5.74975 -16.5706 49.189
    endloop
  endfacet
  facet normal 0 0.743071 -0.669213
    outer loop
      vertex -8.25025 -16.5706 49.189
      vertex -5.74975 -16.7944 48.9405
      vertex -8.25025 -16.7944 48.9405
    endloop
  endfacet
  facet normal 0 -0.406832 -0.913503
    outer loop
      vertex -8.25025 -15.0056 49.5217
      vertex -5.74975 -14.7 49.3856
      vertex -5.74975 -15.0056 49.5217
    endloop
  endfacet
  facet normal -0 -0.406832 -0.913503
    outer loop
      vertex -5.74975 -14.7 49.3856
      vertex -8.25025 -15.0056 49.5217
      vertex -8.25025 -14.7 49.3856
    endloop
  endfacet
  facet normal 0 -0.587781 -0.80902
    outer loop
      vertex -8.25025 -14.7 49.3856
      vertex -5.74975 -14.4294 49.189
      vertex -5.74975 -14.7 49.3856
    endloop
  endfacet
  facet normal -0 -0.587781 -0.80902
    outer loop
      vertex -5.74975 -14.4294 49.189
      vertex -8.25025 -14.7 49.3856
      vertex -8.25025 -14.4294 49.189
    endloop
  endfacet
  facet normal 0 0.743071 0.669213
    outer loop
      vertex -5.74975 -16.5706 46.811
      vertex -8.25025 -16.7944 47.0595
      vertex -5.74975 -16.7944 47.0595
    endloop
  endfacet
  facet normal 0 0.743071 0.669213
    outer loop
      vertex -8.25025 -16.7944 47.0595
      vertex -5.74975 -16.5706 46.811
      vertex -8.25025 -16.5706 46.811
    endloop
  endfacet
  facet normal 0 -0.951107 -0.308863
    outer loop
      vertex -8.25025 -13.935 48.3327
      vertex -5.74975 -14.0383 48.6508
      vertex -8.25025 -14.0383 48.6508
    endloop
  endfacet
  facet normal 0 -0.951107 -0.308863
    outer loop
      vertex -5.74975 -14.0383 48.6508
      vertex -8.25025 -13.935 48.3327
      vertex -5.74975 -13.935 48.3327
    endloop
  endfacet
  facet normal 0 -0.994512 0.104623
    outer loop
      vertex -8.25025 -13.935 47.6673
      vertex -5.74975 -13.9 48
      vertex -8.25025 -13.9 48
    endloop
  endfacet
  facet normal 0 -0.994512 0.104623
    outer loop
      vertex -5.74975 -13.9 48
      vertex -8.25025 -13.935 47.6673
      vertex -5.74975 -13.935 47.6673
    endloop
  endfacet
  facet normal 0 -0.743071 0.669213
    outer loop
      vertex -8.25025 -14.4294 46.811
      vertex -5.74975 -14.2056 47.0595
      vertex -8.25025 -14.2056 47.0595
    endloop
  endfacet
  facet normal 0 -0.743071 0.669213
    outer loop
      vertex -5.74975 -14.2056 47.0595
      vertex -8.25025 -14.4294 46.811
      vertex -5.74975 -14.4294 46.811
    endloop
  endfacet
  facet normal 0 0.951107 0.308863
    outer loop
      vertex -5.74975 -16.9617 47.3492
      vertex -8.25025 -17.065 47.6673
      vertex -5.74975 -17.065 47.6673
    endloop
  endfacet
  facet normal 0 0.951107 0.308863
    outer loop
      vertex -8.25025 -17.065 47.6673
      vertex -5.74975 -16.9617 47.3492
      vertex -8.25025 -16.9617 47.3492
    endloop
  endfacet
  facet normal 0 0.406832 -0.913503
    outer loop
      vertex -8.25025 -16.3 49.3856
      vertex -5.74975 -15.9944 49.5217
      vertex -5.74975 -16.3 49.3856
    endloop
  endfacet
  facet normal 0 0.406832 -0.913503
    outer loop
      vertex -5.74975 -15.9944 49.5217
      vertex -8.25025 -16.3 49.3856
      vertex -8.25025 -15.9944 49.5217
    endloop
  endfacet
  facet normal 0 -0.207773 -0.978177
    outer loop
      vertex -8.25025 -15.3328 49.5912
      vertex -5.74975 -15.0056 49.5217
      vertex -5.74975 -15.3328 49.5912
    endloop
  endfacet
  facet normal -0 -0.207773 -0.978177
    outer loop
      vertex -5.74975 -15.0056 49.5217
      vertex -8.25025 -15.3328 49.5912
      vertex -8.25025 -15.0056 49.5217
    endloop
  endfacet
  facet normal 0 0.207773 -0.978177
    outer loop
      vertex -8.25025 -15.9944 49.5217
      vertex -5.74975 -15.6672 49.5912
      vertex -5.74975 -15.9944 49.5217
    endloop
  endfacet
  facet normal 0 0.207773 -0.978177
    outer loop
      vertex -5.74975 -15.6672 49.5912
      vertex -8.25025 -15.9944 49.5217
      vertex -8.25025 -15.6672 49.5912
    endloop
  endfacet
  facet normal 0 0.865972 0.500093
    outer loop
      vertex -5.74975 -16.7944 47.0595
      vertex -8.25025 -16.9617 47.3492
      vertex -5.74975 -16.9617 47.3492
    endloop
  endfacet
  facet normal 0 0.865972 0.500093
    outer loop
      vertex -8.25025 -16.9617 47.3492
      vertex -5.74975 -16.7944 47.0595
      vertex -8.25025 -16.7944 47.0595
    endloop
  endfacet
  facet normal -0 0.587781 0.80902
    outer loop
      vertex -8.25025 -16.3 46.6144
      vertex -5.74975 -16.5706 46.811
      vertex -5.74975 -16.3 46.6144
    endloop
  endfacet
  facet normal 0 0.587781 0.80902
    outer loop
      vertex -5.74975 -16.5706 46.811
      vertex -8.25025 -16.3 46.6144
      vertex -8.25025 -16.5706 46.811
    endloop
  endfacet
  facet normal 0 0.587781 -0.80902
    outer loop
      vertex -8.25025 -16.5706 49.189
      vertex -5.74975 -16.3 49.3856
      vertex -5.74975 -16.5706 49.189
    endloop
  endfacet
  facet normal 0 0.587781 -0.80902
    outer loop
      vertex -5.74975 -16.3 49.3856
      vertex -8.25025 -16.5706 49.189
      vertex -8.25025 -16.3 49.3856
    endloop
  endfacet
  facet normal -0 0.406832 0.913503
    outer loop
      vertex -8.25025 -15.9944 46.4783
      vertex -5.74975 -16.3 46.6144
      vertex -5.74975 -15.9944 46.4783
    endloop
  endfacet
  facet normal 0 0.406832 0.913503
    outer loop
      vertex -5.74975 -16.3 46.6144
      vertex -8.25025 -15.9944 46.4783
      vertex -8.25025 -16.3 46.6144
    endloop
  endfacet
  facet normal 0 -0.865972 0.500093
    outer loop
      vertex -8.25025 -14.2056 47.0595
      vertex -5.74975 -14.0383 47.3492
      vertex -8.25025 -14.0383 47.3492
    endloop
  endfacet
  facet normal 0 -0.865972 0.500093
    outer loop
      vertex -5.74975 -14.0383 47.3492
      vertex -8.25025 -14.2056 47.0595
      vertex -5.74975 -14.2056 47.0595
    endloop
  endfacet
  facet normal -0 0.207773 0.978177
    outer loop
      vertex -8.25025 -15.6672 46.4088
      vertex -5.74975 -15.9944 46.4783
      vertex -5.74975 -15.6672 46.4088
    endloop
  endfacet
  facet normal 0 0.207773 0.978177
    outer loop
      vertex -5.74975 -15.9944 46.4783
      vertex -8.25025 -15.6672 46.4088
      vertex -8.25025 -15.9944 46.4783
    endloop
  endfacet
  facet normal 0 -0.406832 0.913503
    outer loop
      vertex -8.25025 -14.7 46.6144
      vertex -5.74975 -15.0056 46.4783
      vertex -5.74975 -14.7 46.6144
    endloop
  endfacet
  facet normal 0 -0.406832 0.913503
    outer loop
      vertex -5.74975 -15.0056 46.4783
      vertex -8.25025 -14.7 46.6144
      vertex -8.25025 -15.0056 46.4783
    endloop
  endfacet
  facet normal 0 -0.994512 -0.104623
    outer loop
      vertex -8.25025 -13.9 48
      vertex -5.74975 -13.935 48.3327
      vertex -8.25025 -13.935 48.3327
    endloop
  endfacet
  facet normal 0 -0.994512 -0.104623
    outer loop
      vertex -5.74975 -13.935 48.3327
      vertex -8.25025 -13.9 48
      vertex -5.74975 -13.9 48
    endloop
  endfacet
  facet normal 0 -0.865972 -0.500093
    outer loop
      vertex -8.25025 -14.0383 48.6508
      vertex -5.74975 -14.2056 48.9405
      vertex -8.25025 -14.2056 48.9405
    endloop
  endfacet
  facet normal 0 -0.865972 -0.500093
    outer loop
      vertex -5.74975 -14.2056 48.9405
      vertex -8.25025 -14.0383 48.6508
      vertex -5.74975 -14.0383 48.6508
    endloop
  endfacet
  facet normal 0 0 -1
    outer loop
      vertex -8.25025 15.3328 49.5912
      vertex -5.74975 15.6672 49.5912
      vertex -5.74975 15.3328 49.5912
    endloop
  endfacet
  facet normal -0 0 -1
    outer loop
      vertex -5.74975 15.6672 49.5912
      vertex -8.25025 15.3328 49.5912
      vertex -8.25025 15.6672 49.5912
    endloop
  endfacet
  facet normal 0 0.951107 -0.308863
    outer loop
      vertex -5.74975 13.935 48.3327
      vertex -8.25025 14.0383 48.6508
      vertex -5.74975 14.0383 48.6508
    endloop
  endfacet
  facet normal 0 0.951107 -0.308863
    outer loop
      vertex -8.25025 14.0383 48.6508
      vertex -5.74975 13.935 48.3327
      vertex -8.25025 13.935 48.3327
    endloop
  endfacet
  facet normal 0 0.994512 -0.104623
    outer loop
      vertex -5.74975 13.9 48
      vertex -8.25025 13.935 48.3327
      vertex -5.74975 13.935 48.3327
    endloop
  endfacet
  facet normal 0 0.994512 -0.104623
    outer loop
      vertex -8.25025 13.935 48.3327
      vertex -5.74975 13.9 48
      vertex -8.25025 13.9 48
    endloop
  endfacet
  facet normal 0 0.865972 -0.500093
    outer loop
      vertex -5.74975 14.0383 48.6508
      vertex -8.25025 14.2056 48.9405
      vertex -5.74975 14.2056 48.9405
    endloop
  endfacet
  facet normal 0 0.865972 -0.500093
    outer loop
      vertex -8.25025 14.2056 48.9405
      vertex -5.74975 14.0383 48.6508
      vertex -8.25025 14.0383 48.6508
    endloop
  endfacet
  facet normal -0 0 1
    outer loop
      vertex -8.25025 15.6672 46.4088
      vertex -5.74975 15.3328 46.4088
      vertex -5.74975 15.6672 46.4088
    endloop
  endfacet
  facet normal 0 0 1
    outer loop
      vertex -5.74975 15.3328 46.4088
      vertex -8.25025 15.6672 46.4088
      vertex -8.25025 15.3328 46.4088
    endloop
  endfacet
  facet normal 0 -0.207773 0.978177
    outer loop
      vertex -8.25025 15.9944 46.4783
      vertex -5.74975 15.6672 46.4088
      vertex -5.74975 15.9944 46.4783
    endloop
  endfacet
  facet normal 0 -0.207773 0.978177
    outer loop
      vertex -5.74975 15.6672 46.4088
      vertex -8.25025 15.9944 46.4783
      vertex -8.25025 15.6672 46.4088
    endloop
  endfacet
  facet normal 0 -0.951107 0.308863
    outer loop
      vertex -8.25025 16.9617 47.3492
      vertex -5.74975 17.065 47.6673
      vertex -8.25025 17.065 47.6673
    endloop
  endfacet
  facet normal 0 -0.951107 0.308863
    outer loop
      vertex -5.74975 17.065 47.6673
      vertex -8.25025 16.9617 47.3492
      vertex -5.74975 16.9617 47.3492
    endloop
  endfacet
  facet normal 0 0.994512 0.104623
    outer loop
      vertex -5.74975 13.935 47.6673
      vertex -8.25025 13.9 48
      vertex -5.74975 13.9 48
    endloop
  endfacet
  facet normal 0 0.994512 0.104623
    outer loop
      vertex -8.25025 13.9 48
      vertex -5.74975 13.935 47.6673
      vertex -8.25025 13.935 47.6673
    endloop
  endfacet
  facet normal 0 -0.743071 -0.669213
    outer loop
      vertex -8.25025 16.7944 48.9405
      vertex -5.74975 16.5706 49.189
      vertex -8.25025 16.5706 49.189
    endloop
  endfacet
  facet normal 0 -0.743071 -0.669213
    outer loop
      vertex -5.74975 16.5706 49.189
      vertex -8.25025 16.7944 48.9405
      vertex -5.74975 16.7944 48.9405
    endloop
  endfacet
  facet normal 0 -0.587781 0.80902
    outer loop
      vertex -8.25025 16.5706 46.811
      vertex -5.74975 16.3 46.6144
      vertex -5.74975 16.5706 46.811
    endloop
  endfacet
  facet normal 0 -0.587781 0.80902
    outer loop
      vertex -5.74975 16.3 46.6144
      vertex -8.25025 16.5706 46.811
      vertex -8.25025 16.3 46.6144
    endloop
  endfacet
  facet normal 0 0.743071 -0.669213
    outer loop
      vertex -5.74975 14.2056 48.9405
      vertex -8.25025 14.4294 49.189
      vertex -5.74975 14.4294 49.189
    endloop
  endfacet
  facet normal 0 0.743071 -0.669213
    outer loop
      vertex -8.25025 14.4294 49.189
      vertex -5.74975 14.2056 48.9405
      vertex -8.25025 14.2056 48.9405
    endloop
  endfacet
  facet normal 0 -0.406832 -0.913503
    outer loop
      vertex -8.25025 15.9944 49.5217
      vertex -5.74975 16.3 49.3856
      vertex -5.74975 15.9944 49.5217
    endloop
  endfacet
  facet normal -0 -0.406832 -0.913503
    outer loop
      vertex -5.74975 16.3 49.3856
      vertex -8.25025 15.9944 49.5217
      vertex -8.25025 16.3 49.3856
    endloop
  endfacet
  facet normal 0 -0.587781 -0.80902
    outer loop
      vertex -8.25025 16.3 49.3856
      vertex -5.74975 16.5706 49.189
      vertex -5.74975 16.3 49.3856
    endloop
  endfacet
  facet normal -0 -0.587781 -0.80902
    outer loop
      vertex -5.74975 16.5706 49.189
      vertex -8.25025 16.3 49.3856
      vertex -8.25025 16.5706 49.189
    endloop
  endfacet
  facet normal 0 0.743071 0.669213
    outer loop
      vertex -5.74975 14.4294 46.811
      vertex -8.25025 14.2056 47.0595
      vertex -5.74975 14.2056 47.0595
    endloop
  endfacet
  facet normal 0 0.743071 0.669213
    outer loop
      vertex -8.25025 14.2056 47.0595
      vertex -5.74975 14.4294 46.811
      vertex -8.25025 14.4294 46.811
    endloop
  endfacet
  facet normal 0 -0.951107 -0.308863
    outer loop
      vertex -8.25025 17.065 48.3327
      vertex -5.74975 16.9617 48.6508
      vertex -8.25025 16.9617 48.6508
    endloop
  endfacet
  facet normal 0 -0.951107 -0.308863
    outer loop
      vertex -5.74975 16.9617 48.6508
      vertex -8.25025 17.065 48.3327
      vertex -5.74975 17.065 48.3327
    endloop
  endfacet
  facet normal 0 -0.994512 0.104623
    outer loop
      vertex -8.25025 17.065 47.6673
      vertex -5.74975 17.1 48
      vertex -8.25025 17.1 48
    endloop
  endfacet
  facet normal 0 -0.994512 0.104623
    outer loop
      vertex -5.74975 17.1 48
      vertex -8.25025 17.065 47.6673
      vertex -5.74975 17.065 47.6673
    endloop
  endfacet
  facet normal 0 -0.743071 0.669213
    outer loop
      vertex -8.25025 16.5706 46.811
      vertex -5.74975 16.7944 47.0595
      vertex -8.25025 16.7944 47.0595
    endloop
  endfacet
  facet normal 0 -0.743071 0.669213
    outer loop
      vertex -5.74975 16.7944 47.0595
      vertex -8.25025 16.5706 46.811
      vertex -5.74975 16.5706 46.811
    endloop
  endfacet
  facet normal 0 0.951107 0.308863
    outer loop
      vertex -5.74975 14.0383 47.3492
      vertex -8.25025 13.935 47.6673
      vertex -5.74975 13.935 47.6673
    endloop
  endfacet
  facet normal 0 0.951107 0.308863
    outer loop
      vertex -8.25025 13.935 47.6673
      vertex -5.74975 14.0383 47.3492
      vertex -8.25025 14.0383 47.3492
    endloop
  endfacet
  facet normal 0 0.406832 -0.913503
    outer loop
      vertex -8.25025 14.7 49.3856
      vertex -5.74975 15.0056 49.5217
      vertex -5.74975 14.7 49.3856
    endloop
  endfacet
  facet normal 0 0.406832 -0.913503
    outer loop
      vertex -5.74975 15.0056 49.5217
      vertex -8.25025 14.7 49.3856
      vertex -8.25025 15.0056 49.5217
    endloop
  endfacet
  facet normal 0 -0.207773 -0.978177
    outer loop
      vertex -8.25025 15.6672 49.5912
      vertex -5.74975 15.9944 49.5217
      vertex -5.74975 15.6672 49.5912
    endloop
  endfacet
  facet normal -0 -0.207773 -0.978177
    outer loop
      vertex -5.74975 15.9944 49.5217
      vertex -8.25025 15.6672 49.5912
      vertex -8.25025 15.9944 49.5217
    endloop
  endfacet
  facet normal 0 0.207773 -0.978177
    outer loop
      vertex -8.25025 15.0056 49.5217
      vertex -5.74975 15.3328 49.5912
      vertex -5.74975 15.0056 49.5217
    endloop
  endfacet
  facet normal 0 0.207773 -0.978177
    outer loop
      vertex -5.74975 15.3328 49.5912
      vertex -8.25025 15.0056 49.5217
      vertex -8.25025 15.3328 49.5912
    endloop
  endfacet
  facet normal 0 0.865972 0.500093
    outer loop
      vertex -5.74975 14.2056 47.0595
      vertex -8.25025 14.0383 47.3492
      vertex -5.74975 14.0383 47.3492
    endloop
  endfacet
  facet normal 0 0.865972 0.500093
    outer loop
      vertex -8.25025 14.0383 47.3492
      vertex -5.74975 14.2056 47.0595
      vertex -8.25025 14.2056 47.0595
    endloop
  endfacet
  facet normal -0 0.587781 0.80902
    outer loop
      vertex -8.25025 14.7 46.6144
      vertex -5.74975 14.4294 46.811
      vertex -5.74975 14.7 46.6144
    endloop
  endfacet
  facet normal 0 0.587781 0.80902
    outer loop
      vertex -5.74975 14.4294 46.811
      vertex -8.25025 14.7 46.6144
      vertex -8.25025 14.4294 46.811
    endloop
  endfacet
  facet normal 0 0.587781 -0.80902
    outer loop
      vertex -8.25025 14.4294 49.189
      vertex -5.74975 14.7 49.3856
      vertex -5.74975 14.4294 49.189
    endloop
  endfacet
  facet normal 0 0.587781 -0.80902
    outer loop
      vertex -5.74975 14.7 49.3856
      vertex -8.25025 14.4294 49.189
      vertex -8.25025 14.7 49.3856
    endloop
  endfacet
  facet normal -0 0.406832 0.913503
    outer loop
      vertex -8.25025 15.0056 46.4783
      vertex -5.74975 14.7 46.6144
      vertex -5.74975 15.0056 46.4783
    endloop
  endfacet
  facet normal 0 0.406832 0.913503
    outer loop
      vertex -5.74975 14.7 46.6144
      vertex -8.25025 15.0056 46.4783
      vertex -8.25025 14.7 46.6144
    endloop
  endfacet
  facet normal 0 -0.865972 0.500093
    outer loop
      vertex -8.25025 16.7944 47.0595
      vertex -5.74975 16.9617 47.3492
      vertex -8.25025 16.9617 47.3492
    endloop
  endfacet
  facet normal 0 -0.865972 0.500093
    outer loop
      vertex -5.74975 16.9617 47.3492
      vertex -8.25025 16.7944 47.0595
      vertex -5.74975 16.7944 47.0595
    endloop
  endfacet
  facet normal -0 0.207773 0.978177
    outer loop
      vertex -8.25025 15.3328 46.4088
      vertex -5.74975 15.0056 46.4783
      vertex -5.74975 15.3328 46.4088
    endloop
  endfacet
  facet normal 0 0.207773 0.978177
    outer loop
      vertex -5.74975 15.0056 46.4783
      vertex -8.25025 15.3328 46.4088
      vertex -8.25025 15.0056 46.4783
    endloop
  endfacet
  facet normal 0 -0.406832 0.913503
    outer loop
      vertex -8.25025 16.3 46.6144
      vertex -5.74975 15.9944 46.4783
      vertex -5.74975 16.3 46.6144
    endloop
  endfacet
  facet normal 0 -0.406832 0.913503
    outer loop
      vertex -5.74975 15.9944 46.4783
      vertex -8.25025 16.3 46.6144
      vertex -8.25025 15.9944 46.4783
    endloop
  endfacet
  facet normal 0 -0.994512 -0.104623
    outer loop
      vertex -8.25025 17.1 48
      vertex -5.74975 17.065 48.3327
      vertex -8.25025 17.065 48.3327
    endloop
  endfacet
  facet normal 0 -0.994512 -0.104623
    outer loop
      vertex -5.74975 17.065 48.3327
      vertex -8.25025 17.1 48
      vertex -5.74975 17.1 48
    endloop
  endfacet
  facet normal 0 -0.865972 -0.500093
    outer loop
      vertex -8.25025 16.9617 48.6508
      vertex -5.74975 16.7944 48.9405
      vertex -8.25025 16.7944 48.9405
    endloop
  endfacet
  facet normal 0 -0.865972 -0.500093
    outer loop
      vertex -5.74975 16.7944 48.9405
      vertex -8.25025 16.9617 48.6508
      vertex -5.74975 16.9617 48.6508
    endloop
  endfacet
  facet normal 0 -0.994512 -0.104623
    outer loop
      vertex -8.25025 17.1 17
      vertex -5.74975 17.065 17.3327
      vertex -8.25025 17.065 17.3327
    endloop
  endfacet
  facet normal 0 -0.994512 -0.104623
    outer loop
      vertex -5.74975 17.065 17.3327
      vertex -8.25025 17.1 17
      vertex -5.74975 17.1 17
    endloop
  endfacet
  facet normal 0 0.951107 -0.308863
    outer loop
      vertex -5.74975 13.935 17.3327
      vertex -8.25025 14.0383 17.6508
      vertex -5.74975 14.0383 17.6508
    endloop
  endfacet
  facet normal 0 0.951107 -0.308863
    outer loop
      vertex -8.25025 14.0383 17.6508
      vertex -5.74975 13.935 17.3327
      vertex -8.25025 13.935 17.3327
    endloop
  endfacet
  facet normal 0 0.994512 -0.104623
    outer loop
      vertex -5.74975 13.9 17
      vertex -8.25025 13.935 17.3327
      vertex -5.74975 13.935 17.3327
    endloop
  endfacet
  facet normal 0 0.994512 -0.104623
    outer loop
      vertex -8.25025 13.935 17.3327
      vertex -5.74975 13.9 17
      vertex -8.25025 13.9 17
    endloop
  endfacet
  facet normal 0 0.865972 -0.500093
    outer loop
      vertex -5.74975 14.0383 17.6508
      vertex -8.25025 14.2056 17.9405
      vertex -5.74975 14.2056 17.9405
    endloop
  endfacet
  facet normal 0 0.865972 -0.500093
    outer loop
      vertex -8.25025 14.2056 17.9405
      vertex -5.74975 14.0383 17.6508
      vertex -8.25025 14.0383 17.6508
    endloop
  endfacet
  facet normal 0 0.994512 0.104623
    outer loop
      vertex -5.74975 13.935 16.6673
      vertex -8.25025 13.9 17
      vertex -5.74975 13.9 17
    endloop
  endfacet
  facet normal 0 0.994512 0.104623
    outer loop
      vertex -8.25025 13.9 17
      vertex -5.74975 13.935 16.6673
      vertex -8.25025 13.935 16.6673
    endloop
  endfacet
  facet normal 0 0.743071 -0.669213
    outer loop
      vertex -5.74975 14.2056 17.9405
      vertex -8.25025 14.4294 18.189
      vertex -5.74975 14.4294 18.189
    endloop
  endfacet
  facet normal 0 0.743071 -0.669213
    outer loop
      vertex -8.25025 14.4294 18.189
      vertex -5.74975 14.2056 17.9405
      vertex -8.25025 14.2056 17.9405
    endloop
  endfacet
  facet normal 0 0.865972 0.500093
    outer loop
      vertex -5.74975 14.2056 16.0595
      vertex -8.25025 14.0383 16.3492
      vertex -5.74975 14.0383 16.3492
    endloop
  endfacet
  facet normal 0 0.865972 0.500093
    outer loop
      vertex -8.25025 14.0383 16.3492
      vertex -5.74975 14.2056 16.0595
      vertex -8.25025 14.2056 16.0595
    endloop
  endfacet
  facet normal 0 0.207773 -0.978177
    outer loop
      vertex -8.25025 15.0056 18.5217
      vertex -5.74975 15.3328 18.5912
      vertex -5.74975 15.0056 18.5217
    endloop
  endfacet
  facet normal 0 0.207773 -0.978177
    outer loop
      vertex -5.74975 15.3328 18.5912
      vertex -8.25025 15.0056 18.5217
      vertex -8.25025 15.3328 18.5912
    endloop
  endfacet
  facet normal 0 -0.951107 0.308863
    outer loop
      vertex -8.25025 16.9617 16.3492
      vertex -5.74975 17.065 16.6673
      vertex -8.25025 17.065 16.6673
    endloop
  endfacet
  facet normal 0 -0.951107 0.308863
    outer loop
      vertex -5.74975 17.065 16.6673
      vertex -8.25025 16.9617 16.3492
      vertex -5.74975 16.9617 16.3492
    endloop
  endfacet
  facet normal 0 0.587781 -0.80902
    outer loop
      vertex -8.25025 14.4294 18.189
      vertex -5.74975 14.7 18.3856
      vertex -5.74975 14.4294 18.189
    endloop
  endfacet
  facet normal 0 0.587781 -0.80902
    outer loop
      vertex -5.74975 14.7 18.3856
      vertex -8.25025 14.4294 18.189
      vertex -8.25025 14.7 18.3856
    endloop
  endfacet
  facet normal 0 -0.743071 0.669213
    outer loop
      vertex -8.25025 16.5706 15.811
      vertex -5.74975 16.7944 16.0595
      vertex -8.25025 16.7944 16.0595
    endloop
  endfacet
  facet normal 0 -0.743071 0.669213
    outer loop
      vertex -5.74975 16.7944 16.0595
      vertex -8.25025 16.5706 15.811
      vertex -5.74975 16.5706 15.811
    endloop
  endfacet
  facet normal 0 -0.587781 -0.80902
    outer loop
      vertex -8.25025 16.3 18.3856
      vertex -5.74975 16.5706 18.189
      vertex -5.74975 16.3 18.3856
    endloop
  endfacet
  facet normal -0 -0.587781 -0.80902
    outer loop
      vertex -5.74975 16.5706 18.189
      vertex -8.25025 16.3 18.3856
      vertex -8.25025 16.5706 18.189
    endloop
  endfacet
  facet normal -0 0.207773 0.978177
    outer loop
      vertex -8.25025 15.3328 15.4088
      vertex -5.74975 15.0056 15.4783
      vertex -5.74975 15.3328 15.4088
    endloop
  endfacet
  facet normal 0 0.207773 0.978177
    outer loop
      vertex -5.74975 15.0056 15.4783
      vertex -8.25025 15.3328 15.4088
      vertex -8.25025 15.0056 15.4783
    endloop
  endfacet
  facet normal 0 0.743071 0.669213
    outer loop
      vertex -5.74975 14.4294 15.811
      vertex -8.25025 14.2056 16.0595
      vertex -5.74975 14.2056 16.0595
    endloop
  endfacet
  facet normal 0 0.743071 0.669213
    outer loop
      vertex -8.25025 14.2056 16.0595
      vertex -5.74975 14.4294 15.811
      vertex -8.25025 14.4294 15.811
    endloop
  endfacet
  facet normal 0 -0.951107 -0.308863
    outer loop
      vertex -8.25025 17.065 17.3327
      vertex -5.74975 16.9617 17.6508
      vertex -8.25025 16.9617 17.6508
    endloop
  endfacet
  facet normal 0 -0.951107 -0.308863
    outer loop
      vertex -5.74975 16.9617 17.6508
      vertex -8.25025 17.065 17.3327
      vertex -5.74975 17.065 17.3327
    endloop
  endfacet
  facet normal 0 -0.406832 0.913503
    outer loop
      vertex -8.25025 16.3 15.6144
      vertex -5.74975 15.9944 15.4783
      vertex -5.74975 16.3 15.6144
    endloop
  endfacet
  facet normal 0 -0.406832 0.913503
    outer loop
      vertex -5.74975 15.9944 15.4783
      vertex -8.25025 16.3 15.6144
      vertex -8.25025 15.9944 15.4783
    endloop
  endfacet
  facet normal 0 -0.406832 -0.913503
    outer loop
      vertex -8.25025 15.9944 18.5217
      vertex -5.74975 16.3 18.3856
      vertex -5.74975 15.9944 18.5217
    endloop
  endfacet
  facet normal -0 -0.406832 -0.913503
    outer loop
      vertex -5.74975 16.3 18.3856
      vertex -8.25025 15.9944 18.5217
      vertex -8.25025 16.3 18.3856
    endloop
  endfacet
  facet normal -0 0.406832 0.913503
    outer loop
      vertex -8.25025 15.0056 15.4783
      vertex -5.74975 14.7 15.6144
      vertex -5.74975 15.0056 15.4783
    endloop
  endfacet
  facet normal 0 0.406832 0.913503
    outer loop
      vertex -5.74975 14.7 15.6144
      vertex -8.25025 15.0056 15.4783
      vertex -8.25025 14.7 15.6144
    endloop
  endfacet
  facet normal 0 0.951107 0.308863
    outer loop
      vertex -5.74975 14.0383 16.3492
      vertex -8.25025 13.935 16.6673
      vertex -5.74975 13.935 16.6673
    endloop
  endfacet
  facet normal 0 0.951107 0.308863
    outer loop
      vertex -8.25025 13.935 16.6673
      vertex -5.74975 14.0383 16.3492
      vertex -8.25025 14.0383 16.3492
    endloop
  endfacet
  facet normal 0 -0.994512 0.104623
    outer loop
      vertex -8.25025 17.065 16.6673
      vertex -5.74975 17.1 17
      vertex -8.25025 17.1 17
    endloop
  endfacet
  facet normal 0 -0.994512 0.104623
    outer loop
      vertex -5.74975 17.1 17
      vertex -8.25025 17.065 16.6673
      vertex -5.74975 17.065 16.6673
    endloop
  endfacet
  facet normal 0 -0.207773 0.978177
    outer loop
      vertex -8.25025 15.9944 15.4783
      vertex -5.74975 15.6672 15.4088
      vertex -5.74975 15.9944 15.4783
    endloop
  endfacet
  facet normal 0 -0.207773 0.978177
    outer loop
      vertex -5.74975 15.6672 15.4088
      vertex -8.25025 15.9944 15.4783
      vertex -8.25025 15.6672 15.4088
    endloop
  endfacet
  facet normal 0 -0.865972 0.500093
    outer loop
      vertex -8.25025 16.7944 16.0595
      vertex -5.74975 16.9617 16.3492
      vertex -8.25025 16.9617 16.3492
    endloop
  endfacet
  facet normal 0 -0.865972 0.500093
    outer loop
      vertex -5.74975 16.9617 16.3492
      vertex -8.25025 16.7944 16.0595
      vertex -5.74975 16.7944 16.0595
    endloop
  endfacet
  facet normal 0 -0.207773 -0.978177
    outer loop
      vertex -8.25025 15.6672 18.5912
      vertex -5.74975 15.9944 18.5217
      vertex -5.74975 15.6672 18.5912
    endloop
  endfacet
  facet normal -0 -0.207773 -0.978177
    outer loop
      vertex -5.74975 15.9944 18.5217
      vertex -8.25025 15.6672 18.5912
      vertex -8.25025 15.9944 18.5217
    endloop
  endfacet
  facet normal 0 0.406832 -0.913503
    outer loop
      vertex -8.25025 14.7 18.3856
      vertex -5.74975 15.0056 18.5217
      vertex -5.74975 14.7 18.3856
    endloop
  endfacet
  facet normal 0 0.406832 -0.913503
    outer loop
      vertex -5.74975 15.0056 18.5217
      vertex -8.25025 14.7 18.3856
      vertex -8.25025 15.0056 18.5217
    endloop
  endfacet
  facet normal 0 -0.743071 -0.669213
    outer loop
      vertex -8.25025 16.7944 17.9405
      vertex -5.74975 16.5706 18.189
      vertex -8.25025 16.5706 18.189
    endloop
  endfacet
  facet normal 0 -0.743071 -0.669213
    outer loop
      vertex -5.74975 16.5706 18.189
      vertex -8.25025 16.7944 17.9405
      vertex -5.74975 16.7944 17.9405
    endloop
  endfacet
  facet normal 0 -0.865972 -0.500093
    outer loop
      vertex -8.25025 16.9617 17.6508
      vertex -5.74975 16.7944 17.9405
      vertex -8.25025 16.7944 17.9405
    endloop
  endfacet
  facet normal 0 -0.865972 -0.500093
    outer loop
      vertex -5.74975 16.7944 17.9405
      vertex -8.25025 16.9617 17.6508
      vertex -5.74975 16.9617 17.6508
    endloop
  endfacet
  facet normal -0 0 1
    outer loop
      vertex -8.25025 15.6672 15.4088
      vertex -5.74975 15.3328 15.4088
      vertex -5.74975 15.6672 15.4088
    endloop
  endfacet
  facet normal 0 0 1
    outer loop
      vertex -5.74975 15.3328 15.4088
      vertex -8.25025 15.6672 15.4088
      vertex -8.25025 15.3328 15.4088
    endloop
  endfacet
  facet normal -0 0.587781 0.80902
    outer loop
      vertex -8.25025 14.7 15.6144
      vertex -5.74975 14.4294 15.811
      vertex -5.74975 14.7 15.6144
    endloop
  endfacet
  facet normal 0 0.587781 0.80902
    outer loop
      vertex -5.74975 14.4294 15.811
      vertex -8.25025 14.7 15.6144
      vertex -8.25025 14.4294 15.811
    endloop
  endfacet
  facet normal 0 0 -1
    outer loop
      vertex -8.25025 15.3328 18.5912
      vertex -5.74975 15.6672 18.5912
      vertex -5.74975 15.3328 18.5912
    endloop
  endfacet
  facet normal -0 0 -1
    outer loop
      vertex -5.74975 15.6672 18.5912
      vertex -8.25025 15.3328 18.5912
      vertex -8.25025 15.6672 18.5912
    endloop
  endfacet
  facet normal 0 -0.587781 0.80902
    outer loop
      vertex -8.25025 16.5706 15.811
      vertex -5.74975 16.3 15.6144
      vertex -5.74975 16.5706 15.811
    endloop
  endfacet
  facet normal 0 -0.587781 0.80902
    outer loop
      vertex -5.74975 16.3 15.6144
      vertex -8.25025 16.5706 15.811
      vertex -8.25025 16.3 15.6144
    endloop
  endfacet
  facet normal 0 -0.994512 -0.104623
    outer loop
      vertex -8.25025 -13.9 17
      vertex -5.74975 -13.935 17.3327
      vertex -8.25025 -13.935 17.3327
    endloop
  endfacet
  facet normal 0 -0.994512 -0.104623
    outer loop
      vertex -5.74975 -13.935 17.3327
      vertex -8.25025 -13.9 17
      vertex -5.74975 -13.9 17
    endloop
  endfacet
  facet normal 0 0.951107 -0.308863
    outer loop
      vertex -5.74975 -17.065 17.3327
      vertex -8.25025 -16.9617 17.6508
      vertex -5.74975 -16.9617 17.6508
    endloop
  endfacet
  facet normal 0 0.951107 -0.308863
    outer loop
      vertex -8.25025 -16.9617 17.6508
      vertex -5.74975 -17.065 17.3327
      vertex -8.25025 -17.065 17.3327
    endloop
  endfacet
  facet normal 0 0.994512 -0.104623
    outer loop
      vertex -5.74975 -17.1 17
      vertex -8.25025 -17.065 17.3327
      vertex -5.74975 -17.065 17.3327
    endloop
  endfacet
  facet normal 0 0.994512 -0.104623
    outer loop
      vertex -8.25025 -17.065 17.3327
      vertex -5.74975 -17.1 17
      vertex -8.25025 -17.1 17
    endloop
  endfacet
  facet normal 0 0.865972 -0.500093
    outer loop
      vertex -5.74975 -16.9617 17.6508
      vertex -8.25025 -16.7944 17.9405
      vertex -5.74975 -16.7944 17.9405
    endloop
  endfacet
  facet normal 0 0.865972 -0.500093
    outer loop
      vertex -8.25025 -16.7944 17.9405
      vertex -5.74975 -16.9617 17.6508
      vertex -8.25025 -16.9617 17.6508
    endloop
  endfacet
  facet normal 0 0.994512 0.104623
    outer loop
      vertex -5.74975 -17.065 16.6673
      vertex -8.25025 -17.1 17
      vertex -5.74975 -17.1 17
    endloop
  endfacet
  facet normal 0 0.994512 0.104623
    outer loop
      vertex -8.25025 -17.1 17
      vertex -5.74975 -17.065 16.6673
      vertex -8.25025 -17.065 16.6673
    endloop
  endfacet
  facet normal 0 0.743071 -0.669213
    outer loop
      vertex -5.74975 -16.7944 17.9405
      vertex -8.25025 -16.5706 18.189
      vertex -5.74975 -16.5706 18.189
    endloop
  endfacet
  facet normal 0 0.743071 -0.669213
    outer loop
      vertex -8.25025 -16.5706 18.189
      vertex -5.74975 -16.7944 17.9405
      vertex -8.25025 -16.7944 17.9405
    endloop
  endfacet
  facet normal 0 0.865972 0.500093
    outer loop
      vertex -5.74975 -16.7944 16.0595
      vertex -8.25025 -16.9617 16.3492
      vertex -5.74975 -16.9617 16.3492
    endloop
  endfacet
  facet normal 0 0.865972 0.500093
    outer loop
      vertex -8.25025 -16.9617 16.3492
      vertex -5.74975 -16.7944 16.0595
      vertex -8.25025 -16.7944 16.0595
    endloop
  endfacet
  facet normal 0 0.207773 -0.978177
    outer loop
      vertex -8.25025 -15.9944 18.5217
      vertex -5.74975 -15.6672 18.5912
      vertex -5.74975 -15.9944 18.5217
    endloop
  endfacet
  facet normal 0 0.207773 -0.978177
    outer loop
      vertex -5.74975 -15.6672 18.5912
      vertex -8.25025 -15.9944 18.5217
      vertex -8.25025 -15.6672 18.5912
    endloop
  endfacet
  facet normal 0 -0.951107 0.308863
    outer loop
      vertex -8.25025 -14.0383 16.3492
      vertex -5.74975 -13.935 16.6673
      vertex -8.25025 -13.935 16.6673
    endloop
  endfacet
  facet normal 0 -0.951107 0.308863
    outer loop
      vertex -5.74975 -13.935 16.6673
      vertex -8.25025 -14.0383 16.3492
      vertex -5.74975 -14.0383 16.3492
    endloop
  endfacet
  facet normal -0 0 1
    outer loop
      vertex -8.25025 -15.3328 15.4088
      vertex -5.74975 -15.6672 15.4088
      vertex -5.74975 -15.3328 15.4088
    endloop
  endfacet
  facet normal 0 0 1
    outer loop
      vertex -5.74975 -15.6672 15.4088
      vertex -8.25025 -15.3328 15.4088
      vertex -8.25025 -15.6672 15.4088
    endloop
  endfacet
  facet normal 0 0.587781 -0.80902
    outer loop
      vertex -8.25025 -16.5706 18.189
      vertex -5.74975 -16.3 18.3856
      vertex -5.74975 -16.5706 18.189
    endloop
  endfacet
  facet normal 0 0.587781 -0.80902
    outer loop
      vertex -5.74975 -16.3 18.3856
      vertex -8.25025 -16.5706 18.189
      vertex -8.25025 -16.3 18.3856
    endloop
  endfacet
  facet normal 0 -0.743071 0.669213
    outer loop
      vertex -8.25025 -14.4294 15.811
      vertex -5.74975 -14.2056 16.0595
      vertex -8.25025 -14.2056 16.0595
    endloop
  endfacet
  facet normal 0 -0.743071 0.669213
    outer loop
      vertex -5.74975 -14.2056 16.0595
      vertex -8.25025 -14.4294 15.811
      vertex -5.74975 -14.4294 15.811
    endloop
  endfacet
  facet normal 0 -0.587781 -0.80902
    outer loop
      vertex -8.25025 -14.7 18.3856
      vertex -5.74975 -14.4294 18.189
      vertex -5.74975 -14.7 18.3856
    endloop
  endfacet
  facet normal -0 -0.587781 -0.80902
    outer loop
      vertex -5.74975 -14.4294 18.189
      vertex -8.25025 -14.7 18.3856
      vertex -8.25025 -14.4294 18.189
    endloop
  endfacet
  facet normal -0 0.207773 0.978177
    outer loop
      vertex -8.25025 -15.6672 15.4088
      vertex -5.74975 -15.9944 15.4783
      vertex -5.74975 -15.6672 15.4088
    endloop
  endfacet
  facet normal 0 0.207773 0.978177
    outer loop
      vertex -5.74975 -15.9944 15.4783
      vertex -8.25025 -15.6672 15.4088
      vertex -8.25025 -15.9944 15.4783
    endloop
  endfacet
  facet normal 0 0.743071 0.669213
    outer loop
      vertex -5.74975 -16.5706 15.811
      vertex -8.25025 -16.7944 16.0595
      vertex -5.74975 -16.7944 16.0595
    endloop
  endfacet
  facet normal 0 0.743071 0.669213
    outer loop
      vertex -8.25025 -16.7944 16.0595
      vertex -5.74975 -16.5706 15.811
      vertex -8.25025 -16.5706 15.811
    endloop
  endfacet
  facet normal 0 -0.951107 -0.308863
    outer loop
      vertex -8.25025 -13.935 17.3327
      vertex -5.74975 -14.0383 17.6508
      vertex -8.25025 -14.0383 17.6508
    endloop
  endfacet
  facet normal 0 -0.951107 -0.308863
    outer loop
      vertex -5.74975 -14.0383 17.6508
      vertex -8.25025 -13.935 17.3327
      vertex -5.74975 -13.935 17.3327
    endloop
  endfacet
  facet normal 0 -0.406832 0.913503
    outer loop
      vertex -8.25025 -14.7 15.6144
      vertex -5.74975 -15.0056 15.4783
      vertex -5.74975 -14.7 15.6144
    endloop
  endfacet
  facet normal 0 -0.406832 0.913503
    outer loop
      vertex -5.74975 -15.0056 15.4783
      vertex -8.25025 -14.7 15.6144
      vertex -8.25025 -15.0056 15.4783
    endloop
  endfacet
  facet normal 0 -0.406832 -0.913503
    outer loop
      vertex -8.25025 -15.0056 18.5217
      vertex -5.74975 -14.7 18.3856
      vertex -5.74975 -15.0056 18.5217
    endloop
  endfacet
  facet normal -0 -0.406832 -0.913503
    outer loop
      vertex -5.74975 -14.7 18.3856
      vertex -8.25025 -15.0056 18.5217
      vertex -8.25025 -14.7 18.3856
    endloop
  endfacet
  facet normal -0 0.406832 0.913503
    outer loop
      vertex -8.25025 -15.9944 15.4783
      vertex -5.74975 -16.3 15.6144
      vertex -5.74975 -15.9944 15.4783
    endloop
  endfacet
  facet normal 0 0.406832 0.913503
    outer loop
      vertex -5.74975 -16.3 15.6144
      vertex -8.25025 -15.9944 15.4783
      vertex -8.25025 -16.3 15.6144
    endloop
  endfacet
  facet normal 0 0.951107 0.308863
    outer loop
      vertex -5.74975 -16.9617 16.3492
      vertex -8.25025 -17.065 16.6673
      vertex -5.74975 -17.065 16.6673
    endloop
  endfacet
  facet normal 0 0.951107 0.308863
    outer loop
      vertex -8.25025 -17.065 16.6673
      vertex -5.74975 -16.9617 16.3492
      vertex -8.25025 -16.9617 16.3492
    endloop
  endfacet
  facet normal 0 -0.994512 0.104623
    outer loop
      vertex -8.25025 -13.935 16.6673
      vertex -5.74975 -13.9 17
      vertex -8.25025 -13.9 17
    endloop
  endfacet
  facet normal 0 -0.994512 0.104623
    outer loop
      vertex -5.74975 -13.9 17
      vertex -8.25025 -13.935 16.6673
      vertex -5.74975 -13.935 16.6673
    endloop
  endfacet
  facet normal 0 -0.207773 0.978177
    outer loop
      vertex -8.25025 -15.0056 15.4783
      vertex -5.74975 -15.3328 15.4088
      vertex -5.74975 -15.0056 15.4783
    endloop
  endfacet
  facet normal 0 -0.207773 0.978177
    outer loop
      vertex -5.74975 -15.3328 15.4088
      vertex -8.25025 -15.0056 15.4783
      vertex -8.25025 -15.3328 15.4088
    endloop
  endfacet
  facet normal 0 -0.865972 0.500093
    outer loop
      vertex -8.25025 -14.2056 16.0595
      vertex -5.74975 -14.0383 16.3492
      vertex -8.25025 -14.0383 16.3492
    endloop
  endfacet
  facet normal 0 -0.865972 0.500093
    outer loop
      vertex -5.74975 -14.0383 16.3492
      vertex -8.25025 -14.2056 16.0595
      vertex -5.74975 -14.2056 16.0595
    endloop
  endfacet
  facet normal 0 -0.207773 -0.978177
    outer loop
      vertex -8.25025 -15.3328 18.5912
      vertex -5.74975 -15.0056 18.5217
      vertex -5.74975 -15.3328 18.5912
    endloop
  endfacet
  facet normal -0 -0.207773 -0.978177
    outer loop
      vertex -5.74975 -15.0056 18.5217
      vertex -8.25025 -15.3328 18.5912
      vertex -8.25025 -15.0056 18.5217
    endloop
  endfacet
  facet normal 0 0.406832 -0.913503
    outer loop
      vertex -8.25025 -16.3 18.3856
      vertex -5.74975 -15.9944 18.5217
      vertex -5.74975 -16.3 18.3856
    endloop
  endfacet
  facet normal 0 0.406832 -0.913503
    outer loop
      vertex -5.74975 -15.9944 18.5217
      vertex -8.25025 -16.3 18.3856
      vertex -8.25025 -15.9944 18.5217
    endloop
  endfacet
  facet normal 0 -0.743071 -0.669213
    outer loop
      vertex -8.25025 -14.2056 17.9405
      vertex -5.74975 -14.4294 18.189
      vertex -8.25025 -14.4294 18.189
    endloop
  endfacet
  facet normal 0 -0.743071 -0.669213
    outer loop
      vertex -5.74975 -14.4294 18.189
      vertex -8.25025 -14.2056 17.9405
      vertex -5.74975 -14.2056 17.9405
    endloop
  endfacet
  facet normal 0 -0.865972 -0.500093
    outer loop
      vertex -8.25025 -14.0383 17.6508
      vertex -5.74975 -14.2056 17.9405
      vertex -8.25025 -14.2056 17.9405
    endloop
  endfacet
  facet normal 0 -0.865972 -0.500093
    outer loop
      vertex -5.74975 -14.2056 17.9405
      vertex -8.25025 -14.0383 17.6508
      vertex -5.74975 -14.0383 17.6508
    endloop
  endfacet
  facet normal -0 0.587781 0.80902
    outer loop
      vertex -8.25025 -16.3 15.6144
      vertex -5.74975 -16.5706 15.811
      vertex -5.74975 -16.3 15.6144
    endloop
  endfacet
  facet normal 0 0.587781 0.80902
    outer loop
      vertex -5.74975 -16.5706 15.811
      vertex -8.25025 -16.3 15.6144
      vertex -8.25025 -16.5706 15.811
    endloop
  endfacet
  facet normal 0 0 -1
    outer loop
      vertex -8.25025 -15.6672 18.5912
      vertex -5.74975 -15.3328 18.5912
      vertex -5.74975 -15.6672 18.5912
    endloop
  endfacet
  facet normal -0 0 -1
    outer loop
      vertex -5.74975 -15.3328 18.5912
      vertex -8.25025 -15.6672 18.5912
      vertex -8.25025 -15.3328 18.5912
    endloop
  endfacet
  facet normal 0 -0.587781 0.80902
    outer loop
      vertex -8.25025 -14.4294 15.811
      vertex -5.74975 -14.7 15.6144
      vertex -5.74975 -14.4294 15.811
    endloop
  endfacet
  facet normal 0 -0.587781 0.80902
    outer loop
      vertex -5.74975 -14.7 15.6144
      vertex -8.25025 -14.4294 15.811
      vertex -8.25025 -14.7 15.6144
    endloop
  endfacet
  facet normal 0 -0.40676 0.913535
    outer loop
      vertex -8.25025 6.75 20.8087
      vertex -5.74975 4.17173 19.6607
      vertex -5.74975 6.75 20.8087
    endloop
  endfacet
  facet normal 0 -0.40676 0.913535
    outer loop
      vertex -5.74975 4.17173 19.6607
      vertex -8.25025 6.75 20.8087
      vertex -8.25025 4.17173 19.6607
    endloop
  endfacet
  facet normal 0 0.951058 -0.309012
    outer loop
      vertex -5.74975 -13.205 35.3068
      vertex -8.25025 -12.3329 37.9909
      vertex -5.74975 -12.3329 37.9909
    endloop
  endfacet
  facet normal 0 0.951058 -0.309012
    outer loop
      vertex -8.25025 -12.3329 37.9909
      vertex -5.74975 -13.205 35.3068
      vertex -8.25025 -13.205 35.3068
    endloop
  endfacet
  facet normal 0 0.994522 -0.104526
    outer loop
      vertex -5.74975 -13.5 32.5
      vertex -8.25025 -13.205 35.3068
      vertex -5.74975 -13.205 35.3068
    endloop
  endfacet
  facet normal 0 0.994522 -0.104526
    outer loop
      vertex -8.25025 -13.205 35.3068
      vertex -5.74975 -13.5 32.5
      vertex -8.25025 -13.5 32.5
    endloop
  endfacet
  facet normal 0 0.866019 -0.500011
    outer loop
      vertex -5.74975 -12.3329 37.9909
      vertex -8.25025 -10.9217 40.4351
      vertex -5.74975 -10.9217 40.4351
    endloop
  endfacet
  facet normal 0 0.866019 -0.500011
    outer loop
      vertex -8.25025 -10.9217 40.4351
      vertex -5.74975 -12.3329 37.9909
      vertex -8.25025 -12.3329 37.9909
    endloop
  endfacet
  facet normal 0 -0.743157 0.669117
    outer loop
      vertex -8.25025 9.03326 22.4675
      vertex -5.74975 10.9217 24.5649
      vertex -8.25025 10.9217 24.5649
    endloop
  endfacet
  facet normal 0 -0.743157 0.669117
    outer loop
      vertex -5.74975 10.9217 24.5649
      vertex -8.25025 9.03326 22.4675
      vertex -5.74975 9.03326 22.4675
    endloop
  endfacet
  facet normal 0 0.994522 0.104526
    outer loop
      vertex -5.74975 -13.205 29.6932
      vertex -8.25025 -13.5 32.5
      vertex -5.74975 -13.5 32.5
    endloop
  endfacet
  facet normal 0 0.994522 0.104526
    outer loop
      vertex -8.25025 -13.5 32.5
      vertex -5.74975 -13.205 29.6932
      vertex -8.25025 -13.205 29.6932
    endloop
  endfacet
  facet normal 0 0.866019 0.500011
    outer loop
      vertex -5.74975 -10.9217 24.5649
      vertex -8.25025 -12.3329 27.0091
      vertex -5.74975 -12.3329 27.0091
    endloop
  endfacet
  facet normal 0 0.866019 0.500011
    outer loop
      vertex -8.25025 -12.3329 27.0091
      vertex -5.74975 -10.9217 24.5649
      vertex -8.25025 -10.9217 24.5649
    endloop
  endfacet
  facet normal 0 0.40676 -0.913535
    outer loop
      vertex -8.25025 -6.75 44.1913
      vertex -5.74975 -4.17173 45.3393
      vertex -5.74975 -6.75 44.1913
    endloop
  endfacet
  facet normal 0 0.40676 -0.913535
    outer loop
      vertex -5.74975 -4.17173 45.3393
      vertex -8.25025 -6.75 44.1913
      vertex -8.25025 -4.17173 45.3393
    endloop
  endfacet
  facet normal 0 -0.951058 0.309012
    outer loop
      vertex -8.25025 12.3329 27.0091
      vertex -5.74975 13.205 29.6932
      vertex -8.25025 13.205 29.6932
    endloop
  endfacet
  facet normal 0 -0.951058 0.309012
    outer loop
      vertex -5.74975 13.205 29.6932
      vertex -8.25025 12.3329 27.0091
      vertex -5.74975 12.3329 27.0091
    endloop
  endfacet
  facet normal 0 -0.587765 -0.809031
    outer loop
      vertex -8.25025 6.75 44.1913
      vertex -5.74975 9.03326 42.5325
      vertex -5.74975 6.75 44.1913
    endloop
  endfacet
  facet normal -0 -0.587765 -0.809031
    outer loop
      vertex -5.74975 9.03326 42.5325
      vertex -8.25025 6.75 44.1913
      vertex -8.25025 9.03326 42.5325
    endloop
  endfacet
  facet normal 0 0.587765 -0.809031
    outer loop
      vertex -8.25025 -9.03326 42.5325
      vertex -5.74975 -6.75 44.1913
      vertex -5.74975 -9.03326 42.5325
    endloop
  endfacet
  facet normal 0 0.587765 -0.809031
    outer loop
      vertex -5.74975 -6.75 44.1913
      vertex -8.25025 -9.03326 42.5325
      vertex -8.25025 -6.75 44.1913
    endloop
  endfacet
  facet normal 0 -0.994522 -0.104526
    outer loop
      vertex -8.25025 13.5 32.5
      vertex -5.74975 13.205 35.3068
      vertex -8.25025 13.205 35.3068
    endloop
  endfacet
  facet normal 0 -0.994522 -0.104526
    outer loop
      vertex -5.74975 13.205 35.3068
      vertex -8.25025 13.5 32.5
      vertex -5.74975 13.5 32.5
    endloop
  endfacet
  facet normal -0 0.207883 0.978154
    outer loop
      vertex -8.25025 -1.41113 19.074
      vertex -5.74975 -4.17173 19.6607
      vertex -5.74975 -1.41113 19.074
    endloop
  endfacet
  facet normal 0 0.207883 0.978154
    outer loop
      vertex -5.74975 -4.17173 19.6607
      vertex -8.25025 -1.41113 19.074
      vertex -8.25025 -4.17173 19.6607
    endloop
  endfacet
  facet normal 0 -0.994522 0.104526
    outer loop
      vertex -8.25025 13.205 29.6932
      vertex -5.74975 13.5 32.5
      vertex -8.25025 13.5 32.5
    endloop
  endfacet
  facet normal 0 -0.994522 0.104526
    outer loop
      vertex -5.74975 13.5 32.5
      vertex -8.25025 13.205 29.6932
      vertex -5.74975 13.205 29.6932
    endloop
  endfacet
  facet normal 0 0.743157 0.669117
    outer loop
      vertex -5.74975 -9.03326 22.4675
      vertex -8.25025 -10.9217 24.5649
      vertex -5.74975 -10.9217 24.5649
    endloop
  endfacet
  facet normal 0 0.743157 0.669117
    outer loop
      vertex -8.25025 -10.9217 24.5649
      vertex -5.74975 -9.03326 22.4675
      vertex -8.25025 -9.03326 22.4675
    endloop
  endfacet
  facet normal 0 -0.951058 -0.309012
    outer loop
      vertex -8.25025 13.205 35.3068
      vertex -5.74975 12.3329 37.9909
      vertex -8.25025 12.3329 37.9909
    endloop
  endfacet
  facet normal 0 -0.951058 -0.309012
    outer loop
      vertex -5.74975 12.3329 37.9909
      vertex -8.25025 13.205 35.3068
      vertex -5.74975 13.205 35.3068
    endloop
  endfacet
  facet normal 0 -0.207883 -0.978154
    outer loop
      vertex -8.25025 1.41113 45.926
      vertex -5.74975 4.17173 45.3393
      vertex -5.74975 1.41113 45.926
    endloop
  endfacet
  facet normal -0 -0.207883 -0.978154
    outer loop
      vertex -5.74975 4.17173 45.3393
      vertex -8.25025 1.41113 45.926
      vertex -8.25025 4.17173 45.3393
    endloop
  endfacet
  facet normal 0 0.207883 -0.978154
    outer loop
      vertex -8.25025 -4.17173 45.3393
      vertex -5.74975 -1.41113 45.926
      vertex -5.74975 -4.17173 45.3393
    endloop
  endfacet
  facet normal 0 0.207883 -0.978154
    outer loop
      vertex -5.74975 -1.41113 45.926
      vertex -8.25025 -4.17173 45.3393
      vertex -8.25025 -1.41113 45.926
    endloop
  endfacet
  facet normal 0 -0.40676 -0.913535
    outer loop
      vertex -8.25025 4.17173 45.3393
      vertex -5.74975 6.75 44.1913
      vertex -5.74975 4.17173 45.3393
    endloop
  endfacet
  facet normal -0 -0.40676 -0.913535
    outer loop
      vertex -5.74975 6.75 44.1913
      vertex -8.25025 4.17173 45.3393
      vertex -8.25025 6.75 44.1913
    endloop
  endfacet
  facet normal -0 0.40676 0.913535
    outer loop
      vertex -8.25025 -4.17173 19.6607
      vertex -5.74975 -6.75 20.8087
      vertex -5.74975 -4.17173 19.6607
    endloop
  endfacet
  facet normal 0 0.40676 0.913535
    outer loop
      vertex -5.74975 -6.75 20.8087
      vertex -8.25025 -4.17173 19.6607
      vertex -8.25025 -6.75 20.8087
    endloop
  endfacet
  facet normal 0 0.951058 0.309012
    outer loop
      vertex -5.74975 -12.3329 27.0091
      vertex -8.25025 -13.205 29.6932
      vertex -5.74975 -13.205 29.6932
    endloop
  endfacet
  facet normal 0 0.951058 0.309012
    outer loop
      vertex -8.25025 -13.205 29.6932
      vertex -5.74975 -12.3329 27.0091
      vertex -8.25025 -12.3329 27.0091
    endloop
  endfacet
  facet normal 0 -0.743157 -0.669117
    outer loop
      vertex -8.25025 10.9217 40.4351
      vertex -5.74975 9.03326 42.5325
      vertex -8.25025 9.03326 42.5325
    endloop
  endfacet
  facet normal 0 -0.743157 -0.669117
    outer loop
      vertex -5.74975 9.03326 42.5325
      vertex -8.25025 10.9217 40.4351
      vertex -5.74975 10.9217 40.4351
    endloop
  endfacet
  facet normal 0 -0.207883 0.978154
    outer loop
      vertex -8.25025 4.17173 19.6607
      vertex -5.74975 1.41113 19.074
      vertex -5.74975 4.17173 19.6607
    endloop
  endfacet
  facet normal 0 -0.207883 0.978154
    outer loop
      vertex -5.74975 1.41113 19.074
      vertex -8.25025 4.17173 19.6607
      vertex -8.25025 1.41113 19.074
    endloop
  endfacet
  facet normal 0 -0.866019 0.500011
    outer loop
      vertex -8.25025 10.9217 24.5649
      vertex -5.74975 12.3329 27.0091
      vertex -8.25025 12.3329 27.0091
    endloop
  endfacet
  facet normal 0 -0.866019 0.500011
    outer loop
      vertex -5.74975 12.3329 27.0091
      vertex -8.25025 10.9217 24.5649
      vertex -5.74975 10.9217 24.5649
    endloop
  endfacet
  facet normal 0 0.743157 -0.669117
    outer loop
      vertex -5.74975 -10.9217 40.4351
      vertex -8.25025 -9.03326 42.5325
      vertex -5.74975 -9.03326 42.5325
    endloop
  endfacet
  facet normal 0 0.743157 -0.669117
    outer loop
      vertex -8.25025 -9.03326 42.5325
      vertex -5.74975 -10.9217 40.4351
      vertex -8.25025 -10.9217 40.4351
    endloop
  endfacet
  facet normal 0 -0.866019 -0.500011
    outer loop
      vertex -8.25025 12.3329 37.9909
      vertex -5.74975 10.9217 40.4351
      vertex -8.25025 10.9217 40.4351
    endloop
  endfacet
  facet normal 0 -0.866019 -0.500011
    outer loop
      vertex -5.74975 10.9217 40.4351
      vertex -8.25025 12.3329 37.9909
      vertex -5.74975 12.3329 37.9909
    endloop
  endfacet
  facet normal -0 0 1
    outer loop
      vertex -8.25025 1.41113 19.074
      vertex -5.74975 -1.41113 19.074
      vertex -5.74975 1.41113 19.074
    endloop
  endfacet
  facet normal 0 0 1
    outer loop
      vertex -5.74975 -1.41113 19.074
      vertex -8.25025 1.41113 19.074
      vertex -8.25025 -1.41113 19.074
    endloop
  endfacet
  facet normal -0 0.587765 0.809031
    outer loop
      vertex -8.25025 -6.75 20.8087
      vertex -5.74975 -9.03326 22.4675
      vertex -5.74975 -6.75 20.8087
    endloop
  endfacet
  facet normal 0 0.587765 0.809031
    outer loop
      vertex -5.74975 -9.03326 22.4675
      vertex -8.25025 -6.75 20.8087
      vertex -8.25025 -9.03326 22.4675
    endloop
  endfacet
  facet normal 0 0 -1
    outer loop
      vertex -8.25025 -1.41113 45.926
      vertex -5.74975 1.41113 45.926
      vertex -5.74975 -1.41113 45.926
    endloop
  endfacet
  facet normal -0 0 -1
    outer loop
      vertex -5.74975 1.41113 45.926
      vertex -8.25025 -1.41113 45.926
      vertex -8.25025 1.41113 45.926
    endloop
  endfacet
  facet normal 0 -0.587765 0.809031
    outer loop
      vertex -8.25025 9.03326 22.4675
      vertex -5.74975 6.75 20.8087
      vertex -5.74975 9.03326 22.4675
    endloop
  endfacet
  facet normal 0 -0.587765 0.809031
    outer loop
      vertex -5.74975 6.75 20.8087
      vertex -8.25025 9.03326 22.4675
      vertex -8.25025 6.75 20.8087
    endloop
  endfacet
  facet normal 0 -0.80906 0.587726
    outer loop
      vertex -10.9005 9.55187 61.2128
      vertex -3.2995 9.74234 61.475
      vertex -10.9005 9.74234 61.475
    endloop
  endfacet
  facet normal 0 -0.80906 0.587726
    outer loop
      vertex -3.2995 9.74234 61.475
      vertex -10.9005 9.55187 61.2128
      vertex -3.2995 9.55187 61.2128
    endloop
  endfacet
  facet normal 0 0.308923 -0.951087
    outer loop
      vertex -10.9005 -0.0304413 63.666
      vertex -3.2995 0.277738 63.7661
      vertex -3.2995 -0.0304413 63.666
    endloop
  endfacet
  facet normal 0 0.308923 -0.951087
    outer loop
      vertex -3.2995 0.277738 63.7661
      vertex -10.9005 -0.0304413 63.666
      vertex -10.9005 0.277738 63.7661
    endloop
  endfacet
  facet normal 0 0 -1
    outer loop
      vertex -10.9005 0.6 63.8
      vertex -3.2995 8.4 63.8
      vertex -3.2995 0.6 63.8
    endloop
  endfacet
  facet normal -0 0 -1
    outer loop
      vertex -3.2995 8.4 63.8
      vertex -10.9005 0.6 63.8
      vertex -10.9005 8.4 63.8
    endloop
  endfacet
  facet normal 0 0.104617 -0.994513
    outer loop
      vertex -10.9005 0.277738 63.7661
      vertex -3.2995 0.6 63.8
      vertex -3.2995 0.277738 63.7661
    endloop
  endfacet
  facet normal 0 0.104617 -0.994513
    outer loop
      vertex -3.2995 0.6 63.8
      vertex -10.9005 0.277738 63.7661
      vertex -10.9005 0.6 63.8
    endloop
  endfacet
  facet normal 0 0.809068 0.587716
    outer loop
      vertex -3.2995 -0.551874 61.2128
      vertex -10.9005 -0.742339 61.475
      vertex -3.2995 -0.742339 61.475
    endloop
  endfacet
  facet normal 0 0.809068 0.587716
    outer loop
      vertex -10.9005 -0.742339 61.475
      vertex -3.2995 -0.551874 61.2128
      vertex -10.9005 -0.551874 61.2128
    endloop
  endfacet
  facet normal 0 0.913534 -0.406763
    outer loop
      vertex -3.2995 -0.874137 62.729
      vertex -10.9005 -0.742339 63.025
      vertex -3.2995 -0.742339 63.025
    endloop
  endfacet
  facet normal 0 0.913534 -0.406763
    outer loop
      vertex -10.9005 -0.742339 63.025
      vertex -3.2995 -0.874137 62.729
      vertex -10.9005 -0.874137 62.729
    endloop
  endfacet
  facet normal 0 -0.104617 -0.994513
    outer loop
      vertex -10.9005 8.4 63.8
      vertex -3.2995 8.72226 63.7661
      vertex -3.2995 8.4 63.8
    endloop
  endfacet
  facet normal -0 -0.104617 -0.994513
    outer loop
      vertex -3.2995 8.72226 63.7661
      vertex -10.9005 8.4 63.8
      vertex -10.9005 8.72226 63.7661
    endloop
  endfacet
  facet normal 0 1 -0
    outer loop
      vertex -3.2995 -0.941508 62.088
      vertex -10.9005 -0.941508 62.412
      vertex -3.2995 -0.941508 62.412
    endloop
  endfacet
  facet normal 0 1 0
    outer loop
      vertex -10.9005 -0.941508 62.412
      vertex -3.2995 -0.941508 62.088
      vertex -10.9005 -0.941508 62.088
    endloop
  endfacet
  facet normal 0 -0.104617 0.994513
    outer loop
      vertex -10.9005 8.72226 60.7339
      vertex -3.2995 8.4 60.7
      vertex -3.2995 8.72226 60.7339
    endloop
  endfacet
  facet normal 0 -0.104617 0.994513
    outer loop
      vertex -3.2995 8.4 60.7
      vertex -10.9005 8.72226 60.7339
      vertex -10.9005 8.4 60.7
    endloop
  endfacet
  facet normal 0 0.809068 -0.587716
    outer loop
      vertex -3.2995 -0.742339 63.025
      vertex -10.9005 -0.551874 63.2872
      vertex -3.2995 -0.551874 63.2872
    endloop
  endfacet
  facet normal 0 0.809068 -0.587716
    outer loop
      vertex -10.9005 -0.551874 63.2872
      vertex -3.2995 -0.742339 63.025
      vertex -10.9005 -0.742339 63.025
    endloop
  endfacet
  facet normal 0 0.978154 0.207884
    outer loop
      vertex -3.2995 -0.874137 61.771
      vertex -10.9005 -0.941508 62.088
      vertex -3.2995 -0.941508 62.088
    endloop
  endfacet
  facet normal 0 0.978154 0.207884
    outer loop
      vertex -10.9005 -0.941508 62.088
      vertex -3.2995 -0.874137 61.771
      vertex -10.9005 -0.874137 61.771
    endloop
  endfacet
  facet normal -0 0.66909 0.743181
    outer loop
      vertex -10.9005 -0.311067 60.996
      vertex -3.2995 -0.551874 61.2128
      vertex -3.2995 -0.311067 60.996
    endloop
  endfacet
  facet normal 0 0.66909 0.743181
    outer loop
      vertex -3.2995 -0.551874 61.2128
      vertex -10.9005 -0.311067 60.996
      vertex -10.9005 -0.551874 61.2128
    endloop
  endfacet
  facet normal 0 0.499955 -0.866051
    outer loop
      vertex -10.9005 -0.311067 63.504
      vertex -3.2995 -0.0304413 63.666
      vertex -3.2995 -0.311067 63.504
    endloop
  endfacet
  facet normal 0 0.499955 -0.866051
    outer loop
      vertex -3.2995 -0.0304413 63.666
      vertex -10.9005 -0.311067 63.504
      vertex -10.9005 -0.0304413 63.666
    endloop
  endfacet
  facet normal -0 0.308923 0.951087
    outer loop
      vertex -10.9005 0.277738 60.7339
      vertex -3.2995 -0.0304413 60.834
      vertex -3.2995 0.277738 60.7339
    endloop
  endfacet
  facet normal 0 0.308923 0.951087
    outer loop
      vertex -3.2995 -0.0304413 60.834
      vertex -10.9005 0.277738 60.7339
      vertex -10.9005 -0.0304413 60.834
    endloop
  endfacet
  facet normal 0 -0.669101 0.743171
    outer loop
      vertex -10.9005 9.55187 61.2128
      vertex -3.2995 9.31107 60.996
      vertex -3.2995 9.55187 61.2128
    endloop
  endfacet
  facet normal 0 -0.669101 0.743171
    outer loop
      vertex -3.2995 9.31107 60.996
      vertex -10.9005 9.55187 61.2128
      vertex -10.9005 9.31107 60.996
    endloop
  endfacet
  facet normal 0 -0.669101 -0.743171
    outer loop
      vertex -10.9005 9.31107 63.504
      vertex -3.2995 9.55187 63.2872
      vertex -3.2995 9.31107 63.504
    endloop
  endfacet
  facet normal -0 -0.669101 -0.743171
    outer loop
      vertex -3.2995 9.55187 63.2872
      vertex -10.9005 9.31107 63.504
      vertex -10.9005 9.55187 63.2872
    endloop
  endfacet
  facet normal 0 0.913534 0.406763
    outer loop
      vertex -3.2995 -0.742339 61.475
      vertex -10.9005 -0.874137 61.771
      vertex -3.2995 -0.874137 61.771
    endloop
  endfacet
  facet normal 0 0.913534 0.406763
    outer loop
      vertex -10.9005 -0.874137 61.771
      vertex -3.2995 -0.742339 61.475
      vertex -10.9005 -0.742339 61.475
    endloop
  endfacet
  facet normal 0 -0.80906 -0.587726
    outer loop
      vertex -10.9005 9.74234 63.025
      vertex -3.2995 9.55187 63.2872
      vertex -10.9005 9.55187 63.2872
    endloop
  endfacet
  facet normal 0 -0.80906 -0.587726
    outer loop
      vertex -3.2995 9.55187 63.2872
      vertex -10.9005 9.74234 63.025
      vertex -3.2995 9.74234 63.025
    endloop
  endfacet
  facet normal 0 -0.913531 -0.406768
    outer loop
      vertex -10.9005 9.87414 62.729
      vertex -3.2995 9.74234 63.025
      vertex -10.9005 9.74234 63.025
    endloop
  endfacet
  facet normal 0 -0.913531 -0.406768
    outer loop
      vertex -3.2995 9.74234 63.025
      vertex -10.9005 9.87414 62.729
      vertex -3.2995 9.87414 62.729
    endloop
  endfacet
  facet normal 0 0.66909 -0.743181
    outer loop
      vertex -10.9005 -0.551874 63.2872
      vertex -3.2995 -0.311067 63.504
      vertex -3.2995 -0.551874 63.2872
    endloop
  endfacet
  facet normal 0 0.66909 -0.743181
    outer loop
      vertex -3.2995 -0.311067 63.504
      vertex -10.9005 -0.551874 63.2872
      vertex -10.9005 -0.311067 63.504
    endloop
  endfacet
  facet normal 0 -0.978154 0.207881
    outer loop
      vertex -10.9005 9.87414 61.771
      vertex -3.2995 9.94151 62.088
      vertex -10.9005 9.94151 62.088
    endloop
  endfacet
  facet normal 0 -0.978154 0.207881
    outer loop
      vertex -3.2995 9.94151 62.088
      vertex -10.9005 9.87414 61.771
      vertex -3.2995 9.87414 61.771
    endloop
  endfacet
  facet normal 0 -0.49995 0.866055
    outer loop
      vertex -10.9005 9.31107 60.996
      vertex -3.2995 9.03044 60.834
      vertex -3.2995 9.31107 60.996
    endloop
  endfacet
  facet normal 0 -0.49995 0.866055
    outer loop
      vertex -3.2995 9.03044 60.834
      vertex -10.9005 9.31107 60.996
      vertex -10.9005 9.03044 60.834
    endloop
  endfacet
  facet normal 0 0.978154 -0.207884
    outer loop
      vertex -3.2995 -0.941508 62.412
      vertex -10.9005 -0.874137 62.729
      vertex -3.2995 -0.874137 62.729
    endloop
  endfacet
  facet normal 0 0.978154 -0.207884
    outer loop
      vertex -10.9005 -0.874137 62.729
      vertex -3.2995 -0.941508 62.412
      vertex -10.9005 -0.941508 62.412
    endloop
  endfacet
  facet normal 0 -0.49995 -0.866055
    outer loop
      vertex -10.9005 9.03044 63.666
      vertex -3.2995 9.31107 63.504
      vertex -3.2995 9.03044 63.666
    endloop
  endfacet
  facet normal -0 -0.49995 -0.866055
    outer loop
      vertex -3.2995 9.31107 63.504
      vertex -10.9005 9.03044 63.666
      vertex -10.9005 9.31107 63.504
    endloop
  endfacet
  facet normal -0 0.104617 0.994513
    outer loop
      vertex -10.9005 0.6 60.7
      vertex -3.2995 0.277738 60.7339
      vertex -3.2995 0.6 60.7
    endloop
  endfacet
  facet normal 0 0.104617 0.994513
    outer loop
      vertex -3.2995 0.277738 60.7339
      vertex -10.9005 0.6 60.7
      vertex -10.9005 0.277738 60.7339
    endloop
  endfacet
  facet normal -0 0 1
    outer loop
      vertex -10.9005 8.4 60.7
      vertex -3.2995 0.6 60.7
      vertex -3.2995 8.4 60.7
    endloop
  endfacet
  facet normal 0 0 1
    outer loop
      vertex -3.2995 0.6 60.7
      vertex -10.9005 8.4 60.7
      vertex -10.9005 0.6 60.7
    endloop
  endfacet
  facet normal -0 0.499955 0.866051
    outer loop
      vertex -10.9005 -0.0304413 60.834
      vertex -3.2995 -0.311067 60.996
      vertex -3.2995 -0.0304413 60.834
    endloop
  endfacet
  facet normal 0 0.499955 0.866051
    outer loop
      vertex -3.2995 -0.311067 60.996
      vertex -10.9005 -0.0304413 60.834
      vertex -10.9005 -0.311067 60.996
    endloop
  endfacet
  facet normal 0 -0.308923 -0.951087
    outer loop
      vertex -10.9005 8.72226 63.7661
      vertex -3.2995 9.03044 63.666
      vertex -3.2995 8.72226 63.7661
    endloop
  endfacet
  facet normal -0 -0.308923 -0.951087
    outer loop
      vertex -3.2995 9.03044 63.666
      vertex -10.9005 8.72226 63.7661
      vertex -10.9005 9.03044 63.666
    endloop
  endfacet
  facet normal 0 -0.913531 0.406768
    outer loop
      vertex -10.9005 9.74234 61.475
      vertex -3.2995 9.87414 61.771
      vertex -10.9005 9.87414 61.771
    endloop
  endfacet
  facet normal 0 -0.913531 0.406768
    outer loop
      vertex -3.2995 9.87414 61.771
      vertex -10.9005 9.74234 61.475
      vertex -3.2995 9.74234 61.475
    endloop
  endfacet
  facet normal 0 -0.308923 0.951087
    outer loop
      vertex -10.9005 9.03044 60.834
      vertex -3.2995 8.72226 60.7339
      vertex -3.2995 9.03044 60.834
    endloop
  endfacet
  facet normal 0 -0.308923 0.951087
    outer loop
      vertex -3.2995 8.72226 60.7339
      vertex -10.9005 9.03044 60.834
      vertex -10.9005 8.72226 60.7339
    endloop
  endfacet
  facet normal 0 -1 0
    outer loop
      vertex -10.9005 9.94151 62.088
      vertex -3.2995 9.94151 62.412
      vertex -10.9005 9.94151 62.412
    endloop
  endfacet
  facet normal 0 -1 -0
    outer loop
      vertex -3.2995 9.94151 62.412
      vertex -10.9005 9.94151 62.088
      vertex -3.2995 9.94151 62.088
    endloop
  endfacet
  facet normal 0 -0.978154 -0.207881
    outer loop
      vertex -10.9005 9.94151 62.412
      vertex -3.2995 9.87414 62.729
      vertex -10.9005 9.87414 62.729
    endloop
  endfacet
  facet normal 0 -0.978154 -0.207881
    outer loop
      vertex -3.2995 9.87414 62.729
      vertex -10.9005 9.94151 62.412
      vertex -3.2995 9.94151 62.412
    endloop
  endfacet
  facet normal 0 -0.80906 0.587726
    outer loop
      vertex -10.9005 -4.44813 61.2128
      vertex -3.2995 -4.25766 61.475
      vertex -10.9005 -4.25766 61.475
    endloop
  endfacet
  facet normal 0 -0.80906 0.587726
    outer loop
      vertex -3.2995 -4.25766 61.475
      vertex -10.9005 -4.44813 61.2128
      vertex -3.2995 -4.44813 61.2128
    endloop
  endfacet
  facet normal 0 0.308995 -0.951064
    outer loop
      vertex -10.9005 -14.0304 63.666
      vertex -3.2995 -13.7223 63.7661
      vertex -3.2995 -14.0304 63.666
    endloop
  endfacet
  facet normal 0 0.308995 -0.951064
    outer loop
      vertex -3.2995 -13.7223 63.7661
      vertex -10.9005 -14.0304 63.666
      vertex -10.9005 -13.7223 63.7661
    endloop
  endfacet
  facet normal 0 0 -1
    outer loop
      vertex -10.9005 -13.4 63.8
      vertex -3.2995 -5.6 63.8
      vertex -3.2995 -13.4 63.8
    endloop
  endfacet
  facet normal -0 0 -1
    outer loop
      vertex -3.2995 -5.6 63.8
      vertex -10.9005 -13.4 63.8
      vertex -10.9005 -5.6 63.8
    endloop
  endfacet
  facet normal 0 0.104604 -0.994514
    outer loop
      vertex -10.9005 -13.7223 63.7661
      vertex -3.2995 -13.4 63.8
      vertex -3.2995 -13.7223 63.7661
    endloop
  endfacet
  facet normal 0 0.104604 -0.994514
    outer loop
      vertex -3.2995 -13.4 63.8
      vertex -10.9005 -13.7223 63.7661
      vertex -10.9005 -13.4 63.8
    endloop
  endfacet
  facet normal 0 0.809163 0.587584
    outer loop
      vertex -3.2995 -14.5519 61.2128
      vertex -10.9005 -14.7423 61.475
      vertex -3.2995 -14.7423 61.475
    endloop
  endfacet
  facet normal 0 0.809163 0.587584
    outer loop
      vertex -10.9005 -14.7423 61.475
      vertex -3.2995 -14.5519 61.2128
      vertex -10.9005 -14.5519 61.2128
    endloop
  endfacet
  facet normal 0 0.913531 -0.406768
    outer loop
      vertex -3.2995 -14.8741 62.729
      vertex -10.9005 -14.7423 63.025
      vertex -3.2995 -14.7423 63.025
    endloop
  endfacet
  facet normal 0 0.913531 -0.406768
    outer loop
      vertex -10.9005 -14.7423 63.025
      vertex -3.2995 -14.8741 62.729
      vertex -10.9005 -14.8741 62.729
    endloop
  endfacet
  facet normal 0 -0.104617 -0.994513
    outer loop
      vertex -10.9005 -5.6 63.8
      vertex -3.2995 -5.27774 63.7661
      vertex -3.2995 -5.6 63.8
    endloop
  endfacet
  facet normal -0 -0.104617 -0.994513
    outer loop
      vertex -3.2995 -5.27774 63.7661
      vertex -10.9005 -5.6 63.8
      vertex -10.9005 -5.27774 63.7661
    endloop
  endfacet
  facet normal 0 1 -0
    outer loop
      vertex -3.2995 -14.9415 62.088
      vertex -10.9005 -14.9415 62.412
      vertex -3.2995 -14.9415 62.412
    endloop
  endfacet
  facet normal 0 1 0
    outer loop
      vertex -10.9005 -14.9415 62.412
      vertex -3.2995 -14.9415 62.088
      vertex -10.9005 -14.9415 62.088
    endloop
  endfacet
  facet normal 0 -0.104617 0.994513
    outer loop
      vertex -10.9005 -5.27774 60.7339
      vertex -3.2995 -5.6 60.7
      vertex -3.2995 -5.27774 60.7339
    endloop
  endfacet
  facet normal 0 -0.104617 0.994513
    outer loop
      vertex -3.2995 -5.6 60.7
      vertex -10.9005 -5.27774 60.7339
      vertex -10.9005 -5.6 60.7
    endloop
  endfacet
  facet normal 0 0.809163 -0.587584
    outer loop
      vertex -3.2995 -14.7423 63.025
      vertex -10.9005 -14.5519 63.2872
      vertex -3.2995 -14.5519 63.2872
    endloop
  endfacet
  facet normal 0 0.809163 -0.587584
    outer loop
      vertex -10.9005 -14.5519 63.2872
      vertex -3.2995 -14.7423 63.025
      vertex -10.9005 -14.7423 63.025
    endloop
  endfacet
  facet normal 0 0.978135 0.207969
    outer loop
      vertex -3.2995 -14.8741 61.771
      vertex -10.9005 -14.9415 62.088
      vertex -3.2995 -14.9415 62.088
    endloop
  endfacet
  facet normal 0 0.978135 0.207969
    outer loop
      vertex -10.9005 -14.9415 62.088
      vertex -3.2995 -14.8741 61.771
      vertex -10.9005 -14.8741 61.771
    endloop
  endfacet
  facet normal -0 0.669101 0.743171
    outer loop
      vertex -10.9005 -14.3111 60.996
      vertex -3.2995 -14.5519 61.2128
      vertex -3.2995 -14.3111 60.996
    endloop
  endfacet
  facet normal 0 0.669101 0.743171
    outer loop
      vertex -3.2995 -14.5519 61.2128
      vertex -10.9005 -14.3111 60.996
      vertex -10.9005 -14.5519 61.2128
    endloop
  endfacet
  facet normal 0 0.499856 -0.866109
    outer loop
      vertex -10.9005 -14.3111 63.504
      vertex -3.2995 -14.0304 63.666
      vertex -3.2995 -14.3111 63.504
    endloop
  endfacet
  facet normal 0 0.499856 -0.866109
    outer loop
      vertex -3.2995 -14.0304 63.666
      vertex -10.9005 -14.3111 63.504
      vertex -10.9005 -14.0304 63.666
    endloop
  endfacet
  facet normal -0 0.308995 0.951064
    outer loop
      vertex -10.9005 -13.7223 60.7339
      vertex -3.2995 -14.0304 60.834
      vertex -3.2995 -13.7223 60.7339
    endloop
  endfacet
  facet normal 0 0.308995 0.951064
    outer loop
      vertex -3.2995 -14.0304 60.834
      vertex -10.9005 -13.7223 60.7339
      vertex -10.9005 -14.0304 60.834
    endloop
  endfacet
  facet normal 0 -0.669101 0.743171
    outer loop
      vertex -10.9005 -4.44813 61.2128
      vertex -3.2995 -4.68893 60.996
      vertex -3.2995 -4.44813 61.2128
    endloop
  endfacet
  facet normal 0 -0.669101 0.743171
    outer loop
      vertex -3.2995 -4.68893 60.996
      vertex -10.9005 -4.44813 61.2128
      vertex -10.9005 -4.68893 60.996
    endloop
  endfacet
  facet normal 0 -0.669101 -0.743171
    outer loop
      vertex -10.9005 -4.68893 63.504
      vertex -3.2995 -4.44813 63.2872
      vertex -3.2995 -4.68893 63.504
    endloop
  endfacet
  facet normal -0 -0.669101 -0.743171
    outer loop
      vertex -3.2995 -4.44813 63.2872
      vertex -10.9005 -4.68893 63.504
      vertex -10.9005 -4.44813 63.2872
    endloop
  endfacet
  facet normal 0 0.913531 0.406768
    outer loop
      vertex -3.2995 -14.7423 61.475
      vertex -10.9005 -14.8741 61.771
      vertex -3.2995 -14.8741 61.771
    endloop
  endfacet
  facet normal 0 0.913531 0.406768
    outer loop
      vertex -10.9005 -14.8741 61.771
      vertex -3.2995 -14.7423 61.475
      vertex -10.9005 -14.7423 61.475
    endloop
  endfacet
  facet normal 0 -0.80906 -0.587726
    outer loop
      vertex -10.9005 -4.25766 63.025
      vertex -3.2995 -4.44813 63.2872
      vertex -10.9005 -4.44813 63.2872
    endloop
  endfacet
  facet normal 0 -0.80906 -0.587726
    outer loop
      vertex -3.2995 -4.44813 63.2872
      vertex -10.9005 -4.25766 63.025
      vertex -3.2995 -4.25766 63.025
    endloop
  endfacet
  facet normal 0 -0.913531 -0.406768
    outer loop
      vertex -10.9005 -4.12586 62.729
      vertex -3.2995 -4.25766 63.025
      vertex -10.9005 -4.25766 63.025
    endloop
  endfacet
  facet normal 0 -0.913531 -0.406768
    outer loop
      vertex -3.2995 -4.25766 63.025
      vertex -10.9005 -4.12586 62.729
      vertex -3.2995 -4.12586 62.729
    endloop
  endfacet
  facet normal 0 0.669101 -0.743171
    outer loop
      vertex -10.9005 -14.5519 63.2872
      vertex -3.2995 -14.3111 63.504
      vertex -3.2995 -14.5519 63.2872
    endloop
  endfacet
  facet normal 0 0.669101 -0.743171
    outer loop
      vertex -3.2995 -14.3111 63.504
      vertex -10.9005 -14.5519 63.2872
      vertex -10.9005 -14.3111 63.504
    endloop
  endfacet
  facet normal 0 -0.978154 0.207881
    outer loop
      vertex -10.9005 -4.12586 61.771
      vertex -3.2995 -4.05849 62.088
      vertex -10.9005 -4.05849 62.088
    endloop
  endfacet
  facet normal 0 -0.978154 0.207881
    outer loop
      vertex -3.2995 -4.05849 62.088
      vertex -10.9005 -4.12586 61.771
      vertex -3.2995 -4.12586 61.771
    endloop
  endfacet
  facet normal 0 -0.49995 0.866055
    outer loop
      vertex -10.9005 -4.68893 60.996
      vertex -3.2995 -4.96956 60.834
      vertex -3.2995 -4.68893 60.996
    endloop
  endfacet
  facet normal 0 -0.49995 0.866055
    outer loop
      vertex -3.2995 -4.96956 60.834
      vertex -10.9005 -4.68893 60.996
      vertex -10.9005 -4.96956 60.834
    endloop
  endfacet
  facet normal 0 0.978135 -0.207969
    outer loop
      vertex -3.2995 -14.9415 62.412
      vertex -10.9005 -14.8741 62.729
      vertex -3.2995 -14.8741 62.729
    endloop
  endfacet
  facet normal 0 0.978135 -0.207969
    outer loop
      vertex -10.9005 -14.8741 62.729
      vertex -3.2995 -14.9415 62.412
      vertex -10.9005 -14.9415 62.412
    endloop
  endfacet
  facet normal 0 -0.49995 -0.866055
    outer loop
      vertex -10.9005 -4.96956 63.666
      vertex -3.2995 -4.68893 63.504
      vertex -3.2995 -4.96956 63.666
    endloop
  endfacet
  facet normal -0 -0.49995 -0.866055
    outer loop
      vertex -3.2995 -4.68893 63.504
      vertex -10.9005 -4.96956 63.666
      vertex -10.9005 -4.68893 63.504
    endloop
  endfacet
  facet normal -0 0.104604 0.994514
    outer loop
      vertex -10.9005 -13.4 60.7
      vertex -3.2995 -13.7223 60.7339
      vertex -3.2995 -13.4 60.7
    endloop
  endfacet
  facet normal 0 0.104604 0.994514
    outer loop
      vertex -3.2995 -13.7223 60.7339
      vertex -10.9005 -13.4 60.7
      vertex -10.9005 -13.7223 60.7339
    endloop
  endfacet
  facet normal -0 0 1
    outer loop
      vertex -10.9005 -5.6 60.7
      vertex -3.2995 -13.4 60.7
      vertex -3.2995 -5.6 60.7
    endloop
  endfacet
  facet normal 0 0 1
    outer loop
      vertex -3.2995 -13.4 60.7
      vertex -10.9005 -5.6 60.7
      vertex -10.9005 -13.4 60.7
    endloop
  endfacet
  facet normal -0 0.499856 0.866109
    outer loop
      vertex -10.9005 -14.0304 60.834
      vertex -3.2995 -14.3111 60.996
      vertex -3.2995 -14.0304 60.834
    endloop
  endfacet
  facet normal 0 0.499856 0.866109
    outer loop
      vertex -3.2995 -14.3111 60.996
      vertex -10.9005 -14.0304 60.834
      vertex -10.9005 -14.3111 60.996
    endloop
  endfacet
  facet normal 0 -0.308923 -0.951087
    outer loop
      vertex -10.9005 -5.27774 63.7661
      vertex -3.2995 -4.96956 63.666
      vertex -3.2995 -5.27774 63.7661
    endloop
  endfacet
  facet normal -0 -0.308923 -0.951087
    outer loop
      vertex -3.2995 -4.96956 63.666
      vertex -10.9005 -5.27774 63.7661
      vertex -10.9005 -4.96956 63.666
    endloop
  endfacet
  facet normal 0 -0.913531 0.406768
    outer loop
      vertex -10.9005 -4.25766 61.475
      vertex -3.2995 -4.12586 61.771
      vertex -10.9005 -4.12586 61.771
    endloop
  endfacet
  facet normal 0 -0.913531 0.406768
    outer loop
      vertex -3.2995 -4.12586 61.771
      vertex -10.9005 -4.25766 61.475
      vertex -3.2995 -4.25766 61.475
    endloop
  endfacet
  facet normal 0 -0.308923 0.951087
    outer loop
      vertex -10.9005 -4.96956 60.834
      vertex -3.2995 -5.27774 60.7339
      vertex -3.2995 -4.96956 60.834
    endloop
  endfacet
  facet normal 0 -0.308923 0.951087
    outer loop
      vertex -3.2995 -5.27774 60.7339
      vertex -10.9005 -4.96956 60.834
      vertex -10.9005 -5.27774 60.7339
    endloop
  endfacet
  facet normal 0 -1 0
    outer loop
      vertex -10.9005 -4.05849 62.088
      vertex -3.2995 -4.05849 62.412
      vertex -10.9005 -4.05849 62.412
    endloop
  endfacet
  facet normal 0 -1 -0
    outer loop
      vertex -3.2995 -4.05849 62.412
      vertex -10.9005 -4.05849 62.088
      vertex -3.2995 -4.05849 62.088
    endloop
  endfacet
  facet normal 0 -0.978154 -0.207881
    outer loop
      vertex -10.9005 -4.05849 62.412
      vertex -3.2995 -4.12586 62.729
      vertex -10.9005 -4.12586 62.729
    endloop
  endfacet
  facet normal 0 -0.978154 -0.207881
    outer loop
      vertex -3.2995 -4.12586 62.729
      vertex -10.9005 -4.05849 62.412
      vertex -3.2995 -4.05849 62.412
    endloop
  endfacet
  facet normal -0.951048 -0.309043 -0
    outer loop
      vertex 21.4781 -26.2921 2.96611
      vertex 21.4135 -26.0933 -1.5005
      vertex 21.4781 -26.2921 -1.5005
    endloop
  endfacet
  facet normal -0.951048 -0.309043 0
    outer loop
      vertex 21.4135 -26.0933 -1.5005
      vertex 21.4781 -26.2921 2.96611
      vertex 21.4135 -26.0933 3.43067
    endloop
  endfacet
  facet normal -0.207601 -0.978214 0
    outer loop
      vertex 20.6045 -25.5055 -1.5005
      vertex 20.809 -25.5489 5.45669
      vertex 20.6045 -25.5055 5.89396
    endloop
  endfacet
  facet normal -0.207601 -0.978214 -0
    outer loop
      vertex 20.809 -25.5489 5.45669
      vertex 20.6045 -25.5055 -1.5005
      vertex 20.809 -25.5489 -1.5005
    endloop
  endfacet
  facet normal 0 -1 0
    outer loop
      vertex -5.54907 -25.5055 35.497
      vertex -5.39294 -25.5055 35.8369
      vertex -5.43138 -25.5055 35.7927
    endloop
  endfacet
  facet normal 0 -1 -0
    outer loop
      vertex -5.39294 -25.5055 35.8369
      vertex -5.54907 -25.5055 35.497
      vertex -1.84975 -25.5055 35.8369
    endloop
  endfacet
  facet normal 0 -1 0
    outer loop
      vertex -5.54907 -25.5055 35.497
      vertex -1.84975 -25.5055 9
      vertex -1.84975 -25.5055 35.8369
    endloop
  endfacet
  facet normal 0 -1 0
    outer loop
      vertex 20.6045 -25.5055 -1.5005
      vertex 18.8433 -25.5055 9
      vertex -1.84975 -25.5055 9
    endloop
  endfacet
  facet normal 0 -1 0
    outer loop
      vertex -11.5471 -25.5055 1.5005
      vertex -1.84975 -25.5055 9
      vertex -5.54907 -25.5055 35.497
    endloop
  endfacet
  facet normal 0 -1 0
    outer loop
      vertex -11.5471 -25.5055 -1.5005
      vertex -1.84975 -25.5055 9
      vertex -11.5471 -25.5055 1.5005
    endloop
  endfacet
  facet normal 0 -1 -0
    outer loop
      vertex -1.84975 -25.5055 9
      vertex -11.5471 -25.5055 -1.5005
      vertex 20.6045 -25.5055 -1.5005
    endloop
  endfacet
  facet normal 0 -1 0
    outer loop
      vertex 18.8433 -25.5055 9
      vertex 20.6045 -25.5055 -1.5005
      vertex 20.6045 -25.5055 5.89396
    endloop
  endfacet
  facet normal -0.406981 -0.913436 0
    outer loop
      vertex 20.809 -25.5489 -1.5005
      vertex 21 -25.634 4.96993
      vertex 20.809 -25.5489 5.45669
    endloop
  endfacet
  facet normal -0.406981 -0.913436 -0
    outer loop
      vertex 21 -25.634 4.96993
      vertex 20.809 -25.5489 -1.5005
      vertex 21 -25.634 -1.5005
    endloop
  endfacet
  facet normal -0.742985 -0.669308 -0
    outer loop
      vertex 21.309 -25.9122 3.93429
      vertex 21.1691 -25.7569 -1.5005
      vertex 21.309 -25.9122 -1.5005
    endloop
  endfacet
  facet normal -0.742985 -0.669308 0
    outer loop
      vertex 21.1691 -25.7569 -1.5005
      vertex 21.309 -25.9122 3.93429
      vertex 21.1691 -25.7569 4.45496
    endloop
  endfacet
  facet normal -1 0 0
    outer loop
      vertex 21.5 -27.1013 1.5005
      vertex 21.5 -26.5 -1.5005
      vertex 21.5 -27.1013 -1.5005
    endloop
  endfacet
  facet normal -1 0 0
    outer loop
      vertex 21.5 -26.5 -1.5005
      vertex 21.5 -27.1013 1.5005
      vertex 21.5 -26.5 2.56091
    endloop
  endfacet
  facet normal -0.866146 -0.499791 -0
    outer loop
      vertex 21.4135 -26.0933 3.43067
      vertex 21.309 -25.9122 -1.5005
      vertex 21.4135 -26.0933 -1.5005
    endloop
  endfacet
  facet normal -0.866146 -0.499791 0
    outer loop
      vertex 21.309 -25.9122 -1.5005
      vertex 21.4135 -26.0933 3.43067
      vertex 21.309 -25.9122 3.93429
    endloop
  endfacet
  facet normal -0.994498 -0.104759 -0
    outer loop
      vertex 21.5 -26.5 2.56091
      vertex 21.4781 -26.2921 -1.5005
      vertex 21.5 -26.5 -1.5005
    endloop
  endfacet
  facet normal -0.994498 -0.104759 0
    outer loop
      vertex 21.4781 -26.2921 -1.5005
      vertex 21.5 -26.5 2.56091
      vertex 21.4781 -26.2921 2.96611
    endloop
  endfacet
  facet normal -0.587916 -0.808922 0
    outer loop
      vertex 21 -25.634 -1.5005
      vertex 21.1691 -25.7569 4.45496
      vertex 21 -25.634 4.96993
    endloop
  endfacet
  facet normal -0.587916 -0.808922 -0
    outer loop
      vertex 21.1691 -25.7569 4.45496
      vertex 21 -25.634 -1.5005
      vertex 21.1691 -25.7569 -1.5005
    endloop
  endfacet
  facet normal 0 -0.500003 0.866024
    outer loop
      vertex -1.75 26.6679 1.62868
      vertex 6.25 23.228 -0.357363
      vertex 6.25 26.6679 1.62868
    endloop
  endfacet
  facet normal 0 -0.500003 0.866024
    outer loop
      vertex 6.25 23.228 -0.357363
      vertex -1.75 26.6679 1.62868
      vertex -1.75 23.228 -0.357363
    endloop
  endfacet
  facet normal -1 0 0
    outer loop
      vertex 6.25 26.4383 7.15
      vertex 6.25 27.7568 6.83443
      vertex 6.25 28.2811 3.08121
    endloop
  endfacet
  facet normal -1 0 0
    outer loop
      vertex 6.25 26.4383 7.15
      vertex 6.25 28.2811 3.08121
      vertex 6.25 26.6679 1.62868
    endloop
  endfacet
  facet normal -1 0 0
    outer loop
      vertex 6.25 27.7568 6.83443
      vertex 6.25 26.4383 7.15
      vertex 6.25 27.7431 6.84788
    endloop
  endfacet
  facet normal -1 0 0
    outer loop
      vertex 6.25 23.9067 7.08646
      vertex 6.25 26.4383 7.15
      vertex 6.25 26.6679 1.62868
    endloop
  endfacet
  facet normal -1 0 -0
    outer loop
      vertex 6.25 24.4511 7.69098
      vertex 6.25 26.4383 7.15
      vertex 6.25 24.366 7.5
    endloop
  endfacet
  facet normal -1 0 0
    outer loop
      vertex 6.25 26.4383 7.15
      vertex 6.25 24.4945 7.89547
      vertex 6.25 26.1655 9
    endloop
  endfacet
  facet normal -1 0 -0
    outer loop
      vertex 6.25 24.4945 7.89547
      vertex 6.25 26.4383 7.15
      vertex 6.25 24.4511 7.69098
    endloop
  endfacet
  facet normal -1 0 0
    outer loop
      vertex 6.25 26.4383 7.15
      vertex 6.25 24.2431 7.33087
      vertex 6.25 24.366 7.5
    endloop
  endfacet
  facet normal -1 0 0
    outer loop
      vertex 6.25 26.4383 7.15
      vertex 6.25 24.0878 7.19098
      vertex 6.25 24.2431 7.33087
    endloop
  endfacet
  facet normal -1 -0 0
    outer loop
      vertex 6.25 26.4383 7.15
      vertex 6.25 23.9067 7.08646
      vertex 6.25 24.0878 7.19098
    endloop
  endfacet
  facet normal -1 0 0
    outer loop
      vertex 6.25 26.6679 1.62868
      vertex 6.25 23.7079 7.02185
      vertex 6.25 23.9067 7.08646
    endloop
  endfacet
  facet normal -1 0 0
    outer loop
      vertex 6.25 26.6679 1.62868
      vertex 6.25 23.5 7
      vertex 6.25 23.7079 7.02185
    endloop
  endfacet
  facet normal -1 0 0
    outer loop
      vertex 6.25 23.228 -0.357363
      vertex 6.25 23.5 7
      vertex 6.25 26.6679 1.62868
    endloop
  endfacet
  facet normal -1 0 0
    outer loop
      vertex 6.25 19.7098 -1.5005
      vertex 6.25 23.5 7
      vertex 6.25 23.228 -0.357363
    endloop
  endfacet
  facet normal -1 0 0
    outer loop
      vertex 6.25 11.2902 -1.5005
      vertex 6.25 23.5 7
      vertex 6.25 19.7098 -1.5005
    endloop
  endfacet
  facet normal -1 0 0
    outer loop
      vertex 6.25 7.772 -0.357363
      vertex 6.25 23.5 7
      vertex 6.25 11.2902 -1.5005
    endloop
  endfacet
  facet normal -1 0 0
    outer loop
      vertex 6.25 4.33208 1.62868
      vertex 6.25 23.5 7
      vertex 6.25 7.772 -0.357363
    endloop
  endfacet
  facet normal -1 0 0
    outer loop
      vertex 6.25 1.38025 4.28652
      vertex 6.25 23.5 7
      vertex 6.25 4.33208 1.62868
    endloop
  endfacet
  facet normal -1 -0 0
    outer loop
      vertex 6.25 23.5 7
      vertex 6.25 1.38025 4.28652
      vertex 6.25 -0.591211 7
    endloop
  endfacet
  facet normal -1 -0 0
    outer loop
      vertex 6.25 26.1655 9
      vertex 6.25 24.4945 7.89547
      vertex 6.25 24.4945 9
    endloop
  endfacet
  facet normal 1.14996e-06 -0.669133 0.743142
    outer loop
      vertex -1.75 26.6679 1.62868
      vertex 6.25 28.2811 3.08121
      vertex -1.75 29.5661 4.23825
    endloop
  endfacet
  facet normal 0 -0.66913 0.743145
    outer loop
      vertex 6.25 28.2811 3.08121
      vertex -1.75 26.6679 1.62868
      vertex 6.25 26.6679 1.62868
    endloop
  endfacet
  facet normal -0 0.669131 0.743145
    outer loop
      vertex -1.75 4.33208 1.62868
      vertex 6.25 1.38025 4.28652
      vertex 6.25 4.33208 1.62868
    endloop
  endfacet
  facet normal 0 0.669131 0.743145
    outer loop
      vertex 6.25 1.38025 4.28652
      vertex -1.75 4.33208 1.62868
      vertex -1.75 1.38025 4.28652
    endloop
  endfacet
  facet normal 0 0.809017 0.587786
    outer loop
      vertex 6.25 1.38025 4.28652
      vertex -1.75 -0.591211 7
      vertex 6.25 -0.591211 7
    endloop
  endfacet
  facet normal 0 0.809017 0.587786
    outer loop
      vertex -1.75 -0.591211 7
      vertex 6.25 1.38025 4.28652
      vertex -1.75 1.38025 4.28652
    endloop
  endfacet
  facet normal 0 -0.309018 0.951056
    outer loop
      vertex -1.75 23.228 -0.357363
      vertex 6.25 19.7098 -1.5005
      vertex 6.25 23.228 -0.357363
    endloop
  endfacet
  facet normal 0 -0.309018 0.951056
    outer loop
      vertex 6.25 19.7098 -1.5005
      vertex -1.75 23.228 -0.357363
      vertex -1.75 19.7098 -1.5005
    endloop
  endfacet
  facet normal 1 0 0
    outer loop
      vertex -1.75 29.1049 7.15
      vertex -1.75 29.163 7.12375
      vertex -1.75 29.146 7.14049
    endloop
  endfacet
  facet normal 1 0 0
    outer loop
      vertex -1.75 29.163 7.12375
      vertex -1.75 29.1049 7.15
      vertex -1.75 29.5661 4.23825
    endloop
  endfacet
  facet normal 1 0 0
    outer loop
      vertex -1.75 24.2431 7.33087
      vertex -1.75 29.5661 4.23825
      vertex -1.75 29.1049 7.15
    endloop
  endfacet
  facet normal 1 -0 0
    outer loop
      vertex -1.75 24.4945 7.89547
      vertex -1.75 29.1049 7.15
      vertex -1.75 28.8322 9
    endloop
  endfacet
  facet normal 1 0 0
    outer loop
      vertex -1.75 24.4945 7.89547
      vertex -1.75 28.8322 9
      vertex -1.75 24.4945 9
    endloop
  endfacet
  facet normal 1 0 0
    outer loop
      vertex -1.75 29.1049 7.15
      vertex -1.75 24.4945 7.89547
      vertex -1.75 24.4511 7.69098
    endloop
  endfacet
  facet normal 1 0 0
    outer loop
      vertex -1.75 29.1049 7.15
      vertex -1.75 24.4511 7.69098
      vertex -1.75 24.366 7.5
    endloop
  endfacet
  facet normal 1 -0 0
    outer loop
      vertex -1.75 24.2431 7.33087
      vertex -1.75 29.1049 7.15
      vertex -1.75 24.366 7.5
    endloop
  endfacet
  facet normal 1 0 0
    outer loop
      vertex -1.75 29.5661 4.23825
      vertex -1.75 24.2431 7.33087
      vertex -1.75 26.6679 1.62868
    endloop
  endfacet
  facet normal 1 -0 0
    outer loop
      vertex -1.75 24.0878 7.19098
      vertex -1.75 26.6679 1.62868
      vertex -1.75 24.2431 7.33087
    endloop
  endfacet
  facet normal 1 -0 0
    outer loop
      vertex -1.75 23.9067 7.08646
      vertex -1.75 26.6679 1.62868
      vertex -1.75 24.0878 7.19098
    endloop
  endfacet
  facet normal 1 -0 0
    outer loop
      vertex -1.75 23.7079 7.02185
      vertex -1.75 26.6679 1.62868
      vertex -1.75 23.9067 7.08646
    endloop
  endfacet
  facet normal 1 -0 0
    outer loop
      vertex -1.75 23.5 7
      vertex -1.75 26.6679 1.62868
      vertex -1.75 23.7079 7.02185
    endloop
  endfacet
  facet normal 1 0 0
    outer loop
      vertex -1.75 23.5 7
      vertex -1.75 23.228 -0.357363
      vertex -1.75 26.6679 1.62868
    endloop
  endfacet
  facet normal 1 0 0
    outer loop
      vertex -1.75 23.5 7
      vertex -1.75 19.7098 -1.5005
      vertex -1.75 23.228 -0.357363
    endloop
  endfacet
  facet normal 1 0 0
    outer loop
      vertex -1.75 23.5 7
      vertex -1.75 11.2902 -1.5005
      vertex -1.75 19.7098 -1.5005
    endloop
  endfacet
  facet normal 1 0 0
    outer loop
      vertex -1.75 23.5 7
      vertex -1.75 7.772 -0.357363
      vertex -1.75 11.2902 -1.5005
    endloop
  endfacet
  facet normal 1 0 0
    outer loop
      vertex -1.75 23.5 7
      vertex -1.75 4.33208 1.62868
      vertex -1.75 7.772 -0.357363
    endloop
  endfacet
  facet normal 1 0 0
    outer loop
      vertex -1.75 23.5 7
      vertex -1.75 1.38025 4.28652
      vertex -1.75 4.33208 1.62868
    endloop
  endfacet
  facet normal 1 0 -0
    outer loop
      vertex -1.75 1.38025 4.28652
      vertex -1.75 23.5 7
      vertex -1.75 -0.591211 7
    endloop
  endfacet
  facet normal -0 0.500001 0.866025
    outer loop
      vertex -1.75 7.772 -0.357363
      vertex 6.25 4.33208 1.62868
      vertex 6.25 7.772 -0.357363
    endloop
  endfacet
  facet normal 0 0.500001 0.866025
    outer loop
      vertex 6.25 4.33208 1.62868
      vertex -1.75 7.772 -0.357363
      vertex -1.75 4.33208 1.62868
    endloop
  endfacet
  facet normal -0 0.309018 0.951056
    outer loop
      vertex -1.75 11.2902 -1.5005
      vertex 6.25 7.772 -0.357363
      vertex 6.25 11.2902 -1.5005
    endloop
  endfacet
  facet normal 0 0.309018 0.951056
    outer loop
      vertex 6.25 7.772 -0.357363
      vertex -1.75 11.2902 -1.5005
      vertex -1.75 7.772 -0.357363
    endloop
  endfacet
  facet normal -0.991263 -0.104186 -0.0808877
    outer loop
      vertex -5.92 20 7.499
      vertex -6.80733 20.6786 17.499
      vertex -6.00916 20.8483 7.499
    endloop
  endfacet
  facet normal -0.991262 -0.104195 -0.080887
    outer loop
      vertex -6.80733 20.6786 17.499
      vertex -5.92 20 7.499
      vertex -6.736 20 17.499
    endloop
  endfacet
  facet normal 0.405382 -0.910562 -0.080889
    outer loop
      vertex -11.2608 23.8803 7.499
      vertex -11.632 22.8267 17.499
      vertex -12.04 23.5334 7.499
    endloop
  endfacet
  facet normal 0.405336 -0.910582 -0.0808928
    outer loop
      vertex -11.632 22.8267 17.499
      vertex -11.2608 23.8803 7.499
      vertex -11.0086 23.1042 17.499
    endloop
  endfacet
  facet normal -0.585878 -0.806352 -0.0808887
    outer loop
      vertex -7.96 23.5334 7.499
      vertex -7.81596 22.4256 17.499
      vertex -8.368 22.8267 17.499
    endloop
  endfacet
  facet normal -0.585897 -0.806339 -0.0808869
    outer loop
      vertex -7.81596 22.4256 17.499
      vertex -7.96 23.5334 7.499
      vertex -7.26995 23.032 7.499
    endloop
  endfacet
  facet normal 0.863184 -0.498367 -0.0808941
    outer loop
      vertex -13.3298 21.489 12.7909
      vertex -13.3008 22.3982 7.499
      vertex -12.6406 21.9185 17.499
    endloop
  endfacet
  facet normal 0.863163 -0.498404 -0.0808877
    outer loop
      vertex -13.3298 21.489 12.7909
      vertex -12.6406 21.9185 17.499
      vertex -12.8886 21.489 17.499
    endloop
  endfacet
  facet normal 0.862033 -0.5003 -0.0812324
    outer loop
      vertex -13.3344 21.4845 12.7698
      vertex -13.3008 22.3982 7.499
      vertex -13.3298 21.489 12.7909
    endloop
  endfacet
  facet normal 0.863182 -0.498371 -0.0808908
    outer loop
      vertex -13.3008 22.3982 7.499
      vertex -13.3344 21.4845 12.7698
      vertex -13.7273 21.6595 7.499
    endloop
  endfacet
  facet normal 0 -0.996724 -0.0808841
    outer loop
      vertex -10.4265 24.0576 7.499
      vertex -9.65882 23.2461 17.499
      vertex -10.3412 23.2461 17.499
    endloop
  endfacet
  facet normal 0 -0.996724 -0.0808841
    outer loop
      vertex -9.65882 23.2461 17.499
      vertex -10.4265 24.0576 7.499
      vertex -9.57352 24.0576 7.499
    endloop
  endfacet
  facet normal 0.991345 -0.103429 -0.0808594
    outer loop
      vertex -13.6921 20.6756 11.382
      vertex -13.9908 20.8483 7.499
      vertex -13.6734 20.7808 11.4767
    endloop
  endfacet
  facet normal 0.991241 -0.104395 -0.0808943
    outer loop
      vertex -13.7473 20.3135 11.1729
      vertex -13.9908 20.8483 7.499
      vertex -13.6921 20.6756 11.382
    endloop
  endfacet
  facet normal 0.991284 -0.104023 -0.0808429
    outer loop
      vertex -13.7885 20 11.0711
      vertex -13.9908 20.8483 7.499
      vertex -13.7473 20.3135 11.1729
    endloop
  endfacet
  facet normal 0.991258 -0.104232 -0.0808913
    outer loop
      vertex -13.9908 20.8483 7.499
      vertex -13.7885 20 11.0711
      vertex -14.08 20 7.499
    endloop
  endfacet
  facet normal -0.405207 0.91064 -0.0808814
    outer loop
      vertex -7.96 16.4666 7.499
      vertex -8.25025 16.6484 11
      vertex -8.25025 16.9693 14.613
    endloop
  endfacet
  facet normal -0.405378 0.910563 -0.0808915
    outer loop
      vertex -8.73921 16.1197 7.499
      vertex -8.25025 16.6484 11
      vertex -7.96 16.4666 7.499
    endloop
  endfacet
  facet normal -0.405399 0.910554 -0.0808872
    outer loop
      vertex -8.25025 16.6484 11
      vertex -8.73921 16.1197 7.499
      vertex -8.82749 16.3914 11
    endloop
  endfacet
  facet normal 0.740695 -0.666953 -0.0808934
    outer loop
      vertex -12.184 22.4256 17.499
      vertex -13.3008 22.3982 7.499
      vertex -12.7301 23.032 7.499
    endloop
  endfacet
  facet normal 0.740706 -0.666942 -0.0808946
    outer loop
      vertex -13.3008 22.3982 7.499
      vertex -12.184 22.4256 17.499
      vertex -12.6406 21.9185 17.499
    endloop
  endfacet
  facet normal 0.585869 -0.806359 -0.0808919
    outer loop
      vertex -12.04 23.5334 7.499
      vertex -12.184 22.4256 17.499
      vertex -12.7301 23.032 7.499
    endloop
  endfacet
  facet normal 0.585906 -0.806332 -0.0808884
    outer loop
      vertex -12.184 22.4256 17.499
      vertex -12.04 23.5334 7.499
      vertex -11.632 22.8267 17.499
    endloop
  endfacet
  facet normal 0.863178 0.498379 -0.0808914
    outer loop
      vertex -13.0697 17.7698 11
      vertex -13.7273 18.3405 7.499
      vertex -13.4663 18.4567 11
    endloop
  endfacet
  facet normal 0.863181 0.498371 -0.0808934
    outer loop
      vertex -13.7273 18.3405 7.499
      vertex -13.0697 17.7698 11
      vertex -13.3008 17.6018 7.499
    endloop
  endfacet
  facet normal -0.405352 -0.910575 -0.0808911
    outer loop
      vertex -8.73921 23.8803 7.499
      vertex -8.368 22.8267 17.499
      vertex -8.99137 23.1042 17.499
    endloop
  endfacet
  facet normal -0.405378 -0.910563 -0.0808889
    outer loop
      vertex -8.368 22.8267 17.499
      vertex -8.73921 23.8803 7.499
      vertex -7.96 23.5334 7.499
    endloop
  endfacet
  facet normal -0.947946 0.307987 -0.0808887
    outer loop
      vertex -6.00916 19.1517 7.499
      vertex -7.01819 18.6724 17.499
      vertex -6.80733 19.3214 17.499
    endloop
  endfacet
  facet normal -0.947942 0.307999 -0.0808878
    outer loop
      vertex -7.01819 18.6724 17.499
      vertex -6.00916 19.1517 7.499
      vertex -6.27273 18.3405 7.499
    endloop
  endfacet
  facet normal 0.947948 0.307983 -0.0808771
    outer loop
      vertex -13.4663 18.4567 11
      vertex -13.9908 19.1517 7.499
      vertex -13.7114 19.2111 11
    endloop
  endfacet
  facet normal 0.947966 0.307925 -0.0808912
    outer loop
      vertex -13.9908 19.1517 7.499
      vertex -13.4663 18.4567 11
      vertex -13.7273 18.3405 7.499
    endloop
  endfacet
  facet normal 0.948129 -0.307423 -0.0808832
    outer loop
      vertex -13.3942 21.4021 12.382
      vertex -13.7273 21.6595 7.499
      vertex -13.3344 21.4845 12.7698
    endloop
  endfacet
  facet normal 0.947895 -0.308138 -0.0809049
    outer loop
      vertex -13.4821 21.232 12
      vertex -13.7273 21.6595 7.499
      vertex -13.3942 21.4021 12.382
    endloop
  endfacet
  facet normal 0.947942 -0.307997 -0.080894
    outer loop
      vertex -13.5908 20.9863 11.6617
      vertex -13.7273 21.6595 7.499
      vertex -13.4821 21.232 12
    endloop
  endfacet
  facet normal 0.947889 -0.308155 -0.0809178
    outer loop
      vertex -13.6734 20.7808 11.4767
      vertex -13.7273 21.6595 7.499
      vertex -13.5908 20.9863 11.6617
    endloop
  endfacet
  facet normal 0.947967 -0.307926 -0.0808683
    outer loop
      vertex -13.7273 21.6595 7.499
      vertex -13.6734 20.7808 11.4767
      vertex -13.9908 20.8483 7.499
    endloop
  endfacet
  facet normal -0.207188 0.974952 -0.0808869
    outer loop
      vertex -9.57352 15.9424 7.499
      vertex -8.82749 16.3914 11
      vertex -8.73921 16.1197 7.499
    endloop
  endfacet
  facet normal -0.207203 0.974949 -0.0808832
    outer loop
      vertex -8.82749 16.3914 11
      vertex -9.57352 15.9424 7.499
      vertex -9.60339 16.2265 11
    endloop
  endfacet
  facet normal 0 0.996724 -0.0808824
    outer loop
      vertex -9.57352 15.9424 7.499
      vertex -10.3966 16.2265 11
      vertex -9.60339 16.2265 11
    endloop
  endfacet
  facet normal 0 0.996724 -0.0808824
    outer loop
      vertex -10.3966 16.2265 11
      vertex -9.57352 15.9424 7.499
      vertex -10.4265 15.9424 7.499
    endloop
  endfacet
  facet normal 0.20719 -0.974951 -0.0808913
    outer loop
      vertex -10.4265 24.0576 7.499
      vertex -11.0086 23.1042 17.499
      vertex -11.2608 23.8803 7.499
    endloop
  endfacet
  facet normal 0.207286 -0.974931 -0.0808838
    outer loop
      vertex -11.0086 23.1042 17.499
      vertex -10.4265 24.0576 7.499
      vertex -10.3412 23.2461 17.499
    endloop
  endfacet
  facet normal 0.585924 0.80632 -0.0808779
    outer loop
      vertex -12.04 16.4666 7.499
      vertex -12.5389 17.1803 11
      vertex -11.8972 16.714 11
    endloop
  endfacet
  facet normal 0.585869 0.806358 -0.0808935
    outer loop
      vertex -12.5389 17.1803 11
      vertex -12.04 16.4666 7.499
      vertex -12.7301 16.968 7.499
    endloop
  endfacet
  facet normal 0.740702 0.666946 -0.0808978
    outer loop
      vertex -12.5389 17.1803 11
      vertex -13.3008 17.6018 7.499
      vertex -13.0697 17.7698 11
    endloop
  endfacet
  facet normal 0.740695 0.666953 -0.0808955
    outer loop
      vertex -13.3008 17.6018 7.499
      vertex -12.5389 17.1803 11
      vertex -12.7301 16.968 7.499
    endloop
  endfacet
  facet normal -0.207271 -0.974934 -0.0808839
    outer loop
      vertex -9.57352 24.0576 7.499
      vertex -8.99137 23.1042 17.499
      vertex -9.65882 23.2461 17.499
    endloop
  endfacet
  facet normal -0.207188 -0.974951 -0.0808904
    outer loop
      vertex -8.99137 23.1042 17.499
      vertex -9.57352 24.0576 7.499
      vertex -8.73921 23.8803 7.499
    endloop
  endfacet
  facet normal -0.740713 0.666934 -0.0808917
    outer loop
      vertex -6.69921 17.6018 7.499
      vertex -7.81596 17.5744 17.499
      vertex -7.35937 18.0815 17.499
    endloop
  endfacet
  facet normal -0.740673 0.666979 -0.0808871
    outer loop
      vertex -7.81596 17.5744 17.499
      vertex -6.69921 17.6018 7.499
      vertex -7.26995 16.968 7.499
    endloop
  endfacet
  facet normal -0.585944 0.806305 -0.0808819
    outer loop
      vertex -7.81596 17.5744 17.499
      vertex -8.25025 16.9693 14.613
      vertex -8.25025 17.2588 17.499
    endloop
  endfacet
  facet normal -0.585926 0.806317 -0.0808872
    outer loop
      vertex -7.26995 16.968 7.499
      vertex -8.25025 16.9693 14.613
      vertex -7.81596 17.5744 17.499
    endloop
  endfacet
  facet normal -0.585897 0.806339 -0.0808832
    outer loop
      vertex -8.25025 16.9693 14.613
      vertex -7.26995 16.968 7.499
      vertex -7.96 16.4666 7.499
    endloop
  endfacet
  facet normal 0.207203 0.974948 -0.080885
    outer loop
      vertex -10.4265 15.9424 7.499
      vertex -11.1725 16.3914 11
      vertex -10.3966 16.2265 11
    endloop
  endfacet
  facet normal 0.20719 0.974951 -0.0808881
    outer loop
      vertex -11.1725 16.3914 11
      vertex -10.4265 15.9424 7.499
      vertex -11.2608 16.1197 7.499
    endloop
  endfacet
  facet normal -0.863173 0.498388 -0.0808876
    outer loop
      vertex -6.27273 18.3405 7.499
      vertex -7.35937 18.0815 17.499
      vertex -7.01819 18.6724 17.499
    endloop
  endfacet
  facet normal -0.863192 0.498354 -0.0808905
    outer loop
      vertex -7.35937 18.0815 17.499
      vertex -6.27273 18.3405 7.499
      vertex -6.69921 17.6018 7.499
    endloop
  endfacet
  facet normal -0.740673 -0.666979 -0.0808871
    outer loop
      vertex -6.69921 22.3982 7.499
      vertex -7.81596 22.4256 17.499
      vertex -7.26995 23.032 7.499
    endloop
  endfacet
  facet normal -0.740713 -0.666934 -0.0808917
    outer loop
      vertex -7.81596 22.4256 17.499
      vertex -6.69921 22.3982 7.499
      vertex -7.35937 21.9185 17.499
    endloop
  endfacet
  facet normal -0.991262 0.104195 -0.080887
    outer loop
      vertex -5.92 20 7.499
      vertex -6.80733 19.3214 17.499
      vertex -6.736 20 17.499
    endloop
  endfacet
  facet normal -0.991263 0.104186 -0.0808877
    outer loop
      vertex -6.80733 19.3214 17.499
      vertex -5.92 20 7.499
      vertex -6.00916 19.1517 7.499
    endloop
  endfacet
  facet normal -0.863192 -0.498354 -0.0808905
    outer loop
      vertex -6.27273 21.6595 7.499
      vertex -7.35937 21.9185 17.499
      vertex -6.69921 22.3982 7.499
    endloop
  endfacet
  facet normal -0.863173 -0.498388 -0.0808876
    outer loop
      vertex -7.35937 21.9185 17.499
      vertex -6.27273 21.6595 7.499
      vertex -7.01819 21.3276 17.499
    endloop
  endfacet
  facet normal -0.947942 -0.307999 -0.0808878
    outer loop
      vertex -6.00916 20.8483 7.499
      vertex -7.01819 21.3276 17.499
      vertex -6.27273 21.6595 7.499
    endloop
  endfacet
  facet normal -0.947946 -0.307987 -0.0808887
    outer loop
      vertex -7.01819 21.3276 17.499
      vertex -6.00916 20.8483 7.499
      vertex -6.80733 20.6786 17.499
    endloop
  endfacet
  facet normal 0.405344 0.910579 -0.08089
    outer loop
      vertex -11.2608 16.1197 7.499
      vertex -11.8972 16.714 11
      vertex -11.1725 16.3914 11
    endloop
  endfacet
  facet normal 0.405382 0.910562 -0.0808802
    outer loop
      vertex -11.8972 16.714 11
      vertex -11.2608 16.1197 7.499
      vertex -12.04 16.4666 7.499
    endloop
  endfacet
  facet normal 0.99128 0.104025 -0.080893
    outer loop
      vertex -13.7819 19.9158 11.0437
      vertex -14.08 20 7.499
      vertex -13.7885 20 11.0711
    endloop
  endfacet
  facet normal 0.991272 0.1041 -0.0808906
    outer loop
      vertex -13.7418 19.5 11
      vertex -14.08 20 7.499
      vertex -13.7819 19.9158 11.0437
    endloop
  endfacet
  facet normal 0.991251 0.104306 -0.0808773
    outer loop
      vertex -13.9908 19.1517 7.499
      vertex -13.7418 19.5 11
      vertex -13.7114 19.2111 11
    endloop
  endfacet
  facet normal 0.99126 0.104232 -0.0808705
    outer loop
      vertex -13.7418 19.5 11
      vertex -13.9908 19.1517 7.499
      vertex -14.08 20 7.499
    endloop
  endfacet
  facet normal 0 0 1
    outer loop
      vertex -12.04 16.4666 7.499
      vertex -13.3008 17.6018 7.499
      vertex -12.7301 16.968 7.499
    endloop
  endfacet
  facet normal 0 0 1
    outer loop
      vertex -12.04 16.4666 7.499
      vertex -13.7273 18.3405 7.499
      vertex -13.3008 17.6018 7.499
    endloop
  endfacet
  facet normal 0 0 1
    outer loop
      vertex -12.04 16.4666 7.499
      vertex -13.9908 19.1517 7.499
      vertex -13.7273 18.3405 7.499
    endloop
  endfacet
  facet normal -0 -0 1
    outer loop
      vertex -13.9908 19.1517 7.499
      vertex -12.04 16.4666 7.499
      vertex -14.08 20 7.499
    endloop
  endfacet
  facet normal 0 0 1
    outer loop
      vertex -7.96 16.4666 7.499
      vertex -9.57352 15.9424 7.499
      vertex -8.73921 16.1197 7.499
    endloop
  endfacet
  facet normal 0 0 1
    outer loop
      vertex -7.96 16.4666 7.499
      vertex -10.4265 15.9424 7.499
      vertex -9.57352 15.9424 7.499
    endloop
  endfacet
  facet normal 0 0 1
    outer loop
      vertex -7.96 16.4666 7.499
      vertex -11.2608 16.1197 7.499
      vertex -10.4265 15.9424 7.499
    endloop
  endfacet
  facet normal 0 -0 1
    outer loop
      vertex -11.2608 16.1197 7.499
      vertex -7.96 16.4666 7.499
      vertex -12.04 16.4666 7.499
    endloop
  endfacet
  facet normal 0 0 1
    outer loop
      vertex -13.3008 22.3982 7.499
      vertex -12.04 23.5334 7.499
      vertex -12.7301 23.032 7.499
    endloop
  endfacet
  facet normal 0 0 1
    outer loop
      vertex -13.7273 21.6595 7.499
      vertex -12.04 23.5334 7.499
      vertex -13.3008 22.3982 7.499
    endloop
  endfacet
  facet normal 0 0 1
    outer loop
      vertex -13.9908 20.8483 7.499
      vertex -12.04 23.5334 7.499
      vertex -13.7273 21.6595 7.499
    endloop
  endfacet
  facet normal 0 0 1
    outer loop
      vertex -12.04 23.5334 7.499
      vertex -13.9908 20.8483 7.499
      vertex -14.08 20 7.499
    endloop
  endfacet
  facet normal 0 0 1
    outer loop
      vertex -5.92 20 7.499
      vertex -6.27273 18.3405 7.499
      vertex -6.00916 19.1517 7.499
    endloop
  endfacet
  facet normal 0 0 1
    outer loop
      vertex -5.92 20 7.499
      vertex -6.69921 17.6018 7.499
      vertex -6.27273 18.3405 7.499
    endloop
  endfacet
  facet normal 0 0 1
    outer loop
      vertex -5.92 20 7.499
      vertex -7.26995 16.968 7.499
      vertex -6.69921 17.6018 7.499
    endloop
  endfacet
  facet normal 0 -0 1
    outer loop
      vertex -7.26995 16.968 7.499
      vertex -5.92 20 7.499
      vertex -7.96 16.4666 7.499
    endloop
  endfacet
  facet normal 0 0 1
    outer loop
      vertex -9.57352 24.0576 7.499
      vertex -7.96 23.5334 7.499
      vertex -8.73921 23.8803 7.499
    endloop
  endfacet
  facet normal -0 0 1
    outer loop
      vertex -10.4265 24.0576 7.499
      vertex -7.96 23.5334 7.499
      vertex -9.57352 24.0576 7.499
    endloop
  endfacet
  facet normal -0 0 1
    outer loop
      vertex -11.2608 23.8803 7.499
      vertex -7.96 23.5334 7.499
      vertex -10.4265 24.0576 7.499
    endloop
  endfacet
  facet normal 0 0 1
    outer loop
      vertex -7.96 23.5334 7.499
      vertex -11.2608 23.8803 7.499
      vertex -12.04 23.5334 7.499
    endloop
  endfacet
  facet normal 0 0 1
    outer loop
      vertex -6.27273 21.6595 7.499
      vertex -5.92 20 7.499
      vertex -6.00916 20.8483 7.499
    endloop
  endfacet
  facet normal 0 0 1
    outer loop
      vertex -6.69921 22.3982 7.499
      vertex -5.92 20 7.499
      vertex -6.27273 21.6595 7.499
    endloop
  endfacet
  facet normal 0 0 1
    outer loop
      vertex -7.26995 23.032 7.499
      vertex -5.92 20 7.499
      vertex -6.69921 22.3982 7.499
    endloop
  endfacet
  facet normal 0 0 1
    outer loop
      vertex -5.92 20 7.499
      vertex -7.26995 23.032 7.499
      vertex -7.96 23.5334 7.499
    endloop
  endfacet
  facet normal 0 0 -1
    outer loop
      vertex -8.25025 21.489 17.499
      vertex -6.736 20 17.499
      vertex -6.80733 19.3214 17.499
    endloop
  endfacet
  facet normal 0 0 -1
    outer loop
      vertex -8.25025 21.489 17.499
      vertex -6.80733 19.3214 17.499
      vertex -7.01819 18.6724 17.499
    endloop
  endfacet
  facet normal 0 0 -1
    outer loop
      vertex -6.736 20 17.499
      vertex -8.25025 21.489 17.499
      vertex -6.80733 20.6786 17.499
    endloop
  endfacet
  facet normal 0 0 -1
    outer loop
      vertex -8.25025 21.489 17.499
      vertex -7.01819 18.6724 17.499
      vertex -7.35937 18.0815 17.499
    endloop
  endfacet
  facet normal 0 0 -1
    outer loop
      vertex -6.80733 20.6786 17.499
      vertex -8.25025 21.489 17.499
      vertex -7.01819 21.3276 17.499
    endloop
  endfacet
  facet normal 0 0 -1
    outer loop
      vertex -8.25025 21.489 17.499
      vertex -7.35937 18.0815 17.499
      vertex -7.81596 17.5744 17.499
    endloop
  endfacet
  facet normal 0 0 -1
    outer loop
      vertex -7.01819 21.3276 17.499
      vertex -8.25025 21.489 17.499
      vertex -7.35937 21.9185 17.499
    endloop
  endfacet
  facet normal 0 0 -1
    outer loop
      vertex -8.25025 21.489 17.499
      vertex -7.81596 17.5744 17.499
      vertex -8.25025 17.2588 17.499
    endloop
  endfacet
  facet normal -0 0 -1
    outer loop
      vertex -7.35937 21.9185 17.499
      vertex -8.25025 21.489 17.499
      vertex -7.81596 22.4256 17.499
    endloop
  endfacet
  facet normal 0 0 -1
    outer loop
      vertex -8.25025 21.489 17.499
      vertex -8.368 22.8267 17.499
      vertex -7.81596 22.4256 17.499
    endloop
  endfacet
  facet normal 0 0 -1
    outer loop
      vertex -8.25025 21.489 17.499
      vertex -8.99137 23.1042 17.499
      vertex -8.368 22.8267 17.499
    endloop
  endfacet
  facet normal 0 0 -1
    outer loop
      vertex -8.25025 21.489 17.499
      vertex -9.65882 23.2461 17.499
      vertex -8.99137 23.1042 17.499
    endloop
  endfacet
  facet normal 0 0 -1
    outer loop
      vertex -8.25025 21.489 17.499
      vertex -10.3412 23.2461 17.499
      vertex -9.65882 23.2461 17.499
    endloop
  endfacet
  facet normal 0 0 -1
    outer loop
      vertex -8.25025 21.489 17.499
      vertex -11.0086 23.1042 17.499
      vertex -10.3412 23.2461 17.499
    endloop
  endfacet
  facet normal 0 0 -1
    outer loop
      vertex -8.25025 21.489 17.499
      vertex -11.632 22.8267 17.499
      vertex -11.0086 23.1042 17.499
    endloop
  endfacet
  facet normal 0 0 -1
    outer loop
      vertex -8.25025 21.489 17.499
      vertex -12.184 22.4256 17.499
      vertex -11.632 22.8267 17.499
    endloop
  endfacet
  facet normal 0 0 -1
    outer loop
      vertex -8.25025 21.489 17.499
      vertex -12.6406 21.9185 17.499
      vertex -12.184 22.4256 17.499
    endloop
  endfacet
  facet normal 0 -0 -1
    outer loop
      vertex -12.6406 21.9185 17.499
      vertex -8.25025 21.489 17.499
      vertex -12.8886 21.489 17.499
    endloop
  endfacet
  facet normal 0 1 -0
    outer loop
      vertex -7.96 16.4666 2.499
      vertex -12.04 16.4666 7.499
      vertex -7.96 16.4666 7.499
    endloop
  endfacet
  facet normal 0 1 0
    outer loop
      vertex -12.04 16.4666 7.499
      vertex -7.96 16.4666 2.499
      vertex -12.04 16.4666 2.499
    endloop
  endfacet
  facet normal -0.866026 0.499998 0
    outer loop
      vertex -7.96 16.4666 2.499
      vertex -5.92 20 7.499
      vertex -5.92 20 2.499
    endloop
  endfacet
  facet normal -0.866026 0.499998 0
    outer loop
      vertex -5.92 20 7.499
      vertex -7.96 16.4666 2.499
      vertex -7.96 16.4666 7.499
    endloop
  endfacet
  facet normal 0 -1 0
    outer loop
      vertex -12.04 23.5334 2.499
      vertex -7.96 23.5334 7.499
      vertex -12.04 23.5334 7.499
    endloop
  endfacet
  facet normal 0 -1 -0
    outer loop
      vertex -7.96 23.5334 7.499
      vertex -12.04 23.5334 2.499
      vertex -7.96 23.5334 2.499
    endloop
  endfacet
  facet normal -0.866026 -0.499998 0
    outer loop
      vertex -5.92 20 2.499
      vertex -7.96 23.5334 7.499
      vertex -7.96 23.5334 2.499
    endloop
  endfacet
  facet normal -0.866026 -0.499998 0
    outer loop
      vertex -7.96 23.5334 7.499
      vertex -5.92 20 2.499
      vertex -5.92 20 7.499
    endloop
  endfacet
  facet normal 0.866026 -0.499998 0
    outer loop
      vertex -14.08 20 7.499
      vertex -12.04 23.5334 2.499
      vertex -12.04 23.5334 7.499
    endloop
  endfacet
  facet normal 0.866026 -0.499998 0
    outer loop
      vertex -12.04 23.5334 2.499
      vertex -14.08 20 7.499
      vertex -14.08 20 2.499
    endloop
  endfacet
  facet normal 0.866026 0.499998 0
    outer loop
      vertex -12.04 16.4666 7.499
      vertex -14.08 20 2.499
      vertex -14.08 20 7.499
    endloop
  endfacet
  facet normal 0.866026 0.499998 0
    outer loop
      vertex -14.08 20 2.499
      vertex -12.04 16.4666 7.499
      vertex -12.04 16.4666 2.499
    endloop
  endfacet
  facet normal 0 0 1
    outer loop
      vertex -5.92 20 2.499
      vertex -7.50572 20.5302 2.499
      vertex -7.45 20 2.499
    endloop
  endfacet
  facet normal 0 0 1
    outer loop
      vertex -5.92 20 2.499
      vertex -7.67046 21.0372 2.499
      vertex -7.50572 20.5302 2.499
    endloop
  endfacet
  facet normal 0 0 1
    outer loop
      vertex -5.92 20 2.499
      vertex -7.93701 21.4989 2.499
      vertex -7.67046 21.0372 2.499
    endloop
  endfacet
  facet normal 0 0 1
    outer loop
      vertex -7.96 23.5334 2.499
      vertex -7.93701 21.4989 2.499
      vertex -5.92 20 2.499
    endloop
  endfacet
  facet normal 0 0 1
    outer loop
      vertex -7.96 23.5334 2.499
      vertex -8.29372 21.895 2.499
      vertex -7.93701 21.4989 2.499
    endloop
  endfacet
  facet normal 0 0 1
    outer loop
      vertex -7.96 23.5334 2.499
      vertex -8.725 22.2084 2.499
      vertex -8.29372 21.895 2.499
    endloop
  endfacet
  facet normal 0 0 1
    outer loop
      vertex -7.96 23.5334 2.499
      vertex -9.21201 22.4252 2.499
      vertex -8.725 22.2084 2.499
    endloop
  endfacet
  facet normal 0 0 1
    outer loop
      vertex -7.96 23.5334 2.499
      vertex -9.73345 22.536 2.499
      vertex -9.21201 22.4252 2.499
    endloop
  endfacet
  facet normal 0 0 1
    outer loop
      vertex -7.96 23.5334 2.499
      vertex -10.2665 22.536 2.499
      vertex -9.73345 22.536 2.499
    endloop
  endfacet
  facet normal -0 0 1
    outer loop
      vertex -12.04 23.5334 2.499
      vertex -10.2665 22.536 2.499
      vertex -7.96 23.5334 2.499
    endloop
  endfacet
  facet normal 0 0 1
    outer loop
      vertex -10.2665 22.536 2.499
      vertex -12.04 23.5334 2.499
      vertex -10.788 22.4252 2.499
    endloop
  endfacet
  facet normal 0 0 1
    outer loop
      vertex -12.04 23.5334 2.499
      vertex -11.275 22.2084 2.499
      vertex -10.788 22.4252 2.499
    endloop
  endfacet
  facet normal 0 0 1
    outer loop
      vertex -12.04 23.5334 2.499
      vertex -11.7063 21.895 2.499
      vertex -11.275 22.2084 2.499
    endloop
  endfacet
  facet normal 0 0 1
    outer loop
      vertex -12.04 23.5334 2.499
      vertex -12.063 21.4989 2.499
      vertex -11.7063 21.895 2.499
    endloop
  endfacet
  facet normal 0 0 1
    outer loop
      vertex -12.04 23.5334 2.499
      vertex -12.3295 21.0372 2.499
      vertex -12.063 21.4989 2.499
    endloop
  endfacet
  facet normal 0 0 1
    outer loop
      vertex -14.08 20 2.499
      vertex -12.3295 21.0372 2.499
      vertex -12.04 23.5334 2.499
    endloop
  endfacet
  facet normal 0 0 1
    outer loop
      vertex -12.4943 20.5302 2.499
      vertex -14.08 20 2.499
      vertex -12.55 20 2.499
    endloop
  endfacet
  facet normal 0 0 1
    outer loop
      vertex -12.3295 21.0372 2.499
      vertex -14.08 20 2.499
      vertex -12.4943 20.5302 2.499
    endloop
  endfacet
  facet normal 0 0 1
    outer loop
      vertex -7.50572 19.4698 2.499
      vertex -5.92 20 2.499
      vertex -7.45 20 2.499
    endloop
  endfacet
  facet normal 0 0 1
    outer loop
      vertex -7.67046 18.9628 2.499
      vertex -5.92 20 2.499
      vertex -7.50572 19.4698 2.499
    endloop
  endfacet
  facet normal 0 0 1
    outer loop
      vertex -7.93701 18.5011 2.499
      vertex -5.92 20 2.499
      vertex -7.67046 18.9628 2.499
    endloop
  endfacet
  facet normal -0 0 1
    outer loop
      vertex -7.93701 18.5011 2.499
      vertex -7.96 16.4666 2.499
      vertex -5.92 20 2.499
    endloop
  endfacet
  facet normal -0 0 1
    outer loop
      vertex -8.29372 18.105 2.499
      vertex -7.96 16.4666 2.499
      vertex -7.93701 18.5011 2.499
    endloop
  endfacet
  facet normal -0 0 1
    outer loop
      vertex -8.725 17.7916 2.499
      vertex -7.96 16.4666 2.499
      vertex -8.29372 18.105 2.499
    endloop
  endfacet
  facet normal -0 0 1
    outer loop
      vertex -9.21201 17.5748 2.499
      vertex -7.96 16.4666 2.499
      vertex -8.725 17.7916 2.499
    endloop
  endfacet
  facet normal -0 0 1
    outer loop
      vertex -9.73345 17.464 2.499
      vertex -7.96 16.4666 2.499
      vertex -9.21201 17.5748 2.499
    endloop
  endfacet
  facet normal -0 0 1
    outer loop
      vertex -10.2665 17.464 2.499
      vertex -7.96 16.4666 2.499
      vertex -9.73345 17.464 2.499
    endloop
  endfacet
  facet normal 0 0 1
    outer loop
      vertex -12.04 16.4666 2.499
      vertex -10.2665 17.464 2.499
      vertex -10.788 17.5748 2.499
    endloop
  endfacet
  facet normal 0 0 1
    outer loop
      vertex -10.2665 17.464 2.499
      vertex -12.04 16.4666 2.499
      vertex -7.96 16.4666 2.499
    endloop
  endfacet
  facet normal 0 0 1
    outer loop
      vertex -11.275 17.7916 2.499
      vertex -12.04 16.4666 2.499
      vertex -10.788 17.5748 2.499
    endloop
  endfacet
  facet normal 0 0 1
    outer loop
      vertex -11.7063 18.105 2.499
      vertex -12.04 16.4666 2.499
      vertex -11.275 17.7916 2.499
    endloop
  endfacet
  facet normal 0 0 1
    outer loop
      vertex -12.063 18.5011 2.499
      vertex -12.04 16.4666 2.499
      vertex -11.7063 18.105 2.499
    endloop
  endfacet
  facet normal 0 0 1
    outer loop
      vertex -12.3295 18.9628 2.499
      vertex -12.04 16.4666 2.499
      vertex -12.063 18.5011 2.499
    endloop
  endfacet
  facet normal 0 0 1
    outer loop
      vertex -14.08 20 2.499
      vertex -12.3295 18.9628 2.499
      vertex -12.4943 19.4698 2.499
    endloop
  endfacet
  facet normal 0 0 1
    outer loop
      vertex -12.3295 18.9628 2.499
      vertex -14.08 20 2.499
      vertex -12.04 16.4666 2.499
    endloop
  endfacet
  facet normal -0 0 1
    outer loop
      vertex -14.08 20 2.499
      vertex -12.4943 19.4698 2.499
      vertex -12.55 20 2.499
    endloop
  endfacet
  facet normal 0.866076 0.499912 0
    outer loop
      vertex -12.063 18.5011 2.499
      vertex -12.3295 18.9628 -1.5005
      vertex -12.3295 18.9628 2.499
    endloop
  endfacet
  facet normal 0.866076 0.499912 0
    outer loop
      vertex -12.3295 18.9628 -1.5005
      vertex -12.063 18.5011 2.499
      vertex -12.063 18.5011 -1.5005
    endloop
  endfacet
  facet normal -0.743089 0.669193 0
    outer loop
      vertex -8.29372 18.105 -1.5005
      vertex -7.93701 18.5011 2.499
      vertex -7.93701 18.5011 -1.5005
    endloop
  endfacet
  facet normal -0.743089 0.669193 0
    outer loop
      vertex -7.93701 18.5011 2.499
      vertex -8.29372 18.105 -1.5005
      vertex -8.29372 18.105 2.499
    endloop
  endfacet
  facet normal -0.951053 -0.309027 0
    outer loop
      vertex -7.50572 20.5302 -1.5005
      vertex -7.67046 21.0372 2.499
      vertex -7.67046 21.0372 -1.5005
    endloop
  endfacet
  facet normal -0.951053 -0.309027 0
    outer loop
      vertex -7.67046 21.0372 2.499
      vertex -7.50572 20.5302 -1.5005
      vertex -7.50572 20.5302 2.499
    endloop
  endfacet
  facet normal -0.994523 -0.104517 0
    outer loop
      vertex -7.45 20 -1.5005
      vertex -7.50572 20.5302 2.499
      vertex -7.50572 20.5302 -1.5005
    endloop
  endfacet
  facet normal -0.994523 -0.104517 0
    outer loop
      vertex -7.50572 20.5302 2.499
      vertex -7.45 20 -1.5005
      vertex -7.45 20 2.499
    endloop
  endfacet
  facet normal -0.866036 -0.499982 0
    outer loop
      vertex -7.67046 21.0372 -1.5005
      vertex -7.93701 21.4989 2.499
      vertex -7.93701 21.4989 -1.5005
    endloop
  endfacet
  facet normal -0.866036 -0.499982 0
    outer loop
      vertex -7.93701 21.4989 2.499
      vertex -7.67046 21.0372 -1.5005
      vertex -7.67046 21.0372 2.499
    endloop
  endfacet
  facet normal -0.207848 0.978161 0
    outer loop
      vertex -9.21201 17.5748 -1.5005
      vertex -9.73345 17.464 2.499
      vertex -9.21201 17.5748 2.499
    endloop
  endfacet
  facet normal -0.207848 0.978161 0
    outer loop
      vertex -9.73345 17.464 2.499
      vertex -9.21201 17.5748 -1.5005
      vertex -9.73345 17.464 -1.5005
    endloop
  endfacet
  facet normal 0.207825 -0.978166 0
    outer loop
      vertex -10.788 22.4252 -1.5005
      vertex -10.2665 22.536 2.499
      vertex -10.788 22.4252 2.499
    endloop
  endfacet
  facet normal 0.207825 -0.978166 0
    outer loop
      vertex -10.2665 22.536 2.499
      vertex -10.788 22.4252 -1.5005
      vertex -10.2665 22.536 -1.5005
    endloop
  endfacet
  facet normal -0.406688 -0.913567 0
    outer loop
      vertex -9.21201 22.4252 -1.5005
      vertex -8.725 22.2084 2.499
      vertex -9.21201 22.4252 2.499
    endloop
  endfacet
  facet normal -0.406688 -0.913567 -0
    outer loop
      vertex -8.725 22.2084 2.499
      vertex -9.21201 22.4252 -1.5005
      vertex -8.725 22.2084 -1.5005
    endloop
  endfacet
  facet normal 0.994527 0.10448 0
    outer loop
      vertex -12.4943 19.4698 2.499
      vertex -12.55 20 -1.5005
      vertex -12.55 20 2.499
    endloop
  endfacet
  facet normal 0.994527 0.10448 0
    outer loop
      vertex -12.55 20 -1.5005
      vertex -12.4943 19.4698 2.499
      vertex -12.4943 19.4698 -1.5005
    endloop
  endfacet
  facet normal -0.994523 0.104517 0
    outer loop
      vertex -7.50572 19.4698 -1.5005
      vertex -7.45 20 2.499
      vertex -7.45 20 -1.5005
    endloop
  endfacet
  facet normal -0.994523 0.104517 0
    outer loop
      vertex -7.45 20 2.499
      vertex -7.50572 19.4698 -1.5005
      vertex -7.50572 19.4698 2.499
    endloop
  endfacet
  facet normal 0.994527 -0.10448 0
    outer loop
      vertex -12.55 20 2.499
      vertex -12.4943 20.5302 -1.5005
      vertex -12.4943 20.5302 2.499
    endloop
  endfacet
  facet normal 0.994527 -0.10448 0
    outer loop
      vertex -12.4943 20.5302 -1.5005
      vertex -12.55 20 2.499
      vertex -12.55 20 -1.5005
    endloop
  endfacet
  facet normal -0.866036 0.499982 0
    outer loop
      vertex -7.93701 18.5011 -1.5005
      vertex -7.67046 18.9628 2.499
      vertex -7.67046 18.9628 -1.5005
    endloop
  endfacet
  facet normal -0.866036 0.499982 0
    outer loop
      vertex -7.67046 18.9628 2.499
      vertex -7.93701 18.5011 -1.5005
      vertex -7.93701 18.5011 2.499
    endloop
  endfacet
  facet normal 0.587837 0.808979 -0
    outer loop
      vertex -11.275 17.7916 -1.5005
      vertex -11.7063 18.105 2.499
      vertex -11.275 17.7916 2.499
    endloop
  endfacet
  facet normal 0.587837 0.808979 0
    outer loop
      vertex -11.7063 18.105 2.499
      vertex -11.275 17.7916 -1.5005
      vertex -11.7063 18.105 -1.5005
    endloop
  endfacet
  facet normal -0.951053 0.309027 0
    outer loop
      vertex -7.67046 18.9628 -1.5005
      vertex -7.50572 19.4698 2.499
      vertex -7.50572 19.4698 -1.5005
    endloop
  endfacet
  facet normal -0.951053 0.309027 0
    outer loop
      vertex -7.50572 19.4698 2.499
      vertex -7.67046 18.9628 -1.5005
      vertex -7.67046 18.9628 2.499
    endloop
  endfacet
  facet normal 0.743098 -0.669182 0
    outer loop
      vertex -12.063 21.4989 2.499
      vertex -11.7063 21.895 -1.5005
      vertex -11.7063 21.895 2.499
    endloop
  endfacet
  facet normal 0.743098 -0.669182 0
    outer loop
      vertex -11.7063 21.895 -1.5005
      vertex -12.063 21.4989 2.499
      vertex -12.063 21.4989 -1.5005
    endloop
  endfacet
  facet normal -0.587855 -0.808966 0
    outer loop
      vertex -8.725 22.2084 -1.5005
      vertex -8.29372 21.895 2.499
      vertex -8.725 22.2084 2.499
    endloop
  endfacet
  facet normal -0.587855 -0.808966 -0
    outer loop
      vertex -8.29372 21.895 2.499
      vertex -8.725 22.2084 -1.5005
      vertex -8.29372 21.895 -1.5005
    endloop
  endfacet
  facet normal 0.406695 0.913564 -0
    outer loop
      vertex -10.788 17.5748 -1.5005
      vertex -11.275 17.7916 2.499
      vertex -10.788 17.5748 2.499
    endloop
  endfacet
  facet normal 0.406695 0.913564 0
    outer loop
      vertex -11.275 17.7916 2.499
      vertex -10.788 17.5748 -1.5005
      vertex -11.275 17.7916 -1.5005
    endloop
  endfacet
  facet normal -0.406688 0.913567 0
    outer loop
      vertex -8.725 17.7916 -1.5005
      vertex -9.21201 17.5748 2.499
      vertex -8.725 17.7916 2.499
    endloop
  endfacet
  facet normal -0.406688 0.913567 0
    outer loop
      vertex -9.21201 17.5748 2.499
      vertex -8.725 17.7916 -1.5005
      vertex -9.21201 17.5748 -1.5005
    endloop
  endfacet
  facet normal 0 -1 0
    outer loop
      vertex -10.2665 22.536 -1.5005
      vertex -9.73345 22.536 2.499
      vertex -10.2665 22.536 2.499
    endloop
  endfacet
  facet normal 0 -1 -0
    outer loop
      vertex -9.73345 22.536 2.499
      vertex -10.2665 22.536 -1.5005
      vertex -9.73345 22.536 -1.5005
    endloop
  endfacet
  facet normal 0.587837 -0.808979 0
    outer loop
      vertex -11.7063 21.895 -1.5005
      vertex -11.275 22.2084 2.499
      vertex -11.7063 21.895 2.499
    endloop
  endfacet
  facet normal 0.587837 -0.808979 0
    outer loop
      vertex -11.275 22.2084 2.499
      vertex -11.7063 21.895 -1.5005
      vertex -11.275 22.2084 -1.5005
    endloop
  endfacet
  facet normal 0 1 -0
    outer loop
      vertex -9.73345 17.464 -1.5005
      vertex -10.2665 17.464 2.499
      vertex -9.73345 17.464 2.499
    endloop
  endfacet
  facet normal 0 1 0
    outer loop
      vertex -10.2665 17.464 2.499
      vertex -9.73345 17.464 -1.5005
      vertex -10.2665 17.464 -1.5005
    endloop
  endfacet
  facet normal 0.95102 0.309128 0
    outer loop
      vertex -12.3295 18.9628 2.499
      vertex -12.4943 19.4698 -1.5005
      vertex -12.4943 19.4698 2.499
    endloop
  endfacet
  facet normal 0.95102 0.309128 0
    outer loop
      vertex -12.4943 19.4698 -1.5005
      vertex -12.3295 18.9628 2.499
      vertex -12.3295 18.9628 -1.5005
    endloop
  endfacet
  facet normal -0.587855 0.808966 0
    outer loop
      vertex -8.29372 18.105 -1.5005
      vertex -8.725 17.7916 2.499
      vertex -8.29372 18.105 2.499
    endloop
  endfacet
  facet normal -0.587855 0.808966 0
    outer loop
      vertex -8.725 17.7916 2.499
      vertex -8.29372 18.105 -1.5005
      vertex -8.725 17.7916 -1.5005
    endloop
  endfacet
  facet normal 0.406695 -0.913564 0
    outer loop
      vertex -11.275 22.2084 -1.5005
      vertex -10.788 22.4252 2.499
      vertex -11.275 22.2084 2.499
    endloop
  endfacet
  facet normal 0.406695 -0.913564 0
    outer loop
      vertex -10.788 22.4252 2.499
      vertex -11.275 22.2084 -1.5005
      vertex -10.788 22.4252 -1.5005
    endloop
  endfacet
  facet normal -0.207848 -0.978161 0
    outer loop
      vertex -9.73345 22.536 -1.5005
      vertex -9.21201 22.4252 2.499
      vertex -9.73345 22.536 2.499
    endloop
  endfacet
  facet normal -0.207848 -0.978161 -0
    outer loop
      vertex -9.21201 22.4252 2.499
      vertex -9.73345 22.536 -1.5005
      vertex -9.21201 22.4252 -1.5005
    endloop
  endfacet
  facet normal -0.743089 -0.669193 0
    outer loop
      vertex -7.93701 21.4989 -1.5005
      vertex -8.29372 21.895 2.499
      vertex -8.29372 21.895 -1.5005
    endloop
  endfacet
  facet normal -0.743089 -0.669193 0
    outer loop
      vertex -8.29372 21.895 2.499
      vertex -7.93701 21.4989 -1.5005
      vertex -7.93701 21.4989 2.499
    endloop
  endfacet
  facet normal 0.743098 0.669182 0
    outer loop
      vertex -11.7063 18.105 2.499
      vertex -12.063 18.5011 -1.5005
      vertex -12.063 18.5011 2.499
    endloop
  endfacet
  facet normal 0.743098 0.669182 0
    outer loop
      vertex -12.063 18.5011 -1.5005
      vertex -11.7063 18.105 2.499
      vertex -11.7063 18.105 -1.5005
    endloop
  endfacet
  facet normal 0.866076 -0.499912 0
    outer loop
      vertex -12.3295 21.0372 2.499
      vertex -12.063 21.4989 -1.5005
      vertex -12.063 21.4989 2.499
    endloop
  endfacet
  facet normal 0.866076 -0.499912 0
    outer loop
      vertex -12.063 21.4989 -1.5005
      vertex -12.3295 21.0372 2.499
      vertex -12.3295 21.0372 -1.5005
    endloop
  endfacet
  facet normal 0.207825 0.978166 -0
    outer loop
      vertex -10.2665 17.464 -1.5005
      vertex -10.788 17.5748 2.499
      vertex -10.2665 17.464 2.499
    endloop
  endfacet
  facet normal 0.207825 0.978166 0
    outer loop
      vertex -10.788 17.5748 2.499
      vertex -10.2665 17.464 -1.5005
      vertex -10.788 17.5748 -1.5005
    endloop
  endfacet
  facet normal 0.95102 -0.309128 0
    outer loop
      vertex -12.4943 20.5302 2.499
      vertex -12.3295 21.0372 -1.5005
      vertex -12.3295 21.0372 2.499
    endloop
  endfacet
  facet normal 0.95102 -0.309128 0
    outer loop
      vertex -12.3295 21.0372 -1.5005
      vertex -12.4943 20.5302 2.499
      vertex -12.4943 20.5302 -1.5005
    endloop
  endfacet
  facet normal -0.405377 0.910562 -0.0809034
    outer loop
      vertex 1.26079 -23.8803 7.499
      vertex 1.97876 -23.4273 9
      vertex 2.04 -23.5334 7.499
    endloop
  endfacet
  facet normal -0.405391 0.910557 -0.0808954
    outer loop
      vertex 1.97876 -23.4273 9
      vertex 1.26079 -23.8803 7.499
      vertex 1.22294 -23.7638 9
    endloop
  endfacet
  facet normal 0.863173 0.498388 -0.0808876
    outer loop
      vertex -2.64063 -21.9185 17.499
      vertex -3.72727 -21.6595 7.499
      vertex -2.98181 -21.3276 17.499
    endloop
  endfacet
  facet normal 0.863192 0.498354 -0.0808905
    outer loop
      vertex -3.72727 -21.6595 7.499
      vertex -2.64063 -21.9185 17.499
      vertex -3.30079 -22.3982 7.499
    endloop
  endfacet
  facet normal -0.947943 0.307994 -0.080891
    outer loop
      vertex 3.99084 -20.8483 7.499
      vertex 3.61537 -21.6097 9
      vertex 3.87104 -20.8228 9
    endloop
  endfacet
  facet normal -0.947942 0.307999 -0.0808881
    outer loop
      vertex 3.61537 -21.6097 9
      vertex 3.99084 -20.8483 7.499
      vertex 3.72727 -21.6595 7.499
    endloop
  endfacet
  facet normal 0.947946 0.307987 -0.0808887
    outer loop
      vertex -2.98181 -21.3276 17.499
      vertex -3.99084 -20.8483 7.499
      vertex -3.19267 -20.6786 17.499
    endloop
  endfacet
  facet normal 0.947942 0.307999 -0.0808878
    outer loop
      vertex -3.99084 -20.8483 7.499
      vertex -2.98181 -21.3276 17.499
      vertex -3.72727 -21.6595 7.499
    endloop
  endfacet
  facet normal -0.207187 0.974951 -0.0808953
    outer loop
      vertex 0.426476 -24.0576 7.499
      vertex 1.22294 -23.7638 9
      vertex 1.26079 -23.8803 7.499
    endloop
  endfacet
  facet normal -0.207213 0.974947 -0.0808804
    outer loop
      vertex 1.22294 -23.7638 9
      vertex 0.426476 -24.0576 7.499
      vertex 0.413673 -23.9358 9
    endloop
  endfacet
  facet normal 0 0.996724 -0.0808801
    outer loop
      vertex 0.426476 -24.0576 7.499
      vertex -0.413673 -23.9358 9
      vertex 0.413673 -23.9358 9
    endloop
  endfacet
  facet normal 0 0.996724 -0.0808801
    outer loop
      vertex -0.413673 -23.9358 9
      vertex 0.426476 -24.0576 7.499
      vertex -0.426476 -24.0576 7.499
    endloop
  endfacet
  facet normal 0.585897 0.806338 -0.0808907
    outer loop
      vertex -1.84975 -23.2039 12.162
      vertex -2.18404 -22.4256 17.499
      vertex -1.84975 -22.6685 17.499
    endloop
  endfacet
  facet normal 0.585897 0.806339 -0.0808826
    outer loop
      vertex -2.73005 -23.032 7.499
      vertex -1.84975 -23.2039 12.162
      vertex -2.04 -23.5334 7.499
    endloop
  endfacet
  facet normal 0.585918 0.806323 -0.0808872
    outer loop
      vertex -1.84975 -23.2039 12.162
      vertex -2.73005 -23.032 7.499
      vertex -2.18404 -22.4256 17.499
    endloop
  endfacet
  facet normal 0.740713 0.666934 -0.0808917
    outer loop
      vertex -2.18404 -22.4256 17.499
      vertex -3.30079 -22.3982 7.499
      vertex -2.64063 -21.9185 17.499
    endloop
  endfacet
  facet normal 0.740673 0.666979 -0.0808871
    outer loop
      vertex -3.30079 -22.3982 7.499
      vertex -2.18404 -22.4256 17.499
      vertex -2.73005 -23.032 7.499
    endloop
  endfacet
  facet normal -0.740691 0.666959 -0.0808901
    outer loop
      vertex 3.30079 -22.3982 7.499
      vertex 2.6481 -22.941 9
      vertex 3.2017 -22.3262 9
    endloop
  endfacet
  facet normal -0.740673 0.66698 -0.080875
    outer loop
      vertex 2.6481 -22.941 9
      vertex 3.30079 -22.3982 7.499
      vertex 2.73005 -23.032 7.499
    endloop
  endfacet
  facet normal -0.585898 0.80634 -0.0808736
    outer loop
      vertex 2.04 -23.5334 7.499
      vertex 2.6481 -22.941 9
      vertex 2.73005 -23.032 7.499
    endloop
  endfacet
  facet normal -0.585855 0.806367 -0.0809016
    outer loop
      vertex 2.6481 -22.941 9
      vertex 2.04 -23.5334 7.499
      vertex 1.97876 -23.4273 9
    endloop
  endfacet
  facet normal 0.207213 0.974947 -0.0808804
    outer loop
      vertex -0.426476 -24.0576 7.499
      vertex -1.22294 -23.7638 9
      vertex -0.413673 -23.9358 9
    endloop
  endfacet
  facet normal 0.207187 0.974951 -0.0808953
    outer loop
      vertex -1.22294 -23.7638 9
      vertex -0.426476 -24.0576 7.499
      vertex -1.26079 -23.8803 7.499
    endloop
  endfacet
  facet normal -0.863189 0.49836 -0.0808855
    outer loop
      vertex 3.72727 -21.6595 7.499
      vertex 3.2017 -22.3262 9
      vertex 3.61537 -21.6097 9
    endloop
  endfacet
  facet normal -0.863192 0.498354 -0.0808895
    outer loop
      vertex 3.2017 -22.3262 9
      vertex 3.72727 -21.6595 7.499
      vertex 3.30079 -22.3982 7.499
    endloop
  endfacet
  facet normal -0.991265 0.104169 -0.0808875
    outer loop
      vertex 3.99567 -20.4945 7.89547
      vertex 3.87104 -20.8228 9
      vertex 3.90554 -20.4945 9
    endloop
  endfacet
  facet normal -0.991255 0.104229 -0.0809356
    outer loop
      vertex 3.99084 -20.8483 7.499
      vertex 3.99567 -20.4945 7.89547
      vertex 4.01693 -20.4511 7.69098
    endloop
  endfacet
  facet normal -0.991264 0.104174 -0.080886
    outer loop
      vertex 3.99567 -20.4945 7.89547
      vertex 3.99084 -20.8483 7.499
      vertex 3.87104 -20.8228 9
    endloop
  endfacet
  facet normal -0.991267 0.104186 -0.0808443
    outer loop
      vertex 4.04145 -20.366 7.5
      vertex 3.99084 -20.8483 7.499
      vertex 4.01693 -20.4511 7.69098
    endloop
  endfacet
  facet normal -0.990868 0.104154 -0.0856311
    outer loop
      vertex 3.99084 -20.8483 7.499
      vertex 4.04145 -20.366 7.5
      vertex 4.04161 -20.3653 7.499
    endloop
  endfacet
  facet normal 0.405314 0.910591 -0.0808961
    outer loop
      vertex -1.22294 -23.7638 9
      vertex -1.26079 -23.8803 7.499
      vertex -1.84975 -23.4848 9
    endloop
  endfacet
  facet normal 0.405557 0.910484 -0.0808839
    outer loop
      vertex -1.84975 -23.4848 9
      vertex -2.04 -23.5334 7.499
      vertex -1.84975 -23.2039 12.162
    endloop
  endfacet
  facet normal 0.405379 0.910565 -0.0808639
    outer loop
      vertex -2.04 -23.5334 7.499
      vertex -1.84975 -23.4848 9
      vertex -1.26079 -23.8803 7.499
    endloop
  endfacet
  facet normal 0.991263 0.104188 -0.0808873
    outer loop
      vertex -3.21202 -20.4945 17.499
      vertex -3.19267 -20.6786 17.499
      vertex -3.99567 -20.4945 7.89547
    endloop
  endfacet
  facet normal 0.990868 0.104154 -0.0856311
    outer loop
      vertex -4.04145 -20.366 7.5
      vertex -3.99084 -20.8483 7.499
      vertex -4.04161 -20.3653 7.499
    endloop
  endfacet
  facet normal 0.991267 0.104186 -0.0808443
    outer loop
      vertex -4.01693 -20.4511 7.69098
      vertex -3.99084 -20.8483 7.499
      vertex -4.04145 -20.366 7.5
    endloop
  endfacet
  facet normal 0.991255 0.104229 -0.0809356
    outer loop
      vertex -3.99567 -20.4945 7.89547
      vertex -3.99084 -20.8483 7.499
      vertex -4.01693 -20.4511 7.69098
    endloop
  endfacet
  facet normal 0.991264 0.104176 -0.0808876
    outer loop
      vertex -3.99084 -20.8483 7.499
      vertex -3.99567 -20.4945 7.89547
      vertex -3.19267 -20.6786 17.499
    endloop
  endfacet
  facet normal 0 0 1
    outer loop
      vertex -3.86909 -20.3653 7.499
      vertex -2.73005 -23.032 7.499
      vertex -2.04 -23.5334 7.499
    endloop
  endfacet
  facet normal 0 0 1
    outer loop
      vertex -2.73005 -23.032 7.499
      vertex -3.86909 -20.3653 7.499
      vertex -3.30079 -22.3982 7.499
    endloop
  endfacet
  facet normal 0 0 1
    outer loop
      vertex -3.30079 -22.3982 7.499
      vertex -3.86909 -20.3653 7.499
      vertex -3.72727 -21.6595 7.499
    endloop
  endfacet
  facet normal 0 0 1
    outer loop
      vertex -3.86909 -20.3653 7.499
      vertex -3.99084 -20.8483 7.499
      vertex -3.72727 -21.6595 7.499
    endloop
  endfacet
  facet normal 0 -0 1
    outer loop
      vertex -3.99084 -20.8483 7.499
      vertex -3.86909 -20.3653 7.499
      vertex -4.04161 -20.3653 7.499
    endloop
  endfacet
  facet normal 0 0 1
    outer loop
      vertex 2.04 -23.5334 7.499
      vertex 0.426476 -24.0576 7.499
      vertex 1.26079 -23.8803 7.499
    endloop
  endfacet
  facet normal 0 0 1
    outer loop
      vertex 2.04 -23.5334 7.499
      vertex -0.426476 -24.0576 7.499
      vertex 0.426476 -24.0576 7.499
    endloop
  endfacet
  facet normal 0 0 1
    outer loop
      vertex 2.04 -23.5334 7.499
      vertex -1.26079 -23.8803 7.499
      vertex -0.426476 -24.0576 7.499
    endloop
  endfacet
  facet normal 0 -0 1
    outer loop
      vertex -1.26079 -23.8803 7.499
      vertex 2.04 -23.5334 7.499
      vertex -2.04 -23.5334 7.499
    endloop
  endfacet
  facet normal -0 0 1
    outer loop
      vertex 3.86909 -20.3653 7.499
      vertex 3.99084 -20.8483 7.499
      vertex 4.04161 -20.3653 7.499
    endloop
  endfacet
  facet normal 0 0 1
    outer loop
      vertex 3.86909 -20.3653 7.499
      vertex 3.72727 -21.6595 7.499
      vertex 3.99084 -20.8483 7.499
    endloop
  endfacet
  facet normal 0 0 1
    outer loop
      vertex 3.86909 -20.3653 7.499
      vertex 3.30079 -22.3982 7.499
      vertex 3.72727 -21.6595 7.499
    endloop
  endfacet
  facet normal 0 0 1
    outer loop
      vertex 3.86909 -20.3653 7.499
      vertex 2.73005 -23.032 7.499
      vertex 3.30079 -22.3982 7.499
    endloop
  endfacet
  facet normal 0 -0 1
    outer loop
      vertex 2.73005 -23.032 7.499
      vertex 3.86909 -20.3653 7.499
      vertex 2.04 -23.5334 7.499
    endloop
  endfacet
  facet normal 0 0 -1
    outer loop
      vertex -2.18404 -22.4256 17.499
      vertex -1.84975 -20.4945 17.499
      vertex -1.84975 -22.6685 17.499
    endloop
  endfacet
  facet normal 0 0 -1
    outer loop
      vertex -2.64063 -21.9185 17.499
      vertex -1.84975 -20.4945 17.499
      vertex -2.18404 -22.4256 17.499
    endloop
  endfacet
  facet normal 0 0 -1
    outer loop
      vertex -2.98181 -21.3276 17.499
      vertex -1.84975 -20.4945 17.499
      vertex -2.64063 -21.9185 17.499
    endloop
  endfacet
  facet normal 0 0 -1
    outer loop
      vertex -3.19267 -20.6786 17.499
      vertex -1.84975 -20.4945 17.499
      vertex -2.98181 -21.3276 17.499
    endloop
  endfacet
  facet normal -0 0 -1
    outer loop
      vertex -1.84975 -20.4945 17.499
      vertex -3.19267 -20.6786 17.499
      vertex -3.21202 -20.4945 17.499
    endloop
  endfacet
  facet normal 0 1 -0
    outer loop
      vertex 2.04 -23.5334 2.499
      vertex -2.04 -23.5334 7.499
      vertex 2.04 -23.5334 7.499
    endloop
  endfacet
  facet normal 0 1 0
    outer loop
      vertex -2.04 -23.5334 7.499
      vertex 2.04 -23.5334 2.499
      vertex -2.04 -23.5334 2.499
    endloop
  endfacet
  facet normal -0.866074 0.499916 0
    outer loop
      vertex 4.08 -20 2.499
      vertex 4.02932 -20.0878 7.19098
      vertex 4.08 -20 7.1403
    endloop
  endfacet
  facet normal -0.866026 0.499998 2.05231e-06
    outer loop
      vertex 2.04 -23.5334 2.499
      vertex 4.02932 -20.0878 7.19098
      vertex 4.08 -20 2.499
    endloop
  endfacet
  facet normal -0.866025 0.5 0
    outer loop
      vertex 2.04 -23.5334 7.499
      vertex 4.02932 -20.0878 7.19098
      vertex 2.04 -23.5334 2.499
    endloop
  endfacet
  facet normal -0.866035 0.499983 -0.000257164
    outer loop
      vertex 4.02932 -20.0878 7.19098
      vertex 2.04 -23.5334 7.499
      vertex 3.93962 -20.2431 7.33087
    endloop
  endfacet
  facet normal -0.866027 0.499997 0.000111706
    outer loop
      vertex 3.93962 -20.2431 7.33087
      vertex 2.04 -23.5334 7.499
      vertex 3.86909 -20.3653 7.499
    endloop
  endfacet
  facet normal 0 -1 0
    outer loop
      vertex -2.04 -16.4666 2.499
      vertex 2.04 -16.4666 7
      vertex -2.04 -16.4666 7
    endloop
  endfacet
  facet normal 0 -1 -0
    outer loop
      vertex 2.04 -16.4666 7
      vertex -2.04 -16.4666 2.499
      vertex 2.04 -16.4666 2.499
    endloop
  endfacet
  facet normal -0.866027 -0.499997 0
    outer loop
      vertex 2.04 -16.4666 2.499
      vertex 3.79132 -19.5 7
      vertex 2.04 -16.4666 7
    endloop
  endfacet
  facet normal -0.866026 -0.499998 -1.19319e-06
    outer loop
      vertex 4.08 -20 2.499
      vertex 3.79132 -19.5 7
      vertex 2.04 -16.4666 2.499
    endloop
  endfacet
  facet normal -0.86601 -0.500027 3.13588e-06
    outer loop
      vertex 3.79132 -19.5 7
      vertex 4.08 -20 2.499
      vertex 3.91136 -19.7079 7.02185
    endloop
  endfacet
  facet normal -0.866002 -0.500041 4.27051e-06
    outer loop
      vertex 3.91136 -19.7079 7.02185
      vertex 4.08 -20 2.499
      vertex 4.02615 -19.9067 7.08646
    endloop
  endfacet
  facet normal -0.866093 -0.499883 0
    outer loop
      vertex 4.02615 -19.9067 7.08646
      vertex 4.08 -20 2.499
      vertex 4.08 -20 7.1403
    endloop
  endfacet
  facet normal 0.866027 -0.499997 0
    outer loop
      vertex -3.79132 -19.5 7
      vertex -2.04 -16.4666 2.499
      vertex -2.04 -16.4666 7
    endloop
  endfacet
  facet normal 0.86601 -0.500027 3.13588e-06
    outer loop
      vertex -4.08 -20 2.499
      vertex -3.79132 -19.5 7
      vertex -3.91136 -19.7079 7.02185
    endloop
  endfacet
  facet normal 0.866002 -0.500041 4.27051e-06
    outer loop
      vertex -4.08 -20 2.499
      vertex -3.91136 -19.7079 7.02185
      vertex -4.02615 -19.9067 7.08646
    endloop
  endfacet
  facet normal 0.866093 -0.499883 0
    outer loop
      vertex -4.08 -20 2.499
      vertex -4.02615 -19.9067 7.08646
      vertex -4.08 -20 7.1403
    endloop
  endfacet
  facet normal 0.866026 -0.499998 -1.19319e-06
    outer loop
      vertex -3.79132 -19.5 7
      vertex -4.08 -20 2.499
      vertex -2.04 -16.4666 2.499
    endloop
  endfacet
  facet normal 0.866074 0.499916 0
    outer loop
      vertex -4.02932 -20.0878 7.19098
      vertex -4.08 -20 2.499
      vertex -4.08 -20 7.1403
    endloop
  endfacet
  facet normal 0.866035 0.499983 -0.000257164
    outer loop
      vertex -2.04 -23.5334 7.499
      vertex -4.02932 -20.0878 7.19098
      vertex -3.93962 -20.2431 7.33087
    endloop
  endfacet
  facet normal 0.866027 0.499997 0.000111706
    outer loop
      vertex -2.04 -23.5334 7.499
      vertex -3.93962 -20.2431 7.33087
      vertex -3.86909 -20.3653 7.499
    endloop
  endfacet
  facet normal 0.866025 0.5 0
    outer loop
      vertex -4.02932 -20.0878 7.19098
      vertex -2.04 -23.5334 7.499
      vertex -2.04 -23.5334 2.499
    endloop
  endfacet
  facet normal 0.866026 0.499998 2.05231e-06
    outer loop
      vertex -4.02932 -20.0878 7.19098
      vertex -2.04 -23.5334 2.499
      vertex -4.08 -20 2.499
    endloop
  endfacet
  facet normal 0 0 1
    outer loop
      vertex 4.08 -20 2.499
      vertex 2.49428 -19.4698 2.499
      vertex 2.55 -20 2.499
    endloop
  endfacet
  facet normal 0 0 1
    outer loop
      vertex 4.08 -20 2.499
      vertex 2.32954 -18.9628 2.499
      vertex 2.49428 -19.4698 2.499
    endloop
  endfacet
  facet normal 0 0 1
    outer loop
      vertex 4.08 -20 2.499
      vertex 2.06299 -18.5011 2.499
      vertex 2.32954 -18.9628 2.499
    endloop
  endfacet
  facet normal 0 0 1
    outer loop
      vertex 2.04 -16.4666 2.499
      vertex 2.06299 -18.5011 2.499
      vertex 4.08 -20 2.499
    endloop
  endfacet
  facet normal 0 0 1
    outer loop
      vertex 2.04 -16.4666 2.499
      vertex 1.70628 -18.105 2.499
      vertex 2.06299 -18.5011 2.499
    endloop
  endfacet
  facet normal 0 0 1
    outer loop
      vertex 2.04 -16.4666 2.499
      vertex 1.275 -17.7916 2.499
      vertex 1.70628 -18.105 2.499
    endloop
  endfacet
  facet normal 0 0 1
    outer loop
      vertex 2.04 -16.4666 2.499
      vertex 0.787992 -17.5748 2.499
      vertex 1.275 -17.7916 2.499
    endloop
  endfacet
  facet normal 0 0 1
    outer loop
      vertex 2.04 -16.4666 2.499
      vertex 0.266547 -17.464 2.499
      vertex 0.787992 -17.5748 2.499
    endloop
  endfacet
  facet normal 0 0 1
    outer loop
      vertex 2.04 -16.4666 2.499
      vertex -0.266547 -17.464 2.499
      vertex 0.266547 -17.464 2.499
    endloop
  endfacet
  facet normal -0 0 1
    outer loop
      vertex -2.04 -16.4666 2.499
      vertex -0.266547 -17.464 2.499
      vertex 2.04 -16.4666 2.499
    endloop
  endfacet
  facet normal 0 0 1
    outer loop
      vertex -0.266547 -17.464 2.499
      vertex -2.04 -16.4666 2.499
      vertex -0.787992 -17.5748 2.499
    endloop
  endfacet
  facet normal 0 0 1
    outer loop
      vertex -2.04 -16.4666 2.499
      vertex -1.275 -17.7916 2.499
      vertex -0.787992 -17.5748 2.499
    endloop
  endfacet
  facet normal 0 0 1
    outer loop
      vertex -2.04 -16.4666 2.499
      vertex -1.70628 -18.105 2.499
      vertex -1.275 -17.7916 2.499
    endloop
  endfacet
  facet normal 0 0 1
    outer loop
      vertex -2.04 -16.4666 2.499
      vertex -2.06299 -18.5011 2.499
      vertex -1.70628 -18.105 2.499
    endloop
  endfacet
  facet normal 0 0 1
    outer loop
      vertex -2.04 -16.4666 2.499
      vertex -2.32954 -18.9628 2.499
      vertex -2.06299 -18.5011 2.499
    endloop
  endfacet
  facet normal 0 0 1
    outer loop
      vertex -4.08 -20 2.499
      vertex -2.32954 -18.9628 2.499
      vertex -2.04 -16.4666 2.499
    endloop
  endfacet
  facet normal 0 0 1
    outer loop
      vertex -2.49428 -19.4698 2.499
      vertex -4.08 -20 2.499
      vertex -2.55 -20 2.499
    endloop
  endfacet
  facet normal 0 0 1
    outer loop
      vertex -2.32954 -18.9628 2.499
      vertex -4.08 -20 2.499
      vertex -2.49428 -19.4698 2.499
    endloop
  endfacet
  facet normal 0 0 1
    outer loop
      vertex 2.49428 -20.5302 2.499
      vertex 4.08 -20 2.499
      vertex 2.55 -20 2.499
    endloop
  endfacet
  facet normal 0 0 1
    outer loop
      vertex 2.32954 -21.0372 2.499
      vertex 4.08 -20 2.499
      vertex 2.49428 -20.5302 2.499
    endloop
  endfacet
  facet normal 0 0 1
    outer loop
      vertex 2.06299 -21.4989 2.499
      vertex 4.08 -20 2.499
      vertex 2.32954 -21.0372 2.499
    endloop
  endfacet
  facet normal -0 0 1
    outer loop
      vertex 2.06299 -21.4989 2.499
      vertex 2.04 -23.5334 2.499
      vertex 4.08 -20 2.499
    endloop
  endfacet
  facet normal -0 0 1
    outer loop
      vertex 1.70628 -21.895 2.499
      vertex 2.04 -23.5334 2.499
      vertex 2.06299 -21.4989 2.499
    endloop
  endfacet
  facet normal -0 0 1
    outer loop
      vertex 1.275 -22.2084 2.499
      vertex 2.04 -23.5334 2.499
      vertex 1.70628 -21.895 2.499
    endloop
  endfacet
  facet normal -0 0 1
    outer loop
      vertex 0.787992 -22.4252 2.499
      vertex 2.04 -23.5334 2.499
      vertex 1.275 -22.2084 2.499
    endloop
  endfacet
  facet normal -0 0 1
    outer loop
      vertex 0.266547 -22.536 2.499
      vertex 2.04 -23.5334 2.499
      vertex 0.787992 -22.4252 2.499
    endloop
  endfacet
  facet normal -0 0 1
    outer loop
      vertex -0.266547 -22.536 2.499
      vertex 2.04 -23.5334 2.499
      vertex 0.266547 -22.536 2.499
    endloop
  endfacet
  facet normal 0 0 1
    outer loop
      vertex -2.04 -23.5334 2.499
      vertex -0.266547 -22.536 2.499
      vertex -0.787992 -22.4252 2.499
    endloop
  endfacet
  facet normal 0 0 1
    outer loop
      vertex -0.266547 -22.536 2.499
      vertex -2.04 -23.5334 2.499
      vertex 2.04 -23.5334 2.499
    endloop
  endfacet
  facet normal 0 0 1
    outer loop
      vertex -1.275 -22.2084 2.499
      vertex -2.04 -23.5334 2.499
      vertex -0.787992 -22.4252 2.499
    endloop
  endfacet
  facet normal 0 0 1
    outer loop
      vertex -1.70628 -21.895 2.499
      vertex -2.04 -23.5334 2.499
      vertex -1.275 -22.2084 2.499
    endloop
  endfacet
  facet normal 0 0 1
    outer loop
      vertex -2.06299 -21.4989 2.499
      vertex -2.04 -23.5334 2.499
      vertex -1.70628 -21.895 2.499
    endloop
  endfacet
  facet normal 0 0 1
    outer loop
      vertex -2.32954 -21.0372 2.499
      vertex -2.04 -23.5334 2.499
      vertex -2.06299 -21.4989 2.499
    endloop
  endfacet
  facet normal 0 0 1
    outer loop
      vertex -4.08 -20 2.499
      vertex -2.32954 -21.0372 2.499
      vertex -2.49428 -20.5302 2.499
    endloop
  endfacet
  facet normal 0 0 1
    outer loop
      vertex -2.32954 -21.0372 2.499
      vertex -4.08 -20 2.499
      vertex -2.04 -23.5334 2.499
    endloop
  endfacet
  facet normal -0 0 1
    outer loop
      vertex -4.08 -20 2.499
      vertex -2.49428 -20.5302 2.499
      vertex -2.55 -20 2.499
    endloop
  endfacet
  facet normal 0.866036 0.499982 0
    outer loop
      vertex -2.06299 -21.4989 2.499
      vertex -2.32954 -21.0372 -1.5005
      vertex -2.32954 -21.0372 2.499
    endloop
  endfacet
  facet normal 0.866036 0.499982 0
    outer loop
      vertex -2.32954 -21.0372 -1.5005
      vertex -2.06299 -21.4989 2.499
      vertex -2.06299 -21.4989 -1.5005
    endloop
  endfacet
  facet normal -0.951053 -0.309027 0
    outer loop
      vertex 2.49428 -19.4698 -1.5005
      vertex 2.32954 -18.9628 2.499
      vertex 2.32954 -18.9628 -1.5005
    endloop
  endfacet
  facet normal -0.951053 -0.309027 0
    outer loop
      vertex 2.32954 -18.9628 2.499
      vertex 2.49428 -19.4698 -1.5005
      vertex 2.49428 -19.4698 2.499
    endloop
  endfacet
  facet normal -0.994523 -0.104517 0
    outer loop
      vertex 2.55 -20 -1.5005
      vertex 2.49428 -19.4698 2.499
      vertex 2.49428 -19.4698 -1.5005
    endloop
  endfacet
  facet normal -0.994523 -0.104517 0
    outer loop
      vertex 2.49428 -19.4698 2.499
      vertex 2.55 -20 -1.5005
      vertex 2.55 -20 2.499
    endloop
  endfacet
  facet normal -0.866036 -0.499982 0
    outer loop
      vertex 2.32954 -18.9628 -1.5005
      vertex 2.06299 -18.5011 2.499
      vertex 2.06299 -18.5011 -1.5005
    endloop
  endfacet
  facet normal -0.866036 -0.499982 0
    outer loop
      vertex 2.06299 -18.5011 2.499
      vertex 2.32954 -18.9628 -1.5005
      vertex 2.32954 -18.9628 2.499
    endloop
  endfacet
  facet normal -0.207846 0.978162 0
    outer loop
      vertex 0.787992 -22.4252 -1.5005
      vertex 0.266547 -22.536 2.499
      vertex 0.787992 -22.4252 2.499
    endloop
  endfacet
  facet normal -0.207846 0.978162 0
    outer loop
      vertex 0.266547 -22.536 2.499
      vertex 0.787992 -22.4252 -1.5005
      vertex 0.266547 -22.536 -1.5005
    endloop
  endfacet
  facet normal 0.207846 -0.978162 0
    outer loop
      vertex -0.787992 -17.5748 -1.5005
      vertex -0.266547 -17.464 2.499
      vertex -0.787992 -17.5748 2.499
    endloop
  endfacet
  facet normal 0.207846 -0.978162 0
    outer loop
      vertex -0.266547 -17.464 2.499
      vertex -0.787992 -17.5748 -1.5005
      vertex -0.266547 -17.464 -1.5005
    endloop
  endfacet
  facet normal -0.40669 -0.913566 0
    outer loop
      vertex 0.787992 -17.5748 -1.5005
      vertex 1.275 -17.7916 2.499
      vertex 0.787992 -17.5748 2.499
    endloop
  endfacet
  facet normal -0.40669 -0.913566 -0
    outer loop
      vertex 1.275 -17.7916 2.499
      vertex 0.787992 -17.5748 -1.5005
      vertex 1.275 -17.7916 -1.5005
    endloop
  endfacet
  facet normal 0.994523 0.104517 0
    outer loop
      vertex -2.49428 -20.5302 2.499
      vertex -2.55 -20 -1.5005
      vertex -2.55 -20 2.499
    endloop
  endfacet
  facet normal 0.994523 0.104517 0
    outer loop
      vertex -2.55 -20 -1.5005
      vertex -2.49428 -20.5302 2.499
      vertex -2.49428 -20.5302 -1.5005
    endloop
  endfacet
  facet normal -0.994523 0.104517 0
    outer loop
      vertex 2.49428 -20.5302 -1.5005
      vertex 2.55 -20 2.499
      vertex 2.55 -20 -1.5005
    endloop
  endfacet
  facet normal -0.994523 0.104517 0
    outer loop
      vertex 2.55 -20 2.499
      vertex 2.49428 -20.5302 -1.5005
      vertex 2.49428 -20.5302 2.499
    endloop
  endfacet
  facet normal 0.994523 -0.104517 0
    outer loop
      vertex -2.55 -20 2.499
      vertex -2.49428 -19.4698 -1.5005
      vertex -2.49428 -19.4698 2.499
    endloop
  endfacet
  facet normal 0.994523 -0.104517 0
    outer loop
      vertex -2.49428 -19.4698 -1.5005
      vertex -2.55 -20 2.499
      vertex -2.55 -20 -1.5005
    endloop
  endfacet
  facet normal -0.866036 0.499982 0
    outer loop
      vertex 2.06299 -21.4989 -1.5005
      vertex 2.32954 -21.0372 2.499
      vertex 2.32954 -21.0372 -1.5005
    endloop
  endfacet
  facet normal -0.866036 0.499982 0
    outer loop
      vertex 2.32954 -21.0372 2.499
      vertex 2.06299 -21.4989 -1.5005
      vertex 2.06299 -21.4989 2.499
    endloop
  endfacet
  facet normal 0.587855 0.808966 -0
    outer loop
      vertex -1.275 -22.2084 -1.5005
      vertex -1.70628 -21.895 2.499
      vertex -1.275 -22.2084 2.499
    endloop
  endfacet
  facet normal 0.587855 0.808966 0
    outer loop
      vertex -1.70628 -21.895 2.499
      vertex -1.275 -22.2084 -1.5005
      vertex -1.70628 -21.895 -1.5005
    endloop
  endfacet
  facet normal 0.743089 -0.669193 0
    outer loop
      vertex -2.06299 -18.5011 2.499
      vertex -1.70628 -18.105 -1.5005
      vertex -1.70628 -18.105 2.499
    endloop
  endfacet
  facet normal 0.743089 -0.669193 0
    outer loop
      vertex -1.70628 -18.105 -1.5005
      vertex -2.06299 -18.5011 2.499
      vertex -2.06299 -18.5011 -1.5005
    endloop
  endfacet
  facet normal -0.587855 -0.808966 0
    outer loop
      vertex 1.275 -17.7916 -1.5005
      vertex 1.70628 -18.105 2.499
      vertex 1.275 -17.7916 2.499
    endloop
  endfacet
  facet normal -0.587855 -0.808966 -0
    outer loop
      vertex 1.70628 -18.105 2.499
      vertex 1.275 -17.7916 -1.5005
      vertex 1.70628 -18.105 -1.5005
    endloop
  endfacet
  facet normal 0.40669 0.913566 -0
    outer loop
      vertex -0.787992 -22.4252 -1.5005
      vertex -1.275 -22.2084 2.499
      vertex -0.787992 -22.4252 2.499
    endloop
  endfacet
  facet normal 0.40669 0.913566 0
    outer loop
      vertex -1.275 -22.2084 2.499
      vertex -0.787992 -22.4252 -1.5005
      vertex -1.275 -22.2084 -1.5005
    endloop
  endfacet
  facet normal -0.40669 0.913566 0
    outer loop
      vertex 1.275 -22.2084 -1.5005
      vertex 0.787992 -22.4252 2.499
      vertex 1.275 -22.2084 2.499
    endloop
  endfacet
  facet normal -0.40669 0.913566 0
    outer loop
      vertex 0.787992 -22.4252 2.499
      vertex 1.275 -22.2084 -1.5005
      vertex 0.787992 -22.4252 -1.5005
    endloop
  endfacet
  facet normal 0 -1 0
    outer loop
      vertex -0.266547 -17.464 -1.5005
      vertex 0.266547 -17.464 2.499
      vertex -0.266547 -17.464 2.499
    endloop
  endfacet
  facet normal 0 -1 -0
    outer loop
      vertex 0.266547 -17.464 2.499
      vertex -0.266547 -17.464 -1.5005
      vertex 0.266547 -17.464 -1.5005
    endloop
  endfacet
  facet normal 0.587855 -0.808966 0
    outer loop
      vertex -1.70628 -18.105 -1.5005
      vertex -1.275 -17.7916 2.499
      vertex -1.70628 -18.105 2.499
    endloop
  endfacet
  facet normal 0.587855 -0.808966 0
    outer loop
      vertex -1.275 -17.7916 2.499
      vertex -1.70628 -18.105 -1.5005
      vertex -1.275 -17.7916 -1.5005
    endloop
  endfacet
  facet normal 0 1 -0
    outer loop
      vertex 0.266547 -22.536 -1.5005
      vertex -0.266547 -22.536 2.499
      vertex 0.266547 -22.536 2.499
    endloop
  endfacet
  facet normal 0 1 0
    outer loop
      vertex -0.266547 -22.536 2.499
      vertex 0.266547 -22.536 -1.5005
      vertex -0.266547 -22.536 -1.5005
    endloop
  endfacet
  facet normal -0.951053 0.309027 0
    outer loop
      vertex 2.32954 -21.0372 -1.5005
      vertex 2.49428 -20.5302 2.499
      vertex 2.49428 -20.5302 -1.5005
    endloop
  endfacet
  facet normal -0.951053 0.309027 0
    outer loop
      vertex 2.49428 -20.5302 2.499
      vertex 2.32954 -21.0372 -1.5005
      vertex 2.32954 -21.0372 2.499
    endloop
  endfacet
  facet normal 0.951053 0.309027 0
    outer loop
      vertex -2.32954 -21.0372 2.499
      vertex -2.49428 -20.5302 -1.5005
      vertex -2.49428 -20.5302 2.499
    endloop
  endfacet
  facet normal 0.951053 0.309027 0
    outer loop
      vertex -2.49428 -20.5302 -1.5005
      vertex -2.32954 -21.0372 2.499
      vertex -2.32954 -21.0372 -1.5005
    endloop
  endfacet
  facet normal -0.587855 0.808966 0
    outer loop
      vertex 1.70628 -21.895 -1.5005
      vertex 1.275 -22.2084 2.499
      vertex 1.70628 -21.895 2.499
    endloop
  endfacet
  facet normal -0.587855 0.808966 0
    outer loop
      vertex 1.275 -22.2084 2.499
      vertex 1.70628 -21.895 -1.5005
      vertex 1.275 -22.2084 -1.5005
    endloop
  endfacet
  facet normal 0.40669 -0.913566 0
    outer loop
      vertex -1.275 -17.7916 -1.5005
      vertex -0.787992 -17.5748 2.499
      vertex -1.275 -17.7916 2.499
    endloop
  endfacet
  facet normal 0.40669 -0.913566 0
    outer loop
      vertex -0.787992 -17.5748 2.499
      vertex -1.275 -17.7916 -1.5005
      vertex -0.787992 -17.5748 -1.5005
    endloop
  endfacet
  facet normal -0.207846 -0.978162 0
    outer loop
      vertex 0.266547 -17.464 -1.5005
      vertex 0.787992 -17.5748 2.499
      vertex 0.266547 -17.464 2.499
    endloop
  endfacet
  facet normal -0.207846 -0.978162 -0
    outer loop
      vertex 0.787992 -17.5748 2.499
      vertex 0.266547 -17.464 -1.5005
      vertex 0.787992 -17.5748 -1.5005
    endloop
  endfacet
  facet normal -0.743089 -0.669193 0
    outer loop
      vertex 2.06299 -18.5011 -1.5005
      vertex 1.70628 -18.105 2.499
      vertex 1.70628 -18.105 -1.5005
    endloop
  endfacet
  facet normal -0.743089 -0.669193 0
    outer loop
      vertex 1.70628 -18.105 2.499
      vertex 2.06299 -18.5011 -1.5005
      vertex 2.06299 -18.5011 2.499
    endloop
  endfacet
  facet normal 0.743089 0.669193 0
    outer loop
      vertex -1.70628 -21.895 2.499
      vertex -2.06299 -21.4989 -1.5005
      vertex -2.06299 -21.4989 2.499
    endloop
  endfacet
  facet normal 0.743089 0.669193 0
    outer loop
      vertex -2.06299 -21.4989 -1.5005
      vertex -1.70628 -21.895 2.499
      vertex -1.70628 -21.895 -1.5005
    endloop
  endfacet
  facet normal 0.866036 -0.499982 0
    outer loop
      vertex -2.32954 -18.9628 2.499
      vertex -2.06299 -18.5011 -1.5005
      vertex -2.06299 -18.5011 2.499
    endloop
  endfacet
  facet normal 0.866036 -0.499982 0
    outer loop
      vertex -2.06299 -18.5011 -1.5005
      vertex -2.32954 -18.9628 2.499
      vertex -2.32954 -18.9628 -1.5005
    endloop
  endfacet
  facet normal 0.207846 0.978162 -0
    outer loop
      vertex -0.266547 -22.536 -1.5005
      vertex -0.787992 -22.4252 2.499
      vertex -0.266547 -22.536 2.499
    endloop
  endfacet
  facet normal 0.207846 0.978162 0
    outer loop
      vertex -0.787992 -22.4252 2.499
      vertex -0.266547 -22.536 -1.5005
      vertex -0.787992 -22.4252 -1.5005
    endloop
  endfacet
  facet normal -0.743089 0.669193 0
    outer loop
      vertex 1.70628 -21.895 -1.5005
      vertex 2.06299 -21.4989 2.499
      vertex 2.06299 -21.4989 -1.5005
    endloop
  endfacet
  facet normal -0.743089 0.669193 0
    outer loop
      vertex 2.06299 -21.4989 2.499
      vertex 1.70628 -21.895 -1.5005
      vertex 1.70628 -21.895 2.499
    endloop
  endfacet
  facet normal 0.951053 -0.309027 0
    outer loop
      vertex -2.49428 -19.4698 2.499
      vertex -2.32954 -18.9628 -1.5005
      vertex -2.32954 -18.9628 2.499
    endloop
  endfacet
  facet normal 0.951053 -0.309027 0
    outer loop
      vertex -2.32954 -18.9628 -1.5005
      vertex -2.49428 -19.4698 2.499
      vertex -2.49428 -19.4698 -1.5005
    endloop
  endfacet
  facet normal -0.207897 0.978151 0
    outer loop
      vertex -19.212 7.57481 -1.5005
      vertex -19.7335 7.46397 2.499
      vertex -19.212 7.57481 2.499
    endloop
  endfacet
  facet normal -0.207897 0.978151 0
    outer loop
      vertex -19.7335 7.46397 2.499
      vertex -19.212 7.57481 -1.5005
      vertex -19.7335 7.46397 -1.5005
    endloop
  endfacet
  facet normal -0.95102 -0.309128 0
    outer loop
      vertex -17.5057 10.5302 -1.5005
      vertex -17.6705 11.0372 2.499
      vertex -17.6705 11.0372 -1.5005
    endloop
  endfacet
  facet normal -0.95102 -0.309128 0
    outer loop
      vertex -17.6705 11.0372 2.499
      vertex -17.5057 10.5302 -1.5005
      vertex -17.5057 10.5302 2.499
    endloop
  endfacet
  facet normal -0.994527 -0.10448 0
    outer loop
      vertex -17.45 10 -1.5005
      vertex -17.5057 10.5302 2.499
      vertex -17.5057 10.5302 -1.5005
    endloop
  endfacet
  facet normal -0.994527 -0.10448 0
    outer loop
      vertex -17.5057 10.5302 2.499
      vertex -17.45 10 -1.5005
      vertex -17.45 10 2.499
    endloop
  endfacet
  facet normal -0.866076 -0.499912 0
    outer loop
      vertex -17.6705 11.0372 -1.5005
      vertex -17.937 11.4989 2.499
      vertex -17.937 11.4989 -1.5005
    endloop
  endfacet
  facet normal -0.866076 -0.499912 0
    outer loop
      vertex -17.937 11.4989 2.499
      vertex -17.6705 11.0372 -1.5005
      vertex -17.6705 11.0372 2.499
    endloop
  endfacet
  facet normal -0.994527 0.104484 0
    outer loop
      vertex -17.5057 9.46982 -1.5005
      vertex -17.45 10 2.499
      vertex -17.45 10 -1.5005
    endloop
  endfacet
  facet normal -0.994527 0.104484 0
    outer loop
      vertex -17.45 10 2.499
      vertex -17.5057 9.46982 -1.5005
      vertex -17.5057 9.46982 2.499
    endloop
  endfacet
  facet normal 0.406695 -0.913564 0
    outer loop
      vertex -21.275 12.2084 -1.5005
      vertex -20.788 12.4252 2.499
      vertex -21.275 12.2084 2.499
    endloop
  endfacet
  facet normal 0.406695 -0.913564 0
    outer loop
      vertex -20.788 12.4252 2.499
      vertex -21.275 12.2084 -1.5005
      vertex -20.788 12.4252 -1.5005
    endloop
  endfacet
  facet normal -0.587837 -0.808979 0
    outer loop
      vertex -18.725 12.2084 -1.5005
      vertex -18.2937 11.895 2.499
      vertex -18.725 12.2084 2.499
    endloop
  endfacet
  facet normal -0.587837 -0.808979 -0
    outer loop
      vertex -18.2937 11.895 2.499
      vertex -18.725 12.2084 -1.5005
      vertex -18.2937 11.895 -1.5005
    endloop
  endfacet
  facet normal 0.994527 -0.10448 0
    outer loop
      vertex -22.55 10 2.499
      vertex -22.4943 10.5302 -1.5005
      vertex -22.4943 10.5302 2.499
    endloop
  endfacet
  facet normal 0.994527 -0.10448 0
    outer loop
      vertex -22.4943 10.5302 -1.5005
      vertex -22.55 10 2.499
      vertex -22.55 10 -1.5005
    endloop
  endfacet
  facet normal 0 -1 0
    outer loop
      vertex -20.2665 12.536 -1.5005
      vertex -19.7335 12.536 2.499
      vertex -20.2665 12.536 2.499
    endloop
  endfacet
  facet normal 0 -1 -0
    outer loop
      vertex -19.7335 12.536 2.499
      vertex -20.2665 12.536 -1.5005
      vertex -19.7335 12.536 -1.5005
    endloop
  endfacet
  facet normal 0.743098 -0.669182 0
    outer loop
      vertex -22.063 11.4989 2.499
      vertex -21.7063 11.895 -1.5005
      vertex -21.7063 11.895 2.499
    endloop
  endfacet
  facet normal 0.743098 -0.669182 0
    outer loop
      vertex -21.7063 11.895 -1.5005
      vertex -22.063 11.4989 2.499
      vertex -22.063 11.4989 -1.5005
    endloop
  endfacet
  facet normal -0.95102 0.309128 0
    outer loop
      vertex -17.6705 8.96282 -1.5005
      vertex -17.5057 9.46982 2.499
      vertex -17.5057 9.46982 -1.5005
    endloop
  endfacet
  facet normal -0.95102 0.309128 0
    outer loop
      vertex -17.5057 9.46982 2.499
      vertex -17.6705 8.96282 -1.5005
      vertex -17.6705 8.96282 2.499
    endloop
  endfacet
  facet normal -0.743157 0.669117 0
    outer loop
      vertex -18.2937 8.10498 -1.5005
      vertex -17.937 8.50115 2.499
      vertex -17.937 8.50115 -1.5005
    endloop
  endfacet
  facet normal -0.743157 0.669117 0
    outer loop
      vertex -17.937 8.50115 2.499
      vertex -18.2937 8.10498 -1.5005
      vertex -18.2937 8.10498 2.499
    endloop
  endfacet
  facet normal -0.866062 0.499936 0
    outer loop
      vertex -17.937 8.50115 -1.5005
      vertex -17.6705 8.96282 2.499
      vertex -17.6705 8.96282 -1.5005
    endloop
  endfacet
  facet normal -0.866062 0.499936 0
    outer loop
      vertex -17.6705 8.96282 2.499
      vertex -17.937 8.50115 -1.5005
      vertex -17.937 8.50115 2.499
    endloop
  endfacet
  facet normal 0.866076 -0.499912 0
    outer loop
      vertex -22.3295 11.0372 2.499
      vertex -22.063 11.4989 -1.5005
      vertex -22.063 11.4989 2.499
    endloop
  endfacet
  facet normal 0.866076 -0.499912 0
    outer loop
      vertex -22.063 11.4989 -1.5005
      vertex -22.3295 11.0372 2.499
      vertex -22.3295 11.0372 -1.5005
    endloop
  endfacet
  facet normal 0.406727 0.91355 -0
    outer loop
      vertex -20.788 7.57481 -1.5005
      vertex -21.275 7.79163 2.499
      vertex -20.788 7.57481 2.499
    endloop
  endfacet
  facet normal 0.406727 0.91355 0
    outer loop
      vertex -21.275 7.79163 2.499
      vertex -20.788 7.57481 -1.5005
      vertex -21.275 7.79163 -1.5005
    endloop
  endfacet
  facet normal -0.406727 0.91355 0
    outer loop
      vertex -18.725 7.79163 -1.5005
      vertex -19.212 7.57481 2.499
      vertex -18.725 7.79163 2.499
    endloop
  endfacet
  facet normal -0.406727 0.91355 0
    outer loop
      vertex -19.212 7.57481 2.499
      vertex -18.725 7.79163 -1.5005
      vertex -19.212 7.57481 -1.5005
    endloop
  endfacet
  facet normal -0.743098 -0.669182 0
    outer loop
      vertex -17.937 11.4989 -1.5005
      vertex -18.2937 11.895 2.499
      vertex -18.2937 11.895 -1.5005
    endloop
  endfacet
  facet normal -0.743098 -0.669182 0
    outer loop
      vertex -18.2937 11.895 2.499
      vertex -17.937 11.4989 -1.5005
      vertex -17.937 11.4989 2.499
    endloop
  endfacet
  facet normal 0.587776 0.809024 -0
    outer loop
      vertex -21.275 7.79163 -1.5005
      vertex -21.7063 8.10498 2.499
      vertex -21.275 7.79163 2.499
    endloop
  endfacet
  facet normal 0.587776 0.809024 0
    outer loop
      vertex -21.7063 8.10498 2.499
      vertex -21.275 7.79163 -1.5005
      vertex -21.7063 8.10498 -1.5005
    endloop
  endfacet
  facet normal -0.406695 -0.913564 0
    outer loop
      vertex -19.212 12.4252 -1.5005
      vertex -18.725 12.2084 2.499
      vertex -19.212 12.4252 2.499
    endloop
  endfacet
  facet normal -0.406695 -0.913564 -0
    outer loop
      vertex -18.725 12.2084 2.499
      vertex -19.212 12.4252 -1.5005
      vertex -18.725 12.2084 -1.5005
    endloop
  endfacet
  facet normal -0.207825 -0.978166 0
    outer loop
      vertex -19.7335 12.536 -1.5005
      vertex -19.212 12.4252 2.499
      vertex -19.7335 12.536 2.499
    endloop
  endfacet
  facet normal -0.207825 -0.978166 -0
    outer loop
      vertex -19.212 12.4252 2.499
      vertex -19.7335 12.536 -1.5005
      vertex -19.212 12.4252 -1.5005
    endloop
  endfacet
  facet normal 0.743157 0.669117 0
    outer loop
      vertex -21.7063 8.10498 2.499
      vertex -22.063 8.50115 -1.5005
      vertex -22.063 8.50115 2.499
    endloop
  endfacet
  facet normal 0.743157 0.669117 0
    outer loop
      vertex -22.063 8.50115 -1.5005
      vertex -21.7063 8.10498 2.499
      vertex -21.7063 8.10498 -1.5005
    endloop
  endfacet
  facet normal -0.587776 0.809024 0
    outer loop
      vertex -18.2937 8.10498 -1.5005
      vertex -18.725 7.79163 2.499
      vertex -18.2937 8.10498 2.499
    endloop
  endfacet
  facet normal -0.587776 0.809024 0
    outer loop
      vertex -18.725 7.79163 2.499
      vertex -18.2937 8.10498 -1.5005
      vertex -18.725 7.79163 -1.5005
    endloop
  endfacet
  facet normal 0.587837 -0.808979 0
    outer loop
      vertex -21.7063 11.895 -1.5005
      vertex -21.275 12.2084 2.499
      vertex -21.7063 11.895 2.499
    endloop
  endfacet
  facet normal 0.587837 -0.808979 0
    outer loop
      vertex -21.275 12.2084 2.499
      vertex -21.7063 11.895 -1.5005
      vertex -21.275 12.2084 -1.5005
    endloop
  endfacet
  facet normal 0.994527 0.104484 0
    outer loop
      vertex -22.4943 9.46982 2.499
      vertex -22.55 10 -1.5005
      vertex -22.55 10 2.499
    endloop
  endfacet
  facet normal 0.994527 0.104484 0
    outer loop
      vertex -22.55 10 -1.5005
      vertex -22.4943 9.46982 2.499
      vertex -22.4943 9.46982 -1.5005
    endloop
  endfacet
  facet normal 0 1 -0
    outer loop
      vertex -19.7335 7.46397 -1.5005
      vertex -20.2665 7.46397 2.499
      vertex -19.7335 7.46397 2.499
    endloop
  endfacet
  facet normal 0 1 0
    outer loop
      vertex -20.2665 7.46397 2.499
      vertex -19.7335 7.46397 -1.5005
      vertex -20.2665 7.46397 -1.5005
    endloop
  endfacet
  facet normal 0 0 1
    outer loop
      vertex -16.4666 12.04 2.499
      vertex -17.45 10 2.499
      vertex -16.4666 7.96 2.499
    endloop
  endfacet
  facet normal 0 0 1
    outer loop
      vertex -16.4666 12.04 2.499
      vertex -17.5057 10.5302 2.499
      vertex -17.45 10 2.499
    endloop
  endfacet
  facet normal 0 0 1
    outer loop
      vertex -16.4666 12.04 2.499
      vertex -17.6705 11.0372 2.499
      vertex -17.5057 10.5302 2.499
    endloop
  endfacet
  facet normal 0 0 1
    outer loop
      vertex -16.4666 12.04 2.499
      vertex -17.937 11.4989 2.499
      vertex -17.6705 11.0372 2.499
    endloop
  endfacet
  facet normal 0 0 1
    outer loop
      vertex -16.4666 12.04 2.499
      vertex -18.2937 11.895 2.499
      vertex -17.937 11.4989 2.499
    endloop
  endfacet
  facet normal 0 0 1
    outer loop
      vertex -16.4666 12.04 2.499
      vertex -18.725 12.2084 2.499
      vertex -18.2937 11.895 2.499
    endloop
  endfacet
  facet normal 0 0 1
    outer loop
      vertex -20 14.08 2.499
      vertex -18.725 12.2084 2.499
      vertex -16.4666 12.04 2.499
    endloop
  endfacet
  facet normal 0 0 1
    outer loop
      vertex -18.725 12.2084 2.499
      vertex -20 14.08 2.499
      vertex -19.212 12.4252 2.499
    endloop
  endfacet
  facet normal 0 0 1
    outer loop
      vertex -19.212 12.4252 2.499
      vertex -20 14.08 2.499
      vertex -19.7335 12.536 2.499
    endloop
  endfacet
  facet normal 0 0 1
    outer loop
      vertex -20 14.08 2.499
      vertex -20.2665 12.536 2.499
      vertex -19.7335 12.536 2.499
    endloop
  endfacet
  facet normal 0 0 1
    outer loop
      vertex -20 14.08 2.499
      vertex -20.788 12.4252 2.499
      vertex -20.2665 12.536 2.499
    endloop
  endfacet
  facet normal 0 0 1
    outer loop
      vertex -20 14.08 2.499
      vertex -21.275 12.2084 2.499
      vertex -20.788 12.4252 2.499
    endloop
  endfacet
  facet normal 0 0 1
    outer loop
      vertex -23.5334 12.04 2.499
      vertex -21.275 12.2084 2.499
      vertex -20 14.08 2.499
    endloop
  endfacet
  facet normal 0 0 1
    outer loop
      vertex -21.275 12.2084 2.499
      vertex -23.5334 12.04 2.499
      vertex -21.7063 11.895 2.499
    endloop
  endfacet
  facet normal 0 0 1
    outer loop
      vertex -22.4943 10.5302 2.499
      vertex -23.5334 12.04 2.499
      vertex -22.55 10 2.499
    endloop
  endfacet
  facet normal 0 0 1
    outer loop
      vertex -22.3295 11.0372 2.499
      vertex -23.5334 12.04 2.499
      vertex -22.4943 10.5302 2.499
    endloop
  endfacet
  facet normal 0 0 1
    outer loop
      vertex -22.063 11.4989 2.499
      vertex -23.5334 12.04 2.499
      vertex -22.3295 11.0372 2.499
    endloop
  endfacet
  facet normal 0 0 1
    outer loop
      vertex -21.7063 11.895 2.499
      vertex -23.5334 12.04 2.499
      vertex -22.063 11.4989 2.499
    endloop
  endfacet
  facet normal -0 0 1
    outer loop
      vertex -17.5057 9.46982 2.499
      vertex -16.4666 7.96 2.499
      vertex -17.45 10 2.499
    endloop
  endfacet
  facet normal -0 0 1
    outer loop
      vertex -17.6705 8.96282 2.499
      vertex -16.4666 7.96 2.499
      vertex -17.5057 9.46982 2.499
    endloop
  endfacet
  facet normal -0 0 1
    outer loop
      vertex -17.937 8.50115 2.499
      vertex -16.4666 7.96 2.499
      vertex -17.6705 8.96282 2.499
    endloop
  endfacet
  facet normal -0 0 1
    outer loop
      vertex -18.2937 8.10498 2.499
      vertex -16.4666 7.96 2.499
      vertex -17.937 8.50115 2.499
    endloop
  endfacet
  facet normal 0 0 1
    outer loop
      vertex -18.725 7.79163 2.499
      vertex -16.4666 7.96 2.499
      vertex -18.2937 8.10498 2.499
    endloop
  endfacet
  facet normal 0 0 1
    outer loop
      vertex -20 5.92 2.499
      vertex -18.725 7.79163 2.499
      vertex -19.212 7.57481 2.499
    endloop
  endfacet
  facet normal 0 0 1
    outer loop
      vertex -20 5.92 2.499
      vertex -19.212 7.57481 2.499
      vertex -19.7335 7.46397 2.499
    endloop
  endfacet
  facet normal -0 0 1
    outer loop
      vertex -18.725 7.79163 2.499
      vertex -20 5.92 2.499
      vertex -16.4666 7.96 2.499
    endloop
  endfacet
  facet normal -0 0 1
    outer loop
      vertex -20.2665 7.46397 2.499
      vertex -20 5.92 2.499
      vertex -19.7335 7.46397 2.499
    endloop
  endfacet
  facet normal 0 0 1
    outer loop
      vertex -20.788 7.57481 2.499
      vertex -20 5.92 2.499
      vertex -20.2665 7.46397 2.499
    endloop
  endfacet
  facet normal 0 0 1
    outer loop
      vertex -21.275 7.79163 2.499
      vertex -20 5.92 2.499
      vertex -20.788 7.57481 2.499
    endloop
  endfacet
  facet normal -0 0 1
    outer loop
      vertex -23.5334 7.96 2.499
      vertex -21.275 7.79163 2.499
      vertex -21.7063 8.10498 2.499
    endloop
  endfacet
  facet normal 0 0 1
    outer loop
      vertex -23.5334 7.96 2.499
      vertex -21.7063 8.10498 2.499
      vertex -22.063 8.50115 2.499
    endloop
  endfacet
  facet normal 0 0 1
    outer loop
      vertex -23.5334 7.96 2.499
      vertex -22.55 10 2.499
      vertex -23.5334 12.04 2.499
    endloop
  endfacet
  facet normal 0 0 1
    outer loop
      vertex -22.55 10 2.499
      vertex -23.5334 7.96 2.499
      vertex -22.4943 9.46982 2.499
    endloop
  endfacet
  facet normal 0 0 1
    outer loop
      vertex -21.275 7.79163 2.499
      vertex -23.5334 7.96 2.499
      vertex -20 5.92 2.499
    endloop
  endfacet
  facet normal 0 0 1
    outer loop
      vertex -22.3295 8.96282 2.499
      vertex -23.5334 7.96 2.499
      vertex -22.063 8.50115 2.499
    endloop
  endfacet
  facet normal 0 0 1
    outer loop
      vertex -22.4943 9.46982 2.499
      vertex -23.5334 7.96 2.499
      vertex -22.3295 8.96282 2.499
    endloop
  endfacet
  facet normal 0.95102 0.309128 0
    outer loop
      vertex -22.3295 8.96282 2.499
      vertex -22.4943 9.46982 -1.5005
      vertex -22.4943 9.46982 2.499
    endloop
  endfacet
  facet normal 0.95102 0.309128 0
    outer loop
      vertex -22.4943 9.46982 -1.5005
      vertex -22.3295 8.96282 2.499
      vertex -22.3295 8.96282 -1.5005
    endloop
  endfacet
  facet normal 0.207825 -0.978166 0
    outer loop
      vertex -20.788 12.4252 -1.5005
      vertex -20.2665 12.536 2.499
      vertex -20.788 12.4252 2.499
    endloop
  endfacet
  facet normal 0.207825 -0.978166 0
    outer loop
      vertex -20.2665 12.536 2.499
      vertex -20.788 12.4252 -1.5005
      vertex -20.2665 12.536 -1.5005
    endloop
  endfacet
  facet normal 0.866062 0.499936 0
    outer loop
      vertex -22.063 8.50115 2.499
      vertex -22.3295 8.96282 -1.5005
      vertex -22.3295 8.96282 2.499
    endloop
  endfacet
  facet normal 0.866062 0.499936 0
    outer loop
      vertex -22.3295 8.96282 -1.5005
      vertex -22.063 8.50115 2.499
      vertex -22.063 8.50115 -1.5005
    endloop
  endfacet
  facet normal 0.95102 -0.309128 0
    outer loop
      vertex -22.4943 10.5302 2.499
      vertex -22.3295 11.0372 -1.5005
      vertex -22.3295 11.0372 2.499
    endloop
  endfacet
  facet normal 0.95102 -0.309128 0
    outer loop
      vertex -22.3295 11.0372 -1.5005
      vertex -22.4943 10.5302 2.499
      vertex -22.4943 10.5302 -1.5005
    endloop
  endfacet
  facet normal 0.207897 0.978151 -0
    outer loop
      vertex -20.2665 7.46397 -1.5005
      vertex -20.788 7.57481 2.499
      vertex -20.2665 7.46397 2.499
    endloop
  endfacet
  facet normal 0.207897 0.978151 0
    outer loop
      vertex -20.788 7.57481 2.499
      vertex -20.2665 7.46397 -1.5005
      vertex -20.788 7.57481 -1.5005
    endloop
  endfacet
  facet normal 0.866076 0.499912 0
    outer loop
      vertex -22.063 -11.4989 2.499
      vertex -22.3295 -11.0372 -1.5005
      vertex -22.3295 -11.0372 2.499
    endloop
  endfacet
  facet normal 0.866076 0.499912 0
    outer loop
      vertex -22.3295 -11.0372 -1.5005
      vertex -22.063 -11.4989 2.499
      vertex -22.063 -11.4989 -1.5005
    endloop
  endfacet
  facet normal -0.95102 -0.309128 0
    outer loop
      vertex -17.5057 -9.46982 -1.5005
      vertex -17.6705 -8.96282 2.499
      vertex -17.6705 -8.96282 -1.5005
    endloop
  endfacet
  facet normal -0.95102 -0.309128 0
    outer loop
      vertex -17.6705 -8.96282 2.499
      vertex -17.5057 -9.46982 -1.5005
      vertex -17.5057 -9.46982 2.499
    endloop
  endfacet
  facet normal -0.994527 -0.104484 0
    outer loop
      vertex -17.45 -10 -1.5005
      vertex -17.5057 -9.46982 2.499
      vertex -17.5057 -9.46982 -1.5005
    endloop
  endfacet
  facet normal -0.994527 -0.104484 0
    outer loop
      vertex -17.5057 -9.46982 2.499
      vertex -17.45 -10 -1.5005
      vertex -17.45 -10 2.499
    endloop
  endfacet
  facet normal -0.866062 -0.499936 0
    outer loop
      vertex -17.6705 -8.96282 -1.5005
      vertex -17.937 -8.50115 2.499
      vertex -17.937 -8.50115 -1.5005
    endloop
  endfacet
  facet normal -0.866062 -0.499936 0
    outer loop
      vertex -17.937 -8.50115 2.499
      vertex -17.6705 -8.96282 -1.5005
      vertex -17.6705 -8.96282 2.499
    endloop
  endfacet
  facet normal -0.207825 0.978166 0
    outer loop
      vertex -19.212 -12.4252 -1.5005
      vertex -19.7335 -12.536 2.499
      vertex -19.212 -12.4252 2.499
    endloop
  endfacet
  facet normal -0.207825 0.978166 0
    outer loop
      vertex -19.7335 -12.536 2.499
      vertex -19.212 -12.4252 -1.5005
      vertex -19.7335 -12.536 -1.5005
    endloop
  endfacet
  facet normal 0.207897 -0.978151 0
    outer loop
      vertex -20.788 -7.57481 -1.5005
      vertex -20.2665 -7.46397 2.499
      vertex -20.788 -7.57481 2.499
    endloop
  endfacet
  facet normal 0.207897 -0.978151 0
    outer loop
      vertex -20.2665 -7.46397 2.499
      vertex -20.788 -7.57481 -1.5005
      vertex -20.2665 -7.46397 -1.5005
    endloop
  endfacet
  facet normal -0.406727 -0.91355 0
    outer loop
      vertex -19.212 -7.57481 -1.5005
      vertex -18.725 -7.79163 2.499
      vertex -19.212 -7.57481 2.499
    endloop
  endfacet
  facet normal -0.406727 -0.91355 -0
    outer loop
      vertex -18.725 -7.79163 2.499
      vertex -19.212 -7.57481 -1.5005
      vertex -18.725 -7.79163 -1.5005
    endloop
  endfacet
  facet normal 0.994527 0.10448 0
    outer loop
      vertex -22.4943 -10.5302 2.499
      vertex -22.55 -10 -1.5005
      vertex -22.55 -10 2.499
    endloop
  endfacet
  facet normal 0.994527 0.10448 0
    outer loop
      vertex -22.55 -10 -1.5005
      vertex -22.4943 -10.5302 2.499
      vertex -22.4943 -10.5302 -1.5005
    endloop
  endfacet
  facet normal -0.994527 0.10448 0
    outer loop
      vertex -17.5057 -10.5302 -1.5005
      vertex -17.45 -10 2.499
      vertex -17.45 -10 -1.5005
    endloop
  endfacet
  facet normal -0.994527 0.10448 0
    outer loop
      vertex -17.45 -10 2.499
      vertex -17.5057 -10.5302 -1.5005
      vertex -17.5057 -10.5302 2.499
    endloop
  endfacet
  facet normal 0.994527 -0.104484 0
    outer loop
      vertex -22.55 -10 2.499
      vertex -22.4943 -9.46982 -1.5005
      vertex -22.4943 -9.46982 2.499
    endloop
  endfacet
  facet normal 0.994527 -0.104484 0
    outer loop
      vertex -22.4943 -9.46982 -1.5005
      vertex -22.55 -10 2.499
      vertex -22.55 -10 -1.5005
    endloop
  endfacet
  facet normal -0.866076 0.499912 0
    outer loop
      vertex -17.937 -11.4989 -1.5005
      vertex -17.6705 -11.0372 2.499
      vertex -17.6705 -11.0372 -1.5005
    endloop
  endfacet
  facet normal -0.866076 0.499912 0
    outer loop
      vertex -17.6705 -11.0372 2.499
      vertex -17.937 -11.4989 -1.5005
      vertex -17.937 -11.4989 2.499
    endloop
  endfacet
  facet normal 0.587837 0.808979 -0
    outer loop
      vertex -21.275 -12.2084 -1.5005
      vertex -21.7063 -11.895 2.499
      vertex -21.275 -12.2084 2.499
    endloop
  endfacet
  facet normal 0.587837 0.808979 0
    outer loop
      vertex -21.7063 -11.895 2.499
      vertex -21.275 -12.2084 -1.5005
      vertex -21.7063 -11.895 -1.5005
    endloop
  endfacet
  facet normal 0.743157 -0.669117 0
    outer loop
      vertex -22.063 -8.50115 2.499
      vertex -21.7063 -8.10498 -1.5005
      vertex -21.7063 -8.10498 2.499
    endloop
  endfacet
  facet normal 0.743157 -0.669117 0
    outer loop
      vertex -21.7063 -8.10498 -1.5005
      vertex -22.063 -8.50115 2.499
      vertex -22.063 -8.50115 -1.5005
    endloop
  endfacet
  facet normal -0.587776 -0.809024 0
    outer loop
      vertex -18.725 -7.79163 -1.5005
      vertex -18.2937 -8.10498 2.499
      vertex -18.725 -7.79163 2.499
    endloop
  endfacet
  facet normal -0.587776 -0.809024 -0
    outer loop
      vertex -18.2937 -8.10498 2.499
      vertex -18.725 -7.79163 -1.5005
      vertex -18.2937 -8.10498 -1.5005
    endloop
  endfacet
  facet normal -0.406695 0.913564 0
    outer loop
      vertex -18.725 -12.2084 -1.5005
      vertex -19.212 -12.4252 2.499
      vertex -18.725 -12.2084 2.499
    endloop
  endfacet
  facet normal -0.406695 0.913564 0
    outer loop
      vertex -19.212 -12.4252 2.499
      vertex -18.725 -12.2084 -1.5005
      vertex -19.212 -12.4252 -1.5005
    endloop
  endfacet
  facet normal 0 -1 0
    outer loop
      vertex -20.2665 -7.46397 -1.5005
      vertex -19.7335 -7.46397 2.499
      vertex -20.2665 -7.46397 2.499
    endloop
  endfacet
  facet normal 0 -1 -0
    outer loop
      vertex -19.7335 -7.46397 2.499
      vertex -20.2665 -7.46397 -1.5005
      vertex -19.7335 -7.46397 -1.5005
    endloop
  endfacet
  facet normal 0.587776 -0.809024 0
    outer loop
      vertex -21.7063 -8.10498 -1.5005
      vertex -21.275 -7.79163 2.499
      vertex -21.7063 -8.10498 2.499
    endloop
  endfacet
  facet normal 0.587776 -0.809024 0
    outer loop
      vertex -21.275 -7.79163 2.499
      vertex -21.7063 -8.10498 -1.5005
      vertex -21.275 -7.79163 -1.5005
    endloop
  endfacet
  facet normal 0 1 -0
    outer loop
      vertex -19.7335 -12.536 -1.5005
      vertex -20.2665 -12.536 2.499
      vertex -19.7335 -12.536 2.499
    endloop
  endfacet
  facet normal 0 1 0
    outer loop
      vertex -20.2665 -12.536 2.499
      vertex -19.7335 -12.536 -1.5005
      vertex -20.2665 -12.536 -1.5005
    endloop
  endfacet
  facet normal -0.95102 0.309128 0
    outer loop
      vertex -17.6705 -11.0372 -1.5005
      vertex -17.5057 -10.5302 2.499
      vertex -17.5057 -10.5302 -1.5005
    endloop
  endfacet
  facet normal -0.95102 0.309128 0
    outer loop
      vertex -17.5057 -10.5302 2.499
      vertex -17.6705 -11.0372 -1.5005
      vertex -17.6705 -11.0372 2.499
    endloop
  endfacet
  facet normal 0.95102 0.309128 0
    outer loop
      vertex -22.3295 -11.0372 2.499
      vertex -22.4943 -10.5302 -1.5005
      vertex -22.4943 -10.5302 2.499
    endloop
  endfacet
  facet normal 0.95102 0.309128 0
    outer loop
      vertex -22.4943 -10.5302 -1.5005
      vertex -22.3295 -11.0372 2.499
      vertex -22.3295 -11.0372 -1.5005
    endloop
  endfacet
  facet normal -0.587837 0.808979 0
    outer loop
      vertex -18.2937 -11.895 -1.5005
      vertex -18.725 -12.2084 2.499
      vertex -18.2937 -11.895 2.499
    endloop
  endfacet
  facet normal -0.587837 0.808979 0
    outer loop
      vertex -18.725 -12.2084 2.499
      vertex -18.2937 -11.895 -1.5005
      vertex -18.725 -12.2084 -1.5005
    endloop
  endfacet
  facet normal 0.406727 -0.91355 0
    outer loop
      vertex -21.275 -7.79163 -1.5005
      vertex -20.788 -7.57481 2.499
      vertex -21.275 -7.79163 2.499
    endloop
  endfacet
  facet normal 0.406727 -0.91355 0
    outer loop
      vertex -20.788 -7.57481 2.499
      vertex -21.275 -7.79163 -1.5005
      vertex -20.788 -7.57481 -1.5005
    endloop
  endfacet
  facet normal -0.207897 -0.978151 0
    outer loop
      vertex -19.7335 -7.46397 -1.5005
      vertex -19.212 -7.57481 2.499
      vertex -19.7335 -7.46397 2.499
    endloop
  endfacet
  facet normal -0.207897 -0.978151 -0
    outer loop
      vertex -19.212 -7.57481 2.499
      vertex -19.7335 -7.46397 -1.5005
      vertex -19.212 -7.57481 -1.5005
    endloop
  endfacet
  facet normal -0.743157 -0.669117 0
    outer loop
      vertex -17.937 -8.50115 -1.5005
      vertex -18.2937 -8.10498 2.499
      vertex -18.2937 -8.10498 -1.5005
    endloop
  endfacet
  facet normal -0.743157 -0.669117 0
    outer loop
      vertex -18.2937 -8.10498 2.499
      vertex -17.937 -8.50115 -1.5005
      vertex -17.937 -8.50115 2.499
    endloop
  endfacet
  facet normal 0 0 1
    outer loop
      vertex -16.4666 -7.96 2.499
      vertex -17.45 -10 2.499
      vertex -16.4666 -12.04 2.499
    endloop
  endfacet
  facet normal 0 0 1
    outer loop
      vertex -16.4666 -7.96 2.499
      vertex -17.5057 -9.46982 2.499
      vertex -17.45 -10 2.499
    endloop
  endfacet
  facet normal 0 0 1
    outer loop
      vertex -16.4666 -7.96 2.499
      vertex -17.6705 -8.96282 2.499
      vertex -17.5057 -9.46982 2.499
    endloop
  endfacet
  facet normal 0 0 1
    outer loop
      vertex -16.4666 -7.96 2.499
      vertex -17.937 -8.50115 2.499
      vertex -17.6705 -8.96282 2.499
    endloop
  endfacet
  facet normal 0 0 1
    outer loop
      vertex -16.4666 -7.96 2.499
      vertex -18.2937 -8.10498 2.499
      vertex -17.937 -8.50115 2.499
    endloop
  endfacet
  facet normal 0 0 1
    outer loop
      vertex -16.4666 -7.96 2.499
      vertex -18.725 -7.79163 2.499
      vertex -18.2937 -8.10498 2.499
    endloop
  endfacet
  facet normal 0 0 1
    outer loop
      vertex -20 -5.92 2.499
      vertex -18.725 -7.79163 2.499
      vertex -16.4666 -7.96 2.499
    endloop
  endfacet
  facet normal 0 0 1
    outer loop
      vertex -18.725 -7.79163 2.499
      vertex -20 -5.92 2.499
      vertex -19.212 -7.57481 2.499
    endloop
  endfacet
  facet normal 0 0 1
    outer loop
      vertex -19.212 -7.57481 2.499
      vertex -20 -5.92 2.499
      vertex -19.7335 -7.46397 2.499
    endloop
  endfacet
  facet normal 0 0 1
    outer loop
      vertex -20 -5.92 2.499
      vertex -20.2665 -7.46397 2.499
      vertex -19.7335 -7.46397 2.499
    endloop
  endfacet
  facet normal 0 0 1
    outer loop
      vertex -20 -5.92 2.499
      vertex -20.788 -7.57481 2.499
      vertex -20.2665 -7.46397 2.499
    endloop
  endfacet
  facet normal 0 0 1
    outer loop
      vertex -20 -5.92 2.499
      vertex -21.275 -7.79163 2.499
      vertex -20.788 -7.57481 2.499
    endloop
  endfacet
  facet normal 0 0 1
    outer loop
      vertex -23.5334 -7.96 2.499
      vertex -21.275 -7.79163 2.499
      vertex -20 -5.92 2.499
    endloop
  endfacet
  facet normal 0 0 1
    outer loop
      vertex -21.275 -7.79163 2.499
      vertex -23.5334 -7.96 2.499
      vertex -21.7063 -8.10498 2.499
    endloop
  endfacet
  facet normal 0 0 1
    outer loop
      vertex -22.4943 -9.46982 2.499
      vertex -23.5334 -7.96 2.499
      vertex -22.55 -10 2.499
    endloop
  endfacet
  facet normal 0 0 1
    outer loop
      vertex -22.3295 -8.96282 2.499
      vertex -23.5334 -7.96 2.499
      vertex -22.4943 -9.46982 2.499
    endloop
  endfacet
  facet normal 0 0 1
    outer loop
      vertex -22.063 -8.50115 2.499
      vertex -23.5334 -7.96 2.499
      vertex -22.3295 -8.96282 2.499
    endloop
  endfacet
  facet normal 0 0 1
    outer loop
      vertex -21.7063 -8.10498 2.499
      vertex -23.5334 -7.96 2.499
      vertex -22.063 -8.50115 2.499
    endloop
  endfacet
  facet normal -0 0 1
    outer loop
      vertex -17.5057 -10.5302 2.499
      vertex -16.4666 -12.04 2.499
      vertex -17.45 -10 2.499
    endloop
  endfacet
  facet normal -0 0 1
    outer loop
      vertex -17.6705 -11.0372 2.499
      vertex -16.4666 -12.04 2.499
      vertex -17.5057 -10.5302 2.499
    endloop
  endfacet
  facet normal -0 0 1
    outer loop
      vertex -17.937 -11.4989 2.499
      vertex -16.4666 -12.04 2.499
      vertex -17.6705 -11.0372 2.499
    endloop
  endfacet
  facet normal -0 0 1
    outer loop
      vertex -18.2937 -11.895 2.499
      vertex -16.4666 -12.04 2.499
      vertex -17.937 -11.4989 2.499
    endloop
  endfacet
  facet normal 0 0 1
    outer loop
      vertex -18.725 -12.2084 2.499
      vertex -16.4666 -12.04 2.499
      vertex -18.2937 -11.895 2.499
    endloop
  endfacet
  facet normal 0 0 1
    outer loop
      vertex -20 -14.08 2.499
      vertex -18.725 -12.2084 2.499
      vertex -19.212 -12.4252 2.499
    endloop
  endfacet
  facet normal 0 0 1
    outer loop
      vertex -20 -14.08 2.499
      vertex -19.212 -12.4252 2.499
      vertex -19.7335 -12.536 2.499
    endloop
  endfacet
  facet normal -0 0 1
    outer loop
      vertex -18.725 -12.2084 2.499
      vertex -20 -14.08 2.499
      vertex -16.4666 -12.04 2.499
    endloop
  endfacet
  facet normal -0 0 1
    outer loop
      vertex -20.2665 -12.536 2.499
      vertex -20 -14.08 2.499
      vertex -19.7335 -12.536 2.499
    endloop
  endfacet
  facet normal 0 0 1
    outer loop
      vertex -20.788 -12.4252 2.499
      vertex -20 -14.08 2.499
      vertex -20.2665 -12.536 2.499
    endloop
  endfacet
  facet normal 0 0 1
    outer loop
      vertex -21.275 -12.2084 2.499
      vertex -20 -14.08 2.499
      vertex -20.788 -12.4252 2.499
    endloop
  endfacet
  facet normal -0 0 1
    outer loop
      vertex -23.5334 -12.04 2.499
      vertex -21.275 -12.2084 2.499
      vertex -21.7063 -11.895 2.499
    endloop
  endfacet
  facet normal 0 0 1
    outer loop
      vertex -23.5334 -12.04 2.499
      vertex -21.7063 -11.895 2.499
      vertex -22.063 -11.4989 2.499
    endloop
  endfacet
  facet normal 0 0 1
    outer loop
      vertex -23.5334 -12.04 2.499
      vertex -22.55 -10 2.499
      vertex -23.5334 -7.96 2.499
    endloop
  endfacet
  facet normal 0 0 1
    outer loop
      vertex -22.55 -10 2.499
      vertex -23.5334 -12.04 2.499
      vertex -22.4943 -10.5302 2.499
    endloop
  endfacet
  facet normal 0 0 1
    outer loop
      vertex -21.275 -12.2084 2.499
      vertex -23.5334 -12.04 2.499
      vertex -20 -14.08 2.499
    endloop
  endfacet
  facet normal 0 0 1
    outer loop
      vertex -22.3295 -11.0372 2.499
      vertex -23.5334 -12.04 2.499
      vertex -22.063 -11.4989 2.499
    endloop
  endfacet
  facet normal 0 0 1
    outer loop
      vertex -22.4943 -10.5302 2.499
      vertex -23.5334 -12.04 2.499
      vertex -22.3295 -11.0372 2.499
    endloop
  endfacet
  facet normal 0.743098 0.669182 0
    outer loop
      vertex -21.7063 -11.895 2.499
      vertex -22.063 -11.4989 -1.5005
      vertex -22.063 -11.4989 2.499
    endloop
  endfacet
  facet normal 0.743098 0.669182 0
    outer loop
      vertex -22.063 -11.4989 -1.5005
      vertex -21.7063 -11.895 2.499
      vertex -21.7063 -11.895 -1.5005
    endloop
  endfacet
  facet normal 0.866062 -0.499936 0
    outer loop
      vertex -22.3295 -8.96282 2.499
      vertex -22.063 -8.50115 -1.5005
      vertex -22.063 -8.50115 2.499
    endloop
  endfacet
  facet normal 0.866062 -0.499936 0
    outer loop
      vertex -22.063 -8.50115 -1.5005
      vertex -22.3295 -8.96282 2.499
      vertex -22.3295 -8.96282 -1.5005
    endloop
  endfacet
  facet normal 0.207825 0.978166 -0
    outer loop
      vertex -20.2665 -12.536 -1.5005
      vertex -20.788 -12.4252 2.499
      vertex -20.2665 -12.536 2.499
    endloop
  endfacet
  facet normal 0.207825 0.978166 0
    outer loop
      vertex -20.788 -12.4252 2.499
      vertex -20.2665 -12.536 -1.5005
      vertex -20.788 -12.4252 -1.5005
    endloop
  endfacet
  facet normal -0.743098 0.669182 0
    outer loop
      vertex -18.2937 -11.895 -1.5005
      vertex -17.937 -11.4989 2.499
      vertex -17.937 -11.4989 -1.5005
    endloop
  endfacet
  facet normal -0.743098 0.669182 0
    outer loop
      vertex -17.937 -11.4989 2.499
      vertex -18.2937 -11.895 -1.5005
      vertex -18.2937 -11.895 2.499
    endloop
  endfacet
  facet normal 0.95102 -0.309128 0
    outer loop
      vertex -22.4943 -9.46982 2.499
      vertex -22.3295 -8.96282 -1.5005
      vertex -22.3295 -8.96282 2.499
    endloop
  endfacet
  facet normal 0.95102 -0.309128 0
    outer loop
      vertex -22.3295 -8.96282 -1.5005
      vertex -22.4943 -9.46982 2.499
      vertex -22.4943 -9.46982 -1.5005
    endloop
  endfacet
  facet normal 0.406695 0.913564 -0
    outer loop
      vertex -20.788 -12.4252 -1.5005
      vertex -21.275 -12.2084 2.499
      vertex -20.788 -12.4252 2.499
    endloop
  endfacet
  facet normal 0.406695 0.913564 0
    outer loop
      vertex -21.275 -12.2084 2.499
      vertex -20.788 -12.4252 -1.5005
      vertex -21.275 -12.2084 -1.5005
    endloop
  endfacet
  facet normal 0.500948 -0.865477 0
    outer loop
      vertex -23.5334 12.04 2.499
      vertex -23.4947 12.0624 7.499
      vertex -23.5334 12.04 7.499
    endloop
  endfacet
  facet normal 0.499977 -0.866039 1.00316e-05
    outer loop
      vertex -23.4947 12.0624 7.499
      vertex -23.5334 12.04 2.499
      vertex -20.0387 14.0576 7.499
    endloop
  endfacet
  facet normal 0.499998 -0.866026 -9.81173e-06
    outer loop
      vertex -20 14.08 2.499
      vertex -20.0387 14.0576 7.499
      vertex -23.5334 12.04 2.499
    endloop
  endfacet
  facet normal 0.500948 -0.865477 0
    outer loop
      vertex -20.0387 14.0576 7.499
      vertex -20 14.08 2.499
      vertex -20 14.08 7.499
    endloop
  endfacet
  facet normal -0.500948 -0.865477 0
    outer loop
      vertex -20 14.08 2.499
      vertex -19.9613 14.0576 7.499
      vertex -20 14.08 7.499
    endloop
  endfacet
  facet normal -0.499977 -0.866039 -1.00316e-05
    outer loop
      vertex -19.9613 14.0576 7.499
      vertex -20 14.08 2.499
      vertex -16.5053 12.0624 7.499
    endloop
  endfacet
  facet normal -0.499998 -0.866026 9.81173e-06
    outer loop
      vertex -16.4666 12.04 2.499
      vertex -16.5053 12.0624 7.499
      vertex -20 14.08 2.499
    endloop
  endfacet
  facet normal -0.500948 -0.865477 0
    outer loop
      vertex -16.5053 12.0624 7.499
      vertex -16.4666 12.04 2.499
      vertex -16.4666 12.04 7.499
    endloop
  endfacet
  facet normal 1 -0 0
    outer loop
      vertex -23.5334 11.9953 7.499
      vertex -23.5334 12.04 2.499
      vertex -23.5334 12.04 7.499
    endloop
  endfacet
  facet normal 1 -0 0
    outer loop
      vertex -23.5334 8.0047 7.499
      vertex -23.5334 12.04 2.499
      vertex -23.5334 11.9953 7.499
    endloop
  endfacet
  facet normal 1 0 0
    outer loop
      vertex -23.5334 7.96 2.499
      vertex -23.5334 8.0047 7.499
      vertex -23.5334 7.96 7.499
    endloop
  endfacet
  facet normal 1 0 0
    outer loop
      vertex -23.5334 8.0047 7.499
      vertex -23.5334 7.96 2.499
      vertex -23.5334 12.04 2.499
    endloop
  endfacet
  facet normal 0 -0 -1
    outer loop
      vertex -20 14.08 7.499
      vertex -19.9613 14.0576 7.499
      vertex -20.0387 14.0576 7.499
    endloop
  endfacet
  facet normal -0 0 -1
    outer loop
      vertex -19.9613 5.94235 7.499
      vertex -20 5.92 7.499
      vertex -20.0387 5.94235 7.499
    endloop
  endfacet
  facet normal 0 0 -1
    outer loop
      vertex -23.5334 12.04 7.499
      vertex -23.4947 12.0624 7.499
      vertex -23.5334 11.9953 7.499
    endloop
  endfacet
  facet normal 0 0 -1
    outer loop
      vertex -23.5334 8.0047 7.499
      vertex -23.4947 7.93765 7.499
      vertex -23.5334 7.96 7.499
    endloop
  endfacet
  facet normal 0 -0 -1
    outer loop
      vertex -16.4666 8.0047 7.499
      vertex -16.4666 7.96 7.499
      vertex -16.5053 7.93765 7.499
    endloop
  endfacet
  facet normal -0 -0 -1
    outer loop
      vertex -16.4666 12.04 7.499
      vertex -16.4666 11.9953 7.499
      vertex -16.5053 12.0624 7.499
    endloop
  endfacet
  facet normal 0 0 1
    outer loop
      vertex -16.4666 11.9953 7.499
      vertex -15.92 10 7.499
      vertex -16.0092 10.8483 7.499
    endloop
  endfacet
  facet normal 0 0 1
    outer loop
      vertex -16.4666 11.9953 7.499
      vertex -16.0092 10.8483 7.499
      vertex -16.2727 11.6595 7.499
    endloop
  endfacet
  facet normal 0 0 1
    outer loop
      vertex -15.92 10 7.499
      vertex -16.4666 11.9953 7.499
      vertex -16.0092 9.15172 7.499
    endloop
  endfacet
  facet normal 0 0 1
    outer loop
      vertex -16.4666 8.0047 7.499
      vertex -16.0092 9.15172 7.499
      vertex -16.4666 11.9953 7.499
    endloop
  endfacet
  facet normal 0 0 1
    outer loop
      vertex -16.0092 9.15172 7.499
      vertex -16.4666 8.0047 7.499
      vertex -16.2727 8.34051 7.499
    endloop
  endfacet
  facet normal 0 0 1
    outer loop
      vertex -16.5053 7.93765 7.499
      vertex -17.2699 6.96797 7.499
      vertex -16.6992 7.60184 7.499
    endloop
  endfacet
  facet normal 0 0 1
    outer loop
      vertex -16.5053 7.93765 7.499
      vertex -17.96 6.46662 7.499
      vertex -17.2699 6.96797 7.499
    endloop
  endfacet
  facet normal 0 0 1
    outer loop
      vertex -16.5053 7.93765 7.499
      vertex -18.7392 6.11969 7.499
      vertex -17.96 6.46662 7.499
    endloop
  endfacet
  facet normal 0 0 1
    outer loop
      vertex -19.9613 5.94235 7.499
      vertex -18.7392 6.11969 7.499
      vertex -16.5053 7.93765 7.499
    endloop
  endfacet
  facet normal 0 0 1
    outer loop
      vertex -18.7392 6.11969 7.499
      vertex -19.9613 5.94235 7.499
      vertex -19.5735 5.94235 7.499
    endloop
  endfacet
  facet normal 0 0 1
    outer loop
      vertex -20.0387 5.94235 7.499
      vertex -21.2608 6.11969 7.499
      vertex -20.4265 5.94235 7.499
    endloop
  endfacet
  facet normal 0 0 1
    outer loop
      vertex -20.0387 5.94235 7.499
      vertex -22.04 6.46662 7.499
      vertex -21.2608 6.11969 7.499
    endloop
  endfacet
  facet normal 0 0 1
    outer loop
      vertex -20.0387 5.94235 7.499
      vertex -22.7301 6.96797 7.499
      vertex -22.04 6.46662 7.499
    endloop
  endfacet
  facet normal 0 0 1
    outer loop
      vertex -23.4947 7.93765 7.499
      vertex -22.7301 6.96797 7.499
      vertex -20.0387 5.94235 7.499
    endloop
  endfacet
  facet normal 0 0 1
    outer loop
      vertex -22.7301 6.96797 7.499
      vertex -23.4947 7.93765 7.499
      vertex -23.3008 7.60184 7.499
    endloop
  endfacet
  facet normal 0 0 1
    outer loop
      vertex -21.2608 13.8803 7.499
      vertex -20.0387 14.0576 7.499
      vertex -20.4265 14.0576 7.499
    endloop
  endfacet
  facet normal 0 0 1
    outer loop
      vertex -22.04 13.5334 7.499
      vertex -20.0387 14.0576 7.499
      vertex -21.2608 13.8803 7.499
    endloop
  endfacet
  facet normal 0 0 1
    outer loop
      vertex -22.7301 13.032 7.499
      vertex -20.0387 14.0576 7.499
      vertex -22.04 13.5334 7.499
    endloop
  endfacet
  facet normal 0 0 1
    outer loop
      vertex -23.4947 12.0624 7.499
      vertex -22.7301 13.032 7.499
      vertex -23.3008 12.3982 7.499
    endloop
  endfacet
  facet normal -0 0 1
    outer loop
      vertex -22.7301 13.032 7.499
      vertex -23.4947 12.0624 7.499
      vertex -20.0387 14.0576 7.499
    endloop
  endfacet
  facet normal 0 0 1
    outer loop
      vertex -17.2699 13.032 7.499
      vertex -16.5053 12.0624 7.499
      vertex -16.6992 12.3982 7.499
    endloop
  endfacet
  facet normal 0 0 1
    outer loop
      vertex -17.96 13.5334 7.499
      vertex -16.5053 12.0624 7.499
      vertex -17.2699 13.032 7.499
    endloop
  endfacet
  facet normal 0 0 1
    outer loop
      vertex -18.7392 13.8803 7.499
      vertex -16.5053 12.0624 7.499
      vertex -17.96 13.5334 7.499
    endloop
  endfacet
  facet normal -0 0 1
    outer loop
      vertex -19.9613 14.0576 7.499
      vertex -18.7392 13.8803 7.499
      vertex -19.5735 14.0576 7.499
    endloop
  endfacet
  facet normal 0 0 1
    outer loop
      vertex -18.7392 13.8803 7.499
      vertex -19.9613 14.0576 7.499
      vertex -16.5053 12.0624 7.499
    endloop
  endfacet
  facet normal 0 0 1
    outer loop
      vertex -23.9908 10.8483 7.499
      vertex -23.5334 11.9953 7.499
      vertex -23.7273 11.6595 7.499
    endloop
  endfacet
  facet normal 0 0 1
    outer loop
      vertex -23.5334 11.9953 7.499
      vertex -23.9908 10.8483 7.499
      vertex -23.5334 8.0047 7.499
    endloop
  endfacet
  facet normal -0 0 1
    outer loop
      vertex -24.08 10 7.499
      vertex -23.5334 8.0047 7.499
      vertex -23.9908 10.8483 7.499
    endloop
  endfacet
  facet normal 0 0 1
    outer loop
      vertex -23.5334 8.0047 7.499
      vertex -23.9908 9.15172 7.499
      vertex -23.7273 8.34051 7.499
    endloop
  endfacet
  facet normal 0 0 1
    outer loop
      vertex -23.5334 8.0047 7.499
      vertex -24.08 10 7.499
      vertex -23.9908 9.15172 7.499
    endloop
  endfacet
  facet normal -0.50011 0.865962 0
    outer loop
      vertex -16.4666 7.96 2.499
      vertex -16.5053 7.93765 7.499
      vertex -16.4666 7.96 7.499
    endloop
  endfacet
  facet normal -0.499996 0.866028 1.17726e-06
    outer loop
      vertex -16.5053 7.93765 7.499
      vertex -16.4666 7.96 2.499
      vertex -19.9613 5.94235 7.499
    endloop
  endfacet
  facet normal -0.499998 0.866026 -1.15147e-06
    outer loop
      vertex -20 5.92 2.499
      vertex -19.9613 5.94235 7.499
      vertex -16.4666 7.96 2.499
    endloop
  endfacet
  facet normal -0.50011 0.865962 0
    outer loop
      vertex -19.9613 5.94235 7.499
      vertex -20 5.92 2.499
      vertex -20 5.92 7.499
    endloop
  endfacet
  facet normal -1 0 0
    outer loop
      vertex -16.4666 12.04 2.499
      vertex -16.4666 11.9953 7.499
      vertex -16.4666 12.04 7.499
    endloop
  endfacet
  facet normal -1 0 0
    outer loop
      vertex -16.4666 12.04 2.499
      vertex -16.4666 8.0047 7.499
      vertex -16.4666 11.9953 7.499
    endloop
  endfacet
  facet normal -1 0 0
    outer loop
      vertex -16.4666 7.96 2.499
      vertex -16.4666 8.0047 7.499
      vertex -16.4666 12.04 2.499
    endloop
  endfacet
  facet normal -1 -0 0
    outer loop
      vertex -16.4666 8.0047 7.499
      vertex -16.4666 7.96 2.499
      vertex -16.4666 7.96 7.499
    endloop
  endfacet
  facet normal 0.50011 0.865962 -0
    outer loop
      vertex -20 5.92 2.499
      vertex -20.0387 5.94235 7.499
      vertex -20 5.92 7.499
    endloop
  endfacet
  facet normal 0.499996 0.866028 -1.17726e-06
    outer loop
      vertex -20.0387 5.94235 7.499
      vertex -20 5.92 2.499
      vertex -23.4947 7.93765 7.499
    endloop
  endfacet
  facet normal 0.499998 0.866026 1.15147e-06
    outer loop
      vertex -23.5334 7.96 2.499
      vertex -23.4947 7.93765 7.499
      vertex -20 5.92 2.499
    endloop
  endfacet
  facet normal 0.50011 0.865962 0
    outer loop
      vertex -23.4947 7.93765 7.499
      vertex -23.5334 7.96 2.499
      vertex -23.5334 7.96 7.499
    endloop
  endfacet
  facet normal 0.50011 -0.865962 0
    outer loop
      vertex -23.5334 -7.96 2.499
      vertex -23.4947 -7.93765 7.499
      vertex -23.5334 -7.96 7.499
    endloop
  endfacet
  facet normal 0.499996 -0.866028 1.17726e-06
    outer loop
      vertex -23.4947 -7.93765 7.499
      vertex -23.5334 -7.96 2.499
      vertex -20.0387 -5.94235 7.499
    endloop
  endfacet
  facet normal 0.499998 -0.866026 -1.15147e-06
    outer loop
      vertex -20 -5.92 2.499
      vertex -20.0387 -5.94235 7.499
      vertex -23.5334 -7.96 2.499
    endloop
  endfacet
  facet normal 0.50011 -0.865962 0
    outer loop
      vertex -20.0387 -5.94235 7.499
      vertex -20 -5.92 2.499
      vertex -20 -5.92 7.499
    endloop
  endfacet
  facet normal -0.50011 -0.865962 0
    outer loop
      vertex -20 -5.92 2.499
      vertex -19.9613 -5.94235 7.499
      vertex -20 -5.92 7.499
    endloop
  endfacet
  facet normal -0.499996 -0.866028 -1.17726e-06
    outer loop
      vertex -19.9613 -5.94235 7.499
      vertex -20 -5.92 2.499
      vertex -16.5053 -7.93765 7.499
    endloop
  endfacet
  facet normal -0.499998 -0.866026 1.15147e-06
    outer loop
      vertex -16.4666 -7.96 2.499
      vertex -16.5053 -7.93765 7.499
      vertex -20 -5.92 2.499
    endloop
  endfacet
  facet normal -0.50011 -0.865962 0
    outer loop
      vertex -16.5053 -7.93765 7.499
      vertex -16.4666 -7.96 2.499
      vertex -16.4666 -7.96 7.499
    endloop
  endfacet
  facet normal 1 -0 0
    outer loop
      vertex -23.5334 -8.0047 7.499
      vertex -23.5334 -7.96 2.499
      vertex -23.5334 -7.96 7.499
    endloop
  endfacet
  facet normal 1 -0 0
    outer loop
      vertex -23.5334 -11.9953 7.499
      vertex -23.5334 -7.96 2.499
      vertex -23.5334 -8.0047 7.499
    endloop
  endfacet
  facet normal 1 0 0
    outer loop
      vertex -23.5334 -12.04 2.499
      vertex -23.5334 -11.9953 7.499
      vertex -23.5334 -12.04 7.499
    endloop
  endfacet
  facet normal 1 0 0
    outer loop
      vertex -23.5334 -11.9953 7.499
      vertex -23.5334 -12.04 2.499
      vertex -23.5334 -7.96 2.499
    endloop
  endfacet
  facet normal 0 -0 -1
    outer loop
      vertex -20 -5.92 7.499
      vertex -19.9613 -5.94235 7.499
      vertex -20.0387 -5.94235 7.499
    endloop
  endfacet
  facet normal -0 0 -1
    outer loop
      vertex -19.9613 -14.0576 7.499
      vertex -20 -14.08 7.499
      vertex -20.0387 -14.0576 7.499
    endloop
  endfacet
  facet normal 0 0 -1
    outer loop
      vertex -23.5334 -7.96 7.499
      vertex -23.4947 -7.93765 7.499
      vertex -23.5334 -8.0047 7.499
    endloop
  endfacet
  facet normal 0 0 -1
    outer loop
      vertex -23.5334 -11.9953 7.499
      vertex -23.4947 -12.0624 7.499
      vertex -23.5334 -12.04 7.499
    endloop
  endfacet
  facet normal 0 -0 -1
    outer loop
      vertex -16.4666 -11.9953 7.499
      vertex -16.4666 -12.04 7.499
      vertex -16.5053 -12.0624 7.499
    endloop
  endfacet
  facet normal -0 -0 -1
    outer loop
      vertex -16.4666 -7.96 7.499
      vertex -16.4666 -8.0047 7.499
      vertex -16.5053 -7.93765 7.499
    endloop
  endfacet
  facet normal 0 0 1
    outer loop
      vertex -16.4666 -8.0047 7.499
      vertex -15.92 -10 7.499
      vertex -16.0092 -9.15172 7.499
    endloop
  endfacet
  facet normal 0 0 1
    outer loop
      vertex -16.4666 -8.0047 7.499
      vertex -16.0092 -9.15172 7.499
      vertex -16.2727 -8.34051 7.499
    endloop
  endfacet
  facet normal 0 0 1
    outer loop
      vertex -15.92 -10 7.499
      vertex -16.4666 -8.0047 7.499
      vertex -16.0092 -10.8483 7.499
    endloop
  endfacet
  facet normal 0 0 1
    outer loop
      vertex -16.4666 -11.9953 7.499
      vertex -16.0092 -10.8483 7.499
      vertex -16.4666 -8.0047 7.499
    endloop
  endfacet
  facet normal 0 0 1
    outer loop
      vertex -16.0092 -10.8483 7.499
      vertex -16.4666 -11.9953 7.499
      vertex -16.2727 -11.6595 7.499
    endloop
  endfacet
  facet normal 0 0 1
    outer loop
      vertex -21.2608 -6.11969 7.499
      vertex -20.0387 -5.94235 7.499
      vertex -20.4265 -5.94235 7.499
    endloop
  endfacet
  facet normal 0 0 1
    outer loop
      vertex -22.04 -6.46662 7.499
      vertex -20.0387 -5.94235 7.499
      vertex -21.2608 -6.11969 7.499
    endloop
  endfacet
  facet normal 0 0 1
    outer loop
      vertex -22.7301 -6.96797 7.499
      vertex -20.0387 -5.94235 7.499
      vertex -22.04 -6.46662 7.499
    endloop
  endfacet
  facet normal 0 0 1
    outer loop
      vertex -23.4947 -7.93765 7.499
      vertex -22.7301 -6.96797 7.499
      vertex -23.3008 -7.60184 7.499
    endloop
  endfacet
  facet normal -0 0 1
    outer loop
      vertex -22.7301 -6.96797 7.499
      vertex -23.4947 -7.93765 7.499
      vertex -20.0387 -5.94235 7.499
    endloop
  endfacet
  facet normal 0 0 1
    outer loop
      vertex -17.2699 -6.96797 7.499
      vertex -16.5053 -7.93765 7.499
      vertex -16.6992 -7.60184 7.499
    endloop
  endfacet
  facet normal 0 0 1
    outer loop
      vertex -17.96 -6.46662 7.499
      vertex -16.5053 -7.93765 7.499
      vertex -17.2699 -6.96797 7.499
    endloop
  endfacet
  facet normal 0 0 1
    outer loop
      vertex -18.7392 -6.11969 7.499
      vertex -16.5053 -7.93765 7.499
      vertex -17.96 -6.46662 7.499
    endloop
  endfacet
  facet normal -0 0 1
    outer loop
      vertex -19.9613 -5.94235 7.499
      vertex -18.7392 -6.11969 7.499
      vertex -19.5735 -5.94235 7.499
    endloop
  endfacet
  facet normal 0 0 1
    outer loop
      vertex -18.7392 -6.11969 7.499
      vertex -19.9613 -5.94235 7.499
      vertex -16.5053 -7.93765 7.499
    endloop
  endfacet
  facet normal 0 0 1
    outer loop
      vertex -23.9908 -9.15172 7.499
      vertex -23.5334 -8.0047 7.499
      vertex -23.7273 -8.34051 7.499
    endloop
  endfacet
  facet normal 0 0 1
    outer loop
      vertex -23.5334 -8.0047 7.499
      vertex -23.9908 -9.15172 7.499
      vertex -23.5334 -11.9953 7.499
    endloop
  endfacet
  facet normal -0 0 1
    outer loop
      vertex -24.08 -10 7.499
      vertex -23.5334 -11.9953 7.499
      vertex -23.9908 -9.15172 7.499
    endloop
  endfacet
  facet normal 0 0 1
    outer loop
      vertex -23.5334 -11.9953 7.499
      vertex -23.9908 -10.8483 7.499
      vertex -23.7273 -11.6595 7.499
    endloop
  endfacet
  facet normal 0 0 1
    outer loop
      vertex -23.5334 -11.9953 7.499
      vertex -24.08 -10 7.499
      vertex -23.9908 -10.8483 7.499
    endloop
  endfacet
  facet normal 0 0 1
    outer loop
      vertex -16.5053 -12.0624 7.499
      vertex -17.2699 -13.032 7.499
      vertex -16.6992 -12.3982 7.499
    endloop
  endfacet
  facet normal 0 0 1
    outer loop
      vertex -16.5053 -12.0624 7.499
      vertex -17.96 -13.5334 7.499
      vertex -17.2699 -13.032 7.499
    endloop
  endfacet
  facet normal 0 0 1
    outer loop
      vertex -16.5053 -12.0624 7.499
      vertex -18.7392 -13.8803 7.499
      vertex -17.96 -13.5334 7.499
    endloop
  endfacet
  facet normal 0 0 1
    outer loop
      vertex -19.9613 -14.0576 7.499
      vertex -18.7392 -13.8803 7.499
      vertex -16.5053 -12.0624 7.499
    endloop
  endfacet
  facet normal 0 0 1
    outer loop
      vertex -18.7392 -13.8803 7.499
      vertex -19.9613 -14.0576 7.499
      vertex -19.5735 -14.0576 7.499
    endloop
  endfacet
  facet normal 0 0 1
    outer loop
      vertex -20.0387 -14.0576 7.499
      vertex -21.2608 -13.8803 7.499
      vertex -20.4265 -14.0576 7.499
    endloop
  endfacet
  facet normal 0 0 1
    outer loop
      vertex -20.0387 -14.0576 7.499
      vertex -22.04 -13.5334 7.499
      vertex -21.2608 -13.8803 7.499
    endloop
  endfacet
  facet normal 0 0 1
    outer loop
      vertex -20.0387 -14.0576 7.499
      vertex -22.7301 -13.032 7.499
      vertex -22.04 -13.5334 7.499
    endloop
  endfacet
  facet normal 0 0 1
    outer loop
      vertex -23.4947 -12.0624 7.499
      vertex -22.7301 -13.032 7.499
      vertex -20.0387 -14.0576 7.499
    endloop
  endfacet
  facet normal 0 0 1
    outer loop
      vertex -22.7301 -13.032 7.499
      vertex -23.4947 -12.0624 7.499
      vertex -23.3008 -12.3982 7.499
    endloop
  endfacet
  facet normal -0.500948 0.865477 0
    outer loop
      vertex -16.4666 -12.04 2.499
      vertex -16.5053 -12.0624 7.499
      vertex -16.4666 -12.04 7.499
    endloop
  endfacet
  facet normal -0.499977 0.866039 1.00316e-05
    outer loop
      vertex -16.5053 -12.0624 7.499
      vertex -16.4666 -12.04 2.499
      vertex -19.9613 -14.0576 7.499
    endloop
  endfacet
  facet normal -0.499998 0.866026 -9.81173e-06
    outer loop
      vertex -20 -14.08 2.499
      vertex -19.9613 -14.0576 7.499
      vertex -16.4666 -12.04 2.499
    endloop
  endfacet
  facet normal -0.500948 0.865477 0
    outer loop
      vertex -19.9613 -14.0576 7.499
      vertex -20 -14.08 2.499
      vertex -20 -14.08 7.499
    endloop
  endfacet
  facet normal -1 0 0
    outer loop
      vertex -16.4666 -7.96 2.499
      vertex -16.4666 -8.0047 7.499
      vertex -16.4666 -7.96 7.499
    endloop
  endfacet
  facet normal -1 0 0
    outer loop
      vertex -16.4666 -7.96 2.499
      vertex -16.4666 -11.9953 7.499
      vertex -16.4666 -8.0047 7.499
    endloop
  endfacet
  facet normal -1 0 0
    outer loop
      vertex -16.4666 -12.04 2.499
      vertex -16.4666 -11.9953 7.499
      vertex -16.4666 -7.96 2.499
    endloop
  endfacet
  facet normal -1 -0 0
    outer loop
      vertex -16.4666 -11.9953 7.499
      vertex -16.4666 -12.04 2.499
      vertex -16.4666 -12.04 7.499
    endloop
  endfacet
  facet normal 0.500948 0.865477 -0
    outer loop
      vertex -20 -14.08 2.499
      vertex -20.0387 -14.0576 7.499
      vertex -20 -14.08 7.499
    endloop
  endfacet
  facet normal 0.499977 0.866039 -1.00316e-05
    outer loop
      vertex -20.0387 -14.0576 7.499
      vertex -20 -14.08 2.499
      vertex -23.4947 -12.0624 7.499
    endloop
  endfacet
  facet normal 0.499998 0.866026 9.81173e-06
    outer loop
      vertex -23.5334 -12.04 2.499
      vertex -23.4947 -12.0624 7.499
      vertex -20 -14.08 2.499
    endloop
  endfacet
  facet normal 0.500948 0.865477 0
    outer loop
      vertex -23.4947 -12.0624 7.499
      vertex -23.5334 -12.04 2.499
      vertex -23.5334 -12.04 7.499
    endloop
  endfacet
  facet normal -0.992252 -0.104337 -0.0674553
    outer loop
      vertex -15.92 10 7.499
      vertex -16.242 10.7988 11
      vertex -16.0092 10.8483 7.499
    endloop
  endfacet
  facet normal -0.992262 -0.10422 -0.0674829
    outer loop
      vertex -16.242 10.7988 11
      vertex -15.92 10 7.499
      vertex -16.1581 10 11
    endloop
  endfacet
  facet normal -0.405817 0.91146 -0.0674687
    outer loop
      vertex -18.7392 6.11969 7.499
      vertex -18.079 6.67279 11
      vertex -17.96 6.46662 7.499
    endloop
  endfacet
  facet normal -0.40578 0.911477 -0.0674784
    outer loop
      vertex -18.079 6.67279 11
      vertex -18.7392 6.11969 7.499
      vertex -18.8128 6.34611 11
    endloop
  endfacet
  facet normal -0 -0.997722 -0.0674553
    outer loop
      vertex -20.0387 14.0576 7.499
      vertex -20.4016 13.8209 11
      vertex -20.4265 14.0576 7.499
    endloop
  endfacet
  facet normal 0 -0.997722 -0.0674553
    outer loop
      vertex -20.4016 13.8209 11
      vertex -20.0387 14.0576 7.499
      vertex -19.5984 13.8209 11
    endloop
  endfacet
  facet normal -0 -0.997722 -0.0674553
    outer loop
      vertex -19.9613 14.0576 7.499
      vertex -19.5984 13.8209 11
      vertex -20.0387 14.0576 7.499
    endloop
  endfacet
  facet normal 0 -0.997722 -0.0674553
    outer loop
      vertex -19.5984 13.8209 11
      vertex -19.9613 14.0576 7.499
      vertex -19.5735 14.0576 7.499
    endloop
  endfacet
  facet normal -0.58644 -0.807178 -0.067474
    outer loop
      vertex -17.96 13.5334 7.499
      vertex -17.4292 12.8551 11
      vertex -18.079 13.3272 11
    endloop
  endfacet
  facet normal -0.586456 -0.807166 -0.0674693
    outer loop
      vertex -17.4292 12.8551 11
      vertex -17.96 13.5334 7.499
      vertex -17.2699 13.032 7.499
    endloop
  endfacet
  facet normal 0.948915 -0.308234 -0.0674739
    outer loop
      vertex -23.5098 11.5627 11
      vertex -23.9908 10.8483 7.499
      vertex -23.7273 11.6595 7.499
    endloop
  endfacet
  facet normal 0.948892 -0.308306 -0.067456
    outer loop
      vertex -23.9908 10.8483 7.499
      vertex -23.5098 11.5627 11
      vertex -23.758 10.7988 11
    endloop
  endfacet
  facet normal 0.58644 0.807178 -0.0674671
    outer loop
      vertex -22.04 6.46662 7.499
      vertex -22.5708 7.14489 11
      vertex -21.921 6.67279 11
    endloop
  endfacet
  facet normal 0.586417 0.807194 -0.0674736
    outer loop
      vertex -22.5708 7.14489 11
      vertex -22.04 6.46662 7.499
      vertex -22.7301 6.96797 7.499
    endloop
  endfacet
  facet normal -0.207457 -0.975916 -0.0674564
    outer loop
      vertex -19.5735 14.0576 7.499
      vertex -18.8128 13.6539 11
      vertex -19.5984 13.8209 11
    endloop
  endfacet
  facet normal -0.207398 -0.975927 -0.0674705
    outer loop
      vertex -18.8128 13.6539 11
      vertex -19.5735 14.0576 7.499
      vertex -18.7392 13.8803 7.499
    endloop
  endfacet
  facet normal -0.864029 0.498899 -0.0674778
    outer loop
      vertex -16.4666 8.0047 7.499
      vertex -16.4902 8.43735 11
      vertex -16.2727 8.34051 7.499
    endloop
  endfacet
  facet normal -0.864114 0.49875 -0.0674907
    outer loop
      vertex -16.8918 7.74177 11
      vertex -16.4666 8.0047 7.499
      vertex -16.5053 7.93765 7.499
    endloop
  endfacet
  facet normal -0.864048 0.498867 -0.0674739
    outer loop
      vertex -16.4666 8.0047 7.499
      vertex -16.8918 7.74177 11
      vertex -16.4902 8.43735 11
    endloop
  endfacet
  facet normal -0.86403 0.498899 -0.067473
    outer loop
      vertex -16.8918 7.74177 11
      vertex -16.5053 7.93765 7.499
      vertex -16.6992 7.60184 7.499
    endloop
  endfacet
  facet normal -0.586417 0.807194 -0.0674736
    outer loop
      vertex -17.96 6.46662 7.499
      vertex -17.4292 7.14489 11
      vertex -17.2699 6.96797 7.499
    endloop
  endfacet
  facet normal -0.58644 0.807178 -0.0674671
    outer loop
      vertex -17.4292 7.14489 11
      vertex -17.96 6.46662 7.499
      vertex -18.079 6.67279 11
    endloop
  endfacet
  facet normal 0.992262 0.104222 -0.0674829
    outer loop
      vertex -23.758 9.20122 11
      vertex -24.08 10 7.499
      vertex -23.8419 10 11
    endloop
  endfacet
  facet normal 0.992252 0.104339 -0.0674553
    outer loop
      vertex -24.08 10 7.499
      vertex -23.758 9.20122 11
      vertex -23.9908 9.15172 7.499
    endloop
  endfacet
  facet normal 0.405788 -0.911473 -0.0674763
    outer loop
      vertex -21.2608 13.8803 7.499
      vertex -21.921 13.3272 11
      vertex -22.04 13.5334 7.499
    endloop
  endfacet
  facet normal 0.405801 -0.911468 -0.0674731
    outer loop
      vertex -21.921 13.3272 11
      vertex -21.2608 13.8803 7.499
      vertex -21.1872 13.6539 11
    endloop
  endfacet
  facet normal 0.864023 -0.49891 -0.067483
    outer loop
      vertex -23.1082 12.2582 11
      vertex -23.4947 12.0624 7.499
      vertex -23.3008 12.3982 7.499
    endloop
  endfacet
  facet normal 0.864272 -0.49847 -0.0675352
    outer loop
      vertex -23.1082 12.2582 11
      vertex -23.5334 11.9953 7.499
      vertex -23.4947 12.0624 7.499
    endloop
  endfacet
  facet normal 0.864023 -0.49891 -0.067472
    outer loop
      vertex -23.5098 11.5627 11
      vertex -23.5334 11.9953 7.499
      vertex -23.1082 12.2582 11
    endloop
  endfacet
  facet normal 0.864023 -0.49891 -0.067472
    outer loop
      vertex -23.5334 11.9953 7.499
      vertex -23.5098 11.5627 11
      vertex -23.7273 11.6595 7.499
    endloop
  endfacet
  facet normal -0.741472 0.667583 -0.0674728
    outer loop
      vertex -16.6992 7.60184 7.499
      vertex -17.4292 7.14489 11
      vertex -16.8918 7.74177 11
    endloop
  endfacet
  facet normal -0.741474 0.66758 -0.0674736
    outer loop
      vertex -17.4292 7.14489 11
      vertex -16.6992 7.60184 7.499
      vertex -17.2699 6.96797 7.499
    endloop
  endfacet
  facet normal -0.948889 0.308317 -0.0674559
    outer loop
      vertex -16.0092 9.15172 7.499
      vertex -16.4902 8.43735 11
      vertex -16.242 9.20122 11
    endloop
  endfacet
  facet normal -0.948916 0.30823 -0.0674773
    outer loop
      vertex -16.4902 8.43735 11
      vertex -16.0092 9.15172 7.499
      vertex -16.2727 8.34051 7.499
    endloop
  endfacet
  facet normal 0.40578 0.911477 -0.0674784
    outer loop
      vertex -21.2608 6.11969 7.499
      vertex -21.921 6.67279 11
      vertex -21.1872 6.34611 11
    endloop
  endfacet
  facet normal 0.405817 0.91146 -0.0674687
    outer loop
      vertex -21.921 6.67279 11
      vertex -21.2608 6.11969 7.499
      vertex -22.04 6.46662 7.499
    endloop
  endfacet
  facet normal 0.992262 -0.10422 -0.0674829
    outer loop
      vertex -24.08 10 7.499
      vertex -23.758 10.7988 11
      vertex -23.8419 10 11
    endloop
  endfacet
  facet normal 0.992252 -0.104337 -0.0674553
    outer loop
      vertex -23.758 10.7988 11
      vertex -24.08 10 7.499
      vertex -23.9908 10.8483 7.499
    endloop
  endfacet
  facet normal -0.405801 -0.911468 -0.0674731
    outer loop
      vertex -18.7392 13.8803 7.499
      vertex -18.079 13.3272 11
      vertex -18.8128 13.6539 11
    endloop
  endfacet
  facet normal -0.405788 -0.911473 -0.0674763
    outer loop
      vertex -18.079 13.3272 11
      vertex -18.7392 13.8803 7.499
      vertex -17.96 13.5334 7.499
    endloop
  endfacet
  facet normal 0.207398 -0.975927 -0.0674705
    outer loop
      vertex -20.4265 14.0576 7.499
      vertex -21.1872 13.6539 11
      vertex -21.2608 13.8803 7.499
    endloop
  endfacet
  facet normal 0.207457 -0.975916 -0.0674564
    outer loop
      vertex -21.1872 13.6539 11
      vertex -20.4265 14.0576 7.499
      vertex -20.4016 13.8209 11
    endloop
  endfacet
  facet normal 0.864029 0.498899 -0.0674778
    outer loop
      vertex -23.5098 8.43735 11
      vertex -23.5334 8.0047 7.499
      vertex -23.7273 8.34051 7.499
    endloop
  endfacet
  facet normal 0.864048 0.498867 -0.0674739
    outer loop
      vertex -23.1082 7.74177 11
      vertex -23.5334 8.0047 7.499
      vertex -23.5098 8.43735 11
    endloop
  endfacet
  facet normal 0.864114 0.49875 -0.0674907
    outer loop
      vertex -23.5334 8.0047 7.499
      vertex -23.1082 7.74177 11
      vertex -23.4947 7.93765 7.499
    endloop
  endfacet
  facet normal 0.86403 0.498899 -0.067473
    outer loop
      vertex -23.4947 7.93765 7.499
      vertex -23.1082 7.74177 11
      vertex -23.3008 7.60184 7.499
    endloop
  endfacet
  facet normal 0.741438 -0.667621 -0.0674702
    outer loop
      vertex -22.5708 12.8551 11
      vertex -23.3008 12.3982 7.499
      vertex -22.7301 13.032 7.499
    endloop
  endfacet
  facet normal 0.741482 -0.66757 -0.0674862
    outer loop
      vertex -23.3008 12.3982 7.499
      vertex -22.5708 12.8551 11
      vertex -23.1082 12.2582 11
    endloop
  endfacet
  facet normal 0.586456 -0.807166 -0.0674693
    outer loop
      vertex -22.04 13.5334 7.499
      vertex -22.5708 12.8551 11
      vertex -22.7301 13.032 7.499
    endloop
  endfacet
  facet normal 0.58644 -0.807178 -0.067474
    outer loop
      vertex -22.5708 12.8551 11
      vertex -22.04 13.5334 7.499
      vertex -21.921 13.3272 11
    endloop
  endfacet
  facet normal 0.948889 0.308317 -0.0674559
    outer loop
      vertex -23.5098 8.43735 11
      vertex -23.9908 9.15172 7.499
      vertex -23.758 9.20122 11
    endloop
  endfacet
  facet normal 0.948916 0.30823 -0.0674773
    outer loop
      vertex -23.9908 9.15172 7.499
      vertex -23.5098 8.43735 11
      vertex -23.7273 8.34051 7.499
    endloop
  endfacet
  facet normal 0 0.997721 -0.0674723
    outer loop
      vertex -19.9613 5.94235 7.499
      vertex -19.5984 6.17911 11
      vertex -19.5735 5.94235 7.499
    endloop
  endfacet
  facet normal 0 0.997721 -0.0674723
    outer loop
      vertex -19.5984 6.17911 11
      vertex -19.9613 5.94235 7.499
      vertex -20.4016 6.17911 11
    endloop
  endfacet
  facet normal 0 0.997721 -0.0674723
    outer loop
      vertex -20.0387 5.94235 7.499
      vertex -20.4016 6.17911 11
      vertex -19.9613 5.94235 7.499
    endloop
  endfacet
  facet normal 0 0.997721 -0.0674723
    outer loop
      vertex -20.4016 6.17911 11
      vertex -20.0387 5.94235 7.499
      vertex -20.4265 5.94235 7.499
    endloop
  endfacet
  facet normal -0.207442 0.975917 -0.0674764
    outer loop
      vertex -19.5735 5.94235 7.499
      vertex -18.8128 6.34611 11
      vertex -18.7392 6.11969 7.499
    endloop
  endfacet
  facet normal -0.207456 0.975915 -0.0674731
    outer loop
      vertex -18.8128 6.34611 11
      vertex -19.5735 5.94235 7.499
      vertex -19.5984 6.17911 11
    endloop
  endfacet
  facet normal 0.741472 0.667583 -0.0674728
    outer loop
      vertex -22.5708 7.14489 11
      vertex -23.3008 7.60184 7.499
      vertex -23.1082 7.74177 11
    endloop
  endfacet
  facet normal 0.741474 0.66758 -0.0674736
    outer loop
      vertex -23.3008 7.60184 7.499
      vertex -22.5708 7.14489 11
      vertex -22.7301 6.96797 7.499
    endloop
  endfacet
  facet normal -0.741438 -0.667621 -0.0674702
    outer loop
      vertex -16.6992 12.3982 7.499
      vertex -17.4292 12.8551 11
      vertex -17.2699 13.032 7.499
    endloop
  endfacet
  facet normal -0.741482 -0.66757 -0.0674862
    outer loop
      vertex -17.4292 12.8551 11
      vertex -16.6992 12.3982 7.499
      vertex -16.8918 12.2582 11
    endloop
  endfacet
  facet normal -0.992262 0.104222 -0.0674829
    outer loop
      vertex -15.92 10 7.499
      vertex -16.242 9.20122 11
      vertex -16.1581 10 11
    endloop
  endfacet
  facet normal -0.992252 0.104339 -0.0674553
    outer loop
      vertex -16.242 9.20122 11
      vertex -15.92 10 7.499
      vertex -16.0092 9.15172 7.499
    endloop
  endfacet
  facet normal -0.864023 -0.49891 -0.067483
    outer loop
      vertex -16.5053 12.0624 7.499
      vertex -16.8918 12.2582 11
      vertex -16.6992 12.3982 7.499
    endloop
  endfacet
  facet normal -0.864272 -0.49847 -0.0675352
    outer loop
      vertex -16.4666 11.9953 7.499
      vertex -16.8918 12.2582 11
      vertex -16.5053 12.0624 7.499
    endloop
  endfacet
  facet normal -0.864023 -0.49891 -0.067472
    outer loop
      vertex -16.4902 11.5627 11
      vertex -16.4666 11.9953 7.499
      vertex -16.2727 11.6595 7.499
    endloop
  endfacet
  facet normal -0.864023 -0.49891 -0.067472
    outer loop
      vertex -16.4666 11.9953 7.499
      vertex -16.4902 11.5627 11
      vertex -16.8918 12.2582 11
    endloop
  endfacet
  facet normal -0.948915 -0.308234 -0.0674739
    outer loop
      vertex -16.0092 10.8483 7.499
      vertex -16.4902 11.5627 11
      vertex -16.2727 11.6595 7.499
    endloop
  endfacet
  facet normal -0.948892 -0.308306 -0.067456
    outer loop
      vertex -16.4902 11.5627 11
      vertex -16.0092 10.8483 7.499
      vertex -16.242 10.7988 11
    endloop
  endfacet
  facet normal 0.207456 0.975915 -0.0674731
    outer loop
      vertex -20.4265 5.94235 7.499
      vertex -21.1872 6.34611 11
      vertex -20.4016 6.17911 11
    endloop
  endfacet
  facet normal 0.207442 0.975917 -0.0674764
    outer loop
      vertex -21.1872 6.34611 11
      vertex -20.4265 5.94235 7.499
      vertex -21.2608 6.11969 7.499
    endloop
  endfacet
  facet normal -0.992252 -0.104339 -0.0674553
    outer loop
      vertex -15.92 -10 7.499
      vertex -16.242 -9.20122 11
      vertex -16.0092 -9.15172 7.499
    endloop
  endfacet
  facet normal -0.992262 -0.104222 -0.0674829
    outer loop
      vertex -16.242 -9.20122 11
      vertex -15.92 -10 7.499
      vertex -16.1581 -10 11
    endloop
  endfacet
  facet normal 0.405817 -0.91146 -0.0674687
    outer loop
      vertex -21.2608 -6.11969 7.499
      vertex -21.921 -6.67279 11
      vertex -22.04 -6.46662 7.499
    endloop
  endfacet
  facet normal 0.40578 -0.911477 -0.0674784
    outer loop
      vertex -21.921 -6.67279 11
      vertex -21.2608 -6.11969 7.499
      vertex -21.1872 -6.34611 11
    endloop
  endfacet
  facet normal -0.58644 -0.807178 -0.0674671
    outer loop
      vertex -17.96 -6.46662 7.499
      vertex -17.4292 -7.14489 11
      vertex -18.079 -6.67279 11
    endloop
  endfacet
  facet normal -0.586417 -0.807194 -0.0674736
    outer loop
      vertex -17.4292 -7.14489 11
      vertex -17.96 -6.46662 7.499
      vertex -17.2699 -6.96797 7.499
    endloop
  endfacet
  facet normal 0.86403 -0.498899 -0.067473
    outer loop
      vertex -23.1082 -7.74177 11
      vertex -23.4947 -7.93765 7.499
      vertex -23.3008 -7.60184 7.499
    endloop
  endfacet
  facet normal 0.864114 -0.49875 -0.0674907
    outer loop
      vertex -23.1082 -7.74177 11
      vertex -23.5334 -8.0047 7.499
      vertex -23.4947 -7.93765 7.499
    endloop
  endfacet
  facet normal 0.864048 -0.498867 -0.0674739
    outer loop
      vertex -23.5098 -8.43735 11
      vertex -23.5334 -8.0047 7.499
      vertex -23.1082 -7.74177 11
    endloop
  endfacet
  facet normal 0.864029 -0.498899 -0.0674778
    outer loop
      vertex -23.5334 -8.0047 7.499
      vertex -23.5098 -8.43735 11
      vertex -23.7273 -8.34051 7.499
    endloop
  endfacet
  facet normal -0 -0.997721 -0.0674723
    outer loop
      vertex -20.0387 -5.94235 7.499
      vertex -20.4016 -6.17911 11
      vertex -20.4265 -5.94235 7.499
    endloop
  endfacet
  facet normal 0 -0.997721 -0.0674723
    outer loop
      vertex -20.4016 -6.17911 11
      vertex -20.0387 -5.94235 7.499
      vertex -19.5984 -6.17911 11
    endloop
  endfacet
  facet normal -0 -0.997721 -0.0674723
    outer loop
      vertex -19.9613 -5.94235 7.499
      vertex -19.5984 -6.17911 11
      vertex -20.0387 -5.94235 7.499
    endloop
  endfacet
  facet normal 0 -0.997721 -0.0674723
    outer loop
      vertex -19.5984 -6.17911 11
      vertex -19.9613 -5.94235 7.499
      vertex -19.5735 -5.94235 7.499
    endloop
  endfacet
  facet normal 0.992262 -0.104222 -0.0674829
    outer loop
      vertex -24.08 -10 7.499
      vertex -23.758 -9.20122 11
      vertex -23.8419 -10 11
    endloop
  endfacet
  facet normal 0.992252 -0.104339 -0.0674553
    outer loop
      vertex -23.758 -9.20122 11
      vertex -24.08 -10 7.499
      vertex -23.9908 -9.15172 7.499
    endloop
  endfacet
  facet normal -0.405788 0.911473 -0.0674763
    outer loop
      vertex -18.7392 -13.8803 7.499
      vertex -18.079 -13.3272 11
      vertex -17.96 -13.5334 7.499
    endloop
  endfacet
  facet normal -0.405801 0.911468 -0.0674731
    outer loop
      vertex -18.079 -13.3272 11
      vertex -18.7392 -13.8803 7.499
      vertex -18.8128 -13.6539 11
    endloop
  endfacet
  facet normal 0.741474 -0.66758 -0.0674736
    outer loop
      vertex -22.5708 -7.14489 11
      vertex -23.3008 -7.60184 7.499
      vertex -22.7301 -6.96797 7.499
    endloop
  endfacet
  facet normal 0.741472 -0.667583 -0.0674728
    outer loop
      vertex -23.3008 -7.60184 7.499
      vertex -22.5708 -7.14489 11
      vertex -23.1082 -7.74177 11
    endloop
  endfacet
  facet normal 0.586417 -0.807194 -0.0674736
    outer loop
      vertex -22.04 -6.46662 7.499
      vertex -22.5708 -7.14489 11
      vertex -22.7301 -6.96797 7.499
    endloop
  endfacet
  facet normal 0.58644 -0.807178 -0.0674671
    outer loop
      vertex -22.5708 -7.14489 11
      vertex -22.04 -6.46662 7.499
      vertex -21.921 -6.67279 11
    endloop
  endfacet
  facet normal 0.864023 0.49891 -0.067472
    outer loop
      vertex -23.5098 -11.5627 11
      vertex -23.5334 -11.9953 7.499
      vertex -23.7273 -11.6595 7.499
    endloop
  endfacet
  facet normal 0.864023 0.49891 -0.067472
    outer loop
      vertex -23.1082 -12.2582 11
      vertex -23.5334 -11.9953 7.499
      vertex -23.5098 -11.5627 11
    endloop
  endfacet
  facet normal 0.864272 0.49847 -0.0675352
    outer loop
      vertex -23.5334 -11.9953 7.499
      vertex -23.1082 -12.2582 11
      vertex -23.4947 -12.0624 7.499
    endloop
  endfacet
  facet normal 0.864023 0.49891 -0.067483
    outer loop
      vertex -23.4947 -12.0624 7.499
      vertex -23.1082 -12.2582 11
      vertex -23.3008 -12.3982 7.499
    endloop
  endfacet
  facet normal -0.40578 -0.911477 -0.0674784
    outer loop
      vertex -18.7392 -6.11969 7.499
      vertex -18.079 -6.67279 11
      vertex -18.8128 -6.34611 11
    endloop
  endfacet
  facet normal -0.405817 -0.91146 -0.0674687
    outer loop
      vertex -18.079 -6.67279 11
      vertex -18.7392 -6.11969 7.499
      vertex -17.96 -6.46662 7.499
    endloop
  endfacet
  facet normal -0.948892 0.308306 -0.067456
    outer loop
      vertex -16.0092 -10.8483 7.499
      vertex -16.4902 -11.5627 11
      vertex -16.242 -10.7988 11
    endloop
  endfacet
  facet normal -0.948915 0.308234 -0.0674739
    outer loop
      vertex -16.4902 -11.5627 11
      vertex -16.0092 -10.8483 7.499
      vertex -16.2727 -11.6595 7.499
    endloop
  endfacet
  facet normal 0.948892 0.308306 -0.067456
    outer loop
      vertex -23.5098 -11.5627 11
      vertex -23.9908 -10.8483 7.499
      vertex -23.758 -10.7988 11
    endloop
  endfacet
  facet normal 0.948915 0.308234 -0.0674739
    outer loop
      vertex -23.9908 -10.8483 7.499
      vertex -23.5098 -11.5627 11
      vertex -23.7273 -11.6595 7.499
    endloop
  endfacet
  facet normal 0.948916 -0.30823 -0.0674773
    outer loop
      vertex -23.5098 -8.43735 11
      vertex -23.9908 -9.15172 7.499
      vertex -23.7273 -8.34051 7.499
    endloop
  endfacet
  facet normal 0.948889 -0.308317 -0.0674559
    outer loop
      vertex -23.9908 -9.15172 7.499
      vertex -23.5098 -8.43735 11
      vertex -23.758 -9.20122 11
    endloop
  endfacet
  facet normal -0.207398 0.975927 -0.0674705
    outer loop
      vertex -19.5735 -14.0576 7.499
      vertex -18.8128 -13.6539 11
      vertex -18.7392 -13.8803 7.499
    endloop
  endfacet
  facet normal -0.207457 0.975916 -0.0674564
    outer loop
      vertex -18.8128 -13.6539 11
      vertex -19.5735 -14.0576 7.499
      vertex -19.5984 -13.8209 11
    endloop
  endfacet
  facet normal 0 0.997722 -0.0674553
    outer loop
      vertex -19.9613 -14.0576 7.499
      vertex -19.5984 -13.8209 11
      vertex -19.5735 -14.0576 7.499
    endloop
  endfacet
  facet normal 0 0.997722 -0.0674553
    outer loop
      vertex -19.5984 -13.8209 11
      vertex -19.9613 -14.0576 7.499
      vertex -20.4016 -13.8209 11
    endloop
  endfacet
  facet normal 0 0.997722 -0.0674553
    outer loop
      vertex -20.0387 -14.0576 7.499
      vertex -20.4016 -13.8209 11
      vertex -19.9613 -14.0576 7.499
    endloop
  endfacet
  facet normal 0 0.997722 -0.0674553
    outer loop
      vertex -20.4016 -13.8209 11
      vertex -20.0387 -14.0576 7.499
      vertex -20.4265 -14.0576 7.499
    endloop
  endfacet
  facet normal 0.207442 -0.975917 -0.0674764
    outer loop
      vertex -20.4265 -5.94235 7.499
      vertex -21.1872 -6.34611 11
      vertex -21.2608 -6.11969 7.499
    endloop
  endfacet
  facet normal 0.207456 -0.975915 -0.0674731
    outer loop
      vertex -21.1872 -6.34611 11
      vertex -20.4265 -5.94235 7.499
      vertex -20.4016 -6.17911 11
    endloop
  endfacet
  facet normal 0.58644 0.807178 -0.067474
    outer loop
      vertex -22.04 -13.5334 7.499
      vertex -22.5708 -12.8551 11
      vertex -21.921 -13.3272 11
    endloop
  endfacet
  facet normal 0.586456 0.807166 -0.0674693
    outer loop
      vertex -22.5708 -12.8551 11
      vertex -22.04 -13.5334 7.499
      vertex -22.7301 -13.032 7.499
    endloop
  endfacet
  facet normal 0.741482 0.66757 -0.0674862
    outer loop
      vertex -22.5708 -12.8551 11
      vertex -23.3008 -12.3982 7.499
      vertex -23.1082 -12.2582 11
    endloop
  endfacet
  facet normal 0.741438 0.667621 -0.0674702
    outer loop
      vertex -23.3008 -12.3982 7.499
      vertex -22.5708 -12.8551 11
      vertex -22.7301 -13.032 7.499
    endloop
  endfacet
  facet normal -0.207456 -0.975915 -0.0674731
    outer loop
      vertex -19.5735 -5.94235 7.499
      vertex -18.8128 -6.34611 11
      vertex -19.5984 -6.17911 11
    endloop
  endfacet
  facet normal -0.207442 -0.975917 -0.0674764
    outer loop
      vertex -18.8128 -6.34611 11
      vertex -19.5735 -5.94235 7.499
      vertex -18.7392 -6.11969 7.499
    endloop
  endfacet
  facet normal -0.741482 0.66757 -0.0674862
    outer loop
      vertex -16.6992 -12.3982 7.499
      vertex -17.4292 -12.8551 11
      vertex -16.8918 -12.2582 11
    endloop
  endfacet
  facet normal -0.741438 0.667621 -0.0674702
    outer loop
      vertex -17.4292 -12.8551 11
      vertex -16.6992 -12.3982 7.499
      vertex -17.2699 -13.032 7.499
    endloop
  endfacet
  facet normal -0.586456 0.807166 -0.0674693
    outer loop
      vertex -17.96 -13.5334 7.499
      vertex -17.4292 -12.8551 11
      vertex -17.2699 -13.032 7.499
    endloop
  endfacet
  facet normal -0.58644 0.807178 -0.067474
    outer loop
      vertex -17.4292 -12.8551 11
      vertex -17.96 -13.5334 7.499
      vertex -18.079 -13.3272 11
    endloop
  endfacet
  facet normal 0.207457 0.975916 -0.0674564
    outer loop
      vertex -20.4265 -14.0576 7.499
      vertex -21.1872 -13.6539 11
      vertex -20.4016 -13.8209 11
    endloop
  endfacet
  facet normal 0.207398 0.975927 -0.0674705
    outer loop
      vertex -21.1872 -13.6539 11
      vertex -20.4265 -14.0576 7.499
      vertex -21.2608 -13.8803 7.499
    endloop
  endfacet
  facet normal -0.864023 0.49891 -0.067472
    outer loop
      vertex -16.4666 -11.9953 7.499
      vertex -16.4902 -11.5627 11
      vertex -16.2727 -11.6595 7.499
    endloop
  endfacet
  facet normal -0.864272 0.49847 -0.0675352
    outer loop
      vertex -16.8918 -12.2582 11
      vertex -16.4666 -11.9953 7.499
      vertex -16.5053 -12.0624 7.499
    endloop
  endfacet
  facet normal -0.864023 0.49891 -0.067472
    outer loop
      vertex -16.4666 -11.9953 7.499
      vertex -16.8918 -12.2582 11
      vertex -16.4902 -11.5627 11
    endloop
  endfacet
  facet normal -0.864023 0.49891 -0.067483
    outer loop
      vertex -16.8918 -12.2582 11
      vertex -16.5053 -12.0624 7.499
      vertex -16.6992 -12.3982 7.499
    endloop
  endfacet
  facet normal -0.741474 -0.66758 -0.0674736
    outer loop
      vertex -16.6992 -7.60184 7.499
      vertex -17.4292 -7.14489 11
      vertex -17.2699 -6.96797 7.499
    endloop
  endfacet
  facet normal -0.741472 -0.667583 -0.0674728
    outer loop
      vertex -17.4292 -7.14489 11
      vertex -16.6992 -7.60184 7.499
      vertex -16.8918 -7.74177 11
    endloop
  endfacet
  facet normal -0.992262 0.10422 -0.0674829
    outer loop
      vertex -15.92 -10 7.499
      vertex -16.242 -10.7988 11
      vertex -16.1581 -10 11
    endloop
  endfacet
  facet normal -0.992252 0.104337 -0.0674553
    outer loop
      vertex -16.242 -10.7988 11
      vertex -15.92 -10 7.499
      vertex -16.0092 -10.8483 7.499
    endloop
  endfacet
  facet normal -0.86403 -0.498899 -0.067473
    outer loop
      vertex -16.5053 -7.93765 7.499
      vertex -16.8918 -7.74177 11
      vertex -16.6992 -7.60184 7.499
    endloop
  endfacet
  facet normal -0.864114 -0.49875 -0.0674907
    outer loop
      vertex -16.4666 -8.0047 7.499
      vertex -16.8918 -7.74177 11
      vertex -16.5053 -7.93765 7.499
    endloop
  endfacet
  facet normal -0.864029 -0.498899 -0.0674778
    outer loop
      vertex -16.4902 -8.43735 11
      vertex -16.4666 -8.0047 7.499
      vertex -16.2727 -8.34051 7.499
    endloop
  endfacet
  facet normal -0.864048 -0.498867 -0.0674739
    outer loop
      vertex -16.4666 -8.0047 7.499
      vertex -16.4902 -8.43735 11
      vertex -16.8918 -7.74177 11
    endloop
  endfacet
  facet normal -0.948916 -0.30823 -0.0674773
    outer loop
      vertex -16.0092 -9.15172 7.499
      vertex -16.4902 -8.43735 11
      vertex -16.2727 -8.34051 7.499
    endloop
  endfacet
  facet normal -0.948889 -0.308317 -0.0674559
    outer loop
      vertex -16.4902 -8.43735 11
      vertex -16.0092 -9.15172 7.499
      vertex -16.242 -9.20122 11
    endloop
  endfacet
  facet normal 0.405801 0.911468 -0.0674731
    outer loop
      vertex -21.2608 -13.8803 7.499
      vertex -21.921 -13.3272 11
      vertex -21.1872 -13.6539 11
    endloop
  endfacet
  facet normal 0.405788 0.911473 -0.0674763
    outer loop
      vertex -21.921 -13.3272 11
      vertex -21.2608 -13.8803 7.499
      vertex -22.04 -13.5334 7.499
    endloop
  endfacet
  facet normal 0.992262 0.10422 -0.0674829
    outer loop
      vertex -23.758 -10.7988 11
      vertex -24.08 -10 7.499
      vertex -23.8419 -10 11
    endloop
  endfacet
  facet normal 0.992252 0.104337 -0.0674553
    outer loop
      vertex -24.08 -10 7.499
      vertex -23.758 -10.7988 11
      vertex -23.9908 -10.8483 7.499
    endloop
  endfacet
  facet normal -0.207897 0.978151 0
    outer loop
      vertex 20.788 7.57481 -1.5005
      vertex 20.2665 7.46397 2.499
      vertex 20.788 7.57481 2.499
    endloop
  endfacet
  facet normal -0.207897 0.978151 0
    outer loop
      vertex 20.2665 7.46397 2.499
      vertex 20.788 7.57481 -1.5005
      vertex 20.2665 7.46397 -1.5005
    endloop
  endfacet
  facet normal -0.95102 -0.309128 0
    outer loop
      vertex 22.4943 10.5302 -1.5005
      vertex 22.3295 11.0372 2.499
      vertex 22.3295 11.0372 -1.5005
    endloop
  endfacet
  facet normal -0.95102 -0.309128 0
    outer loop
      vertex 22.3295 11.0372 2.499
      vertex 22.4943 10.5302 -1.5005
      vertex 22.4943 10.5302 2.499
    endloop
  endfacet
  facet normal -0.994527 -0.10448 0
    outer loop
      vertex 22.55 10 -1.5005
      vertex 22.4943 10.5302 2.499
      vertex 22.4943 10.5302 -1.5005
    endloop
  endfacet
  facet normal -0.994527 -0.10448 0
    outer loop
      vertex 22.4943 10.5302 2.499
      vertex 22.55 10 -1.5005
      vertex 22.55 10 2.499
    endloop
  endfacet
  facet normal -0.866076 -0.499912 0
    outer loop
      vertex 22.3295 11.0372 -1.5005
      vertex 22.063 11.4989 2.499
      vertex 22.063 11.4989 -1.5005
    endloop
  endfacet
  facet normal -0.866076 -0.499912 0
    outer loop
      vertex 22.063 11.4989 2.499
      vertex 22.3295 11.0372 -1.5005
      vertex 22.3295 11.0372 2.499
    endloop
  endfacet
  facet normal -0.994527 0.104484 0
    outer loop
      vertex 22.4943 9.46982 -1.5005
      vertex 22.55 10 2.499
      vertex 22.55 10 -1.5005
    endloop
  endfacet
  facet normal -0.994527 0.104484 0
    outer loop
      vertex 22.55 10 2.499
      vertex 22.4943 9.46982 -1.5005
      vertex 22.4943 9.46982 2.499
    endloop
  endfacet
  facet normal 0.406695 -0.913564 0
    outer loop
      vertex 18.725 12.2084 -1.5005
      vertex 19.212 12.4252 2.499
      vertex 18.725 12.2084 2.499
    endloop
  endfacet
  facet normal 0.406695 -0.913564 0
    outer loop
      vertex 19.212 12.4252 2.499
      vertex 18.725 12.2084 -1.5005
      vertex 19.212 12.4252 -1.5005
    endloop
  endfacet
  facet normal -0.587837 -0.808979 0
    outer loop
      vertex 21.275 12.2084 -1.5005
      vertex 21.7063 11.895 2.499
      vertex 21.275 12.2084 2.499
    endloop
  endfacet
  facet normal -0.587837 -0.808979 -0
    outer loop
      vertex 21.7063 11.895 2.499
      vertex 21.275 12.2084 -1.5005
      vertex 21.7063 11.895 -1.5005
    endloop
  endfacet
  facet normal 0.994527 -0.10448 0
    outer loop
      vertex 17.45 10 2.499
      vertex 17.5057 10.5302 -1.5005
      vertex 17.5057 10.5302 2.499
    endloop
  endfacet
  facet normal 0.994527 -0.10448 0
    outer loop
      vertex 17.5057 10.5302 -1.5005
      vertex 17.45 10 2.499
      vertex 17.45 10 -1.5005
    endloop
  endfacet
  facet normal 0 -1 0
    outer loop
      vertex 19.7335 12.536 -1.5005
      vertex 20.2665 12.536 2.499
      vertex 19.7335 12.536 2.499
    endloop
  endfacet
  facet normal 0 -1 -0
    outer loop
      vertex 20.2665 12.536 2.499
      vertex 19.7335 12.536 -1.5005
      vertex 20.2665 12.536 -1.5005
    endloop
  endfacet
  facet normal 0.743098 -0.669182 0
    outer loop
      vertex 17.937 11.4989 2.499
      vertex 18.2937 11.895 -1.5005
      vertex 18.2937 11.895 2.499
    endloop
  endfacet
  facet normal 0.743098 -0.669182 0
    outer loop
      vertex 18.2937 11.895 -1.5005
      vertex 17.937 11.4989 2.499
      vertex 17.937 11.4989 -1.5005
    endloop
  endfacet
  facet normal -0.95102 0.309128 0
    outer loop
      vertex 22.3295 8.96282 -1.5005
      vertex 22.4943 9.46982 2.499
      vertex 22.4943 9.46982 -1.5005
    endloop
  endfacet
  facet normal -0.95102 0.309128 0
    outer loop
      vertex 22.4943 9.46982 2.499
      vertex 22.3295 8.96282 -1.5005
      vertex 22.3295 8.96282 2.499
    endloop
  endfacet
  facet normal -0.743157 0.669117 0
    outer loop
      vertex 21.7063 8.10498 -1.5005
      vertex 22.063 8.50115 2.499
      vertex 22.063 8.50115 -1.5005
    endloop
  endfacet
  facet normal -0.743157 0.669117 0
    outer loop
      vertex 22.063 8.50115 2.499
      vertex 21.7063 8.10498 -1.5005
      vertex 21.7063 8.10498 2.499
    endloop
  endfacet
  facet normal -0.866062 0.499936 0
    outer loop
      vertex 22.063 8.50115 -1.5005
      vertex 22.3295 8.96282 2.499
      vertex 22.3295 8.96282 -1.5005
    endloop
  endfacet
  facet normal -0.866062 0.499936 0
    outer loop
      vertex 22.3295 8.96282 2.499
      vertex 22.063 8.50115 -1.5005
      vertex 22.063 8.50115 2.499
    endloop
  endfacet
  facet normal 0.866076 -0.499912 0
    outer loop
      vertex 17.6705 11.0372 2.499
      vertex 17.937 11.4989 -1.5005
      vertex 17.937 11.4989 2.499
    endloop
  endfacet
  facet normal 0.866076 -0.499912 0
    outer loop
      vertex 17.937 11.4989 -1.5005
      vertex 17.6705 11.0372 2.499
      vertex 17.6705 11.0372 -1.5005
    endloop
  endfacet
  facet normal 0.406727 0.91355 -0
    outer loop
      vertex 19.212 7.57481 -1.5005
      vertex 18.725 7.79163 2.499
      vertex 19.212 7.57481 2.499
    endloop
  endfacet
  facet normal 0.406727 0.91355 0
    outer loop
      vertex 18.725 7.79163 2.499
      vertex 19.212 7.57481 -1.5005
      vertex 18.725 7.79163 -1.5005
    endloop
  endfacet
  facet normal -0.406727 0.91355 0
    outer loop
      vertex 21.275 7.79163 -1.5005
      vertex 20.788 7.57481 2.499
      vertex 21.275 7.79163 2.499
    endloop
  endfacet
  facet normal -0.406727 0.91355 0
    outer loop
      vertex 20.788 7.57481 2.499
      vertex 21.275 7.79163 -1.5005
      vertex 20.788 7.57481 -1.5005
    endloop
  endfacet
  facet normal -0.743098 -0.669182 0
    outer loop
      vertex 22.063 11.4989 -1.5005
      vertex 21.7063 11.895 2.499
      vertex 21.7063 11.895 -1.5005
    endloop
  endfacet
  facet normal -0.743098 -0.669182 0
    outer loop
      vertex 21.7063 11.895 2.499
      vertex 22.063 11.4989 -1.5005
      vertex 22.063 11.4989 2.499
    endloop
  endfacet
  facet normal 0.587776 0.809024 -0
    outer loop
      vertex 18.725 7.79163 -1.5005
      vertex 18.2937 8.10498 2.499
      vertex 18.725 7.79163 2.499
    endloop
  endfacet
  facet normal 0.587776 0.809024 0
    outer loop
      vertex 18.2937 8.10498 2.499
      vertex 18.725 7.79163 -1.5005
      vertex 18.2937 8.10498 -1.5005
    endloop
  endfacet
  facet normal -0.406695 -0.913564 0
    outer loop
      vertex 20.788 12.4252 -1.5005
      vertex 21.275 12.2084 2.499
      vertex 20.788 12.4252 2.499
    endloop
  endfacet
  facet normal -0.406695 -0.913564 -0
    outer loop
      vertex 21.275 12.2084 2.499
      vertex 20.788 12.4252 -1.5005
      vertex 21.275 12.2084 -1.5005
    endloop
  endfacet
  facet normal -0.207825 -0.978166 0
    outer loop
      vertex 20.2665 12.536 -1.5005
      vertex 20.788 12.4252 2.499
      vertex 20.2665 12.536 2.499
    endloop
  endfacet
  facet normal -0.207825 -0.978166 -0
    outer loop
      vertex 20.788 12.4252 2.499
      vertex 20.2665 12.536 -1.5005
      vertex 20.788 12.4252 -1.5005
    endloop
  endfacet
  facet normal 0.743157 0.669117 0
    outer loop
      vertex 18.2937 8.10498 2.499
      vertex 17.937 8.50115 -1.5005
      vertex 17.937 8.50115 2.499
    endloop
  endfacet
  facet normal 0.743157 0.669117 0
    outer loop
      vertex 17.937 8.50115 -1.5005
      vertex 18.2937 8.10498 2.499
      vertex 18.2937 8.10498 -1.5005
    endloop
  endfacet
  facet normal -0.587776 0.809024 0
    outer loop
      vertex 21.7063 8.10498 -1.5005
      vertex 21.275 7.79163 2.499
      vertex 21.7063 8.10498 2.499
    endloop
  endfacet
  facet normal -0.587776 0.809024 0
    outer loop
      vertex 21.275 7.79163 2.499
      vertex 21.7063 8.10498 -1.5005
      vertex 21.275 7.79163 -1.5005
    endloop
  endfacet
  facet normal 0.587837 -0.808979 0
    outer loop
      vertex 18.2937 11.895 -1.5005
      vertex 18.725 12.2084 2.499
      vertex 18.2937 11.895 2.499
    endloop
  endfacet
  facet normal 0.587837 -0.808979 0
    outer loop
      vertex 18.725 12.2084 2.499
      vertex 18.2937 11.895 -1.5005
      vertex 18.725 12.2084 -1.5005
    endloop
  endfacet
  facet normal 0.994527 0.104484 0
    outer loop
      vertex 17.5057 9.46982 2.499
      vertex 17.45 10 -1.5005
      vertex 17.45 10 2.499
    endloop
  endfacet
  facet normal 0.994527 0.104484 0
    outer loop
      vertex 17.45 10 -1.5005
      vertex 17.5057 9.46982 2.499
      vertex 17.5057 9.46982 -1.5005
    endloop
  endfacet
  facet normal 0 1 -0
    outer loop
      vertex 20.2665 7.46397 -1.5005
      vertex 19.7335 7.46397 2.499
      vertex 20.2665 7.46397 2.499
    endloop
  endfacet
  facet normal 0 1 0
    outer loop
      vertex 19.7335 7.46397 2.499
      vertex 20.2665 7.46397 -1.5005
      vertex 19.7335 7.46397 -1.5005
    endloop
  endfacet
  facet normal 0 0 1
    outer loop
      vertex 23.5334 12.04 2.499
      vertex 22.55 10 2.499
      vertex 23.5334 7.96 2.499
    endloop
  endfacet
  facet normal 0 0 1
    outer loop
      vertex 23.5334 12.04 2.499
      vertex 22.4943 10.5302 2.499
      vertex 22.55 10 2.499
    endloop
  endfacet
  facet normal 0 0 1
    outer loop
      vertex 23.5334 12.04 2.499
      vertex 22.3295 11.0372 2.499
      vertex 22.4943 10.5302 2.499
    endloop
  endfacet
  facet normal 0 0 1
    outer loop
      vertex 23.5334 12.04 2.499
      vertex 22.063 11.4989 2.499
      vertex 22.3295 11.0372 2.499
    endloop
  endfacet
  facet normal 0 0 1
    outer loop
      vertex 23.5334 12.04 2.499
      vertex 21.7063 11.895 2.499
      vertex 22.063 11.4989 2.499
    endloop
  endfacet
  facet normal 0 0 1
    outer loop
      vertex 23.5334 12.04 2.499
      vertex 21.275 12.2084 2.499
      vertex 21.7063 11.895 2.499
    endloop
  endfacet
  facet normal 0 0 1
    outer loop
      vertex 20 14.08 2.499
      vertex 21.275 12.2084 2.499
      vertex 23.5334 12.04 2.499
    endloop
  endfacet
  facet normal 0 0 1
    outer loop
      vertex 21.275 12.2084 2.499
      vertex 20 14.08 2.499
      vertex 20.788 12.4252 2.499
    endloop
  endfacet
  facet normal 0 0 1
    outer loop
      vertex 20.788 12.4252 2.499
      vertex 20 14.08 2.499
      vertex 20.2665 12.536 2.499
    endloop
  endfacet
  facet normal 0 0 1
    outer loop
      vertex 20 14.08 2.499
      vertex 19.7335 12.536 2.499
      vertex 20.2665 12.536 2.499
    endloop
  endfacet
  facet normal 0 0 1
    outer loop
      vertex 20 14.08 2.499
      vertex 19.212 12.4252 2.499
      vertex 19.7335 12.536 2.499
    endloop
  endfacet
  facet normal 0 0 1
    outer loop
      vertex 20 14.08 2.499
      vertex 18.725 12.2084 2.499
      vertex 19.212 12.4252 2.499
    endloop
  endfacet
  facet normal 0 0 1
    outer loop
      vertex 16.4666 12.04 2.499
      vertex 18.725 12.2084 2.499
      vertex 20 14.08 2.499
    endloop
  endfacet
  facet normal 0 0 1
    outer loop
      vertex 18.725 12.2084 2.499
      vertex 16.4666 12.04 2.499
      vertex 18.2937 11.895 2.499
    endloop
  endfacet
  facet normal 0 0 1
    outer loop
      vertex 17.5057 10.5302 2.499
      vertex 16.4666 12.04 2.499
      vertex 17.45 10 2.499
    endloop
  endfacet
  facet normal 0 0 1
    outer loop
      vertex 17.6705 11.0372 2.499
      vertex 16.4666 12.04 2.499
      vertex 17.5057 10.5302 2.499
    endloop
  endfacet
  facet normal 0 0 1
    outer loop
      vertex 17.937 11.4989 2.499
      vertex 16.4666 12.04 2.499
      vertex 17.6705 11.0372 2.499
    endloop
  endfacet
  facet normal 0 0 1
    outer loop
      vertex 18.2937 11.895 2.499
      vertex 16.4666 12.04 2.499
      vertex 17.937 11.4989 2.499
    endloop
  endfacet
  facet normal -0 0 1
    outer loop
      vertex 22.4943 9.46982 2.499
      vertex 23.5334 7.96 2.499
      vertex 22.55 10 2.499
    endloop
  endfacet
  facet normal -0 0 1
    outer loop
      vertex 22.3295 8.96282 2.499
      vertex 23.5334 7.96 2.499
      vertex 22.4943 9.46982 2.499
    endloop
  endfacet
  facet normal -0 0 1
    outer loop
      vertex 22.063 8.50115 2.499
      vertex 23.5334 7.96 2.499
      vertex 22.3295 8.96282 2.499
    endloop
  endfacet
  facet normal -0 0 1
    outer loop
      vertex 21.7063 8.10498 2.499
      vertex 23.5334 7.96 2.499
      vertex 22.063 8.50115 2.499
    endloop
  endfacet
  facet normal 0 0 1
    outer loop
      vertex 21.275 7.79163 2.499
      vertex 23.5334 7.96 2.499
      vertex 21.7063 8.10498 2.499
    endloop
  endfacet
  facet normal 0 0 1
    outer loop
      vertex 20 5.92 2.499
      vertex 21.275 7.79163 2.499
      vertex 20.788 7.57481 2.499
    endloop
  endfacet
  facet normal 0 0 1
    outer loop
      vertex 20 5.92 2.499
      vertex 20.788 7.57481 2.499
      vertex 20.2665 7.46397 2.499
    endloop
  endfacet
  facet normal -0 0 1
    outer loop
      vertex 21.275 7.79163 2.499
      vertex 20 5.92 2.499
      vertex 23.5334 7.96 2.499
    endloop
  endfacet
  facet normal -0 0 1
    outer loop
      vertex 19.7335 7.46397 2.499
      vertex 20 5.92 2.499
      vertex 20.2665 7.46397 2.499
    endloop
  endfacet
  facet normal 0 0 1
    outer loop
      vertex 19.212 7.57481 2.499
      vertex 20 5.92 2.499
      vertex 19.7335 7.46397 2.499
    endloop
  endfacet
  facet normal 0 0 1
    outer loop
      vertex 18.725 7.79163 2.499
      vertex 20 5.92 2.499
      vertex 19.212 7.57481 2.499
    endloop
  endfacet
  facet normal -0 0 1
    outer loop
      vertex 16.4666 7.96 2.499
      vertex 18.725 7.79163 2.499
      vertex 18.2937 8.10498 2.499
    endloop
  endfacet
  facet normal 0 0 1
    outer loop
      vertex 16.4666 7.96 2.499
      vertex 18.2937 8.10498 2.499
      vertex 17.937 8.50115 2.499
    endloop
  endfacet
  facet normal 0 0 1
    outer loop
      vertex 16.4666 7.96 2.499
      vertex 17.45 10 2.499
      vertex 16.4666 12.04 2.499
    endloop
  endfacet
  facet normal 0 0 1
    outer loop
      vertex 17.45 10 2.499
      vertex 16.4666 7.96 2.499
      vertex 17.5057 9.46982 2.499
    endloop
  endfacet
  facet normal 0 0 1
    outer loop
      vertex 18.725 7.79163 2.499
      vertex 16.4666 7.96 2.499
      vertex 20 5.92 2.499
    endloop
  endfacet
  facet normal 0 0 1
    outer loop
      vertex 17.6705 8.96282 2.499
      vertex 16.4666 7.96 2.499
      vertex 17.937 8.50115 2.499
    endloop
  endfacet
  facet normal 0 0 1
    outer loop
      vertex 17.5057 9.46982 2.499
      vertex 16.4666 7.96 2.499
      vertex 17.6705 8.96282 2.499
    endloop
  endfacet
  facet normal 0.95102 0.309128 0
    outer loop
      vertex 17.6705 8.96282 2.499
      vertex 17.5057 9.46982 -1.5005
      vertex 17.5057 9.46982 2.499
    endloop
  endfacet
  facet normal 0.95102 0.309128 0
    outer loop
      vertex 17.5057 9.46982 -1.5005
      vertex 17.6705 8.96282 2.499
      vertex 17.6705 8.96282 -1.5005
    endloop
  endfacet
  facet normal 0.207825 -0.978166 0
    outer loop
      vertex 19.212 12.4252 -1.5005
      vertex 19.7335 12.536 2.499
      vertex 19.212 12.4252 2.499
    endloop
  endfacet
  facet normal 0.207825 -0.978166 0
    outer loop
      vertex 19.7335 12.536 2.499
      vertex 19.212 12.4252 -1.5005
      vertex 19.7335 12.536 -1.5005
    endloop
  endfacet
  facet normal 0.866062 0.499936 0
    outer loop
      vertex 17.937 8.50115 2.499
      vertex 17.6705 8.96282 -1.5005
      vertex 17.6705 8.96282 2.499
    endloop
  endfacet
  facet normal 0.866062 0.499936 0
    outer loop
      vertex 17.6705 8.96282 -1.5005
      vertex 17.937 8.50115 2.499
      vertex 17.937 8.50115 -1.5005
    endloop
  endfacet
  facet normal 0.95102 -0.309128 0
    outer loop
      vertex 17.5057 10.5302 2.499
      vertex 17.6705 11.0372 -1.5005
      vertex 17.6705 11.0372 2.499
    endloop
  endfacet
  facet normal 0.95102 -0.309128 0
    outer loop
      vertex 17.6705 11.0372 -1.5005
      vertex 17.5057 10.5302 2.499
      vertex 17.5057 10.5302 -1.5005
    endloop
  endfacet
  facet normal 0.207897 0.978151 -0
    outer loop
      vertex 19.7335 7.46397 -1.5005
      vertex 19.212 7.57481 2.499
      vertex 19.7335 7.46397 2.499
    endloop
  endfacet
  facet normal 0.207897 0.978151 0
    outer loop
      vertex 19.212 7.57481 2.499
      vertex 19.7335 7.46397 -1.5005
      vertex 19.212 7.57481 -1.5005
    endloop
  endfacet
  facet normal 0.866076 0.499912 0
    outer loop
      vertex 17.937 -11.4989 2.499
      vertex 17.6705 -11.0372 -1.5005
      vertex 17.6705 -11.0372 2.499
    endloop
  endfacet
  facet normal 0.866076 0.499912 0
    outer loop
      vertex 17.6705 -11.0372 -1.5005
      vertex 17.937 -11.4989 2.499
      vertex 17.937 -11.4989 -1.5005
    endloop
  endfacet
  facet normal -0.95102 -0.309128 0
    outer loop
      vertex 22.4943 -9.46982 -1.5005
      vertex 22.3295 -8.96282 2.499
      vertex 22.3295 -8.96282 -1.5005
    endloop
  endfacet
  facet normal -0.95102 -0.309128 0
    outer loop
      vertex 22.3295 -8.96282 2.499
      vertex 22.4943 -9.46982 -1.5005
      vertex 22.4943 -9.46982 2.499
    endloop
  endfacet
  facet normal -0.994527 -0.104484 0
    outer loop
      vertex 22.55 -10 -1.5005
      vertex 22.4943 -9.46982 2.499
      vertex 22.4943 -9.46982 -1.5005
    endloop
  endfacet
  facet normal -0.994527 -0.104484 0
    outer loop
      vertex 22.4943 -9.46982 2.499
      vertex 22.55 -10 -1.5005
      vertex 22.55 -10 2.499
    endloop
  endfacet
  facet normal -0.866062 -0.499936 0
    outer loop
      vertex 22.3295 -8.96282 -1.5005
      vertex 22.063 -8.50115 2.499
      vertex 22.063 -8.50115 -1.5005
    endloop
  endfacet
  facet normal -0.866062 -0.499936 0
    outer loop
      vertex 22.063 -8.50115 2.499
      vertex 22.3295 -8.96282 -1.5005
      vertex 22.3295 -8.96282 2.499
    endloop
  endfacet
  facet normal -0.207825 0.978166 0
    outer loop
      vertex 20.788 -12.4252 -1.5005
      vertex 20.2665 -12.536 2.499
      vertex 20.788 -12.4252 2.499
    endloop
  endfacet
  facet normal -0.207825 0.978166 0
    outer loop
      vertex 20.2665 -12.536 2.499
      vertex 20.788 -12.4252 -1.5005
      vertex 20.2665 -12.536 -1.5005
    endloop
  endfacet
  facet normal 0.207897 -0.978151 0
    outer loop
      vertex 19.212 -7.57481 -1.5005
      vertex 19.7335 -7.46397 2.499
      vertex 19.212 -7.57481 2.499
    endloop
  endfacet
  facet normal 0.207897 -0.978151 0
    outer loop
      vertex 19.7335 -7.46397 2.499
      vertex 19.212 -7.57481 -1.5005
      vertex 19.7335 -7.46397 -1.5005
    endloop
  endfacet
  facet normal -0.406727 -0.91355 0
    outer loop
      vertex 20.788 -7.57481 -1.5005
      vertex 21.275 -7.79163 2.499
      vertex 20.788 -7.57481 2.499
    endloop
  endfacet
  facet normal -0.406727 -0.91355 -0
    outer loop
      vertex 21.275 -7.79163 2.499
      vertex 20.788 -7.57481 -1.5005
      vertex 21.275 -7.79163 -1.5005
    endloop
  endfacet
  facet normal 0.994527 0.10448 0
    outer loop
      vertex 17.5057 -10.5302 2.499
      vertex 17.45 -10 -1.5005
      vertex 17.45 -10 2.499
    endloop
  endfacet
  facet normal 0.994527 0.10448 0
    outer loop
      vertex 17.45 -10 -1.5005
      vertex 17.5057 -10.5302 2.499
      vertex 17.5057 -10.5302 -1.5005
    endloop
  endfacet
  facet normal -0.994527 0.10448 0
    outer loop
      vertex 22.4943 -10.5302 -1.5005
      vertex 22.55 -10 2.499
      vertex 22.55 -10 -1.5005
    endloop
  endfacet
  facet normal -0.994527 0.10448 0
    outer loop
      vertex 22.55 -10 2.499
      vertex 22.4943 -10.5302 -1.5005
      vertex 22.4943 -10.5302 2.499
    endloop
  endfacet
  facet normal 0.994527 -0.104484 0
    outer loop
      vertex 17.45 -10 2.499
      vertex 17.5057 -9.46982 -1.5005
      vertex 17.5057 -9.46982 2.499
    endloop
  endfacet
  facet normal 0.994527 -0.104484 0
    outer loop
      vertex 17.5057 -9.46982 -1.5005
      vertex 17.45 -10 2.499
      vertex 17.45 -10 -1.5005
    endloop
  endfacet
  facet normal -0.866076 0.499912 0
    outer loop
      vertex 22.063 -11.4989 -1.5005
      vertex 22.3295 -11.0372 2.499
      vertex 22.3295 -11.0372 -1.5005
    endloop
  endfacet
  facet normal -0.866076 0.499912 0
    outer loop
      vertex 22.3295 -11.0372 2.499
      vertex 22.063 -11.4989 -1.5005
      vertex 22.063 -11.4989 2.499
    endloop
  endfacet
  facet normal 0.587837 0.808979 -0
    outer loop
      vertex 18.725 -12.2084 -1.5005
      vertex 18.2937 -11.895 2.499
      vertex 18.725 -12.2084 2.499
    endloop
  endfacet
  facet normal 0.587837 0.808979 0
    outer loop
      vertex 18.2937 -11.895 2.499
      vertex 18.725 -12.2084 -1.5005
      vertex 18.2937 -11.895 -1.5005
    endloop
  endfacet
  facet normal 0.743157 -0.669117 0
    outer loop
      vertex 17.937 -8.50115 2.499
      vertex 18.2937 -8.10498 -1.5005
      vertex 18.2937 -8.10498 2.499
    endloop
  endfacet
  facet normal 0.743157 -0.669117 0
    outer loop
      vertex 18.2937 -8.10498 -1.5005
      vertex 17.937 -8.50115 2.499
      vertex 17.937 -8.50115 -1.5005
    endloop
  endfacet
  facet normal -0.587776 -0.809024 0
    outer loop
      vertex 21.275 -7.79163 -1.5005
      vertex 21.7063 -8.10498 2.499
      vertex 21.275 -7.79163 2.499
    endloop
  endfacet
  facet normal -0.587776 -0.809024 -0
    outer loop
      vertex 21.7063 -8.10498 2.499
      vertex 21.275 -7.79163 -1.5005
      vertex 21.7063 -8.10498 -1.5005
    endloop
  endfacet
  facet normal -0.406695 0.913564 0
    outer loop
      vertex 21.275 -12.2084 -1.5005
      vertex 20.788 -12.4252 2.499
      vertex 21.275 -12.2084 2.499
    endloop
  endfacet
  facet normal -0.406695 0.913564 0
    outer loop
      vertex 20.788 -12.4252 2.499
      vertex 21.275 -12.2084 -1.5005
      vertex 20.788 -12.4252 -1.5005
    endloop
  endfacet
  facet normal 0 -1 0
    outer loop
      vertex 19.7335 -7.46397 -1.5005
      vertex 20.2665 -7.46397 2.499
      vertex 19.7335 -7.46397 2.499
    endloop
  endfacet
  facet normal 0 -1 -0
    outer loop
      vertex 20.2665 -7.46397 2.499
      vertex 19.7335 -7.46397 -1.5005
      vertex 20.2665 -7.46397 -1.5005
    endloop
  endfacet
  facet normal 0.587776 -0.809024 0
    outer loop
      vertex 18.2937 -8.10498 -1.5005
      vertex 18.725 -7.79163 2.499
      vertex 18.2937 -8.10498 2.499
    endloop
  endfacet
  facet normal 0.587776 -0.809024 0
    outer loop
      vertex 18.725 -7.79163 2.499
      vertex 18.2937 -8.10498 -1.5005
      vertex 18.725 -7.79163 -1.5005
    endloop
  endfacet
  facet normal 0 1 -0
    outer loop
      vertex 20.2665 -12.536 -1.5005
      vertex 19.7335 -12.536 2.499
      vertex 20.2665 -12.536 2.499
    endloop
  endfacet
  facet normal 0 1 0
    outer loop
      vertex 19.7335 -12.536 2.499
      vertex 20.2665 -12.536 -1.5005
      vertex 19.7335 -12.536 -1.5005
    endloop
  endfacet
  facet normal -0.95102 0.309128 0
    outer loop
      vertex 22.3295 -11.0372 -1.5005
      vertex 22.4943 -10.5302 2.499
      vertex 22.4943 -10.5302 -1.5005
    endloop
  endfacet
  facet normal -0.95102 0.309128 0
    outer loop
      vertex 22.4943 -10.5302 2.499
      vertex 22.3295 -11.0372 -1.5005
      vertex 22.3295 -11.0372 2.499
    endloop
  endfacet
  facet normal 0.95102 0.309128 0
    outer loop
      vertex 17.6705 -11.0372 2.499
      vertex 17.5057 -10.5302 -1.5005
      vertex 17.5057 -10.5302 2.499
    endloop
  endfacet
  facet normal 0.95102 0.309128 0
    outer loop
      vertex 17.5057 -10.5302 -1.5005
      vertex 17.6705 -11.0372 2.499
      vertex 17.6705 -11.0372 -1.5005
    endloop
  endfacet
  facet normal -0.587837 0.808979 0
    outer loop
      vertex 21.7063 -11.895 -1.5005
      vertex 21.275 -12.2084 2.499
      vertex 21.7063 -11.895 2.499
    endloop
  endfacet
  facet normal -0.587837 0.808979 0
    outer loop
      vertex 21.275 -12.2084 2.499
      vertex 21.7063 -11.895 -1.5005
      vertex 21.275 -12.2084 -1.5005
    endloop
  endfacet
  facet normal 0.406727 -0.91355 0
    outer loop
      vertex 18.725 -7.79163 -1.5005
      vertex 19.212 -7.57481 2.499
      vertex 18.725 -7.79163 2.499
    endloop
  endfacet
  facet normal 0.406727 -0.91355 0
    outer loop
      vertex 19.212 -7.57481 2.499
      vertex 18.725 -7.79163 -1.5005
      vertex 19.212 -7.57481 -1.5005
    endloop
  endfacet
  facet normal -0.207897 -0.978151 0
    outer loop
      vertex 20.2665 -7.46397 -1.5005
      vertex 20.788 -7.57481 2.499
      vertex 20.2665 -7.46397 2.499
    endloop
  endfacet
  facet normal -0.207897 -0.978151 -0
    outer loop
      vertex 20.788 -7.57481 2.499
      vertex 20.2665 -7.46397 -1.5005
      vertex 20.788 -7.57481 -1.5005
    endloop
  endfacet
  facet normal -0.743157 -0.669117 0
    outer loop
      vertex 22.063 -8.50115 -1.5005
      vertex 21.7063 -8.10498 2.499
      vertex 21.7063 -8.10498 -1.5005
    endloop
  endfacet
  facet normal -0.743157 -0.669117 0
    outer loop
      vertex 21.7063 -8.10498 2.499
      vertex 22.063 -8.50115 -1.5005
      vertex 22.063 -8.50115 2.499
    endloop
  endfacet
  facet normal 0 0 1
    outer loop
      vertex 23.5334 -7.96 2.499
      vertex 22.55 -10 2.499
      vertex 23.5334 -12.04 2.499
    endloop
  endfacet
  facet normal 0 0 1
    outer loop
      vertex 23.5334 -7.96 2.499
      vertex 22.4943 -9.46982 2.499
      vertex 22.55 -10 2.499
    endloop
  endfacet
  facet normal 0 0 1
    outer loop
      vertex 23.5334 -7.96 2.499
      vertex 22.3295 -8.96282 2.499
      vertex 22.4943 -9.46982 2.499
    endloop
  endfacet
  facet normal 0 0 1
    outer loop
      vertex 23.5334 -7.96 2.499
      vertex 22.063 -8.50115 2.499
      vertex 22.3295 -8.96282 2.499
    endloop
  endfacet
  facet normal 0 0 1
    outer loop
      vertex 23.5334 -7.96 2.499
      vertex 21.7063 -8.10498 2.499
      vertex 22.063 -8.50115 2.499
    endloop
  endfacet
  facet normal 0 0 1
    outer loop
      vertex 23.5334 -7.96 2.499
      vertex 21.275 -7.79163 2.499
      vertex 21.7063 -8.10498 2.499
    endloop
  endfacet
  facet normal 0 0 1
    outer loop
      vertex 20 -5.92 2.499
      vertex 21.275 -7.79163 2.499
      vertex 23.5334 -7.96 2.499
    endloop
  endfacet
  facet normal 0 0 1
    outer loop
      vertex 21.275 -7.79163 2.499
      vertex 20 -5.92 2.499
      vertex 20.788 -7.57481 2.499
    endloop
  endfacet
  facet normal 0 0 1
    outer loop
      vertex 20.788 -7.57481 2.499
      vertex 20 -5.92 2.499
      vertex 20.2665 -7.46397 2.499
    endloop
  endfacet
  facet normal 0 0 1
    outer loop
      vertex 20 -5.92 2.499
      vertex 19.7335 -7.46397 2.499
      vertex 20.2665 -7.46397 2.499
    endloop
  endfacet
  facet normal 0 0 1
    outer loop
      vertex 20 -5.92 2.499
      vertex 19.212 -7.57481 2.499
      vertex 19.7335 -7.46397 2.499
    endloop
  endfacet
  facet normal 0 0 1
    outer loop
      vertex 20 -5.92 2.499
      vertex 18.725 -7.79163 2.499
      vertex 19.212 -7.57481 2.499
    endloop
  endfacet
  facet normal 0 0 1
    outer loop
      vertex 16.4666 -7.96 2.499
      vertex 18.725 -7.79163 2.499
      vertex 20 -5.92 2.499
    endloop
  endfacet
  facet normal 0 0 1
    outer loop
      vertex 18.725 -7.79163 2.499
      vertex 16.4666 -7.96 2.499
      vertex 18.2937 -8.10498 2.499
    endloop
  endfacet
  facet normal 0 0 1
    outer loop
      vertex 17.5057 -9.46982 2.499
      vertex 16.4666 -7.96 2.499
      vertex 17.45 -10 2.499
    endloop
  endfacet
  facet normal 0 0 1
    outer loop
      vertex 17.6705 -8.96282 2.499
      vertex 16.4666 -7.96 2.499
      vertex 17.5057 -9.46982 2.499
    endloop
  endfacet
  facet normal 0 0 1
    outer loop
      vertex 17.937 -8.50115 2.499
      vertex 16.4666 -7.96 2.499
      vertex 17.6705 -8.96282 2.499
    endloop
  endfacet
  facet normal 0 0 1
    outer loop
      vertex 18.2937 -8.10498 2.499
      vertex 16.4666 -7.96 2.499
      vertex 17.937 -8.50115 2.499
    endloop
  endfacet
  facet normal -0 0 1
    outer loop
      vertex 22.4943 -10.5302 2.499
      vertex 23.5334 -12.04 2.499
      vertex 22.55 -10 2.499
    endloop
  endfacet
  facet normal -0 0 1
    outer loop
      vertex 22.3295 -11.0372 2.499
      vertex 23.5334 -12.04 2.499
      vertex 22.4943 -10.5302 2.499
    endloop
  endfacet
  facet normal -0 0 1
    outer loop
      vertex 22.063 -11.4989 2.499
      vertex 23.5334 -12.04 2.499
      vertex 22.3295 -11.0372 2.499
    endloop
  endfacet
  facet normal -0 0 1
    outer loop
      vertex 21.7063 -11.895 2.499
      vertex 23.5334 -12.04 2.499
      vertex 22.063 -11.4989 2.499
    endloop
  endfacet
  facet normal 0 0 1
    outer loop
      vertex 21.275 -12.2084 2.499
      vertex 23.5334 -12.04 2.499
      vertex 21.7063 -11.895 2.499
    endloop
  endfacet
  facet normal 0 0 1
    outer loop
      vertex 20 -14.08 2.499
      vertex 21.275 -12.2084 2.499
      vertex 20.788 -12.4252 2.499
    endloop
  endfacet
  facet normal 0 0 1
    outer loop
      vertex 20 -14.08 2.499
      vertex 20.788 -12.4252 2.499
      vertex 20.2665 -12.536 2.499
    endloop
  endfacet
  facet normal -0 0 1
    outer loop
      vertex 21.275 -12.2084 2.499
      vertex 20 -14.08 2.499
      vertex 23.5334 -12.04 2.499
    endloop
  endfacet
  facet normal -0 0 1
    outer loop
      vertex 19.7335 -12.536 2.499
      vertex 20 -14.08 2.499
      vertex 20.2665 -12.536 2.499
    endloop
  endfacet
  facet normal 0 0 1
    outer loop
      vertex 19.212 -12.4252 2.499
      vertex 20 -14.08 2.499
      vertex 19.7335 -12.536 2.499
    endloop
  endfacet
  facet normal 0 0 1
    outer loop
      vertex 18.725 -12.2084 2.499
      vertex 20 -14.08 2.499
      vertex 19.212 -12.4252 2.499
    endloop
  endfacet
  facet normal -0 0 1
    outer loop
      vertex 16.4666 -12.04 2.499
      vertex 18.725 -12.2084 2.499
      vertex 18.2937 -11.895 2.499
    endloop
  endfacet
  facet normal 0 0 1
    outer loop
      vertex 16.4666 -12.04 2.499
      vertex 18.2937 -11.895 2.499
      vertex 17.937 -11.4989 2.499
    endloop
  endfacet
  facet normal 0 0 1
    outer loop
      vertex 16.4666 -12.04 2.499
      vertex 17.45 -10 2.499
      vertex 16.4666 -7.96 2.499
    endloop
  endfacet
  facet normal 0 0 1
    outer loop
      vertex 17.45 -10 2.499
      vertex 16.4666 -12.04 2.499
      vertex 17.5057 -10.5302 2.499
    endloop
  endfacet
  facet normal 0 0 1
    outer loop
      vertex 18.725 -12.2084 2.499
      vertex 16.4666 -12.04 2.499
      vertex 20 -14.08 2.499
    endloop
  endfacet
  facet normal 0 0 1
    outer loop
      vertex 17.6705 -11.0372 2.499
      vertex 16.4666 -12.04 2.499
      vertex 17.937 -11.4989 2.499
    endloop
  endfacet
  facet normal 0 0 1
    outer loop
      vertex 17.5057 -10.5302 2.499
      vertex 16.4666 -12.04 2.499
      vertex 17.6705 -11.0372 2.499
    endloop
  endfacet
  facet normal 0.743098 0.669182 0
    outer loop
      vertex 18.2937 -11.895 2.499
      vertex 17.937 -11.4989 -1.5005
      vertex 17.937 -11.4989 2.499
    endloop
  endfacet
  facet normal 0.743098 0.669182 0
    outer loop
      vertex 17.937 -11.4989 -1.5005
      vertex 18.2937 -11.895 2.499
      vertex 18.2937 -11.895 -1.5005
    endloop
  endfacet
  facet normal 0.866062 -0.499936 0
    outer loop
      vertex 17.6705 -8.96282 2.499
      vertex 17.937 -8.50115 -1.5005
      vertex 17.937 -8.50115 2.499
    endloop
  endfacet
  facet normal 0.866062 -0.499936 0
    outer loop
      vertex 17.937 -8.50115 -1.5005
      vertex 17.6705 -8.96282 2.499
      vertex 17.6705 -8.96282 -1.5005
    endloop
  endfacet
  facet normal 0.207825 0.978166 -0
    outer loop
      vertex 19.7335 -12.536 -1.5005
      vertex 19.212 -12.4252 2.499
      vertex 19.7335 -12.536 2.499
    endloop
  endfacet
  facet normal 0.207825 0.978166 0
    outer loop
      vertex 19.212 -12.4252 2.499
      vertex 19.7335 -12.536 -1.5005
      vertex 19.212 -12.4252 -1.5005
    endloop
  endfacet
  facet normal -0.743098 0.669182 0
    outer loop
      vertex 21.7063 -11.895 -1.5005
      vertex 22.063 -11.4989 2.499
      vertex 22.063 -11.4989 -1.5005
    endloop
  endfacet
  facet normal -0.743098 0.669182 0
    outer loop
      vertex 22.063 -11.4989 2.499
      vertex 21.7063 -11.895 -1.5005
      vertex 21.7063 -11.895 2.499
    endloop
  endfacet
  facet normal 0.95102 -0.309128 0
    outer loop
      vertex 17.5057 -9.46982 2.499
      vertex 17.6705 -8.96282 -1.5005
      vertex 17.6705 -8.96282 2.499
    endloop
  endfacet
  facet normal 0.95102 -0.309128 0
    outer loop
      vertex 17.6705 -8.96282 -1.5005
      vertex 17.5057 -9.46982 2.499
      vertex 17.5057 -9.46982 -1.5005
    endloop
  endfacet
  facet normal 0.406695 0.913564 -0
    outer loop
      vertex 19.212 -12.4252 -1.5005
      vertex 18.725 -12.2084 2.499
      vertex 19.212 -12.4252 2.499
    endloop
  endfacet
  facet normal 0.406695 0.913564 0
    outer loop
      vertex 18.725 -12.2084 2.499
      vertex 19.212 -12.4252 -1.5005
      vertex 18.725 -12.2084 -1.5005
    endloop
  endfacet
  facet normal 0.499998 -0.866026 0
    outer loop
      vertex 16.4666 12.04 2.499
      vertex 20 14.08 7
      vertex 16.4666 12.04 7
    endloop
  endfacet
  facet normal 0.499998 -0.866026 0
    outer loop
      vertex 20 14.08 7
      vertex 16.4666 12.04 2.499
      vertex 20 14.08 2.499
    endloop
  endfacet
  facet normal -0.499998 -0.866026 0
    outer loop
      vertex 20 14.08 2.499
      vertex 23.5334 12.04 7
      vertex 20 14.08 7
    endloop
  endfacet
  facet normal -0.499998 -0.866026 -0
    outer loop
      vertex 23.5334 12.04 7
      vertex 20 14.08 2.499
      vertex 23.5334 12.04 2.499
    endloop
  endfacet
  facet normal 1 -0 0
    outer loop
      vertex 16.4666 7.96 7
      vertex 16.4666 12.04 2.499
      vertex 16.4666 12.04 7
    endloop
  endfacet
  facet normal 1 0 0
    outer loop
      vertex 16.4666 12.04 2.499
      vertex 16.4666 7.96 7
      vertex 16.4666 7.96 2.499
    endloop
  endfacet
  facet normal -0.499998 0.866026 0
    outer loop
      vertex 23.5334 7.96 2.499
      vertex 20 5.92 7
      vertex 23.5334 7.96 7
    endloop
  endfacet
  facet normal -0.499998 0.866026 0
    outer loop
      vertex 20 5.92 7
      vertex 23.5334 7.96 2.499
      vertex 20 5.92 2.499
    endloop
  endfacet
  facet normal -1 0 0
    outer loop
      vertex 23.5334 7.96 2.499
      vertex 23.5334 12.04 7
      vertex 23.5334 12.04 2.499
    endloop
  endfacet
  facet normal -1 -0 0
    outer loop
      vertex 23.5334 12.04 7
      vertex 23.5334 7.96 2.499
      vertex 23.5334 7.96 7
    endloop
  endfacet
  facet normal 0.499998 0.866026 -0
    outer loop
      vertex 20 5.92 2.499
      vertex 16.4666 7.96 7
      vertex 20 5.92 7
    endloop
  endfacet
  facet normal 0.499998 0.866026 0
    outer loop
      vertex 16.4666 7.96 7
      vertex 20 5.92 2.499
      vertex 16.4666 7.96 2.499
    endloop
  endfacet
  facet normal 0.499998 -0.866026 0
    outer loop
      vertex 16.4666 -7.96 2.499
      vertex 20 -5.92 7
      vertex 16.4666 -7.96 7
    endloop
  endfacet
  facet normal 0.499998 -0.866026 0
    outer loop
      vertex 20 -5.92 7
      vertex 16.4666 -7.96 2.499
      vertex 20 -5.92 2.499
    endloop
  endfacet
  facet normal -0.499998 -0.866026 0
    outer loop
      vertex 20 -5.92 2.499
      vertex 23.5334 -7.96 7
      vertex 20 -5.92 7
    endloop
  endfacet
  facet normal -0.499998 -0.866026 -0
    outer loop
      vertex 23.5334 -7.96 7
      vertex 20 -5.92 2.499
      vertex 23.5334 -7.96 2.499
    endloop
  endfacet
  facet normal 1 -0 0
    outer loop
      vertex 16.4666 -12.04 7
      vertex 16.4666 -7.96 2.499
      vertex 16.4666 -7.96 7
    endloop
  endfacet
  facet normal 1 0 0
    outer loop
      vertex 16.4666 -7.96 2.499
      vertex 16.4666 -12.04 7
      vertex 16.4666 -12.04 2.499
    endloop
  endfacet
  facet normal -0.499998 0.866026 0
    outer loop
      vertex 23.5334 -12.04 2.499
      vertex 20 -14.08 7
      vertex 23.5334 -12.04 7
    endloop
  endfacet
  facet normal -0.499998 0.866026 0
    outer loop
      vertex 20 -14.08 7
      vertex 23.5334 -12.04 2.499
      vertex 20 -14.08 2.499
    endloop
  endfacet
  facet normal -1 0 0
    outer loop
      vertex 23.5334 -12.04 2.499
      vertex 23.5334 -7.96 7
      vertex 23.5334 -7.96 2.499
    endloop
  endfacet
  facet normal -1 -0 0
    outer loop
      vertex 23.5334 -7.96 7
      vertex 23.5334 -12.04 2.499
      vertex 23.5334 -12.04 7
    endloop
  endfacet
  facet normal 0.499998 0.866026 -0
    outer loop
      vertex 20 -14.08 2.499
      vertex 16.4666 -12.04 7
      vertex 20 -14.08 7
    endloop
  endfacet
  facet normal 0.499998 0.866026 0
    outer loop
      vertex 16.4666 -12.04 7
      vertex 20 -14.08 2.499
      vertex 16.4666 -12.04 2.499
    endloop
  endfacet
  facet normal -0.951065 -0.308992 0
    outer loop
      vertex -14.6202 21.1435 -1.5005
      vertex -14.9755 22.2371 4.499
      vertex -14.9755 22.2371 -1.5005
    endloop
  endfacet
  facet normal -0.951065 -0.308992 0
    outer loop
      vertex -14.9755 22.2371 4.499
      vertex -14.6202 21.1435 -1.5005
      vertex -14.6202 21.1435 4.499
    endloop
  endfacet
  facet normal -0.994521 -0.10454 0
    outer loop
      vertex -14.5 20 -1.5005
      vertex -14.6202 21.1435 4.499
      vertex -14.6202 21.1435 -1.5005
    endloop
  endfacet
  facet normal -0.994521 -0.10454 0
    outer loop
      vertex -14.6202 21.1435 4.499
      vertex -14.5 20 -1.5005
      vertex -14.5 20 4.499
    endloop
  endfacet
  facet normal -0.951065 0.308992 0
    outer loop
      vertex -14.9755 17.7629 -1.5005
      vertex -14.6202 18.8565 4.499
      vertex -14.6202 18.8565 -1.5005
    endloop
  endfacet
  facet normal -0.951065 0.308992 0
    outer loop
      vertex -14.6202 18.8565 4.499
      vertex -14.9755 17.7629 -1.5005
      vertex -14.9755 17.7629 4.499
    endloop
  endfacet
  facet normal 0.587768 0.809029 -0
    outer loop
      vertex -22.75 15.2369 -1.5005
      vertex -23.6802 15.9127 4.499
      vertex -22.75 15.2369 4.499
    endloop
  endfacet
  facet normal 0.587768 0.809029 0
    outer loop
      vertex -23.6802 15.9127 4.499
      vertex -22.75 15.2369 -1.5005
      vertex -23.6802 15.9127 -1.5005
    endloop
  endfacet
  facet normal -0.207943 0.978141 0
    outer loop
      vertex -18.3004 14.7692 -1.5005
      vertex -19.4251 14.5301 4.499
      vertex -18.3004 14.7692 4.499
    endloop
  endfacet
  facet normal -0.207943 0.978141 0
    outer loop
      vertex -19.4251 14.5301 4.499
      vertex -18.3004 14.7692 -1.5005
      vertex -19.4251 14.5301 -1.5005
    endloop
  endfacet
  facet normal 0.866013 0.500021 0
    outer loop
      vertex -24.4496 16.7672 4.499
      vertex -25.0245 17.7629 -1.5005
      vertex -25.0245 17.7629 4.499
    endloop
  endfacet
  facet normal 0.866013 0.500021 0
    outer loop
      vertex -25.0245 17.7629 -1.5005
      vertex -24.4496 16.7672 4.499
      vertex -24.4496 16.7672 -1.5005
    endloop
  endfacet
  facet normal -0.207943 -0.978141 0
    outer loop
      vertex -19.4251 25.4699 -1.5005
      vertex -18.3004 25.2308 4.499
      vertex -19.4251 25.4699 4.499
    endloop
  endfacet
  facet normal -0.207943 -0.978141 -0
    outer loop
      vertex -18.3004 25.2308 4.499
      vertex -19.4251 25.4699 -1.5005
      vertex -18.3004 25.2308 -1.5005
    endloop
  endfacet
  facet normal 0.207943 0.978141 -0
    outer loop
      vertex -20.5749 14.5301 -1.5005
      vertex -21.6996 14.7692 4.499
      vertex -20.5749 14.5301 4.499
    endloop
  endfacet
  facet normal 0.207943 0.978141 0
    outer loop
      vertex -21.6996 14.7692 4.499
      vertex -20.5749 14.5301 -1.5005
      vertex -21.6996 14.7692 -1.5005
    endloop
  endfacet
  facet normal -0.587768 -0.809029 0
    outer loop
      vertex -17.25 24.7631 -1.5005
      vertex -16.3198 24.0873 4.499
      vertex -17.25 24.7631 4.499
    endloop
  endfacet
  facet normal -0.587768 -0.809029 -0
    outer loop
      vertex -16.3198 24.0873 4.499
      vertex -17.25 24.7631 -1.5005
      vertex -16.3198 24.0873 -1.5005
    endloop
  endfacet
  facet normal -0.40676 -0.913535 0
    outer loop
      vertex -18.3004 25.2308 -1.5005
      vertex -17.25 24.7631 4.499
      vertex -18.3004 25.2308 4.499
    endloop
  endfacet
  facet normal -0.40676 -0.913535 -0
    outer loop
      vertex -17.25 24.7631 4.499
      vertex -18.3004 25.2308 -1.5005
      vertex -17.25 24.7631 -1.5005
    endloop
  endfacet
  facet normal 0.951065 -0.308992 0
    outer loop
      vertex -25.3798 21.1435 4.499
      vertex -25.0245 22.2371 -1.5005
      vertex -25.0245 22.2371 4.499
    endloop
  endfacet
  facet normal 0.951065 -0.308992 0
    outer loop
      vertex -25.0245 22.2371 -1.5005
      vertex -25.3798 21.1435 4.499
      vertex -25.3798 21.1435 -1.5005
    endloop
  endfacet
  facet normal 0.40676 0.913535 -0
    outer loop
      vertex -21.6996 14.7692 -1.5005
      vertex -22.75 15.2369 4.499
      vertex -21.6996 14.7692 4.499
    endloop
  endfacet
  facet normal 0.40676 0.913535 0
    outer loop
      vertex -22.75 15.2369 4.499
      vertex -21.6996 14.7692 -1.5005
      vertex -22.75 15.2369 -1.5005
    endloop
  endfacet
  facet normal 0.866013 -0.500021 0
    outer loop
      vertex -25.0245 22.2371 4.499
      vertex -24.4496 23.2328 -1.5005
      vertex -24.4496 23.2328 4.499
    endloop
  endfacet
  facet normal 0.866013 -0.500021 0
    outer loop
      vertex -24.4496 23.2328 -1.5005
      vertex -25.0245 22.2371 4.499
      vertex -25.0245 22.2371 -1.5005
    endloop
  endfacet
  facet normal -0.587768 0.809029 0
    outer loop
      vertex -16.3198 15.9127 -1.5005
      vertex -17.25 15.2369 4.499
      vertex -16.3198 15.9127 4.499
    endloop
  endfacet
  facet normal -0.587768 0.809029 0
    outer loop
      vertex -17.25 15.2369 4.499
      vertex -16.3198 15.9127 -1.5005
      vertex -17.25 15.2369 -1.5005
    endloop
  endfacet
  facet normal 0.207943 -0.978141 0
    outer loop
      vertex -21.6996 25.2308 -1.5005
      vertex -20.5749 25.4699 4.499
      vertex -21.6996 25.2308 4.499
    endloop
  endfacet
  facet normal 0.207943 -0.978141 0
    outer loop
      vertex -20.5749 25.4699 4.499
      vertex -21.6996 25.2308 -1.5005
      vertex -20.5749 25.4699 -1.5005
    endloop
  endfacet
  facet normal -0.994521 0.10454 0
    outer loop
      vertex -14.6202 18.8565 -1.5005
      vertex -14.5 20 4.499
      vertex -14.5 20 -1.5005
    endloop
  endfacet
  facet normal -0.994521 0.10454 0
    outer loop
      vertex -14.5 20 4.499
      vertex -14.6202 18.8565 -1.5005
      vertex -14.6202 18.8565 4.499
    endloop
  endfacet
  facet normal 0.743127 -0.66915 -0.000108349
    outer loop
      vertex -24.4496 23.2328 4.499
      vertex -23.6802 24.0873 4.24762
      vertex -24.37 23.3212 4.499
    endloop
  endfacet
  facet normal 0.743143 -0.669133 0
    outer loop
      vertex -23.6802 24.0873 4.24762
      vertex -24.4496 23.2328 4.499
      vertex -24.4496 23.2328 -1.5005
    endloop
  endfacet
  facet normal 0.743143 -0.669133 0
    outer loop
      vertex -23.6802 24.0873 4.24762
      vertex -24.4496 23.2328 -1.5005
      vertex -23.6802 24.0873 -1.5005
    endloop
  endfacet
  facet normal 0 -1 0
    outer loop
      vertex -20.5749 25.4699 -1.5005
      vertex -19.4251 25.4699 4.499
      vertex -20.5749 25.4699 4.499
    endloop
  endfacet
  facet normal 0 -1 -0
    outer loop
      vertex -19.4251 25.4699 4.499
      vertex -20.5749 25.4699 -1.5005
      vertex -19.4251 25.4699 -1.5005
    endloop
  endfacet
  facet normal -0.866013 0.500021 0
    outer loop
      vertex -15.5504 16.7672 -1.5005
      vertex -14.9755 17.7629 4.499
      vertex -14.9755 17.7629 -1.5005
    endloop
  endfacet
  facet normal -0.866013 0.500021 0
    outer loop
      vertex -14.9755 17.7629 4.499
      vertex -15.5504 16.7672 -1.5005
      vertex -15.5504 16.7672 4.499
    endloop
  endfacet
  facet normal 0.587765 -0.809031 1.65069e-05
    outer loop
      vertex -23.6802 24.0873 4.24762
      vertex -22.75 24.7631 4.499
      vertex -23.4012 24.29 4.499
    endloop
  endfacet
  facet normal 0.587768 -0.809029 0
    outer loop
      vertex -22.75 24.7631 -1.5005
      vertex -23.6802 24.0873 4.24762
      vertex -23.6802 24.0873 -1.5005
    endloop
  endfacet
  facet normal 0.587768 -0.809029 0
    outer loop
      vertex -23.6802 24.0873 4.24762
      vertex -22.75 24.7631 -1.5005
      vertex -22.75 24.7631 4.499
    endloop
  endfacet
  facet normal -0.40676 0.913535 0
    outer loop
      vertex -17.25 15.2369 -1.5005
      vertex -18.3004 14.7692 4.499
      vertex -17.25 15.2369 4.499
    endloop
  endfacet
  facet normal -0.40676 0.913535 0
    outer loop
      vertex -18.3004 14.7692 4.499
      vertex -17.25 15.2369 -1.5005
      vertex -18.3004 14.7692 -1.5005
    endloop
  endfacet
  facet normal 0.40676 -0.913535 0
    outer loop
      vertex -22.75 24.7631 -1.5005
      vertex -21.6996 25.2308 4.499
      vertex -22.75 24.7631 4.499
    endloop
  endfacet
  facet normal 0.40676 -0.913535 0
    outer loop
      vertex -21.6996 25.2308 4.499
      vertex -22.75 24.7631 -1.5005
      vertex -21.6996 25.2308 -1.5005
    endloop
  endfacet
  facet normal -0.743143 0.669133 0
    outer loop
      vertex -16.3198 15.9127 -1.5005
      vertex -15.5504 16.7672 4.499
      vertex -15.5504 16.7672 -1.5005
    endloop
  endfacet
  facet normal -0.743143 0.669133 0
    outer loop
      vertex -15.5504 16.7672 4.499
      vertex -16.3198 15.9127 -1.5005
      vertex -16.3198 15.9127 4.499
    endloop
  endfacet
  facet normal -0.743143 -0.669133 0
    outer loop
      vertex -15.5504 23.2328 -1.5005
      vertex -16.3198 24.0873 4.499
      vertex -16.3198 24.0873 -1.5005
    endloop
  endfacet
  facet normal -0.743143 -0.669133 0
    outer loop
      vertex -16.3198 24.0873 4.499
      vertex -15.5504 23.2328 -1.5005
      vertex -15.5504 23.2328 4.499
    endloop
  endfacet
  facet normal 0.994521 -0.10454 0
    outer loop
      vertex -25.5 20 4.499
      vertex -25.3798 21.1435 -1.5005
      vertex -25.3798 21.1435 4.499
    endloop
  endfacet
  facet normal 0.994521 -0.10454 0
    outer loop
      vertex -25.3798 21.1435 -1.5005
      vertex -25.5 20 4.499
      vertex -25.5 20 -1.5005
    endloop
  endfacet
  facet normal -0.866013 -0.500021 0
    outer loop
      vertex -14.9755 22.2371 -1.5005
      vertex -15.5504 23.2328 4.499
      vertex -15.5504 23.2328 -1.5005
    endloop
  endfacet
  facet normal -0.866013 -0.500021 0
    outer loop
      vertex -15.5504 23.2328 4.499
      vertex -14.9755 22.2371 -1.5005
      vertex -14.9755 22.2371 4.499
    endloop
  endfacet
  facet normal 0 0 -1
    outer loop
      vertex -14.6202 18.8565 4.499
      vertex -14.6202 21.1435 4.499
      vertex -14.5 20 4.499
    endloop
  endfacet
  facet normal 0 0 -1
    outer loop
      vertex -14.9755 17.7629 4.499
      vertex -14.6202 21.1435 4.499
      vertex -14.6202 18.8565 4.499
    endloop
  endfacet
  facet normal 0 0 -1
    outer loop
      vertex -14.9755 17.7629 4.499
      vertex -14.9755 22.2371 4.499
      vertex -14.6202 21.1435 4.499
    endloop
  endfacet
  facet normal 0 0 -1
    outer loop
      vertex -15.5504 16.7672 4.499
      vertex -14.9755 22.2371 4.499
      vertex -14.9755 17.7629 4.499
    endloop
  endfacet
  facet normal 0 0 -1
    outer loop
      vertex -15.5504 16.7672 4.499
      vertex -15.5504 23.2328 4.499
      vertex -14.9755 22.2371 4.499
    endloop
  endfacet
  facet normal 0 0 -1
    outer loop
      vertex -16.3198 15.9127 4.499
      vertex -15.5504 23.2328 4.499
      vertex -15.5504 16.7672 4.499
    endloop
  endfacet
  facet normal 0 0 -1
    outer loop
      vertex -16.3198 15.9127 4.499
      vertex -16.3198 24.0873 4.499
      vertex -15.5504 23.2328 4.499
    endloop
  endfacet
  facet normal 0 0 -1
    outer loop
      vertex -17.25 15.2369 4.499
      vertex -16.3198 24.0873 4.499
      vertex -16.3198 15.9127 4.499
    endloop
  endfacet
  facet normal 0 0 -1
    outer loop
      vertex -17.25 15.2369 4.499
      vertex -17.25 24.7631 4.499
      vertex -16.3198 24.0873 4.499
    endloop
  endfacet
  facet normal 0 0 -1
    outer loop
      vertex -18.3004 14.7692 4.499
      vertex -17.25 24.7631 4.499
      vertex -17.25 15.2369 4.499
    endloop
  endfacet
  facet normal 0 0 -1
    outer loop
      vertex -18.3004 14.7692 4.499
      vertex -18.3004 25.2308 4.499
      vertex -17.25 24.7631 4.499
    endloop
  endfacet
  facet normal 0 0 -1
    outer loop
      vertex -19.4251 14.5301 4.499
      vertex -18.3004 25.2308 4.499
      vertex -18.3004 14.7692 4.499
    endloop
  endfacet
  facet normal 0 0 -1
    outer loop
      vertex -19.4251 14.5301 4.499
      vertex -19.4251 25.4699 4.499
      vertex -18.3004 25.2308 4.499
    endloop
  endfacet
  facet normal 0 0 -1
    outer loop
      vertex -20.5749 14.5301 4.499
      vertex -19.4251 25.4699 4.499
      vertex -19.4251 14.5301 4.499
    endloop
  endfacet
  facet normal 0 0 -1
    outer loop
      vertex -20.5749 14.5301 4.499
      vertex -20.5749 25.4699 4.499
      vertex -19.4251 25.4699 4.499
    endloop
  endfacet
  facet normal 0 0 -1
    outer loop
      vertex -21.6996 14.7692 4.499
      vertex -20.5749 25.4699 4.499
      vertex -20.5749 14.5301 4.499
    endloop
  endfacet
  facet normal 0 0 -1
    outer loop
      vertex -23.4012 24.29 4.499
      vertex -20.5749 25.4699 4.499
      vertex -21.6996 14.7692 4.499
    endloop
  endfacet
  facet normal 0 0 -1
    outer loop
      vertex -23.4012 24.29 4.499
      vertex -21.6996 14.7692 4.499
      vertex -22.75 15.2369 4.499
    endloop
  endfacet
  facet normal 0 0 -1
    outer loop
      vertex -20.5749 25.4699 4.499
      vertex -23.4012 24.29 4.499
      vertex -21.6996 25.2308 4.499
    endloop
  endfacet
  facet normal 0 0 -1
    outer loop
      vertex -21.6996 25.2308 4.499
      vertex -23.4012 24.29 4.499
      vertex -22.75 24.7631 4.499
    endloop
  endfacet
  facet normal 0 0 -1
    outer loop
      vertex -23.6802 15.9127 4.499
      vertex -23.4012 24.29 4.499
      vertex -22.75 15.2369 4.499
    endloop
  endfacet
  facet normal 0 0 -1
    outer loop
      vertex -23.6802 15.9127 4.499
      vertex -24.37 23.3212 4.499
      vertex -23.4012 24.29 4.499
    endloop
  endfacet
  facet normal 0 0 -1
    outer loop
      vertex -24.4496 16.7672 4.499
      vertex -24.37 23.3212 4.499
      vertex -23.6802 15.9127 4.499
    endloop
  endfacet
  facet normal 0 0 -1
    outer loop
      vertex -25.0245 17.7629 4.499
      vertex -24.37 23.3212 4.499
      vertex -24.4496 16.7672 4.499
    endloop
  endfacet
  facet normal 0 0 -1
    outer loop
      vertex -25.0245 22.2371 4.499
      vertex -24.37 23.3212 4.499
      vertex -25.0245 17.7629 4.499
    endloop
  endfacet
  facet normal 0 0 -1
    outer loop
      vertex -24.37 23.3212 4.499
      vertex -25.0245 22.2371 4.499
      vertex -24.4496 23.2328 4.499
    endloop
  endfacet
  facet normal 0 0 -1
    outer loop
      vertex -25.3798 18.8565 4.499
      vertex -25.0245 22.2371 4.499
      vertex -25.0245 17.7629 4.499
    endloop
  endfacet
  facet normal 0 0 -1
    outer loop
      vertex -25.3798 18.8565 4.499
      vertex -25.3798 21.1435 4.499
      vertex -25.0245 22.2371 4.499
    endloop
  endfacet
  facet normal 0 -0 -1
    outer loop
      vertex -25.3798 21.1435 4.499
      vertex -25.3798 18.8565 4.499
      vertex -25.5 20 4.499
    endloop
  endfacet
  facet normal 0 1 -0
    outer loop
      vertex -19.4251 14.5301 -1.5005
      vertex -20.5749 14.5301 4.499
      vertex -19.4251 14.5301 4.499
    endloop
  endfacet
  facet normal 0 1 0
    outer loop
      vertex -20.5749 14.5301 4.499
      vertex -19.4251 14.5301 -1.5005
      vertex -20.5749 14.5301 -1.5005
    endloop
  endfacet
  facet normal 0.951065 0.308992 0
    outer loop
      vertex -25.0245 17.7629 4.499
      vertex -25.3798 18.8565 -1.5005
      vertex -25.3798 18.8565 4.499
    endloop
  endfacet
  facet normal 0.951065 0.308992 0
    outer loop
      vertex -25.3798 18.8565 -1.5005
      vertex -25.0245 17.7629 4.499
      vertex -25.0245 17.7629 -1.5005
    endloop
  endfacet
  facet normal 0.743143 0.669133 0
    outer loop
      vertex -23.6802 15.9127 4.499
      vertex -24.4496 16.7672 -1.5005
      vertex -24.4496 16.7672 4.499
    endloop
  endfacet
  facet normal 0.743143 0.669133 0
    outer loop
      vertex -24.4496 16.7672 -1.5005
      vertex -23.6802 15.9127 4.499
      vertex -23.6802 15.9127 -1.5005
    endloop
  endfacet
  facet normal 0.994521 0.10454 0
    outer loop
      vertex -25.3798 18.8565 4.499
      vertex -25.5 20 -1.5005
      vertex -25.5 20 4.499
    endloop
  endfacet
  facet normal 0.994521 0.10454 0
    outer loop
      vertex -25.5 20 -1.5005
      vertex -25.3798 18.8565 4.499
      vertex -25.3798 18.8565 -1.5005
    endloop
  endfacet
  facet normal 0 -1 0
    outer loop
      vertex 19.4251 25.4699 4.499
      vertex 20.5749 25.4699 -1.50024
      vertex 20.5749 25.4699 4.499
    endloop
  endfacet
  facet normal -0 -1 0
    outer loop
      vertex 20.5749 25.4699 -1.50024
      vertex 19.4251 25.4699 4.499
      vertex 19.4251 25.4699 -1.50027
    endloop
  endfacet
  facet normal 0.587768 -0.809029 0
    outer loop
      vertex 16.3198 24.0873 4.499
      vertex 17.25 24.7631 -1.5004
      vertex 17.25 24.7631 4.499
    endloop
  endfacet
  facet normal 0.587768 -0.809029 0
    outer loop
      vertex 17.25 24.7631 -1.5004
      vertex 16.3198 24.0873 4.499
      vertex 16.3198 24.0873 -1.50048
    endloop
  endfacet
  facet normal -0.951065 -0.308992 0
    outer loop
      vertex 25.3798 21.1435 -1.50048
      vertex 25.0245 22.2371 4.499
      vertex 25.0245 22.2371 -1.50039
    endloop
  endfacet
  facet normal -0.951065 -0.308992 0
    outer loop
      vertex 25.0245 22.2371 4.499
      vertex 25.3798 21.1435 -1.50048
      vertex 25.3798 21.1435 4.499
    endloop
  endfacet
  facet normal -0.994529 -0.104464 0
    outer loop
      vertex 25.4069 20.8855 -1.5005
      vertex 25.3798 21.1435 4.499
      vertex 25.3798 21.1435 -1.50048
    endloop
  endfacet
  facet normal -0.994518 -0.104562 -0
    outer loop
      vertex 25.5 20 4.499
      vertex 25.4069 20.8855 -1.5005
      vertex 25.5 20 -1.5005
    endloop
  endfacet
  facet normal -0.994521 -0.10454 3.29795e-06
    outer loop
      vertex 25.4069 20.8855 -1.5005
      vertex 25.5 20 4.499
      vertex 25.3798 21.1435 4.499
    endloop
  endfacet
  facet normal -0.207943 -0.978141 0
    outer loop
      vertex 20.5749 25.4699 4.499
      vertex 21.6996 25.2308 -1.50022
      vertex 21.6996 25.2308 4.499
    endloop
  endfacet
  facet normal -0.207943 -0.978141 0
    outer loop
      vertex 21.6996 25.2308 -1.50022
      vertex 20.5749 25.4699 4.499
      vertex 20.5749 25.4699 -1.50024
    endloop
  endfacet
  facet normal 0.207943 0.978141 -0
    outer loop
      vertex 19.4251 14.5301 -1.5005
      vertex 18.3004 14.7692 4.499
      vertex 19.4251 14.5301 4.499
    endloop
  endfacet
  facet normal 0.207943 0.978141 0
    outer loop
      vertex 18.3004 14.7692 4.499
      vertex 19.4251 14.5301 -1.5005
      vertex 18.3004 14.7692 -1.5005
    endloop
  endfacet
  facet normal 0.40676 0.913535 -0
    outer loop
      vertex 18.3004 14.7692 -1.5005
      vertex 17.25 15.2369 4.499
      vertex 18.3004 14.7692 4.499
    endloop
  endfacet
  facet normal 0.40676 0.913535 0
    outer loop
      vertex 17.25 15.2369 4.499
      vertex 18.3004 14.7692 -1.5005
      vertex 17.25 15.2369 -1.5005
    endloop
  endfacet
  facet normal -0.587768 0.809029 0
    outer loop
      vertex 23.6802 15.9127 -1.5005
      vertex 22.75 15.2369 4.499
      vertex 23.6802 15.9127 4.499
    endloop
  endfacet
  facet normal -0.587768 0.809029 0
    outer loop
      vertex 22.75 15.2369 4.499
      vertex 23.6802 15.9127 -1.5005
      vertex 22.75 15.2369 -1.5005
    endloop
  endfacet
  facet normal 0.743072 -0.669212 0
    outer loop
      vertex 16.3198 24.0873 4.499
      vertex 16.2002 23.9545 -1.5005
      vertex 16.3198 24.0873 -1.50048
    endloop
  endfacet
  facet normal 0.743143 -0.669133 -3.1717e-06
    outer loop
      vertex 15.5504 23.2328 4.499
      vertex 16.2002 23.9545 -1.5005
      vertex 16.3198 24.0873 4.499
    endloop
  endfacet
  facet normal 0.743156 -0.669118 0
    outer loop
      vertex 16.2002 23.9545 -1.5005
      vertex 15.5504 23.2328 4.499
      vertex 15.5504 23.2328 -1.5005
    endloop
  endfacet
  facet normal -0.40676 0.913535 0
    outer loop
      vertex 22.75 15.2369 -1.5005
      vertex 21.6996 14.7692 4.499
      vertex 22.75 15.2369 4.499
    endloop
  endfacet
  facet normal -0.40676 0.913535 0
    outer loop
      vertex 21.6996 14.7692 4.499
      vertex 22.75 15.2369 -1.5005
      vertex 21.6996 14.7692 -1.5005
    endloop
  endfacet
  facet normal 0.951065 0.308992 0
    outer loop
      vertex 14.9755 17.7629 4.499
      vertex 14.6202 18.8565 -1.5005
      vertex 14.6202 18.8565 4.499
    endloop
  endfacet
  facet normal 0.951065 0.308992 0
    outer loop
      vertex 14.6202 18.8565 -1.5005
      vertex 14.9755 17.7629 4.499
      vertex 14.9755 17.7629 -1.5005
    endloop
  endfacet
  facet normal -0.994521 0.10454 0
    outer loop
      vertex 25.3798 18.8565 -1.5005
      vertex 25.5 20 4.499
      vertex 25.5 20 -1.5005
    endloop
  endfacet
  facet normal -0.994521 0.10454 0
    outer loop
      vertex 25.5 20 4.499
      vertex 25.3798 18.8565 -1.5005
      vertex 25.3798 18.8565 4.499
    endloop
  endfacet
  facet normal -0.866013 0.500021 0
    outer loop
      vertex 24.4496 16.7672 -1.5005
      vertex 25.0245 17.7629 4.499
      vertex 25.0245 17.7629 -1.5005
    endloop
  endfacet
  facet normal -0.866013 0.500021 0
    outer loop
      vertex 25.0245 17.7629 4.499
      vertex 24.4496 16.7672 -1.5005
      vertex 24.4496 16.7672 4.499
    endloop
  endfacet
  facet normal 0.866013 0.500021 0
    outer loop
      vertex 15.5504 16.7672 4.499
      vertex 14.9755 17.7629 -1.5005
      vertex 14.9755 17.7629 4.499
    endloop
  endfacet
  facet normal 0.866013 0.500021 0
    outer loop
      vertex 14.9755 17.7629 -1.5005
      vertex 15.5504 16.7672 4.499
      vertex 15.5504 16.7672 -1.5005
    endloop
  endfacet
  facet normal -0.866013 -0.500021 0
    outer loop
      vertex 25.0245 22.2371 -1.50039
      vertex 24.4496 23.2328 4.499
      vertex 24.4496 23.2328 -1.50032
    endloop
  endfacet
  facet normal -0.866013 -0.500021 0
    outer loop
      vertex 24.4496 23.2328 4.499
      vertex 25.0245 22.2371 -1.50039
      vertex 25.0245 22.2371 4.499
    endloop
  endfacet
  facet normal -0.743143 0.669133 0
    outer loop
      vertex 23.6802 15.9127 -1.5005
      vertex 24.4496 16.7672 4.499
      vertex 24.4496 16.7672 -1.5005
    endloop
  endfacet
  facet normal -0.743143 0.669133 0
    outer loop
      vertex 24.4496 16.7672 4.499
      vertex 23.6802 15.9127 -1.5005
      vertex 23.6802 15.9127 4.499
    endloop
  endfacet
  facet normal -0.587768 -0.809029 0
    outer loop
      vertex 22.75 24.7631 -1.50023
      vertex 23.6802 24.0873 4.499
      vertex 22.75 24.7631 4.499
    endloop
  endfacet
  facet normal -0.587768 -0.809029 -0
    outer loop
      vertex 23.6802 24.0873 4.499
      vertex 22.75 24.7631 -1.50023
      vertex 23.6802 24.0873 -1.50027
    endloop
  endfacet
  facet normal 0.994521 -0.10454 0
    outer loop
      vertex 14.5 20 4.499
      vertex 14.6202 21.1435 -1.5005
      vertex 14.6202 21.1435 4.499
    endloop
  endfacet
  facet normal 0.994521 -0.10454 0
    outer loop
      vertex 14.6202 21.1435 -1.5005
      vertex 14.5 20 4.499
      vertex 14.5 20 -1.5005
    endloop
  endfacet
  facet normal -0.40676 -0.913535 0
    outer loop
      vertex 21.6996 25.2308 -1.50022
      vertex 22.75 24.7631 4.499
      vertex 21.6996 25.2308 4.499
    endloop
  endfacet
  facet normal -0.40676 -0.913535 -0
    outer loop
      vertex 22.75 24.7631 4.499
      vertex 21.6996 25.2308 -1.50022
      vertex 22.75 24.7631 -1.50023
    endloop
  endfacet
  facet normal 0.866013 -0.500021 0
    outer loop
      vertex 14.9755 22.2371 4.499
      vertex 15.5504 23.2328 -1.5005
      vertex 15.5504 23.2328 4.499
    endloop
  endfacet
  facet normal 0.866013 -0.500021 0
    outer loop
      vertex 15.5504 23.2328 -1.5005
      vertex 14.9755 22.2371 4.499
      vertex 14.9755 22.2371 -1.5005
    endloop
  endfacet
  facet normal -0.207943 0.978141 0
    outer loop
      vertex 21.6996 14.7692 -1.5005
      vertex 20.5749 14.5301 4.499
      vertex 21.6996 14.7692 4.499
    endloop
  endfacet
  facet normal -0.207943 0.978141 0
    outer loop
      vertex 20.5749 14.5301 4.499
      vertex 21.6996 14.7692 -1.5005
      vertex 20.5749 14.5301 -1.5005
    endloop
  endfacet
  facet normal -0.743143 -0.669133 0
    outer loop
      vertex 24.4496 23.2328 -1.50032
      vertex 23.6802 24.0873 4.499
      vertex 23.6802 24.0873 -1.50027
    endloop
  endfacet
  facet normal -0.743143 -0.669133 0
    outer loop
      vertex 23.6802 24.0873 4.499
      vertex 24.4496 23.2328 -1.50032
      vertex 24.4496 23.2328 4.499
    endloop
  endfacet
  facet normal 0.951065 -0.308992 0
    outer loop
      vertex 14.6202 21.1435 4.499
      vertex 14.9755 22.2371 -1.5005
      vertex 14.9755 22.2371 4.499
    endloop
  endfacet
  facet normal 0.951065 -0.308992 0
    outer loop
      vertex 14.9755 22.2371 -1.5005
      vertex 14.6202 21.1435 4.499
      vertex 14.6202 21.1435 -1.5005
    endloop
  endfacet
  facet normal 0 1 -0
    outer loop
      vertex 20.5749 14.5301 -1.5005
      vertex 19.4251 14.5301 4.499
      vertex 20.5749 14.5301 4.499
    endloop
  endfacet
  facet normal 0 1 0
    outer loop
      vertex 19.4251 14.5301 4.499
      vertex 20.5749 14.5301 -1.5005
      vertex 19.4251 14.5301 -1.5005
    endloop
  endfacet
  facet normal 0.40676 -0.913535 0
    outer loop
      vertex 17.25 24.7631 4.499
      vertex 18.3004 25.2308 -1.50032
      vertex 18.3004 25.2308 4.499
    endloop
  endfacet
  facet normal 0.40676 -0.913535 0
    outer loop
      vertex 18.3004 25.2308 -1.50032
      vertex 17.25 24.7631 4.499
      vertex 17.25 24.7631 -1.5004
    endloop
  endfacet
  facet normal 0 0 -1
    outer loop
      vertex 25.3798 18.8565 4.499
      vertex 25.3798 21.1435 4.499
      vertex 25.5 20 4.499
    endloop
  endfacet
  facet normal 0 0 -1
    outer loop
      vertex 25.0245 17.7629 4.499
      vertex 25.3798 21.1435 4.499
      vertex 25.3798 18.8565 4.499
    endloop
  endfacet
  facet normal 0 0 -1
    outer loop
      vertex 25.0245 17.7629 4.499
      vertex 25.0245 22.2371 4.499
      vertex 25.3798 21.1435 4.499
    endloop
  endfacet
  facet normal 0 0 -1
    outer loop
      vertex 24.4496 16.7672 4.499
      vertex 25.0245 22.2371 4.499
      vertex 25.0245 17.7629 4.499
    endloop
  endfacet
  facet normal 0 0 -1
    outer loop
      vertex 24.4496 16.7672 4.499
      vertex 24.4496 23.2328 4.499
      vertex 25.0245 22.2371 4.499
    endloop
  endfacet
  facet normal 0 0 -1
    outer loop
      vertex 23.6802 15.9127 4.499
      vertex 24.4496 23.2328 4.499
      vertex 24.4496 16.7672 4.499
    endloop
  endfacet
  facet normal 0 0 -1
    outer loop
      vertex 23.6802 15.9127 4.499
      vertex 23.6802 24.0873 4.499
      vertex 24.4496 23.2328 4.499
    endloop
  endfacet
  facet normal 0 0 -1
    outer loop
      vertex 22.75 15.2369 4.499
      vertex 23.6802 24.0873 4.499
      vertex 23.6802 15.9127 4.499
    endloop
  endfacet
  facet normal 0 0 -1
    outer loop
      vertex 22.75 15.2369 4.499
      vertex 22.75 24.7631 4.499
      vertex 23.6802 24.0873 4.499
    endloop
  endfacet
  facet normal 0 0 -1
    outer loop
      vertex 21.6996 14.7692 4.499
      vertex 22.75 24.7631 4.499
      vertex 22.75 15.2369 4.499
    endloop
  endfacet
  facet normal 0 0 -1
    outer loop
      vertex 21.6996 14.7692 4.499
      vertex 21.6996 25.2308 4.499
      vertex 22.75 24.7631 4.499
    endloop
  endfacet
  facet normal 0 0 -1
    outer loop
      vertex 20.5749 14.5301 4.499
      vertex 21.6996 25.2308 4.499
      vertex 21.6996 14.7692 4.499
    endloop
  endfacet
  facet normal 0 0 -1
    outer loop
      vertex 20.5749 14.5301 4.499
      vertex 20.5749 25.4699 4.499
      vertex 21.6996 25.2308 4.499
    endloop
  endfacet
  facet normal 0 0 -1
    outer loop
      vertex 19.4251 14.5301 4.499
      vertex 20.5749 25.4699 4.499
      vertex 20.5749 14.5301 4.499
    endloop
  endfacet
  facet normal 0 0 -1
    outer loop
      vertex 19.4251 14.5301 4.499
      vertex 19.4251 25.4699 4.499
      vertex 20.5749 25.4699 4.499
    endloop
  endfacet
  facet normal 0 0 -1
    outer loop
      vertex 18.3004 14.7692 4.499
      vertex 19.4251 25.4699 4.499
      vertex 19.4251 14.5301 4.499
    endloop
  endfacet
  facet normal 0 0 -1
    outer loop
      vertex 18.3004 14.7692 4.499
      vertex 18.3004 25.2308 4.499
      vertex 19.4251 25.4699 4.499
    endloop
  endfacet
  facet normal 0 0 -1
    outer loop
      vertex 17.25 15.2369 4.499
      vertex 18.3004 25.2308 4.499
      vertex 18.3004 14.7692 4.499
    endloop
  endfacet
  facet normal 0 0 -1
    outer loop
      vertex 17.25 15.2369 4.499
      vertex 17.25 24.7631 4.499
      vertex 18.3004 25.2308 4.499
    endloop
  endfacet
  facet normal 0 0 -1
    outer loop
      vertex 16.3198 15.9127 4.499
      vertex 17.25 24.7631 4.499
      vertex 17.25 15.2369 4.499
    endloop
  endfacet
  facet normal 0 0 -1
    outer loop
      vertex 16.3198 15.9127 4.499
      vertex 16.3198 24.0873 4.499
      vertex 17.25 24.7631 4.499
    endloop
  endfacet
  facet normal 0 0 -1
    outer loop
      vertex 15.5504 16.7672 4.499
      vertex 16.3198 24.0873 4.499
      vertex 16.3198 15.9127 4.499
    endloop
  endfacet
  facet normal 0 0 -1
    outer loop
      vertex 15.5504 16.7672 4.499
      vertex 15.5504 23.2328 4.499
      vertex 16.3198 24.0873 4.499
    endloop
  endfacet
  facet normal 0 0 -1
    outer loop
      vertex 14.9755 17.7629 4.499
      vertex 15.5504 23.2328 4.499
      vertex 15.5504 16.7672 4.499
    endloop
  endfacet
  facet normal 0 0 -1
    outer loop
      vertex 14.9755 17.7629 4.499
      vertex 14.9755 22.2371 4.499
      vertex 15.5504 23.2328 4.499
    endloop
  endfacet
  facet normal 0 0 -1
    outer loop
      vertex 14.6202 18.8565 4.499
      vertex 14.9755 22.2371 4.499
      vertex 14.9755 17.7629 4.499
    endloop
  endfacet
  facet normal 0 0 -1
    outer loop
      vertex 14.6202 18.8565 4.499
      vertex 14.6202 21.1435 4.499
      vertex 14.9755 22.2371 4.499
    endloop
  endfacet
  facet normal 0 -0 -1
    outer loop
      vertex 14.6202 21.1435 4.499
      vertex 14.6202 18.8565 4.499
      vertex 14.5 20 4.499
    endloop
  endfacet
  facet normal 0.207943 -0.978141 0
    outer loop
      vertex 18.3004 25.2308 4.499
      vertex 19.4251 25.4699 -1.50027
      vertex 19.4251 25.4699 4.499
    endloop
  endfacet
  facet normal 0.207943 -0.978141 0
    outer loop
      vertex 19.4251 25.4699 -1.50027
      vertex 18.3004 25.2308 4.499
      vertex 18.3004 25.2308 -1.50032
    endloop
  endfacet
  facet normal -0.951065 0.308992 0
    outer loop
      vertex 25.0245 17.7629 -1.5005
      vertex 25.3798 18.8565 4.499
      vertex 25.3798 18.8565 -1.5005
    endloop
  endfacet
  facet normal -0.951065 0.308992 0
    outer loop
      vertex 25.3798 18.8565 4.499
      vertex 25.0245 17.7629 -1.5005
      vertex 25.0245 17.7629 4.499
    endloop
  endfacet
  facet normal 0.587768 0.809029 -0
    outer loop
      vertex 17.25 15.2369 -1.5005
      vertex 16.3198 15.9127 4.499
      vertex 17.25 15.2369 4.499
    endloop
  endfacet
  facet normal 0.587768 0.809029 0
    outer loop
      vertex 16.3198 15.9127 4.499
      vertex 17.25 15.2369 -1.5005
      vertex 16.3198 15.9127 -1.5005
    endloop
  endfacet
  facet normal 0.743143 0.669133 0
    outer loop
      vertex 16.3198 15.9127 4.499
      vertex 15.5504 16.7672 -1.5005
      vertex 15.5504 16.7672 4.499
    endloop
  endfacet
  facet normal 0.743143 0.669133 0
    outer loop
      vertex 15.5504 16.7672 -1.5005
      vertex 16.3198 15.9127 4.499
      vertex 16.3198 15.9127 -1.5005
    endloop
  endfacet
  facet normal 0.994521 0.10454 0
    outer loop
      vertex 14.6202 18.8565 4.499
      vertex 14.5 20 -1.5005
      vertex 14.5 20 4.499
    endloop
  endfacet
  facet normal 0.994521 0.10454 0
    outer loop
      vertex 14.5 20 -1.5005
      vertex 14.6202 18.8565 4.499
      vertex 14.6202 18.8565 -1.5005
    endloop
  endfacet
  facet normal 0 -1 0
    outer loop
      vertex 19.5296 -15.5247 -1.5005
      vertex 20.4704 -15.5247 4.499
      vertex 19.5296 -15.5247 4.499
    endloop
  endfacet
  facet normal 0 -1 -0
    outer loop
      vertex 20.4704 -15.5247 4.499
      vertex 19.5296 -15.5247 -1.5005
      vertex 20.4704 -15.5247 -1.5005
    endloop
  endfacet
  facet normal -0.951058 -0.309012 0
    outer loop
      vertex 24.4017 -19.0644 -1.5005
      vertex 24.111 -18.1697 4.499
      vertex 24.111 -18.1697 -1.5005
    endloop
  endfacet
  facet normal -0.951058 -0.309012 0
    outer loop
      vertex 24.111 -18.1697 4.499
      vertex 24.4017 -19.0644 -1.5005
      vertex 24.4017 -19.0644 4.499
    endloop
  endfacet
  facet normal -0.994526 -0.104491 0
    outer loop
      vertex 24.5 -20 -1.5005
      vertex 24.4017 -19.0644 4.499
      vertex 24.4017 -19.0644 -1.5005
    endloop
  endfacet
  facet normal -0.994526 -0.104491 0
    outer loop
      vertex 24.4017 -19.0644 4.499
      vertex 24.5 -20 -1.5005
      vertex 24.5 -20 4.499
    endloop
  endfacet
  facet normal -0.743178 0.669094 0
    outer loop
      vertex 23.0111 -23.3442 -1.5005
      vertex 23.6406 -22.645 4.499
      vertex 23.6406 -22.645 -1.5005
    endloop
  endfacet
  facet normal -0.743178 0.669094 0
    outer loop
      vertex 23.6406 -22.645 4.499
      vertex 23.0111 -23.3442 -1.5005
      vertex 23.0111 -23.3442 4.499
    endloop
  endfacet
  facet normal -0.743178 -0.669094 0
    outer loop
      vertex 23.6406 -17.355 -1.5005
      vertex 23.0111 -16.6558 4.499
      vertex 23.0111 -16.6558 -1.5005
    endloop
  endfacet
  facet normal -0.743178 -0.669094 0
    outer loop
      vertex 23.0111 -16.6558 4.499
      vertex 23.6406 -17.355 -1.5005
      vertex 23.6406 -17.355 4.499
    endloop
  endfacet
  facet normal 0 1 -0
    outer loop
      vertex 20.4704 -24.4753 -1.5005
      vertex 19.5296 -24.4753 4.499
      vertex 20.4704 -24.4753 4.499
    endloop
  endfacet
  facet normal 0 1 0
    outer loop
      vertex 19.5296 -24.4753 4.499
      vertex 20.4704 -24.4753 -1.5005
      vertex 19.5296 -24.4753 -1.5005
    endloop
  endfacet
  facet normal 0.86601 0.500026 0
    outer loop
      vertex 16.3594 -22.645 4.499
      vertex 15.889 -21.8303 -1.5005
      vertex 15.889 -21.8303 4.499
    endloop
  endfacet
  facet normal 0.86601 0.500026 0
    outer loop
      vertex 15.889 -21.8303 -1.5005
      vertex 16.3594 -22.645 4.499
      vertex 16.3594 -22.645 -1.5005
    endloop
  endfacet
  facet normal 0.406799 0.913518 -0
    outer loop
      vertex 18.6094 -24.2798 -1.5005
      vertex 17.75 -23.8971 4.499
      vertex 18.6094 -24.2798 4.499
    endloop
  endfacet
  facet normal 0.406799 0.913518 0
    outer loop
      vertex 17.75 -23.8971 4.499
      vertex 18.6094 -24.2798 -1.5005
      vertex 17.75 -23.8971 -1.5005
    endloop
  endfacet
  facet normal -0.86601 -0.500026 0
    outer loop
      vertex 24.111 -18.1697 -1.5005
      vertex 23.6406 -17.355 4.499
      vertex 23.6406 -17.355 -1.5005
    endloop
  endfacet
  facet normal -0.86601 -0.500026 0
    outer loop
      vertex 23.6406 -17.355 4.499
      vertex 24.111 -18.1697 -1.5005
      vertex 24.111 -18.1697 4.499
    endloop
  endfacet
  facet normal -0.994526 0.104491 0
    outer loop
      vertex 24.4017 -20.9356 -1.5005
      vertex 24.5 -20 4.499
      vertex 24.5 -20 -1.5005
    endloop
  endfacet
  facet normal -0.994526 0.104491 0
    outer loop
      vertex 24.5 -20 4.499
      vertex 24.4017 -20.9356 -1.5005
      vertex 24.4017 -20.9356 4.499
    endloop
  endfacet
  facet normal 0 0 -1
    outer loop
      vertex 24.4017 -20.9356 4.499
      vertex 24.4017 -19.0644 4.499
      vertex 24.5 -20 4.499
    endloop
  endfacet
  facet normal 0 0 -1
    outer loop
      vertex 24.111 -21.8303 4.499
      vertex 24.4017 -19.0644 4.499
      vertex 24.4017 -20.9356 4.499
    endloop
  endfacet
  facet normal 0 0 -1
    outer loop
      vertex 24.111 -21.8303 4.499
      vertex 24.111 -18.1697 4.499
      vertex 24.4017 -19.0644 4.499
    endloop
  endfacet
  facet normal 0 0 -1
    outer loop
      vertex 23.6406 -22.645 4.499
      vertex 24.111 -18.1697 4.499
      vertex 24.111 -21.8303 4.499
    endloop
  endfacet
  facet normal 0 0 -1
    outer loop
      vertex 23.6406 -22.645 4.499
      vertex 23.6406 -17.355 4.499
      vertex 24.111 -18.1697 4.499
    endloop
  endfacet
  facet normal 0 0 -1
    outer loop
      vertex 23.0111 -23.3442 4.499
      vertex 23.6406 -17.355 4.499
      vertex 23.6406 -22.645 4.499
    endloop
  endfacet
  facet normal 0 0 -1
    outer loop
      vertex 23.0111 -23.3442 4.499
      vertex 23.0111 -16.6558 4.499
      vertex 23.6406 -17.355 4.499
    endloop
  endfacet
  facet normal 0 0 -1
    outer loop
      vertex 22.25 -23.8971 4.499
      vertex 23.0111 -16.6558 4.499
      vertex 23.0111 -23.3442 4.499
    endloop
  endfacet
  facet normal 0 0 -1
    outer loop
      vertex 22.25 -23.8971 4.499
      vertex 22.25 -16.1029 4.499
      vertex 23.0111 -16.6558 4.499
    endloop
  endfacet
  facet normal 0 0 -1
    outer loop
      vertex 21.3906 -24.2798 4.499
      vertex 22.25 -16.1029 4.499
      vertex 22.25 -23.8971 4.499
    endloop
  endfacet
  facet normal 0 0 -1
    outer loop
      vertex 21.3906 -24.2798 4.499
      vertex 21.3906 -15.7202 4.499
      vertex 22.25 -16.1029 4.499
    endloop
  endfacet
  facet normal 0 0 -1
    outer loop
      vertex 20.4704 -24.4753 4.499
      vertex 21.3906 -15.7202 4.499
      vertex 21.3906 -24.2798 4.499
    endloop
  endfacet
  facet normal 0 0 -1
    outer loop
      vertex 20.4704 -24.4753 4.499
      vertex 20.4704 -15.5247 4.499
      vertex 21.3906 -15.7202 4.499
    endloop
  endfacet
  facet normal 0 0 -1
    outer loop
      vertex 19.5296 -24.4753 4.499
      vertex 20.4704 -15.5247 4.499
      vertex 20.4704 -24.4753 4.499
    endloop
  endfacet
  facet normal 0 0 -1
    outer loop
      vertex 19.5296 -24.4753 4.499
      vertex 19.5296 -15.5247 4.499
      vertex 20.4704 -15.5247 4.499
    endloop
  endfacet
  facet normal 0 0 -1
    outer loop
      vertex 18.6094 -24.2798 4.499
      vertex 19.5296 -15.5247 4.499
      vertex 19.5296 -24.4753 4.499
    endloop
  endfacet
  facet normal 0 0 -1
    outer loop
      vertex 18.6094 -24.2798 4.499
      vertex 18.6094 -15.7202 4.499
      vertex 19.5296 -15.5247 4.499
    endloop
  endfacet
  facet normal 0 0 -1
    outer loop
      vertex 17.75 -23.8971 4.499
      vertex 18.6094 -15.7202 4.499
      vertex 18.6094 -24.2798 4.499
    endloop
  endfacet
  facet normal 0 0 -1
    outer loop
      vertex 17.75 -23.8971 4.499
      vertex 17.75 -16.1029 4.499
      vertex 18.6094 -15.7202 4.499
    endloop
  endfacet
  facet normal 0 0 -1
    outer loop
      vertex 16.9889 -23.3442 4.499
      vertex 17.75 -16.1029 4.499
      vertex 17.75 -23.8971 4.499
    endloop
  endfacet
  facet normal 0 0 -1
    outer loop
      vertex 16.9889 -23.3442 4.499
      vertex 16.9889 -16.6558 4.499
      vertex 17.75 -16.1029 4.499
    endloop
  endfacet
  facet normal 0 0 -1
    outer loop
      vertex 16.3594 -22.645 4.499
      vertex 16.9889 -16.6558 4.499
      vertex 16.9889 -23.3442 4.499
    endloop
  endfacet
  facet normal 0 0 -1
    outer loop
      vertex 16.3594 -22.645 4.499
      vertex 16.3594 -17.355 4.499
      vertex 16.9889 -16.6558 4.499
    endloop
  endfacet
  facet normal 0 0 -1
    outer loop
      vertex 15.889 -21.8303 4.499
      vertex 16.3594 -17.355 4.499
      vertex 16.3594 -22.645 4.499
    endloop
  endfacet
  facet normal 0 0 -1
    outer loop
      vertex 15.889 -21.8303 4.499
      vertex 15.889 -18.1697 4.499
      vertex 16.3594 -17.355 4.499
    endloop
  endfacet
  facet normal 0 0 -1
    outer loop
      vertex 15.5983 -20.9356 4.499
      vertex 15.889 -18.1697 4.499
      vertex 15.889 -21.8303 4.499
    endloop
  endfacet
  facet normal 0 0 -1
    outer loop
      vertex 15.5983 -20.9356 4.499
      vertex 15.5983 -19.0644 4.499
      vertex 15.889 -18.1697 4.499
    endloop
  endfacet
  facet normal 0 -0 -1
    outer loop
      vertex 15.5983 -19.0644 4.499
      vertex 15.5983 -20.9356 4.499
      vertex 15.5 -20 4.499
    endloop
  endfacet
  facet normal -0.587735 -0.809053 0
    outer loop
      vertex 22.25 -16.1029 -1.5005
      vertex 23.0111 -16.6558 4.499
      vertex 22.25 -16.1029 4.499
    endloop
  endfacet
  facet normal -0.587735 -0.809053 -0
    outer loop
      vertex 23.0111 -16.6558 4.499
      vertex 22.25 -16.1029 -1.5005
      vertex 23.0111 -16.6558 -1.5005
    endloop
  endfacet
  facet normal -0.406799 -0.913518 0
    outer loop
      vertex 21.3906 -15.7202 -1.5005
      vertex 22.25 -16.1029 4.499
      vertex 21.3906 -15.7202 4.499
    endloop
  endfacet
  facet normal -0.406799 -0.913518 -0
    outer loop
      vertex 22.25 -16.1029 4.499
      vertex 21.3906 -15.7202 -1.5005
      vertex 22.25 -16.1029 -1.5005
    endloop
  endfacet
  facet normal -0.207816 0.978168 0
    outer loop
      vertex 21.3906 -24.2798 -1.5005
      vertex 20.4704 -24.4753 4.499
      vertex 21.3906 -24.2798 4.499
    endloop
  endfacet
  facet normal -0.207816 0.978168 0
    outer loop
      vertex 20.4704 -24.4753 4.499
      vertex 21.3906 -24.2798 -1.5005
      vertex 20.4704 -24.4753 -1.5005
    endloop
  endfacet
  facet normal -0.587735 0.809053 0
    outer loop
      vertex 23.0111 -23.3442 -1.5005
      vertex 22.25 -23.8971 4.499
      vertex 23.0111 -23.3442 4.499
    endloop
  endfacet
  facet normal -0.587735 0.809053 0
    outer loop
      vertex 22.25 -23.8971 4.499
      vertex 23.0111 -23.3442 -1.5005
      vertex 22.25 -23.8971 -1.5005
    endloop
  endfacet
  facet normal -0.86601 0.500026 0
    outer loop
      vertex 23.6406 -22.645 -1.5005
      vertex 24.111 -21.8303 4.499
      vertex 24.111 -21.8303 -1.5005
    endloop
  endfacet
  facet normal -0.86601 0.500026 0
    outer loop
      vertex 24.111 -21.8303 4.499
      vertex 23.6406 -22.645 -1.5005
      vertex 23.6406 -22.645 4.499
    endloop
  endfacet
  facet normal 0.994526 -0.104491 0
    outer loop
      vertex 15.5 -20 4.499
      vertex 15.5983 -19.0644 -1.5005
      vertex 15.5983 -19.0644 4.499
    endloop
  endfacet
  facet normal 0.994526 -0.104491 0
    outer loop
      vertex 15.5983 -19.0644 -1.5005
      vertex 15.5 -20 4.499
      vertex 15.5 -20 -1.5005
    endloop
  endfacet
  facet normal 0.207816 0.978168 -0
    outer loop
      vertex 19.5296 -24.4753 -1.5005
      vertex 18.6094 -24.2798 4.499
      vertex 19.5296 -24.4753 4.499
    endloop
  endfacet
  facet normal 0.207816 0.978168 0
    outer loop
      vertex 18.6094 -24.2798 4.499
      vertex 19.5296 -24.4753 -1.5005
      vertex 18.6094 -24.2798 -1.5005
    endloop
  endfacet
  facet normal 0.86601 -0.500026 0
    outer loop
      vertex 15.889 -18.1697 4.499
      vertex 16.3594 -17.355 -1.5005
      vertex 16.3594 -17.355 4.499
    endloop
  endfacet
  facet normal 0.86601 -0.500026 0
    outer loop
      vertex 16.3594 -17.355 -1.5005
      vertex 15.889 -18.1697 4.499
      vertex 15.889 -18.1697 -1.5005
    endloop
  endfacet
  facet normal -0.406799 0.913518 0
    outer loop
      vertex 22.25 -23.8971 -1.5005
      vertex 21.3906 -24.2798 4.499
      vertex 22.25 -23.8971 4.499
    endloop
  endfacet
  facet normal -0.406799 0.913518 0
    outer loop
      vertex 21.3906 -24.2798 4.499
      vertex 22.25 -23.8971 -1.5005
      vertex 21.3906 -24.2798 -1.5005
    endloop
  endfacet
  facet normal 0.951058 0.309012 0
    outer loop
      vertex 15.889 -21.8303 4.499
      vertex 15.5983 -20.9356 -1.5005
      vertex 15.5983 -20.9356 4.499
    endloop
  endfacet
  facet normal 0.951058 0.309012 0
    outer loop
      vertex 15.5983 -20.9356 -1.5005
      vertex 15.889 -21.8303 4.499
      vertex 15.889 -21.8303 -1.5005
    endloop
  endfacet
  facet normal -0.951058 0.309012 0
    outer loop
      vertex 24.111 -21.8303 -1.5005
      vertex 24.4017 -20.9356 4.499
      vertex 24.4017 -20.9356 -1.5005
    endloop
  endfacet
  facet normal -0.951058 0.309012 0
    outer loop
      vertex 24.4017 -20.9356 4.499
      vertex 24.111 -21.8303 -1.5005
      vertex 24.111 -21.8303 4.499
    endloop
  endfacet
  facet normal 0.743178 -0.669094 0
    outer loop
      vertex 16.3594 -17.355 4.499
      vertex 16.9889 -16.6558 -1.5005
      vertex 16.9889 -16.6558 4.499
    endloop
  endfacet
  facet normal 0.743178 -0.669094 0
    outer loop
      vertex 16.9889 -16.6558 -1.5005
      vertex 16.3594 -17.355 4.499
      vertex 16.3594 -17.355 -1.5005
    endloop
  endfacet
  facet normal 0.587735 -0.809053 0
    outer loop
      vertex 16.9889 -16.6558 -1.5005
      vertex 17.75 -16.1029 4.499
      vertex 16.9889 -16.6558 4.499
    endloop
  endfacet
  facet normal 0.587735 -0.809053 0
    outer loop
      vertex 17.75 -16.1029 4.499
      vertex 16.9889 -16.6558 -1.5005
      vertex 17.75 -16.1029 -1.5005
    endloop
  endfacet
  facet normal -0.207816 -0.978168 0
    outer loop
      vertex 20.4704 -15.5247 -1.5005
      vertex 21.3906 -15.7202 4.499
      vertex 20.4704 -15.5247 4.499
    endloop
  endfacet
  facet normal -0.207816 -0.978168 -0
    outer loop
      vertex 21.3906 -15.7202 4.499
      vertex 20.4704 -15.5247 -1.5005
      vertex 21.3906 -15.7202 -1.5005
    endloop
  endfacet
  facet normal 0.951058 -0.309012 0
    outer loop
      vertex 15.5983 -19.0644 4.499
      vertex 15.889 -18.1697 -1.5005
      vertex 15.889 -18.1697 4.499
    endloop
  endfacet
  facet normal 0.951058 -0.309012 0
    outer loop
      vertex 15.889 -18.1697 -1.5005
      vertex 15.5983 -19.0644 4.499
      vertex 15.5983 -19.0644 -1.5005
    endloop
  endfacet
  facet normal 0.406799 -0.913518 0
    outer loop
      vertex 17.75 -16.1029 -1.5005
      vertex 18.6094 -15.7202 4.499
      vertex 17.75 -16.1029 4.499
    endloop
  endfacet
  facet normal 0.406799 -0.913518 0
    outer loop
      vertex 18.6094 -15.7202 4.499
      vertex 17.75 -16.1029 -1.5005
      vertex 18.6094 -15.7202 -1.5005
    endloop
  endfacet
  facet normal 0.207816 -0.978168 0
    outer loop
      vertex 18.6094 -15.7202 -1.5005
      vertex 19.5296 -15.5247 4.499
      vertex 18.6094 -15.7202 4.499
    endloop
  endfacet
  facet normal 0.207816 -0.978168 0
    outer loop
      vertex 19.5296 -15.5247 4.499
      vertex 18.6094 -15.7202 -1.5005
      vertex 19.5296 -15.5247 -1.5005
    endloop
  endfacet
  facet normal 0.587735 0.809053 -0
    outer loop
      vertex 17.75 -23.8971 -1.5005
      vertex 16.9889 -23.3442 4.499
      vertex 17.75 -23.8971 4.499
    endloop
  endfacet
  facet normal 0.587735 0.809053 0
    outer loop
      vertex 16.9889 -23.3442 4.499
      vertex 17.75 -23.8971 -1.5005
      vertex 16.9889 -23.3442 -1.5005
    endloop
  endfacet
  facet normal 0.743178 0.669094 0
    outer loop
      vertex 16.9889 -23.3442 4.499
      vertex 16.3594 -22.645 -1.5005
      vertex 16.3594 -22.645 4.499
    endloop
  endfacet
  facet normal 0.743178 0.669094 0
    outer loop
      vertex 16.3594 -22.645 -1.5005
      vertex 16.9889 -23.3442 4.499
      vertex 16.9889 -23.3442 -1.5005
    endloop
  endfacet
  facet normal 0.994526 0.104491 0
    outer loop
      vertex 15.5983 -20.9356 4.499
      vertex 15.5 -20 -1.5005
      vertex 15.5 -20 4.499
    endloop
  endfacet
  facet normal 0.994526 0.104491 0
    outer loop
      vertex 15.5 -20 -1.5005
      vertex 15.5983 -20.9356 4.499
      vertex 15.5983 -20.9356 -1.5005
    endloop
  endfacet
  facet normal -0.951058 -0.309012 0
    outer loop
      vertex -15.5983 -19.0644 -1.5005
      vertex -15.889 -18.1697 4.499
      vertex -15.889 -18.1697 -1.5005
    endloop
  endfacet
  facet normal -0.951058 -0.309012 0
    outer loop
      vertex -15.889 -18.1697 4.499
      vertex -15.5983 -19.0644 -1.5005
      vertex -15.5983 -19.0644 4.499
    endloop
  endfacet
  facet normal -0.994526 -0.104491 0
    outer loop
      vertex -15.5 -20 -1.5005
      vertex -15.5983 -19.0644 4.499
      vertex -15.5983 -19.0644 -1.5005
    endloop
  endfacet
  facet normal -0.994526 -0.104491 0
    outer loop
      vertex -15.5983 -19.0644 4.499
      vertex -15.5 -20 -1.5005
      vertex -15.5 -20 4.499
    endloop
  endfacet
  facet normal -0.951058 0.309012 0
    outer loop
      vertex -15.889 -21.8303 -1.5005
      vertex -15.5983 -20.9356 4.499
      vertex -15.5983 -20.9356 -1.5005
    endloop
  endfacet
  facet normal -0.951058 0.309012 0
    outer loop
      vertex -15.5983 -20.9356 4.499
      vertex -15.889 -21.8303 -1.5005
      vertex -15.889 -21.8303 4.499
    endloop
  endfacet
  facet normal -0.406799 -0.913518 0
    outer loop
      vertex -18.6094 -15.7202 -1.5005
      vertex -17.75 -16.1029 4.499
      vertex -18.6094 -15.7202 4.499
    endloop
  endfacet
  facet normal -0.406799 -0.913518 -0
    outer loop
      vertex -17.75 -16.1029 4.499
      vertex -18.6094 -15.7202 -1.5005
      vertex -17.75 -16.1029 -1.5005
    endloop
  endfacet
  facet normal 0.587735 -0.809053 0
    outer loop
      vertex -23.0111 -16.6558 -1.5005
      vertex -22.25 -16.1029 4.499
      vertex -23.0111 -16.6558 4.499
    endloop
  endfacet
  facet normal 0.587735 -0.809053 0
    outer loop
      vertex -22.25 -16.1029 4.499
      vertex -23.0111 -16.6558 -1.5005
      vertex -22.25 -16.1029 -1.5005
    endloop
  endfacet
  facet normal 0.406799 -0.913518 0
    outer loop
      vertex -22.25 -16.1029 -1.5005
      vertex -21.3906 -15.7202 4.499
      vertex -22.25 -16.1029 4.499
    endloop
  endfacet
  facet normal 0.406799 -0.913518 0
    outer loop
      vertex -21.3906 -15.7202 4.499
      vertex -22.25 -16.1029 -1.5005
      vertex -21.3906 -15.7202 -1.5005
    endloop
  endfacet
  facet normal -0.587575 0.809169 -1.86928e-05
    outer loop
      vertex -16.9889 -23.3442 4.499
      vertex -17.3167 -23.5823 1.5005
      vertex -17.1503 -23.4614 4.499
    endloop
  endfacet
  facet normal -0.587687 0.809088 0
    outer loop
      vertex -16.9889 -23.3442 -1.5005
      vertex -17.3167 -23.5823 1.5005
      vertex -16.9889 -23.3442 4.499
    endloop
  endfacet
  facet normal -0.587687 0.809088 0
    outer loop
      vertex -17.3167 -23.5823 1.5005
      vertex -16.9889 -23.3442 -1.5005
      vertex -17.3167 -23.5823 -1.5005
    endloop
  endfacet
  facet normal -0.587735 -0.809053 0
    outer loop
      vertex -17.75 -16.1029 -1.5005
      vertex -16.9889 -16.6558 4.499
      vertex -17.75 -16.1029 4.499
    endloop
  endfacet
  facet normal -0.587735 -0.809053 -0
    outer loop
      vertex -16.9889 -16.6558 4.499
      vertex -17.75 -16.1029 -1.5005
      vertex -16.9889 -16.6558 -1.5005
    endloop
  endfacet
  facet normal 0.951058 -0.309012 0
    outer loop
      vertex -24.4017 -19.0644 4.499
      vertex -24.111 -18.1697 -1.5005
      vertex -24.111 -18.1697 4.499
    endloop
  endfacet
  facet normal 0.951058 -0.309012 0
    outer loop
      vertex -24.111 -18.1697 -1.5005
      vertex -24.4017 -19.0644 4.499
      vertex -24.4017 -19.0644 -1.5005
    endloop
  endfacet
  facet normal -0.994526 0.104491 0
    outer loop
      vertex -15.5983 -20.9356 -1.5005
      vertex -15.5 -20 4.499
      vertex -15.5 -20 -1.5005
    endloop
  endfacet
  facet normal -0.994526 0.104491 0
    outer loop
      vertex -15.5 -20 4.499
      vertex -15.5983 -20.9356 -1.5005
      vertex -15.5983 -20.9356 4.499
    endloop
  endfacet
  facet normal 0.743178 -0.669094 0
    outer loop
      vertex -23.6406 -17.355 4.499
      vertex -23.0111 -16.6558 -1.5005
      vertex -23.0111 -16.6558 4.499
    endloop
  endfacet
  facet normal 0.743178 -0.669094 0
    outer loop
      vertex -23.0111 -16.6558 -1.5005
      vertex -23.6406 -17.355 4.499
      vertex -23.6406 -17.355 -1.5005
    endloop
  endfacet
  facet normal 0 -1 0
    outer loop
      vertex -20.4704 -15.5247 -1.5005
      vertex -19.5296 -15.5247 4.499
      vertex -20.4704 -15.5247 4.499
    endloop
  endfacet
  facet normal 0 -1 -0
    outer loop
      vertex -19.5296 -15.5247 4.499
      vertex -20.4704 -15.5247 -1.5005
      vertex -19.5296 -15.5247 -1.5005
    endloop
  endfacet
  facet normal -0.86601 0.500026 0
    outer loop
      vertex -16.3594 -22.645 -1.5005
      vertex -15.889 -21.8303 4.499
      vertex -15.889 -21.8303 -1.5005
    endloop
  endfacet
  facet normal -0.86601 0.500026 0
    outer loop
      vertex -15.889 -21.8303 4.499
      vertex -16.3594 -22.645 -1.5005
      vertex -16.3594 -22.645 4.499
    endloop
  endfacet
  facet normal 0.207816 -0.978168 0
    outer loop
      vertex -21.3906 -15.7202 -1.5005
      vertex -20.4704 -15.5247 4.499
      vertex -21.3906 -15.7202 4.499
    endloop
  endfacet
  facet normal 0.207816 -0.978168 0
    outer loop
      vertex -20.4704 -15.5247 4.499
      vertex -21.3906 -15.7202 -1.5005
      vertex -20.4704 -15.5247 -1.5005
    endloop
  endfacet
  facet normal -0.743178 0.669094 0
    outer loop
      vertex -16.9889 -23.3442 -1.5005
      vertex -16.3594 -22.645 4.499
      vertex -16.3594 -22.645 -1.5005
    endloop
  endfacet
  facet normal -0.743178 0.669094 0
    outer loop
      vertex -16.3594 -22.645 4.499
      vertex -16.9889 -23.3442 -1.5005
      vertex -16.9889 -23.3442 4.499
    endloop
  endfacet
  facet normal -0.743178 -0.669094 0
    outer loop
      vertex -16.3594 -17.355 -1.5005
      vertex -16.9889 -16.6558 4.499
      vertex -16.9889 -16.6558 -1.5005
    endloop
  endfacet
  facet normal -0.743178 -0.669094 0
    outer loop
      vertex -16.9889 -16.6558 4.499
      vertex -16.3594 -17.355 -1.5005
      vertex -16.3594 -17.355 4.499
    endloop
  endfacet
  facet normal 0.994526 -0.104491 0
    outer loop
      vertex -24.5 -20 4.499
      vertex -24.4017 -19.0644 -1.5005
      vertex -24.4017 -19.0644 4.499
    endloop
  endfacet
  facet normal 0.994526 -0.104491 0
    outer loop
      vertex -24.4017 -19.0644 -1.5005
      vertex -24.5 -20 4.499
      vertex -24.5 -20 -1.5005
    endloop
  endfacet
  facet normal -0.86601 -0.500026 0
    outer loop
      vertex -15.889 -18.1697 -1.5005
      vertex -16.3594 -17.355 4.499
      vertex -16.3594 -17.355 -1.5005
    endloop
  endfacet
  facet normal -0.86601 -0.500026 0
    outer loop
      vertex -16.3594 -17.355 4.499
      vertex -15.889 -18.1697 -1.5005
      vertex -15.889 -18.1697 4.499
    endloop
  endfacet
  facet normal 0.951074 0.308963 1.37646e-05
    outer loop
      vertex -24.2978 -21.2553 1.5005
      vertex -24.4017 -20.9356 4.499
      vertex -24.3621 -21.0575 4.499
    endloop
  endfacet
  facet normal 0.951036 0.309079 0
    outer loop
      vertex -24.4017 -20.9356 4.499
      vertex -24.2978 -21.2553 1.5005
      vertex -24.4017 -20.9356 -1.5005
    endloop
  endfacet
  facet normal 0.951036 0.309079 0
    outer loop
      vertex -24.4017 -20.9356 -1.5005
      vertex -24.2978 -21.2553 1.5005
      vertex -24.2978 -21.2553 -1.5005
    endloop
  endfacet
  facet normal -0.207816 -0.978168 0
    outer loop
      vertex -19.5296 -15.5247 -1.5005
      vertex -18.6094 -15.7202 4.499
      vertex -19.5296 -15.5247 4.499
    endloop
  endfacet
  facet normal -0.207816 -0.978168 -0
    outer loop
      vertex -18.6094 -15.7202 4.499
      vertex -19.5296 -15.5247 -1.5005
      vertex -18.6094 -15.7202 -1.5005
    endloop
  endfacet
  facet normal 0 0 -1
    outer loop
      vertex -15.5983 -20.9356 4.499
      vertex -15.5983 -19.0644 4.499
      vertex -15.5 -20 4.499
    endloop
  endfacet
  facet normal 0 0 -1
    outer loop
      vertex -15.889 -21.8303 4.499
      vertex -15.5983 -19.0644 4.499
      vertex -15.5983 -20.9356 4.499
    endloop
  endfacet
  facet normal 0 0 -1
    outer loop
      vertex -15.889 -21.8303 4.499
      vertex -15.889 -18.1697 4.499
      vertex -15.5983 -19.0644 4.499
    endloop
  endfacet
  facet normal 0 0 -1
    outer loop
      vertex -17.1503 -23.4614 4.499
      vertex -15.889 -21.8303 4.499
      vertex -16.3594 -22.645 4.499
    endloop
  endfacet
  facet normal -0 0 -1
    outer loop
      vertex -15.889 -21.8303 4.499
      vertex -17.1503 -23.4614 4.499
      vertex -15.889 -18.1697 4.499
    endloop
  endfacet
  facet normal 0 0 -1
    outer loop
      vertex -17.1503 -23.4614 4.499
      vertex -16.3594 -22.645 4.499
      vertex -16.9889 -23.3442 4.499
    endloop
  endfacet
  facet normal -0 0 -1
    outer loop
      vertex -15.889 -18.1697 4.499
      vertex -17.1503 -23.4614 4.499
      vertex -16.3594 -17.355 4.499
    endloop
  endfacet
  facet normal -0 0 -1
    outer loop
      vertex -16.3594 -17.355 4.499
      vertex -17.1503 -23.4614 4.499
      vertex -16.9889 -16.6558 4.499
    endloop
  endfacet
  facet normal 0 0 -1
    outer loop
      vertex -17.1503 -23.4614 4.499
      vertex -17.75 -16.1029 4.499
      vertex -16.9889 -16.6558 4.499
    endloop
  endfacet
  facet normal 0 0 -1
    outer loop
      vertex -17.1503 -23.4614 4.499
      vertex -18.6094 -15.7202 4.499
      vertex -17.75 -16.1029 4.499
    endloop
  endfacet
  facet normal 0 0 -1
    outer loop
      vertex -17.1503 -23.4614 4.499
      vertex -19.5296 -15.5247 4.499
      vertex -18.6094 -15.7202 4.499
    endloop
  endfacet
  facet normal 0 0 -1
    outer loop
      vertex -17.1503 -23.4614 4.499
      vertex -20.4704 -15.5247 4.499
      vertex -19.5296 -15.5247 4.499
    endloop
  endfacet
  facet normal 0 0 -1
    outer loop
      vertex -17.1503 -23.4614 4.499
      vertex -21.3906 -15.7202 4.499
      vertex -20.4704 -15.5247 4.499
    endloop
  endfacet
  facet normal 0 0 -1
    outer loop
      vertex -17.1503 -23.4614 4.499
      vertex -22.25 -16.1029 4.499
      vertex -21.3906 -15.7202 4.499
    endloop
  endfacet
  facet normal 0 0 -1
    outer loop
      vertex -17.1503 -23.4614 4.499
      vertex -23.0111 -16.6558 4.499
      vertex -22.25 -16.1029 4.499
    endloop
  endfacet
  facet normal 0 0 -1
    outer loop
      vertex -17.1503 -23.4614 4.499
      vertex -23.6406 -17.355 4.499
      vertex -23.0111 -16.6558 4.499
    endloop
  endfacet
  facet normal 0 0 -1
    outer loop
      vertex -17.1503 -23.4614 4.499
      vertex -24.111 -18.1697 4.499
      vertex -23.6406 -17.355 4.499
    endloop
  endfacet
  facet normal 0 0 -1
    outer loop
      vertex -24.3621 -21.0575 4.499
      vertex -24.111 -18.1697 4.499
      vertex -17.1503 -23.4614 4.499
    endloop
  endfacet
  facet normal 0 0 -1
    outer loop
      vertex -24.5 -20 4.499
      vertex -24.3621 -21.0575 4.499
      vertex -24.4017 -20.9356 4.499
    endloop
  endfacet
  facet normal 0 0 -1
    outer loop
      vertex -24.3621 -21.0575 4.499
      vertex -24.4017 -19.0644 4.499
      vertex -24.111 -18.1697 4.499
    endloop
  endfacet
  facet normal 0 0 -1
    outer loop
      vertex -24.3621 -21.0575 4.499
      vertex -24.5 -20 4.499
      vertex -24.4017 -19.0644 4.499
    endloop
  endfacet
  facet normal 0.994526 0.104491 0
    outer loop
      vertex -24.4017 -20.9356 4.499
      vertex -24.5 -20 -1.5005
      vertex -24.5 -20 4.499
    endloop
  endfacet
  facet normal 0.994526 0.104491 0
    outer loop
      vertex -24.5 -20 -1.5005
      vertex -24.4017 -20.9356 4.499
      vertex -24.4017 -20.9356 -1.5005
    endloop
  endfacet
  facet normal 0.86601 -0.500026 0
    outer loop
      vertex -24.111 -18.1697 4.499
      vertex -23.6406 -17.355 -1.5005
      vertex -23.6406 -17.355 4.499
    endloop
  endfacet
  facet normal 0.86601 -0.500026 0
    outer loop
      vertex -23.6406 -17.355 -1.5005
      vertex -24.111 -18.1697 4.499
      vertex -24.111 -18.1697 -1.5005
    endloop
  endfacet
  facet normal 0.406768 -0.913531 0
    outer loop
      vertex -29.55 -14.0153 -1.5005
      vertex -28.958 -13.7517 1.599
      vertex -29.55 -14.0153 1.599
    endloop
  endfacet
  facet normal 0.406768 -0.913531 0
    outer loop
      vertex -28.958 -13.7517 1.599
      vertex -29.55 -14.0153 -1.5005
      vertex -28.958 -13.7517 -1.5005
    endloop
  endfacet
  facet normal -0.743095 -0.669186 0
    outer loop
      vertex -25.492 -14.8779 -1.5005
      vertex -25.9257 -14.3963 1.599
      vertex -25.9257 -14.3963 -1.5005
    endloop
  endfacet
  facet normal -0.743095 -0.669186 0
    outer loop
      vertex -25.9257 -14.3963 1.599
      vertex -25.492 -14.8779 -1.5005
      vertex -25.492 -14.8779 1.599
    endloop
  endfacet
  facet normal -0.866031 -0.49999 0
    outer loop
      vertex -25.168 -15.4391 -1.5005
      vertex -25.492 -14.8779 1.599
      vertex -25.492 -14.8779 -1.5005
    endloop
  endfacet
  facet normal -0.866031 -0.49999 0
    outer loop
      vertex -25.492 -14.8779 1.599
      vertex -25.168 -15.4391 -1.5005
      vertex -25.168 -15.4391 1.599
    endloop
  endfacet
  facet normal -0.58786 -0.808963 0
    outer loop
      vertex -26.45 -14.0153 -1.5005
      vertex -25.9257 -14.3963 1.599
      vertex -26.45 -14.0153 1.599
    endloop
  endfacet
  facet normal -0.58786 -0.808963 -0
    outer loop
      vertex -25.9257 -14.3963 1.599
      vertex -26.45 -14.0153 -1.5005
      vertex -25.9257 -14.3963 -1.5005
    endloop
  endfacet
  facet normal 0 -1 0
    outer loop
      vertex -28.324 -13.617 -1.5005
      vertex -27.676 -13.617 1.599
      vertex -28.324 -13.617 1.599
    endloop
  endfacet
  facet normal 0 -1 -0
    outer loop
      vertex -27.676 -13.617 1.599
      vertex -28.324 -13.617 -1.5005
      vertex -27.676 -13.617 -1.5005
    endloop
  endfacet
  facet normal -0.994528 -0.104468 0
    outer loop
      vertex -24.9 -16.7 -1.5005
      vertex -24.9677 -16.0555 1.599
      vertex -24.9677 -16.0555 -1.5005
    endloop
  endfacet
  facet normal -0.994528 -0.104468 0
    outer loop
      vertex -24.9677 -16.0555 1.599
      vertex -24.9 -16.7 -1.5005
      vertex -24.9 -16.7 1.599
    endloop
  endfacet
  facet normal -0.406768 -0.913531 0
    outer loop
      vertex -27.042 -13.7517 -1.5005
      vertex -26.45 -14.0153 1.599
      vertex -27.042 -13.7517 1.599
    endloop
  endfacet
  facet normal -0.406768 -0.913531 -0
    outer loop
      vertex -26.45 -14.0153 1.599
      vertex -27.042 -13.7517 -1.5005
      vertex -26.45 -14.0153 -1.5005
    endloop
  endfacet
  facet normal -0.951048 -0.309044 0
    outer loop
      vertex -24.9677 -16.0555 -1.5005
      vertex -25.168 -15.4391 1.599
      vertex -25.168 -15.4391 -1.5005
    endloop
  endfacet
  facet normal -0.951048 -0.309044 0
    outer loop
      vertex -25.168 -15.4391 1.599
      vertex -24.9677 -16.0555 -1.5005
      vertex -24.9677 -16.0555 1.599
    endloop
  endfacet
  facet normal 0.587787 -0.809016 0.000223355
    outer loop
      vertex -30.05 -14.3786 1.5005
      vertex -29.55 -14.0153 1.599
      vertex -30.0126 -14.3514 1.599
    endloop
  endfacet
  facet normal 0.587816 -0.808995 0
    outer loop
      vertex -29.55 -14.0153 -1.5005
      vertex -30.05 -14.3786 1.5005
      vertex -30.05 -14.3786 -1.5005
    endloop
  endfacet
  facet normal 0.587816 -0.808995 0
    outer loop
      vertex -30.05 -14.3786 1.5005
      vertex -29.55 -14.0153 -1.5005
      vertex -29.55 -14.0153 1.599
    endloop
  endfacet
  facet normal -0.207822 -0.978167 0
    outer loop
      vertex -27.676 -13.617 -1.5005
      vertex -27.042 -13.7517 1.599
      vertex -27.676 -13.617 1.599
    endloop
  endfacet
  facet normal -0.207822 -0.978167 -0
    outer loop
      vertex -27.042 -13.7517 1.599
      vertex -27.676 -13.617 -1.5005
      vertex -27.042 -13.7517 -1.5005
    endloop
  endfacet
  facet normal -1 0 0
    outer loop
      vertex -24.9 -21.0545 1.5005
      vertex -24.9 -16.7 1.599
      vertex -24.9 -16.7 -1.5005
    endloop
  endfacet
  facet normal -1 0 0
    outer loop
      vertex -24.9 -21.0545 1.5005
      vertex -24.9 -16.7 -1.5005
      vertex -24.9 -21.0545 -1.5005
    endloop
  endfacet
  facet normal -1 -0 0
    outer loop
      vertex -24.9 -16.7 1.599
      vertex -24.9 -21.0545 1.5005
      vertex -24.9 -21.0487 1.599
    endloop
  endfacet
  facet normal 0.207822 -0.978167 0
    outer loop
      vertex -28.958 -13.7517 -1.5005
      vertex -28.324 -13.617 1.599
      vertex -28.958 -13.7517 1.599
    endloop
  endfacet
  facet normal 0.207822 -0.978167 0
    outer loop
      vertex -28.324 -13.617 1.599
      vertex -28.958 -13.7517 -1.5005
      vertex -28.324 -13.617 -1.5005
    endloop
  endfacet
  facet normal 0 0 -1
    outer loop
      vertex -28.2527 -19.9312 1.599
      vertex -24.9 -16.7 1.599
      vertex -24.9 -21.0487 1.599
    endloop
  endfacet
  facet normal 0 0 -1
    outer loop
      vertex -30.0125 -17.5082 1.599
      vertex -24.9 -16.7 1.599
      vertex -28.2527 -19.9312 1.599
    endloop
  endfacet
  facet normal 0 0 -1
    outer loop
      vertex -30.0126 -17.5076 1.599
      vertex -24.9 -16.7 1.599
      vertex -30.0125 -17.5082 1.599
    endloop
  endfacet
  facet normal -0 0 -1
    outer loop
      vertex -24.9 -16.7 1.599
      vertex -30.0126 -17.5076 1.599
      vertex -24.9677 -16.0555 1.599
    endloop
  endfacet
  facet normal -0 0 -1
    outer loop
      vertex -25.168 -15.4391 1.599
      vertex -30.0126 -17.5076 1.599
      vertex -25.492 -14.8779 1.599
    endloop
  endfacet
  facet normal -0 0 -1
    outer loop
      vertex -25.492 -14.8779 1.599
      vertex -30.0126 -17.5076 1.599
      vertex -25.9257 -14.3963 1.599
    endloop
  endfacet
  facet normal -0 0 -1
    outer loop
      vertex -25.9257 -14.3963 1.599
      vertex -30.0126 -17.5076 1.599
      vertex -26.45 -14.0153 1.599
    endloop
  endfacet
  facet normal -0 0 -1
    outer loop
      vertex -26.45 -14.0153 1.599
      vertex -30.0126 -17.5076 1.599
      vertex -27.042 -13.7517 1.599
    endloop
  endfacet
  facet normal -0 0 -1
    outer loop
      vertex -27.042 -13.7517 1.599
      vertex -30.0126 -17.5076 1.599
      vertex -27.676 -13.617 1.599
    endloop
  endfacet
  facet normal 0 0 -1
    outer loop
      vertex -30.0125 -17.5082 1.599
      vertex -28.2527 -19.9312 1.599
      vertex -28.7388 -19.7147 1.599
    endloop
  endfacet
  facet normal 0 0 -1
    outer loop
      vertex -29.1698 -19.4016 1.599
      vertex -28.7388 -19.7147 1.599
      vertex -28.7391 -19.7146 1.599
    endloop
  endfacet
  facet normal -0 0 -1
    outer loop
      vertex -27.676 -13.617 1.599
      vertex -30.0126 -17.5076 1.599
      vertex -28.324 -13.617 1.599
    endloop
  endfacet
  facet normal 0 0 -1
    outer loop
      vertex -29.1698 -19.4016 1.599
      vertex -28.7391 -19.7146 1.599
      vertex -29.1695 -19.4019 1.599
    endloop
  endfacet
  facet normal 0 0 -1
    outer loop
      vertex -28.7388 -19.7147 1.599
      vertex -29.1698 -19.4016 1.599
      vertex -30.0125 -17.5082 1.599
    endloop
  endfacet
  facet normal 0 0 -1
    outer loop
      vertex -29.526 -19.0058 1.599
      vertex -29.1698 -19.4016 1.599
      vertex -29.5258 -19.0062 1.599
    endloop
  endfacet
  facet normal 0 0 -1
    outer loop
      vertex -30.0125 -17.5082 1.599
      vertex -29.1698 -19.4016 1.599
      vertex -29.526 -19.0058 1.599
    endloop
  endfacet
  facet normal 0 0 -1
    outer loop
      vertex -28.324 -13.617 1.599
      vertex -30.0126 -17.5076 1.599
      vertex -28.958 -13.7517 1.599
    endloop
  endfacet
  facet normal 0 0 -1
    outer loop
      vertex -29.7922 -18.5446 1.599
      vertex -29.526 -19.0058 1.599
      vertex -29.7921 -18.545 1.599
    endloop
  endfacet
  facet normal 0 0 -1
    outer loop
      vertex -29.526 -19.0058 1.599
      vertex -29.7922 -18.5446 1.599
      vertex -30.0125 -17.5082 1.599
    endloop
  endfacet
  facet normal 0 0 -1
    outer loop
      vertex -30.0125 -17.5082 1.599
      vertex -29.7922 -18.5446 1.599
      vertex -29.9567 -18.0385 1.599
    endloop
  endfacet
  facet normal 0 0 -1
    outer loop
      vertex -29.9569 -18.0374 1.599
      vertex -29.9567 -18.0385 1.599
      vertex -29.9568 -18.038 1.599
    endloop
  endfacet
  facet normal 0 0 -1
    outer loop
      vertex -29.9567 -18.0385 1.599
      vertex -29.9569 -18.0374 1.599
      vertex -30.0125 -17.5082 1.599
    endloop
  endfacet
  facet normal -0 0 -1
    outer loop
      vertex -24.9677 -16.0555 1.599
      vertex -30.0126 -17.5076 1.599
      vertex -25.168 -15.4391 1.599
    endloop
  endfacet
  facet normal 0 0 -1
    outer loop
      vertex -28.958 -13.7517 1.599
      vertex -30.0126 -17.5076 1.599
      vertex -29.55 -14.0153 1.599
    endloop
  endfacet
  facet normal 0 0 -1
    outer loop
      vertex -29.55 -14.0153 1.599
      vertex -30.0126 -17.5076 1.599
      vertex -30.0126 -14.3514 1.599
    endloop
  endfacet
  facet normal 0.406768 -0.913531 0
    outer loop
      vertex 26.45 -14.0153 -1.5005
      vertex 27.042 -13.7517 1.599
      vertex 26.45 -14.0153 1.599
    endloop
  endfacet
  facet normal 0.406768 -0.913531 0
    outer loop
      vertex 27.042 -13.7517 1.599
      vertex 26.45 -14.0153 -1.5005
      vertex 27.042 -13.7517 -1.5005
    endloop
  endfacet
  facet normal -0.587819 -0.808992 -2.95003e-05
    outer loop
      vertex 29.55 -14.0153 1.599
      vertex 30.05 -14.3786 1.5005
      vertex 29.9871 -14.3329 1.599
    endloop
  endfacet
  facet normal -0.587816 -0.808995 0
    outer loop
      vertex 29.55 -14.0153 -1.5005
      vertex 30.05 -14.3786 1.5005
      vertex 29.55 -14.0153 1.599
    endloop
  endfacet
  facet normal -0.587816 -0.808995 -0
    outer loop
      vertex 30.05 -14.3786 1.5005
      vertex 29.55 -14.0153 -1.5005
      vertex 30.05 -14.3786 -1.5005
    endloop
  endfacet
  facet normal 0.866031 -0.49999 0
    outer loop
      vertex 25.168 -15.4391 1.599
      vertex 25.492 -14.8779 -1.5005
      vertex 25.492 -14.8779 1.599
    endloop
  endfacet
  facet normal 0.866031 -0.49999 0
    outer loop
      vertex 25.492 -14.8779 -1.5005
      vertex 25.168 -15.4391 1.599
      vertex 25.168 -15.4391 -1.5005
    endloop
  endfacet
  facet normal 0.994528 -0.104468 0
    outer loop
      vertex 24.9 -16.7 1.599
      vertex 24.9677 -16.0555 -1.5005
      vertex 24.9677 -16.0555 1.599
    endloop
  endfacet
  facet normal 0.994528 -0.104468 0
    outer loop
      vertex 24.9677 -16.0555 -1.5005
      vertex 24.9 -16.7 1.599
      vertex 24.9 -16.7 -1.5005
    endloop
  endfacet
  facet normal 0.951048 -0.309044 0
    outer loop
      vertex 24.9677 -16.0555 1.599
      vertex 25.168 -15.4391 -1.5005
      vertex 25.168 -15.4391 1.599
    endloop
  endfacet
  facet normal 0.951048 -0.309044 0
    outer loop
      vertex 25.168 -15.4391 -1.5005
      vertex 24.9677 -16.0555 1.599
      vertex 24.9677 -16.0555 -1.5005
    endloop
  endfacet
  facet normal 0 -1 0
    outer loop
      vertex 27.676 -13.617 -1.5005
      vertex 28.324 -13.617 1.599
      vertex 27.676 -13.617 1.599
    endloop
  endfacet
  facet normal 0 -1 -0
    outer loop
      vertex 28.324 -13.617 1.599
      vertex 27.676 -13.617 -1.5005
      vertex 28.324 -13.617 -1.5005
    endloop
  endfacet
  facet normal -0.406768 -0.913531 0
    outer loop
      vertex 28.958 -13.7517 -1.5005
      vertex 29.55 -14.0153 1.599
      vertex 28.958 -13.7517 1.599
    endloop
  endfacet
  facet normal -0.406768 -0.913531 -0
    outer loop
      vertex 29.55 -14.0153 1.599
      vertex 28.958 -13.7517 -1.5005
      vertex 29.55 -14.0153 -1.5005
    endloop
  endfacet
  facet normal 0.994507 0.104668 -0.000150834
    outer loop
      vertex 24.9382 -23.6631 1.5005
      vertex 24.9 -23.3 1.599
      vertex 24.9329 -23.6126 1.599
    endloop
  endfacet
  facet normal 0.994511 0.104628 0
    outer loop
      vertex 24.9 -23.3 1.599
      vertex 24.9382 -23.6631 1.5005
      vertex 24.9 -23.3 -1.5005
    endloop
  endfacet
  facet normal 0.994511 0.104628 0
    outer loop
      vertex 24.9 -23.3 -1.5005
      vertex 24.9382 -23.6631 1.5005
      vertex 24.9382 -23.6631 -1.5005
    endloop
  endfacet
  facet normal 0.58786 -0.808963 0
    outer loop
      vertex 25.9257 -14.3963 -1.5005
      vertex 26.45 -14.0153 1.599
      vertex 25.9257 -14.3963 1.599
    endloop
  endfacet
  facet normal 0.58786 -0.808963 0
    outer loop
      vertex 26.45 -14.0153 1.599
      vertex 25.9257 -14.3963 -1.5005
      vertex 26.45 -14.0153 -1.5005
    endloop
  endfacet
  facet normal 0.743095 -0.669186 0
    outer loop
      vertex 25.492 -14.8779 1.599
      vertex 25.9257 -14.3963 -1.5005
      vertex 25.9257 -14.3963 1.599
    endloop
  endfacet
  facet normal 0.743095 -0.669186 0
    outer loop
      vertex 25.9257 -14.3963 -1.5005
      vertex 25.492 -14.8779 1.599
      vertex 25.492 -14.8779 -1.5005
    endloop
  endfacet
  facet normal -0.207822 -0.978167 0
    outer loop
      vertex 28.324 -13.617 -1.5005
      vertex 28.958 -13.7517 1.599
      vertex 28.324 -13.617 1.599
    endloop
  endfacet
  facet normal -0.207822 -0.978167 -0
    outer loop
      vertex 28.958 -13.7517 1.599
      vertex 28.324 -13.617 -1.5005
      vertex 28.958 -13.7517 -1.5005
    endloop
  endfacet
  facet normal 0.207822 -0.978167 0
    outer loop
      vertex 27.042 -13.7517 -1.5005
      vertex 27.676 -13.617 1.599
      vertex 27.042 -13.7517 1.599
    endloop
  endfacet
  facet normal 0.207822 -0.978167 0
    outer loop
      vertex 27.676 -13.617 1.599
      vertex 27.042 -13.7517 -1.5005
      vertex 27.676 -13.617 -1.5005
    endloop
  endfacet
  facet normal 1 -0 0
    outer loop
      vertex 24.9 -23.3 1.599
      vertex 24.9 -16.7 -1.5005
      vertex 24.9 -16.7 1.599
    endloop
  endfacet
  facet normal 1 0 0
    outer loop
      vertex 24.9 -16.7 -1.5005
      vertex 24.9 -23.3 1.599
      vertex 24.9 -23.3 -1.5005
    endloop
  endfacet
  facet normal 0 0 -1
    outer loop
      vertex 24.9 -16.7 1.599
      vertex 29.9871 -17.5076 1.599
      vertex 29.9315 -18.0368 1.599
    endloop
  endfacet
  facet normal 0 0 -1
    outer loop
      vertex 29.9312 -18.038 1.599
      vertex 29.9315 -18.0368 1.599
      vertex 29.9314 -18.0374 1.599
    endloop
  endfacet
  facet normal 0 0 -1
    outer loop
      vertex 29.7668 -18.5441 1.599
      vertex 29.9315 -18.0368 1.599
      vertex 29.9312 -18.038 1.599
    endloop
  endfacet
  facet normal -0 0 -1
    outer loop
      vertex 29.9315 -18.0368 1.599
      vertex 29.7668 -18.5441 1.599
      vertex 24.9 -16.7 1.599
    endloop
  endfacet
  facet normal 0 0 -1
    outer loop
      vertex 24.9 -16.7 1.599
      vertex 29.7668 -18.5441 1.599
      vertex 29.7666 -18.5446 1.599
    endloop
  endfacet
  facet normal 0 0 -1
    outer loop
      vertex 29.9871 -17.5076 1.599
      vertex 29.55 -14.0153 1.599
      vertex 29.9871 -14.3329 1.599
    endloop
  endfacet
  facet normal 0 0 -1
    outer loop
      vertex 24.9 -16.7 1.599
      vertex 29.7666 -18.5446 1.599
      vertex 29.5005 -19.0054 1.599
    endloop
  endfacet
  facet normal 0 0 -1
    outer loop
      vertex 29.1442 -19.4013 1.599
      vertex 29.5005 -19.0054 1.599
      vertex 29.5002 -19.0058 1.599
    endloop
  endfacet
  facet normal -0 0 -1
    outer loop
      vertex 29.5005 -19.0054 1.599
      vertex 29.1442 -19.4013 1.599
      vertex 24.9 -16.7 1.599
    endloop
  endfacet
  facet normal 0 0 -1
    outer loop
      vertex 24.9 -16.7 1.599
      vertex 29.1442 -19.4013 1.599
      vertex 29.1438 -19.4016 1.599
    endloop
  endfacet
  facet normal 0 0 -1
    outer loop
      vertex 29.9871 -17.5076 1.599
      vertex 28.958 -13.7517 1.599
      vertex 29.55 -14.0153 1.599
    endloop
  endfacet
  facet normal 0 0 -1
    outer loop
      vertex 29.9871 -17.5076 1.599
      vertex 28.324 -13.617 1.599
      vertex 28.958 -13.7517 1.599
    endloop
  endfacet
  facet normal 0 0 -1
    outer loop
      vertex 29.9871 -17.5076 1.599
      vertex 27.676 -13.617 1.599
      vertex 28.324 -13.617 1.599
    endloop
  endfacet
  facet normal 0 0 -1
    outer loop
      vertex 29.9871 -17.5076 1.599
      vertex 27.042 -13.7517 1.599
      vertex 27.676 -13.617 1.599
    endloop
  endfacet
  facet normal 0 0 -1
    outer loop
      vertex 29.9871 -17.5076 1.599
      vertex 26.45 -14.0153 1.599
      vertex 27.042 -13.7517 1.599
    endloop
  endfacet
  facet normal 0 0 -1
    outer loop
      vertex 29.9871 -17.5076 1.599
      vertex 25.9257 -14.3963 1.599
      vertex 26.45 -14.0153 1.599
    endloop
  endfacet
  facet normal 0 0 -1
    outer loop
      vertex 29.9871 -17.5076 1.599
      vertex 25.492 -14.8779 1.599
      vertex 25.9257 -14.3963 1.599
    endloop
  endfacet
  facet normal 0 0 -1
    outer loop
      vertex 29.9871 -17.5076 1.599
      vertex 25.168 -15.4391 1.599
      vertex 25.492 -14.8779 1.599
    endloop
  endfacet
  facet normal 0 0 -1
    outer loop
      vertex 29.9871 -17.5076 1.599
      vertex 24.9677 -16.0555 1.599
      vertex 25.168 -15.4391 1.599
    endloop
  endfacet
  facet normal 0 0 -1
    outer loop
      vertex 24.9 -23.3 1.599
      vertex 29.1438 -19.4016 1.599
      vertex 24.9329 -23.6126 1.599
    endloop
  endfacet
  facet normal 0 0 -1
    outer loop
      vertex 24.9 -16.7 1.599
      vertex 29.1438 -19.4016 1.599
      vertex 24.9 -23.3 1.599
    endloop
  endfacet
  facet normal 0 0 -1
    outer loop
      vertex 29.9871 -17.5076 1.599
      vertex 24.9 -16.7 1.599
      vertex 24.9677 -16.0555 1.599
    endloop
  endfacet
  facet normal 0 -0.97813 -0.207995
    outer loop
      vertex 29.75 15.8315 2.50762
      vertex 39 15.8802 2.2786
      vertex 39.75 15.8315 2.50762
    endloop
  endfacet
  facet normal 6.43481e-06 -0.978183 -0.207746
    outer loop
      vertex 29.75 15.8923 2.22134
      vertex 39 15.8802 2.2786
      vertex 29.75 15.8315 2.50762
    endloop
  endfacet
  facet normal 0 -0.978394 -0.206751
    outer loop
      vertex 39 15.8802 2.2786
      vertex 29.75 15.8923 2.22134
      vertex 39 15.8923 2.22134
    endloop
  endfacet
  facet normal 0 -0.97813 -0.207995
    outer loop
      vertex 39.75 15.8315 2.50762
      vertex 39 15.8802 2.2786
      vertex 39.75 15.8802 2.2786
    endloop
  endfacet
  facet normal 0 -0.499953 0.866052
    outer loop
      vertex 29.75 15.3229 0.942376
      vertex 39.75 15.0694 0.796036
      vertex 39.75 15.3229 0.942376
    endloop
  endfacet
  facet normal 0 -0.499953 0.866052
    outer loop
      vertex 39.75 15.0694 0.796036
      vertex 29.75 15.3229 0.942376
      vertex 29.75 15.0694 0.796036
    endloop
  endfacet
  facet normal 0 -0.978183 0.207746
    outer loop
      vertex 29.75 15.8315 1.64238
      vertex 39.75 15.8923 1.92866
      vertex 29.75 15.8923 1.92866
    endloop
  endfacet
  facet normal 0 -0.978183 0.207746
    outer loop
      vertex 39.75 15.8923 1.92866
      vertex 29.75 15.8315 1.64238
      vertex 39.75 15.8315 1.64238
    endloop
  endfacet
  facet normal 0 -0.104522 0.994523
    outer loop
      vertex 29.75 14.7911 0.705593
      vertex 39.75 14.5 0.674999
      vertex 39.75 14.7911 0.705593
    endloop
  endfacet
  facet normal 0 -0.104522 0.994523
    outer loop
      vertex 39.75 14.5 0.674999
      vertex 29.75 14.7911 0.705593
      vertex 29.75 14.5 0.674999
    endloop
  endfacet
  facet normal 0 0.809067 -0.587717
    outer loop
      vertex 39.75 13.2876 2.775
      vertex 29.75 13.4596 3.01178
      vertex 39.75 13.4596 3.01178
    endloop
  endfacet
  facet normal 0 0.809067 -0.587717
    outer loop
      vertex 29.75 13.4596 3.01178
      vertex 39.75 13.2876 2.775
      vertex 29.75 13.2876 2.775
    endloop
  endfacet
  facet normal -0 0.309072 0.951039
    outer loop
      vertex 29.75 14.2089 0.705593
      vertex 39.75 13.9306 0.796036
      vertex 39.75 14.2089 0.705593
    endloop
  endfacet
  facet normal 0 0.309072 0.951039
    outer loop
      vertex 39.75 13.9306 0.796036
      vertex 29.75 14.2089 0.705593
      vertex 29.75 13.9306 0.796036
    endloop
  endfacet
  facet normal 0 -0.669135 -0.743141
    outer loop
      vertex 29.75 15.3229 3.20762
      vertex 39 15.5404 3.01178
      vertex 39 15.3229 3.20762
    endloop
  endfacet
  facet normal -0 -0.669135 -0.743141
    outer loop
      vertex 39 15.5404 3.01178
      vertex 29.75 15.3229 3.20762
      vertex 29.75 15.5404 3.01178
    endloop
  endfacet
  facet normal 0 0.978183 -0.207746
    outer loop
      vertex 39.75 13.1077 2.22134
      vertex 29.75 13.1685 2.50762
      vertex 39.75 13.1685 2.50762
    endloop
  endfacet
  facet normal 0 0.978183 -0.207746
    outer loop
      vertex 29.75 13.1685 2.50762
      vertex 39.75 13.1077 2.22134
      vertex 29.75 13.1077 2.22134
    endloop
  endfacet
  facet normal 0 -0.669142 0.743134
    outer loop
      vertex 29.75 15.5404 1.13822
      vertex 39.75 15.3229 0.942376
      vertex 39.75 15.5404 1.13822
    endloop
  endfacet
  facet normal 0 -0.669142 0.743134
    outer loop
      vertex 39.75 15.3229 0.942376
      vertex 29.75 15.5404 1.13822
      vertex 29.75 15.3229 0.942376
    endloop
  endfacet
  facet normal 0 -0.913614 -0.406582
    outer loop
      vertex 29.75 15.7124 2.775
      vertex 39 15.7362 2.72152
      vertex 39 15.7124 2.775
    endloop
  endfacet
  facet normal -2.15104e-06 -0.913476 -0.406893
    outer loop
      vertex 29.75 15.8315 2.50762
      vertex 39 15.7362 2.72152
      vertex 29.75 15.7124 2.775
    endloop
  endfacet
  facet normal -0 -0.913441 -0.40697
    outer loop
      vertex 39.75 15.8315 2.50762
      vertex 39 15.7362 2.72152
      vertex 29.75 15.8315 2.50762
    endloop
  endfacet
  facet normal 0 -0.913441 -0.40697
    outer loop
      vertex 39 15.7362 2.72152
      vertex 39.75 15.8315 2.50762
      vertex 39.75 15.7362 2.72152
    endloop
  endfacet
  facet normal 0 -0.309018 -0.951056
    outer loop
      vertex 39.75 14.7911 3.44441
      vertex 39 15.0138 3.37205
      vertex 39.75 15.0138 3.37205
    endloop
  endfacet
  facet normal 0 -0.309018 -0.951056
    outer loop
      vertex 29.75 14.7911 3.44441
      vertex 39 15.0138 3.37205
      vertex 39.75 14.7911 3.44441
    endloop
  endfacet
  facet normal 2.00493e-06 -0.309094 -0.951032
    outer loop
      vertex 29.75 15.0694 3.35396
      vertex 39 15.0138 3.37205
      vertex 29.75 14.7911 3.44441
    endloop
  endfacet
  facet normal 0 -0.309395 -0.950933
    outer loop
      vertex 39 15.0138 3.37205
      vertex 29.75 15.0694 3.35396
      vertex 39 15.0694 3.35396
    endloop
  endfacet
  facet normal -1 0 0
    outer loop
      vertex 39.75 15.0694 0.796037
      vertex 39.75 15.3229 0.942376
      vertex 39.75 15.0694 0.796036
    endloop
  endfacet
  facet normal -1 0 0
    outer loop
      vertex 39.75 14.7911 0.705594
      vertex 39.75 15.0694 0.796036
      vertex 39.75 14.7911 0.705593
    endloop
  endfacet
  facet normal -1 -0 0
    outer loop
      vertex 39.75 15.0694 0.796036
      vertex 39.75 14.7911 0.705594
      vertex 39.75 15.0694 0.796037
    endloop
  endfacet
  facet normal -1 0 0
    outer loop
      vertex 39.75 14.5 0.675
      vertex 39.75 14.7911 0.705593
      vertex 39.75 14.5 0.674999
    endloop
  endfacet
  facet normal -1 -0 0
    outer loop
      vertex 39.75 14.7911 0.705593
      vertex 39.75 14.5 0.675
      vertex 39.75 14.7911 0.705594
    endloop
  endfacet
  facet normal -1 0 0
    outer loop
      vertex 39.75 14.5 0.674999
      vertex 39.75 14.2089 0.705594
      vertex 39.75 14.5 0.675
    endloop
  endfacet
  facet normal -1 0 0
    outer loop
      vertex 39.75 14.2089 0.705593
      vertex 39.75 14.2089 0.705594
      vertex 39.75 14.5 0.674999
    endloop
  endfacet
  facet normal -1 0 0
    outer loop
      vertex 39.75 14.2089 0.705593
      vertex 39.75 13.9306 0.796037
      vertex 39.75 14.2089 0.705594
    endloop
  endfacet
  facet normal -1 0 0
    outer loop
      vertex 39.75 13.9306 0.796036
      vertex 39.75 13.9306 0.796037
      vertex 39.75 14.2089 0.705593
    endloop
  endfacet
  facet normal -1 0 0
    outer loop
      vertex 39.75 13.9306 0.796036
      vertex 39.75 13.6771 0.942376
      vertex 39.75 13.9306 0.796037
    endloop
  endfacet
  facet normal -0 0.104522 0.994523
    outer loop
      vertex 29.75 14.5 0.674999
      vertex 39.75 14.2089 0.705593
      vertex 39.75 14.5 0.674999
    endloop
  endfacet
  facet normal 0 0.104522 0.994523
    outer loop
      vertex 39.75 14.2089 0.705593
      vertex 29.75 14.5 0.674999
      vertex 29.75 14.2089 0.705593
    endloop
  endfacet
  facet normal -0 -0.104578 -0.994517
    outer loop
      vertex 39 14.5 3.475
      vertex 29.75 14.5 3.475
      vertex 39 14.5582 3.46888
    endloop
  endfacet
  facet normal 0 -0.104491 -0.994526
    outer loop
      vertex 39 14.5582 3.46888
      vertex 39.75 14.7911 3.44441
      vertex 39.75 14.5582 3.46888
    endloop
  endfacet
  facet normal -4.40997e-07 -0.104509 -0.994524
    outer loop
      vertex 29.75 14.7911 3.44441
      vertex 39 14.5582 3.46888
      vertex 29.75 14.5 3.475
    endloop
  endfacet
  facet normal 0 -0.104491 -0.994526
    outer loop
      vertex 39 14.5582 3.46888
      vertex 29.75 14.7911 3.44441
      vertex 39.75 14.7911 3.44441
    endloop
  endfacet
  facet normal 0 -0.809067 -0.587717
    outer loop
      vertex 29.75 15.7124 2.775
      vertex 39 15.5404 3.01178
      vertex 29.75 15.5404 3.01178
    endloop
  endfacet
  facet normal 0 -0.809067 -0.587717
    outer loop
      vertex 39 15.5404 3.01178
      vertex 29.75 15.7124 2.775
      vertex 39 15.7124 2.775
    endloop
  endfacet
  facet normal 0 0.309094 -0.951032
    outer loop
      vertex 29.75 13.9306 3.35396
      vertex 39.75 14.2089 3.44441
      vertex 39.75 13.9306 3.35396
    endloop
  endfacet
  facet normal 0 0.309094 -0.951032
    outer loop
      vertex 39.75 14.2089 3.44441
      vertex 29.75 13.9306 3.35396
      vertex 29.75 14.2089 3.44441
    endloop
  endfacet
  facet normal 0 -0.309072 0.951039
    outer loop
      vertex 29.75 15.0694 0.796036
      vertex 39.75 14.7911 0.705593
      vertex 39.75 15.0694 0.796036
    endloop
  endfacet
  facet normal 0 -0.309072 0.951039
    outer loop
      vertex 39.75 14.7911 0.705593
      vertex 29.75 15.0694 0.796036
      vertex 29.75 14.7911 0.705593
    endloop
  endfacet
  facet normal 0 0.913476 0.406893
    outer loop
      vertex 39.75 13.2876 1.375
      vertex 29.75 13.1685 1.64238
      vertex 39.75 13.1685 1.64238
    endloop
  endfacet
  facet normal 0 0.913476 0.406893
    outer loop
      vertex 29.75 13.1685 1.64238
      vertex 39.75 13.2876 1.375
      vertex 29.75 13.2876 1.375
    endloop
  endfacet
  facet normal 1 0 0
    outer loop
      vertex 29.75 15.8315 2.50762
      vertex 29.75 15.8923 1.92866
      vertex 29.75 15.8923 2.22134
    endloop
  endfacet
  facet normal 1 0 0
    outer loop
      vertex 29.75 15.8315 2.50762
      vertex 29.75 15.8315 1.64238
      vertex 29.75 15.8923 1.92866
    endloop
  endfacet
  facet normal 1 0 0
    outer loop
      vertex 29.75 15.7124 2.775
      vertex 29.75 15.8315 1.64238
      vertex 29.75 15.8315 2.50762
    endloop
  endfacet
  facet normal 1 0 0
    outer loop
      vertex 29.75 15.7124 2.775
      vertex 29.75 15.7124 1.375
      vertex 29.75 15.8315 1.64238
    endloop
  endfacet
  facet normal 1 0 0
    outer loop
      vertex 29.75 15.5404 3.01178
      vertex 29.75 15.7124 1.375
      vertex 29.75 15.7124 2.775
    endloop
  endfacet
  facet normal 1 0 0
    outer loop
      vertex 29.75 15.5404 3.01178
      vertex 29.75 15.5404 1.13822
      vertex 29.75 15.7124 1.375
    endloop
  endfacet
  facet normal 1 0 0
    outer loop
      vertex 29.75 15.3229 3.20762
      vertex 29.75 15.5404 1.13822
      vertex 29.75 15.5404 3.01178
    endloop
  endfacet
  facet normal 1 0 0
    outer loop
      vertex 29.75 15.3229 3.20762
      vertex 29.75 15.3229 0.942376
      vertex 29.75 15.5404 1.13822
    endloop
  endfacet
  facet normal 1 0 0
    outer loop
      vertex 29.75 15.0694 3.35396
      vertex 29.75 15.3229 0.942376
      vertex 29.75 15.3229 3.20762
    endloop
  endfacet
  facet normal 1 0 0
    outer loop
      vertex 29.75 15.0694 3.35396
      vertex 29.75 15.0694 0.796036
      vertex 29.75 15.3229 0.942376
    endloop
  endfacet
  facet normal 1 0 0
    outer loop
      vertex 29.75 14.7911 3.44441
      vertex 29.75 15.0694 0.796036
      vertex 29.75 15.0694 3.35396
    endloop
  endfacet
  facet normal 1 0 0
    outer loop
      vertex 29.75 14.7911 3.44441
      vertex 29.75 14.7911 0.705593
      vertex 29.75 15.0694 0.796036
    endloop
  endfacet
  facet normal 1 0 0
    outer loop
      vertex 29.75 14.5 3.475
      vertex 29.75 14.7911 0.705593
      vertex 29.75 14.7911 3.44441
    endloop
  endfacet
  facet normal 1 0 0
    outer loop
      vertex 29.75 14.5 3.475
      vertex 29.75 14.5 0.674999
      vertex 29.75 14.7911 0.705593
    endloop
  endfacet
  facet normal 1 -0 0
    outer loop
      vertex 29.75 14.2089 3.44441
      vertex 29.75 14.5 0.674999
      vertex 29.75 14.5 3.475
    endloop
  endfacet
  facet normal 1 0 0
    outer loop
      vertex 29.75 14.2089 3.44441
      vertex 29.75 14.2089 0.705593
      vertex 29.75 14.5 0.674999
    endloop
  endfacet
  facet normal 1 -0 0
    outer loop
      vertex 29.75 13.9306 3.35396
      vertex 29.75 14.2089 0.705593
      vertex 29.75 14.2089 3.44441
    endloop
  endfacet
  facet normal 1 0 0
    outer loop
      vertex 29.75 13.9306 3.35396
      vertex 29.75 13.9306 0.796036
      vertex 29.75 14.2089 0.705593
    endloop
  endfacet
  facet normal 1 -0 0
    outer loop
      vertex 29.75 13.6771 3.20762
      vertex 29.75 13.9306 0.796036
      vertex 29.75 13.9306 3.35396
    endloop
  endfacet
  facet normal 1 0 0
    outer loop
      vertex 29.75 13.6771 3.20762
      vertex 29.75 13.6771 0.942376
      vertex 29.75 13.9306 0.796036
    endloop
  endfacet
  facet normal 1 -0 0
    outer loop
      vertex 29.75 13.4596 3.01178
      vertex 29.75 13.6771 0.942376
      vertex 29.75 13.6771 3.20762
    endloop
  endfacet
  facet normal 1 0 0
    outer loop
      vertex 29.75 13.4596 3.01178
      vertex 29.75 13.4596 1.13822
      vertex 29.75 13.6771 0.942376
    endloop
  endfacet
  facet normal 1 -0 0
    outer loop
      vertex 29.75 13.2876 2.775
      vertex 29.75 13.4596 1.13822
      vertex 29.75 13.4596 3.01178
    endloop
  endfacet
  facet normal 1 0 0
    outer loop
      vertex 29.75 13.2876 2.775
      vertex 29.75 13.2876 1.375
      vertex 29.75 13.4596 1.13822
    endloop
  endfacet
  facet normal 1 -0 0
    outer loop
      vertex 29.75 13.1685 2.50762
      vertex 29.75 13.2876 1.375
      vertex 29.75 13.2876 2.775
    endloop
  endfacet
  facet normal 1 0 0
    outer loop
      vertex 29.75 13.1685 2.50762
      vertex 29.75 13.1685 1.64238
      vertex 29.75 13.2876 1.375
    endloop
  endfacet
  facet normal 1 -0 0
    outer loop
      vertex 29.75 13.1077 2.22134
      vertex 29.75 13.1685 1.64238
      vertex 29.75 13.1685 2.50762
    endloop
  endfacet
  facet normal 1 0 0
    outer loop
      vertex 29.75 13.1685 1.64238
      vertex 29.75 13.1077 2.22134
      vertex 29.75 13.1077 1.92866
    endloop
  endfacet
  facet normal 0 -0.809067 0.587717
    outer loop
      vertex 29.75 15.5404 1.13822
      vertex 39.75 15.7124 1.375
      vertex 29.75 15.7124 1.375
    endloop
  endfacet
  facet normal 0 -0.809067 0.587717
    outer loop
      vertex 39.75 15.7124 1.375
      vertex 29.75 15.5404 1.13822
      vertex 39.75 15.5404 1.13822
    endloop
  endfacet
  facet normal 0 -0.913476 0.406893
    outer loop
      vertex 29.75 15.7124 1.375
      vertex 39.75 15.8315 1.64238
      vertex 29.75 15.8315 1.64238
    endloop
  endfacet
  facet normal 0 -0.913476 0.406893
    outer loop
      vertex 39.75 15.8315 1.64238
      vertex 29.75 15.7124 1.375
      vertex 39.75 15.7124 1.375
    endloop
  endfacet
  facet normal 0 0.809067 0.587717
    outer loop
      vertex 39.75 13.4596 1.13822
      vertex 29.75 13.2876 1.375
      vertex 39.75 13.2876 1.375
    endloop
  endfacet
  facet normal 0 0.809067 0.587717
    outer loop
      vertex 29.75 13.2876 1.375
      vertex 39.75 13.4596 1.13822
      vertex 29.75 13.4596 1.13822
    endloop
  endfacet
  facet normal -0 0.499953 0.866052
    outer loop
      vertex 29.75 13.9306 0.796036
      vertex 39.75 13.6771 0.942376
      vertex 39.75 13.9306 0.796036
    endloop
  endfacet
  facet normal 0 0.499953 0.866052
    outer loop
      vertex 39.75 13.6771 0.942376
      vertex 29.75 13.9306 0.796036
      vertex 29.75 13.6771 0.942376
    endloop
  endfacet
  facet normal 0 0.499953 -0.866052
    outer loop
      vertex 29.75 13.6771 3.20762
      vertex 39.75 13.9306 3.35396
      vertex 39.75 13.6771 3.20762
    endloop
  endfacet
  facet normal 0 0.499953 -0.866052
    outer loop
      vertex 39.75 13.9306 3.35396
      vertex 29.75 13.6771 3.20762
      vertex 29.75 13.9306 3.35396
    endloop
  endfacet
  facet normal 0 0.978183 0.207746
    outer loop
      vertex 39.75 13.1685 1.64238
      vertex 29.75 13.1077 1.92866
      vertex 39.75 13.1077 1.92866
    endloop
  endfacet
  facet normal 0 0.978183 0.207746
    outer loop
      vertex 29.75 13.1077 1.92866
      vertex 39.75 13.1685 1.64238
      vertex 29.75 13.1685 1.64238
    endloop
  endfacet
  facet normal -0 0.669142 0.743134
    outer loop
      vertex 29.75 13.6771 0.942376
      vertex 39.75 13.4596 1.13822
      vertex 39.75 13.6771 0.942376
    endloop
  endfacet
  facet normal 0 0.669142 0.743134
    outer loop
      vertex 39.75 13.4596 1.13822
      vertex 29.75 13.6771 0.942376
      vertex 29.75 13.4596 1.13822
    endloop
  endfacet
  facet normal 0 0.913476 -0.406893
    outer loop
      vertex 39.75 13.1685 2.50762
      vertex 29.75 13.2876 2.775
      vertex 39.75 13.2876 2.775
    endloop
  endfacet
  facet normal 0 0.913476 -0.406893
    outer loop
      vertex 29.75 13.2876 2.775
      vertex 39.75 13.1685 2.50762
      vertex 29.75 13.1685 2.50762
    endloop
  endfacet
  facet normal 0 0.669135 -0.743141
    outer loop
      vertex 29.75 13.4596 3.01178
      vertex 39.75 13.6771 3.20762
      vertex 39.75 13.4596 3.01178
    endloop
  endfacet
  facet normal 0 0.669135 -0.743141
    outer loop
      vertex 39.75 13.6771 3.20762
      vertex 29.75 13.4596 3.01178
      vertex 29.75 13.6771 3.20762
    endloop
  endfacet
  facet normal 0 1 -0
    outer loop
      vertex 39.75 13.1077 1.92866
      vertex 29.75 13.1077 2.22134
      vertex 39.75 13.1077 2.22134
    endloop
  endfacet
  facet normal 0 1 0
    outer loop
      vertex 29.75 13.1077 2.22134
      vertex 39.75 13.1077 1.92866
      vertex 29.75 13.1077 1.92866
    endloop
  endfacet
  facet normal 0 0.1045 -0.994525
    outer loop
      vertex 39.75 14.2089 3.44441
      vertex 39 14.4473 3.46946
      vertex 39.75 14.4473 3.46946
    endloop
  endfacet
  facet normal 0 0.1045 -0.994525
    outer loop
      vertex 29.75 14.2089 3.44441
      vertex 39 14.4473 3.46946
      vertex 39.75 14.2089 3.44441
    endloop
  endfacet
  facet normal -2.21976e-07 0.104509 -0.994524
    outer loop
      vertex 29.75 14.5 3.475
      vertex 39 14.4473 3.46946
      vertex 29.75 14.2089 3.44441
    endloop
  endfacet
  facet normal 0 0.104547 -0.99452
    outer loop
      vertex 39 14.4473 3.46946
      vertex 29.75 14.5 3.475
      vertex 39 14.5 3.475
    endloop
  endfacet
  facet normal 0 -0.499953 -0.866052
    outer loop
      vertex 29.75 15.0694 3.35396
      vertex 39 15.3229 3.20762
      vertex 39 15.0694 3.35396
    endloop
  endfacet
  facet normal -0 -0.499953 -0.866052
    outer loop
      vertex 39 15.3229 3.20762
      vertex 29.75 15.0694 3.35396
      vertex 29.75 15.3229 3.20762
    endloop
  endfacet
endsolid OpenSCAD_Model
