solid OpenSCAD_Model
  facet normal -0.866034 0.499985 0
    outer loop
      vertex -24.6542 22.6269 -1.49975
      vertex -24.2361 23.3511 1.49975
      vertex -24.2361 23.3511 -1.49975
    endloop
  endfacet
  facet normal -0.866034 0.499985 0
    outer loop
      vertex -24.2361 23.3511 1.49975
      vertex -24.6542 22.6269 -1.49975
      vertex -24.6542 22.6269 1.49975
    endloop
  endfacet
  facet normal -0.974195 -0.12619 0.187137
    outer loop
      vertex -25.2 -16.0134 3.92705
      vertex -23.3897 -19.5 11
      vertex -23.7294 -16.8775 11
    endloop
  endfacet
  facet normal -0.974199 -0.126057 0.187204
    outer loop
      vertex -25.2 -16.0134 3.92705
      vertex -23.3275 -19.9158 11.0437
      vertex -23.3897 -19.5 11
    endloop
  endfacet
  facet normal -0.974196 -0.126191 0.18713
    outer loop
      vertex -24.9126 -21.8316 1.49975
      vertex -23.3275 -19.9158 11.0437
      vertex -25.2 -16.0134 3.92705
    endloop
  endfacet
  facet normal -0.974172 -0.126342 0.187156
    outer loop
      vertex -23.3275 -19.9158 11.0437
      vertex -24.9126 -21.8316 1.49975
      vertex -23.2511 -20.3135 11.1729
    endloop
  endfacet
  facet normal -0.974221 -0.12602 0.187114
    outer loop
      vertex -23.2511 -20.3135 11.1729
      vertex -24.9126 -21.8316 1.49975
      vertex -23.1641 -20.6756 11.382
    endloop
  endfacet
  facet normal -0.974185 -0.126268 0.187136
    outer loop
      vertex -23.1641 -20.6756 11.382
      vertex -24.9126 -21.8316 1.49975
      vertex -23.0701 -20.9863 11.6617
    endloop
  endfacet
  facet normal -0.974201 -0.126156 0.18713
    outer loop
      vertex -23.0701 -20.9863 11.6617
      vertex -24.9126 -21.8316 1.49975
      vertex -22.9733 -21.232 12
    endloop
  endfacet
  facet normal -0.974204 -0.126135 0.187129
    outer loop
      vertex -24.9126 -21.8316 1.49975
      vertex -22.8779 -21.4021 12.382
      vertex -22.9733 -21.232 12
    endloop
  endfacet
  facet normal -0.974074 -0.127114 0.187144
    outer loop
      vertex -24.9126 -21.8316 1.49975
      vertex -22.788 -21.489 12.7909
      vertex -22.8779 -21.4021 12.382
    endloop
  endfacet
  facet normal -0.97421 -0.126076 0.187138
    outer loop
      vertex -14.6296 -22.2942 54.7198
      vertex -22.788 -21.489 12.7909
      vertex -24.9126 -21.8316 1.49975
    endloop
  endfacet
  facet normal -0.974192 -0.126222 0.187131
    outer loop
      vertex -22.788 -21.489 12.7909
      vertex -14.6296 -22.2942 54.7198
      vertex -15.8811 -21.489 48.7477
    endloop
  endfacet
  facet normal -0.974169 -0.126456 0.187095
    outer loop
      vertex -15.8811 -21.489 48.7477
      vertex -14.6296 -22.2942 54.7198
      vertex -14.6419 -22.2172 54.7078
    endloop
  endfacet
  facet normal -0.978768 0 0.204969
    outer loop
      vertex -23.8388 -9.68049 11
      vertex -25.2 -14.25 4.5
      vertex -23.8388 -15.1936 11
    endloop
  endfacet
  facet normal -0.978741 -0.000168306 0.205098
    outer loop
      vertex -14.8704 20.3135 53.8271
      vertex -14.7221 20.9249 54.5353
      vertex -14.8802 20.3943 53.7804
    endloop
  endfacet
  facet normal -0.978789 0.000105738 0.204871
    outer loop
      vertex -14.8434 19.9158 53.9563
      vertex -14.7221 20.9249 54.5353
      vertex -14.8704 20.3135 53.8271
    endloop
  endfacet
  facet normal -0.978811 0.000170083 0.204764
    outer loop
      vertex -14.7221 20.9249 54.5353
      vertex -14.8434 19.9158 53.9563
      vertex -14.8401 19.7649 53.9722
    endloop
  endfacet
  facet normal -0.978753 8.72723e-05 0.205042
    outer loop
      vertex -14.9142 -20.6756 53.618
      vertex -14.7582 -21.4889 54.363
      vertex -14.9029 -20.5824 53.6719
    endloop
  endfacet
  facet normal -0.978761 5.07559e-05 0.205004
    outer loop
      vertex -14.9728 -20.9863 53.3383
      vertex -14.7582 -21.4889 54.363
      vertex -14.9142 -20.6756 53.618
    endloop
  endfacet
  facet normal -0.978778 -0.000116999 0.204925
    outer loop
      vertex -15.0436 -21.232 53
      vertex -14.7582 -21.4889 54.363
      vertex -14.9728 -20.9863 53.3383
    endloop
  endfacet
  facet normal -0.978725 0.00126471 0.205175
    outer loop
      vertex -14.7582 -21.4889 54.363
      vertex -15.0436 -21.232 53
      vertex -15.0646 -21.2765 52.9001
    endloop
  endfacet
  facet normal -0.976783 0.103001 0.187847
    outer loop
      vertex -24.9126 21.8316 1.49975
      vertex -22.8651 21.4021 12.382
      vertex -22.7773 21.489 12.7909
    endloop
  endfacet
  facet normal -0.976858 0.102305 0.187834
    outer loop
      vertex -24.9126 21.8316 1.49975
      vertex -22.9443 21.2545 12.0505
      vertex -22.8651 21.4021 12.382
    endloop
  endfacet
  facet normal -0.976818 0.102662 0.187846
    outer loop
      vertex -22.9443 21.2545 12.0505
      vertex -24.9126 21.8316 1.49975
      vertex -25 21 1.49975
    endloop
  endfacet
  facet normal -0.976821 0.102639 0.187845
    outer loop
      vertex -21.0504 21.489 21.7709
      vertex -14.57 22.2969 55.0284
      vertex -24.9126 21.8316 1.49975
    endloop
  endfacet
  facet normal -0.976807 0.102773 0.187845
    outer loop
      vertex -21.0504 21.489 21.7709
      vertex -24.9126 21.8316 1.49975
      vertex -22.7773 21.489 12.7909
    endloop
  endfacet
  facet normal -0.975586 0.114658 0.187313
    outer loop
      vertex -14.57 22.2969 55.0284
      vertex -21.0504 21.489 21.7709
      vertex -14.5708 22.2914 55.0276
    endloop
  endfacet
  facet normal 0.827249 0 0.561835
    outer loop
      vertex 23.5021 -12.4925 7
      vertex 23.5021 -14.6129 7
      vertex 25.2 -14.25 4.5
    endloop
  endfacet
  facet normal 0.827252 -1.52003e-05 0.561831
    outer loop
      vertex -8.4183 20.5486 54
      vertex -9.35212 21.3762 55.375
      vertex -9.34791 21.3355 55.3688
    endloop
  endfacet
  facet normal 0.827188 -0.000192865 0.561925
    outer loop
      vertex -9.35651 21.4187 55.3814
      vertex -8.4183 20.5486 54
      vertex -9.36973 21.5334 55.4009
    endloop
  endfacet
  facet normal 0.827517 0.000931245 0.561441
    outer loop
      vertex -9.35212 21.3762 55.375
      vertex -8.4183 20.5486 54
      vertex -9.35651 21.4187 55.3814
    endloop
  endfacet
  facet normal 0.827229 -0.000103947 0.561866
    outer loop
      vertex -9.31413 20.9783 55.319
      vertex -8.4183 20.5486 54
      vertex -9.34791 21.3355 55.3688
    endloop
  endfacet
  facet normal 0.827244 -2.73369e-06 0.561843
    outer loop
      vertex -8.48421 11.4537 54.097
      vertex -8.4183 20.5486 54
      vertex -9.31413 20.9783 55.319
    endloop
  endfacet
  facet normal 0.828162 -2.38392e-05 0.560488
    outer loop
      vertex -8.48306 11.4351 54.0953
      vertex -8.4183 20.5486 54
      vertex -8.48421 11.4537 54.097
    endloop
  endfacet
  facet normal 0.826453 1.46225e-05 0.563005
    outer loop
      vertex -8.47754 11.3201 54.0872
      vertex -8.4183 20.5486 54
      vertex -8.48306 11.4351 54.0953
    endloop
  endfacet
  facet normal 0.827626 -9.21498e-06 0.561279
    outer loop
      vertex -8.47137 11.1914 54.0781
      vertex -8.4183 20.5486 54
      vertex -8.47754 11.3201 54.0872
    endloop
  endfacet
  facet normal 0.822485 8.26002e-05 0.568786
    outer loop
      vertex -8.47033 11.1647 54.0766
      vertex -8.4183 20.5486 54
      vertex -8.47137 11.1914 54.0781
    endloop
  endfacet
  facet normal 0.826198 1.78809e-05 0.56338
    outer loop
      vertex -8.46453 10.9845 54.0681
      vertex -8.4183 20.5486 54
      vertex -8.47033 11.1647 54.0766
    endloop
  endfacet
  facet normal 0.827155 3.23886e-06 0.561973
    outer loop
      vertex -8.45923 10.8199 54.0603
      vertex -8.4183 20.5486 54
      vertex -8.46453 10.9845 54.0681
    endloop
  endfacet
  facet normal 0.828014 -8.22285e-06 0.560707
    outer loop
      vertex -8.45835 10.7875 54.059
      vertex -8.4183 20.5486 54
      vertex -8.45923 10.8199 54.0603
    endloop
  endfacet
  facet normal 0.828862 -1.92827e-05 0.559453
    outer loop
      vertex -8.45363 10.5832 54.052
      vertex -8.4183 20.5486 54
      vertex -8.45835 10.7875 54.059
    endloop
  endfacet
  facet normal 0.825486 1.86214e-05 0.564423
    outer loop
      vertex -8.44836 10.3547 54.0443
      vertex -8.4183 20.5486 54
      vertex -8.45363 10.5832 54.052
    endloop
  endfacet
  facet normal 0.838606 -0.000105611 0.544738
    outer loop
      vertex -8.44765 10.3187 54.0432
      vertex -8.4183 20.5486 54
      vertex -8.44836 10.3547 54.0443
    endloop
  endfacet
  facet normal 0.826056 9.99433e-06 0.563588
    outer loop
      vertex -8.44369 10.0812 54.0374
      vertex -8.4183 20.5486 54
      vertex -8.44765 10.3187 54.0432
    endloop
  endfacet
  facet normal 0.827498 -1.07222e-06 0.561469
    outer loop
      vertex -8.43928 9.81624 54.0309
      vertex -8.4183 20.5486 54
      vertex -8.44369 10.0812 54.0374
    endloop
  endfacet
  facet normal 0.832894 -3.47573e-05 0.553433
    outer loop
      vertex -8.43875 9.77847 54.0301
      vertex -8.4183 20.5486 54
      vertex -8.43928 9.81624 54.0309
    endloop
  endfacet
  facet normal 0.828442 -7.73955e-06 0.560076
    outer loop
      vertex -8.43544 9.49052 54.0252
      vertex -8.4183 20.5486 54
      vertex -8.43875 9.77847 54.0301
    endloop
  endfacet
  facet normal 0.824764 1.02706e-05 0.565477
    outer loop
      vertex -8.43242 9.22889 54.0208
      vertex -8.4183 20.5486 54
      vertex -8.43544 9.49052 54.0252
    endloop
  endfacet
  facet normal 0.826981 1.53826e-06 0.56223
    outer loop
      vertex -8.43208 9.19084 54.0203
      vertex -8.4183 20.5486 54
      vertex -8.43242 9.22889 54.0208
    endloop
  endfacet
  facet normal 0.831011 -1.40288e-05 0.556256
    outer loop
      vertex -8.43001 8.89141 54.0172
      vertex -8.4183 20.5486 54
      vertex -8.43208 9.19084 54.0203
    endloop
  endfacet
  facet normal 0.822668 1.24505e-05 0.568522
    outer loop
      vertex -8.42814 8.61997 54.0145
      vertex -8.4183 20.5486 54
      vertex -8.43001 8.89141 54.0172
    endloop
  endfacet
  facet normal 0.864531 -0.000102241 0.502579
    outer loop
      vertex -8.42797 8.58277 54.0142
      vertex -8.4183 20.5486 54
      vertex -8.42814 8.61997 54.0145
    endloop
  endfacet
  facet normal 0.817981 2.16115e-05 0.575245
    outer loop
      vertex -8.42733 8.31497 54.0133
      vertex -8.4183 20.5486 54
      vertex -8.42797 8.58277 54.0142
    endloop
  endfacet
  facet normal 0.821209 1.42095e-05 0.570628
    outer loop
      vertex -8.42663 8.0181 54.0123
      vertex -8.4183 20.5486 54
      vertex -8.42733 8.31497 54.0133
    endloop
  endfacet
  facet normal 0.827989 -0 0.560744
    outer loop
      vertex -8.42663 -12.4882 54.0123
      vertex -8.4183 20.5486 54
      vertex -8.42663 8.0181 54.0123
    endloop
  endfacet
  facet normal 0.270471 -0.00391987 -0.96272
    outer loop
      vertex -8.42797 -13.0473 54.0142
      vertex -8.42663 -12.4882 54.0123
      vertex -8.42733 -12.7821 54.0133
    endloop
  endfacet
  facet normal -0.997947 0.00642442 -0.0637191
    outer loop
      vertex -8.43208 -13.6382 54.0203
      vertex -8.42814 -13.0837 54.0145
      vertex -8.43001 -13.3474 54.0172
    endloop
  endfacet
  facet normal -0.999021 0.024125 -0.0370712
    outer loop
      vertex -8.45835 -15.1254 54.059
      vertex -8.44836 -14.7343 54.0443
      vertex -8.45363 -14.9407 54.052
    endloop
  endfacet
  facet normal 0.997959 -0.0341644 0.0539437
    outer loop
      vertex -8.47033 -15.4526 54.0766
      vertex -8.45923 -15.1541 54.0603
      vertex -8.46453 -15.2966 54.0681
    endloop
  endfacet
  facet normal 0.827989 0 0.560744
    outer loop
      vertex -8.42663 -12.4882 54.0123
      vertex -8.4183 -19.5 54
      vertex -8.4183 20.5486 54
    endloop
  endfacet
  facet normal 0.820879 -2.66185e-05 0.571103
    outer loop
      vertex -8.42797 -13.0473 54.0142
      vertex -8.4183 -19.5 54
      vertex -8.42663 -12.4882 54.0123
    endloop
  endfacet
  facet normal 0.860983 0.000170955 0.508633
    outer loop
      vertex -8.42814 -13.0837 54.0145
      vertex -8.4183 -19.5 54
      vertex -8.42797 -13.0473 54.0142
    endloop
  endfacet
  facet normal 0.827239 -1.06022e-06 0.561851
    outer loop
      vertex -8.43208 -13.6382 54.0203
      vertex -8.4183 -19.5 54
      vertex -8.42814 -13.0837 54.0145
    endloop
  endfacet
  facet normal 0.827018 -2.70129e-06 0.562175
    outer loop
      vertex -8.43242 -13.6748 54.0208
      vertex -8.4183 -19.5 54
      vertex -8.43208 -13.6382 54.0203
    endloop
  endfacet
  facet normal 0.824965 -1.84205e-05 0.565183
    outer loop
      vertex -8.43544 -13.9239 54.0252
      vertex -8.4183 -19.5 54
      vertex -8.43242 -13.6748 54.0208
    endloop
  endfacet
  facet normal 0.828292 1.38895e-05 0.560297
    outer loop
      vertex -8.43875 -14.198 54.0301
      vertex -8.4183 -19.5 54
      vertex -8.43544 -13.9239 54.0252
    endloop
  endfacet
  facet normal 0.832341 6.37592e-05 0.554263
    outer loop
      vertex -8.43928 -14.2336 54.0309
      vertex -8.4183 -19.5 54
      vertex -8.43875 -14.198 54.0301
    endloop
  endfacet
  facet normal 0.827483 1.99696e-06 0.561491
    outer loop
      vertex -8.44369 -14.4802 54.0374
      vertex -8.4183 -19.5 54
      vertex -8.43928 -14.2336 54.0309
    endloop
  endfacet
  facet normal 0.826196 -1.86103e-05 0.563383
    outer loop
      vertex -8.44765 -14.7012 54.0432
      vertex -8.4183 -19.5 54
      vertex -8.44369 -14.4802 54.0374
    endloop
  endfacet
  facet normal 0.837413 0.000201346 0.546571
    outer loop
      vertex -8.44836 -14.7343 54.0443
      vertex -8.4183 -19.5 54
      vertex -8.44765 -14.7012 54.0432
    endloop
  endfacet
  facet normal 0.827162 -6.38962e-06 0.561963
    outer loop
      vertex -8.45835 -15.1254 54.059
      vertex -8.4183 -19.5 54
      vertex -8.44836 -14.7343 54.0443
    endloop
  endfacet
  facet normal 0.827943 1.62666e-05 0.560813
    outer loop
      vertex -8.45923 -15.1541 54.0603
      vertex -8.4183 -19.5 54
      vertex -8.45835 -15.1254 54.059
    endloop
  endfacet
  facet normal 0.826721 -2.02033e-05 0.562612
    outer loop
      vertex -8.47033 -15.4526 54.0766
      vertex -8.4183 -19.5 54
      vertex -8.45923 -15.1541 54.0603
    endloop
  endfacet
  facet normal 0.822992 -0.00017111 0.568053
    outer loop
      vertex -8.47137 -15.475 54.0781
      vertex -8.4183 -19.5 54
      vertex -8.47033 -15.4526 54.0766
    endloop
  endfacet
  facet normal 0.827584 1.96374e-05 0.561342
    outer loop
      vertex -8.47754 -15.578 54.0872
      vertex -8.4183 -19.5 54
      vertex -8.47137 -15.475 54.0781
    endloop
  endfacet
  facet normal 0.826521 -3.11645e-05 0.562905
    outer loop
      vertex -8.48306 -15.6699 54.0953
      vertex -8.4183 -19.5 54
      vertex -8.47754 -15.578 54.0872
    endloop
  endfacet
  facet normal 0.828084 5.25225e-05 0.560604
    outer loop
      vertex -8.48421 -15.6838 54.097
      vertex -8.4183 -19.5 54
      vertex -8.48306 -15.6699 54.0953
    endloop
  endfacet
  facet normal 0.827252 0 0.561831
    outer loop
      vertex -7.81014 -20.4945 53.1045
      vertex -6.84975 -21.1009 51.6904
      vertex -6.84975 -20.4945 51.6904
    endloop
  endfacet
  facet normal 0.827276 -7.89586e-05 0.561796
    outer loop
      vertex -9.29705 -21.6241 55.2939
      vertex -7.81014 -20.4945 53.1045
      vertex -7.94901 -20.4511 53.309
    endloop
  endfacet
  facet normal 0.827254 1.08702e-05 0.561828
    outer loop
      vertex -7.81014 -20.4945 53.1045
      vertex -9.29705 -21.6241 55.2939
      vertex -6.84975 -21.1009 51.6904
    endloop
  endfacet
  facet normal 0.827263 -3.00225e-05 0.561816
    outer loop
      vertex -8.07872 -20.366 53.5
      vertex -9.29705 -21.6241 55.2939
      vertex -7.94901 -20.4511 53.309
    endloop
  endfacet
  facet normal 0.827224 8.72451e-05 0.561872
    outer loop
      vertex -8.19359 -20.2431 53.6691
      vertex -9.29705 -21.6241 55.2939
      vertex -8.07872 -20.366 53.5
    endloop
  endfacet
  facet normal 0.827272 -3.35229e-05 0.561802
    outer loop
      vertex -8.28859 -20.0878 53.809
      vertex -9.29705 -21.6241 55.2939
      vertex -8.19359 -20.2431 53.6691
    endloop
  endfacet
  facet normal 0.827229 5.58236e-05 0.561865
    outer loop
      vertex -8.35958 -19.9067 53.9135
      vertex -9.29705 -21.6241 55.2939
      vertex -8.28859 -20.0878 53.809
    endloop
  endfacet
  facet normal 0.827247 2.44503e-05 0.561838
    outer loop
      vertex -8.40346 -19.7079 53.9781
      vertex -9.29705 -21.6241 55.2939
      vertex -8.35958 -19.9067 53.9135
    endloop
  endfacet
  facet normal 0.82734 -0.000113143 0.561701
    outer loop
      vertex -8.4183 -19.5 54
      vertex -9.29705 -21.6241 55.2939
      vertex -8.40346 -19.7079 53.9781
    endloop
  endfacet
  facet normal 0.827249 6.78661e-06 0.561836
    outer loop
      vertex -9.29705 -21.6241 55.2939
      vertex -8.4183 -19.5 54
      vertex -8.48421 -15.6838 54.097
    endloop
  endfacet
  facet normal 0.207945 0.978141 -0
    outer loop
      vertex 22.2361 24.8042 -1.49975
      vertex 21.4181 24.9781 1.49975
      vertex 22.2361 24.8042 1.49975
    endloop
  endfacet
  facet normal 0.207945 0.978141 0
    outer loop
      vertex 21.4181 24.9781 1.49975
      vertex 22.2361 24.8042 -1.49975
      vertex 21.4181 24.9781 -1.49975
    endloop
  endfacet
  facet normal 0.813855 -0.26439 0.517434
    outer loop
      vertex 19.9005 -22.5814 9
      vertex 24.9126 -21.8316 1.49975
      vertex 20.1229 -21.8968 9
    endloop
  endfacet
  facet normal 0.813848 -0.264427 0.517426
    outer loop
      vertex 24.9126 -21.8316 1.49975
      vertex 19.9005 -22.5814 9
      vertex 24.6542 -22.6269 1.49975
    endloop
  endfacet
  facet normal 0.812823 -0.268918 0.516722
    outer loop
      vertex -9.40484 -22.3009 55.2371
      vertex -6.84975 -22.2639 51.2371
      vertex -9.40443 -22.2987 55.2376
    endloop
  endfacet
  facet normal 0.813904 -0.264197 0.517456
    outer loop
      vertex -6.84975 -22.2639 51.2371
      vertex -9.40484 -22.3009 55.2371
      vertex -6.84975 -22.3254 51.2057
    endloop
  endfacet
  facet normal -0.998593 -0.0530264 -0
    outer loop
      vertex -25 -21 1.49975
      vertex -25.2 -17.2336 1.18641
      vertex -25 -21 -1.49975
    endloop
  endfacet
  facet normal -0.998593 -0.0530264 0
    outer loop
      vertex -25.2 -17.2336 1.18641
      vertex -25 -21 1.49975
      vertex -25.2 -17.2336 1.81359
    endloop
  endfacet
  facet normal 0.999981 0.0060905 -0.00129462
    outer loop
      vertex 25.2 -11.3968 0.572948
      vertex 25 21 -1.49975
      vertex 25.2 -11.2664 1.18641
    endloop
  endfacet
  facet normal 0.997769 -0.0333778 -0.0578172
    outer loop
      vertex 25.2 -16.0134 -0.927051
      vertex 25 -21 -1.49975
      vertex 25.2 -15.4702 -1.24064
    endloop
  endfacet
  facet normal -0.994522 -0.104523 0
    outer loop
      vertex -24.9126 -21.8316 -1.49975
      vertex -25 -21 1.49975
      vertex -25 -21 -1.49975
    endloop
  endfacet
  facet normal -0.994522 -0.104523 0
    outer loop
      vertex -25 -21 1.49975
      vertex -24.9126 -21.8316 -1.49975
      vertex -24.9126 -21.8316 1.49975
    endloop
  endfacet
  facet normal -3.1871e-05 1.83764e-05 -1
    outer loop
      vertex -24.6542 22.6269 -1.49975
      vertex -20.0854 18.5789 -1.49997
      vertex -20.1317 18.4986 -1.49997
    endloop
  endfacet
  facet normal -3.18572e-05 1.8392e-05 -1
    outer loop
      vertex -20.0854 18.5789 -1.49997
      vertex -24.6542 22.6269 -1.49975
      vertex -24.2361 23.3511 -1.49975
    endloop
  endfacet
  facet normal 0.758365 -0.437856 0.482871
    outer loop
      vertex 19.5234 -23.2421 9
      vertex 24.6542 -22.6269 1.49975
      vertex 19.8831 -22.6191 9
    endloop
  endfacet
  facet normal 0.758375 -0.43783 0.482879
    outer loop
      vertex 24.6542 -22.6269 1.49975
      vertex 19.5234 -23.2421 9
      vertex 24.2361 -23.3511 1.49975
    endloop
  endfacet
  facet normal 0.726924 -0.507213 0.462944
    outer loop
      vertex -9.46324 -22.5714 55.1321
      vertex -6.84975 -22.575 51.0244
      vertex -9.46307 -22.5707 55.1326
    endloop
  endfacet
  facet normal 0.758342 -0.437895 0.482872
    outer loop
      vertex -6.84975 -22.575 51.0244
      vertex -9.46324 -22.5714 55.1321
      vertex -6.84975 -22.6319 50.9728
    endloop
  endfacet
  facet normal 2.31873e-05 -2.93467e-05 -1
    outer loop
      vertex 23.6765 -23.9726 -1.49975
      vertex 18.3457 -19.6657 -1.5
      vertex 25.2 -14.25 -1.5
    endloop
  endfacet
  facet normal 9.8201e-06 4.61923e-05 -1
    outer loop
      vertex 16.487 21.4802 -1.49996
      vertex 21.4181 24.9781 -1.49975
      vertex 22.2361 24.8042 -1.49975
    endloop
  endfacet
  facet normal 9.82629e-06 4.61836e-05 -1
    outer loop
      vertex 21.4181 24.9781 -1.49975
      vertex 16.487 21.4802 -1.49996
      vertex 16.3695 21.5052 -1.49996
    endloop
  endfacet
  facet normal 3.78605e-05 1.23011e-05 -1
    outer loop
      vertex 20.2529 18.2887 -1.49997
      vertex 24.6542 22.6269 -1.49975
      vertex 20.4572 17.6599 -1.49997
    endloop
  endfacet
  facet normal 3.18552e-05 1.83938e-05 -1
    outer loop
      vertex 24.6542 22.6269 -1.49975
      vertex 20.2529 18.2887 -1.49997
      vertex 20.1317 18.4986 -1.49997
    endloop
  endfacet
  facet normal -0.854851 -0.493528 0.160189
    outer loop
      vertex -14.501 -23.065 54.3327
      vertex -24.6542 -22.6269 1.49975
      vertex -24.2361 -23.3511 1.49975
    endloop
  endfacet
  facet normal 2.68177e-05 2.41359e-05 -1
    outer loop
      vertex 18.8475 20.2231 -1.49997
      vertex 23.6765 23.9726 -1.49975
      vertex 18.9267 20.1351 -1.49997
    endloop
  endfacet
  facet normal 2.20227e-05 3.03114e-05 -1
    outer loop
      vertex 23.6765 23.9726 -1.49975
      vertex 18.8475 20.2231 -1.49997
      vertex 18.1962 20.6963 -1.49997
    endloop
  endfacet
  facet normal 0.116424 -0.987749 0.103911
    outer loop
      vertex -9.499 -23.1 54
      vertex -6.84975 -23.229 49.8055
      vertex -9.499 -23.065 54.3327
    endloop
  endfacet
  facet normal 0.115911 -0.987843 0.10359
    outer loop
      vertex -6.84975 -23.229 49.8055
      vertex -9.499 -23.1 54
      vertex -6.84975 -23.2609 49.5013
    endloop
  endfacet
  facet normal 0.117234 -0.987605 0.104366
    outer loop
      vertex 17.0291 -24.7065 9
      vertex 17.0013 -24.7098 9
      vertex 21.4181 -24.9781 1.49975
    endloop
  endfacet
  facet normal 0 -0.994512 0.104623
    outer loop
      vertex -14.501 -23.1 54
      vertex -9.499 -23.065 54.3327
      vertex -14.501 -23.065 54.3327
    endloop
  endfacet
  facet normal 0 -0.994512 0.104623
    outer loop
      vertex -9.499 -23.065 54.3327
      vertex -14.501 -23.1 54
      vertex -9.499 -23.1 54
    endloop
  endfacet
  facet normal 0.000114893 -3.73299e-05 -1
    outer loop
      vertex 24.9126 -21.8316 -1.49975
      vertex 24.6542 -22.6269 -1.49975
      vertex 25.2 -14.25 -1.5
    endloop
  endfacet
  facet normal 1.67811e-05 -3.76921e-05 -1
    outer loop
      vertex 22.2361 -24.8042 -1.49975
      vertex 17.5 -20.2801 -1.5
      vertex 23 -24.4641 -1.49975
    endloop
  endfacet
  facet normal -2.20227e-05 3.03114e-05 -1
    outer loop
      vertex -18.8475 20.2231 -1.49997
      vertex -23.6765 23.9726 -1.49975
      vertex -18.1962 20.6963 -1.49997
    endloop
  endfacet
  facet normal -2.68177e-05 2.41359e-05 -1
    outer loop
      vertex -23.6765 23.9726 -1.49975
      vertex -18.8475 20.2231 -1.49997
      vertex -18.9267 20.1351 -1.49997
    endloop
  endfacet
  facet normal 0.95106 0.309008 0
    outer loop
      vertex 24.9126 21.8316 1.49975
      vertex 24.6542 22.6269 -1.49975
      vertex 24.6542 22.6269 1.49975
    endloop
  endfacet
  facet normal 0.95106 0.309008 0
    outer loop
      vertex 24.6542 22.6269 -1.49975
      vertex 24.9126 21.8316 1.49975
      vertex 24.9126 21.8316 -1.49975
    endloop
  endfacet
  facet normal 0.553448 0.751237 0.359635
    outer loop
      vertex -9.10108 22.9801 54
      vertex -9.499 22.9617 54.6508
      vertex -9.0928 22.974 54
    endloop
  endfacet
  facet normal 0.549034 0.75569 0.357062
    outer loop
      vertex 23 24.4641 1.49975
      vertex 20.1976 23.8666 7.0734
      vertex 23.6765 23.9726 1.49975
    endloop
  endfacet
  facet normal 0.548384 0.756287 0.356799
    outer loop
      vertex 20.1976 23.8666 7.0734
      vertex 23 24.4641 1.49975
      vertex 20.1338 23.9067 7.08646
    endloop
  endfacet
  facet normal 0.549085 0.755639 0.357094
    outer loop
      vertex 20.1338 23.9067 7.08646
      vertex 23 24.4641 1.49975
      vertex 19.8166 24.0878 7.19098
    endloop
  endfacet
  facet normal 0.548938 0.75578 0.357021
    outer loop
      vertex 19.8166 24.0878 7.19098
      vertex 23 24.4641 1.49975
      vertex 19.5118 24.2431 7.33087
    endloop
  endfacet
  facet normal 0.54954 0.755183 0.357359
    outer loop
      vertex 19.5118 24.2431 7.33087
      vertex 23 24.4641 1.49975
      vertex 19.3891 24.2972 7.40523
    endloop
  endfacet
  facet normal 0.587781 0.80902 -0
    outer loop
      vertex 23.6765 23.9726 -1.49975
      vertex 23 24.4641 1.49975
      vertex 23.6765 23.9726 1.49975
    endloop
  endfacet
  facet normal 0.587781 0.80902 0
    outer loop
      vertex 23 24.4641 1.49975
      vertex 23.6765 23.9726 -1.49975
      vertex 23 24.4641 -1.49975
    endloop
  endfacet
  facet normal -0.997769 -0.0333778 -0.0578172
    outer loop
      vertex -25 -21 -1.49975
      vertex -25.2 -16.0134 -0.927051
      vertex -25.2 -15.4702 -1.24064
    endloop
  endfacet
  facet normal -0.405104 0.909907 0.0892222
    outer loop
      vertex -22.2361 24.8042 1.49975
      vertex -23 24.4641 1.49975
      vertex -14.501 23.1 54
    endloop
  endfacet
  facet normal 7.13323e-05 7.49692e-06 -1
    outer loop
      vertex 25.2 -14.25 -1.5
      vertex 24.9126 21.8316 -1.49975
      vertex 25 21 -1.49975
    endloop
  endfacet
  facet normal -7.13323e-05 7.49692e-06 -1
    outer loop
      vertex -24.9126 21.8316 -1.49975
      vertex -25.2 -14.25 -1.5
      vertex -25 21 -1.49975
    endloop
  endfacet
  facet normal -0.979162 -0.02123 0.20197
    outer loop
      vertex -25.2 -14.8737 4.43444
      vertex -23.8388 -15.1936 11
      vertex -25.2 -14.25 4.5
    endloop
  endfacet
  facet normal -0.979163 -0.0211088 0.201976
    outer loop
      vertex -23.8388 -15.1936 11
      vertex -25.2 -14.8737 4.43444
      vertex -23.8269 -15.7456 11
    endloop
  endfacet
  facet normal -0.979164 -0.022566 0.201811
    outer loop
      vertex -14.7555 -21.5056 54.3742
      vertex -15.0646 -21.2765 52.9001
      vertex -15.0759 -21.3022 52.8424
    endloop
  endfacet
  facet normal -0.979168 -0.0230077 0.201743
    outer loop
      vertex -15.0646 -21.2765 52.9001
      vertex -14.7555 -21.5056 54.3742
      vertex -14.7582 -21.4889 54.363
    endloop
  endfacet
  facet normal 0.820468 0.233296 0.521925
    outer loop
      vertex 24.9126 21.8316 1.49975
      vertex 21.4001 21.8795 7
      vertex 21.409 21.8482 7
    endloop
  endfacet
  facet normal 0.82061 0.232673 0.52198
    outer loop
      vertex -8.52969 21.9898 54
      vertex -9.47186 22.2996 55.3431
      vertex -9.44329 22.1349 55.3716
    endloop
  endfacet
  facet normal 0.820936 0.230513 0.522426
    outer loop
      vertex -8.52969 21.9898 54
      vertex -9.44329 22.1349 55.3716
      vertex -9.44118 22.119 55.3753
    endloop
  endfacet
  facet normal 0.820225 0.235022 0.521532
    outer loop
      vertex -8.52969 21.9898 54
      vertex -9.44118 22.119 55.3753
      vertex -9.43912 22.1036 55.379
    endloop
  endfacet
  facet normal 0.820714 0.232031 0.522101
    outer loop
      vertex -8.52969 21.9898 54
      vertex -9.43912 22.1036 55.379
      vertex -9.42642 21.9941 55.4077
    endloop
  endfacet
  facet normal 0.820638 0.232376 0.522068
    outer loop
      vertex -9.47186 22.2996 55.3431
      vertex -8.52969 21.9898 54
      vertex -8.61413 22.288 54
    endloop
  endfacet
  facet normal -0.978556 0.0826743 0.188661
    outer loop
      vertex -22.956 21.232 12
      vertex -25 21 1.49975
      vertex -22.9699 21.1923 11.9453
    endloop
  endfacet
  facet normal -0.978331 0.085533 0.188554
    outer loop
      vertex -25 21 1.49975
      vertex -22.956 21.232 12
      vertex -22.9443 21.2545 12.0505
    endloop
  endfacet
  facet normal -0.97843 0.0842934 0.188599
    outer loop
      vertex -19.8368 21.489 28.0669
      vertex -14.5708 22.2914 55.0276
      vertex -21.0504 21.489 21.7709
    endloop
  endfacet
  facet normal -0.978473 0.0837274 0.188625
    outer loop
      vertex -14.5708 22.2914 55.0276
      vertex -19.8368 21.489 28.0669
      vertex -14.6015 22.0696 54.9668
    endloop
  endfacet
  facet normal -0.978475 0.0837145 0.188625
    outer loop
      vertex -14.6015 22.0696 54.9668
      vertex -19.8368 21.489 28.0669
      vertex -14.6045 22.0449 54.9622
    endloop
  endfacet
  facet normal -0.978274 0.0862254 0.188534
    outer loop
      vertex -14.6045 22.0449 54.9622
      vertex -19.8368 21.489 28.0669
      vertex -14.6074 22.0214 54.9579
    endloop
  endfacet
  facet normal -0.978526 0.0830603 0.188646
    outer loop
      vertex -14.6074 22.0214 54.9579
      vertex -19.8368 21.489 28.0669
      vertex -14.6115 21.984 54.9531
    endloop
  endfacet
  facet normal -0.994522 0.104523 0
    outer loop
      vertex -25 21 -1.49975
      vertex -24.9126 21.8316 1.49975
      vertex -24.9126 21.8316 -1.49975
    endloop
  endfacet
  facet normal -0.994522 0.104523 0
    outer loop
      vertex -24.9126 21.8316 1.49975
      vertex -25 21 -1.49975
      vertex -25 21 1.49975
    endloop
  endfacet
  facet normal 2.68123e-05 2.4143e-05 -1
    outer loop
      vertex 19.6109 19.3753 -1.49997
      vertex 18.9877 20.0674 -1.49997
      vertex 24.2361 23.3511 -1.49975
    endloop
  endfacet
  facet normal -2.68047e-05 2.41519e-05 -1
    outer loop
      vertex -18.9877 20.0674 -1.49997
      vertex -23.6765 23.9726 -1.49975
      vertex -18.9267 20.1351 -1.49997
    endloop
  endfacet
  facet normal -2.68128e-05 2.41423e-05 -1
    outer loop
      vertex -23.6765 23.9726 -1.49975
      vertex -18.9877 20.0674 -1.49997
      vertex -24.2361 23.3511 -1.49975
    endloop
  endfacet
  facet normal -0.743145 0.66913 0
    outer loop
      vertex -24.2361 23.3511 -1.49975
      vertex -23.6765 23.9726 1.49975
      vertex -23.6765 23.9726 -1.49975
    endloop
  endfacet
  facet normal -0.743145 0.66913 0
    outer loop
      vertex -23.6765 23.9726 1.49975
      vertex -24.2361 23.3511 -1.49975
      vertex -24.2361 23.3511 1.49975
    endloop
  endfacet
  facet normal -0.854951 0.493347 0.16021
    outer loop
      vertex -14.501 23.065 54.3327
      vertex -24.6542 22.6269 1.49975
      vertex -14.501 22.9617 54.6508
    endloop
  endfacet
  facet normal -0.207945 0.978141 0
    outer loop
      vertex -21.4181 24.9781 -1.49975
      vertex -22.2361 24.8042 1.49975
      vertex -21.4181 24.9781 1.49975
    endloop
  endfacet
  facet normal -0.207945 0.978141 0
    outer loop
      vertex -22.2361 24.8042 1.49975
      vertex -21.4181 24.9781 -1.49975
      vertex -22.2361 24.8042 -1.49975
    endloop
  endfacet
  facet normal 0.842325 0.0504512 0.536604
    outer loop
      vertex 23.5021 -12.4925 7
      vertex 25 21 1.49975
      vertex 21.492 21.0678 7
    endloop
  endfacet
  facet normal 0.842324 0.0504515 0.536605
    outer loop
      vertex 25 21 1.49975
      vertex 23.5021 -12.4925 7
      vertex 25.2 -14.25 4.5
    endloop
  endfacet
  facet normal 0.842337 0.05031 0.536597
    outer loop
      vertex -9.36973 21.5334 55.4009
      vertex -8.48413 21.6476 54
      vertex -9.38447 21.665 55.4117
    endloop
  endfacet
  facet normal 0.842326 0.0504552 0.536602
    outer loop
      vertex -8.48413 21.6476 54
      vertex -9.36973 21.5334 55.4009
      vertex -8.4183 20.5486 54
    endloop
  endfacet
  facet normal 0 -0.865972 0.500093
    outer loop
      vertex -14.501 -22.9617 54.6508
      vertex -9.499 -22.7944 54.9405
      vertex -14.501 -22.7944 54.9405
    endloop
  endfacet
  facet normal 0 -0.865972 0.500093
    outer loop
      vertex -9.499 -22.7944 54.9405
      vertex -14.501 -22.9617 54.6508
      vertex -9.499 -22.9617 54.6508
    endloop
  endfacet
  facet normal 0.998476 -0.0539762 0.0114734
    outer loop
      vertex 25.2 -17.1032 2.42705
      vertex 25 -21 1.49975
      vertex 25.2 -17.2336 1.81359
    endloop
  endfacet
  facet normal 0.994522 -0.104523 0
    outer loop
      vertex 24.9126 -21.8316 1.49975
      vertex 25 -21 -1.49975
      vertex 25 -21 1.49975
    endloop
  endfacet
  facet normal 0.994522 -0.104523 0
    outer loop
      vertex 25 -21 -1.49975
      vertex 24.9126 -21.8316 1.49975
      vertex 24.9126 -21.8316 -1.49975
    endloop
  endfacet
  facet normal 0.985869 -0.103613 0.13163
    outer loop
      vertex 25.2 -16.0134 3.92705
      vertex 24.9126 -21.8316 1.49975
      vertex 25 -21 1.49975
    endloop
  endfacet
  facet normal 0.961646 0.0286744 0.272791
    outer loop
      vertex 25.2 -13.6263 4.43444
      vertex 25 21 1.49975
      vertex 25.2 -14.25 4.5
    endloop
  endfacet
  facet normal 2.22043e-05 -3.05634e-05 -1
    outer loop
      vertex 23.6765 -23.9726 -1.49975
      vertex 17.5 -20.2801 -1.5
      vertex 18.3457 -19.6657 -1.5
    endloop
  endfacet
  facet normal 0.866034 0.499985 0
    outer loop
      vertex 24.6542 22.6269 1.49975
      vertex 24.2361 23.3511 -1.49975
      vertex 24.2361 23.3511 1.49975
    endloop
  endfacet
  facet normal 0.866034 0.499985 0
    outer loop
      vertex 24.2361 23.3511 -1.49975
      vertex 24.6542 22.6269 1.49975
      vertex 24.6542 22.6269 -1.49975
    endloop
  endfacet
  facet normal 0.758004 0.438695 0.482676
    outer loop
      vertex -8.75189 22.5879 54
      vertex -9.499 22.5706 55.189
      vertex -8.74263 22.5719 54
    endloop
  endfacet
  facet normal 0.758372 0.437828 0.482886
    outer loop
      vertex 20.78 23.2712 7
      vertex 24.6542 22.6269 1.49975
      vertex 24.2361 23.3511 1.49975
    endloop
  endfacet
  facet normal 0.758359 0.437865 0.482872
    outer loop
      vertex 24.6542 22.6269 1.49975
      vertex 20.78 23.2712 7
      vertex 21.1553 22.6212 7
    endloop
  endfacet
  facet normal -0.43759 0.89424 0.094074
    outer loop
      vertex -14.501 23.1 54
      vertex -23 24.4641 1.49975
      vertex -14.501 23.065 54.3327
    endloop
  endfacet
  facet normal 0 -0.951107 0.308863
    outer loop
      vertex -14.501 -23.065 54.3327
      vertex -9.499 -22.9617 54.6508
      vertex -14.501 -22.9617 54.6508
    endloop
  endfacet
  facet normal 0 -0.951107 0.308863
    outer loop
      vertex -9.499 -22.9617 54.6508
      vertex -14.501 -23.065 54.3327
      vertex -9.499 -23.065 54.3327
    endloop
  endfacet
  facet normal -0.583867 -0.803634 0.115206
    outer loop
      vertex -14.501 -23.065 54.3327
      vertex -23.6765 -23.9726 1.49975
      vertex -23 -24.4641 1.49975
    endloop
  endfacet
  facet normal -0.207541 0.976243 0.0622676
    outer loop
      vertex -21.4181 24.9781 1.49975
      vertex -22.2361 24.8042 1.49975
      vertex -14.501 23.1 54
    endloop
  endfacet
  facet normal 0.866034 -0.499985 0
    outer loop
      vertex 24.2361 -23.3511 1.49975
      vertex 24.6542 -22.6269 -1.49975
      vertex 24.6542 -22.6269 1.49975
    endloop
  endfacet
  facet normal 0.866034 -0.499985 0
    outer loop
      vertex 24.6542 -22.6269 -1.49975
      vertex 24.2361 -23.3511 1.49975
      vertex 24.2361 -23.3511 -1.49975
    endloop
  endfacet
  facet normal -0.207945 -0.978141 0
    outer loop
      vertex -22.2361 -24.8042 -1.49975
      vertex -21.4181 -24.9781 1.49975
      vertex -22.2361 -24.8042 1.49975
    endloop
  endfacet
  facet normal -0.207945 -0.978141 -0
    outer loop
      vertex -21.4181 -24.9781 1.49975
      vertex -22.2361 -24.8042 -1.49975
      vertex -21.4181 -24.9781 -1.49975
    endloop
  endfacet
  facet normal -0.587781 -0.80902 0
    outer loop
      vertex -23.6765 -23.9726 -1.49975
      vertex -23 -24.4641 1.49975
      vertex -23.6765 -23.9726 1.49975
    endloop
  endfacet
  facet normal -0.587781 -0.80902 -0
    outer loop
      vertex -23 -24.4641 1.49975
      vertex -23.6765 -23.9726 -1.49975
      vertex -23 -24.4641 -1.49975
    endloop
  endfacet
  facet normal -0.975764 -0.109406 0.189514
    outer loop
      vertex -23.7294 -16.8775 11
      vertex -25.2 -15.4702 4.24064
      vertex -25.2 -16.0134 3.92705
    endloop
  endfacet
  facet normal -0.975762 -0.109428 0.189509
    outer loop
      vertex -25.2 -15.4702 4.24064
      vertex -23.7294 -16.8775 11
      vertex -23.786 -16.3728 11
    endloop
  endfacet
  facet normal -0.975702 -0.110133 0.189408
    outer loop
      vertex -14.6419 -22.2172 54.7078
      vertex -15.7714 -21.489 49.3128
      vertex -15.8811 -21.489 48.7477
    endloop
  endfacet
  facet normal -0.975611 -0.111226 0.189241
    outer loop
      vertex -15.7714 -21.489 49.3128
      vertex -14.6419 -22.2172 54.7078
      vertex -14.6432 -22.2092 54.7058
    endloop
  endfacet
  facet normal 0.671116 -0.603954 0.429934
    outer loop
      vertex -6.84975 -22.8381 50.7437
      vertex -9.499 -22.7944 54.9405
      vertex -6.84975 -22.8885 50.6729
    endloop
  endfacet
  facet normal 0.670979 -0.604157 0.429862
    outer loop
      vertex 19.0204 -23.8072 9
      vertex 24.2361 -23.3511 1.49975
      vertex 19.5014 -23.273 9
    endloop
  endfacet
  facet normal 0.670982 -0.604153 0.429864
    outer loop
      vertex 24.2361 -23.3511 1.49975
      vertex 19.0204 -23.8072 9
      vertex 23.6765 -23.9726 1.49975
    endloop
  endfacet
  facet normal -0.743145 -0.66913 0
    outer loop
      vertex -23.6765 -23.9726 -1.49975
      vertex -24.2361 -23.3511 1.49975
      vertex -24.2361 -23.3511 -1.49975
    endloop
  endfacet
  facet normal -0.743145 -0.66913 0
    outer loop
      vertex -24.2361 -23.3511 1.49975
      vertex -23.6765 -23.9726 -1.49975
      vertex -23.6765 -23.9726 1.49975
    endloop
  endfacet
  facet normal -0.000114893 -3.73299e-05 -1
    outer loop
      vertex -24.9126 -21.8316 -1.49975
      vertex -25.2 -14.25 -1.5
      vertex -24.6542 -22.6269 -1.49975
    endloop
  endfacet
  facet normal -0.405104 -0.909907 0.0892222
    outer loop
      vertex -14.501 -23.1 54
      vertex -23 -24.4641 1.49975
      vertex -22.2361 -24.8042 1.49975
    endloop
  endfacet
  facet normal 0 -0.743071 0.669213
    outer loop
      vertex -14.501 -22.7944 54.9405
      vertex -9.499 -22.5706 55.189
      vertex -14.501 -22.5706 55.189
    endloop
  endfacet
  facet normal 0 -0.743071 0.669213
    outer loop
      vertex -9.499 -22.5706 55.189
      vertex -14.501 -22.7944 54.9405
      vertex -9.499 -22.7944 54.9405
    endloop
  endfacet
  facet normal -0.000490758 -5.1578e-05 -1
    outer loop
      vertex -25 -21 -1.49975
      vertex -25.2 -14.25 -1.5
      vertex -24.9126 -21.8316 -1.49975
    endloop
  endfacet
  facet normal -0.962077 -0.028516 -0.271285
    outer loop
      vertex -25 -21 -1.49975
      vertex -25.2 -14.8737 -1.43444
      vertex -25.2 -14.25 -1.5
    endloop
  endfacet
  facet normal -2.31873e-05 -2.93467e-05 -1
    outer loop
      vertex -23.6765 -23.9726 -1.49975
      vertex -25.2 -14.25 -1.5
      vertex -18.3457 -19.6657 -1.5
    endloop
  endfacet
  facet normal 5.82695e-05 -3.36405e-05 -1
    outer loop
      vertex 24.6542 -22.6269 -1.49975
      vertex 24.2361 -23.3511 -1.49975
      vertex 25.2 -14.25 -1.5
    endloop
  endfacet
  facet normal 0.206328 0.96599 0.155859
    outer loop
      vertex -9.30433 23.0771 54
      vertex -9.499 23.065 54.3327
      vertex -9.29918 23.076 54
    endloop
  endfacet
  facet normal 0.205425 0.966288 0.155202
    outer loop
      vertex 21.4181 24.9781 1.49975
      vertex 17.7309 24.5573 9
      vertex 22.2361 24.8042 1.49975
    endloop
  endfacet
  facet normal 0.205429 0.966287 0.155204
    outer loop
      vertex 17.7309 24.5573 9
      vertex 21.4181 24.9781 1.49975
      vertex 17.0291 24.7065 9
    endloop
  endfacet
  facet normal 0.998593 -0.0530264 0
    outer loop
      vertex 25 -21 1.49975
      vertex 25.2 -17.2336 1.18641
      vertex 25.2 -17.2336 1.81359
    endloop
  endfacet
  facet normal 0.998593 -0.0530264 0
    outer loop
      vertex 25.2 -17.2336 1.18641
      vertex 25 -21 1.49975
      vertex 25 -21 -1.49975
    endloop
  endfacet
  facet normal 0.996756 -0.0651107 0.0473133
    outer loop
      vertex 25.2 -16.4794 3.50739
      vertex 25 -21 1.49975
      vertex 25.2 -16.8481 3
    endloop
  endfacet
  facet normal 0.998031 -0.0572934 0.0255093
    outer loop
      vertex 25.2 -16.8481 3
      vertex 25 -21 1.49975
      vertex 25.2 -17.1032 2.42705
    endloop
  endfacet
  facet normal 0.999969 0.00633659 0.00460455
    outer loop
      vertex 25.2 -11.6519 3
      vertex 25 21 1.49975
      vertex 25.2 -12.0206 3.50739
    endloop
  endfacet
  facet normal 0.994522 0.104523 0
    outer loop
      vertex 25 21 1.49975
      vertex 24.9126 21.8316 -1.49975
      vertex 24.9126 21.8316 1.49975
    endloop
  endfacet
  facet normal 0.994522 0.104523 0
    outer loop
      vertex 24.9126 21.8316 -1.49975
      vertex 25 21 1.49975
      vertex 25 21 -1.49975
    endloop
  endfacet
  facet normal -2.26962e-05 3.12345e-05 -1
    outer loop
      vertex -18.1199 20.7517 -1.49997
      vertex -22.2361 24.8042 -1.49975
      vertex -18.0482 20.8038 -1.49997
    endloop
  endfacet
  facet normal -1.66433e-05 3.73826e-05 -1
    outer loop
      vertex -22.2361 24.8042 -1.49975
      vertex -18.1199 20.7517 -1.49997
      vertex -23 24.4641 -1.49975
    endloop
  endfacet
  facet normal -0.973082 0.134914 0.186842
    outer loop
      vertex -14.5623 22.3595 55.0233
      vertex -24.9126 21.8316 1.49975
      vertex -14.57 22.2969 55.0284
    endloop
  endfacet
  facet normal -0.972459 0.139552 0.186676
    outer loop
      vertex -14.5602 22.374 55.0234
      vertex -24.9126 21.8316 1.49975
      vertex -14.5623 22.3595 55.0233
    endloop
  endfacet
  facet normal -0.973331 0.133006 0.186911
    outer loop
      vertex -14.5585 22.3863 55.0235
      vertex -24.9126 21.8316 1.49975
      vertex -14.5602 22.374 55.0234
    endloop
  endfacet
  facet normal -0.972991 0.135602 0.186818
    outer loop
      vertex -24.9126 21.8316 1.49975
      vertex -14.5585 22.3863 55.0235
      vertex -14.526 22.5688 55.0603
    endloop
  endfacet
  facet normal 0.41878 0.863688 0.280475
    outer loop
      vertex -9.10108 22.9801 54
      vertex -9.499 23.065 54.3327
      vertex -9.499 22.9617 54.6508
    endloop
  endfacet
  facet normal 0.418715 0.86375 0.280381
    outer loop
      vertex -9.499 23.065 54.3327
      vertex -9.10108 22.9801 54
      vertex -9.29437 23.0738 54
    endloop
  endfacet
  facet normal 0.417519 0.864542 0.279725
    outer loop
      vertex 23 24.4641 1.49975
      vertex 19.3588 24.3073 7.41924
      vertex 19.3891 24.2972 7.40523
    endloop
  endfacet
  facet normal -0.99889 -0.0381131 -0.0276952
    outer loop
      vertex -25 -21 -1.49975
      vertex -25.2 -16.8481 0
      vertex -25.2 -16.4794 -0.507391
    endloop
  endfacet
  facet normal -0.999969 0.00633659 0.00460455
    outer loop
      vertex -25.2 -11.6519 3
      vertex -25.2 -12.0206 3.50739
      vertex -25 21 1.49975
    endloop
  endfacet
  facet normal -0.999978 0.00600233 -0.00267249
    outer loop
      vertex -25 21 -1.49975
      vertex -25.2 -11.6519 0
      vertex -25.2 -11.3968 0.572948
    endloop
  endfacet
  facet normal -0.999953 0.00649504 0.00721224
    outer loop
      vertex -25.2 -12.0206 3.50739
      vertex -25.2 -12.4866 3.92705
      vertex -25 21 1.49975
    endloop
  endfacet
  facet normal -0 0.587781 0.80902
    outer loop
      vertex -14.501 22.5706 55.189
      vertex -9.499 22.3 55.3856
      vertex -9.499 22.5706 55.189
    endloop
  endfacet
  facet normal 0 0.587781 0.80902
    outer loop
      vertex -9.499 22.3 55.3856
      vertex -14.501 22.5706 55.189
      vertex -14.501 22.3 55.3856
    endloop
  endfacet
  facet normal 0.813853 0.264408 0.517427
    outer loop
      vertex 21.4001 21.8795 7
      vertex 24.6542 22.6269 1.49975
      vertex 21.1681 22.5936 7
    endloop
  endfacet
  facet normal 0.813848 0.264426 0.517426
    outer loop
      vertex 24.6542 22.6269 1.49975
      vertex 21.4001 21.8795 7
      vertex 24.9126 21.8316 1.49975
    endloop
  endfacet
  facet normal 0.827628 0.193499 0.526868
    outer loop
      vertex -8.61413 22.288 54
      vertex -9.47196 22.3003 55.343
      vertex -9.47186 22.2996 55.3431
    endloop
  endfacet
  facet normal 0.813752 0.264868 0.517351
    outer loop
      vertex -9.47196 22.3003 55.343
      vertex -8.61413 22.288 54
      vertex -8.62077 22.3084 54
    endloop
  endfacet
  facet normal 0.78587 0.363439 0.50032
    outer loop
      vertex -9.499 22.5706 55.189
      vertex -8.62077 22.3084 54
      vertex -8.74263 22.5719 54
    endloop
  endfacet
  facet normal 0.78583 0.363623 0.50025
    outer loop
      vertex -8.62077 22.3084 54
      vertex -9.499 22.5706 55.189
      vertex -9.47196 22.3003 55.343
    endloop
  endfacet
  facet normal 0.785587 0.36433 0.500117
    outer loop
      vertex 24.6542 22.6269 1.49975
      vertex 21.1553 22.6212 7
      vertex 21.1681 22.5936 7
    endloop
  endfacet
  facet normal 0.840318 0.0882947 0.534854
    outer loop
      vertex 21.492 21.0678 7
      vertex 24.9126 21.8316 1.49975
      vertex 21.4135 21.8149 7
    endloop
  endfacet
  facet normal 0.840315 0.088316 0.534855
    outer loop
      vertex 24.9126 21.8316 1.49975
      vertex 21.492 21.0678 7
      vertex 25 21 1.49975
    endloop
  endfacet
  facet normal 0.840189 0.0900202 0.53477
    outer loop
      vertex -9.38447 21.665 55.4117
      vertex -8.4867 21.6721 54
      vertex -9.38477 21.6678 55.4117
    endloop
  endfacet
  facet normal 0.840334 0.0881493 0.534853
    outer loop
      vertex -8.4867 21.6721 54
      vertex -9.38447 21.665 55.4117
      vertex -8.48413 21.6476 54
    endloop
  endfacet
  facet normal 0.548491 -0.75624 0.356733
    outer loop
      vertex -6.84975 -23.0424 50.4064
      vertex -9.499 -22.9617 54.6508
      vertex -6.84975 -23.0841 50.318
    endloop
  endfacet
  facet normal 0.549042 -0.755681 0.35707
    outer loop
      vertex 23 -24.4641 1.49975
      vertex 18.9951 -23.8299 9
      vertex 18.414 -24.2521 9
    endloop
  endfacet
  facet normal 0.549034 -0.755689 0.357066
    outer loop
      vertex 18.9951 -23.8299 9
      vertex 23 -24.4641 1.49975
      vertex 23.6765 -23.9726 1.49975
    endloop
  endfacet
  facet normal 1.00087e-05 -4.70957e-05 -1
    outer loop
      vertex 22.2361 -24.8042 -1.49975
      vertex 15.5226 -20.9226 -1.5
      vertex 16.5451 -20.7053 -1.5
    endloop
  endfacet
  facet normal 0.95106 -0.309008 0
    outer loop
      vertex 24.6542 -22.6269 1.49975
      vertex 24.9126 -21.8316 -1.49975
      vertex 24.9126 -21.8316 1.49975
    endloop
  endfacet
  facet normal 0.95106 -0.309008 0
    outer loop
      vertex 24.9126 -21.8316 -1.49975
      vertex 24.6542 -22.6269 1.49975
      vertex 24.6542 -22.6269 -1.49975
    endloop
  endfacet
  facet normal -1.00112e-05 -4.70913e-05 -1
    outer loop
      vertex -21.4181 -24.9781 -1.49975
      vertex -22.2361 -24.8042 -1.49975
      vertex -15.5226 -20.9226 -1.5
    endloop
  endfacet
  facet normal 0.999973 0.00592722 -0.00430707
    outer loop
      vertex 25.2 -12.0206 -0.507391
      vertex 25 21 -1.49975
      vertex 25.2 -11.6519 0
    endloop
  endfacet
  facet normal -0.977355 -0.0871819 0.192813
    outer loop
      vertex -23.7898 -16.3302 11
      vertex -25.2 -15.4702 4.24064
      vertex -23.786 -16.3728 11
    endloop
  endfacet
  facet normal -0.977427 -0.0859689 0.192994
    outer loop
      vertex -14.6432 -22.2092 54.7058
      vertex -15.3298 -21.489 51.5493
      vertex -15.7714 -21.489 49.3128
    endloop
  endfacet
  facet normal -0.97743 -0.0858811 0.193015
    outer loop
      vertex -15.3298 -21.489 51.5493
      vertex -14.6432 -22.2092 54.7058
      vertex -14.6965 -21.8752 54.5845
    endloop
  endfacet
  facet normal -0.406726 -0.91355 0
    outer loop
      vertex -23 -24.4641 -1.49975
      vertex -22.2361 -24.8042 1.49975
      vertex -23 -24.4641 1.49975
    endloop
  endfacet
  facet normal -0.406726 -0.91355 -0
    outer loop
      vertex -22.2361 -24.8042 1.49975
      vertex -23 -24.4641 -1.49975
      vertex -22.2361 -24.8042 -1.49975
    endloop
  endfacet
  facet normal 0.786091 -0.362811 0.50043
    outer loop
      vertex 19.9005 -22.5814 9
      vertex 19.8831 -22.6191 9
      vertex 24.6542 -22.6269 1.49975
    endloop
  endfacet
  facet normal 0.785842 -0.363563 0.500274
    outer loop
      vertex -9.42342 -22.41 55.187
      vertex -6.84975 -22.3254 51.2057
      vertex -9.40484 -22.3009 55.2371
    endloop
  endfacet
  facet normal 0.785864 -0.363494 0.50029
    outer loop
      vertex -9.427 -22.4282 55.1794
      vertex -6.84975 -22.3254 51.2057
      vertex -9.42342 -22.41 55.187
    endloop
  endfacet
  facet normal 0.785542 -0.364513 0.500054
    outer loop
      vertex -9.42995 -22.4432 55.1731
      vertex -6.84975 -22.3254 51.2057
      vertex -9.427 -22.4282 55.1794
    endloop
  endfacet
  facet normal 0.785981 -0.363115 0.500381
    outer loop
      vertex -9.46307 -22.5707 55.1326
      vertex -6.84975 -22.3254 51.2057
      vertex -9.42995 -22.4432 55.1731
    endloop
  endfacet
  facet normal 0.785895 -0.363404 0.500306
    outer loop
      vertex -6.84975 -22.3254 51.2057
      vertex -9.46307 -22.5707 55.1326
      vertex -6.84975 -22.575 51.0244
    endloop
  endfacet
  facet normal 0.723441 -0.512987 0.462035
    outer loop
      vertex -9.499 -22.7944 54.9405
      vertex -6.84975 -22.6319 50.9728
      vertex -9.46324 -22.5714 55.1321
    endloop
  endfacet
  facet normal 0.723318 -0.513244 0.461942
    outer loop
      vertex -6.84975 -22.6319 50.9728
      vertex -9.499 -22.7944 54.9405
      vertex -6.84975 -22.8381 50.7437
    endloop
  endfacet
  facet normal 0.722662 -0.514517 0.461554
    outer loop
      vertex 19.5234 -23.2421 9
      vertex 19.5014 -23.273 9
      vertex 24.2361 -23.3511 1.49975
    endloop
  endfacet
  facet normal 0 -1 0
    outer loop
      vertex -21.4181 -24.9781 -1.49975
      vertex 21.4181 -24.9781 1.49975
      vertex -21.4181 -24.9781 1.49975
    endloop
  endfacet
  facet normal 0 -1 -0
    outer loop
      vertex 21.4181 -24.9781 1.49975
      vertex -21.4181 -24.9781 -1.49975
      vertex 21.4181 -24.9781 -1.49975
    endloop
  endfacet
  facet normal 0.612486 -0.684534 0.395314
    outer loop
      vertex -9.499 -22.9617 54.6508
      vertex -6.84975 -22.8885 50.6729
      vertex -9.499 -22.7944 54.9405
    endloop
  endfacet
  facet normal 0.612482 -0.684539 0.395312
    outer loop
      vertex -6.84975 -22.8885 50.6729
      vertex -9.499 -22.9617 54.6508
      vertex -6.84975 -23.0424 50.4064
    endloop
  endfacet
  facet normal 0.61329 -0.683534 0.395799
    outer loop
      vertex 19.0204 -23.8072 9
      vertex 18.9951 -23.8299 9
      vertex 23.6765 -23.9726 1.49975
    endloop
  endfacet
  facet normal -3.45746e-05 -3.1131e-05 -1
    outer loop
      vertex -24.2361 -23.3511 -1.49975
      vertex -25.2 -14.25 -1.5
      vertex -23.6765 -23.9726 -1.49975
    endloop
  endfacet
  facet normal -3.18552e-05 1.83938e-05 -1
    outer loop
      vertex -20.2529 18.2887 -1.49997
      vertex -24.6542 22.6269 -1.49975
      vertex -20.1317 18.4986 -1.49997
    endloop
  endfacet
  facet normal -3.78605e-05 1.23011e-05 -1
    outer loop
      vertex -24.6542 22.6269 -1.49975
      vertex -20.2529 18.2887 -1.49997
      vertex -20.4572 17.6599 -1.49997
    endloop
  endfacet
  facet normal 2.68128e-05 2.41423e-05 -1
    outer loop
      vertex 18.9877 20.0674 -1.49997
      vertex 23.6765 23.9726 -1.49975
      vertex 24.2361 23.3511 -1.49975
    endloop
  endfacet
  facet normal 2.68047e-05 2.41519e-05 -1
    outer loop
      vertex 23.6765 23.9726 -1.49975
      vertex 18.9877 20.0674 -1.49997
      vertex 18.9267 20.1351 -1.49997
    endloop
  endfacet
  facet normal 1.00112e-05 -4.70913e-05 -1
    outer loop
      vertex 21.4181 -24.9781 -1.49975
      vertex 15.5226 -20.9226 -1.5
      vertex 22.2361 -24.8042 -1.49975
    endloop
  endfacet
  facet normal 3.45746e-05 -3.1131e-05 -1
    outer loop
      vertex 24.2361 -23.3511 -1.49975
      vertex 23.6765 -23.9726 -1.49975
      vertex 25.2 -14.25 -1.5
    endloop
  endfacet
  facet normal 0.829756 -0.0583458 0.555068
    outer loop
      vertex 23.5021 -14.6129 7
      vertex 25.2 -14.8737 4.43444
      vertex 25.2 -14.25 4.5
    endloop
  endfacet
  facet normal 0.829756 -0.0583519 0.555068
    outer loop
      vertex 25.2 -14.8737 4.43444
      vertex 23.5021 -14.6129 7
      vertex 23.4598 -15.2144 7
    endloop
  endfacet
  facet normal 0.82976 -0.0581844 0.55508
    outer loop
      vertex -9.29705 -21.6241 55.2939
      vertex -6.84975 -21.1486 51.6854
      vertex -6.84975 -21.1009 51.6904
    endloop
  endfacet
  facet normal 0.829846 -0.0694938 0.553648
    outer loop
      vertex -6.84975 -21.1486 51.6854
      vertex -9.29705 -21.6241 55.2939
      vertex -9.29756 -21.6278 55.2942
    endloop
  endfacet
  facet normal 0.998891 -0.0460596 -0.00979062
    outer loop
      vertex 25.2 -17.2336 1.18641
      vertex 25 -21 -1.49975
      vertex 25.2 -17.1032 0.572948
    endloop
  endfacet
  facet normal 0.99889 -0.0381131 -0.0276952
    outer loop
      vertex 25.2 -16.8481 0
      vertex 25 -21 -1.49975
      vertex 25.2 -16.4794 -0.507391
    endloop
  endfacet
  facet normal 0.999962 0.005861 -0.00650819
    outer loop
      vertex 25.2 -12.4866 -0.927051
      vertex 25 21 -1.49975
      vertex 25.2 -12.0206 -0.507391
    endloop
  endfacet
  facet normal 0.814835 -0.260029 0.518101
    outer loop
      vertex 20.1229 -21.8968 9
      vertex 21.2727 -20.4945 7.89547
      vertex 20.5704 -20.4945 9
    endloop
  endfacet
  facet normal 0.814836 -0.260032 0.518098
    outer loop
      vertex 21.2727 -20.4945 7.89547
      vertex 20.1229 -21.8968 9
      vertex 24.9126 -21.8316 1.49975
    endloop
  endfacet
  facet normal 0.814834 -0.260031 0.518102
    outer loop
      vertex 22.1595 -19.5 7
      vertex 25.2 -15.4702 4.24064
      vertex 23.3279 -15.8387 7
    endloop
  endfacet
  facet normal 0.814749 -0.260237 0.518132
    outer loop
      vertex 24.9126 -21.8316 1.49975
      vertex 22.1595 -19.5 7
      vertex 22.0792 -19.7079 7.02185
    endloop
  endfacet
  facet normal 0.814867 -0.25996 0.518086
    outer loop
      vertex 24.9126 -21.8316 1.49975
      vertex 22.0792 -19.7079 7.02185
      vertex 21.9747 -19.9067 7.08646
    endloop
  endfacet
  facet normal 0.814904 -0.259868 0.518073
    outer loop
      vertex 24.9126 -21.8316 1.49975
      vertex 21.9747 -19.9067 7.08646
      vertex 21.8505 -20.0878 7.19098
    endloop
  endfacet
  facet normal 0.814837 -0.26004 0.518092
    outer loop
      vertex 22.1595 -19.5 7
      vertex 24.9126 -21.8316 1.49975
      vertex 25.2 -15.4702 4.24064
    endloop
  endfacet
  facet normal 0.814706 -0.260385 0.518125
    outer loop
      vertex 21.7119 -20.2431 7.33087
      vertex 24.9126 -21.8316 1.49975
      vertex 21.8505 -20.0878 7.19098
    endloop
  endfacet
  facet normal 0.814927 -0.259778 0.518082
    outer loop
      vertex 21.5652 -20.366 7.5
      vertex 24.9126 -21.8316 1.49975
      vertex 21.7119 -20.2431 7.33087
    endloop
  endfacet
  facet normal 0.814813 -0.260105 0.518098
    outer loop
      vertex 21.4166 -20.4511 7.69098
      vertex 24.9126 -21.8316 1.49975
      vertex 21.5652 -20.366 7.5
    endloop
  endfacet
  facet normal 0.814754 -0.26028 0.518103
    outer loop
      vertex 24.9126 -21.8316 1.49975
      vertex 21.4166 -20.4511 7.69098
      vertex 21.2727 -20.4945 7.89547
    endloop
  endfacet
  facet normal 0.815124 -0.258288 0.518518
    outer loop
      vertex -9.40443 -22.2987 55.2376
      vertex -6.84975 -21.7785 51.4807
      vertex -9.40108 -22.2807 55.2413
    endloop
  endfacet
  facet normal 0.814848 -0.260007 0.518092
    outer loop
      vertex -6.84975 -21.7785 51.4807
      vertex -9.40443 -22.2987 55.2376
      vertex -6.84975 -22.2639 51.2371
    endloop
  endfacet
  facet normal 0.999907 0.00682949 0.01183
    outer loop
      vertex 25.2 -12.4866 3.92705
      vertex 25 21 1.49975
      vertex 25.2 -13.0298 4.24064
    endloop
  endfacet
  facet normal 0.99998 0.00621111 0.00132026
    outer loop
      vertex 25.2 -11.2664 1.81359
      vertex 25 21 1.49975
      vertex 25.2 -11.3968 2.42705
    endloop
  endfacet
  facet normal -0.406726 0.91355 0
    outer loop
      vertex -22.2361 24.8042 -1.49975
      vertex -23 24.4641 1.49975
      vertex -22.2361 24.8042 1.49975
    endloop
  endfacet
  facet normal -0.406726 0.91355 0
    outer loop
      vertex -23 24.4641 1.49975
      vertex -22.2361 24.8042 -1.49975
      vertex -23 24.4641 -1.49975
    endloop
  endfacet
  facet normal -0.95106 0.309008 0
    outer loop
      vertex -24.9126 21.8316 -1.49975
      vertex -24.6542 22.6269 1.49975
      vertex -24.6542 22.6269 -1.49975
    endloop
  endfacet
  facet normal -0.95106 0.309008 0
    outer loop
      vertex -24.6542 22.6269 1.49975
      vertex -24.9126 21.8316 -1.49975
      vertex -24.9126 21.8316 1.49975
    endloop
  endfacet
  facet normal -0.985869 -0.103613 0.13163
    outer loop
      vertex -24.9126 -21.8316 1.49975
      vertex -25.2 -16.0134 3.92705
      vertex -25 -21 1.49975
    endloop
  endfacet
  facet normal -0.998476 -0.0539762 0.0114734
    outer loop
      vertex -25.2 -17.1032 2.42705
      vertex -25.2 -17.2336 1.81359
      vertex -25 -21 1.49975
    endloop
  endfacet
  facet normal -0.999907 0.00682949 0.01183
    outer loop
      vertex -25.2 -12.4866 3.92705
      vertex -25.2 -13.0298 4.24064
      vertex -25 21 1.49975
    endloop
  endfacet
  facet normal 0 0.999361 0.0357493
    outer loop
      vertex -6.75 24.7098 9
      vertex -6.75 24.9781 1.49975
      vertex -6.84975 24.7098 9
    endloop
  endfacet
  facet normal 0 0.999361 0.0357567
    outer loop
      vertex -6.84975 24.4945 15.0174
      vertex -6.84975 24.7098 9
      vertex -10.7497 24.4945 15.0174
    endloop
  endfacet
  facet normal 0 0.999361 0.0357495
    outer loop
      vertex -10.7497 24.4945 15.0174
      vertex -14.501 23.1 54
      vertex -10.7497 23.1 54
    endloop
  endfacet
  facet normal -0 0.999361 0.0357493
    outer loop
      vertex -21.4181 24.9781 1.49975
      vertex -6.84975 24.7098 9
      vertex -6.75 24.9781 1.49975
    endloop
  endfacet
  facet normal 3.47499e-06 0.999361 0.0357498
    outer loop
      vertex -10.7497 24.4945 15.0174
      vertex -21.4181 24.9781 1.49975
      vertex -14.501 23.1 54
    endloop
  endfacet
  facet normal -2.86698e-06 0.999361 0.0357548
    outer loop
      vertex -6.84975 24.7098 9
      vertex -21.4181 24.9781 1.49975
      vertex -10.7497 24.4945 15.0174
    endloop
  endfacet
  facet normal 0 0.999361 0.0357328
    outer loop
      vertex 12.5945 24.8149 6.0606
      vertex 10.9233 24.7098 9
      vertex 17.0013 24.7098 9
    endloop
  endfacet
  facet normal 3.40247e-05 0.999361 0.0357417
    outer loop
      vertex 10.9233 24.7098 9
      vertex 11.2443 24.7993 6.49722
      vertex 10.8881 24.7978 6.5395
    endloop
  endfacet
  facet normal -2.05877e-05 0.999361 0.0357348
    outer loop
      vertex 10.9233 24.7098 9
      vertex 11.9611 24.8057 6.31865
      vertex 11.2443 24.7993 6.49722
    endloop
  endfacet
  facet normal 5.48908e-05 0.99936 0.0357639
    outer loop
      vertex 10.9233 24.7098 9
      vertex 12.5945 24.8149 6.0606
      vertex 11.9611 24.8057 6.31865
    endloop
  endfacet
  facet normal -3.43225e-05 0.99936 0.0357842
    outer loop
      vertex 17.0013 24.7098 9
      vertex 13.1168 24.8266 5.73435
      vertex 12.5945 24.8149 6.0606
    endloop
  endfacet
  facet normal -1.99513e-06 0.999361 0.0357457
    outer loop
      vertex 17.0013 24.7098 9
      vertex 13.5051 24.8402 5.35415
      vertex 13.1168 24.8266 5.73435
    endloop
  endfacet
  facet normal 5.33137e-05 0.999363 0.0356928
    outer loop
      vertex 17.0013 24.7098 9
      vertex 13.7425 24.8551 4.93661
      vertex 13.5051 24.8402 5.35415
    endloop
  endfacet
  facet normal -0.000205331 0.999355 0.0358999
    outer loop
      vertex 17.0013 24.7098 9
      vertex 13.8185 24.8708 4.5
      vertex 13.7425 24.8551 4.93661
    endloop
  endfacet
  facet normal 4.34605e-06 0.999361 0.0357518
    outer loop
      vertex 21.4181 24.9781 1.49975
      vertex 13.8185 24.8708 4.5
      vertex 17.0013 24.7098 9
    endloop
  endfacet
  facet normal -1.23688e-05 0.999362 0.0357095
    outer loop
      vertex 13.8185 24.8708 4.5
      vertex 21.4181 24.9781 1.49975
      vertex 13.73 24.8864 4.06339
    endloop
  endfacet
  facet normal -0 0.999361 0.0357326
    outer loop
      vertex 1.25 24.9781 1.49975
      vertex 10.4156 24.9455 2.4115
      vertex 21.4181 24.9781 1.49975
    endloop
  endfacet
  facet normal 1.9339e-05 0.999353 0.0359657
    outer loop
      vertex 11.1871 24.9422 2.50278
      vertex 21.4181 24.9781 1.49975
      vertex 10.4156 24.9455 2.4115
    endloop
  endfacet
  facet normal 3.41942e-06 0.999359 0.0358035
    outer loop
      vertex 11.9091 24.9358 2.68135
      vertex 21.4181 24.9781 1.49975
      vertex 11.1871 24.9422 2.50278
    endloop
  endfacet
  facet normal -1.38105e-05 0.999364 0.035665
    outer loop
      vertex 12.5499 24.9266 2.93939
      vertex 21.4181 24.9781 1.49975
      vertex 11.9091 24.9358 2.68135
    endloop
  endfacet
  facet normal 1.13078e-05 0.999358 0.0358195
    outer loop
      vertex 13.0815 24.9149 3.26565
      vertex 21.4181 24.9781 1.49975
      vertex 12.5499 24.9266 2.93939
    endloop
  endfacet
  facet normal -3.19835e-06 0.999361 0.0357511
    outer loop
      vertex 13.4807 24.9013 3.64585
      vertex 21.4181 24.9781 1.49975
      vertex 13.0815 24.9149 3.26565
    endloop
  endfacet
  facet normal -2.34138e-05 0.999363 0.0356765
    outer loop
      vertex 13.73 24.8864 4.06339
      vertex 21.4181 24.9781 1.49975
      vertex 13.4807 24.9013 3.64585
    endloop
  endfacet
  facet normal 2.98605e-05 0.999361 0.0357419
    outer loop
      vertex 9.0534 24.7988 6.51173
      vertex 9.31002 24.7098 9
      vertex 9.28142 24.7978 6.5395
    endloop
  endfacet
  facet normal -0.000168892 0.99936 0.0357624
    outer loop
      vertex 8.93953 24.7993 6.49722
      vertex 9.31002 24.7098 9
      vertex 9.0534 24.7988 6.51173
    endloop
  endfacet
  facet normal 0.000111212 0.999362 0.0357209
    outer loop
      vertex 8.57684 24.8028 6.40043
      vertex 9.31002 24.7098 9
      vertex 8.93953 24.7993 6.49722
    endloop
  endfacet
  facet normal -9.06111e-05 0.99936 0.0357778
    outer loop
      vertex 8.27042 24.8057 6.31865
      vertex 9.31002 24.7098 9
      vertex 8.57684 24.8028 6.40043
    endloop
  endfacet
  facet normal -5.2576e-05 0.99936 0.0357631
    outer loop
      vertex 7.98693 24.8101 6.19528
      vertex 9.31002 24.7098 9
      vertex 8.27042 24.8057 6.31865
    endloop
  endfacet
  facet normal -6.6288e-05 0.99936 0.0357695
    outer loop
      vertex 7.67749 24.8149 6.0606
      vertex 9.31002 24.7098 9
      vertex 7.98693 24.8101 6.19528
    endloop
  endfacet
  facet normal 4.62535e-05 0.999362 0.0357071
    outer loop
      vertex 7.5262 24.8185 5.96004
      vertex 9.31002 24.7098 9
      vertex 7.67749 24.8149 6.0606
    endloop
  endfacet
  facet normal 0 0.999361 0.0357342
    outer loop
      vertex 9.31002 24.7098 9
      vertex 7.5262 24.8185 5.96004
      vertex 1.25 24.7098 9
    endloop
  endfacet
  facet normal 3.72099e-05 0.999359 0.0358109
    outer loop
      vertex 7.18666 24.8266 5.73435
      vertex 1.25 24.7098 9
      vertex 7.5262 24.8185 5.96004
    endloop
  endfacet
  facet normal 8.95332e-05 0.999355 0.0359059
    outer loop
      vertex 7.09279 24.8301 5.63717
      vertex 1.25 24.7098 9
      vertex 7.18666 24.8266 5.73435
    endloop
  endfacet
  facet normal -3.21296e-05 0.999363 0.0356948
    outer loop
      vertex 6.81939 24.8402 5.35415
      vertex 1.25 24.7098 9
      vertex 7.09279 24.8301 5.63717
    endloop
  endfacet
  facet normal -7.22346e-06 0.999361 0.0357328
    outer loop
      vertex 6.64246 24.8518 5.02969
      vertex 1.25 24.7098 9
      vertex 6.81939 24.8402 5.35415
    endloop
  endfacet
  facet normal -0.000163862 0.999369 0.0355203
    outer loop
      vertex 6.59171 24.8551 4.93661
      vertex 1.25 24.7098 9
      vertex 6.64246 24.8518 5.02969
    endloop
  endfacet
  facet normal 0.000450761 0.99934 0.0363273
    outer loop
      vertex 6.57648 24.8582 4.85152
      vertex 1.25 24.7098 9
      vertex 6.59171 24.8551 4.93661
    endloop
  endfacet
  facet normal 4.9319e-05 0.999359 0.0358125
    outer loop
      vertex 6.51358 24.8708 4.5
      vertex 1.25 24.7098 9
      vertex 6.57648 24.8582 4.85152
    endloop
  endfacet
  facet normal 3.32118e-05 0.999363 0.0356826
    outer loop
      vertex 1.25 24.9781 1.49975
      vertex 6.51358 24.8708 4.5
      vertex 6.57648 24.8839 4.13305
    endloop
  endfacet
  facet normal -5.28327e-05 0.999357 0.0358565
    outer loop
      vertex 1.25 24.9781 1.49975
      vertex 6.57648 24.8839 4.13305
      vertex 6.58842 24.8864 4.06339
    endloop
  endfacet
  facet normal -1.79896e-05 0.99936 0.035784
    outer loop
      vertex 1.25 24.9781 1.49975
      vertex 6.58842 24.8864 4.06339
      vertex 6.62596 24.8889 3.99359
    endloop
  endfacet
  facet normal 4.05567e-05 0.999364 0.035658
    outer loop
      vertex 1.25 24.9781 1.49975
      vertex 6.62596 24.8889 3.99359
      vertex 6.81296 24.9013 3.64585
    endloop
  endfacet
  facet normal 2.37903e-05 0.999363 0.0357014
    outer loop
      vertex 1.25 24.9781 1.49975
      vertex 6.81296 24.9013 3.64585
      vertex 7.12977 24.9131 3.31533
    endloop
  endfacet
  facet normal -0.000102547 0.999348 0.03611
    outer loop
      vertex 1.25 24.9781 1.49975
      vertex 7.12977 24.9131 3.31533
      vertex 7.17738 24.9149 3.26565
    endloop
  endfacet
  facet normal 0.000101205 0.999387 0.0349953
    outer loop
      vertex 1.25 24.9781 1.49975
      vertex 8.81655 24.9412 2.53165
      vertex 8.92451 24.9422 2.50278
    endloop
  endfacet
  facet normal -4.81604e-06 0.999361 0.0357493
    outer loop
      vertex 6.51358 24.8708 4.5
      vertex 1.25 24.9781 1.49975
      vertex 1.25 24.7098 9
    endloop
  endfacet
  facet normal -6.54355e-06 0.999359 0.0357882
    outer loop
      vertex 7.60363 24.9251 2.9809
      vertex 1.25 24.9781 1.49975
      vertex 7.17738 24.9149 3.26565
    endloop
  endfacet
  facet normal -6.0942e-05 0.999351 0.0360212
    outer loop
      vertex 7.66576 24.9266 2.93939
      vertex 1.25 24.9781 1.49975
      vertex 7.60363 24.9251 2.9809
    endloop
  endfacet
  facet normal 4.72241e-05 0.999368 0.0355398
    outer loop
      vertex 7.78205 24.9284 2.88862
      vertex 1.25 24.9781 1.49975
      vertex 7.66576 24.9266 2.93939
    endloop
  endfacet
  facet normal 1.17554e-05 0.999362 0.0357064
    outer loop
      vertex 8.25675 24.9358 2.68135
      vertex 1.25 24.9781 1.49975
      vertex 7.78205 24.9284 2.88862
    endloop
  endfacet
  facet normal -2.82388e-05 0.999354 0.0359432
    outer loop
      vertex 8.81655 24.9412 2.53165
      vertex 1.25 24.9781 1.49975
      vertex 8.25675 24.9358 2.68135
    endloop
  endfacet
  facet normal -1.92714e-05 0.999355 0.0359159
    outer loop
      vertex 9.44567 24.9446 2.43628
      vertex 1.25 24.9781 1.49975
      vertex 8.92451 24.9422 2.50278
    endloop
  endfacet
  facet normal -3.309e-05 0.99935 0.0360367
    outer loop
      vertex 9.63988 24.9455 2.4115
      vertex 1.25 24.9781 1.49975
      vertex 9.44567 24.9446 2.43628
    endloop
  endfacet
  facet normal 0 0.999361 0.0357326
    outer loop
      vertex 10.4156 24.9455 2.4115
      vertex 1.25 24.9781 1.49975
      vertex 9.63988 24.9455 2.4115
    endloop
  endfacet
  facet normal 0.406726 0.91355 -0
    outer loop
      vertex 23 24.4641 -1.49975
      vertex 22.2361 24.8042 1.49975
      vertex 23 24.4641 1.49975
    endloop
  endfacet
  facet normal 0.406726 0.91355 0
    outer loop
      vertex 22.2361 24.8042 1.49975
      vertex 23 24.4641 -1.49975
      vertex 22.2361 24.8042 -1.49975
    endloop
  endfacet
  facet normal 0.116197 0.987775 0.103914
    outer loop
      vertex -9.499 23.1 54
      vertex -9.499 23.065 54.3327
      vertex -9.30433 23.0771 54
    endloop
  endfacet
  facet normal 0.117234 0.987605 0.104366
    outer loop
      vertex 21.4181 24.9781 1.49975
      vertex 17.0013 24.7098 9
      vertex 17.0291 24.7065 9
    endloop
  endfacet
  facet normal -0.583867 0.803634 0.115206
    outer loop
      vertex -23 24.4641 1.49975
      vertex -23.6765 23.9726 1.49975
      vertex -14.501 23.065 54.3327
    endloop
  endfacet
  facet normal 0.587781 -0.80902 0
    outer loop
      vertex 23 -24.4641 -1.49975
      vertex 23.6765 -23.9726 1.49975
      vertex 23 -24.4641 1.49975
    endloop
  endfacet
  facet normal 0.587781 -0.80902 0
    outer loop
      vertex 23.6765 -23.9726 1.49975
      vertex 23 -24.4641 -1.49975
      vertex 23.6765 -23.9726 -1.49975
    endloop
  endfacet
  facet normal 0.418802 -0.863678 0.280471
    outer loop
      vertex -9.499 -23.065 54.3327
      vertex -6.84975 -23.0841 50.318
      vertex -9.499 -22.9617 54.6508
    endloop
  endfacet
  facet normal 0.419173 -0.863419 0.280715
    outer loop
      vertex -6.84975 -23.0841 50.318
      vertex -9.499 -23.065 54.3327
      vertex -6.84975 -23.1791 50.0258
    endloop
  endfacet
  facet normal 0.419192 -0.863409 0.280718
    outer loop
      vertex 18.414 -24.2521 9
      vertex 18.3864 -24.2655 9
      vertex 23 -24.4641 1.49975
    endloop
  endfacet
  facet normal -0.981496 0.021805 0.190235
    outer loop
      vertex -25 21 1.49975
      vertex -23.0307 20.9863 11.6617
      vertex -22.9898 21.1278 11.8565
    endloop
  endfacet
  facet normal -0.981497 0.0217596 0.190235
    outer loop
      vertex -25 21 1.49975
      vertex -23.0918 20.6756 11.382
      vertex -23.0307 20.9863 11.6617
    endloop
  endfacet
  facet normal -0.981494 0.0218772 0.190238
    outer loop
      vertex -25 21 1.49975
      vertex -23.1404 20.3135 11.1729
      vertex -23.0918 20.6756 11.382
    endloop
  endfacet
  facet normal -0.981503 0.0216196 0.190222
    outer loop
      vertex -25 21 1.49975
      vertex -23.1742 19.9158 11.0437
      vertex -23.1404 20.3135 11.1729
    endloop
  endfacet
  facet normal -0.981496 0.0217869 0.19024
    outer loop
      vertex -25 21 1.49975
      vertex -23.1919 19.5 11
      vertex -23.1742 19.9158 11.0437
    endloop
  endfacet
  facet normal -0.981496 0.0217945 0.190241
    outer loop
      vertex -25 21 1.49975
      vertex -23.8269 -9.09663 11
      vertex -23.1919 19.5 11
    endloop
  endfacet
  facet normal -0.981497 0.0217919 0.190233
    outer loop
      vertex -23.8269 -9.09663 11
      vertex -25 21 1.49975
      vertex -25.2 -13.6263 4.43444
    endloop
  endfacet
  facet normal -0.981495 0.0218515 0.190238
    outer loop
      vertex -15.1605 21.489 52.2091
      vertex -14.6476 21.6579 54.8359
      vertex -17.305 21.489 41.145
    endloop
  endfacet
  facet normal -0.981493 0.0220281 0.190227
    outer loop
      vertex -15.0832 21.4021 52.618
      vertex -14.6476 21.6579 54.8359
      vertex -15.1605 21.489 52.2091
    endloop
  endfacet
  facet normal -0.981493 0.0216574 0.190269
    outer loop
      vertex -15.0129 21.232 53
      vertex -14.6476 21.6579 54.8359
      vertex -15.0832 21.4021 52.618
    endloop
  endfacet
  facet normal -0.981497 0.02184 0.190228
    outer loop
      vertex -14.9528 20.9863 53.3383
      vertex -14.6476 21.6579 54.8359
      vertex -15.0129 21.232 53
    endloop
  endfacet
  facet normal -0.9815 0.0218916 0.190205
    outer loop
      vertex -14.9528 20.9863 53.3383
      vertex -14.7202 20.9443 54.5434
      vertex -14.6476 21.6579 54.8359
    endloop
  endfacet
  facet normal -0.981503 0.0218044 0.190203
    outer loop
      vertex -14.9055 20.6756 53.618
      vertex -14.7202 20.9443 54.5434
      vertex -14.9528 20.9863 53.3383
    endloop
  endfacet
  facet normal -0.981505 0.0218603 0.190187
    outer loop
      vertex -14.7202 20.9443 54.5434
      vertex -14.9055 20.6756 53.618
      vertex -14.8818 20.4112 53.7707
    endloop
  endfacet
  facet normal -0.98094 0.0412201 0.189888
    outer loop
      vertex -22.9699 21.1923 11.9453
      vertex -25 21 1.49975
      vertex -22.9898 21.1278 11.8565
    endloop
  endfacet
  facet normal -0.980971 0.0403857 0.189907
    outer loop
      vertex -17.305 21.489 41.145
      vertex -14.6115 21.984 54.9531
      vertex -19.8368 21.489 28.0669
    endloop
  endfacet
  facet normal -0.980973 0.0403389 0.189909
    outer loop
      vertex -14.6115 21.984 54.9531
      vertex -17.305 21.489 41.145
      vertex -14.641 21.7228 54.8562
    endloop
  endfacet
  facet normal -0.980972 0.0403586 0.189908
    outer loop
      vertex -14.641 21.7228 54.8562
      vertex -17.305 21.489 41.145
      vertex -14.6476 21.6579 54.8359
    endloop
  endfacet
  facet normal 0.99853 0.0056658 -0.0539012
    outer loop
      vertex 25.2 -14.25 -1.5
      vertex 25 21 -1.49975
      vertex 25.2 -13.6263 -1.43444
    endloop
  endfacet
  facet normal -0.43759 -0.89424 0.094074
    outer loop
      vertex -14.501 -23.065 54.3327
      vertex -23 -24.4641 1.49975
      vertex -14.501 -23.1 54
    endloop
  endfacet
  facet normal -0.998031 -0.0572934 0.0255093
    outer loop
      vertex -25.2 -16.8481 3
      vertex -25.2 -17.1032 2.42705
      vertex -25 -21 1.49975
    endloop
  endfacet
  facet normal -0.999981 0.00619828 0
    outer loop
      vertex -25.2 -11.2664 1.18641
      vertex -25 21 1.49975
      vertex -25 21 -1.49975
    endloop
  endfacet
  facet normal -0.999981 0.00619828 0
    outer loop
      vertex -25 21 1.49975
      vertex -25.2 -11.2664 1.18641
      vertex -25.2 -11.2664 1.81359
    endloop
  endfacet
  facet normal -5.82695e-05 -3.36405e-05 -1
    outer loop
      vertex -24.6542 -22.6269 -1.49975
      vertex -25.2 -14.25 -1.5
      vertex -24.2361 -23.3511 -1.49975
    endloop
  endfacet
  facet normal -0.936062 -0.304135 0.176889
    outer loop
      vertex -14.5296 -22.794 54.7898
      vertex -24.9126 -21.8316 1.49975
      vertex -24.6542 -22.6269 1.49975
    endloop
  endfacet
  facet normal -0.93897 -0.29459 0.177628
    outer loop
      vertex -24.9126 -21.8316 1.49975
      vertex -14.5296 -22.794 54.7898
      vertex -14.53 -22.7917 54.7915
    endloop
  endfacet
  facet normal -2.68324e-05 2.41197e-05 -1
    outer loop
      vertex -19.6518 19.3298 -1.49997
      vertex -24.2361 23.3511 -1.49975
      vertex -19.6109 19.3753 -1.49997
    endloop
  endfacet
  facet normal -3.18547e-05 1.83942e-05 -1
    outer loop
      vertex -24.2361 23.3511 -1.49975
      vertex -19.6518 19.3298 -1.49997
      vertex -20.0854 18.5789 -1.49997
    endloop
  endfacet
  facet normal -2.68123e-05 2.4143e-05 -1
    outer loop
      vertex -19.6109 19.3753 -1.49997
      vertex -24.2361 23.3511 -1.49975
      vertex -18.9877 20.0674 -1.49997
    endloop
  endfacet
  facet normal -4.81923e-05 3.29756e-06 -1
    outer loop
      vertex -20.6243 14.7545 -1.49998
      vertex -24.9126 21.8316 -1.49975
      vertex -20.75 15.95 -1.49997
    endloop
  endfacet
  facet normal -1.60776e-05 2.27571e-05 -1
    outer loop
      vertex -20.3921 14.0397 -1.5
      vertex -24.9126 21.8316 -1.49975
      vertex -20.6243 14.7545 -1.49998
    endloop
  endfacet
  facet normal -4.27734e-05 7.26944e-06 -1
    outer loop
      vertex -24.9126 21.8316 -1.49975
      vertex -20.3921 14.0397 -1.5
      vertex -25.2 -14.25 -1.5
    endloop
  endfacet
  facet normal -3.78623e-05 1.22992e-05 -1
    outer loop
      vertex -20.6243 17.1455 -1.49997
      vertex -24.9126 21.8316 -1.49975
      vertex -20.4879 17.5654 -1.49997
    endloop
  endfacet
  facet normal -4.60153e-05 4.83825e-06 -1
    outer loop
      vertex -24.9126 21.8316 -1.49975
      vertex -20.6243 17.1455 -1.49997
      vertex -20.75 15.95 -1.49997
    endloop
  endfacet
  facet normal -3.78615e-05 1.23e-05 -1
    outer loop
      vertex -24.9126 21.8316 -1.49975
      vertex -20.4572 17.6599 -1.49997
      vertex -20.4879 17.5654 -1.49997
    endloop
  endfacet
  facet normal -3.78604e-05 1.23012e-05 -1
    outer loop
      vertex -20.4572 17.6599 -1.49997
      vertex -24.9126 21.8316 -1.49975
      vertex -24.6542 22.6269 -1.49975
    endloop
  endfacet
  facet normal 0.999827 0.00574163 -0.0176722
    outer loop
      vertex 25.2 -13.6263 -1.43444
      vertex 25 21 -1.49975
      vertex 25.2 -13.0298 -1.24064
    endloop
  endfacet
  facet normal 0.000490758 -5.1578e-05 -1
    outer loop
      vertex 25 -21 -1.49975
      vertex 24.9126 -21.8316 -1.49975
      vertex 25.2 -14.25 -1.5
    endloop
  endfacet
  facet normal -2.20154e-05 3.03208e-05 -1
    outer loop
      vertex -18.1962 20.6963 -1.49997
      vertex -23 24.4641 -1.49975
      vertex -18.1199 20.7517 -1.49997
    endloop
  endfacet
  facet normal -2.20225e-05 3.03117e-05 -1
    outer loop
      vertex -23 24.4641 -1.49975
      vertex -18.1962 20.6963 -1.49997
      vertex -23.6765 23.9726 -1.49975
    endloop
  endfacet
  facet normal -0.587781 0.80902 0
    outer loop
      vertex -23 24.4641 -1.49975
      vertex -23.6765 23.9726 1.49975
      vertex -23 24.4641 1.49975
    endloop
  endfacet
  facet normal -0.587781 0.80902 0
    outer loop
      vertex -23.6765 23.9726 1.49975
      vertex -23 24.4641 -1.49975
      vertex -23.6765 23.9726 -1.49975
    endloop
  endfacet
  facet normal 0.942012 -0.167779 0.290627
    outer loop
      vertex 25.2 -15.4702 4.24064
      vertex 24.9126 -21.8316 1.49975
      vertex 25.2 -16.0134 3.92705
    endloop
  endfacet
  facet normal 0.99968 0.00781196 0.0240446
    outer loop
      vertex 25.2 -13.0298 4.24064
      vertex 25 21 1.49975
      vertex 25.2 -13.6263 4.43444
    endloop
  endfacet
  facet normal 0.999953 0.00649504 0.00721224
    outer loop
      vertex 25.2 -12.0206 3.50739
      vertex 25 21 1.49975
      vertex 25.2 -12.4866 3.92705
    endloop
  endfacet
  facet normal 0.829021 -0.117731 0.546684
    outer loop
      vertex 23.4598 -15.2144 7
      vertex 23.4574 -15.2313 7
      vertex 25.2 -14.8737 4.43444
    endloop
  endfacet
  facet normal 0.829079 -0.11619 0.546927
    outer loop
      vertex -9.29756 -21.6278 55.2942
      vertex -6.84975 -21.4508 51.6212
      vertex -6.84975 -21.1486 51.6854
    endloop
  endfacet
  facet normal 0.829092 -0.116015 0.546944
    outer loop
      vertex -9.31771 -21.7751 55.2935
      vertex -6.84975 -21.4508 51.6212
      vertex -9.29756 -21.6278 55.2942
    endloop
  endfacet
  facet normal 0.82908 -0.116226 0.546917
    outer loop
      vertex -6.84975 -21.4508 51.6212
      vertex -9.31771 -21.7751 55.2935
      vertex -9.34644 -21.9631 55.2971
    endloop
  endfacet
  facet normal 0.999977 0.00625299 0.00278408
    outer loop
      vertex 25.2 -11.3968 2.42705
      vertex 25 21 1.49975
      vertex 25.2 -11.6519 3
    endloop
  endfacet
  facet normal 0.999981 0.00619828 -0
    outer loop
      vertex 25.2 -11.2664 1.18641
      vertex 25 21 1.49975
      vertex 25.2 -11.2664 1.81359
    endloop
  endfacet
  facet normal 0.999981 0.00619828 0
    outer loop
      vertex 25 21 1.49975
      vertex 25.2 -11.2664 1.18641
      vertex 25 21 -1.49975
    endloop
  endfacet
  facet normal -0.979047 -0.0429605 0.19905
    outer loop
      vertex -23.8269 -15.7456 11
      vertex -25.2 -14.8737 4.43444
      vertex -23.825 -15.7889 11
    endloop
  endfacet
  facet normal -0.979056 -0.042707 0.199061
    outer loop
      vertex -14.6985 -21.863 54.5787
      vertex -15.1966 -21.489 52.2091
      vertex -15.2603 -21.489 51.8958
    endloop
  endfacet
  facet normal -0.979062 -0.0421988 0.199143
    outer loop
      vertex -15.1966 -21.489 52.2091
      vertex -14.6985 -21.863 54.5787
      vertex -14.7555 -21.5056 54.3742
    endloop
  endfacet
  facet normal -0.979048 -0.0425506 0.199133
    outer loop
      vertex -15.1172 -21.4021 52.618
      vertex -14.7555 -21.5056 54.3742
      vertex -15.0759 -21.3022 52.8424
    endloop
  endfacet
  facet normal -0.979051 -0.0424741 0.199138
    outer loop
      vertex -14.7555 -21.5056 54.3742
      vertex -15.1172 -21.4021 52.618
      vertex -15.1966 -21.489 52.2091
    endloop
  endfacet
  facet normal 0.400546 0.87574 0.269523
    outer loop
      vertex -9.29918 23.076 54
      vertex -9.499 23.065 54.3327
      vertex -9.29437 23.0738 54
    endloop
  endfacet
  facet normal 0.392134 0.881054 0.264528
    outer loop
      vertex 18.6171 24.4945 7.89547
      vertex 17.7309 24.5573 9
      vertex 17.872 24.4945 9
    endloop
  endfacet
  facet normal 0.39223 0.880988 0.264605
    outer loop
      vertex 22.2361 24.8042 1.49975
      vertex 19.3588 24.3073 7.41924
      vertex 23 24.4641 1.49975
    endloop
  endfacet
  facet normal 0.39229 0.880954 0.264631
    outer loop
      vertex 19.3588 24.3073 7.41924
      vertex 22.2361 24.8042 1.49975
      vertex 19.1725 24.366 7.5
    endloop
  endfacet
  facet normal 0.392483 0.88084 0.264721
    outer loop
      vertex 19.1725 24.366 7.5
      vertex 22.2361 24.8042 1.49975
      vertex 18.8527 24.4511 7.69098
    endloop
  endfacet
  facet normal 0.391797 0.881251 0.26437
    outer loop
      vertex 18.8527 24.4511 7.69098
      vertex 22.2361 24.8042 1.49975
      vertex 18.6171 24.4945 7.89547
    endloop
  endfacet
  facet normal 0.392209 0.881001 0.264591
    outer loop
      vertex 18.6171 24.4945 7.89547
      vertex 22.2361 24.8042 1.49975
      vertex 17.7309 24.5573 9
    endloop
  endfacet
  facet normal -0 0.994512 0.104623
    outer loop
      vertex -10.7497 23.1 54
      vertex -9.499 23.065 54.3327
      vertex -9.499 23.1 54
    endloop
  endfacet
  facet normal 0 0.994512 0.104623
    outer loop
      vertex -9.499 23.065 54.3327
      vertex -10.7497 23.1 54
      vertex -14.501 23.065 54.3327
    endloop
  endfacet
  facet normal 0 0.994512 0.104623
    outer loop
      vertex -14.501 23.065 54.3327
      vertex -10.7497 23.1 54
      vertex -14.501 23.1 54
    endloop
  endfacet
  facet normal -0.735912 0.662616 0.139189
    outer loop
      vertex -23.6765 23.9726 1.49975
      vertex -24.2361 23.3511 1.49975
      vertex -14.501 23.065 54.3327
    endloop
  endfacet
  facet normal 0 1 0
    outer loop
      vertex 21.4181 24.9781 1.49975
      vertex 1.25 24.9781 0.653053
      vertex 1.25 24.9781 1.49975
    endloop
  endfacet
  facet normal 0 1 0
    outer loop
      vertex -21.4181 24.9781 -1.49975
      vertex 1.25 24.9781 0.653053
      vertex 21.4181 24.9781 -1.49975
    endloop
  endfacet
  facet normal 0 1 -0
    outer loop
      vertex 21.4181 24.9781 -1.49975
      vertex 1.25 24.9781 0.653053
      vertex 21.4181 24.9781 1.49975
    endloop
  endfacet
  facet normal 0 1 -0
    outer loop
      vertex -6.75 24.9781 0.653053
      vertex -21.4181 24.9781 1.49975
      vertex -6.75 24.9781 1.49975
    endloop
  endfacet
  facet normal 0 1 0
    outer loop
      vertex 1.25 24.9781 0.653053
      vertex -21.4181 24.9781 -1.49975
      vertex -6.75 24.9781 0.653053
    endloop
  endfacet
  facet normal 0 1 0
    outer loop
      vertex -6.75 24.9781 0.653053
      vertex -21.4181 24.9781 -1.49975
      vertex -21.4181 24.9781 1.49975
    endloop
  endfacet
  facet normal 0.672594 0.601666 0.43083
    outer loop
      vertex -8.91517 22.8152 54
      vertex -9.499 22.7944 54.9405
      vertex -8.90533 22.8042 54
    endloop
  endfacet
  facet normal 0.670996 0.604131 0.429872
    outer loop
      vertex 20.3771 23.7079 7.02185
      vertex 23.6765 23.9726 1.49975
      vertex 20.2198 23.8498 7.06796
    endloop
  endfacet
  facet normal 0.67097 0.604169 0.429859
    outer loop
      vertex 20.5783 23.5 7
      vertex 23.6765 23.9726 1.49975
      vertex 20.3771 23.7079 7.02185
    endloop
  endfacet
  facet normal 0.670981 0.604153 0.429864
    outer loop
      vertex 20.5783 23.5 7
      vertex 24.2361 23.3511 1.49975
      vertex 23.6765 23.9726 1.49975
    endloop
  endfacet
  facet normal 0.670934 0.604231 0.42983
    outer loop
      vertex 24.2361 23.3511 1.49975
      vertex 20.5783 23.5 7
      vertex 20.764 23.2938 7
    endloop
  endfacet
  facet normal 0.723373 0.51315 0.461961
    outer loop
      vertex -9.499 22.7944 54.9405
      vertex -8.75189 22.5879 54
      vertex -8.90533 22.8042 54
    endloop
  endfacet
  facet normal 0.723422 0.51302 0.462028
    outer loop
      vertex -8.75189 22.5879 54
      vertex -9.499 22.7944 54.9405
      vertex -9.499 22.5706 55.189
    endloop
  endfacet
  facet normal 0.72375 0.51239 0.462214
    outer loop
      vertex 24.2361 23.3511 1.49975
      vertex 20.764 23.2938 7
      vertex 20.78 23.2712 7
    endloop
  endfacet
  facet normal -0.981303 0.0200005 0.191428
    outer loop
      vertex -25.2 -13.6263 4.43444
      vertex -23.8388 -9.68049 11
      vertex -23.8269 -9.09663 11
    endloop
  endfacet
  facet normal -0.981314 0.0201149 0.191361
    outer loop
      vertex -23.8388 -9.68049 11
      vertex -25.2 -13.6263 4.43444
      vertex -25.2 -14.25 4.5
    endloop
  endfacet
  facet normal -0.980693 0.0146264 0.195008
    outer loop
      vertex -14.8818 20.4112 53.7707
      vertex -14.7221 20.9249 54.5353
      vertex -14.7202 20.9443 54.5434
    endloop
  endfacet
  facet normal -0.981052 0.0178478 0.192919
    outer loop
      vertex -14.7221 20.9249 54.5353
      vertex -14.8818 20.4112 53.7707
      vertex -14.8802 20.3943 53.7804
    endloop
  endfacet
  facet normal 0.83815 0.113263 0.533551
    outer loop
      vertex 24.9126 21.8316 1.49975
      vertex 21.409 21.8482 7
      vertex 21.4135 21.8149 7
    endloop
  endfacet
  facet normal 0.838116 0.11353 0.533548
    outer loop
      vertex -9.39901 21.7941 55.4072
      vertex -8.52969 21.9898 54
      vertex -9.42642 21.9941 55.4077
    endloop
  endfacet
  facet normal 0.838104 0.113943 0.533478
    outer loop
      vertex -8.4867 21.6721 54
      vertex -9.39901 21.7941 55.4072
      vertex -9.39588 21.7678 55.4079
    endloop
  endfacet
  facet normal 0.838137 0.113438 0.533533
    outer loop
      vertex -8.4867 21.6721 54
      vertex -9.39588 21.7678 55.4079
      vertex -9.39218 21.7367 55.4087
    endloop
  endfacet
  facet normal 0.838134 0.113413 0.533543
    outer loop
      vertex -9.39901 21.7941 55.4072
      vertex -8.4867 21.6721 54
      vertex -8.52969 21.9898 54
    endloop
  endfacet
  facet normal 0.838142 0.113371 0.53354
    outer loop
      vertex -8.4867 21.6721 54
      vertex -9.39218 21.7367 55.4087
      vertex -9.38477 21.6678 55.4117
    endloop
  endfacet
  facet normal 2.22047e-05 -3.05626e-05 -1
    outer loop
      vertex 23 -24.4641 -1.49975
      vertex 17.5 -20.2801 -1.5
      vertex 23.6765 -23.9726 -1.49975
    endloop
  endfacet
  facet normal 0.207945 -0.978141 0
    outer loop
      vertex 21.4181 -24.9781 -1.49975
      vertex 22.2361 -24.8042 1.49975
      vertex 21.4181 -24.9781 1.49975
    endloop
  endfacet
  facet normal 0.207945 -0.978141 0
    outer loop
      vertex 22.2361 -24.8042 1.49975
      vertex 21.4181 -24.9781 -1.49975
      vertex 22.2361 -24.8042 -1.49975
    endloop
  endfacet
  facet normal 3.1871e-05 1.83764e-05 -1
    outer loop
      vertex 20.0854 18.5789 -1.49997
      vertex 24.6542 22.6269 -1.49975
      vertex 20.1317 18.4986 -1.49997
    endloop
  endfacet
  facet normal 3.18572e-05 1.8392e-05 -1
    outer loop
      vertex 24.6542 22.6269 -1.49975
      vertex 20.0854 18.5789 -1.49997
      vertex 24.2361 23.3511 -1.49975
    endloop
  endfacet
  facet normal 0.743145 -0.66913 0
    outer loop
      vertex 23.6765 -23.9726 1.49975
      vertex 24.2361 -23.3511 -1.49975
      vertex 24.2361 -23.3511 1.49975
    endloop
  endfacet
  facet normal 0.743145 -0.66913 0
    outer loop
      vertex 24.2361 -23.3511 -1.49975
      vertex 23.6765 -23.9726 1.49975
      vertex 23.6765 -23.9726 -1.49975
    endloop
  endfacet
  facet normal 0.99859 -0.035521 -0.0394433
    outer loop
      vertex 25.2 -16.4794 -0.507391
      vertex 25 -21 -1.49975
      vertex 25.2 -16.0134 -0.927051
    endloop
  endfacet
  facet normal 0.99897 -0.041454 -0.018457
    outer loop
      vertex 25.2 -17.1032 0.572948
      vertex 25 -21 -1.49975
      vertex 25.2 -16.8481 0
    endloop
  endfacet
  facet normal -0.866034 -0.499985 0
    outer loop
      vertex -24.2361 -23.3511 -1.49975
      vertex -24.6542 -22.6269 1.49975
      vertex -24.6542 -22.6269 -1.49975
    endloop
  endfacet
  facet normal -0.866034 -0.499985 0
    outer loop
      vertex -24.6542 -22.6269 1.49975
      vertex -24.2361 -23.3511 -1.49975
      vertex -24.2361 -23.3511 1.49975
    endloop
  endfacet
  facet normal -0.735912 -0.662616 0.139189
    outer loop
      vertex -14.501 -23.065 54.3327
      vertex -24.2361 -23.3511 1.49975
      vertex -23.6765 -23.9726 1.49975
    endloop
  endfacet
  facet normal -0.99859 -0.035521 -0.0394433
    outer loop
      vertex -25 -21 -1.49975
      vertex -25.2 -16.4794 -0.507391
      vertex -25.2 -16.0134 -0.927051
    endloop
  endfacet
  facet normal -0.994809 -0.0314449 -0.0967846
    outer loop
      vertex -25 -21 -1.49975
      vertex -25.2 -15.4702 -1.24064
      vertex -25.2 -14.8737 -1.43444
    endloop
  endfacet
  facet normal -0.978524 -0.063694 0.196045
    outer loop
      vertex -23.7898 -16.3302 11
      vertex -25.2 -14.8737 4.43444
      vertex -25.2 -15.4702 4.24064
    endloop
  endfacet
  facet normal -0.978525 -0.0636322 0.196059
    outer loop
      vertex -25.2 -14.8737 4.43444
      vertex -23.7898 -16.3302 11
      vertex -23.825 -15.7889 11
    endloop
  endfacet
  facet normal -0.978579 -0.0621002 0.196281
    outer loop
      vertex -14.6965 -21.8752 54.5845
      vertex -15.2603 -21.489 51.8958
      vertex -15.3298 -21.489 51.5493
    endloop
  endfacet
  facet normal -0.978387 -0.0674629 0.19547
    outer loop
      vertex -15.2603 -21.489 51.8958
      vertex -14.6965 -21.8752 54.5845
      vertex -14.6985 -21.863 54.5787
    endloop
  endfacet
  facet normal -0.9916 -0.0865546 0.0961122
    outer loop
      vertex -25.2 -16.0134 3.92705
      vertex -25.2 -16.4794 3.50739
      vertex -25 -21 1.49975
    endloop
  endfacet
  facet normal -0.996756 -0.0651107 0.0473133
    outer loop
      vertex -25.2 -16.4794 3.50739
      vertex -25.2 -16.8481 3
      vertex -25 -21 1.49975
    endloop
  endfacet
  facet normal -1.68436e-05 3.78215e-05 -1
    outer loop
      vertex -17.875 20.9296 -1.49997
      vertex -22.2361 24.8042 -1.49975
      vertex -17.2456 21.2099 -1.49997
    endloop
  endfacet
  facet normal -2.26907e-05 3.12403e-05 -1
    outer loop
      vertex -22.2361 24.8042 -1.49975
      vertex -17.875 20.9296 -1.49997
      vertex -18.0482 20.8038 -1.49997
    endloop
  endfacet
  facet normal 1.67828e-05 -3.76903e-05 -1
    outer loop
      vertex 22.2361 -24.8042 -1.49975
      vertex 16.5451 -20.7053 -1.5
      vertex 17.5 -20.2801 -1.5
    endloop
  endfacet
  facet normal 0.962077 -0.028516 -0.271285
    outer loop
      vertex 25.2 -14.8737 -1.43444
      vertex 25 -21 -1.49975
      vertex 25.2 -14.25 -1.5
    endloop
  endfacet
  facet normal 0.999933 0.0058003 -0.0100473
    outer loop
      vertex 25.2 -13.0298 -1.24064
      vertex 25 21 -1.49975
      vertex 25.2 -12.4866 -0.927051
    endloop
  endfacet
  facet normal 0.999978 0.00600233 -0.00267249
    outer loop
      vertex 25.2 -11.6519 0
      vertex 25 21 -1.49975
      vertex 25.2 -11.3968 0.572948
    endloop
  endfacet
  facet normal 1 0 0
    outer loop
      vertex 25.2 -12.7582 1.65579
      vertex 25.2 -11.2664 1.81359
      vertex 25.2 -11.3968 2.42705
    endloop
  endfacet
  facet normal 1 0 0
    outer loop
      vertex 25.2 -11.2664 1.81359
      vertex 25.2 -12.7582 1.65579
      vertex 25.2 -11.2664 1.18641
    endloop
  endfacet
  facet normal 1 0 0
    outer loop
      vertex 25.2 -12.8234 1.96252
      vertex 25.2 -11.3968 2.42705
      vertex 25.2 -11.6519 3
    endloop
  endfacet
  facet normal 1 -0 0
    outer loop
      vertex 25.2 -12.7582 1.34221
      vertex 25.2 -11.2664 1.18641
      vertex 25.2 -12.7582 1.65579
    endloop
  endfacet
  facet normal 1 0 0
    outer loop
      vertex 25.2 -12.951 2.249
      vertex 25.2 -11.6519 3
      vertex 25.2 -12.0206 3.50739
    endloop
  endfacet
  facet normal 1 0 0
    outer loop
      vertex 25.2 -11.2664 1.18641
      vertex 25.2 -12.7582 1.34221
      vertex 25.2 -11.3968 0.572948
    endloop
  endfacet
  facet normal 1 0 0
    outer loop
      vertex 25.2 -13.1353 2.5027
      vertex 25.2 -12.0206 3.50739
      vertex 25.2 -12.4866 3.92705
    endloop
  endfacet
  facet normal 1 -0 0
    outer loop
      vertex 25.2 -12.8234 1.03547
      vertex 25.2 -11.3968 0.572948
      vertex 25.2 -12.7582 1.34221
    endloop
  endfacet
  facet normal 1 0 0
    outer loop
      vertex 25.2 -11.3968 0.572948
      vertex 25.2 -12.8234 1.03547
      vertex 25.2 -11.6519 0
    endloop
  endfacet
  facet normal 1 0 0
    outer loop
      vertex 25.2 -11.3968 2.42705
      vertex 25.2 -12.8234 1.96252
      vertex 25.2 -12.7582 1.65579
    endloop
  endfacet
  facet normal 1 0 0
    outer loop
      vertex 25.2 -11.6519 3
      vertex 25.2 -12.951 2.249
      vertex 25.2 -12.8234 1.96252
    endloop
  endfacet
  facet normal 1 0 0
    outer loop
      vertex 25.2 -13.3683 2.71252
      vertex 25.2 -12.4866 3.92705
      vertex 25.2 -13.0298 4.24064
    endloop
  endfacet
  facet normal 1 0 0
    outer loop
      vertex 25.2 -12.0206 3.50739
      vertex 25.2 -13.1353 2.5027
      vertex 25.2 -12.951 2.249
    endloop
  endfacet
  facet normal 1 0 0
    outer loop
      vertex 25.2 -12.4866 3.92705
      vertex 25.2 -13.3683 2.71252
      vertex 25.2 -13.1353 2.5027
    endloop
  endfacet
  facet normal 1 0 0
    outer loop
      vertex 25.2 -13.6399 2.86932
      vertex 25.2 -13.0298 4.24064
      vertex 25.2 -13.6263 4.43444
    endloop
  endfacet
  facet normal 1 0 0
    outer loop
      vertex 25.2 -13.0298 4.24064
      vertex 25.2 -13.6399 2.86932
      vertex 25.2 -13.3683 2.71252
    endloop
  endfacet
  facet normal 1 0 0
    outer loop
      vertex 25.2 -13.6263 4.43444
      vertex 25.2 -13.9381 2.96622
      vertex 25.2 -13.6399 2.86932
    endloop
  endfacet
  facet normal 1 0 0
    outer loop
      vertex 25.2 -14.25 4.5
      vertex 25.2 -13.9381 2.96622
      vertex 25.2 -13.6263 4.43444
    endloop
  endfacet
  facet normal 1 0 0
    outer loop
      vertex 25.2 -14.25 4.5
      vertex 25.2 -14.25 2.999
      vertex 25.2 -13.9381 2.96622
    endloop
  endfacet
  facet normal 1 0 0
    outer loop
      vertex 25.2 -14.25 4.5
      vertex 25.2 -14.5619 2.96622
      vertex 25.2 -14.25 2.999
    endloop
  endfacet
  facet normal 1 -0 0
    outer loop
      vertex 25.2 -14.8737 4.43444
      vertex 25.2 -14.5619 2.96622
      vertex 25.2 -14.25 4.5
    endloop
  endfacet
  facet normal 1 0 0
    outer loop
      vertex 25.2 -14.5619 2.96622
      vertex 25.2 -14.8737 4.43444
      vertex 25.2 -14.8601 2.86932
    endloop
  endfacet
  facet normal 1 -0 0
    outer loop
      vertex 25.2 -15.4702 4.24064
      vertex 25.2 -14.8601 2.86932
      vertex 25.2 -14.8737 4.43444
    endloop
  endfacet
  facet normal 1 0 0
    outer loop
      vertex 25.2 -14.8601 2.86932
      vertex 25.2 -15.4702 4.24064
      vertex 25.2 -15.1317 2.71252
    endloop
  endfacet
  facet normal 1 -0 0
    outer loop
      vertex 25.2 -16.0134 3.92705
      vertex 25.2 -15.1317 2.71252
      vertex 25.2 -15.4702 4.24064
    endloop
  endfacet
  facet normal 1 0 0
    outer loop
      vertex 25.2 -15.1317 2.71252
      vertex 25.2 -16.0134 3.92705
      vertex 25.2 -15.3647 2.5027
    endloop
  endfacet
  facet normal 1 -0 0
    outer loop
      vertex 25.2 -16.4794 3.50739
      vertex 25.2 -15.3647 2.5027
      vertex 25.2 -16.0134 3.92705
    endloop
  endfacet
  facet normal 1 0 0
    outer loop
      vertex 25.2 -15.3647 2.5027
      vertex 25.2 -16.4794 3.50739
      vertex 25.2 -15.549 2.249
    endloop
  endfacet
  facet normal 1 0 0
    outer loop
      vertex 25.2 -15.549 2.249
      vertex 25.2 -16.8481 3
      vertex 25.2 -15.6766 1.96252
    endloop
  endfacet
  facet normal 1 -0 0
    outer loop
      vertex 25.2 -16.8481 3
      vertex 25.2 -15.549 2.249
      vertex 25.2 -16.4794 3.50739
    endloop
  endfacet
  facet normal 1 -0 0
    outer loop
      vertex 25.2 -12.951 0.749
      vertex 25.2 -11.6519 0
      vertex 25.2 -12.8234 1.03547
    endloop
  endfacet
  facet normal 1 0 0
    outer loop
      vertex 25.2 -11.6519 0
      vertex 25.2 -12.951 0.749
      vertex 25.2 -12.0206 -0.507391
    endloop
  endfacet
  facet normal 1 -0 0
    outer loop
      vertex 25.2 -13.1353 0.495304
      vertex 25.2 -12.0206 -0.507391
      vertex 25.2 -12.951 0.749
    endloop
  endfacet
  facet normal 1 0 0
    outer loop
      vertex 25.2 -12.0206 -0.507391
      vertex 25.2 -13.1353 0.495304
      vertex 25.2 -12.4866 -0.927051
    endloop
  endfacet
  facet normal 1 -0 0
    outer loop
      vertex 25.2 -13.3683 0.285474
      vertex 25.2 -12.4866 -0.927051
      vertex 25.2 -13.1353 0.495304
    endloop
  endfacet
  facet normal 1 0 0
    outer loop
      vertex 25.2 -12.4866 -0.927051
      vertex 25.2 -13.3683 0.285474
      vertex 25.2 -13.0298 -1.24064
    endloop
  endfacet
  facet normal 1 -0 0
    outer loop
      vertex 25.2 -13.6399 0.128682
      vertex 25.2 -13.0298 -1.24064
      vertex 25.2 -13.3683 0.285474
    endloop
  endfacet
  facet normal 1 0 0
    outer loop
      vertex 25.2 -13.0298 -1.24064
      vertex 25.2 -13.6399 0.128682
      vertex 25.2 -13.6263 -1.43444
    endloop
  endfacet
  facet normal 1 -0 0
    outer loop
      vertex 25.2 -13.9381 0.0317778
      vertex 25.2 -13.6263 -1.43444
      vertex 25.2 -13.6399 0.128682
    endloop
  endfacet
  facet normal 1 -0 0
    outer loop
      vertex 25.2 -14.25 -0.001
      vertex 25.2 -13.6263 -1.43444
      vertex 25.2 -13.9381 0.0317778
    endloop
  endfacet
  facet normal 1 0 0
    outer loop
      vertex 25.2 -14.25 -0.001
      vertex 25.2 -14.25 -1.5
      vertex 25.2 -13.6263 -1.43444
    endloop
  endfacet
  facet normal 1 0 0
    outer loop
      vertex 25.2 -14.5619 0.0317778
      vertex 25.2 -14.25 -1.5
      vertex 25.2 -14.25 -0.001
    endloop
  endfacet
  facet normal 1 0 0
    outer loop
      vertex 25.2 -14.8737 -1.43444
      vertex 25.2 -14.5619 0.0317778
      vertex 25.2 -14.8601 0.128682
    endloop
  endfacet
  facet normal 1 0 0
    outer loop
      vertex 25.2 -14.5619 0.0317778
      vertex 25.2 -14.8737 -1.43444
      vertex 25.2 -14.25 -1.5
    endloop
  endfacet
  facet normal 1 0 0
    outer loop
      vertex 25.2 -15.4702 -1.24064
      vertex 25.2 -14.8601 0.128682
      vertex 25.2 -15.1317 0.285474
    endloop
  endfacet
  facet normal 1 0 0
    outer loop
      vertex 25.2 -16.0134 -0.927051
      vertex 25.2 -15.1317 0.285474
      vertex 25.2 -15.3647 0.495304
    endloop
  endfacet
  facet normal 1 0 0
    outer loop
      vertex 25.2 -14.8601 0.128682
      vertex 25.2 -15.4702 -1.24064
      vertex 25.2 -14.8737 -1.43444
    endloop
  endfacet
  facet normal 1 0 0
    outer loop
      vertex 25.2 -16.4794 -0.507391
      vertex 25.2 -15.3647 0.495304
      vertex 25.2 -15.549 0.749
    endloop
  endfacet
  facet normal 1 0 0
    outer loop
      vertex 25.2 -16.8481 0
      vertex 25.2 -15.549 0.749
      vertex 25.2 -15.6766 1.03547
    endloop
  endfacet
  facet normal 1 0 0
    outer loop
      vertex 25.2 -17.1032 0.572948
      vertex 25.2 -15.6766 1.03547
      vertex 25.2 -15.7418 1.34221
    endloop
  endfacet
  facet normal 1 0 0
    outer loop
      vertex 25.2 -15.1317 0.285474
      vertex 25.2 -16.0134 -0.927051
      vertex 25.2 -15.4702 -1.24064
    endloop
  endfacet
  facet normal 1 -0 0
    outer loop
      vertex 25.2 -17.1032 2.42705
      vertex 25.2 -15.6766 1.96252
      vertex 25.2 -16.8481 3
    endloop
  endfacet
  facet normal 1 0 0
    outer loop
      vertex 25.2 -15.6766 1.96252
      vertex 25.2 -17.1032 2.42705
      vertex 25.2 -15.7418 1.65579
    endloop
  endfacet
  facet normal 1 0 0
    outer loop
      vertex 25.2 -15.3647 0.495304
      vertex 25.2 -16.4794 -0.507391
      vertex 25.2 -16.0134 -0.927051
    endloop
  endfacet
  facet normal 1 -0 0
    outer loop
      vertex 25.2 -17.2336 1.81359
      vertex 25.2 -15.7418 1.65579
      vertex 25.2 -17.1032 2.42705
    endloop
  endfacet
  facet normal 1 0 0
    outer loop
      vertex 25.2 -15.549 0.749
      vertex 25.2 -16.8481 0
      vertex 25.2 -16.4794 -0.507391
    endloop
  endfacet
  facet normal 1 0 0
    outer loop
      vertex 25.2 -15.7418 1.65579
      vertex 25.2 -17.2336 1.81359
      vertex 25.2 -15.7418 1.34221
    endloop
  endfacet
  facet normal 1 0 0
    outer loop
      vertex 25.2 -15.6766 1.03547
      vertex 25.2 -17.1032 0.572948
      vertex 25.2 -16.8481 0
    endloop
  endfacet
  facet normal 1 0 0
    outer loop
      vertex 25.2 -17.2336 1.18641
      vertex 25.2 -15.7418 1.34221
      vertex 25.2 -17.2336 1.81359
    endloop
  endfacet
  facet normal 1 0 0
    outer loop
      vertex 25.2 -15.7418 1.34221
      vertex 25.2 -17.2336 1.18641
      vertex 25.2 -17.1032 0.572948
    endloop
  endfacet
  facet normal 0.9916 -0.0865546 0.0961122
    outer loop
      vertex 25.2 -16.0134 3.92705
      vertex 25 -21 1.49975
      vertex 25.2 -16.4794 3.50739
    endloop
  endfacet
  facet normal -0.999973 0.00592722 -0.00430707
    outer loop
      vertex -25 21 -1.49975
      vertex -25.2 -12.0206 -0.507391
      vertex -25.2 -11.6519 0
    endloop
  endfacet
  facet normal -0.99968 0.00781196 0.0240446
    outer loop
      vertex -25.2 -13.0298 4.24064
      vertex -25.2 -13.6263 4.43444
      vertex -25 21 1.49975
    endloop
  endfacet
  facet normal -0.99853 0.0056658 -0.0539012
    outer loop
      vertex -25 21 -1.49975
      vertex -25.2 -14.25 -1.5
      vertex -25.2 -13.6263 -1.43444
    endloop
  endfacet
  facet normal -0.99897 -0.041454 -0.018457
    outer loop
      vertex -25 -21 -1.49975
      vertex -25.2 -17.1032 0.572948
      vertex -25.2 -16.8481 0
    endloop
  endfacet
  facet normal -0.999962 0.005861 -0.00650819
    outer loop
      vertex -25 21 -1.49975
      vertex -25.2 -12.4866 -0.927051
      vertex -25.2 -12.0206 -0.507391
    endloop
  endfacet
  facet normal -0.999977 0.00625299 0.00278408
    outer loop
      vertex -25.2 -11.3968 2.42705
      vertex -25.2 -11.6519 3
      vertex -25 21 1.49975
    endloop
  endfacet
  facet normal -0.99998 0.00621111 0.00132026
    outer loop
      vertex -25.2 -11.2664 1.81359
      vertex -25.2 -11.3968 2.42705
      vertex -25 21 1.49975
    endloop
  endfacet
  facet normal -0.854851 0.493528 0.160189
    outer loop
      vertex -24.2361 23.3511 1.49975
      vertex -24.6542 22.6269 1.49975
      vertex -14.501 23.065 54.3327
    endloop
  endfacet
  facet normal 0 0.951107 0.308863
    outer loop
      vertex -9.499 23.065 54.3327
      vertex -14.501 22.9617 54.6508
      vertex -9.499 22.9617 54.6508
    endloop
  endfacet
  facet normal 0 0.951107 0.308863
    outer loop
      vertex -14.501 22.9617 54.6508
      vertex -9.499 23.065 54.3327
      vertex -14.501 23.065 54.3327
    endloop
  endfacet
  facet normal 0.612451 0.684558 0.395328
    outer loop
      vertex -8.91517 22.8152 54
      vertex -9.499 22.9617 54.6508
      vertex -9.499 22.7944 54.9405
    endloop
  endfacet
  facet normal 0.612263 0.684863 0.395091
    outer loop
      vertex -9.499 22.9617 54.6508
      vertex -8.91517 22.8152 54
      vertex -9.0928 22.974 54
    endloop
  endfacet
  facet normal 0.613829 0.682864 0.39612
    outer loop
      vertex 23.6765 23.9726 1.49975
      vertex 20.1976 23.8666 7.0734
      vertex 20.2198 23.8498 7.06796
    endloop
  endfacet
  facet normal 0.743145 0.66913 0
    outer loop
      vertex 24.2361 23.3511 1.49975
      vertex 23.6765 23.9726 -1.49975
      vertex 23.6765 23.9726 1.49975
    endloop
  endfacet
  facet normal 0.743145 0.66913 0
    outer loop
      vertex 23.6765 23.9726 -1.49975
      vertex 24.2361 23.3511 1.49975
      vertex 24.2361 23.3511 -1.49975
    endloop
  endfacet
  facet normal 3.65704e-06 5.61304e-05 -1
    outer loop
      vertex 16.7768 21.4186 -1.49996
      vertex 22.2361 24.8042 -1.49975
      vertex 17.2456 21.2099 -1.49997
    endloop
  endfacet
  facet normal 9.81904e-06 4.61941e-05 -1
    outer loop
      vertex 22.2361 24.8042 -1.49975
      vertex 16.7768 21.4186 -1.49996
      vertex 16.487 21.4802 -1.49996
    endloop
  endfacet
  facet normal 0.392051 -0.881099 0.2645
    outer loop
      vertex -6.84975 -23.1791 50.0258
      vertex -9.499 -23.065 54.3327
      vertex -6.84975 -23.2102 49.9222
    endloop
  endfacet
  facet normal 0.392189 -0.881014 0.264579
    outer loop
      vertex 22.2361 -24.8042 1.49975
      vertex 18.3864 -24.2655 9
      vertex 17.7309 -24.5573 9
    endloop
  endfacet
  facet normal 0.39223 -0.88099 0.264599
    outer loop
      vertex 18.3864 -24.2655 9
      vertex 22.2361 -24.8042 1.49975
      vertex 23 -24.4641 1.49975
    endloop
  endfacet
  facet normal 0.206147 -0.966066 0.15563
    outer loop
      vertex -6.84975 -23.2102 49.9222
      vertex -9.499 -23.065 54.3327
      vertex -6.84975 -23.229 49.8055
    endloop
  endfacet
  facet normal 0.205429 -0.966287 0.155204
    outer loop
      vertex 21.4181 -24.9781 1.49975
      vertex 17.7309 -24.5573 9
      vertex 17.0291 -24.7065 9
    endloop
  endfacet
  facet normal 0.205425 -0.966288 0.155202
    outer loop
      vertex 17.7309 -24.5573 9
      vertex 21.4181 -24.9781 1.49975
      vertex 22.2361 -24.8042 1.49975
    endloop
  endfacet
  facet normal 0.818607 -0.235232 0.523973
    outer loop
      vertex 23.3329 -15.8213 7
      vertex 23.3279 -15.8387 7
      vertex 25.2 -15.4702 4.24064
    endloop
  endfacet
  facet normal 0.81886 -0.233445 0.524378
    outer loop
      vertex -9.36143 -22.0637 55.276
      vertex -6.84975 -21.4963 51.6064
      vertex -9.34684 -21.9658 55.2968
    endloop
  endfacet
  facet normal 0.818953 -0.23272 0.524554
    outer loop
      vertex -9.36695 -22.0971 55.2698
      vertex -6.84975 -21.4963 51.6064
      vertex -9.36143 -22.0637 55.276
    endloop
  endfacet
  facet normal 0.818847 -0.233569 0.524342
    outer loop
      vertex -9.37255 -22.1311 55.2634
      vertex -6.84975 -21.4963 51.6064
      vertex -9.36695 -22.0971 55.2698
    endloop
  endfacet
  facet normal 0.818841 -0.233618 0.524329
    outer loop
      vertex -9.40108 -22.2807 55.2413
      vertex -6.84975 -21.4963 51.6064
      vertex -9.37255 -22.1311 55.2634
    endloop
  endfacet
  facet normal 0.818847 -0.233559 0.524346
    outer loop
      vertex -6.84975 -21.4963 51.6064
      vertex -9.40108 -22.2807 55.2413
      vertex -6.84975 -21.7785 51.4807
    endloop
  endfacet
  facet normal 0.825689 -0.174234 0.536545
    outer loop
      vertex 23.3329 -15.8213 7
      vertex 25.2 -14.8737 4.43444
      vertex 23.4574 -15.2313 7
    endloop
  endfacet
  facet normal 0.82569 -0.174312 0.536518
    outer loop
      vertex 25.2 -14.8737 4.43444
      vertex 23.3329 -15.8213 7
      vertex 25.2 -15.4702 4.24064
    endloop
  endfacet
  facet normal 0.825049 -0.18168 0.535057
    outer loop
      vertex -9.34684 -21.9658 55.2968
      vertex -6.84975 -21.4508 51.6212
      vertex -9.34644 -21.9631 55.2971
    endloop
  endfacet
  facet normal 0.825671 -0.174505 0.536485
    outer loop
      vertex -6.84975 -21.4508 51.6212
      vertex -9.34684 -21.9658 55.2968
      vertex -6.84975 -21.4963 51.6064
    endloop
  endfacet
  facet normal -0.207541 -0.976243 0.0622676
    outer loop
      vertex -14.501 -23.1 54
      vertex -22.2361 -24.8042 1.49975
      vertex -21.4181 -24.9781 1.49975
    endloop
  endfacet
  facet normal 0 -0.999361 0.035743
    outer loop
      vertex -14.501 -23.1 54
      vertex -6.84975 -23.2609 49.5013
      vertex -9.499 -23.1 54
    endloop
  endfacet
  facet normal 4.86082e-06 -0.999361 0.0357513
    outer loop
      vertex -14.501 -23.1 54
      vertex -6.84975 -24.7098 9
      vertex -6.84975 -23.2609 49.5013
    endloop
  endfacet
  facet normal 0 -0.999361 0.0357434
    outer loop
      vertex 7.18666 -24.8266 5.73435
      vertex 9.31002 -24.7098 9
      vertex -6.84975 -24.7098 9
    endloop
  endfacet
  facet normal 2.98605e-05 -0.999361 0.0357419
    outer loop
      vertex 9.31002 -24.7098 9
      vertex 9.0534 -24.7988 6.51173
      vertex 9.28142 -24.7978 6.5395
    endloop
  endfacet
  facet normal -0.000168892 -0.99936 0.0357624
    outer loop
      vertex 9.31002 -24.7098 9
      vertex 8.93953 -24.7993 6.49722
      vertex 9.0534 -24.7988 6.51173
    endloop
  endfacet
  facet normal 0.000111212 -0.999362 0.0357209
    outer loop
      vertex 9.31002 -24.7098 9
      vertex 8.57684 -24.8028 6.40043
      vertex 8.93953 -24.7993 6.49722
    endloop
  endfacet
  facet normal -9.06111e-05 -0.99936 0.0357778
    outer loop
      vertex 9.31002 -24.7098 9
      vertex 8.27042 -24.8057 6.31865
      vertex 8.57684 -24.8028 6.40043
    endloop
  endfacet
  facet normal -5.2576e-05 -0.99936 0.0357631
    outer loop
      vertex 9.31002 -24.7098 9
      vertex 7.98693 -24.8101 6.19528
      vertex 8.27042 -24.8057 6.31865
    endloop
  endfacet
  facet normal -6.6288e-05 -0.99936 0.0357695
    outer loop
      vertex 9.31002 -24.7098 9
      vertex 7.67749 -24.8149 6.0606
      vertex 7.98693 -24.8101 6.19528
    endloop
  endfacet
  facet normal 4.62535e-05 -0.999362 0.0357071
    outer loop
      vertex 9.31002 -24.7098 9
      vertex 7.5262 -24.8185 5.96004
      vertex 7.67749 -24.8149 6.0606
    endloop
  endfacet
  facet normal 0.000144719 -0.999364 0.0356494
    outer loop
      vertex 9.31002 -24.7098 9
      vertex 7.18666 -24.8266 5.73435
      vertex 7.5262 -24.8185 5.96004
    endloop
  endfacet
  facet normal 4.7348e-05 -0.999354 0.0359466
    outer loop
      vertex -6.84975 -24.7098 9
      vertex 7.09279 -24.8301 5.63717
      vertex 7.18666 -24.8266 5.73435
    endloop
  endfacet
  facet normal -1.69914e-05 -0.999363 0.0356802
    outer loop
      vertex -6.84975 -24.7098 9
      vertex 6.81939 -24.8402 5.35415
      vertex 7.09279 -24.8301 5.63717
    endloop
  endfacet
  facet normal -3.48665e-06 -0.999361 0.0357308
    outer loop
      vertex -6.84975 -24.7098 9
      vertex 6.64246 -24.8518 5.02969
      vertex 6.81939 -24.8402 5.35415
    endloop
  endfacet
  facet normal -7.90919e-05 -0.999371 0.0354742
    outer loop
      vertex -6.84975 -24.7098 9
      vertex 6.59171 -24.8551 4.93661
      vertex 6.64246 -24.8518 5.02969
    endloop
  endfacet
  facet normal 0.000193077 -0.999338 0.0363733
    outer loop
      vertex -6.84975 -24.7098 9
      vertex 6.57648 -24.8582 4.85152
      vertex 6.59171 -24.8551 4.93661
    endloop
  endfacet
  facet normal 2.11248e-05 -0.999358 0.0358176
    outer loop
      vertex -6.84975 -24.7098 9
      vertex 6.51358 -24.8708 4.5
      vertex 6.57648 -24.8582 4.85152
    endloop
  endfacet
  facet normal -2.78897e-05 -0.999364 0.0356722
    outer loop
      vertex -6.84975 -24.7098 9
      vertex 6.57648 -24.8839 4.13305
      vertex 6.51358 -24.8708 4.5
    endloop
  endfacet
  facet normal 4.50813e-05 -0.999356 0.0358732
    outer loop
      vertex -6.84975 -24.7098 9
      vertex 6.58842 -24.8864 4.06339
      vertex 6.57648 -24.8839 4.13305
    endloop
  endfacet
  facet normal 1.97106e-05 -0.999359 0.0358043
    outer loop
      vertex -6.84975 -24.7098 9
      vertex 6.62596 -24.8889 3.99359
      vertex 6.58842 -24.8864 4.06339
    endloop
  endfacet
  facet normal -5.35016e-05 -0.999366 0.0356074
    outer loop
      vertex -6.84975 -24.7098 9
      vertex 6.81296 -24.9013 3.64585
      vertex 6.62596 -24.8889 3.99359
    endloop
  endfacet
  facet normal -4.09769e-05 -0.999365 0.0356394
    outer loop
      vertex -6.84975 -24.7098 9
      vertex 7.12977 -24.9131 3.31533
      vertex 6.81296 -24.9013 3.64585
    endloop
  endfacet
  facet normal 0.000312309 -0.999333 0.036507
    outer loop
      vertex -6.84975 -24.7098 9
      vertex 7.17738 -24.9149 3.26565
      vertex 7.12977 -24.9131 3.31533
    endloop
  endfacet
  facet normal 1.19041e-06 -0.999361 0.035747
    outer loop
      vertex -21.4181 -24.9781 1.49975
      vertex 7.17738 -24.9149 3.26565
      vertex -6.84975 -24.7098 9
    endloop
  endfacet
  facet normal -1.79531e-06 -0.999359 0.0357953
    outer loop
      vertex 7.17738 -24.9149 3.26565
      vertex -21.4181 -24.9781 1.49975
      vertex 7.60363 -24.9251 2.9809
    endloop
  endfacet
  facet normal -1.67198e-05 -0.999349 0.0360873
    outer loop
      vertex 7.60363 -24.9251 2.9809
      vertex -21.4181 -24.9781 1.49975
      vertex 7.66576 -24.9266 2.93939
    endloop
  endfacet
  facet normal 1.41656e-05 -0.999371 0.0354642
    outer loop
      vertex 7.66576 -24.9266 2.93939
      vertex -21.4181 -24.9781 1.49975
      vertex 7.78205 -24.9284 2.88862
    endloop
  endfacet
  facet normal -0.258262 0.00775035 -0.966044
    outer loop
      vertex 8.25675 -24.9358 2.68135
      vertex 8.92451 -24.9422 2.50278
      vertex 8.81655 -24.9412 2.53165
    endloop
  endfacet
  facet normal 0 -0.999361 0.0357326
    outer loop
      vertex 21.4181 -24.9781 1.49975
      vertex 9.63988 -24.9455 2.4115
      vertex -21.4181 -24.9781 1.49975
    endloop
  endfacet
  facet normal -1.3456e-05 -0.999345 0.0361904
    outer loop
      vertex 9.44567 -24.9446 2.43628
      vertex -21.4181 -24.9781 1.49975
      vertex 9.63988 -24.9455 2.4115
    endloop
  endfacet
  facet normal -7.83661e-06 -0.999352 0.0360054
    outer loop
      vertex 8.92451 -24.9422 2.50278
      vertex -21.4181 -24.9781 1.49975
      vertex 9.44567 -24.9446 2.43628
    endloop
  endfacet
  facet normal -1.43287e-06 -0.999359 0.0358119
    outer loop
      vertex 8.25675 -24.9358 2.68135
      vertex -21.4181 -24.9781 1.49975
      vertex 8.92451 -24.9422 2.50278
    endloop
  endfacet
  facet normal 3.52612e-06 -0.999363 0.0356876
    outer loop
      vertex 7.78205 -24.9284 2.88862
      vertex -21.4181 -24.9781 1.49975
      vertex 8.25675 -24.9358 2.68135
    endloop
  endfacet
  facet normal -5.64115e-07 -0.999361 0.0357504
    outer loop
      vertex -21.4181 -24.9781 1.49975
      vertex -6.84975 -24.7098 9
      vertex -14.501 -23.1 54
    endloop
  endfacet
  facet normal 3.40247e-05 -0.999361 0.0357417
    outer loop
      vertex 11.2443 -24.7993 6.49722
      vertex 10.9233 -24.7098 9
      vertex 10.8881 -24.7978 6.5395
    endloop
  endfacet
  facet normal -2.05877e-05 -0.999361 0.0357348
    outer loop
      vertex 11.9611 -24.8057 6.31865
      vertex 10.9233 -24.7098 9
      vertex 11.2443 -24.7993 6.49722
    endloop
  endfacet
  facet normal 5.48908e-05 -0.99936 0.0357639
    outer loop
      vertex 12.5945 -24.8149 6.0606
      vertex 10.9233 -24.7098 9
      vertex 11.9611 -24.8057 6.31865
    endloop
  endfacet
  facet normal 0 -0.999361 0.0357328
    outer loop
      vertex 10.9233 -24.7098 9
      vertex 12.5945 -24.8149 6.0606
      vertex 17.0013 -24.7098 9
    endloop
  endfacet
  facet normal -3.43225e-05 -0.99936 0.0357842
    outer loop
      vertex 13.1168 -24.8266 5.73435
      vertex 17.0013 -24.7098 9
      vertex 12.5945 -24.8149 6.0606
    endloop
  endfacet
  facet normal -1.99513e-06 -0.999361 0.0357457
    outer loop
      vertex 13.5051 -24.8402 5.35415
      vertex 17.0013 -24.7098 9
      vertex 13.1168 -24.8266 5.73435
    endloop
  endfacet
  facet normal 5.33137e-05 -0.999363 0.0356928
    outer loop
      vertex 13.7425 -24.8551 4.93661
      vertex 17.0013 -24.7098 9
      vertex 13.5051 -24.8402 5.35415
    endloop
  endfacet
  facet normal -0.000205331 -0.999355 0.0358999
    outer loop
      vertex 13.8185 -24.8708 4.5
      vertex 17.0013 -24.7098 9
      vertex 13.7425 -24.8551 4.93661
    endloop
  endfacet
  facet normal -1.23688e-05 -0.999362 0.0357095
    outer loop
      vertex 21.4181 -24.9781 1.49975
      vertex 13.8185 -24.8708 4.5
      vertex 13.73 -24.8864 4.06339
    endloop
  endfacet
  facet normal -2.34138e-05 -0.999363 0.0356765
    outer loop
      vertex 21.4181 -24.9781 1.49975
      vertex 13.73 -24.8864 4.06339
      vertex 13.4807 -24.9013 3.64585
    endloop
  endfacet
  facet normal 4.34605e-06 -0.999361 0.0357518
    outer loop
      vertex 13.8185 -24.8708 4.5
      vertex 21.4181 -24.9781 1.49975
      vertex 17.0013 -24.7098 9
    endloop
  endfacet
  facet normal -3.19835e-06 -0.999361 0.0357511
    outer loop
      vertex 13.0815 -24.9149 3.26565
      vertex 21.4181 -24.9781 1.49975
      vertex 13.4807 -24.9013 3.64585
    endloop
  endfacet
  facet normal 1.13078e-05 -0.999358 0.0358195
    outer loop
      vertex 12.5499 -24.9266 2.93939
      vertex 21.4181 -24.9781 1.49975
      vertex 13.0815 -24.9149 3.26565
    endloop
  endfacet
  facet normal -1.38105e-05 -0.999364 0.035665
    outer loop
      vertex 11.9091 -24.9358 2.68135
      vertex 21.4181 -24.9781 1.49975
      vertex 12.5499 -24.9266 2.93939
    endloop
  endfacet
  facet normal 3.41942e-06 -0.999359 0.0358035
    outer loop
      vertex 11.1871 -24.9422 2.50278
      vertex 21.4181 -24.9781 1.49975
      vertex 11.9091 -24.9358 2.68135
    endloop
  endfacet
  facet normal 1.9339e-05 -0.999353 0.0359657
    outer loop
      vertex 10.4156 -24.9455 2.4115
      vertex 21.4181 -24.9781 1.49975
      vertex 11.1871 -24.9422 2.50278
    endloop
  endfacet
  facet normal 0 -0.999361 0.0357326
    outer loop
      vertex 9.63988 -24.9455 2.4115
      vertex 21.4181 -24.9781 1.49975
      vertex 10.4156 -24.9455 2.4115
    endloop
  endfacet
  facet normal -0.95106 -0.309008 0
    outer loop
      vertex -24.6542 -22.6269 -1.49975
      vertex -24.9126 -21.8316 1.49975
      vertex -24.9126 -21.8316 -1.49975
    endloop
  endfacet
  facet normal -0.95106 -0.309008 0
    outer loop
      vertex -24.9126 -21.8316 1.49975
      vertex -24.6542 -22.6269 -1.49975
      vertex -24.6542 -22.6269 1.49975
    endloop
  endfacet
  facet normal -0.999981 0.0060905 -0.00129462
    outer loop
      vertex -25 21 -1.49975
      vertex -25.2 -11.3968 0.572948
      vertex -25.2 -11.2664 1.18641
    endloop
  endfacet
  facet normal -0.998891 -0.0460596 -0.00979062
    outer loop
      vertex -25 -21 -1.49975
      vertex -25.2 -17.2336 1.18641
      vertex -25.2 -17.1032 0.572948
    endloop
  endfacet
  facet normal -0.999933 0.0058003 -0.0100473
    outer loop
      vertex -25 21 -1.49975
      vertex -25.2 -13.0298 -1.24064
      vertex -25.2 -12.4866 -0.927051
    endloop
  endfacet
  facet normal -1.67811e-05 -3.76921e-05 -1
    outer loop
      vertex -22.2361 -24.8042 -1.49975
      vertex -23 -24.4641 -1.49975
      vertex -17.5 -20.2801 -1.5
    endloop
  endfacet
  facet normal -2.22047e-05 -3.05626e-05 -1
    outer loop
      vertex -23 -24.4641 -1.49975
      vertex -23.6765 -23.9726 -1.49975
      vertex -17.5 -20.2801 -1.5
    endloop
  endfacet
  facet normal 0 -6.16447e-05 -1
    outer loop
      vertex 21.4181 -24.9781 -1.49975
      vertex 14.4774 -20.9226 -1.5
      vertex 15.5226 -20.9226 -1.5
    endloop
  endfacet
  facet normal 0 -6.16447e-05 -1
    outer loop
      vertex 21.4181 -24.9781 -1.49975
      vertex -14.4774 -20.9226 -1.5
      vertex 14.4774 -20.9226 -1.5
    endloop
  endfacet
  facet normal 0 -6.16447e-05 -1
    outer loop
      vertex -21.4181 -24.9781 -1.49975
      vertex -14.4774 -20.9226 -1.5
      vertex 21.4181 -24.9781 -1.49975
    endloop
  endfacet
  facet normal -0 -6.16447e-05 -1
    outer loop
      vertex -14.4774 -20.9226 -1.5
      vertex -21.4181 -24.9781 -1.49975
      vertex -15.5226 -20.9226 -1.5
    endloop
  endfacet
  facet normal 0 0 -1
    outer loop
      vertex 12.5 -11.6199 -1.5
      vertex 9.46983 -2.49428 -1.5
      vertex 10 -2.55 -1.5
    endloop
  endfacet
  facet normal 0 0 -1
    outer loop
      vertex 2.49428 -9.46983 -1.5
      vertex 10.1093 -14.9104 -1.5
      vertex 2.55 -10 -1.5
    endloop
  endfacet
  facet normal 0 0 -1
    outer loop
      vertex 10.1093 -14.9104 -1.5
      vertex 2.49428 -9.46983 -1.5
      vertex 9.46983 -2.49428 -1.5
    endloop
  endfacet
  facet normal 0 0 -1
    outer loop
      vertex 1.275 -12.2084 -1.5
      vertex 10 -15.95 -1.5
      vertex 10.1093 -16.9896 -1.5
    endloop
  endfacet
  facet normal -0 0 -1
    outer loop
      vertex 9.46983 -2.49428 -1.5
      vertex 2.49428 -9.46983 -1.5
      vertex 8.96282 -2.32954 -1.5
    endloop
  endfacet
  facet normal 0 0 -1
    outer loop
      vertex 2.32954 -8.96282 -1.5
      vertex 8.96282 -2.32954 -1.5
      vertex 2.49428 -9.46983 -1.5
    endloop
  endfacet
  facet normal 0 0 -1
    outer loop
      vertex 2.06299 -8.50115 -1.5
      vertex 8.50115 -2.06299 -1.5
      vertex 2.32954 -8.96282 -1.5
    endloop
  endfacet
  facet normal -0 0 -1
    outer loop
      vertex 8.50115 -2.06299 -1.5
      vertex 2.06299 -8.50115 -1.5
      vertex 8.10498 -1.70628 -1.5
    endloop
  endfacet
  facet normal 0 0 -1
    outer loop
      vertex 1.70628 -8.10498 -1.5
      vertex 8.10498 -1.70628 -1.5
      vertex 2.06299 -8.50115 -1.5
    endloop
  endfacet
  facet normal -0 0 -1
    outer loop
      vertex 8.96282 -2.32954 -1.5
      vertex 2.32954 -8.96282 -1.5
      vertex 8.50115 -2.06299 -1.5
    endloop
  endfacet
  facet normal 0 0 -1
    outer loop
      vertex 0.787992 -12.4252 -1.5
      vertex 10.1093 -16.9896 -1.5
      vertex 10.4323 -17.9837 -1.5
    endloop
  endfacet
  facet normal 0 0 -1
    outer loop
      vertex 0.266547 -12.536 -1.5
      vertex 10.4323 -17.9837 -1.5
      vertex 10.9549 -18.8889 -1.5
    endloop
  endfacet
  facet normal 0 0 -1
    outer loop
      vertex -10.9549 -18.8889 -1.5
      vertex 10.9549 -18.8889 -1.5
      vertex 11.6543 -19.6657 -1.5
    endloop
  endfacet
  facet normal 0 0 -1
    outer loop
      vertex 10.1093 -14.9104 -1.5
      vertex 2.49428 -10.5302 -1.5
      vertex 2.55 -10 -1.5
    endloop
  endfacet
  facet normal 0 0 -1
    outer loop
      vertex 10.1093 -14.9104 -1.5
      vertex 2.32954 -11.0372 -1.5
      vertex 2.49428 -10.5302 -1.5
    endloop
  endfacet
  facet normal 0 0 -1
    outer loop
      vertex 10.1093 -14.9104 -1.5
      vertex 2.06299 -11.4989 -1.5
      vertex 2.32954 -11.0372 -1.5
    endloop
  endfacet
  facet normal 0 0 -1
    outer loop
      vertex 10.1093 -14.9104 -1.5
      vertex 1.70628 -11.895 -1.5
      vertex 2.06299 -11.4989 -1.5
    endloop
  endfacet
  facet normal 0 0 -1
    outer loop
      vertex 10 -15.95 -1.5
      vertex 1.275 -12.2084 -1.5
      vertex 1.70628 -11.895 -1.5
    endloop
  endfacet
  facet normal 0 0 -1
    outer loop
      vertex -11.6543 -19.6657 -1.5
      vertex 11.6543 -19.6657 -1.5
      vertex 12.5 -20.2801 -1.5
    endloop
  endfacet
  facet normal 0 0 -1
    outer loop
      vertex 10.1093 -16.9896 -1.5
      vertex 0.787992 -12.4252 -1.5
      vertex 1.275 -12.2084 -1.5
    endloop
  endfacet
  facet normal 0 0 -1
    outer loop
      vertex 10.4323 -17.9837 -1.5
      vertex 0.266547 -12.536 -1.5
      vertex 0.787992 -12.4252 -1.5
    endloop
  endfacet
  facet normal 0 0 -1
    outer loop
      vertex 10.9549 -18.8889 -1.5
      vertex -10.9549 -18.8889 -1.5
      vertex 0.266547 -12.536 -1.5
    endloop
  endfacet
  facet normal -0 0 -1
    outer loop
      vertex 0.266547 -12.536 -1.5
      vertex -10.9549 -18.8889 -1.5
      vertex -0.266547 -12.536 -1.5
    endloop
  endfacet
  facet normal 0 -0 -1
    outer loop
      vertex -10.4323 -17.9837 -1.5
      vertex -0.266547 -12.536 -1.5
      vertex -10.9549 -18.8889 -1.5
    endloop
  endfacet
  facet normal 0 0 -1
    outer loop
      vertex -10.9549 -13.0111 -1.5
      vertex -2.55 -10 -1.5
      vertex -2.49428 -10.5302 -1.5
    endloop
  endfacet
  facet normal 0 0 -1
    outer loop
      vertex -2.55 -10 -1.5
      vertex -7.46397 0.266547 -1.5
      vertex -6.75 11.2887 -1.5
    endloop
  endfacet
  facet normal 0 0 -1
    outer loop
      vertex -2.55 -10 -1.5
      vertex -7.46397 -0.266547 -1.5
      vertex -7.46397 0.266547 -1.5
    endloop
  endfacet
  facet normal 0 0 -1
    outer loop
      vertex -10.4323 -13.9163 -1.5
      vertex -2.49428 -10.5302 -1.5
      vertex -2.32954 -11.0372 -1.5
    endloop
  endfacet
  facet normal 0 0 -1
    outer loop
      vertex -2.55 -10 -1.5
      vertex -7.57481 -0.787992 -1.5
      vertex -7.46397 -0.266547 -1.5
    endloop
  endfacet
  facet normal 0 0 -1
    outer loop
      vertex -2.55 -10 -1.5
      vertex -7.79164 -1.275 -1.5
      vertex -7.57481 -0.787992 -1.5
    endloop
  endfacet
  facet normal 0 0 -1
    outer loop
      vertex -2.55 -10 -1.5
      vertex -8.10498 -1.70628 -1.5
      vertex -7.79164 -1.275 -1.5
    endloop
  endfacet
  facet normal 0 0 -1
    outer loop
      vertex -10.1093 -14.9104 -1.5
      vertex -2.32954 -11.0372 -1.5
      vertex -2.06299 -11.4989 -1.5
    endloop
  endfacet
  facet normal 0 0 -1
    outer loop
      vertex -2.55 -10 -1.5
      vertex -8.50115 -2.06299 -1.5
      vertex -8.10498 -1.70628 -1.5
    endloop
  endfacet
  facet normal 0 0 -1
    outer loop
      vertex -2.55 -10 -1.5
      vertex -8.96282 -2.32954 -1.5
      vertex -8.50115 -2.06299 -1.5
    endloop
  endfacet
  facet normal -0 0 -1
    outer loop
      vertex -2.55 -10 -1.5
      vertex -11.6543 -12.2343 -1.5
      vertex -9.46983 -2.49428 -1.5
    endloop
  endfacet
  facet normal -0 0 -1
    outer loop
      vertex -1.70628 -11.895 -1.5
      vertex -10.1093 -14.9104 -1.5
      vertex -2.06299 -11.4989 -1.5
    endloop
  endfacet
  facet normal 0 0 -1
    outer loop
      vertex -10.1093 -14.9104 -1.5
      vertex -1.70628 -11.895 -1.5
      vertex -10 -15.95 -1.5
    endloop
  endfacet
  facet normal -0 0 -1
    outer loop
      vertex -1.275 -12.2084 -1.5
      vertex -10 -15.95 -1.5
      vertex -1.70628 -11.895 -1.5
    endloop
  endfacet
  facet normal -0 0 -1
    outer loop
      vertex -0.266547 -12.536 -1.5
      vertex -10.4323 -17.9837 -1.5
      vertex -0.787992 -12.4252 -1.5
    endloop
  endfacet
  facet normal 0 0 -1
    outer loop
      vertex -12.5 -20.2801 -1.5
      vertex 12.5 -20.2801 -1.5
      vertex 13.4549 -20.7053 -1.5
    endloop
  endfacet
  facet normal 0 0 -1
    outer loop
      vertex -13.4549 -20.7053 -1.5
      vertex 13.4549 -20.7053 -1.5
      vertex 14.4774 -20.9226 -1.5
    endloop
  endfacet
  facet normal 0 0 -1
    outer loop
      vertex -1.275 -12.2084 -1.5
      vertex -10.1093 -16.9896 -1.5
      vertex -10 -15.95 -1.5
    endloop
  endfacet
  facet normal -0 0 -1
    outer loop
      vertex -0.787992 -12.4252 -1.5
      vertex -10.1093 -16.9896 -1.5
      vertex -1.275 -12.2084 -1.5
    endloop
  endfacet
  facet normal 0 -0 -1
    outer loop
      vertex -10.1093 -16.9896 -1.5
      vertex -0.787992 -12.4252 -1.5
      vertex -10.4323 -17.9837 -1.5
    endloop
  endfacet
  facet normal 0 0 -1
    outer loop
      vertex 11.6543 -19.6657 -1.5
      vertex -11.6543 -19.6657 -1.5
      vertex -10.9549 -18.8889 -1.5
    endloop
  endfacet
  facet normal 0 0 -1
    outer loop
      vertex 12.5 -20.2801 -1.5
      vertex -12.5 -20.2801 -1.5
      vertex -11.6543 -19.6657 -1.5
    endloop
  endfacet
  facet normal 0 0 -1
    outer loop
      vertex 13.4549 -20.7053 -1.5
      vertex -13.4549 -20.7053 -1.5
      vertex -12.5 -20.2801 -1.5
    endloop
  endfacet
  facet normal 0 -0 -1
    outer loop
      vertex -13.4549 -20.7053 -1.5
      vertex 14.4774 -20.9226 -1.5
      vertex -14.4774 -20.9226 -1.5
    endloop
  endfacet
  facet normal 0 0 -1
    outer loop
      vertex 25.2 -14.25 -1.5
      vertex 20.2529 13.6113 -1.5
      vertex 20.3921 14.0397 -1.5
    endloop
  endfacet
  facet normal 0 0 -1
    outer loop
      vertex 19.8907 -14.9104 -1.5
      vertex 25.2 -14.25 -1.5
      vertex 20 -15.95 -1.5
    endloop
  endfacet
  facet normal 0 0 -1
    outer loop
      vertex 25.2 -14.25 -1.5
      vertex 19.8907 -16.9896 -1.5
      vertex 20 -15.95 -1.5
    endloop
  endfacet
  facet normal 0 0 -1
    outer loop
      vertex 25.2 -14.25 -1.5
      vertex 19.5677 -17.9837 -1.5
      vertex 19.8907 -16.9896 -1.5
    endloop
  endfacet
  facet normal 0 0 -1
    outer loop
      vertex 25.2 -14.25 -1.5
      vertex 19.0451 -18.8889 -1.5
      vertex 19.5677 -17.9837 -1.5
    endloop
  endfacet
  facet normal 0 -0 -1
    outer loop
      vertex 19.0451 -18.8889 -1.5
      vertex 25.2 -14.25 -1.5
      vertex 18.3457 -19.6657 -1.5
    endloop
  endfacet
  facet normal 0 0 -1
    outer loop
      vertex 19.5677 -13.9163 -1.5
      vertex 25.2 -14.25 -1.5
      vertex 19.8907 -14.9104 -1.5
    endloop
  endfacet
  facet normal 0 0 -1
    outer loop
      vertex 19.0451 -13.0111 -1.5
      vertex 25.2 -14.25 -1.5
      vertex 19.5677 -13.9163 -1.5
    endloop
  endfacet
  facet normal 0 0 -1
    outer loop
      vertex 25.2 -14.25 -1.5
      vertex 19.6518 12.5702 -1.5
      vertex 20.2529 13.6113 -1.5
    endloop
  endfacet
  facet normal 0 0 -1
    outer loop
      vertex 18.3457 -12.2343 -1.5
      vertex 25.2 -14.25 -1.5
      vertex 19.0451 -13.0111 -1.5
    endloop
  endfacet
  facet normal 0 0 -1
    outer loop
      vertex 25.2 -14.25 -1.5
      vertex 18.8475 11.6769 -1.5
      vertex 19.6518 12.5702 -1.5
    endloop
  endfacet
  facet normal 0 0 -1
    outer loop
      vertex 17.5 -11.6199 -1.5
      vertex 25.2 -14.25 -1.5
      vertex 18.3457 -12.2343 -1.5
    endloop
  endfacet
  facet normal 0 0 -1
    outer loop
      vertex 25.2 -14.25 -1.5
      vertex 12.536 -0.266547 -1.5
      vertex 18.8475 11.6769 -1.5
    endloop
  endfacet
  facet normal 0 0 -1
    outer loop
      vertex 25.2 -14.25 -1.5
      vertex 17.5 -11.6199 -1.5
      vertex 12.536 -0.266547 -1.5
    endloop
  endfacet
  facet normal 0 0 -1
    outer loop
      vertex 18.8475 11.6769 -1.5
      vertex 12.536 -0.266547 -1.5
      vertex 17.875 10.9704 -1.5
    endloop
  endfacet
  facet normal 0 0 -1
    outer loop
      vertex 12.4252 -0.787992 -1.5
      vertex 17.5 -11.6199 -1.5
      vertex 16.5451 -11.1947 -1.5
    endloop
  endfacet
  facet normal 0 0 -1
    outer loop
      vertex 12.536 0.266547 -1.5
      vertex 17.875 10.9704 -1.5
      vertex 12.536 -0.266547 -1.5
    endloop
  endfacet
  facet normal 0 0 -1
    outer loop
      vertex 12.2084 -1.275 -1.5
      vertex 16.5451 -11.1947 -1.5
      vertex 15.5226 -10.9774 -1.5
    endloop
  endfacet
  facet normal 0 0 -1
    outer loop
      vertex 11.4989 -2.06299 -1.5
      vertex 15.5226 -10.9774 -1.5
      vertex 14.4774 -10.9774 -1.5
    endloop
  endfacet
  facet normal 0 0 -1
    outer loop
      vertex 12.4252 0.787992 -1.5
      vertex 17.875 10.9704 -1.5
      vertex 12.536 0.266547 -1.5
    endloop
  endfacet
  facet normal 0 0 -1
    outer loop
      vertex 11.0372 -2.32954 -1.5
      vertex 14.4774 -10.9774 -1.5
      vertex 13.4549 -11.1947 -1.5
    endloop
  endfacet
  facet normal 0 0 -1
    outer loop
      vertex 17.875 10.9704 -1.5
      vertex 12.4252 0.787992 -1.5
      vertex 16.7768 10.4814 -1.5
    endloop
  endfacet
  facet normal 0 0 -1
    outer loop
      vertex 12.2084 1.275 -1.5
      vertex 16.7768 10.4814 -1.5
      vertex 12.4252 0.787992 -1.5
    endloop
  endfacet
  facet normal 0 0 -1
    outer loop
      vertex 10.5302 -2.49428 -1.5
      vertex 13.4549 -11.1947 -1.5
      vertex 12.5 -11.6199 -1.5
    endloop
  endfacet
  facet normal 0 0 -1
    outer loop
      vertex 17.5 -11.6199 -1.5
      vertex 12.4252 -0.787992 -1.5
      vertex 12.536 -0.266547 -1.5
    endloop
  endfacet
  facet normal 0 0 -1
    outer loop
      vertex 16.5451 -11.1947 -1.5
      vertex 12.2084 -1.275 -1.5
      vertex 12.4252 -0.787992 -1.5
    endloop
  endfacet
  facet normal 0 0 -1
    outer loop
      vertex 15.5226 -10.9774 -1.5
      vertex 11.895 -1.70628 -1.5
      vertex 12.2084 -1.275 -1.5
    endloop
  endfacet
  facet normal 0 0 -1
    outer loop
      vertex 9.46983 -2.49428 -1.5
      vertex 12.5 -11.6199 -1.5
      vertex 11.6543 -12.2343 -1.5
    endloop
  endfacet
  facet normal 0 0 -1
    outer loop
      vertex 15.5226 -10.9774 -1.5
      vertex 11.4989 -2.06299 -1.5
      vertex 11.895 -1.70628 -1.5
    endloop
  endfacet
  facet normal 0 0 -1
    outer loop
      vertex 14.4774 -10.9774 -1.5
      vertex 11.0372 -2.32954 -1.5
      vertex 11.4989 -2.06299 -1.5
    endloop
  endfacet
  facet normal 0 0 -1
    outer loop
      vertex 9.46983 -2.49428 -1.5
      vertex 11.6543 -12.2343 -1.5
      vertex 10.9549 -13.0111 -1.5
    endloop
  endfacet
  facet normal 0 0 -1
    outer loop
      vertex 13.4549 -11.1947 -1.5
      vertex 10.5302 -2.49428 -1.5
      vertex 11.0372 -2.32954 -1.5
    endloop
  endfacet
  facet normal 0 0 -1
    outer loop
      vertex 9.46983 -2.49428 -1.5
      vertex 10.9549 -13.0111 -1.5
      vertex 10.4323 -13.9163 -1.5
    endloop
  endfacet
  facet normal 0 0 -1
    outer loop
      vertex 9.46983 -2.49428 -1.5
      vertex 10.4323 -13.9163 -1.5
      vertex 10.1093 -14.9104 -1.5
    endloop
  endfacet
  facet normal 0 0 -1
    outer loop
      vertex 1.70628 -11.895 -1.5
      vertex 10.1093 -14.9104 -1.5
      vertex 10 -15.95 -1.5
    endloop
  endfacet
  facet normal 0 0 -1
    outer loop
      vertex 12.5 -11.6199 -1.5
      vertex 10 -2.55 -1.5
      vertex 10.5302 -2.49428 -1.5
    endloop
  endfacet
  facet normal 0 0 -1
    outer loop
      vertex 16.7768 10.4814 -1.5
      vertex 12.2084 1.275 -1.5
      vertex 15.601 10.2315 -1.5
    endloop
  endfacet
  facet normal 0 0 -1
    outer loop
      vertex 11.895 1.70628 -1.5
      vertex 15.601 10.2315 -1.5
      vertex 12.2084 1.275 -1.5
    endloop
  endfacet
  facet normal -0 0 -1
    outer loop
      vertex 15.601 10.2315 -1.5
      vertex 11.895 1.70628 -1.5
      vertex 14.399 10.2315 -1.5
    endloop
  endfacet
  facet normal 0 0 -1
    outer loop
      vertex 11.4989 2.06299 -1.5
      vertex 14.399 10.2315 -1.5
      vertex 11.895 1.70628 -1.5
    endloop
  endfacet
  facet normal 0 0 -1
    outer loop
      vertex 11.0372 2.32954 -1.5
      vertex 14.399 10.2315 -1.5
      vertex 11.4989 2.06299 -1.5
    endloop
  endfacet
  facet normal -0 0 -1
    outer loop
      vertex 14.399 10.2315 -1.5
      vertex 11.0372 2.32954 -1.5
      vertex 13.2232 10.4814 -1.5
    endloop
  endfacet
  facet normal 0 0 -1
    outer loop
      vertex 10.5302 2.49428 -1.5
      vertex 13.2232 10.4814 -1.5
      vertex 11.0372 2.32954 -1.5
    endloop
  endfacet
  facet normal -0 0 -1
    outer loop
      vertex 13.2232 10.4814 -1.5
      vertex 10.5302 2.49428 -1.5
      vertex 12.125 10.9704 -1.5
    endloop
  endfacet
  facet normal 0 0 -1
    outer loop
      vertex 10 2.55 -1.5
      vertex 12.125 10.9704 -1.5
      vertex 10.5302 2.49428 -1.5
    endloop
  endfacet
  facet normal 0 0 -1
    outer loop
      vertex 9.46983 2.49428 -1.5
      vertex 12.125 10.9704 -1.5
      vertex 10 2.55 -1.5
    endloop
  endfacet
  facet normal -0 0 -1
    outer loop
      vertex 12.125 10.9704 -1.5
      vertex 9.46983 2.49428 -1.5
      vertex 11.1525 11.6769 -1.5
    endloop
  endfacet
  facet normal 0 0 -1
    outer loop
      vertex 8.96282 2.32954 -1.5
      vertex 11.1525 11.6769 -1.5
      vertex 9.46983 2.49428 -1.5
    endloop
  endfacet
  facet normal 0 0 -1
    outer loop
      vertex 1.25 11.2887 -1.5
      vertex 11.1525 11.6769 -1.5
      vertex 8.96282 2.32954 -1.5
    endloop
  endfacet
  facet normal -0 0 -1
    outer loop
      vertex 11.1525 11.6769 -1.5
      vertex 1.25 11.2887 -1.5
      vertex 10.3482 12.5702 -1.5
    endloop
  endfacet
  facet normal -0 0 -1
    outer loop
      vertex 9.74711 13.6113 -1.5
      vertex 1.25 11.2887 -1.5
      vertex 9.37565 14.7545 -1.5
    endloop
  endfacet
  facet normal -0 0 -1
    outer loop
      vertex 10.3482 12.5702 -1.5
      vertex 1.25 11.2887 -1.5
      vertex 9.74711 13.6113 -1.5
    endloop
  endfacet
  facet normal 0 0 -1
    outer loop
      vertex 1.25 11.2887 -1.5
      vertex 8.96282 2.32954 -1.5
      vertex 8.50115 2.06299 -1.5
    endloop
  endfacet
  facet normal 0 0 -1
    outer loop
      vertex 1.25 11.2887 -1.5
      vertex 8.50115 2.06299 -1.5
      vertex 8.10498 1.70628 -1.5
    endloop
  endfacet
  facet normal 0 0 -1
    outer loop
      vertex 1.25 11.2887 -1.5
      vertex 8.10498 1.70628 -1.5
      vertex 7.79164 1.275 -1.5
    endloop
  endfacet
  facet normal 0 0 -1
    outer loop
      vertex 1.25 11.2887 -1.5
      vertex 7.79164 1.275 -1.5
      vertex 7.57481 0.787992 -1.5
    endloop
  endfacet
  facet normal -0 0 -1
    outer loop
      vertex 9.37565 14.7545 -1.5
      vertex 1.25 11.2887 -1.5
      vertex 9.25 15.95 -1.5
    endloop
  endfacet
  facet normal 0 0 -1
    outer loop
      vertex 1.25 11.2887 -1.5
      vertex 7.57481 0.787992 -1.5
      vertex 7.46397 0.266547 -1.5
    endloop
  endfacet
  facet normal -0 0 -1
    outer loop
      vertex 8.10498 -1.70628 -1.5
      vertex 1.70628 -8.10498 -1.5
      vertex 7.79164 -1.275 -1.5
    endloop
  endfacet
  facet normal 0 0 -1
    outer loop
      vertex 1.275 -7.79164 -1.5
      vertex 7.79164 -1.275 -1.5
      vertex 1.70628 -8.10498 -1.5
    endloop
  endfacet
  facet normal -0 0 -1
    outer loop
      vertex 7.79164 -1.275 -1.5
      vertex 1.275 -7.79164 -1.5
      vertex 7.57481 -0.787992 -1.5
    endloop
  endfacet
  facet normal 0 0 -1
    outer loop
      vertex 0.787992 -7.57481 -1.5
      vertex 7.57481 -0.787992 -1.5
      vertex 1.275 -7.79164 -1.5
    endloop
  endfacet
  facet normal -0 0 -1
    outer loop
      vertex 7.57481 -0.787992 -1.5
      vertex 0.787992 -7.57481 -1.5
      vertex 7.46397 -0.266547 -1.5
    endloop
  endfacet
  facet normal 0 0 -1
    outer loop
      vertex 0.266547 -7.46397 -1.5
      vertex 7.46397 -0.266547 -1.5
      vertex 0.787992 -7.57481 -1.5
    endloop
  endfacet
  facet normal 0 0 -1
    outer loop
      vertex 1.25 19.7113 -1.5
      vertex 9.25 15.95 -1.5
      vertex 1.25 11.2887 -1.5
    endloop
  endfacet
  facet normal 0 0 -1
    outer loop
      vertex 9.25 15.95 -1.5
      vertex 1.25 19.7113 -1.5
      vertex 9.37565 17.1455 -1.5
    endloop
  endfacet
  facet normal 0 0 -1
    outer loop
      vertex 9.37565 17.1455 -1.5
      vertex 1.25 19.7113 -1.5
      vertex 9.74711 18.2887 -1.5
    endloop
  endfacet
  facet normal 0 0 -1
    outer loop
      vertex 9.74711 18.2887 -1.5
      vertex 1.25 19.7113 -1.5
      vertex 10.3482 19.3298 -1.5
    endloop
  endfacet
  facet normal 0 0 -1
    outer loop
      vertex 10.3482 19.3298 -1.5
      vertex 1.25 19.7113 -1.5
      vertex 11.1525 20.2231 -1.5
    endloop
  endfacet
  facet normal 0 0 -1
    outer loop
      vertex 1.25 19.7113 -1.5
      vertex 12.1153 20.9226 -1.5
      vertex 11.1525 20.2231 -1.5
    endloop
  endfacet
  facet normal 0 0 -1
    outer loop
      vertex -12.1153 20.9226 -1.5
      vertex 1.25 19.7113 -1.5
      vertex -6.75 19.7113 -1.5
    endloop
  endfacet
  facet normal 0 0 -1
    outer loop
      vertex -7.57481 0.787992 -1.5
      vertex -6.75 11.2887 -1.5
      vertex -7.46397 0.266547 -1.5
    endloop
  endfacet
  facet normal 0 0 -1
    outer loop
      vertex -7.79164 1.275 -1.5
      vertex -6.75 11.2887 -1.5
      vertex -7.57481 0.787992 -1.5
    endloop
  endfacet
  facet normal 0 0 -1
    outer loop
      vertex -8.10498 1.70628 -1.5
      vertex -6.75 11.2887 -1.5
      vertex -7.79164 1.275 -1.5
    endloop
  endfacet
  facet normal 0 0 -1
    outer loop
      vertex -8.50115 2.06299 -1.5
      vertex -6.75 11.2887 -1.5
      vertex -8.10498 1.70628 -1.5
    endloop
  endfacet
  facet normal 0 0 -1
    outer loop
      vertex -8.96282 2.32954 -1.5
      vertex -6.75 11.2887 -1.5
      vertex -8.50115 2.06299 -1.5
    endloop
  endfacet
  facet normal 0 0 -1
    outer loop
      vertex -9.46983 2.49428 -1.5
      vertex -6.75 11.2887 -1.5
      vertex -8.96282 2.32954 -1.5
    endloop
  endfacet
  facet normal 0 -0 -1
    outer loop
      vertex -9.25 15.95 -1.5
      vertex -6.75 11.2887 -1.5
      vertex -9.37565 14.7545 -1.5
    endloop
  endfacet
  facet normal 0 0 -1
    outer loop
      vertex -9.37565 17.1455 -1.5
      vertex -6.75 19.7113 -1.5
      vertex -9.25 15.95 -1.5
    endloop
  endfacet
  facet normal 0 0 -1
    outer loop
      vertex -9.74711 18.2887 -1.5
      vertex -6.75 19.7113 -1.5
      vertex -9.37565 17.1455 -1.5
    endloop
  endfacet
  facet normal 0 0 -1
    outer loop
      vertex -10.3482 19.3298 -1.5
      vertex -6.75 19.7113 -1.5
      vertex -9.74711 18.2887 -1.5
    endloop
  endfacet
  facet normal 0 0 -1
    outer loop
      vertex -11.1525 20.2231 -1.5
      vertex -6.75 19.7113 -1.5
      vertex -10.3482 19.3298 -1.5
    endloop
  endfacet
  facet normal 0 0 -1
    outer loop
      vertex -12.1153 20.9226 -1.5
      vertex -6.75 19.7113 -1.5
      vertex -11.1525 20.2231 -1.5
    endloop
  endfacet
  facet normal 0 0 -1
    outer loop
      vertex 1.25 19.7113 -1.5
      vertex -12.1153 20.9226 -1.5
      vertex 12.1153 20.9226 -1.5
    endloop
  endfacet
  facet normal 0 0 -1
    outer loop
      vertex -19.8907 -14.9104 -1.5
      vertex -20.3921 14.0397 -1.5
      vertex -20.2529 13.6113 -1.5
    endloop
  endfacet
  facet normal 0 0 -1
    outer loop
      vertex -19.8907 -14.9104 -1.5
      vertex -25.2 -14.25 -1.5
      vertex -20.3921 14.0397 -1.5
    endloop
  endfacet
  facet normal 0 0 -1
    outer loop
      vertex -19.8907 -16.9896 -1.5
      vertex -25.2 -14.25 -1.5
      vertex -20 -15.95 -1.5
    endloop
  endfacet
  facet normal 0 0 -1
    outer loop
      vertex -19.5677 -17.9837 -1.5
      vertex -25.2 -14.25 -1.5
      vertex -19.8907 -16.9896 -1.5
    endloop
  endfacet
  facet normal 0 0 -1
    outer loop
      vertex -19.0451 -18.8889 -1.5
      vertex -25.2 -14.25 -1.5
      vertex -19.5677 -17.9837 -1.5
    endloop
  endfacet
  facet normal 0 0 -1
    outer loop
      vertex -25.2 -14.25 -1.5
      vertex -19.0451 -18.8889 -1.5
      vertex -18.3457 -19.6657 -1.5
    endloop
  endfacet
  facet normal 0 0 -1
    outer loop
      vertex -6.75 11.2887 -1.5
      vertex -9.25 15.95 -1.5
      vertex -6.75 19.7113 -1.5
    endloop
  endfacet
  facet normal 0 0 -1
    outer loop
      vertex -12.125 10.9704 -1.5
      vertex -6.75 11.2887 -1.5
      vertex -9.46983 2.49428 -1.5
    endloop
  endfacet
  facet normal 0 0 -1
    outer loop
      vertex -6.75 11.2887 -1.5
      vertex -9.74711 13.6113 -1.5
      vertex -9.37565 14.7545 -1.5
    endloop
  endfacet
  facet normal 0 0 -1
    outer loop
      vertex -12.125 10.9704 -1.5
      vertex -9.46983 2.49428 -1.5
      vertex -10 2.55 -1.5
    endloop
  endfacet
  facet normal 0 0 -1
    outer loop
      vertex -6.75 11.2887 -1.5
      vertex -10.3482 12.5702 -1.5
      vertex -9.74711 13.6113 -1.5
    endloop
  endfacet
  facet normal 0 0 -1
    outer loop
      vertex -12.125 10.9704 -1.5
      vertex -10 2.55 -1.5
      vertex -10.5302 2.49428 -1.5
    endloop
  endfacet
  facet normal 0 0 -1
    outer loop
      vertex -13.2232 10.4814 -1.5
      vertex -10.5302 2.49428 -1.5
      vertex -11.0372 2.32954 -1.5
    endloop
  endfacet
  facet normal 0 0 -1
    outer loop
      vertex -6.75 11.2887 -1.5
      vertex -11.1525 11.6769 -1.5
      vertex -10.3482 12.5702 -1.5
    endloop
  endfacet
  facet normal 0 0 -1
    outer loop
      vertex -14.399 10.2315 -1.5
      vertex -11.0372 2.32954 -1.5
      vertex -11.4989 2.06299 -1.5
    endloop
  endfacet
  facet normal 0 0 -1
    outer loop
      vertex -14.399 10.2315 -1.5
      vertex -11.4989 2.06299 -1.5
      vertex -11.895 1.70628 -1.5
    endloop
  endfacet
  facet normal -0 0 -1
    outer loop
      vertex -6.75 11.2887 -1.5
      vertex -12.125 10.9704 -1.5
      vertex -11.1525 11.6769 -1.5
    endloop
  endfacet
  facet normal 0 0 -1
    outer loop
      vertex -15.601 10.2315 -1.5
      vertex -11.895 1.70628 -1.5
      vertex -12.2084 1.275 -1.5
    endloop
  endfacet
  facet normal 0 0 -1
    outer loop
      vertex -16.7768 10.4814 -1.5
      vertex -12.2084 1.275 -1.5
      vertex -12.4252 0.787992 -1.5
    endloop
  endfacet
  facet normal 0 0 -1
    outer loop
      vertex -17.875 10.9704 -1.5
      vertex -12.4252 0.787992 -1.5
      vertex -12.536 0.266547 -1.5
    endloop
  endfacet
  facet normal 0 0 -1
    outer loop
      vertex -10.5302 2.49428 -1.5
      vertex -13.2232 10.4814 -1.5
      vertex -12.125 10.9704 -1.5
    endloop
  endfacet
  facet normal -0 0 -1
    outer loop
      vertex 7.46397 -0.266547 -1.5
      vertex 0.266547 -7.46397 -1.5
      vertex 7.46397 0.266547 -1.5
    endloop
  endfacet
  facet normal 0 0 -1
    outer loop
      vertex -0.266547 -7.46397 -1.5
      vertex 7.46397 0.266547 -1.5
      vertex 0.266547 -7.46397 -1.5
    endloop
  endfacet
  facet normal -0 0 -1
    outer loop
      vertex 7.46397 0.266547 -1.5
      vertex -0.266547 -7.46397 -1.5
      vertex 1.25 11.2887 -1.5
    endloop
  endfacet
  facet normal 0 0 -1
    outer loop
      vertex -0.787992 -7.57481 -1.5
      vertex 1.25 11.2887 -1.5
      vertex -0.266547 -7.46397 -1.5
    endloop
  endfacet
  facet normal 0 0 -1
    outer loop
      vertex -6.75 11.2887 -1.5
      vertex -0.787992 -7.57481 -1.5
      vertex -1.275 -7.79164 -1.5
    endloop
  endfacet
  facet normal 0 0 -1
    outer loop
      vertex -6.75 11.2887 -1.5
      vertex -1.275 -7.79164 -1.5
      vertex -1.70628 -8.10498 -1.5
    endloop
  endfacet
  facet normal 0 0 -1
    outer loop
      vertex -6.75 11.2887 -1.5
      vertex -1.70628 -8.10498 -1.5
      vertex -2.06299 -8.50115 -1.5
    endloop
  endfacet
  facet normal 0 0 -1
    outer loop
      vertex -6.75 11.2887 -1.5
      vertex -2.06299 -8.50115 -1.5
      vertex -2.32954 -8.96282 -1.5
    endloop
  endfacet
  facet normal 0 0 -1
    outer loop
      vertex -6.75 11.2887 -1.5
      vertex -2.32954 -8.96282 -1.5
      vertex -2.49428 -9.46983 -1.5
    endloop
  endfacet
  facet normal 0 0 -1
    outer loop
      vertex -0.787992 -7.57481 -1.5
      vertex -6.75 11.2887 -1.5
      vertex 1.25 11.2887 -1.5
    endloop
  endfacet
  facet normal 0 0 -1
    outer loop
      vertex -6.75 11.2887 -1.5
      vertex -2.49428 -9.46983 -1.5
      vertex -2.55 -10 -1.5
    endloop
  endfacet
  facet normal 0 0 -1
    outer loop
      vertex -2.32954 -11.0372 -1.5
      vertex -10.1093 -14.9104 -1.5
      vertex -10.4323 -13.9163 -1.5
    endloop
  endfacet
  facet normal 0 0 -1
    outer loop
      vertex -2.49428 -10.5302 -1.5
      vertex -10.4323 -13.9163 -1.5
      vertex -10.9549 -13.0111 -1.5
    endloop
  endfacet
  facet normal 0 0 -1
    outer loop
      vertex -2.55 -10 -1.5
      vertex -10.9549 -13.0111 -1.5
      vertex -11.6543 -12.2343 -1.5
    endloop
  endfacet
  facet normal 0 0 -1
    outer loop
      vertex -2.55 -10 -1.5
      vertex -9.46983 -2.49428 -1.5
      vertex -8.96282 -2.32954 -1.5
    endloop
  endfacet
  facet normal 0 0 -1
    outer loop
      vertex -12.5 -11.6199 -1.5
      vertex -9.46983 -2.49428 -1.5
      vertex -11.6543 -12.2343 -1.5
    endloop
  endfacet
  facet normal 0 0 -1
    outer loop
      vertex -9.46983 -2.49428 -1.5
      vertex -12.5 -11.6199 -1.5
      vertex -10 -2.55 -1.5
    endloop
  endfacet
  facet normal -0 0 -1
    outer loop
      vertex -10 -2.55 -1.5
      vertex -12.5 -11.6199 -1.5
      vertex -10.5302 -2.49428 -1.5
    endloop
  endfacet
  facet normal 0 0 -1
    outer loop
      vertex -13.4549 -11.1947 -1.5
      vertex -10.5302 -2.49428 -1.5
      vertex -12.5 -11.6199 -1.5
    endloop
  endfacet
  facet normal -0 0 -1
    outer loop
      vertex -10.5302 -2.49428 -1.5
      vertex -13.4549 -11.1947 -1.5
      vertex -11.0372 -2.32954 -1.5
    endloop
  endfacet
  facet normal 0 0 -1
    outer loop
      vertex -14.4774 -10.9774 -1.5
      vertex -11.0372 -2.32954 -1.5
      vertex -13.4549 -11.1947 -1.5
    endloop
  endfacet
  facet normal -0 0 -1
    outer loop
      vertex -11.0372 -2.32954 -1.5
      vertex -14.4774 -10.9774 -1.5
      vertex -11.4989 -2.06299 -1.5
    endloop
  endfacet
  facet normal 0 0 -1
    outer loop
      vertex -15.5226 -10.9774 -1.5
      vertex -11.4989 -2.06299 -1.5
      vertex -14.4774 -10.9774 -1.5
    endloop
  endfacet
  facet normal -0 0 -1
    outer loop
      vertex -11.4989 -2.06299 -1.5
      vertex -15.5226 -10.9774 -1.5
      vertex -11.895 -1.70628 -1.5
    endloop
  endfacet
  facet normal 0 0 -1
    outer loop
      vertex -17.875 10.9704 -1.5
      vertex -12.536 0.266547 -1.5
      vertex -12.536 -0.266547 -1.5
    endloop
  endfacet
  facet normal -0 0 -1
    outer loop
      vertex -11.895 -1.70628 -1.5
      vertex -15.5226 -10.9774 -1.5
      vertex -12.2084 -1.275 -1.5
    endloop
  endfacet
  facet normal 0 0 -1
    outer loop
      vertex -16.5451 -11.1947 -1.5
      vertex -12.2084 -1.275 -1.5
      vertex -15.5226 -10.9774 -1.5
    endloop
  endfacet
  facet normal 0 0 -1
    outer loop
      vertex -11.0372 2.32954 -1.5
      vertex -14.399 10.2315 -1.5
      vertex -13.2232 10.4814 -1.5
    endloop
  endfacet
  facet normal -0 0 -1
    outer loop
      vertex -12.2084 -1.275 -1.5
      vertex -16.5451 -11.1947 -1.5
      vertex -12.4252 -0.787992 -1.5
    endloop
  endfacet
  facet normal 0 0 -1
    outer loop
      vertex -17.5 -11.6199 -1.5
      vertex -12.4252 -0.787992 -1.5
      vertex -16.5451 -11.1947 -1.5
    endloop
  endfacet
  facet normal 0 0 -1
    outer loop
      vertex -11.895 1.70628 -1.5
      vertex -15.601 10.2315 -1.5
      vertex -14.399 10.2315 -1.5
    endloop
  endfacet
  facet normal -0 0 -1
    outer loop
      vertex -12.4252 -0.787992 -1.5
      vertex -17.5 -11.6199 -1.5
      vertex -12.536 -0.266547 -1.5
    endloop
  endfacet
  facet normal 0 0 -1
    outer loop
      vertex -12.2084 1.275 -1.5
      vertex -16.7768 10.4814 -1.5
      vertex -15.601 10.2315 -1.5
    endloop
  endfacet
  facet normal 0 0 -1
    outer loop
      vertex -18.3457 -12.2343 -1.5
      vertex -12.536 -0.266547 -1.5
      vertex -17.5 -11.6199 -1.5
    endloop
  endfacet
  facet normal 0 0 -1
    outer loop
      vertex -12.4252 0.787992 -1.5
      vertex -17.875 10.9704 -1.5
      vertex -16.7768 10.4814 -1.5
    endloop
  endfacet
  facet normal 0 0 -1
    outer loop
      vertex -18.8475 11.6769 -1.5
      vertex -12.536 -0.266547 -1.5
      vertex -18.3457 -12.2343 -1.5
    endloop
  endfacet
  facet normal 0 0 -1
    outer loop
      vertex -12.536 -0.266547 -1.5
      vertex -18.8475 11.6769 -1.5
      vertex -17.875 10.9704 -1.5
    endloop
  endfacet
  facet normal 0 0 -1
    outer loop
      vertex -19.0451 -13.0111 -1.5
      vertex -18.8475 11.6769 -1.5
      vertex -18.3457 -12.2343 -1.5
    endloop
  endfacet
  facet normal 0 0 -1
    outer loop
      vertex -19.6518 12.5702 -1.5
      vertex -19.0451 -13.0111 -1.5
      vertex -19.5677 -13.9163 -1.5
    endloop
  endfacet
  facet normal 0 0 -1
    outer loop
      vertex -19.0451 -13.0111 -1.5
      vertex -19.6518 12.5702 -1.5
      vertex -18.8475 11.6769 -1.5
    endloop
  endfacet
  facet normal 0 0 -1
    outer loop
      vertex -20.2529 13.6113 -1.5
      vertex -19.5677 -13.9163 -1.5
      vertex -19.8907 -14.9104 -1.5
    endloop
  endfacet
  facet normal 0 0 -1
    outer loop
      vertex -25.2 -14.25 -1.5
      vertex -19.8907 -14.9104 -1.5
      vertex -20 -15.95 -1.5
    endloop
  endfacet
  facet normal 0 0 -1
    outer loop
      vertex -19.5677 -13.9163 -1.5
      vertex -20.2529 13.6113 -1.5
      vertex -19.6518 12.5702 -1.5
    endloop
  endfacet
  facet normal -1.24808e-07 6.06496e-05 -1
    outer loop
      vertex 15.601 21.6685 -1.49995
      vertex 21.4181 24.9781 -1.49975
      vertex 16.3695 21.5052 -1.49996
    endloop
  endfacet
  facet normal 0 6.04303e-05 -1
    outer loop
      vertex 14.399 21.6685 -1.49995
      vertex 21.4181 24.9781 -1.49975
      vertex 15.601 21.6685 -1.49995
    endloop
  endfacet
  facet normal 7.58508e-06 4.43436e-05 -1
    outer loop
      vertex 13.2232 21.4186 -1.49997
      vertex 21.4181 24.9781 -1.49975
      vertex 14.399 21.6685 -1.49995
    endloop
  endfacet
  facet normal 0 0 -1
    outer loop
      vertex -12.1153 20.9226 -1.5
      vertex 12.125 20.9296 -1.5
      vertex 12.1153 20.9226 -1.5
    endloop
  endfacet
  facet normal 0 0 -1
    outer loop
      vertex -12.125 20.9296 -1.5
      vertex 12.125 20.9296 -1.5
      vertex -12.1153 20.9226 -1.5
    endloop
  endfacet
  facet normal 0 6.13497e-05 -1
    outer loop
      vertex 12.125 20.9296 -1.5
      vertex -12.125 20.9296 -1.5
      vertex 13.2232 21.4186 -1.49997
    endloop
  endfacet
  facet normal 0 6.13497e-05 -1
    outer loop
      vertex -13.2232 21.4186 -1.49997
      vertex 13.2232 21.4186 -1.49997
      vertex -12.125 20.9296 -1.5
    endloop
  endfacet
  facet normal 0 6.18064e-05 -1
    outer loop
      vertex 13.2232 21.4186 -1.49997
      vertex -13.2232 21.4186 -1.49997
      vertex 21.4181 24.9781 -1.49975
    endloop
  endfacet
  facet normal -7.58508e-06 4.43436e-05 -1
    outer loop
      vertex -21.4181 24.9781 -1.49975
      vertex -13.2232 21.4186 -1.49997
      vertex -14.399 21.6685 -1.49995
    endloop
  endfacet
  facet normal 0 6.04303e-05 -1
    outer loop
      vertex -21.4181 24.9781 -1.49975
      vertex -14.399 21.6685 -1.49995
      vertex -15.601 21.6685 -1.49995
    endloop
  endfacet
  facet normal 0 6.18064e-05 -1
    outer loop
      vertex -13.2232 21.4186 -1.49997
      vertex -21.4181 24.9781 -1.49975
      vertex 21.4181 24.9781 -1.49975
    endloop
  endfacet
  facet normal 1.24808e-07 6.06496e-05 -1
    outer loop
      vertex -21.4181 24.9781 -1.49975
      vertex -15.601 21.6685 -1.49995
      vertex -16.3695 21.5052 -1.49996
    endloop
  endfacet
  facet normal 0.994809 -0.0314449 -0.0967846
    outer loop
      vertex 25.2 -15.4702 -1.24064
      vertex 25 -21 -1.49975
      vertex 25.2 -14.8737 -1.43444
    endloop
  endfacet
  facet normal -0.999827 0.00574163 -0.0176722
    outer loop
      vertex -25 21 -1.49975
      vertex -25.2 -13.6263 -1.43444
      vertex -25.2 -13.0298 -1.24064
    endloop
  endfacet
  facet normal -1 0 0
    outer loop
      vertex -25.2 -12.7582 1.34221
      vertex -25.2 -11.2664 1.18641
      vertex -25.2 -11.3968 0.572948
    endloop
  endfacet
  facet normal -1 0 0
    outer loop
      vertex -25.2 -11.2664 1.18641
      vertex -25.2 -12.7582 1.34221
      vertex -25.2 -11.2664 1.81359
    endloop
  endfacet
  facet normal -1 0 0
    outer loop
      vertex -25.2 -12.8234 1.03547
      vertex -25.2 -11.3968 0.572948
      vertex -25.2 -11.6519 0
    endloop
  endfacet
  facet normal -1 0 0
    outer loop
      vertex -25.2 -12.7582 1.65579
      vertex -25.2 -11.2664 1.81359
      vertex -25.2 -12.7582 1.34221
    endloop
  endfacet
  facet normal -1 0 0
    outer loop
      vertex -25.2 -12.951 0.749
      vertex -25.2 -11.6519 0
      vertex -25.2 -12.0206 -0.507391
    endloop
  endfacet
  facet normal -1 -0 0
    outer loop
      vertex -25.2 -11.2664 1.81359
      vertex -25.2 -12.7582 1.65579
      vertex -25.2 -11.3968 2.42705
    endloop
  endfacet
  facet normal -1 0 0
    outer loop
      vertex -25.2 -13.1353 0.495304
      vertex -25.2 -12.0206 -0.507391
      vertex -25.2 -12.4866 -0.927051
    endloop
  endfacet
  facet normal -1 0 0
    outer loop
      vertex -25.2 -12.8234 1.96252
      vertex -25.2 -11.3968 2.42705
      vertex -25.2 -12.7582 1.65579
    endloop
  endfacet
  facet normal -1 -0 0
    outer loop
      vertex -25.2 -11.3968 2.42705
      vertex -25.2 -12.8234 1.96252
      vertex -25.2 -11.6519 3
    endloop
  endfacet
  facet normal -1 0 0
    outer loop
      vertex -25.2 -11.3968 0.572948
      vertex -25.2 -12.8234 1.03547
      vertex -25.2 -12.7582 1.34221
    endloop
  endfacet
  facet normal -1 0 0
    outer loop
      vertex -25.2 -11.6519 0
      vertex -25.2 -12.951 0.749
      vertex -25.2 -12.8234 1.03547
    endloop
  endfacet
  facet normal -1 0 0
    outer loop
      vertex -25.2 -13.3683 0.285474
      vertex -25.2 -12.4866 -0.927051
      vertex -25.2 -13.0298 -1.24064
    endloop
  endfacet
  facet normal -1 0 0
    outer loop
      vertex -25.2 -12.0206 -0.507391
      vertex -25.2 -13.1353 0.495304
      vertex -25.2 -12.951 0.749
    endloop
  endfacet
  facet normal -1 0 0
    outer loop
      vertex -25.2 -12.4866 -0.927051
      vertex -25.2 -13.3683 0.285474
      vertex -25.2 -13.1353 0.495304
    endloop
  endfacet
  facet normal -1 0 0
    outer loop
      vertex -25.2 -13.6399 0.128682
      vertex -25.2 -13.0298 -1.24064
      vertex -25.2 -13.6263 -1.43444
    endloop
  endfacet
  facet normal -1 0 0
    outer loop
      vertex -25.2 -13.0298 -1.24064
      vertex -25.2 -13.6399 0.128682
      vertex -25.2 -13.3683 0.285474
    endloop
  endfacet
  facet normal -1 0 0
    outer loop
      vertex -25.2 -13.6263 -1.43444
      vertex -25.2 -13.9381 0.0317778
      vertex -25.2 -13.6399 0.128682
    endloop
  endfacet
  facet normal -1 0 0
    outer loop
      vertex -25.2 -14.25 -1.5
      vertex -25.2 -13.9381 0.0317778
      vertex -25.2 -13.6263 -1.43444
    endloop
  endfacet
  facet normal -1 0 0
    outer loop
      vertex -25.2 -14.25 -1.5
      vertex -25.2 -14.25 -0.001
      vertex -25.2 -13.9381 0.0317778
    endloop
  endfacet
  facet normal -1 0 0
    outer loop
      vertex -25.2 -14.25 -1.5
      vertex -25.2 -14.5619 0.0317778
      vertex -25.2 -14.25 -0.001
    endloop
  endfacet
  facet normal -1 0 0
    outer loop
      vertex -25.2 -14.8737 -1.43444
      vertex -25.2 -14.5619 0.0317778
      vertex -25.2 -14.25 -1.5
    endloop
  endfacet
  facet normal -1 -0 0
    outer loop
      vertex -25.2 -14.5619 0.0317778
      vertex -25.2 -14.8737 -1.43444
      vertex -25.2 -14.8601 0.128682
    endloop
  endfacet
  facet normal -1 0 0
    outer loop
      vertex -25.2 -15.4702 -1.24064
      vertex -25.2 -14.8601 0.128682
      vertex -25.2 -14.8737 -1.43444
    endloop
  endfacet
  facet normal -1 -0 0
    outer loop
      vertex -25.2 -14.8601 0.128682
      vertex -25.2 -15.4702 -1.24064
      vertex -25.2 -15.1317 0.285474
    endloop
  endfacet
  facet normal -1 0 0
    outer loop
      vertex -25.2 -16.0134 -0.927051
      vertex -25.2 -15.1317 0.285474
      vertex -25.2 -15.4702 -1.24064
    endloop
  endfacet
  facet normal -1 -0 0
    outer loop
      vertex -25.2 -15.1317 0.285474
      vertex -25.2 -16.0134 -0.927051
      vertex -25.2 -15.3647 0.495304
    endloop
  endfacet
  facet normal -1 0 0
    outer loop
      vertex -25.2 -16.4794 -0.507391
      vertex -25.2 -15.3647 0.495304
      vertex -25.2 -16.0134 -0.927051
    endloop
  endfacet
  facet normal -1 -0 0
    outer loop
      vertex -25.2 -15.3647 0.495304
      vertex -25.2 -16.4794 -0.507391
      vertex -25.2 -15.549 0.749
    endloop
  endfacet
  facet normal -1 -0 0
    outer loop
      vertex -25.2 -15.549 0.749
      vertex -25.2 -16.8481 0
      vertex -25.2 -15.6766 1.03547
    endloop
  endfacet
  facet normal -1 0 0
    outer loop
      vertex -25.2 -16.8481 0
      vertex -25.2 -15.549 0.749
      vertex -25.2 -16.4794 -0.507391
    endloop
  endfacet
  facet normal -1 0 0
    outer loop
      vertex -25.2 -12.951 2.249
      vertex -25.2 -11.6519 3
      vertex -25.2 -12.8234 1.96252
    endloop
  endfacet
  facet normal -1 -0 0
    outer loop
      vertex -25.2 -11.6519 3
      vertex -25.2 -12.951 2.249
      vertex -25.2 -12.0206 3.50739
    endloop
  endfacet
  facet normal -1 0 0
    outer loop
      vertex -25.2 -13.1353 2.5027
      vertex -25.2 -12.0206 3.50739
      vertex -25.2 -12.951 2.249
    endloop
  endfacet
  facet normal -1 -0 0
    outer loop
      vertex -25.2 -12.0206 3.50739
      vertex -25.2 -13.1353 2.5027
      vertex -25.2 -12.4866 3.92705
    endloop
  endfacet
  facet normal -1 0 0
    outer loop
      vertex -25.2 -13.3683 2.71252
      vertex -25.2 -12.4866 3.92705
      vertex -25.2 -13.1353 2.5027
    endloop
  endfacet
  facet normal -1 -0 0
    outer loop
      vertex -25.2 -12.4866 3.92705
      vertex -25.2 -13.3683 2.71252
      vertex -25.2 -13.0298 4.24064
    endloop
  endfacet
  facet normal -1 0 0
    outer loop
      vertex -25.2 -13.6399 2.86932
      vertex -25.2 -13.0298 4.24064
      vertex -25.2 -13.3683 2.71252
    endloop
  endfacet
  facet normal -1 -0 0
    outer loop
      vertex -25.2 -13.0298 4.24064
      vertex -25.2 -13.6399 2.86932
      vertex -25.2 -13.6263 4.43444
    endloop
  endfacet
  facet normal -1 0 0
    outer loop
      vertex -25.2 -13.9381 2.96622
      vertex -25.2 -13.6263 4.43444
      vertex -25.2 -13.6399 2.86932
    endloop
  endfacet
  facet normal -1 0 0
    outer loop
      vertex -25.2 -14.25 2.999
      vertex -25.2 -13.6263 4.43444
      vertex -25.2 -13.9381 2.96622
    endloop
  endfacet
  facet normal -1 0 0
    outer loop
      vertex -25.2 -14.25 2.999
      vertex -25.2 -14.25 4.5
      vertex -25.2 -13.6263 4.43444
    endloop
  endfacet
  facet normal -1 0 0
    outer loop
      vertex -25.2 -14.5619 2.96622
      vertex -25.2 -14.25 4.5
      vertex -25.2 -14.25 2.999
    endloop
  endfacet
  facet normal -1 0 0
    outer loop
      vertex -25.2 -14.8737 4.43444
      vertex -25.2 -14.5619 2.96622
      vertex -25.2 -14.8601 2.86932
    endloop
  endfacet
  facet normal -1 0 0
    outer loop
      vertex -25.2 -14.5619 2.96622
      vertex -25.2 -14.8737 4.43444
      vertex -25.2 -14.25 4.5
    endloop
  endfacet
  facet normal -1 0 0
    outer loop
      vertex -25.2 -15.4702 4.24064
      vertex -25.2 -14.8601 2.86932
      vertex -25.2 -15.1317 2.71252
    endloop
  endfacet
  facet normal -1 0 0
    outer loop
      vertex -25.2 -16.0134 3.92705
      vertex -25.2 -15.1317 2.71252
      vertex -25.2 -15.3647 2.5027
    endloop
  endfacet
  facet normal -1 0 0
    outer loop
      vertex -25.2 -14.8601 2.86932
      vertex -25.2 -15.4702 4.24064
      vertex -25.2 -14.8737 4.43444
    endloop
  endfacet
  facet normal -1 0 0
    outer loop
      vertex -25.2 -16.4794 3.50739
      vertex -25.2 -15.3647 2.5027
      vertex -25.2 -15.549 2.249
    endloop
  endfacet
  facet normal -1 0 0
    outer loop
      vertex -25.2 -16.8481 3
      vertex -25.2 -15.549 2.249
      vertex -25.2 -15.6766 1.96252
    endloop
  endfacet
  facet normal -1 0 0
    outer loop
      vertex -25.2 -17.1032 2.42705
      vertex -25.2 -15.6766 1.96252
      vertex -25.2 -15.7418 1.65579
    endloop
  endfacet
  facet normal -1 0 0
    outer loop
      vertex -25.2 -17.1032 0.572948
      vertex -25.2 -15.6766 1.03547
      vertex -25.2 -16.8481 0
    endloop
  endfacet
  facet normal -1 0 0
    outer loop
      vertex -25.2 -15.1317 2.71252
      vertex -25.2 -16.0134 3.92705
      vertex -25.2 -15.4702 4.24064
    endloop
  endfacet
  facet normal -1 -0 0
    outer loop
      vertex -25.2 -15.6766 1.03547
      vertex -25.2 -17.1032 0.572948
      vertex -25.2 -15.7418 1.34221
    endloop
  endfacet
  facet normal -1 0 0
    outer loop
      vertex -25.2 -15.3647 2.5027
      vertex -25.2 -16.4794 3.50739
      vertex -25.2 -16.0134 3.92705
    endloop
  endfacet
  facet normal -1 0 0
    outer loop
      vertex -25.2 -17.2336 1.18641
      vertex -25.2 -15.7418 1.34221
      vertex -25.2 -17.1032 0.572948
    endloop
  endfacet
  facet normal -1 0 0
    outer loop
      vertex -25.2 -15.549 2.249
      vertex -25.2 -16.8481 3
      vertex -25.2 -16.4794 3.50739
    endloop
  endfacet
  facet normal -1 -0 0
    outer loop
      vertex -25.2 -15.7418 1.34221
      vertex -25.2 -17.2336 1.18641
      vertex -25.2 -15.7418 1.65579
    endloop
  endfacet
  facet normal -1 0 0
    outer loop
      vertex -25.2 -15.6766 1.96252
      vertex -25.2 -17.1032 2.42705
      vertex -25.2 -16.8481 3
    endloop
  endfacet
  facet normal -1 0 0
    outer loop
      vertex -25.2 -17.2336 1.81359
      vertex -25.2 -15.7418 1.65579
      vertex -25.2 -17.2336 1.18641
    endloop
  endfacet
  facet normal -1 0 0
    outer loop
      vertex -25.2 -15.7418 1.65579
      vertex -25.2 -17.2336 1.81359
      vertex -25.2 -17.1032 2.42705
    endloop
  endfacet
  facet normal -0.936062 0.304135 0.176889
    outer loop
      vertex -24.6542 22.6269 1.49975
      vertex -24.9126 21.8316 1.49975
      vertex -14.501 22.7944 54.9405
    endloop
  endfacet
  facet normal 3.18547e-05 1.83942e-05 -1
    outer loop
      vertex 19.6518 19.3298 -1.49997
      vertex 24.2361 23.3511 -1.49975
      vertex 20.0854 18.5789 -1.49997
    endloop
  endfacet
  facet normal 2.68324e-05 2.41197e-05 -1
    outer loop
      vertex 24.2361 23.3511 -1.49975
      vertex 19.6518 19.3298 -1.49997
      vertex 19.6109 19.3753 -1.49997
    endloop
  endfacet
  facet normal 0.406726 -0.91355 0
    outer loop
      vertex 22.2361 -24.8042 -1.49975
      vertex 23 -24.4641 1.49975
      vertex 22.2361 -24.8042 1.49975
    endloop
  endfacet
  facet normal 0.406726 -0.91355 0
    outer loop
      vertex 23 -24.4641 1.49975
      vertex 22.2361 -24.8042 -1.49975
      vertex 23 -24.4641 -1.49975
    endloop
  endfacet
  facet normal -1.67828e-05 -3.76903e-05 -1
    outer loop
      vertex -16.5451 -20.7053 -1.5
      vertex -22.2361 -24.8042 -1.49975
      vertex -17.5 -20.2801 -1.5
    endloop
  endfacet
  facet normal -1.00087e-05 -4.70957e-05 -1
    outer loop
      vertex -15.5226 -20.9226 -1.5
      vertex -22.2361 -24.8042 -1.49975
      vertex -16.5451 -20.7053 -1.5
    endloop
  endfacet
  facet normal -0.93546 -0.306052 0.176769
    outer loop
      vertex -14.5296 -22.794 54.7898
      vertex -24.6542 -22.6269 1.49975
      vertex -14.501 -22.9617 54.6508
    endloop
  endfacet
  facet normal -0.854951 -0.493347 0.16021
    outer loop
      vertex -14.501 -22.9617 54.6508
      vertex -24.6542 -22.6269 1.49975
      vertex -14.501 -23.065 54.3327
    endloop
  endfacet
  facet normal -0.973115 -0.13466 0.186852
    outer loop
      vertex -24.9126 -21.8316 1.49975
      vertex -14.6198 -22.356 54.7263
      vertex -14.6296 -22.2942 54.7198
    endloop
  endfacet
  facet normal -0.972993 -0.135586 0.186819
    outer loop
      vertex -14.6198 -22.356 54.7263
      vertex -24.9126 -21.8316 1.49975
      vertex -14.5818 -22.5649 54.7726
    endloop
  endfacet
  facet normal -0.961255 -0.205642 0.183578
    outer loop
      vertex -24.9126 -21.8316 1.49975
      vertex -14.5744 -22.6069 54.7643
      vertex -14.5818 -22.5649 54.7726
    endloop
  endfacet
  facet normal -0.962039 -0.201751 0.183787
    outer loop
      vertex -24.9126 -21.8316 1.49975
      vertex -14.5718 -22.6203 54.7632
      vertex -14.5744 -22.6069 54.7643
    endloop
  endfacet
  facet normal -0.961823 -0.202828 0.183729
    outer loop
      vertex -24.9126 -21.8316 1.49975
      vertex -14.5691 -22.6341 54.7621
      vertex -14.5718 -22.6203 54.7632
    endloop
  endfacet
  facet normal -0.961529 -0.204292 0.18365
    outer loop
      vertex -14.5691 -22.6341 54.7621
      vertex -24.9126 -21.8316 1.49975
      vertex -14.53 -22.7917 54.7915
    endloop
  endfacet
  facet normal -2.22043e-05 -3.05634e-05 -1
    outer loop
      vertex -17.5 -20.2801 -1.5
      vertex -23.6765 -23.9726 -1.49975
      vertex -18.3457 -19.6657 -1.5
    endloop
  endfacet
  facet normal 4.27734e-05 7.26944e-06 -1
    outer loop
      vertex 20.3921 14.0397 -1.5
      vertex 24.9126 21.8316 -1.49975
      vertex 25.2 -14.25 -1.5
    endloop
  endfacet
  facet normal 4.81923e-05 3.29756e-06 -1
    outer loop
      vertex 24.9126 21.8316 -1.49975
      vertex 20.6243 14.7545 -1.49998
      vertex 20.75 15.95 -1.49997
    endloop
  endfacet
  facet normal 1.60776e-05 2.27571e-05 -1
    outer loop
      vertex 24.9126 21.8316 -1.49975
      vertex 20.3921 14.0397 -1.5
      vertex 20.6243 14.7545 -1.49998
    endloop
  endfacet
  facet normal 4.60153e-05 4.83825e-06 -1
    outer loop
      vertex 20.6243 17.1455 -1.49997
      vertex 24.9126 21.8316 -1.49975
      vertex 20.75 15.95 -1.49997
    endloop
  endfacet
  facet normal 3.78623e-05 1.22992e-05 -1
    outer loop
      vertex 24.9126 21.8316 -1.49975
      vertex 20.6243 17.1455 -1.49997
      vertex 20.4879 17.5654 -1.49997
    endloop
  endfacet
  facet normal 3.78615e-05 1.23e-05 -1
    outer loop
      vertex 20.4572 17.6599 -1.49997
      vertex 24.9126 21.8316 -1.49975
      vertex 20.4879 17.5654 -1.49997
    endloop
  endfacet
  facet normal 3.78604e-05 1.23012e-05 -1
    outer loop
      vertex 24.9126 21.8316 -1.49975
      vertex 20.4572 17.6599 -1.49997
      vertex 24.6542 22.6269 -1.49975
    endloop
  endfacet
  facet normal 2.26907e-05 3.12403e-05 -1
    outer loop
      vertex 17.875 20.9296 -1.49997
      vertex 22.2361 24.8042 -1.49975
      vertex 18.0482 20.8038 -1.49997
    endloop
  endfacet
  facet normal 1.68436e-05 3.78215e-05 -1
    outer loop
      vertex 22.2361 24.8042 -1.49975
      vertex 17.875 20.9296 -1.49997
      vertex 17.2456 21.2099 -1.49997
    endloop
  endfacet
  facet normal -9.81904e-06 4.61941e-05 -1
    outer loop
      vertex -16.7768 21.4186 -1.49996
      vertex -22.2361 24.8042 -1.49975
      vertex -16.487 21.4802 -1.49996
    endloop
  endfacet
  facet normal -3.65704e-06 5.61304e-05 -1
    outer loop
      vertex -22.2361 24.8042 -1.49975
      vertex -16.7768 21.4186 -1.49996
      vertex -17.2456 21.2099 -1.49997
    endloop
  endfacet
  facet normal 1.66433e-05 3.73826e-05 -1
    outer loop
      vertex 18.1199 20.7517 -1.49997
      vertex 22.2361 24.8042 -1.49975
      vertex 23 24.4641 -1.49975
    endloop
  endfacet
  facet normal 2.26962e-05 3.12345e-05 -1
    outer loop
      vertex 22.2361 24.8042 -1.49975
      vertex 18.1199 20.7517 -1.49997
      vertex 18.0482 20.8038 -1.49997
    endloop
  endfacet
  facet normal 2.20225e-05 3.03117e-05 -1
    outer loop
      vertex 18.1962 20.6963 -1.49997
      vertex 23 24.4641 -1.49975
      vertex 23.6765 23.9726 -1.49975
    endloop
  endfacet
  facet normal 2.20154e-05 3.03208e-05 -1
    outer loop
      vertex 23 24.4641 -1.49975
      vertex 18.1962 20.6963 -1.49997
      vertex 18.1199 20.7517 -1.49997
    endloop
  endfacet
  facet normal -9.82629e-06 4.61836e-05 -1
    outer loop
      vertex -16.487 21.4802 -1.49996
      vertex -21.4181 24.9781 -1.49975
      vertex -16.3695 21.5052 -1.49996
    endloop
  endfacet
  facet normal -9.8201e-06 4.61923e-05 -1
    outer loop
      vertex -21.4181 24.9781 -1.49975
      vertex -16.487 21.4802 -1.49996
      vertex -22.2361 24.8042 -1.49975
    endloop
  endfacet
  facet normal 0 0.743071 0.669213
    outer loop
      vertex -9.499 22.7944 54.9405
      vertex -14.501 22.5706 55.189
      vertex -9.499 22.5706 55.189
    endloop
  endfacet
  facet normal 0 0.743071 0.669213
    outer loop
      vertex -14.501 22.5706 55.189
      vertex -9.499 22.7944 54.9405
      vertex -14.501 22.7944 54.9405
    endloop
  endfacet
  facet normal -0.96157 0.204086 0.183661
    outer loop
      vertex -14.501 22.7944 54.9405
      vertex -24.9126 21.8316 1.49975
      vertex -14.526 22.5688 55.0603
    endloop
  endfacet
  facet normal -0.935447 0.306092 0.176766
    outer loop
      vertex -14.501 22.9617 54.6508
      vertex -24.6542 22.6269 1.49975
      vertex -14.501 22.7944 54.9405
    endloop
  endfacet
  facet normal 0 0.865972 0.500093
    outer loop
      vertex -9.499 22.9617 54.6508
      vertex -14.501 22.7944 54.9405
      vertex -9.499 22.7944 54.9405
    endloop
  endfacet
  facet normal 0 0.865972 0.500093
    outer loop
      vertex -14.501 22.7944 54.9405
      vertex -9.499 22.9617 54.6508
      vertex -14.501 22.9617 54.6508
    endloop
  endfacet
  facet normal 0.999352 0.0328778 -0.0146395
    outer loop
      vertex -8.2995 9.07382 61.0424
      vertex -8.47033 11.1647 54.0766
      vertex -8.2995 9.20562 61.3384
    endloop
  endfacet
  facet normal 0.999353 0.0328565 -0.0146459
    outer loop
      vertex -8.47033 11.1647 54.0766
      vertex -8.2995 9.07382 61.0424
      vertex -8.46453 10.9845 54.0681
    endloop
  endfacet
  facet normal 0.984932 -0.169167 0.0359375
    outer loop
      vertex -8.2995 -14.273 62.8446
      vertex -9.36143 -22.0637 55.276
      vertex -8.2995 -14.3338 62.5584
    endloop
  endfacet
  facet normal 0.984861 -0.169505 0.0362959
    outer loop
      vertex -9.36143 -22.0637 55.276
      vertex -8.2995 -14.273 62.8446
      vertex -9.36695 -22.0971 55.2698
    endloop
  endfacet
  facet normal 0.99963 0.0202694 -0.0181459
    outer loop
      vertex -8.44765 10.3187 54.0432
      vertex -8.44836 10.3547 54.0443
      vertex -8.2995 8.59228 60.2761
    endloop
  endfacet
  facet normal 0.999132 0.0396372 -0.0128108
    outer loop
      vertex -8.47033 11.1647 54.0766
      vertex -8.47137 11.1914 54.0781
      vertex -8.2995 9.20562 61.3384
    endloop
  endfacet
  facet normal -0.999616 -0.00855492 -0.0263399
    outer loop
      vertex -15.7477 -13.3507 54
      vertex -15.9005 -12.5999 59.555
      vertex -15.9005 -12.2917 59.4549
    endloop
  endfacet
  facet normal -0.999618 -0.00823578 -0.0263831
    outer loop
      vertex -15.9005 -12.5999 59.555
      vertex -15.7477 -13.3507 54
      vertex -15.7453 -13.642 54
    endloop
  endfacet
  facet normal -0.987494 -0.157656 -3.49519e-07
    outer loop
      vertex -15.0757 -19.5 54
      vertex -15.9005 -14.3338 61.9416
      vertex -15.6823 -15.7005 54
    endloop
  endfacet
  facet normal -0.987497 -0.157635 -1.41509e-05
    outer loop
      vertex -14.6985 -21.863 54.5787
      vertex -15.9005 -14.3338 61.9416
      vertex -15.0757 -19.5 54
    endloop
  endfacet
  facet normal -0.98749 -0.15768 -0.000132674
    outer loop
      vertex -14.7555 -21.5056 54.3742
      vertex -15.0757 -19.5 54
      vertex -15.0093 -19.9158 53.9563
    endloop
  endfacet
  facet normal -0.987513 -0.157538 0.000346127
    outer loop
      vertex -14.7582 -21.4889 54.363
      vertex -15.0093 -19.9158 53.9563
      vertex -14.9459 -20.3135 53.8271
    endloop
  endfacet
  facet normal -0.987473 -0.157786 -0.000210695
    outer loop
      vertex -14.7582 -21.4889 54.363
      vertex -14.9459 -20.3135 53.8271
      vertex -14.9029 -20.5824 53.6719
    endloop
  endfacet
  facet normal -0.987684 -0.156382 0.00492618
    outer loop
      vertex -15.0093 -19.9158 53.9563
      vertex -14.7582 -21.4889 54.363
      vertex -14.7555 -21.5056 54.3742
    endloop
  endfacet
  facet normal -0.987481 -0.157735 -0.000429709
    outer loop
      vertex -15.0757 -19.5 54
      vertex -14.7555 -21.5056 54.3742
      vertex -14.6985 -21.863 54.5787
    endloop
  endfacet
  facet normal -0.987044 -0.160425 0.00291314
    outer loop
      vertex -14.6965 -21.8752 54.5845
      vertex -15.9005 -14.3338 61.9416
      vertex -14.6985 -21.863 54.5787
    endloop
  endfacet
  facet normal -0.987502 -0.157605 -5.25314e-05
    outer loop
      vertex -14.6432 -22.2092 54.7058
      vertex -15.9005 -14.3338 61.9416
      vertex -14.6965 -21.8752 54.5845
    endloop
  endfacet
  facet normal -0.987145 -0.159809 0.0024079
    outer loop
      vertex -14.6419 -22.2172 54.7078
      vertex -15.9005 -14.3338 61.9416
      vertex -14.6432 -22.2092 54.7058
    endloop
  endfacet
  facet normal -0.987483 -0.157728 8.12593e-05
    outer loop
      vertex -14.6296 -22.2942 54.7198
      vertex -15.9005 -14.3338 61.9416
      vertex -14.6419 -22.2172 54.7078
    endloop
  endfacet
  facet normal -0.987641 -0.156727 -0.0010504
    outer loop
      vertex -14.6198 -22.356 54.7263
      vertex -15.9005 -14.3338 61.9416
      vertex -14.6296 -22.2942 54.7198
    endloop
  endfacet
  facet normal -0.987495 -0.157648 0
    outer loop
      vertex -15.9005 -14.3338 61.9416
      vertex -14.6198 -22.356 54.7263
      vertex -15.9005 -14.3338 62.5584
    endloop
  endfacet
  facet normal -0.951753 0.228022 0.205357
    outer loop
      vertex -14.501 22.7944 54.9405
      vertex -15.9005 8.59228 64.2239
      vertex -14.501 22.5706 55.189
    endloop
  endfacet
  facet normal 0.996462 -0.0835521 -0.0090841
    outer loop
      vertex -8.2995 -14.3338 61.9416
      vertex -8.48421 -15.6838 54.097
      vertex -8.48306 -15.6699 54.0953
    endloop
  endfacet
  facet normal 0 -0.104604 0.994514
    outer loop
      vertex -15.9005 -11.4 65.2
      vertex -8.2995 -11.7223 65.1661
      vertex -8.2995 -11.4 65.2
    endloop
  endfacet
  facet normal 0 -0.104604 0.994514
    outer loop
      vertex -8.2995 -11.7223 65.1661
      vertex -15.9005 -11.4 65.2
      vertex -15.9005 -11.7223 65.1661
    endloop
  endfacet
  facet normal 0.99913 -0.0381104 -0.0169601
    outer loop
      vertex -8.46453 -15.2966 54.0681
      vertex -8.2995 -13.9548 60.775
      vertex -8.2995 -14.0738 61.0424
    endloop
  endfacet
  facet normal 0.99913 -0.0380892 -0.0169644
    outer loop
      vertex -8.2995 -13.9548 60.775
      vertex -8.46453 -15.2966 54.0681
      vertex -8.45923 -15.1541 54.0603
    endloop
  endfacet
  facet normal 0.99913 -0.0380946 -0.0169624
    outer loop
      vertex -8.47033 -15.4526 54.0766
      vertex -8.2995 -14.0738 61.0424
      vertex -8.2995 -14.2056 61.3384
    endloop
  endfacet
  facet normal 0.999131 -0.0380717 -0.0169669
    outer loop
      vertex -8.2995 -14.0738 61.0424
      vertex -8.47033 -15.4526 54.0766
      vertex -8.46453 -15.2966 54.0681
    endloop
  endfacet
  facet normal 0.998763 0.048644 -0.010338
    outer loop
      vertex -8.2995 9.20562 61.3384
      vertex -8.47754 11.3201 54.0872
      vertex -8.2995 9.27299 61.6554
    endloop
  endfacet
  facet normal 0.998764 0.0486133 -0.010347
    outer loop
      vertex -8.47754 11.3201 54.0872
      vertex -8.2995 9.20562 61.3384
      vertex -8.47137 11.1914 54.0781
    endloop
  endfacet
  facet normal 0.991416 0.119407 0.0532641
    outer loop
      vertex -8.2995 8.95477 63.725
      vertex -9.39588 21.7678 55.4079
      vertex -9.39901 21.7941 55.4072
    endloop
  endfacet
  facet normal 0.991434 0.119316 0.0531212
    outer loop
      vertex -9.39588 21.7678 55.4079
      vertex -8.2995 8.95477 63.725
      vertex -8.2995 9.07382 63.4576
    endloop
  endfacet
  facet normal 0 -0.500255 0.865878
    outer loop
      vertex -15.9005 -12.5999 64.945
      vertex -8.2995 -12.8533 64.7986
      vertex -8.2995 -12.5999 64.945
    endloop
  endfacet
  facet normal 0 -0.500255 0.865878
    outer loop
      vertex -8.2995 -12.8533 64.7986
      vertex -15.9005 -12.5999 64.945
      vertex -15.9005 -12.8533 64.7986
    endloop
  endfacet
  facet normal 0.999722 -0.00485914 -0.023066
    outer loop
      vertex -8.2995 -12.0133 59.3645
      vertex -8.42814 -13.0837 54.0145
      vertex -8.42797 -13.0473 54.0142
    endloop
  endfacet
  facet normal 0.991434 0.119318 0.0531247
    outer loop
      vertex -8.2995 9.07382 63.4576
      vertex -9.39218 21.7367 55.4087
      vertex -9.39588 21.7678 55.4079
    endloop
  endfacet
  facet normal 0.991433 0.119322 0.0531306
    outer loop
      vertex -9.39218 21.7367 55.4087
      vertex -8.2995 9.07382 63.4576
      vertex -8.2995 9.20562 63.1616
    endloop
  endfacet
  facet normal -0.999617 -0.00855074 -0.0263333
    outer loop
      vertex -15.75 -13.0866 54
      vertex -15.9005 -12.2917 59.4549
      vertex -15.9005 -12.0133 59.3645
    endloop
  endfacet
  facet normal -0.999616 -0.00870548 -0.0263107
    outer loop
      vertex -15.9005 -12.2917 59.4549
      vertex -15.75 -13.0866 54
      vertex -15.7477 -13.3507 54
    endloop
  endfacet
  facet normal 0.999719 0.0118411 -0.0205267
    outer loop
      vertex -8.2995 8.13397 59.8634
      vertex -8.43544 9.49052 54.0252
      vertex -8.43875 9.77847 54.0301
    endloop
  endfacet
  facet normal 0.999719 0.0118485 -0.0205249
    outer loop
      vertex -8.43544 9.49052 54.0252
      vertex -8.2995 8.13397 59.8634
      vertex -8.2995 7.85334 59.7014
    endloop
  endfacet
  facet normal 0 -0.308839 0.951114
    outer loop
      vertex -15.9005 -12.0133 65.1355
      vertex -8.2995 -12.2917 65.0451
      vertex -8.2995 -12.0133 65.1355
    endloop
  endfacet
  facet normal 0 -0.308839 0.951114
    outer loop
      vertex -8.2995 -12.2917 65.0451
      vertex -15.9005 -12.0133 65.1355
      vertex -15.9005 -12.2917 65.0451
    endloop
  endfacet
  facet normal 0.999689 -0.012473 -0.0215891
    outer loop
      vertex -8.43544 -13.9239 54.0252
      vertex -8.2995 -12.5999 59.555
      vertex -8.2995 -12.8533 59.7014
    endloop
  endfacet
  facet normal 0.999689 -0.0125011 -0.0215824
    outer loop
      vertex -8.2995 -12.5999 59.555
      vertex -8.43544 -13.9239 54.0252
      vertex -8.43242 -13.6748 54.0208
    endloop
  endfacet
  facet normal 0.98774 0.135175 0.078088
    outer loop
      vertex -9.42642 21.9941 55.4077
      vertex -8.2995 8.95477 63.725
      vertex -9.39901 21.7941 55.4072
    endloop
  endfacet
  facet normal 0.987804 0.134932 0.0776996
    outer loop
      vertex -8.2995 8.95477 63.725
      vertex -9.42642 21.9941 55.4077
      vertex -9.43912 22.1036 55.379
    endloop
  endfacet
  facet normal -0.883412 0.313538 0.348248
    outer loop
      vertex -15.9005 8.37477 64.4198
      vertex -15.9005 8.13397 64.6366
      vertex -14.501 22.5706 55.189
    endloop
  endfacet
  facet normal -0 0 1
    outer loop
      vertex -15.9005 6.4 65.2
      vertex -8.2995 -11.4 65.2
      vertex -8.2995 6.4 65.2
    endloop
  endfacet
  facet normal 0 0 1
    outer loop
      vertex -8.2995 -11.4 65.2
      vertex -15.9005 6.4 65.2
      vertex -15.9005 -11.4 65.2
    endloop
  endfacet
  facet normal -0.999417 0.0276538 -0.0200371
    outer loop
      vertex -15.9005 8.78274 60.5382
      vertex -15.7135 10.8036 54
      vertex -15.7192 10.5976 54
    endloop
  endfacet
  facet normal -0.999418 0.0276028 -0.0200529
    outer loop
      vertex -15.7135 10.8036 54
      vertex -15.9005 8.78274 60.5382
      vertex -15.9005 8.95477 60.775
    endloop
  endfacet
  facet normal 0.856002 -0.418194 0.303932
    outer loop
      vertex -8.2995 -13.7827 63.9618
      vertex -9.499 -22.7944 54.9405
      vertex -8.2995 -13.9548 63.725
    endloop
  endfacet
  facet normal -0.999357 0.0301921 -0.0193446
    outer loop
      vertex -15.7135 10.8036 54
      vertex -15.9005 8.95477 60.775
      vertex -15.7125 10.8367 54
    endloop
  endfacet
  facet normal -0.999618 0.0138284 -0.0239417
    outer loop
      vertex -15.7412 9.4978 54
      vertex -15.9005 8.13397 59.8634
      vertex -15.7372 9.78695 54
    endloop
  endfacet
  facet normal -0.999618 0.0138218 -0.0239432
    outer loop
      vertex -15.9005 8.13397 59.8634
      vertex -15.7412 9.4978 54
      vertex -15.9005 7.85334 59.7014
    endloop
  endfacet
  facet normal -0.955616 -0.269165 0.119785
    outer loop
      vertex -15.9005 -13.9548 63.725
      vertex -15.9005 -14.0738 63.4576
      vertex -14.501 -22.9617 54.6508
    endloop
  endfacet
  facet normal 0 -0.709325 0.704881
    outer loop
      vertex -14.501 -22.5706 55.189
      vertex -8.2995 -13.5923 64.2239
      vertex -15.9005 -13.5923 64.2239
    endloop
  endfacet
  facet normal 0 -0.709325 0.704881
    outer loop
      vertex -8.2995 -13.5923 64.2239
      vertex -14.501 -22.5706 55.189
      vertex -9.499 -22.5706 55.189
    endloop
  endfacet
  facet normal 0.990768 -0.13557 0
    outer loop
      vertex -9.29756 -21.6278 55.2942
      vertex -8.2995 -14.3338 61.9416
      vertex -8.2995 -14.3338 62.5584
    endloop
  endfacet
  facet normal 0.990768 -0.135571 2.07928e-06
    outer loop
      vertex -8.2995 -14.3338 61.9416
      vertex -9.29705 -21.6241 55.2939
      vertex -8.48421 -15.6838 54.097
    endloop
  endfacet
  facet normal 0.990644 -0.136467 0.00100301
    outer loop
      vertex -8.2995 -14.3338 61.9416
      vertex -9.29756 -21.6278 55.2942
      vertex -9.29705 -21.6241 55.2939
    endloop
  endfacet
  facet normal 0.990773 -0.135533 -3.73436e-05
    outer loop
      vertex -9.29756 -21.6278 55.2942
      vertex -8.2995 -14.3338 62.5584
      vertex -9.31771 -21.7751 55.2935
    endloop
  endfacet
  facet normal 0.99972 -0.00247456 -0.0235266
    outer loop
      vertex -8.2995 -11.7223 59.3339
      vertex -8.42663 -12.4882 54.0123
      vertex -8.2995 -11.4 59.3
    endloop
  endfacet
  facet normal 0.99972 -0.00246115 -0.0235285
    outer loop
      vertex -8.42663 -12.4882 54.0123
      vertex -8.2995 -11.7223 59.3339
      vertex -8.42733 -12.7821 54.0133
    endloop
  endfacet
  facet normal 0.910336 0.276921 0.307577
    outer loop
      vertex -8.2995 8.37477 64.4198
      vertex -9.499 22.5706 55.189
      vertex -8.2995 8.13397 64.6366
    endloop
  endfacet
  facet normal -0.918982 -0.341452 0.197187
    outer loop
      vertex -14.501 -22.7944 54.9405
      vertex -15.9005 -13.9548 63.725
      vertex -14.501 -22.9617 54.6508
    endloop
  endfacet
  facet normal 0 -0.308905 0.951093
    outer loop
      vertex -15.9005 -12.2917 65.0451
      vertex -8.2995 -12.5999 64.945
      vertex -8.2995 -12.2917 65.0451
    endloop
  endfacet
  facet normal 0 -0.308905 0.951093
    outer loop
      vertex -8.2995 -12.5999 64.945
      vertex -15.9005 -12.2917 65.0451
      vertex -15.9005 -12.5999 64.945
    endloop
  endfacet
  facet normal -0.999118 0.0383644 -0.0170699
    outer loop
      vertex -15.9005 9.07382 61.0424
      vertex -15.6991 11.1854 54
      vertex -15.7061 11.0031 54
    endloop
  endfacet
  facet normal -0.999119 0.0383474 -0.017075
    outer loop
      vertex -15.6991 11.1854 54
      vertex -15.9005 9.07382 61.0424
      vertex -15.9005 9.20562 61.3384
    endloop
  endfacet
  facet normal -0.817447 -0.465946 0.338637
    outer loop
      vertex -15.9005 -13.7827 63.9618
      vertex -15.9005 -13.9548 63.725
      vertex -14.501 -22.7944 54.9405
    endloop
  endfacet
  facet normal -0.995186 -0.0974308 -0.0105761
    outer loop
      vertex -15.6823 -15.7005 54
      vertex -15.9005 -14.3338 61.9416
      vertex -15.6837 -15.6862 54
    endloop
  endfacet
  facet normal 0.993468 0.108496 0.0353416
    outer loop
      vertex -9.36973 21.5334 55.4009
      vertex -8.2995 9.20562 63.1616
      vertex -9.35651 21.4187 55.3814
    endloop
  endfacet
  facet normal 0.993486 0.10839 0.0351709
    outer loop
      vertex -9.38447 21.665 55.4117
      vertex -8.2995 9.20562 63.1616
      vertex -9.36973 21.5334 55.4009
    endloop
  endfacet
  facet normal 0.993798 0.106478 0.0320537
    outer loop
      vertex -9.38477 21.6678 55.4117
      vertex -8.2995 9.20562 63.1616
      vertex -9.38447 21.665 55.4117
    endloop
  endfacet
  facet normal 0.993488 0.108377 0.0351508
    outer loop
      vertex -8.2995 9.20562 63.1616
      vertex -9.38477 21.6678 55.4117
      vertex -9.39218 21.7367 55.4087
    endloop
  endfacet
  facet normal 0.998034 0.0623152 -0.00666031
    outer loop
      vertex -8.48306 11.4351 54.0953
      vertex -8.48421 11.4537 54.097
      vertex -8.2995 9.33384 61.9416
    endloop
  endfacet
  facet normal -0.999639 0.00844755 -0.0255162
    outer loop
      vertex -15.75 8.62432 54
      vertex -15.9005 7.29169 59.4549
      vertex -15.7477 8.89649 54
    endloop
  endfacet
  facet normal -0.999639 0.00829872 -0.0255525
    outer loop
      vertex -15.9005 7.29169 59.4549
      vertex -15.75 8.62432 54
      vertex -15.9005 7.01334 59.3645
    endloop
  endfacet
  facet normal -0.998332 0.0564374 -0.0121391
    outer loop
      vertex -15.9005 9.20562 61.3384
      vertex -15.6904 11.3437 54
      vertex -15.6978 11.2128 54
    endloop
  endfacet
  facet normal -0.998317 0.056724 -0.0120552
    outer loop
      vertex -15.6904 11.3437 54
      vertex -15.9005 9.20562 61.3384
      vertex -15.9005 9.27299 61.6554
    endloop
  endfacet
  facet normal 0.999731 0.00921309 -0.0212995
    outer loop
      vertex -8.43208 9.19084 54.0203
      vertex -8.43242 9.22889 54.0208
      vertex -8.2995 7.59987 59.555
    endloop
  endfacet
  facet normal 0.999474 -0.0262354 -0.0190672
    outer loop
      vertex -8.45835 -15.1254 54.059
      vertex -8.2995 -13.7827 60.5382
      vertex -8.2995 -13.9548 60.775
    endloop
  endfacet
  facet normal 0.999473 -0.0262639 -0.0190613
    outer loop
      vertex -8.2995 -13.7827 60.5382
      vertex -8.45835 -15.1254 54.059
      vertex -8.45363 -14.9407 54.052
    endloop
  endfacet
  facet normal 0.999711 0 -0.0240356
    outer loop
      vertex -8.42663 -12.4882 54.0123
      vertex -8.2995 6.4 59.3
      vertex -8.2995 -11.4 59.3
    endloop
  endfacet
  facet normal 0.999711 0 -0.0240356
    outer loop
      vertex -8.2995 6.4 59.3
      vertex -8.42663 -12.4882 54.0123
      vertex -8.42663 8.0181 54.0123
    endloop
  endfacet
  facet normal -0.999586 -0.0135813 -0.0253794
    outer loop
      vertex -15.7448 -13.6788 54
      vertex -15.9005 -12.5999 59.555
      vertex -15.7453 -13.642 54
    endloop
  endfacet
  facet normal -0.407907 -0.678441 0.611007
    outer loop
      vertex -14.501 -22.5706 55.189
      vertex -15.9005 -13.5923 64.2239
      vertex -14.501 -22.7944 54.9405
    endloop
  endfacet
  facet normal 0.462229 -0.658926 0.593431
    outer loop
      vertex -9.499 -22.5706 55.189
      vertex -9.499 -22.7944 54.9405
      vertex -8.2995 -13.5923 64.2239
    endloop
  endfacet
  facet normal -0.999578 -0.0144054 -0.0252191
    outer loop
      vertex -15.7412 -13.9286 54
      vertex -15.9005 -12.5999 59.555
      vertex -15.7448 -13.6788 54
    endloop
  endfacet
  facet normal -0.999577 -0.0145502 -0.0251845
    outer loop
      vertex -15.9005 -12.5999 59.555
      vertex -15.7412 -13.9286 54
      vertex -15.9005 -12.8533 59.7014
    endloop
  endfacet
  facet normal -0 0.49995 0.866055
    outer loop
      vertex -15.9005 8.13397 64.6366
      vertex -8.2995 7.85334 64.7986
      vertex -8.2995 8.13397 64.6366
    endloop
  endfacet
  facet normal 0 0.49995 0.866055
    outer loop
      vertex -8.2995 7.85334 64.7986
      vertex -15.9005 8.13397 64.6366
      vertex -15.9005 7.85334 64.7986
    endloop
  endfacet
  facet normal 0.574661 0.481035 0.662096
    outer loop
      vertex -9.499 22.5706 55.189
      vertex -9.499 22.3 55.3856
      vertex -8.2995 8.13397 64.6366
    endloop
  endfacet
  facet normal 0.999709 -0.00958948 -0.0221484
    outer loop
      vertex -8.2995 -12.5999 59.555
      vertex -8.43242 -13.6748 54.0208
      vertex -8.43208 -13.6382 54.0203
    endloop
  endfacet
  facet normal 0.996225 0.0868052 -0
    outer loop
      vertex -8.2995 9.33384 61.9416
      vertex -9.31413 20.9783 55.319
      vertex -8.2995 9.33384 62.5584
    endloop
  endfacet
  facet normal 0.996225 0.0868054 3.26613e-07
    outer loop
      vertex -9.31413 20.9783 55.319
      vertex -8.2995 9.33384 61.9416
      vertex -8.48421 11.4537 54.097
    endloop
  endfacet
  facet normal 0.99934 -0.031464 -0.0181527
    outer loop
      vertex -8.2995 -13.9548 60.775
      vertex -8.45923 -15.1541 54.0603
      vertex -8.45835 -15.1254 54.059
    endloop
  endfacet
  facet normal -0 0.10455 0.99452
    outer loop
      vertex -15.9005 7.01334 65.1355
      vertex -8.2995 6.72226 65.1661
      vertex -8.2995 7.01334 65.1355
    endloop
  endfacet
  facet normal 0 0.10455 0.99452
    outer loop
      vertex -8.2995 6.72226 65.1661
      vertex -15.9005 7.01334 65.1355
      vertex -15.9005 6.72226 65.1661
    endloop
  endfacet
  facet normal -0.974139 0.182801 0.132801
    outer loop
      vertex -15.9005 8.95477 63.725
      vertex -15.9005 8.78274 63.9618
      vertex -14.501 22.7944 54.9405
    endloop
  endfacet
  facet normal 0.999559 -0.0220996 -0.0198268
    outer loop
      vertex -8.2995 -13.5923 60.2761
      vertex -8.44836 -14.7343 54.0443
      vertex -8.44765 -14.7012 54.0432
    endloop
  endfacet
  facet normal -0.817822 -0.465589 0.338223
    outer loop
      vertex -15.9005 -13.5923 64.2239
      vertex -15.9005 -13.7827 63.9618
      vertex -14.501 -22.7944 54.9405
    endloop
  endfacet
  facet normal -0.984396 -0.175013 0.0182925
    outer loop
      vertex -14.5818 -22.5649 54.7726
      vertex -15.9005 -14.3338 62.5584
      vertex -14.6198 -22.356 54.7263
    endloop
  endfacet
  facet normal -0.983895 -0.177506 0.021013
    outer loop
      vertex -15.9005 -14.3338 62.5584
      vertex -14.5818 -22.5649 54.7726
      vertex -14.5744 -22.6069 54.7643
    endloop
  endfacet
  facet normal 1 0 0
    outer loop
      vertex -8.2995 7.94151 62.412
      vertex -8.2995 9.33384 62.5584
      vertex -8.2995 9.27299 62.8446
    endloop
  endfacet
  facet normal 1 0 0
    outer loop
      vertex -8.2995 9.33384 62.5584
      vertex -8.2995 7.94151 62.412
      vertex -8.2995 9.33384 61.9416
    endloop
  endfacet
  facet normal 1 0 0
    outer loop
      vertex -8.2995 7.87414 62.729
      vertex -8.2995 9.27299 62.8446
      vertex -8.2995 9.20562 63.1616
    endloop
  endfacet
  facet normal 1 -0 0
    outer loop
      vertex -8.2995 7.94151 62.088
      vertex -8.2995 9.33384 61.9416
      vertex -8.2995 7.94151 62.412
    endloop
  endfacet
  facet normal 1 0 0
    outer loop
      vertex -8.2995 7.87414 62.729
      vertex -8.2995 9.20562 63.1616
      vertex -8.2995 9.07382 63.4576
    endloop
  endfacet
  facet normal 1 0 0
    outer loop
      vertex -8.2995 9.33384 61.9416
      vertex -8.2995 7.94151 62.088
      vertex -8.2995 9.27299 61.6554
    endloop
  endfacet
  facet normal 1 0 0
    outer loop
      vertex -8.2995 7.74234 63.025
      vertex -8.2995 9.07382 63.4576
      vertex -8.2995 8.95477 63.725
    endloop
  endfacet
  facet normal 1 -0 0
    outer loop
      vertex -8.2995 7.87414 61.771
      vertex -8.2995 9.27299 61.6554
      vertex -8.2995 7.94151 62.088
    endloop
  endfacet
  facet normal 1 0 0
    outer loop
      vertex -8.2995 7.74234 63.025
      vertex -8.2995 8.95477 63.725
      vertex -8.2995 8.78274 63.9618
    endloop
  endfacet
  facet normal 1 0 0
    outer loop
      vertex -8.2995 9.27299 61.6554
      vertex -8.2995 7.87414 61.771
      vertex -8.2995 9.20562 61.3384
    endloop
  endfacet
  facet normal 1 0 0
    outer loop
      vertex -8.2995 7.55187 63.2872
      vertex -8.2995 8.78274 63.9618
      vertex -8.2995 8.59228 64.2239
    endloop
  endfacet
  facet normal 1 0 0
    outer loop
      vertex -8.2995 9.20562 61.3384
      vertex -8.2995 7.87414 61.771
      vertex -8.2995 9.07382 61.0424
    endloop
  endfacet
  facet normal 1 0 0
    outer loop
      vertex -8.2995 7.55187 63.2872
      vertex -8.2995 8.59228 64.2239
      vertex -8.2995 8.37477 64.4198
    endloop
  endfacet
  facet normal 1 -0 0
    outer loop
      vertex -8.2995 7.74234 61.475
      vertex -8.2995 9.07382 61.0424
      vertex -8.2995 7.87414 61.771
    endloop
  endfacet
  facet normal 1 0 0
    outer loop
      vertex -8.2995 7.31107 63.504
      vertex -8.2995 8.37477 64.4198
      vertex -8.2995 8.13397 64.6366
    endloop
  endfacet
  facet normal 1 0 0
    outer loop
      vertex -8.2995 9.07382 61.0424
      vertex -8.2995 7.74234 61.475
      vertex -8.2995 8.95477 60.775
    endloop
  endfacet
  facet normal 1 0 0
    outer loop
      vertex -8.2995 8.95477 60.775
      vertex -8.2995 7.74234 61.475
      vertex -8.2995 8.78274 60.5382
    endloop
  endfacet
  facet normal 1 0 0
    outer loop
      vertex -8.2995 9.27299 62.8446
      vertex -8.2995 7.87414 62.729
      vertex -8.2995 7.94151 62.412
    endloop
  endfacet
  facet normal 1 0 0
    outer loop
      vertex -8.2995 7.31107 63.504
      vertex -8.2995 8.13397 64.6366
      vertex -8.2995 7.85334 64.7986
    endloop
  endfacet
  facet normal 1 0 0
    outer loop
      vertex -8.2995 9.07382 63.4576
      vertex -8.2995 7.74234 63.025
      vertex -8.2995 7.87414 62.729
    endloop
  endfacet
  facet normal 1 0 0
    outer loop
      vertex -8.2995 7.03044 63.666
      vertex -8.2995 7.85334 64.7986
      vertex -8.2995 7.59987 64.945
    endloop
  endfacet
  facet normal 1 0 0
    outer loop
      vertex -8.2995 8.78274 63.9618
      vertex -8.2995 7.55187 63.2872
      vertex -8.2995 7.74234 63.025
    endloop
  endfacet
  facet normal 1 0 0
    outer loop
      vertex -8.2995 8.37477 64.4198
      vertex -8.2995 7.31107 63.504
      vertex -8.2995 7.55187 63.2872
    endloop
  endfacet
  facet normal 1 0 0
    outer loop
      vertex -8.2995 7.03044 63.666
      vertex -8.2995 7.59987 64.945
      vertex -8.2995 7.29169 65.0451
    endloop
  endfacet
  facet normal 1 0 0
    outer loop
      vertex -8.2995 7.85334 64.7986
      vertex -8.2995 7.03044 63.666
      vertex -8.2995 7.31107 63.504
    endloop
  endfacet
  facet normal 1 0 0
    outer loop
      vertex -8.2995 6.72226 63.7661
      vertex -8.2995 7.29169 65.0451
      vertex -8.2995 7.01334 65.1355
    endloop
  endfacet
  facet normal 1 0 0
    outer loop
      vertex -8.2995 6.72226 63.7661
      vertex -8.2995 7.01334 65.1355
      vertex -8.2995 6.72226 65.1661
    endloop
  endfacet
  facet normal 1 0 0
    outer loop
      vertex -8.2995 7.29169 65.0451
      vertex -8.2995 6.72226 63.7661
      vertex -8.2995 7.03044 63.666
    endloop
  endfacet
  facet normal 1 0 0
    outer loop
      vertex -8.2995 6.4 63.8
      vertex -8.2995 6.72226 65.1661
      vertex -8.2995 6.4 65.2
    endloop
  endfacet
  facet normal 1 0 0
    outer loop
      vertex -8.2995 6.72226 65.1661
      vertex -8.2995 6.4 63.8
      vertex -8.2995 6.72226 63.7661
    endloop
  endfacet
  facet normal 1 0 0
    outer loop
      vertex -8.2995 6.4 65.2
      vertex -8.2995 0.6 63.8
      vertex -8.2995 6.4 63.8
    endloop
  endfacet
  facet normal 1 0 0
    outer loop
      vertex -8.2995 6.4 65.2
      vertex -8.2995 0.277738 63.7661
      vertex -8.2995 0.6 63.8
    endloop
  endfacet
  facet normal 1 0 0
    outer loop
      vertex -8.2995 -0.941508 62.412
      vertex -8.2995 -4.05849 62.412
      vertex -8.2995 -0.941508 62.088
    endloop
  endfacet
  facet normal 1 0 0
    outer loop
      vertex -8.2995 -0.874137 62.729
      vertex -8.2995 -4.05849 62.412
      vertex -8.2995 -0.941508 62.412
    endloop
  endfacet
  facet normal 1 0 0
    outer loop
      vertex -8.2995 -4.12586 62.729
      vertex -8.2995 -0.874137 62.729
      vertex -8.2995 -0.742339 63.025
    endloop
  endfacet
  facet normal 1 0 0
    outer loop
      vertex -8.2995 -4.25766 63.025
      vertex -8.2995 -0.742339 63.025
      vertex -8.2995 -0.551874 63.2872
    endloop
  endfacet
  facet normal 1 0 0
    outer loop
      vertex -8.2995 -4.44813 63.2872
      vertex -8.2995 -0.551874 63.2872
      vertex -8.2995 -0.311067 63.504
    endloop
  endfacet
  facet normal 1 0 0
    outer loop
      vertex -8.2995 -4.68893 63.504
      vertex -8.2995 -0.311067 63.504
      vertex -8.2995 -0.0304413 63.666
    endloop
  endfacet
  facet normal 1 0 0
    outer loop
      vertex -8.2995 -4.96956 63.666
      vertex -8.2995 -0.0304413 63.666
      vertex -8.2995 0.277738 63.7661
    endloop
  endfacet
  facet normal 1 0 0
    outer loop
      vertex -8.2995 -0.874137 62.729
      vertex -8.2995 -4.12586 62.729
      vertex -8.2995 -4.05849 62.412
    endloop
  endfacet
  facet normal 1 0 0
    outer loop
      vertex -8.2995 -0.742339 63.025
      vertex -8.2995 -4.25766 63.025
      vertex -8.2995 -4.12586 62.729
    endloop
  endfacet
  facet normal 1 0 0
    outer loop
      vertex -8.2995 -5.27774 63.7661
      vertex -8.2995 0.277738 63.7661
      vertex -8.2995 6.4 65.2
    endloop
  endfacet
  facet normal 1 0 0
    outer loop
      vertex -8.2995 -0.551874 63.2872
      vertex -8.2995 -4.44813 63.2872
      vertex -8.2995 -4.25766 63.025
    endloop
  endfacet
  facet normal 1 0 0
    outer loop
      vertex -8.2995 -0.311067 63.504
      vertex -8.2995 -4.68893 63.504
      vertex -8.2995 -4.44813 63.2872
    endloop
  endfacet
  facet normal 1 0 0
    outer loop
      vertex -8.2995 -0.0304413 63.666
      vertex -8.2995 -4.96956 63.666
      vertex -8.2995 -4.68893 63.504
    endloop
  endfacet
  facet normal 1 0 0
    outer loop
      vertex -8.2995 0.277738 63.7661
      vertex -8.2995 -5.27774 63.7661
      vertex -8.2995 -4.96956 63.666
    endloop
  endfacet
  facet normal 1 0 0
    outer loop
      vertex -8.2995 6.4 65.2
      vertex -8.2995 -5.6 63.8
      vertex -8.2995 -5.27774 63.7661
    endloop
  endfacet
  facet normal 1 -0 0
    outer loop
      vertex -8.2995 -11.4 65.2
      vertex -8.2995 -5.6 63.8
      vertex -8.2995 6.4 65.2
    endloop
  endfacet
  facet normal 1 0 0
    outer loop
      vertex -8.2995 -11.4 65.2
      vertex -8.2995 -11.4 63.8
      vertex -8.2995 -5.6 63.8
    endloop
  endfacet
  facet normal 1 -0 0
    outer loop
      vertex -8.2995 -11.7223 65.1661
      vertex -8.2995 -11.4 63.8
      vertex -8.2995 -11.4 65.2
    endloop
  endfacet
  facet normal 1 0 0
    outer loop
      vertex -8.2995 -11.7223 65.1661
      vertex -8.2995 -11.7223 63.7661
      vertex -8.2995 -11.4 63.8
    endloop
  endfacet
  facet normal 1 -0 0
    outer loop
      vertex -8.2995 -12.0133 65.1355
      vertex -8.2995 -11.7223 63.7661
      vertex -8.2995 -11.7223 65.1661
    endloop
  endfacet
  facet normal 1 -0 0
    outer loop
      vertex -8.2995 -12.2917 65.0451
      vertex -8.2995 -11.7223 63.7661
      vertex -8.2995 -12.0133 65.1355
    endloop
  endfacet
  facet normal 1 0 0
    outer loop
      vertex -8.2995 -11.7223 63.7661
      vertex -8.2995 -12.2917 65.0451
      vertex -8.2995 -12.0304 63.666
    endloop
  endfacet
  facet normal 1 -0 0
    outer loop
      vertex -8.2995 -12.5999 64.945
      vertex -8.2995 -12.0304 63.666
      vertex -8.2995 -12.2917 65.0451
    endloop
  endfacet
  facet normal 1 -0 0
    outer loop
      vertex -8.2995 -12.8533 64.7986
      vertex -8.2995 -12.0304 63.666
      vertex -8.2995 -12.5999 64.945
    endloop
  endfacet
  facet normal 1 0 0
    outer loop
      vertex -8.2995 -12.0304 63.666
      vertex -8.2995 -12.8533 64.7986
      vertex -8.2995 -12.3111 63.504
    endloop
  endfacet
  facet normal 1 -0 0
    outer loop
      vertex -8.2995 -13.134 64.6366
      vertex -8.2995 -12.3111 63.504
      vertex -8.2995 -12.8533 64.7986
    endloop
  endfacet
  facet normal 1 -0 0
    outer loop
      vertex -8.2995 -13.3748 64.4198
      vertex -8.2995 -12.3111 63.504
      vertex -8.2995 -13.134 64.6366
    endloop
  endfacet
  facet normal 1 0 0
    outer loop
      vertex -8.2995 -12.3111 63.504
      vertex -8.2995 -13.3748 64.4198
      vertex -8.2995 -12.5519 63.2872
    endloop
  endfacet
  facet normal 1 -0 0
    outer loop
      vertex -8.2995 -13.5923 64.2239
      vertex -8.2995 -12.5519 63.2872
      vertex -8.2995 -13.3748 64.4198
    endloop
  endfacet
  facet normal 1 0 0
    outer loop
      vertex -8.2995 -12.5519 63.2872
      vertex -8.2995 -13.7827 63.9618
      vertex -8.2995 -12.7423 63.025
    endloop
  endfacet
  facet normal 1 -0 0
    outer loop
      vertex -8.2995 -13.7827 63.9618
      vertex -8.2995 -12.5519 63.2872
      vertex -8.2995 -13.5923 64.2239
    endloop
  endfacet
  facet normal 1 -0 0
    outer loop
      vertex -8.2995 7.55187 61.2128
      vertex -8.2995 8.78274 60.5382
      vertex -8.2995 7.74234 61.475
    endloop
  endfacet
  facet normal 1 0 0
    outer loop
      vertex -8.2995 8.78274 60.5382
      vertex -8.2995 7.55187 61.2128
      vertex -8.2995 8.59228 60.2761
    endloop
  endfacet
  facet normal 1 0 0
    outer loop
      vertex -8.2995 8.59228 60.2761
      vertex -8.2995 7.55187 61.2128
      vertex -8.2995 8.37477 60.0802
    endloop
  endfacet
  facet normal 1 -0 0
    outer loop
      vertex -8.2995 7.31107 60.996
      vertex -8.2995 8.37477 60.0802
      vertex -8.2995 7.55187 61.2128
    endloop
  endfacet
  facet normal 1 0 0
    outer loop
      vertex -8.2995 8.37477 60.0802
      vertex -8.2995 7.31107 60.996
      vertex -8.2995 8.13397 59.8634
    endloop
  endfacet
  facet normal 1 0 0
    outer loop
      vertex -8.2995 8.13397 59.8634
      vertex -8.2995 7.31107 60.996
      vertex -8.2995 7.85334 59.7014
    endloop
  endfacet
  facet normal 1 -0 0
    outer loop
      vertex -8.2995 7.03044 60.834
      vertex -8.2995 7.85334 59.7014
      vertex -8.2995 7.31107 60.996
    endloop
  endfacet
  facet normal 1 0 0
    outer loop
      vertex -8.2995 7.85334 59.7014
      vertex -8.2995 7.03044 60.834
      vertex -8.2995 7.59987 59.555
    endloop
  endfacet
  facet normal 1 0 0
    outer loop
      vertex -8.2995 7.59987 59.555
      vertex -8.2995 7.03044 60.834
      vertex -8.2995 7.29169 59.4549
    endloop
  endfacet
  facet normal 1 -0 0
    outer loop
      vertex -8.2995 6.72226 60.7339
      vertex -8.2995 7.29169 59.4549
      vertex -8.2995 7.03044 60.834
    endloop
  endfacet
  facet normal 1 0 0
    outer loop
      vertex -8.2995 7.29169 59.4549
      vertex -8.2995 6.72226 60.7339
      vertex -8.2995 7.01334 59.3645
    endloop
  endfacet
  facet normal 1 0 0
    outer loop
      vertex -8.2995 6.72226 60.7339
      vertex -8.2995 6.72226 59.3339
      vertex -8.2995 7.01334 59.3645
    endloop
  endfacet
  facet normal 1 -0 0
    outer loop
      vertex -8.2995 6.4 60.7
      vertex -8.2995 6.72226 59.3339
      vertex -8.2995 6.72226 60.7339
    endloop
  endfacet
  facet normal 1 0 0
    outer loop
      vertex -8.2995 6.4 60.7
      vertex -8.2995 6.4 59.3
      vertex -8.2995 6.72226 59.3339
    endloop
  endfacet
  facet normal 1 -0 0
    outer loop
      vertex -8.2995 0.6 60.7
      vertex -8.2995 6.4 59.3
      vertex -8.2995 6.4 60.7
    endloop
  endfacet
  facet normal 1 0 0
    outer loop
      vertex -8.2995 0.277738 60.7339
      vertex -8.2995 6.4 59.3
      vertex -8.2995 0.6 60.7
    endloop
  endfacet
  facet normal 1 0 0
    outer loop
      vertex -8.2995 -4.05849 62.088
      vertex -8.2995 -0.941508 62.088
      vertex -8.2995 -4.05849 62.412
    endloop
  endfacet
  facet normal 1 0 0
    outer loop
      vertex -8.2995 -0.941508 62.088
      vertex -8.2995 -4.05849 62.088
      vertex -8.2995 -0.874137 61.771
    endloop
  endfacet
  facet normal 1 0 0
    outer loop
      vertex -8.2995 -4.12586 61.771
      vertex -8.2995 -0.874137 61.771
      vertex -8.2995 -4.05849 62.088
    endloop
  endfacet
  facet normal 1 0 0
    outer loop
      vertex -8.2995 -0.874137 61.771
      vertex -8.2995 -4.12586 61.771
      vertex -8.2995 -0.742339 61.475
    endloop
  endfacet
  facet normal 1 0 0
    outer loop
      vertex -8.2995 -4.25766 61.475
      vertex -8.2995 -0.742339 61.475
      vertex -8.2995 -4.12586 61.771
    endloop
  endfacet
  facet normal 1 0 0
    outer loop
      vertex -8.2995 -0.742339 61.475
      vertex -8.2995 -4.25766 61.475
      vertex -8.2995 -0.551874 61.2128
    endloop
  endfacet
  facet normal 1 0 0
    outer loop
      vertex -8.2995 -4.44813 61.2128
      vertex -8.2995 -0.551874 61.2128
      vertex -8.2995 -4.25766 61.475
    endloop
  endfacet
  facet normal 1 0 0
    outer loop
      vertex -8.2995 -0.551874 61.2128
      vertex -8.2995 -4.44813 61.2128
      vertex -8.2995 -0.311067 60.996
    endloop
  endfacet
  facet normal 1 0 0
    outer loop
      vertex -8.2995 -4.68893 60.996
      vertex -8.2995 -0.311067 60.996
      vertex -8.2995 -4.44813 61.2128
    endloop
  endfacet
  facet normal 1 0 0
    outer loop
      vertex -8.2995 -0.311067 60.996
      vertex -8.2995 -4.68893 60.996
      vertex -8.2995 -0.0304413 60.834
    endloop
  endfacet
  facet normal 1 0 0
    outer loop
      vertex -8.2995 -4.96956 60.834
      vertex -8.2995 -0.0304413 60.834
      vertex -8.2995 -4.68893 60.996
    endloop
  endfacet
  facet normal 1 0 0
    outer loop
      vertex -8.2995 -0.0304413 60.834
      vertex -8.2995 -4.96956 60.834
      vertex -8.2995 0.277738 60.7339
    endloop
  endfacet
  facet normal 1 0 0
    outer loop
      vertex -8.2995 -5.27774 60.7339
      vertex -8.2995 0.277738 60.7339
      vertex -8.2995 -4.96956 60.834
    endloop
  endfacet
  facet normal 1 0 0
    outer loop
      vertex -8.2995 0.277738 60.7339
      vertex -8.2995 -5.27774 60.7339
      vertex -8.2995 6.4 59.3
    endloop
  endfacet
  facet normal 1 -0 0
    outer loop
      vertex -8.2995 -5.6 60.7
      vertex -8.2995 6.4 59.3
      vertex -8.2995 -5.27774 60.7339
    endloop
  endfacet
  facet normal 1 0 0
    outer loop
      vertex -8.2995 -11.4 59.3
      vertex -8.2995 -5.6 60.7
      vertex -8.2995 -11.4 60.7
    endloop
  endfacet
  facet normal 1 0 0
    outer loop
      vertex -8.2995 -5.6 60.7
      vertex -8.2995 -11.4 59.3
      vertex -8.2995 6.4 59.3
    endloop
  endfacet
  facet normal 1 0 0
    outer loop
      vertex -8.2995 -11.7223 59.3339
      vertex -8.2995 -11.4 60.7
      vertex -8.2995 -11.7223 60.7339
    endloop
  endfacet
  facet normal 1 0 0
    outer loop
      vertex -8.2995 -11.4 60.7
      vertex -8.2995 -11.7223 59.3339
      vertex -8.2995 -11.4 59.3
    endloop
  endfacet
  facet normal 1 0 0
    outer loop
      vertex -8.2995 -11.7223 60.7339
      vertex -8.2995 -12.0133 59.3645
      vertex -8.2995 -11.7223 59.3339
    endloop
  endfacet
  facet normal 1 0 0
    outer loop
      vertex -8.2995 -12.2917 59.4549
      vertex -8.2995 -11.7223 60.7339
      vertex -8.2995 -12.0304 60.834
    endloop
  endfacet
  facet normal 1 0 0
    outer loop
      vertex -8.2995 -11.7223 60.7339
      vertex -8.2995 -12.2917 59.4549
      vertex -8.2995 -12.0133 59.3645
    endloop
  endfacet
  facet normal 1 0 0
    outer loop
      vertex -8.2995 -12.8533 59.7014
      vertex -8.2995 -12.0304 60.834
      vertex -8.2995 -12.3111 60.996
    endloop
  endfacet
  facet normal 1 0 0
    outer loop
      vertex -8.2995 -13.3748 60.0802
      vertex -8.2995 -12.3111 60.996
      vertex -8.2995 -12.5519 61.2128
    endloop
  endfacet
  facet normal 1 0 0
    outer loop
      vertex -8.2995 -12.0304 60.834
      vertex -8.2995 -12.5999 59.555
      vertex -8.2995 -12.2917 59.4549
    endloop
  endfacet
  facet normal 1 0 0
    outer loop
      vertex -8.2995 -13.7827 60.5382
      vertex -8.2995 -12.5519 61.2128
      vertex -8.2995 -12.7423 61.475
    endloop
  endfacet
  facet normal 1 0 0
    outer loop
      vertex -8.2995 -12.0304 60.834
      vertex -8.2995 -12.8533 59.7014
      vertex -8.2995 -12.5999 59.555
    endloop
  endfacet
  facet normal 1 0 0
    outer loop
      vertex -8.2995 -14.0738 61.0424
      vertex -8.2995 -12.7423 61.475
      vertex -8.2995 -12.8741 61.771
    endloop
  endfacet
  facet normal 1 0 0
    outer loop
      vertex -8.2995 -14.273 61.6554
      vertex -8.2995 -12.8741 61.771
      vertex -8.2995 -12.9415 62.088
    endloop
  endfacet
  facet normal 1 -0 0
    outer loop
      vertex -8.2995 -13.9548 63.725
      vertex -8.2995 -12.7423 63.025
      vertex -8.2995 -13.7827 63.9618
    endloop
  endfacet
  facet normal 1 -0 0
    outer loop
      vertex -8.2995 -14.0738 63.4576
      vertex -8.2995 -12.7423 63.025
      vertex -8.2995 -13.9548 63.725
    endloop
  endfacet
  facet normal 1 0 0
    outer loop
      vertex -8.2995 -12.3111 60.996
      vertex -8.2995 -13.3748 60.0802
      vertex -8.2995 -13.134 59.8634
    endloop
  endfacet
  facet normal 1 0 0
    outer loop
      vertex -8.2995 -12.3111 60.996
      vertex -8.2995 -13.134 59.8634
      vertex -8.2995 -12.8533 59.7014
    endloop
  endfacet
  facet normal 1 0 0
    outer loop
      vertex -8.2995 -12.7423 63.025
      vertex -8.2995 -14.0738 63.4576
      vertex -8.2995 -12.8741 62.729
    endloop
  endfacet
  facet normal 1 -0 0
    outer loop
      vertex -8.2995 -14.2056 63.1616
      vertex -8.2995 -12.8741 62.729
      vertex -8.2995 -14.0738 63.4576
    endloop
  endfacet
  facet normal 1 0 0
    outer loop
      vertex -8.2995 -12.5519 61.2128
      vertex -8.2995 -13.7827 60.5382
      vertex -8.2995 -13.5923 60.2761
    endloop
  endfacet
  facet normal 1 0 0
    outer loop
      vertex -8.2995 -12.5519 61.2128
      vertex -8.2995 -13.5923 60.2761
      vertex -8.2995 -13.3748 60.0802
    endloop
  endfacet
  facet normal 1 -0 0
    outer loop
      vertex -8.2995 -14.273 62.8446
      vertex -8.2995 -12.8741 62.729
      vertex -8.2995 -14.2056 63.1616
    endloop
  endfacet
  facet normal 1 0 0
    outer loop
      vertex -8.2995 -12.8741 62.729
      vertex -8.2995 -14.273 62.8446
      vertex -8.2995 -12.9415 62.412
    endloop
  endfacet
  facet normal 1 0 0
    outer loop
      vertex -8.2995 -12.7423 61.475
      vertex -8.2995 -14.0738 61.0424
      vertex -8.2995 -13.9548 60.775
    endloop
  endfacet
  facet normal 1 0 0
    outer loop
      vertex -8.2995 -12.7423 61.475
      vertex -8.2995 -13.9548 60.775
      vertex -8.2995 -13.7827 60.5382
    endloop
  endfacet
  facet normal 1 -0 0
    outer loop
      vertex -8.2995 -14.3338 62.5584
      vertex -8.2995 -12.9415 62.412
      vertex -8.2995 -14.273 62.8446
    endloop
  endfacet
  facet normal 1 0 0
    outer loop
      vertex -8.2995 -12.9415 62.412
      vertex -8.2995 -14.3338 62.5584
      vertex -8.2995 -12.9415 62.088
    endloop
  endfacet
  facet normal 1 0 0
    outer loop
      vertex -8.2995 -12.8741 61.771
      vertex -8.2995 -14.273 61.6554
      vertex -8.2995 -14.2056 61.3384
    endloop
  endfacet
  facet normal 1 0 0
    outer loop
      vertex -8.2995 -12.8741 61.771
      vertex -8.2995 -14.2056 61.3384
      vertex -8.2995 -14.0738 61.0424
    endloop
  endfacet
  facet normal 1 0 0
    outer loop
      vertex -8.2995 -14.3338 61.9416
      vertex -8.2995 -12.9415 62.088
      vertex -8.2995 -14.3338 62.5584
    endloop
  endfacet
  facet normal 1 0 0
    outer loop
      vertex -8.2995 -12.9415 62.088
      vertex -8.2995 -14.3338 61.9416
      vertex -8.2995 -14.273 61.6554
    endloop
  endfacet
  facet normal 0.999718 -0.0073308 -0.022571
    outer loop
      vertex -8.2995 -12.5999 59.555
      vertex -8.43001 -13.3474 54.0172
      vertex -8.2995 -12.2917 59.4549
    endloop
  endfacet
  facet normal 0.999718 -0.00735686 -0.0225674
    outer loop
      vertex -8.43001 -13.3474 54.0172
      vertex -8.2995 -12.5999 59.555
      vertex -8.43208 -13.6382 54.0203
    endloop
  endfacet
  facet normal -0.999479 0.0245774 -0.0209021
    outer loop
      vertex -15.7265 10.3307 54
      vertex -15.9005 8.59228 60.2761
      vertex -15.7256 10.3673 54
    endloop
  endfacet
  facet normal 0.856318 -0.417837 0.303533
    outer loop
      vertex -8.2995 -13.5923 64.2239
      vertex -9.499 -22.7944 54.9405
      vertex -8.2995 -13.7827 63.9618
    endloop
  endfacet
  facet normal 0.999719 0.0118848 -0.0205145
    outer loop
      vertex -8.2995 7.85334 59.7014
      vertex -8.43242 9.22889 54.0208
      vertex -8.43544 9.49052 54.0252
    endloop
  endfacet
  facet normal 0.999719 0.0118532 -0.0205221
    outer loop
      vertex -8.43242 9.22889 54.0208
      vertex -8.2995 7.85334 59.7014
      vertex -8.2995 7.59987 59.555
    endloop
  endfacet
  facet normal 0.999572 0.0236573 -0.0171865
    outer loop
      vertex -8.2995 8.78274 60.5382
      vertex -8.45835 10.7875 54.059
      vertex -8.2995 8.95477 60.775
    endloop
  endfacet
  facet normal 0.999572 0.023682 -0.0171789
    outer loop
      vertex -8.45835 10.7875 54.059
      vertex -8.2995 8.78274 60.5382
      vertex -8.45363 10.5832 54.052
    endloop
  endfacet
  facet normal 0.99962 -0.0184448 -0.0204785
    outer loop
      vertex -8.44765 -14.7012 54.0432
      vertex -8.2995 -13.3748 60.0802
      vertex -8.2995 -13.5923 60.2761
    endloop
  endfacet
  facet normal 0.99962 -0.0184492 -0.0204775
    outer loop
      vertex -8.2995 -13.3748 60.0802
      vertex -8.44765 -14.7012 54.0432
      vertex -8.44369 -14.4802 54.0374
    endloop
  endfacet
  facet normal 0.994794 0.0996578 0.0212916
    outer loop
      vertex -8.2995 9.27299 62.8446
      vertex -9.34791 21.3355 55.3688
      vertex -9.35212 21.3762 55.375
    endloop
  endfacet
  facet normal 0.994804 0.0995853 0.0211732
    outer loop
      vertex -9.34791 21.3355 55.3688
      vertex -8.2995 9.27299 62.8446
      vertex -8.2995 9.33384 62.5584
    endloop
  endfacet
  facet normal -0.983194 0.157752 0.0918942
    outer loop
      vertex -14.526 22.5688 55.0603
      vertex -15.9005 8.95477 63.725
      vertex -14.501 22.7944 54.9405
    endloop
  endfacet
  facet normal -0.983461 0.156889 0.0904963
    outer loop
      vertex -15.9005 8.95477 63.725
      vertex -14.526 22.5688 55.0603
      vertex -14.5585 22.3863 55.0235
    endloop
  endfacet
  facet normal 0 -0.104578 0.994517
    outer loop
      vertex -15.9005 -11.7223 65.1661
      vertex -8.2995 -12.0133 65.1355
      vertex -8.2995 -11.7223 65.1661
    endloop
  endfacet
  facet normal 0 -0.104578 0.994517
    outer loop
      vertex -8.2995 -12.0133 65.1355
      vertex -15.9005 -11.7223 65.1661
      vertex -15.9005 -12.0133 65.1355
    endloop
  endfacet
  facet normal -0.979989 -0.194944 0.0402337
    outer loop
      vertex -14.5691 -22.6341 54.7621
      vertex -15.9005 -14.273 62.8446
      vertex -14.5718 -22.6203 54.7632
    endloop
  endfacet
  facet normal -0.979644 -0.196353 0.0417483
    outer loop
      vertex -15.9005 -14.273 62.8446
      vertex -14.5691 -22.6341 54.7621
      vertex -15.9005 -14.2056 63.1616
    endloop
  endfacet
  facet normal -0.999489 -0.0211699 -0.0239578
    outer loop
      vertex -15.7265 -14.7089 54
      vertex -15.9005 -13.3748 60.0802
      vertex -15.7312 -14.487 54
    endloop
  endfacet
  facet normal -0.999483 -0.021511 -0.0238828
    outer loop
      vertex -15.9005 -13.3748 60.0802
      vertex -15.7265 -14.7089 54
      vertex -15.9005 -13.5923 60.2761
    endloop
  endfacet
  facet normal 0.988445 -0.150749 0.0158745
    outer loop
      vertex -8.2995 -14.3338 62.5584
      vertex -9.34644 -21.9631 55.2971
      vertex -9.31771 -21.7751 55.2935
    endloop
  endfacet
  facet normal 0.988914 -0.147933 0.0128482
    outer loop
      vertex -8.2995 -14.3338 62.5584
      vertex -9.34684 -21.9658 55.2968
      vertex -9.34644 -21.9631 55.2971
    endloop
  endfacet
  facet normal 0.988459 -0.150663 0.0157825
    outer loop
      vertex -9.34684 -21.9658 55.2968
      vertex -8.2995 -14.3338 62.5584
      vertex -9.36143 -22.0637 55.276
    endloop
  endfacet
  facet normal 0.99972 -0.00247387 -0.023526
    outer loop
      vertex -8.2995 -12.0133 59.3645
      vertex -8.42733 -12.7821 54.0133
      vertex -8.2995 -11.7223 59.3339
    endloop
  endfacet
  facet normal 0.99972 -0.00249243 -0.0235233
    outer loop
      vertex -8.42733 -12.7821 54.0133
      vertex -8.2995 -12.0133 59.3645
      vertex -8.42797 -13.0473 54.0142
    endloop
  endfacet
  facet normal -0 0.104617 0.994513
    outer loop
      vertex -15.9005 6.72226 65.1661
      vertex -8.2995 6.4 65.2
      vertex -8.2995 6.72226 65.1661
    endloop
  endfacet
  facet normal 0 0.104617 0.994513
    outer loop
      vertex -8.2995 6.4 65.2
      vertex -15.9005 6.72226 65.1661
      vertex -15.9005 6.4 65.2
    endloop
  endfacet
  facet normal 0 -0.669101 0.743171
    outer loop
      vertex -15.9005 -13.134 64.6366
      vertex -8.2995 -13.3748 64.4198
      vertex -8.2995 -13.134 64.6366
    endloop
  endfacet
  facet normal 0 -0.669101 0.743171
    outer loop
      vertex -8.2995 -13.3748 64.4198
      vertex -15.9005 -13.134 64.6366
      vertex -15.9005 -13.3748 64.4198
    endloop
  endfacet
  facet normal 0.998763 0.048636 -0.0103407
    outer loop
      vertex -8.2995 9.27299 61.6554
      vertex -8.48306 11.4351 54.0953
      vertex -8.2995 9.33384 61.9416
    endloop
  endfacet
  facet normal 0.998762 0.0486682 -0.0103314
    outer loop
      vertex -8.48306 11.4351 54.0953
      vertex -8.2995 9.27299 61.6554
      vertex -8.47754 11.3201 54.0872
    endloop
  endfacet
  facet normal 0.963799 0.198074 0.17849
    outer loop
      vertex -9.47186 22.2996 55.3431
      vertex -8.2995 8.59228 64.2239
      vertex -9.44329 22.1349 55.3716
    endloop
  endfacet
  facet normal 0.981435 0.156121 0.111409
    outer loop
      vertex -9.47196 22.3003 55.343
      vertex -8.2995 8.59228 64.2239
      vertex -9.47186 22.2996 55.3431
    endloop
  endfacet
  facet normal 0.963661 0.198346 0.178932
    outer loop
      vertex -8.2995 8.59228 64.2239
      vertex -9.47196 22.3003 55.343
      vertex -9.499 22.5706 55.189
    endloop
  endfacet
  facet normal 0.99966 -0.0153559 -0.0210625
    outer loop
      vertex -8.2995 -13.134 59.8634
      vertex -8.43928 -14.2336 54.0309
      vertex -8.43875 -14.198 54.0301
    endloop
  endfacet
  facet normal -0.998237 -0.0566685 -0.0176648
    outer loop
      vertex -15.6978 -15.4887 54
      vertex -15.9005 -14.2056 61.3384
      vertex -15.6991 -15.4658 54
    endloop
  endfacet
  facet normal -0.999619 -0.00288573 -0.0274428
    outer loop
      vertex -15.751 -12.7848 54
      vertex -15.9005 -12.0133 59.3645
      vertex -15.9005 -11.7223 59.3339
    endloop
  endfacet
  facet normal -0.999619 -0.00301544 -0.0274241
    outer loop
      vertex -15.9005 -12.0133 59.3645
      vertex -15.751 -12.7848 54
      vertex -15.7502 -13.05 54
    endloop
  endfacet
  facet normal -0.98037 -0.193378 0.0384611
    outer loop
      vertex -14.5718 -22.6203 54.7632
      vertex -15.9005 -14.3338 62.5584
      vertex -14.5744 -22.6069 54.7643
    endloop
  endfacet
  facet normal -0.979654 -0.196315 0.0417049
    outer loop
      vertex -15.9005 -14.3338 62.5584
      vertex -14.5718 -22.6203 54.7632
      vertex -15.9005 -14.273 62.8446
    endloop
  endfacet
  facet normal -0.971054 -0.227115 0.0739776
    outer loop
      vertex -14.53 -22.7917 54.7915
      vertex -15.9005 -14.2056 63.1616
      vertex -14.5691 -22.6341 54.7621
    endloop
  endfacet
  facet normal -0.975193 -0.213311 0.0591397
    outer loop
      vertex -14.5296 -22.794 54.7898
      vertex -15.9005 -14.2056 63.1616
      vertex -14.53 -22.7917 54.7915
    endloop
  endfacet
  facet normal -0.971427 -0.225928 0.0727002
    outer loop
      vertex -15.9005 -14.2056 63.1616
      vertex -14.5296 -22.794 54.7898
      vertex -14.501 -22.9617 54.6508
    endloop
  endfacet
  facet normal -0.955572 -0.269269 0.119898
    outer loop
      vertex -15.9005 -14.0738 63.4576
      vertex -15.9005 -14.2056 63.1616
      vertex -14.501 -22.9617 54.6508
    endloop
  endfacet
  facet normal 0 -0.669248 0.743039
    outer loop
      vertex -15.9005 -13.3748 64.4198
      vertex -8.2995 -13.5923 64.2239
      vertex -8.2995 -13.3748 64.4198
    endloop
  endfacet
  facet normal 0 -0.669248 0.743039
    outer loop
      vertex -8.2995 -13.5923 64.2239
      vertex -15.9005 -13.3748 64.4198
      vertex -15.9005 -13.5923 64.2239
    endloop
  endfacet
  facet normal 0.99962 -0.0184383 -0.0204795
    outer loop
      vertex -8.44369 -14.4802 54.0374
      vertex -8.2995 -13.134 59.8634
      vertex -8.2995 -13.3748 60.0802
    endloop
  endfacet
  facet normal 0.999621 -0.0184164 -0.0204846
    outer loop
      vertex -8.2995 -13.134 59.8634
      vertex -8.44369 -14.4802 54.0374
      vertex -8.43928 -14.2336 54.0309
    endloop
  endfacet
  facet normal -0.515652 0.503609 0.693167
    outer loop
      vertex -14.501 22.5706 55.189
      vertex -15.9005 8.13397 64.6366
      vertex -14.501 22.3 55.3856
    endloop
  endfacet
  facet normal 0.981272 0.15639 0.112463
    outer loop
      vertex -8.2995 8.59228 64.2239
      vertex -9.44118 22.119 55.3753
      vertex -9.44329 22.1349 55.3716
    endloop
  endfacet
  facet normal 0.980794 0.157785 0.114657
    outer loop
      vertex -9.44118 22.119 55.3753
      vertex -8.2995 8.59228 64.2239
      vertex -8.2995 8.78274 63.9618
    endloop
  endfacet
  facet normal -0.999622 -0.00546241 -0.0269513
    outer loop
      vertex -15.75 -13.0866 54
      vertex -15.9005 -12.0133 59.3645
      vertex -15.7502 -13.05 54
    endloop
  endfacet
  facet normal -0.992947 0.115971 0.0246569
    outer loop
      vertex -15.9005 9.27299 62.8446
      vertex -14.6074 22.0214 54.9579
      vertex -15.9005 9.33384 62.5584
    endloop
  endfacet
  facet normal -0.992697 0.117524 0.0272093
    outer loop
      vertex -14.6074 22.0214 54.9579
      vertex -15.9005 9.27299 62.8446
      vertex -14.6045 22.0449 54.9622
    endloop
  endfacet
  facet normal 0 -0.499856 0.866109
    outer loop
      vertex -15.9005 -12.8533 64.7986
      vertex -8.2995 -13.134 64.6366
      vertex -8.2995 -12.8533 64.7986
    endloop
  endfacet
  facet normal 0 -0.499856 0.866109
    outer loop
      vertex -8.2995 -13.134 64.6366
      vertex -15.9005 -12.8533 64.7986
      vertex -15.9005 -13.134 64.6366
    endloop
  endfacet
  facet normal 0.999572 0.023652 -0.0171872
    outer loop
      vertex -8.2995 8.59228 60.2761
      vertex -8.45363 10.5832 54.052
      vertex -8.2995 8.78274 60.5382
    endloop
  endfacet
  facet normal 0.999573 0.023633 -0.0171933
    outer loop
      vertex -8.45363 10.5832 54.052
      vertex -8.2995 8.59228 60.2761
      vertex -8.44836 10.3547 54.0443
    endloop
  endfacet
  facet normal 0.999673 0.0171228 -0.0190183
    outer loop
      vertex -8.2995 8.13397 59.8634
      vertex -8.44369 10.0812 54.0374
      vertex -8.2995 8.37477 60.0802
    endloop
  endfacet
  facet normal 0.999673 0.0171053 -0.0190242
    outer loop
      vertex -8.44369 10.0812 54.0374
      vertex -8.2995 8.13397 59.8634
      vertex -8.43928 9.81624 54.0309
    endloop
  endfacet
  facet normal -0.999607 0 -0.0280456
    outer loop
      vertex -15.7518 -12.4907 54
      vertex -15.9005 6.4 59.3
      vertex -15.7518 8.02186 54
    endloop
  endfacet
  facet normal -0.999607 -0 -0.0280456
    outer loop
      vertex -15.9005 6.4 59.3
      vertex -15.7518 -12.4907 54
      vertex -15.9005 -11.4 59.3
    endloop
  endfacet
  facet normal -0.989 0.136222 0.0576492
    outer loop
      vertex -15.9005 9.07382 63.4576
      vertex -14.5585 22.3863 55.0235
      vertex -14.5602 22.374 55.0234
    endloop
  endfacet
  facet normal -0.988393 0.138783 0.0617882
    outer loop
      vertex -14.5585 22.3863 55.0235
      vertex -15.9005 9.07382 63.4576
      vertex -15.9005 8.95477 63.725
    endloop
  endfacet
  facet normal -0.988392 0.138788 0.0617981
    outer loop
      vertex -15.9005 9.07382 63.4576
      vertex -14.5623 22.3595 55.0233
      vertex -15.9005 9.20562 63.1616
    endloop
  endfacet
  facet normal -0.987459 0.142543 0.0678618
    outer loop
      vertex -14.5623 22.3595 55.0233
      vertex -15.9005 9.07382 63.4576
      vertex -14.5602 22.374 55.0234
    endloop
  endfacet
  facet normal 0.999485 0.0277907 -0.0160565
    outer loop
      vertex -8.45835 10.7875 54.059
      vertex -8.45923 10.8199 54.0603
      vertex -8.2995 8.95477 60.775
    endloop
  endfacet
  facet normal 0.999718 -0.00732931 -0.0225717
    outer loop
      vertex -8.2995 -12.2917 59.4549
      vertex -8.42814 -13.0837 54.0145
      vertex -8.2995 -12.0133 59.3645
    endloop
  endfacet
  facet normal 0.999718 -0.00732052 -0.022573
    outer loop
      vertex -8.42814 -13.0837 54.0145
      vertex -8.2995 -12.2917 59.4549
      vertex -8.43001 -13.3474 54.0172
    endloop
  endfacet
  facet normal 0.966816 -0.233405 0.103871
    outer loop
      vertex -9.42995 -22.4432 55.1731
      vertex -8.2995 -14.0738 63.4576
      vertex -8.2995 -13.9548 63.725
    endloop
  endfacet
  facet normal 0.96661 -0.233983 0.104483
    outer loop
      vertex -8.2995 -14.0738 63.4576
      vertex -9.42995 -22.4432 55.1731
      vertex -9.427 -22.4282 55.1794
    endloop
  endfacet
  facet normal 0.998758 -0.0473992 -0.0153558
    outer loop
      vertex -8.2995 -14.2056 61.3384
      vertex -8.47137 -15.475 54.0781
      vertex -8.47033 -15.4526 54.0766
    endloop
  endfacet
  facet normal 0.999689 -0.0124609 -0.0215913
    outer loop
      vertex -8.43875 -14.198 54.0301
      vertex -8.2995 -12.8533 59.7014
      vertex -8.2995 -13.134 59.8634
    endloop
  endfacet
  facet normal 0.999689 -0.0124581 -0.0215919
    outer loop
      vertex -8.2995 -12.8533 59.7014
      vertex -8.43875 -14.198 54.0301
      vertex -8.43544 -13.9239 54.0252
    endloop
  endfacet
  facet normal 0.994805 0.0995723 0.0211518
    outer loop
      vertex -8.2995 9.20562 63.1616
      vertex -9.35212 21.3762 55.375
      vertex -9.35651 21.4187 55.3814
    endloop
  endfacet
  facet normal 0.994805 0.0995794 0.021163
    outer loop
      vertex -9.35212 21.3762 55.375
      vertex -8.2995 9.20562 63.1616
      vertex -8.2995 9.27299 62.8446
    endloop
  endfacet
  facet normal -0.999623 0.0130363 -0.0241809
    outer loop
      vertex -15.7453 9.19667 54
      vertex -15.9005 7.59987 59.555
      vertex -15.7448 9.23501 54
    endloop
  endfacet
  facet normal 0.999672 0.0171277 -0.0190171
    outer loop
      vertex -8.2995 8.37477 60.0802
      vertex -8.44765 10.3187 54.0432
      vertex -8.2995 8.59228 60.2761
    endloop
  endfacet
  facet normal 0.999672 0.0171326 -0.0190156
    outer loop
      vertex -8.44765 10.3187 54.0432
      vertex -8.2995 8.37477 60.0802
      vertex -8.44369 10.0812 54.0374
    endloop
  endfacet
  facet normal -0 0.546777 0.837278
    outer loop
      vertex -14.501 22.3 55.3856
      vertex -8.2995 8.13397 64.6366
      vertex -9.499 22.3 55.3856
    endloop
  endfacet
  facet normal 0 0.546777 0.837278
    outer loop
      vertex -8.2995 8.13397 64.6366
      vertex -14.501 22.3 55.3856
      vertex -15.9005 8.13397 64.6366
    endloop
  endfacet
  facet normal 0.995637 0.0928004 0.00972551
    outer loop
      vertex -9.31413 20.9783 55.319
      vertex -9.34791 21.3355 55.3688
      vertex -8.2995 9.33384 62.5584
    endloop
  endfacet
  facet normal 0.938715 -0.298563 0.17226
    outer loop
      vertex -8.2995 -13.9548 63.725
      vertex -9.46307 -22.5707 55.1326
      vertex -9.42995 -22.4432 55.1731
    endloop
  endfacet
  facet normal 0.842052 -0.433636 0.320792
    outer loop
      vertex -8.2995 -13.9548 63.725
      vertex -9.46324 -22.5714 55.1321
      vertex -9.46307 -22.5707 55.1326
    endloop
  endfacet
  facet normal 0.938814 -0.298372 0.172051
    outer loop
      vertex -9.46324 -22.5714 55.1321
      vertex -8.2995 -13.9548 63.725
      vertex -9.499 -22.7944 54.9405
    endloop
  endfacet
  facet normal -0 0.500151 0.865938
    outer loop
      vertex -15.9005 7.85334 64.7986
      vertex -8.2995 7.59987 64.945
      vertex -8.2995 7.85334 64.7986
    endloop
  endfacet
  facet normal 0 0.500151 0.865938
    outer loop
      vertex -8.2995 7.59987 64.945
      vertex -15.9005 7.85334 64.7986
      vertex -15.9005 7.59987 64.945
    endloop
  endfacet
  facet normal -0 0.308889 0.951098
    outer loop
      vertex -15.9005 7.29169 65.0451
      vertex -8.2995 7.01334 65.1355
      vertex -8.2995 7.29169 65.0451
    endloop
  endfacet
  facet normal 0 0.308889 0.951098
    outer loop
      vertex -8.2995 7.01334 65.1355
      vertex -15.9005 7.29169 65.0451
      vertex -15.9005 7.01334 65.1355
    endloop
  endfacet
  facet normal 0.999726 0.00243574 -0.0232898
    outer loop
      vertex -8.2995 6.72226 59.3339
      vertex -8.42663 8.0181 54.0123
      vertex -8.42733 8.31497 54.0133
    endloop
  endfacet
  facet normal 0.999726 0.0024496 -0.0232864
    outer loop
      vertex -8.42663 8.0181 54.0123
      vertex -8.2995 6.72226 59.3339
      vertex -8.2995 6.4 59.3
    endloop
  endfacet
  facet normal 0.998055 -0.0609764 -0.0129647
    outer loop
      vertex -8.47754 -15.578 54.0872
      vertex -8.2995 -14.2056 61.3384
      vertex -8.2995 -14.273 61.6554
    endloop
  endfacet
  facet normal 0.998058 -0.0609327 -0.012973
    outer loop
      vertex -8.2995 -14.2056 61.3384
      vertex -8.47754 -15.578 54.0872
      vertex -8.47137 -15.475 54.0781
    endloop
  endfacet
  facet normal -0.883627 0.313329 0.347892
    outer loop
      vertex -15.9005 8.59228 64.2239
      vertex -15.9005 8.37477 64.4198
      vertex -14.501 22.5706 55.189
    endloop
  endfacet
  facet normal -0.992947 0.115968 0.0246459
    outer loop
      vertex -15.9005 9.20562 63.1616
      vertex -14.6045 22.0449 54.9622
      vertex -15.9005 9.27299 62.8446
    endloop
  endfacet
  facet normal -0.992942 0.116001 0.0246983
    outer loop
      vertex -14.6045 22.0449 54.9622
      vertex -15.9005 9.20562 63.1616
      vertex -14.6015 22.0696 54.9668
    endloop
  endfacet
  facet normal -0.99964 0.00799232 -0.0256313
    outer loop
      vertex -15.7477 8.89649 54
      vertex -15.9005 7.59987 59.555
      vertex -15.7453 9.19667 54
    endloop
  endfacet
  facet normal -0.999639 0.00830184 -0.025559
    outer loop
      vertex -15.9005 7.59987 59.555
      vertex -15.7477 8.89649 54
      vertex -15.9005 7.29169 59.4549
    endloop
  endfacet
  facet normal -0.974123 0.18284 0.132864
    outer loop
      vertex -15.9005 8.78274 63.9618
      vertex -15.9005 8.59228 64.2239
      vertex -14.501 22.7944 54.9405
    endloop
  endfacet
  facet normal -0.998291 0.057216 -0.0119214
    outer loop
      vertex -15.9005 9.27299 61.6554
      vertex -15.6837 11.4606 54
      vertex -15.6904 11.3437 54
    endloop
  endfacet
  facet normal -0.998317 0.0567289 -0.0120613
    outer loop
      vertex -15.6837 11.4606 54
      vertex -15.9005 9.27299 61.6554
      vertex -15.9005 9.33384 61.9416
    endloop
  endfacet
  facet normal -0.99877 0.0473869 -0.0146267
    outer loop
      vertex -15.6991 11.1854 54
      vertex -15.9005 9.20562 61.3384
      vertex -15.6978 11.2128 54
    endloop
  endfacet
  facet normal -0.991363 0.125138 0.0392481
    outer loop
      vertex -14.57 22.2969 55.0284
      vertex -15.9005 9.20562 63.1616
      vertex -14.5623 22.3595 55.0233
    endloop
  endfacet
  facet normal -0.989142 0.135652 0.0565344
    outer loop
      vertex -14.5708 22.2914 55.0276
      vertex -15.9005 9.20562 63.1616
      vertex -14.57 22.2969 55.0284
    endloop
  endfacet
  facet normal -0.99119 0.126031 0.0407214
    outer loop
      vertex -15.9005 9.20562 63.1616
      vertex -14.5708 22.2914 55.0276
      vertex -14.6015 22.0696 54.9668
    endloop
  endfacet
  facet normal -0.997349 0.0723465 -0.00785251
    outer loop
      vertex -15.6837 11.4606 54
      vertex -15.9005 9.33384 61.9416
      vertex -15.6823 11.4799 54
    endloop
  endfacet
  facet normal -0.99488 0.101059 0.000297236
    outer loop
      vertex -14.867 19.5 54
      vertex -14.7221 20.9249 54.5353
      vertex -14.8401 19.7649 53.9722
    endloop
  endfacet
  facet normal -0.99487 0.10116 2.6266e-05
    outer loop
      vertex -15.9005 9.33384 61.9416
      vertex -14.7221 20.9249 54.5353
      vertex -14.867 19.5 54
    endloop
  endfacet
  facet normal -0.995089 0.0989226 -0.00350983
    outer loop
      vertex -14.7221 20.9249 54.5353
      vertex -15.9005 9.33384 61.9416
      vertex -14.7202 20.9443 54.5434
    endloop
  endfacet
  facet normal -0.994873 0.101136 -4.73444e-06
    outer loop
      vertex -15.9005 9.33384 61.9416
      vertex -14.867 19.5 54
      vertex -15.6823 11.4799 54
    endloop
  endfacet
  facet normal -0.994872 0.101137 0
    outer loop
      vertex -15.9005 9.33384 62.5584
      vertex -14.7202 20.9443 54.5434
      vertex -15.9005 9.33384 61.9416
    endloop
  endfacet
  facet normal -0.994868 0.101186 7.17391e-05
    outer loop
      vertex -14.7202 20.9443 54.5434
      vertex -15.9005 9.33384 62.5584
      vertex -14.6476 21.6579 54.8359
    endloop
  endfacet
  facet normal -0.99487 0.101163 3.38778e-05
    outer loop
      vertex -14.6476 21.6579 54.8359
      vertex -15.9005 9.33384 62.5584
      vertex -14.641 21.7228 54.8562
    endloop
  endfacet
  facet normal 0.9997 0.0144473 -0.0197915
    outer loop
      vertex -8.43875 9.77847 54.0301
      vertex -8.43928 9.81624 54.0309
      vertex -8.2995 8.13397 59.8634
    endloop
  endfacet
  facet normal -0.999619 -0.00288741 -0.0274517
    outer loop
      vertex -15.7518 -12.4907 54
      vertex -15.9005 -11.7223 59.3339
      vertex -15.9005 -11.4 59.3
    endloop
  endfacet
  facet normal -0.999619 -0.00271913 -0.0274759
    outer loop
      vertex -15.9005 -11.7223 59.3339
      vertex -15.7518 -12.4907 54
      vertex -15.751 -12.7848 54
    endloop
  endfacet
  facet normal 0.999735 0.00710524 -0.0219043
    outer loop
      vertex -8.2995 7.29169 59.4549
      vertex -8.42814 8.61997 54.0145
      vertex -8.43001 8.89141 54.0172
    endloop
  endfacet
  facet normal 0.999735 0.00711325 -0.0219023
    outer loop
      vertex -8.42814 8.61997 54.0145
      vertex -8.2995 7.29169 59.4549
      vertex -8.2995 7.01334 59.3645
    endloop
  endfacet
  facet normal 0.999733 0.00475102 -0.0226117
    outer loop
      vertex -8.42797 8.58277 54.0142
      vertex -8.42814 8.61997 54.0145
      vertex -8.2995 7.01334 59.3645
    endloop
  endfacet
  facet normal 0.999474 -0.0262442 -0.0190648
    outer loop
      vertex -8.45363 -14.9407 54.052
      vertex -8.2995 -13.5923 60.2761
      vertex -8.2995 -13.7827 60.5382
    endloop
  endfacet
  facet normal 0.999474 -0.0262309 -0.0190677
    outer loop
      vertex -8.2995 -13.5923 60.2761
      vertex -8.45363 -14.9407 54.052
      vertex -8.44836 -14.7343 54.0443
    endloop
  endfacet
  facet normal 0.999352 0.0328812 -0.0146391
    outer loop
      vertex -8.2995 8.95477 60.775
      vertex -8.46453 10.9845 54.0681
      vertex -8.2995 9.07382 61.0424
    endloop
  endfacet
  facet normal 0.999352 0.0328723 -0.0146418
    outer loop
      vertex -8.46453 10.9845 54.0681
      vertex -8.2995 8.95477 60.775
      vertex -8.45923 10.8199 54.0603
    endloop
  endfacet
  facet normal 0.999726 0.00246743 -0.0232814
    outer loop
      vertex -8.2995 7.01334 59.3645
      vertex -8.42733 8.31497 54.0133
      vertex -8.42797 8.58277 54.0142
    endloop
  endfacet
  facet normal 0.999726 0.00244797 -0.0232861
    outer loop
      vertex -8.42733 8.31497 54.0133
      vertex -8.2995 7.01334 59.3645
      vertex -8.2995 6.72226 59.3339
    endloop
  endfacet
  facet normal 0.966783 -0.233496 0.103969
    outer loop
      vertex -8.2995 -14.0738 63.4576
      vertex -9.42342 -22.41 55.187
      vertex -8.2995 -14.2056 63.1616
    endloop
  endfacet
  facet normal 0.966733 -0.233637 0.104118
    outer loop
      vertex -9.42342 -22.41 55.187
      vertex -8.2995 -14.0738 63.4576
      vertex -9.427 -22.4282 55.1794
    endloop
  endfacet
  facet normal 0.978522 -0.196033 0.0637683
    outer loop
      vertex -8.2995 -14.2056 63.1616
      vertex -9.40108 -22.2807 55.2413
      vertex -9.37255 -22.1311 55.2634
    endloop
  endfacet
  facet normal 0.978783 -0.195059 0.0627389
    outer loop
      vertex -8.2995 -14.2056 63.1616
      vertex -9.40443 -22.2987 55.2376
      vertex -9.40108 -22.2807 55.2413
    endloop
  endfacet
  facet normal 0.978247 -0.197047 0.0648444
    outer loop
      vertex -8.2995 -14.2056 63.1616
      vertex -9.40484 -22.3009 55.2371
      vertex -9.40443 -22.2987 55.2376
    endloop
  endfacet
  facet normal 0.978572 -0.195847 0.0635727
    outer loop
      vertex -9.40484 -22.3009 55.2371
      vertex -8.2995 -14.2056 63.1616
      vertex -9.42342 -22.41 55.187
    endloop
  endfacet
  facet normal -0 0.308923 0.951087
    outer loop
      vertex -15.9005 7.59987 64.945
      vertex -8.2995 7.29169 65.0451
      vertex -8.2995 7.59987 64.945
    endloop
  endfacet
  facet normal 0 0.308923 0.951087
    outer loop
      vertex -8.2995 7.29169 65.0451
      vertex -15.9005 7.59987 64.945
      vertex -15.9005 7.29169 65.0451
    endloop
  endfacet
  facet normal 0.980286 0.159234 0.116975
    outer loop
      vertex -8.2995 8.78274 63.9618
      vertex -9.43912 22.1036 55.379
      vertex -9.44118 22.119 55.3753
    endloop
  endfacet
  facet normal 0.980807 0.157748 0.114601
    outer loop
      vertex -9.43912 22.1036 55.379
      vertex -8.2995 8.78274 63.9618
      vertex -8.2995 8.95477 63.725
    endloop
  endfacet
  facet normal 0.998053 -0.0610074 -0.0129603
    outer loop
      vertex -8.48306 -15.6699 54.0953
      vertex -8.2995 -14.273 61.6554
      vertex -8.2995 -14.3338 61.9416
    endloop
  endfacet
  facet normal 0.998048 -0.061089 -0.0129451
    outer loop
      vertex -8.2995 -14.273 61.6554
      vertex -8.48306 -15.6699 54.0953
      vertex -8.47754 -15.578 54.0872
    endloop
  endfacet
  facet normal 0.910508 0.276721 0.307247
    outer loop
      vertex -8.2995 8.59228 64.2239
      vertex -9.499 22.5706 55.189
      vertex -8.2995 8.37477 64.4198
    endloop
  endfacet
  facet normal -0.999558 0.0196648 -0.0222789
    outer loop
      vertex -15.9005 8.37477 60.0802
      vertex -15.7265 10.3307 54
      vertex -15.7312 10.0918 54
    endloop
  endfacet
  facet normal -0.999554 0.0199754 -0.0221789
    outer loop
      vertex -15.7265 10.3307 54
      vertex -15.9005 8.37477 60.0802
      vertex -15.9005 8.59228 60.2761
    endloop
  endfacet
  facet normal -0.999551 0.0202422 -0.0221021
    outer loop
      vertex -15.9005 8.13397 59.8634
      vertex -15.7312 10.0918 54
      vertex -15.7366 9.82515 54
    endloop
  endfacet
  facet normal -0.999554 0.0199785 -0.0221902
    outer loop
      vertex -15.7312 10.0918 54
      vertex -15.9005 8.13397 59.8634
      vertex -15.9005 8.37477 60.0802
    endloop
  endfacet
  facet normal -0.999627 0.00298407 -0.0271317
    outer loop
      vertex -15.751 8.31895 54
      vertex -15.9005 7.01334 59.3645
      vertex -15.7502 8.58694 54
    endloop
  endfacet
  facet normal -0.999627 0.00285553 -0.027163
    outer loop
      vertex -15.9005 7.01334 59.3645
      vertex -15.751 8.31895 54
      vertex -15.9005 6.72226 59.3339
    endloop
  endfacet
  facet normal -0.999116 0.0384275 -0.0170503
    outer loop
      vertex -15.9005 8.95477 60.775
      vertex -15.7061 11.0031 54
      vertex -15.7125 10.8367 54
    endloop
  endfacet
  facet normal -0.999118 0.0383499 -0.0170739
    outer loop
      vertex -15.7061 11.0031 54
      vertex -15.9005 8.95477 60.775
      vertex -15.9005 9.07382 61.0424
    endloop
  endfacet
  facet normal -0.999478 -0.021798 -0.023829
    outer loop
      vertex -15.7312 -14.487 54
      vertex -15.9005 -13.134 59.8634
      vertex -15.7366 -14.2394 54
    endloop
  endfacet
  facet normal -0.999483 -0.0215133 -0.0238948
    outer loop
      vertex -15.9005 -13.134 59.8634
      vertex -15.7312 -14.487 54
      vertex -15.9005 -13.3748 60.0802
    endloop
  endfacet
  facet normal -0.999553 -0.0167056 -0.0247911
    outer loop
      vertex -15.7366 -14.2394 54
      vertex -15.9005 -13.134 59.8634
      vertex -15.7372 -14.2035 54
    endloop
  endfacet
  facet normal -0.994135 0.107631 0.0105331
    outer loop
      vertex -14.6115 21.984 54.9531
      vertex -15.9005 9.33384 62.5584
      vertex -14.6074 22.0214 54.9579
    endloop
  endfacet
  facet normal -0.994078 0.108082 0.0112931
    outer loop
      vertex -15.9005 9.33384 62.5584
      vertex -14.6115 21.984 54.9531
      vertex -14.641 21.7228 54.8562
    endloop
  endfacet
  facet normal -0.999626 0.00269178 -0.027212
    outer loop
      vertex -15.7518 8.02186 54
      vertex -15.9005 6.72226 59.3339
      vertex -15.751 8.31895 54
    endloop
  endfacet
  facet normal -0.999627 0.00285829 -0.0271715
    outer loop
      vertex -15.9005 6.72226 59.3339
      vertex -15.7518 8.02186 54
      vertex -15.9005 6.4 59.3
    endloop
  endfacet
  facet normal 0.999735 0.00713799 -0.0218961
    outer loop
      vertex -8.2995 7.59987 59.555
      vertex -8.43001 8.89141 54.0172
      vertex -8.43208 9.19084 54.0203
    endloop
  endfacet
  facet normal 0.999735 0.00711391 -0.0219017
    outer loop
      vertex -8.43001 8.89141 54.0172
      vertex -8.2995 7.59987 59.555
      vertex -8.2995 7.29169 59.4549
    endloop
  endfacet
  facet normal 0.984924 -0.169204 0.0359758
    outer loop
      vertex -8.2995 -14.2056 63.1616
      vertex -9.36695 -22.0971 55.2698
      vertex -8.2995 -14.273 62.8446
    endloop
  endfacet
  facet normal 0.984976 -0.168955 0.0357202
    outer loop
      vertex -9.36695 -22.0971 55.2698
      vertex -8.2995 -14.2056 63.1616
      vertex -9.37255 -22.1311 55.2634
    endloop
  endfacet
  facet normal -0.999636 0.00534851 -0.0264384
    outer loop
      vertex -15.7502 8.58694 54
      vertex -15.9005 7.01334 59.3645
      vertex -15.75 8.62432 54
    endloop
  endfacet
  facet normal -0.999414 0.0277736 -0.0199963
    outer loop
      vertex -15.9005 8.59228 60.2761
      vertex -15.7192 10.5976 54
      vertex -15.7256 10.3673 54
    endloop
  endfacet
  facet normal -0.999418 0.027596 -0.0200532
    outer loop
      vertex -15.7192 10.5976 54
      vertex -15.9005 8.59228 60.2761
      vertex -15.9005 8.78274 60.5382
    endloop
  endfacet
  facet normal -0.999279 -0.0308063 -0.0222023
    outer loop
      vertex -15.7192 -14.95 54
      vertex -15.9005 -13.5923 60.2761
      vertex -15.7256 -14.7424 54
    endloop
  endfacet
  facet normal -0.999284 -0.030619 -0.0222429
    outer loop
      vertex -15.9005 -13.5923 60.2761
      vertex -15.7192 -14.95 54
      vertex -15.9005 -13.7827 60.5382
    endloop
  endfacet
  facet normal -0.999376 -0.0268489 -0.0229302
    outer loop
      vertex -15.7256 -14.7424 54
      vertex -15.9005 -13.5923 60.2761
      vertex -15.7265 -14.7089 54
    endloop
  endfacet
  facet normal -0.999577 -0.0145446 -0.0251855
    outer loop
      vertex -15.7372 -14.2035 54
      vertex -15.9005 -12.8533 59.7014
      vertex -15.7412 -13.9286 54
    endloop
  endfacet
  facet normal -0.999577 -0.0145364 -0.0251875
    outer loop
      vertex -15.9005 -12.8533 59.7014
      vertex -15.7372 -14.2035 54
      vertex -15.9005 -13.134 59.8634
    endloop
  endfacet
  facet normal -0.998813 -0.0445153 -0.0197651
    outer loop
      vertex -15.7061 -15.3085 54
      vertex -15.9005 -13.9548 60.775
      vertex -15.7125 -15.1649 54
    endloop
  endfacet
  facet normal -0.998816 -0.0444451 -0.0197793
    outer loop
      vertex -15.9005 -13.9548 60.775
      vertex -15.7061 -15.3085 54
      vertex -15.9005 -14.0738 61.0424
    endloop
  endfacet
  facet normal -0.999603 0.0157006 -0.0234134
    outer loop
      vertex -15.7372 9.78695 54
      vertex -15.9005 8.13397 59.8634
      vertex -15.7366 9.82515 54
    endloop
  endfacet
  facet normal -0.999619 0.0136939 -0.0239801
    outer loop
      vertex -15.7448 9.23501 54
      vertex -15.9005 7.85334 59.7014
      vertex -15.7412 9.4978 54
    endloop
  endfacet
  facet normal -0.999618 0.0138313 -0.0239468
    outer loop
      vertex -15.9005 7.85334 59.7014
      vertex -15.7448 9.23501 54
      vertex -15.9005 7.59987 59.555
    endloop
  endfacet
  facet normal -0.997378 -0.0707631 -0.0151766
    outer loop
      vertex -15.6904 -15.593 54
      vertex -15.9005 -14.2056 61.3384
      vertex -15.6978 -15.4887 54
    endloop
  endfacet
  facet normal -0.997356 -0.071088 -0.0151146
    outer loop
      vertex -15.9005 -14.2056 61.3384
      vertex -15.6904 -15.593 54
      vertex -15.9005 -14.273 61.6554
    endloop
  endfacet
  facet normal -0.997314 -0.0716953 -0.0150087
    outer loop
      vertex -15.6837 -15.6862 54
      vertex -15.9005 -14.273 61.6554
      vertex -15.6904 -15.593 54
    endloop
  endfacet
  facet normal -0.997352 -0.0711385 -0.0151126
    outer loop
      vertex -15.9005 -14.273 61.6554
      vertex -15.6837 -15.6862 54
      vertex -15.9005 -14.3338 61.9416
    endloop
  endfacet
  facet normal -0.999184 -0.0341018 -0.0216354
    outer loop
      vertex -15.7125 -15.1649 54
      vertex -15.9005 -13.9548 60.775
      vertex -15.7135 -15.1356 54
    endloop
  endfacet
  facet normal -1 0 0
    outer loop
      vertex -15.9005 7.94151 62.088
      vertex -15.9005 9.33384 61.9416
      vertex -15.9005 9.27299 61.6554
    endloop
  endfacet
  facet normal -1 0 0
    outer loop
      vertex -15.9005 9.33384 61.9416
      vertex -15.9005 7.94151 62.088
      vertex -15.9005 9.33384 62.5584
    endloop
  endfacet
  facet normal -1 0 0
    outer loop
      vertex -15.9005 7.87414 61.771
      vertex -15.9005 9.27299 61.6554
      vertex -15.9005 9.20562 61.3384
    endloop
  endfacet
  facet normal -1 0 0
    outer loop
      vertex -15.9005 7.94151 62.412
      vertex -15.9005 9.33384 62.5584
      vertex -15.9005 7.94151 62.088
    endloop
  endfacet
  facet normal -1 0 0
    outer loop
      vertex -15.9005 7.87414 61.771
      vertex -15.9005 9.20562 61.3384
      vertex -15.9005 9.07382 61.0424
    endloop
  endfacet
  facet normal -1 -0 0
    outer loop
      vertex -15.9005 9.33384 62.5584
      vertex -15.9005 7.94151 62.412
      vertex -15.9005 9.27299 62.8446
    endloop
  endfacet
  facet normal -1 0 0
    outer loop
      vertex -15.9005 7.74234 61.475
      vertex -15.9005 9.07382 61.0424
      vertex -15.9005 8.95477 60.775
    endloop
  endfacet
  facet normal -1 0 0
    outer loop
      vertex -15.9005 7.87414 62.729
      vertex -15.9005 9.27299 62.8446
      vertex -15.9005 7.94151 62.412
    endloop
  endfacet
  facet normal -1 0 0
    outer loop
      vertex -15.9005 7.74234 61.475
      vertex -15.9005 8.95477 60.775
      vertex -15.9005 8.78274 60.5382
    endloop
  endfacet
  facet normal -1 -0 0
    outer loop
      vertex -15.9005 9.27299 62.8446
      vertex -15.9005 7.87414 62.729
      vertex -15.9005 9.20562 63.1616
    endloop
  endfacet
  facet normal -1 0 0
    outer loop
      vertex -15.9005 7.55187 61.2128
      vertex -15.9005 8.78274 60.5382
      vertex -15.9005 8.59228 60.2761
    endloop
  endfacet
  facet normal -1 -0 0
    outer loop
      vertex -15.9005 9.20562 63.1616
      vertex -15.9005 7.87414 62.729
      vertex -15.9005 9.07382 63.4576
    endloop
  endfacet
  facet normal -1 0 0
    outer loop
      vertex -15.9005 7.55187 61.2128
      vertex -15.9005 8.59228 60.2761
      vertex -15.9005 8.37477 60.0802
    endloop
  endfacet
  facet normal -1 0 0
    outer loop
      vertex -15.9005 7.74234 63.025
      vertex -15.9005 9.07382 63.4576
      vertex -15.9005 7.87414 62.729
    endloop
  endfacet
  facet normal -1 0 0
    outer loop
      vertex -15.9005 7.31107 60.996
      vertex -15.9005 8.37477 60.0802
      vertex -15.9005 8.13397 59.8634
    endloop
  endfacet
  facet normal -1 -0 0
    outer loop
      vertex -15.9005 9.07382 63.4576
      vertex -15.9005 7.74234 63.025
      vertex -15.9005 8.95477 63.725
    endloop
  endfacet
  facet normal -1 -0 0
    outer loop
      vertex -15.9005 8.95477 63.725
      vertex -15.9005 7.74234 63.025
      vertex -15.9005 8.78274 63.9618
    endloop
  endfacet
  facet normal -1 0 0
    outer loop
      vertex -15.9005 9.27299 61.6554
      vertex -15.9005 7.87414 61.771
      vertex -15.9005 7.94151 62.088
    endloop
  endfacet
  facet normal -1 0 0
    outer loop
      vertex -15.9005 7.31107 60.996
      vertex -15.9005 8.13397 59.8634
      vertex -15.9005 7.85334 59.7014
    endloop
  endfacet
  facet normal -1 0 0
    outer loop
      vertex -15.9005 9.07382 61.0424
      vertex -15.9005 7.74234 61.475
      vertex -15.9005 7.87414 61.771
    endloop
  endfacet
  facet normal -1 0 0
    outer loop
      vertex -15.9005 7.03044 60.834
      vertex -15.9005 7.85334 59.7014
      vertex -15.9005 7.59987 59.555
    endloop
  endfacet
  facet normal -1 0 0
    outer loop
      vertex -15.9005 8.78274 60.5382
      vertex -15.9005 7.55187 61.2128
      vertex -15.9005 7.74234 61.475
    endloop
  endfacet
  facet normal -1 0 0
    outer loop
      vertex -15.9005 8.37477 60.0802
      vertex -15.9005 7.31107 60.996
      vertex -15.9005 7.55187 61.2128
    endloop
  endfacet
  facet normal -1 0 0
    outer loop
      vertex -15.9005 7.03044 60.834
      vertex -15.9005 7.59987 59.555
      vertex -15.9005 7.29169 59.4549
    endloop
  endfacet
  facet normal -1 0 0
    outer loop
      vertex -15.9005 7.85334 59.7014
      vertex -15.9005 7.03044 60.834
      vertex -15.9005 7.31107 60.996
    endloop
  endfacet
  facet normal -1 0 0
    outer loop
      vertex -15.9005 6.72226 60.7339
      vertex -15.9005 7.29169 59.4549
      vertex -15.9005 7.01334 59.3645
    endloop
  endfacet
  facet normal -1 0 0
    outer loop
      vertex -15.9005 6.72226 60.7339
      vertex -15.9005 7.01334 59.3645
      vertex -15.9005 6.72226 59.3339
    endloop
  endfacet
  facet normal -1 0 0
    outer loop
      vertex -15.9005 7.29169 59.4549
      vertex -15.9005 6.72226 60.7339
      vertex -15.9005 7.03044 60.834
    endloop
  endfacet
  facet normal -1 0 0
    outer loop
      vertex -15.9005 6.4 60.7
      vertex -15.9005 6.72226 59.3339
      vertex -15.9005 6.4 59.3
    endloop
  endfacet
  facet normal -1 0 0
    outer loop
      vertex -15.9005 6.72226 59.3339
      vertex -15.9005 6.4 60.7
      vertex -15.9005 6.72226 60.7339
    endloop
  endfacet
  facet normal -1 0 0
    outer loop
      vertex -15.9005 6.4 59.3
      vertex -15.9005 0.6 60.7
      vertex -15.9005 6.4 60.7
    endloop
  endfacet
  facet normal -1 0 0
    outer loop
      vertex -15.9005 6.4 59.3
      vertex -15.9005 0.277738 60.7339
      vertex -15.9005 0.6 60.7
    endloop
  endfacet
  facet normal -1 0 0
    outer loop
      vertex -15.9005 -0.941508 62.088
      vertex -15.9005 -4.05849 62.088
      vertex -15.9005 -0.941508 62.412
    endloop
  endfacet
  facet normal -1 0 0
    outer loop
      vertex -15.9005 -0.874137 61.771
      vertex -15.9005 -4.05849 62.088
      vertex -15.9005 -0.941508 62.088
    endloop
  endfacet
  facet normal -1 0 0
    outer loop
      vertex -15.9005 -4.12586 61.771
      vertex -15.9005 -0.874137 61.771
      vertex -15.9005 -0.742339 61.475
    endloop
  endfacet
  facet normal -1 0 0
    outer loop
      vertex -15.9005 -4.25766 61.475
      vertex -15.9005 -0.742339 61.475
      vertex -15.9005 -0.551874 61.2128
    endloop
  endfacet
  facet normal -1 0 0
    outer loop
      vertex -15.9005 -4.44813 61.2128
      vertex -15.9005 -0.551874 61.2128
      vertex -15.9005 -0.311067 60.996
    endloop
  endfacet
  facet normal -1 0 0
    outer loop
      vertex -15.9005 -4.68893 60.996
      vertex -15.9005 -0.311067 60.996
      vertex -15.9005 -0.0304413 60.834
    endloop
  endfacet
  facet normal -1 0 0
    outer loop
      vertex -15.9005 -4.96956 60.834
      vertex -15.9005 -0.0304413 60.834
      vertex -15.9005 0.277738 60.7339
    endloop
  endfacet
  facet normal -1 0 0
    outer loop
      vertex -15.9005 -0.874137 61.771
      vertex -15.9005 -4.12586 61.771
      vertex -15.9005 -4.05849 62.088
    endloop
  endfacet
  facet normal -1 0 0
    outer loop
      vertex -15.9005 -0.742339 61.475
      vertex -15.9005 -4.25766 61.475
      vertex -15.9005 -4.12586 61.771
    endloop
  endfacet
  facet normal -1 0 0
    outer loop
      vertex -15.9005 -5.27774 60.7339
      vertex -15.9005 0.277738 60.7339
      vertex -15.9005 6.4 59.3
    endloop
  endfacet
  facet normal -1 0 0
    outer loop
      vertex -15.9005 -0.551874 61.2128
      vertex -15.9005 -4.44813 61.2128
      vertex -15.9005 -4.25766 61.475
    endloop
  endfacet
  facet normal -1 0 0
    outer loop
      vertex -15.9005 -0.311067 60.996
      vertex -15.9005 -4.68893 60.996
      vertex -15.9005 -4.44813 61.2128
    endloop
  endfacet
  facet normal -1 0 0
    outer loop
      vertex -15.9005 -0.0304413 60.834
      vertex -15.9005 -4.96956 60.834
      vertex -15.9005 -4.68893 60.996
    endloop
  endfacet
  facet normal -1 0 0
    outer loop
      vertex -15.9005 0.277738 60.7339
      vertex -15.9005 -5.27774 60.7339
      vertex -15.9005 -4.96956 60.834
    endloop
  endfacet
  facet normal -1 0 0
    outer loop
      vertex -15.9005 6.4 59.3
      vertex -15.9005 -5.6 60.7
      vertex -15.9005 -5.27774 60.7339
    endloop
  endfacet
  facet normal -1 0 0
    outer loop
      vertex -15.9005 -11.4 59.3
      vertex -15.9005 -5.6 60.7
      vertex -15.9005 6.4 59.3
    endloop
  endfacet
  facet normal -1 0 0
    outer loop
      vertex -15.9005 -11.4 59.3
      vertex -15.9005 -11.4 60.7
      vertex -15.9005 -5.6 60.7
    endloop
  endfacet
  facet normal -1 0 0
    outer loop
      vertex -15.9005 -11.7223 59.3339
      vertex -15.9005 -11.4 60.7
      vertex -15.9005 -11.4 59.3
    endloop
  endfacet
  facet normal -1 0 0
    outer loop
      vertex -15.9005 -11.7223 59.3339
      vertex -15.9005 -11.7223 60.7339
      vertex -15.9005 -11.4 60.7
    endloop
  endfacet
  facet normal -1 0 0
    outer loop
      vertex -15.9005 -12.0133 59.3645
      vertex -15.9005 -11.7223 60.7339
      vertex -15.9005 -11.7223 59.3339
    endloop
  endfacet
  facet normal -1 0 0
    outer loop
      vertex -15.9005 -12.2917 59.4549
      vertex -15.9005 -11.7223 60.7339
      vertex -15.9005 -12.0133 59.3645
    endloop
  endfacet
  facet normal -1 -0 0
    outer loop
      vertex -15.9005 -11.7223 60.7339
      vertex -15.9005 -12.2917 59.4549
      vertex -15.9005 -12.0304 60.834
    endloop
  endfacet
  facet normal -1 0 0
    outer loop
      vertex -15.9005 -12.5999 59.555
      vertex -15.9005 -12.0304 60.834
      vertex -15.9005 -12.2917 59.4549
    endloop
  endfacet
  facet normal -1 0 0
    outer loop
      vertex -15.9005 -12.8533 59.7014
      vertex -15.9005 -12.0304 60.834
      vertex -15.9005 -12.5999 59.555
    endloop
  endfacet
  facet normal -1 -0 0
    outer loop
      vertex -15.9005 -12.0304 60.834
      vertex -15.9005 -12.8533 59.7014
      vertex -15.9005 -12.3111 60.996
    endloop
  endfacet
  facet normal -1 0 0
    outer loop
      vertex -15.9005 -13.134 59.8634
      vertex -15.9005 -12.3111 60.996
      vertex -15.9005 -12.8533 59.7014
    endloop
  endfacet
  facet normal -1 0 0
    outer loop
      vertex -15.9005 -13.3748 60.0802
      vertex -15.9005 -12.3111 60.996
      vertex -15.9005 -13.134 59.8634
    endloop
  endfacet
  facet normal -1 -0 0
    outer loop
      vertex -15.9005 -12.3111 60.996
      vertex -15.9005 -13.3748 60.0802
      vertex -15.9005 -12.5519 61.2128
    endloop
  endfacet
  facet normal -1 0 0
    outer loop
      vertex -15.9005 -13.5923 60.2761
      vertex -15.9005 -12.5519 61.2128
      vertex -15.9005 -13.3748 60.0802
    endloop
  endfacet
  facet normal -1 -0 0
    outer loop
      vertex -15.9005 -12.5519 61.2128
      vertex -15.9005 -13.7827 60.5382
      vertex -15.9005 -12.7423 61.475
    endloop
  endfacet
  facet normal -1 0 0
    outer loop
      vertex -15.9005 -13.7827 60.5382
      vertex -15.9005 -12.5519 61.2128
      vertex -15.9005 -13.5923 60.2761
    endloop
  endfacet
  facet normal -1 0 0
    outer loop
      vertex -15.9005 7.55187 63.2872
      vertex -15.9005 8.78274 63.9618
      vertex -15.9005 7.74234 63.025
    endloop
  endfacet
  facet normal -1 -0 0
    outer loop
      vertex -15.9005 8.78274 63.9618
      vertex -15.9005 7.55187 63.2872
      vertex -15.9005 8.59228 64.2239
    endloop
  endfacet
  facet normal -1 -0 0
    outer loop
      vertex -15.9005 8.59228 64.2239
      vertex -15.9005 7.55187 63.2872
      vertex -15.9005 8.37477 64.4198
    endloop
  endfacet
  facet normal -1 0 0
    outer loop
      vertex -15.9005 7.31107 63.504
      vertex -15.9005 8.37477 64.4198
      vertex -15.9005 7.55187 63.2872
    endloop
  endfacet
  facet normal -1 -0 0
    outer loop
      vertex -15.9005 8.37477 64.4198
      vertex -15.9005 7.31107 63.504
      vertex -15.9005 8.13397 64.6366
    endloop
  endfacet
  facet normal -1 -0 0
    outer loop
      vertex -15.9005 8.13397 64.6366
      vertex -15.9005 7.31107 63.504
      vertex -15.9005 7.85334 64.7986
    endloop
  endfacet
  facet normal -1 0 0
    outer loop
      vertex -15.9005 7.03044 63.666
      vertex -15.9005 7.85334 64.7986
      vertex -15.9005 7.31107 63.504
    endloop
  endfacet
  facet normal -1 -0 0
    outer loop
      vertex -15.9005 7.85334 64.7986
      vertex -15.9005 7.03044 63.666
      vertex -15.9005 7.59987 64.945
    endloop
  endfacet
  facet normal -1 -0 0
    outer loop
      vertex -15.9005 7.59987 64.945
      vertex -15.9005 7.03044 63.666
      vertex -15.9005 7.29169 65.0451
    endloop
  endfacet
  facet normal -1 0 0
    outer loop
      vertex -15.9005 6.72226 63.7661
      vertex -15.9005 7.29169 65.0451
      vertex -15.9005 7.03044 63.666
    endloop
  endfacet
  facet normal -1 -0 0
    outer loop
      vertex -15.9005 7.29169 65.0451
      vertex -15.9005 6.72226 63.7661
      vertex -15.9005 7.01334 65.1355
    endloop
  endfacet
  facet normal -1 0 0
    outer loop
      vertex -15.9005 6.72226 63.7661
      vertex -15.9005 6.72226 65.1661
      vertex -15.9005 7.01334 65.1355
    endloop
  endfacet
  facet normal -1 0 0
    outer loop
      vertex -15.9005 6.4 63.8
      vertex -15.9005 6.72226 65.1661
      vertex -15.9005 6.72226 63.7661
    endloop
  endfacet
  facet normal -1 0 0
    outer loop
      vertex -15.9005 6.4 63.8
      vertex -15.9005 6.4 65.2
      vertex -15.9005 6.72226 65.1661
    endloop
  endfacet
  facet normal -1 0 0
    outer loop
      vertex -15.9005 0.6 63.8
      vertex -15.9005 6.4 65.2
      vertex -15.9005 6.4 63.8
    endloop
  endfacet
  facet normal -1 0 0
    outer loop
      vertex -15.9005 0.277738 63.7661
      vertex -15.9005 6.4 65.2
      vertex -15.9005 0.6 63.8
    endloop
  endfacet
  facet normal -1 0 0
    outer loop
      vertex -15.9005 -4.05849 62.412
      vertex -15.9005 -0.941508 62.412
      vertex -15.9005 -4.05849 62.088
    endloop
  endfacet
  facet normal -1 0 0
    outer loop
      vertex -15.9005 -0.941508 62.412
      vertex -15.9005 -4.05849 62.412
      vertex -15.9005 -0.874137 62.729
    endloop
  endfacet
  facet normal -1 0 0
    outer loop
      vertex -15.9005 -4.12586 62.729
      vertex -15.9005 -0.874137 62.729
      vertex -15.9005 -4.05849 62.412
    endloop
  endfacet
  facet normal -1 0 0
    outer loop
      vertex -15.9005 -0.874137 62.729
      vertex -15.9005 -4.12586 62.729
      vertex -15.9005 -0.742339 63.025
    endloop
  endfacet
  facet normal -1 0 0
    outer loop
      vertex -15.9005 -4.25766 63.025
      vertex -15.9005 -0.742339 63.025
      vertex -15.9005 -4.12586 62.729
    endloop
  endfacet
  facet normal -1 0 0
    outer loop
      vertex -15.9005 -0.742339 63.025
      vertex -15.9005 -4.25766 63.025
      vertex -15.9005 -0.551874 63.2872
    endloop
  endfacet
  facet normal -1 0 0
    outer loop
      vertex -15.9005 -4.44813 63.2872
      vertex -15.9005 -0.551874 63.2872
      vertex -15.9005 -4.25766 63.025
    endloop
  endfacet
  facet normal -1 0 0
    outer loop
      vertex -15.9005 -0.551874 63.2872
      vertex -15.9005 -4.44813 63.2872
      vertex -15.9005 -0.311067 63.504
    endloop
  endfacet
  facet normal -1 0 0
    outer loop
      vertex -15.9005 -4.68893 63.504
      vertex -15.9005 -0.311067 63.504
      vertex -15.9005 -4.44813 63.2872
    endloop
  endfacet
  facet normal -1 0 0
    outer loop
      vertex -15.9005 -0.311067 63.504
      vertex -15.9005 -4.68893 63.504
      vertex -15.9005 -0.0304413 63.666
    endloop
  endfacet
  facet normal -1 0 0
    outer loop
      vertex -15.9005 -4.96956 63.666
      vertex -15.9005 -0.0304413 63.666
      vertex -15.9005 -4.68893 63.504
    endloop
  endfacet
  facet normal -1 0 0
    outer loop
      vertex -15.9005 -0.0304413 63.666
      vertex -15.9005 -4.96956 63.666
      vertex -15.9005 0.277738 63.7661
    endloop
  endfacet
  facet normal -1 0 0
    outer loop
      vertex -15.9005 -5.27774 63.7661
      vertex -15.9005 0.277738 63.7661
      vertex -15.9005 -4.96956 63.666
    endloop
  endfacet
  facet normal -1 0 0
    outer loop
      vertex -15.9005 0.277738 63.7661
      vertex -15.9005 -5.27774 63.7661
      vertex -15.9005 6.4 65.2
    endloop
  endfacet
  facet normal -1 0 0
    outer loop
      vertex -15.9005 -5.6 63.8
      vertex -15.9005 6.4 65.2
      vertex -15.9005 -5.27774 63.7661
    endloop
  endfacet
  facet normal -1 0 0
    outer loop
      vertex -15.9005 -11.4 65.2
      vertex -15.9005 -5.6 63.8
      vertex -15.9005 -11.4 63.8
    endloop
  endfacet
  facet normal -1 0 0
    outer loop
      vertex -15.9005 -5.6 63.8
      vertex -15.9005 -11.4 65.2
      vertex -15.9005 6.4 65.2
    endloop
  endfacet
  facet normal -1 0 0
    outer loop
      vertex -15.9005 -11.7223 65.1661
      vertex -15.9005 -11.4 63.8
      vertex -15.9005 -11.7223 63.7661
    endloop
  endfacet
  facet normal -1 0 0
    outer loop
      vertex -15.9005 -11.4 63.8
      vertex -15.9005 -11.7223 65.1661
      vertex -15.9005 -11.4 65.2
    endloop
  endfacet
  facet normal -1 0 0
    outer loop
      vertex -15.9005 -11.7223 63.7661
      vertex -15.9005 -12.0133 65.1355
      vertex -15.9005 -11.7223 65.1661
    endloop
  endfacet
  facet normal -1 0 0
    outer loop
      vertex -15.9005 -12.2917 65.0451
      vertex -15.9005 -11.7223 63.7661
      vertex -15.9005 -12.0304 63.666
    endloop
  endfacet
  facet normal -1 0 0
    outer loop
      vertex -15.9005 -11.7223 63.7661
      vertex -15.9005 -12.2917 65.0451
      vertex -15.9005 -12.0133 65.1355
    endloop
  endfacet
  facet normal -1 0 0
    outer loop
      vertex -15.9005 -12.8533 64.7986
      vertex -15.9005 -12.0304 63.666
      vertex -15.9005 -12.3111 63.504
    endloop
  endfacet
  facet normal -1 0 0
    outer loop
      vertex -15.9005 -13.3748 64.4198
      vertex -15.9005 -12.3111 63.504
      vertex -15.9005 -12.5519 63.2872
    endloop
  endfacet
  facet normal -1 0 0
    outer loop
      vertex -15.9005 -12.0304 63.666
      vertex -15.9005 -12.5999 64.945
      vertex -15.9005 -12.2917 65.0451
    endloop
  endfacet
  facet normal -1 0 0
    outer loop
      vertex -15.9005 -13.7827 63.9618
      vertex -15.9005 -12.5519 63.2872
      vertex -15.9005 -12.7423 63.025
    endloop
  endfacet
  facet normal -1 0 0
    outer loop
      vertex -15.9005 -12.0304 63.666
      vertex -15.9005 -12.8533 64.7986
      vertex -15.9005 -12.5999 64.945
    endloop
  endfacet
  facet normal -1 0 0
    outer loop
      vertex -15.9005 -14.0738 63.4576
      vertex -15.9005 -12.7423 63.025
      vertex -15.9005 -12.8741 62.729
    endloop
  endfacet
  facet normal -1 0 0
    outer loop
      vertex -15.9005 -14.273 62.8446
      vertex -15.9005 -12.8741 62.729
      vertex -15.9005 -12.9415 62.412
    endloop
  endfacet
  facet normal -1 0 0
    outer loop
      vertex -15.9005 -13.9548 60.775
      vertex -15.9005 -12.7423 61.475
      vertex -15.9005 -13.7827 60.5382
    endloop
  endfacet
  facet normal -1 0 0
    outer loop
      vertex -15.9005 -14.0738 61.0424
      vertex -15.9005 -12.7423 61.475
      vertex -15.9005 -13.9548 60.775
    endloop
  endfacet
  facet normal -1 0 0
    outer loop
      vertex -15.9005 -12.3111 63.504
      vertex -15.9005 -13.3748 64.4198
      vertex -15.9005 -13.134 64.6366
    endloop
  endfacet
  facet normal -1 0 0
    outer loop
      vertex -15.9005 -12.3111 63.504
      vertex -15.9005 -13.134 64.6366
      vertex -15.9005 -12.8533 64.7986
    endloop
  endfacet
  facet normal -1 -0 0
    outer loop
      vertex -15.9005 -12.7423 61.475
      vertex -15.9005 -14.0738 61.0424
      vertex -15.9005 -12.8741 61.771
    endloop
  endfacet
  facet normal -1 0 0
    outer loop
      vertex -15.9005 -14.2056 61.3384
      vertex -15.9005 -12.8741 61.771
      vertex -15.9005 -14.0738 61.0424
    endloop
  endfacet
  facet normal -1 0 0
    outer loop
      vertex -15.9005 -12.5519 63.2872
      vertex -15.9005 -13.7827 63.9618
      vertex -15.9005 -13.5923 64.2239
    endloop
  endfacet
  facet normal -1 0 0
    outer loop
      vertex -15.9005 -12.5519 63.2872
      vertex -15.9005 -13.5923 64.2239
      vertex -15.9005 -13.3748 64.4198
    endloop
  endfacet
  facet normal -1 0 0
    outer loop
      vertex -15.9005 -14.273 61.6554
      vertex -15.9005 -12.8741 61.771
      vertex -15.9005 -14.2056 61.3384
    endloop
  endfacet
  facet normal -1 -0 0
    outer loop
      vertex -15.9005 -12.8741 61.771
      vertex -15.9005 -14.273 61.6554
      vertex -15.9005 -12.9415 62.088
    endloop
  endfacet
  facet normal -1 0 0
    outer loop
      vertex -15.9005 -12.7423 63.025
      vertex -15.9005 -14.0738 63.4576
      vertex -15.9005 -13.9548 63.725
    endloop
  endfacet
  facet normal -1 0 0
    outer loop
      vertex -15.9005 -12.7423 63.025
      vertex -15.9005 -13.9548 63.725
      vertex -15.9005 -13.7827 63.9618
    endloop
  endfacet
  facet normal -1 0 0
    outer loop
      vertex -15.9005 -14.3338 61.9416
      vertex -15.9005 -12.9415 62.088
      vertex -15.9005 -14.273 61.6554
    endloop
  endfacet
  facet normal -1 -0 0
    outer loop
      vertex -15.9005 -12.9415 62.088
      vertex -15.9005 -14.3338 61.9416
      vertex -15.9005 -12.9415 62.412
    endloop
  endfacet
  facet normal -1 0 0
    outer loop
      vertex -15.9005 -12.8741 62.729
      vertex -15.9005 -14.273 62.8446
      vertex -15.9005 -14.2056 63.1616
    endloop
  endfacet
  facet normal -1 0 0
    outer loop
      vertex -15.9005 -12.8741 62.729
      vertex -15.9005 -14.2056 63.1616
      vertex -15.9005 -14.0738 63.4576
    endloop
  endfacet
  facet normal -1 0 0
    outer loop
      vertex -15.9005 -14.3338 62.5584
      vertex -15.9005 -12.9415 62.412
      vertex -15.9005 -14.3338 61.9416
    endloop
  endfacet
  facet normal -1 0 0
    outer loop
      vertex -15.9005 -12.9415 62.412
      vertex -15.9005 -14.3338 62.5584
      vertex -15.9005 -14.273 62.8446
    endloop
  endfacet
  facet normal -0.999282 -0.0306891 -0.0222303
    outer loop
      vertex -15.7135 -15.1356 54
      vertex -15.9005 -13.7827 60.5382
      vertex -15.7192 -14.95 54
    endloop
  endfacet
  facet normal -0.999284 -0.0306102 -0.0222467
    outer loop
      vertex -15.9005 -13.7827 60.5382
      vertex -15.7135 -15.1356 54
      vertex -15.9005 -13.9548 60.775
    endloop
  endfacet
  facet normal -0.998816 -0.0444483 -0.0197787
    outer loop
      vertex -15.6991 -15.4658 54
      vertex -15.9005 -14.0738 61.0424
      vertex -15.7061 -15.3085 54
    endloop
  endfacet
  facet normal -0.998817 -0.0444284 -0.0197826
    outer loop
      vertex -15.9005 -14.0738 61.0424
      vertex -15.6991 -15.4658 54
      vertex -15.9005 -14.2056 61.3384
    endloop
  endfacet
  facet normal 0 0.308973 -0.951071
    outer loop
      vertex -14.9459 -20.3135 53.8271
      vertex -13.2503 -19.9158 53.9563
      vertex -13.2503 -20.3135 53.8271
    endloop
  endfacet
  facet normal 0 0.308973 -0.951071
    outer loop
      vertex -13.2503 -19.9158 53.9563
      vertex -14.9459 -20.3135 53.8271
      vertex -15.0093 -19.9158 53.9563
    endloop
  endfacet
  facet normal 0 -0.978155 0.207879
    outer loop
      vertex -13.2503 21.4021 12.382
      vertex -22.7773 21.489 12.7909
      vertex -22.8651 21.4021 12.382
    endloop
  endfacet
  facet normal 0 -0.978155 0.207879
    outer loop
      vertex -22.7773 21.489 12.7909
      vertex -13.2503 21.4021 12.382
      vertex -13.2503 21.489 12.7909
    endloop
  endfacet
  facet normal 0 0.104523 -0.994522
    outer loop
      vertex -15.0093 -19.9158 53.9563
      vertex -13.2503 -19.5 54
      vertex -13.2503 -19.9158 53.9563
    endloop
  endfacet
  facet normal 0 0.104523 -0.994522
    outer loop
      vertex -13.2503 -19.5 54
      vertex -15.0093 -19.9158 53.9563
      vertex -15.0757 -19.5 54
    endloop
  endfacet
  facet normal -4.20686e-05 0.500074 -0.865982
    outer loop
      vertex -13.2503 -20.6756 53.618
      vertex -14.9029 -20.5824 53.6719
      vertex -13.2503 -20.3135 53.8271
    endloop
  endfacet
  facet normal 0 0.500633 -0.865659
    outer loop
      vertex -14.9029 -20.5824 53.6719
      vertex -13.2503 -20.6756 53.618
      vertex -14.9142 -20.6756 53.618
    endloop
  endfacet
  facet normal 0 0.49988 -0.866094
    outer loop
      vertex -13.2503 -20.3135 53.8271
      vertex -14.9029 -20.5824 53.6719
      vertex -14.9459 -20.3135 53.8271
    endloop
  endfacet
  facet normal 0 1 0
    outer loop
      vertex -13.2503 -21.489 52.2091
      vertex -15.2603 -21.489 51.8958
      vertex -15.1966 -21.489 52.2091
    endloop
  endfacet
  facet normal 0 1 0
    outer loop
      vertex -13.2503 -21.489 52.2091
      vertex -15.3298 -21.489 51.5493
      vertex -15.2603 -21.489 51.8958
    endloop
  endfacet
  facet normal 0 1 0
    outer loop
      vertex -13.2503 -21.489 52.2091
      vertex -15.7714 -21.489 49.3128
      vertex -15.3298 -21.489 51.5493
    endloop
  endfacet
  facet normal 0 1 0
    outer loop
      vertex -13.2503 -21.489 52.2091
      vertex -15.8811 -21.489 48.7477
      vertex -15.7714 -21.489 49.3128
    endloop
  endfacet
  facet normal 0 1 -0
    outer loop
      vertex -13.2503 -21.489 12.7909
      vertex -15.8811 -21.489 48.7477
      vertex -13.2503 -21.489 52.2091
    endloop
  endfacet
  facet normal 0 1 0
    outer loop
      vertex -15.8811 -21.489 48.7477
      vertex -13.2503 -21.489 12.7909
      vertex -22.788 -21.489 12.7909
    endloop
  endfacet
  facet normal -2.54107e-05 -0.104523 -0.994522
    outer loop
      vertex -13.2503 19.5 54
      vertex -14.8401 19.7649 53.9722
      vertex -13.2503 19.9158 53.9563
    endloop
  endfacet
  facet normal 0 -0.104372 -0.994538
    outer loop
      vertex -14.8401 19.7649 53.9722
      vertex -13.2503 19.5 54
      vertex -14.867 19.5 54
    endloop
  endfacet
  facet normal -0 -0.104788 -0.994495
    outer loop
      vertex -13.2503 19.9158 53.9563
      vertex -14.8401 19.7649 53.9722
      vertex -14.8434 19.9158 53.9563
    endloop
  endfacet
  facet normal 0 -0.500074 0.865982
    outer loop
      vertex -23.0918 20.6756 11.382
      vertex -13.2503 20.3135 11.1729
      vertex -13.2503 20.6756 11.382
    endloop
  endfacet
  facet normal 0 -0.500074 0.865982
    outer loop
      vertex -13.2503 20.3135 11.1729
      vertex -23.0918 20.6756 11.382
      vertex -23.1404 20.3135 11.1729
    endloop
  endfacet
  facet normal 0 0.669057 -0.743211
    outer loop
      vertex -13.2503 -20.9863 53.3383
      vertex -14.9142 -20.6756 53.618
      vertex -13.2503 -20.6756 53.618
    endloop
  endfacet
  facet normal 0 0.669057 -0.743211
    outer loop
      vertex -14.9142 -20.6756 53.618
      vertex -13.2503 -20.9863 53.3383
      vertex -14.9728 -20.9863 53.3383
    endloop
  endfacet
  facet normal 0 0.978155 -0.207879
    outer loop
      vertex -13.2503 -21.489 52.2091
      vertex -15.1172 -21.4021 52.618
      vertex -13.2503 -21.4021 52.618
    endloop
  endfacet
  facet normal 0 0.978155 -0.207879
    outer loop
      vertex -15.1172 -21.4021 52.618
      vertex -13.2503 -21.489 52.2091
      vertex -15.1966 -21.489 52.2091
    endloop
  endfacet
  facet normal 0 0.500074 0.865982
    outer loop
      vertex -13.2503 -20.3135 11.1729
      vertex -23.1641 -20.6756 11.382
      vertex -13.2503 -20.6756 11.382
    endloop
  endfacet
  facet normal 0 0.500074 0.865982
    outer loop
      vertex -23.1641 -20.6756 11.382
      vertex -13.2503 -20.3135 11.1729
      vertex -23.2511 -20.3135 11.1729
    endloop
  endfacet
  facet normal 0 -1 0
    outer loop
      vertex -17.305 21.489 41.145
      vertex -13.2503 21.489 52.2091
      vertex -15.1605 21.489 52.2091
    endloop
  endfacet
  facet normal 0 -1 0
    outer loop
      vertex -13.2503 21.489 12.7909
      vertex -17.305 21.489 41.145
      vertex -19.8368 21.489 28.0669
    endloop
  endfacet
  facet normal 0 -1 0
    outer loop
      vertex -13.2503 21.489 12.7909
      vertex -19.8368 21.489 28.0669
      vertex -21.0504 21.489 21.7709
    endloop
  endfacet
  facet normal 0 -1 0
    outer loop
      vertex -13.2503 21.489 12.7909
      vertex -21.0504 21.489 21.7709
      vertex -22.7773 21.489 12.7909
    endloop
  endfacet
  facet normal 0 -1 0
    outer loop
      vertex -17.305 21.489 41.145
      vertex -13.2503 21.489 12.7909
      vertex -13.2503 21.489 52.2091
    endloop
  endfacet
  facet normal 0 0 -1
    outer loop
      vertex -15.7518 8.02186 54
      vertex -13.2503 19.5 54
      vertex -13.2503 -19.5 54
    endloop
  endfacet
  facet normal 0 0 -1
    outer loop
      vertex -15.6823 -15.7005 54
      vertex -13.2503 -19.5 54
      vertex -15.0757 -19.5 54
    endloop
  endfacet
  facet normal 0 0 -1
    outer loop
      vertex -15.6904 -15.593 54
      vertex -13.2503 -19.5 54
      vertex -15.6823 -15.7005 54
    endloop
  endfacet
  facet normal 0 0 -1
    outer loop
      vertex -13.2503 -19.5 54
      vertex -15.7518 -12.4907 54
      vertex -15.7518 8.02186 54
    endloop
  endfacet
  facet normal 0 0 -1
    outer loop
      vertex -15.6904 -15.593 54
      vertex -15.6823 -15.7005 54
      vertex -15.6837 -15.6862 54
    endloop
  endfacet
  facet normal -0 0 -1
    outer loop
      vertex -13.2503 19.5 54
      vertex -15.6823 11.4799 54
      vertex -14.867 19.5 54
    endloop
  endfacet
  facet normal 0 0 -1
    outer loop
      vertex -13.2503 -19.5 54
      vertex -15.6904 -15.593 54
      vertex -15.7061 -15.3085 54
    endloop
  endfacet
  facet normal 0 0 -1
    outer loop
      vertex -15.6823 11.4799 54
      vertex -15.6904 11.3437 54
      vertex -15.6837 11.4606 54
    endloop
  endfacet
  facet normal 0 0 -1
    outer loop
      vertex -15.6991 -15.4658 54
      vertex -15.6904 -15.593 54
      vertex -15.6978 -15.4887 54
    endloop
  endfacet
  facet normal 0 -0 -1
    outer loop
      vertex -15.6823 11.4799 54
      vertex -13.2503 19.5 54
      vertex -15.6904 11.3437 54
    endloop
  endfacet
  facet normal 0 0 -1
    outer loop
      vertex -15.7061 -15.3085 54
      vertex -15.6904 -15.593 54
      vertex -15.6991 -15.4658 54
    endloop
  endfacet
  facet normal 0 -0 -1
    outer loop
      vertex -15.6904 11.3437 54
      vertex -13.2503 19.5 54
      vertex -15.6978 11.2128 54
    endloop
  endfacet
  facet normal 0 0 -1
    outer loop
      vertex -13.2503 -19.5 54
      vertex -15.7061 -15.3085 54
      vertex -15.7125 -15.1649 54
    endloop
  endfacet
  facet normal 0 -0 -1
    outer loop
      vertex -15.6978 11.2128 54
      vertex -13.2503 19.5 54
      vertex -15.6991 11.1854 54
    endloop
  endfacet
  facet normal 0 0 -1
    outer loop
      vertex -13.2503 -19.5 54
      vertex -15.7125 -15.1649 54
      vertex -15.7135 -15.1356 54
    endloop
  endfacet
  facet normal 0 -0 -1
    outer loop
      vertex -15.6991 11.1854 54
      vertex -13.2503 19.5 54
      vertex -15.7061 11.0031 54
    endloop
  endfacet
  facet normal 0 0 -1
    outer loop
      vertex -13.2503 -19.5 54
      vertex -15.7135 -15.1356 54
      vertex -15.7192 -14.95 54
    endloop
  endfacet
  facet normal 0 -0 -1
    outer loop
      vertex -15.7061 11.0031 54
      vertex -13.2503 19.5 54
      vertex -15.7125 10.8367 54
    endloop
  endfacet
  facet normal 0 0 -1
    outer loop
      vertex -13.2503 -19.5 54
      vertex -15.7192 -14.95 54
      vertex -15.7256 -14.7424 54
    endloop
  endfacet
  facet normal 0 -0 -1
    outer loop
      vertex -15.7125 10.8367 54
      vertex -13.2503 19.5 54
      vertex -15.7135 10.8036 54
    endloop
  endfacet
  facet normal 0 0 -1
    outer loop
      vertex -13.2503 -19.5 54
      vertex -15.7256 -14.7424 54
      vertex -15.7265 -14.7089 54
    endloop
  endfacet
  facet normal 0 -0 -1
    outer loop
      vertex -15.7135 10.8036 54
      vertex -13.2503 19.5 54
      vertex -15.7192 10.5976 54
    endloop
  endfacet
  facet normal 0 0 -1
    outer loop
      vertex -13.2503 -19.5 54
      vertex -15.7265 -14.7089 54
      vertex -15.7312 -14.487 54
    endloop
  endfacet
  facet normal 0 -0 -1
    outer loop
      vertex -15.7192 10.5976 54
      vertex -13.2503 19.5 54
      vertex -15.7256 10.3673 54
    endloop
  endfacet
  facet normal 0 0 -1
    outer loop
      vertex -13.2503 -19.5 54
      vertex -15.7312 -14.487 54
      vertex -15.7366 -14.2394 54
    endloop
  endfacet
  facet normal 0 -0 -1
    outer loop
      vertex -15.7256 10.3673 54
      vertex -13.2503 19.5 54
      vertex -15.7265 10.3307 54
    endloop
  endfacet
  facet normal 0 0 -1
    outer loop
      vertex -13.2503 -19.5 54
      vertex -15.7366 -14.2394 54
      vertex -15.7372 -14.2035 54
    endloop
  endfacet
  facet normal 0 -0 -1
    outer loop
      vertex -15.7265 10.3307 54
      vertex -13.2503 19.5 54
      vertex -15.7312 10.0918 54
    endloop
  endfacet
  facet normal 0 0 -1
    outer loop
      vertex -13.2503 -19.5 54
      vertex -15.7372 -14.2035 54
      vertex -15.7412 -13.9286 54
    endloop
  endfacet
  facet normal 0 -0 -1
    outer loop
      vertex -15.7312 10.0918 54
      vertex -13.2503 19.5 54
      vertex -15.7366 9.82515 54
    endloop
  endfacet
  facet normal 0 0 -1
    outer loop
      vertex -13.2503 -19.5 54
      vertex -15.7412 -13.9286 54
      vertex -15.7448 -13.6788 54
    endloop
  endfacet
  facet normal 0 -0 -1
    outer loop
      vertex -15.7366 9.82515 54
      vertex -13.2503 19.5 54
      vertex -15.7372 9.78695 54
    endloop
  endfacet
  facet normal 0 0 -1
    outer loop
      vertex -13.2503 -19.5 54
      vertex -15.7448 -13.6788 54
      vertex -15.7453 -13.642 54
    endloop
  endfacet
  facet normal 0 -0 -1
    outer loop
      vertex -15.7372 9.78695 54
      vertex -13.2503 19.5 54
      vertex -15.7412 9.4978 54
    endloop
  endfacet
  facet normal 0 0 -1
    outer loop
      vertex -13.2503 -19.5 54
      vertex -15.7453 -13.642 54
      vertex -15.7477 -13.3507 54
    endloop
  endfacet
  facet normal 0 -0 -1
    outer loop
      vertex -15.7412 9.4978 54
      vertex -13.2503 19.5 54
      vertex -15.7448 9.23501 54
    endloop
  endfacet
  facet normal 0 0 -1
    outer loop
      vertex -13.2503 -19.5 54
      vertex -15.7477 -13.3507 54
      vertex -15.75 -13.0866 54
    endloop
  endfacet
  facet normal 0 -0 -1
    outer loop
      vertex -15.7448 9.23501 54
      vertex -13.2503 19.5 54
      vertex -15.7453 9.19667 54
    endloop
  endfacet
  facet normal 0 0 -1
    outer loop
      vertex -13.2503 -19.5 54
      vertex -15.75 -13.0866 54
      vertex -15.7502 -13.05 54
    endloop
  endfacet
  facet normal 0 -0 -1
    outer loop
      vertex -15.7453 9.19667 54
      vertex -13.2503 19.5 54
      vertex -15.7477 8.89649 54
    endloop
  endfacet
  facet normal 0 0 -1
    outer loop
      vertex -13.2503 -19.5 54
      vertex -15.7502 -13.05 54
      vertex -15.751 -12.7848 54
    endloop
  endfacet
  facet normal 0 -0 -1
    outer loop
      vertex -15.7477 8.89649 54
      vertex -13.2503 19.5 54
      vertex -15.75 8.62432 54
    endloop
  endfacet
  facet normal 0 0 -1
    outer loop
      vertex -13.2503 -19.5 54
      vertex -15.751 -12.7848 54
      vertex -15.7518 -12.4907 54
    endloop
  endfacet
  facet normal 0 -0 -1
    outer loop
      vertex -15.75 8.62432 54
      vertex -13.2503 19.5 54
      vertex -15.7502 8.58694 54
    endloop
  endfacet
  facet normal 0 -0 -1
    outer loop
      vertex -15.751 8.31895 54
      vertex -13.2503 19.5 54
      vertex -15.7518 8.02186 54
    endloop
  endfacet
  facet normal 0 -0 -1
    outer loop
      vertex -15.7502 8.58694 54
      vertex -13.2503 19.5 54
      vertex -15.751 8.31895 54
    endloop
  endfacet
  facet normal -0 0 1
    outer loop
      vertex -23.1919 19.5 11
      vertex -13.2503 3.55734 11
      vertex -13.2503 19.5 11
    endloop
  endfacet
  facet normal 0 0 1
    outer loop
      vertex -13.2503 3.55734 11
      vertex -23.1919 19.5 11
      vertex -13.6005 3.24194 11
    endloop
  endfacet
  facet normal 0 0 1
    outer loop
      vertex -13.6005 3.24194 11
      vertex -23.1919 19.5 11
      vertex -14.1959 2.4225 11
    endloop
  endfacet
  facet normal 0 0 1
    outer loop
      vertex -14.1959 2.4225 11
      vertex -23.1919 19.5 11
      vertex -14.6079 1.49719 11
    endloop
  endfacet
  facet normal 0 0 1
    outer loop
      vertex -14.6079 1.49719 11
      vertex -23.8269 -9.09663 11
      vertex -14.8185 0.50644 11
    endloop
  endfacet
  facet normal 0 0 1
    outer loop
      vertex -23.8269 -9.09663 11
      vertex -14.6079 1.49719 11
      vertex -23.1919 19.5 11
    endloop
  endfacet
  facet normal 0 0 1
    outer loop
      vertex -23.8269 -9.09663 11
      vertex -13.2503 -3.55734 11
      vertex -13.6005 -3.24194 11
    endloop
  endfacet
  facet normal 0 0 1
    outer loop
      vertex -23.8269 -9.09663 11
      vertex -13.6005 -3.24194 11
      vertex -14.1959 -2.4225 11
    endloop
  endfacet
  facet normal 0 0 1
    outer loop
      vertex -23.8269 -9.09663 11
      vertex -14.1959 -2.4225 11
      vertex -14.6079 -1.49719 11
    endloop
  endfacet
  facet normal 0 0 1
    outer loop
      vertex -23.8269 -9.09663 11
      vertex -14.6079 -1.49719 11
      vertex -14.8185 -0.50644 11
    endloop
  endfacet
  facet normal 0 0 1
    outer loop
      vertex -14.8185 0.50644 11
      vertex -23.8269 -9.09663 11
      vertex -14.8185 -0.50644 11
    endloop
  endfacet
  facet normal 0 0 1
    outer loop
      vertex -13.2503 -3.55734 11
      vertex -23.8269 -9.09663 11
      vertex -23.8388 -9.68049 11
    endloop
  endfacet
  facet normal 0 0 1
    outer loop
      vertex -13.2503 -3.55734 11
      vertex -23.8388 -9.68049 11
      vertex -13.2503 -19.5 11
    endloop
  endfacet
  facet normal -0 0 1
    outer loop
      vertex -23.8388 -15.1936 11
      vertex -13.2503 -19.5 11
      vertex -23.8388 -9.68049 11
    endloop
  endfacet
  facet normal -0 -0 1
    outer loop
      vertex -23.8269 -15.7456 11
      vertex -13.2503 -19.5 11
      vertex -23.8388 -15.1936 11
    endloop
  endfacet
  facet normal 0 0 1
    outer loop
      vertex -13.2503 -19.5 11
      vertex -23.7294 -16.8775 11
      vertex -23.3897 -19.5 11
    endloop
  endfacet
  facet normal 0 0 1
    outer loop
      vertex -13.2503 -19.5 11
      vertex -23.786 -16.3728 11
      vertex -23.7294 -16.8775 11
    endloop
  endfacet
  facet normal 0 0 1
    outer loop
      vertex -13.2503 -19.5 11
      vertex -23.7898 -16.3302 11
      vertex -23.786 -16.3728 11
    endloop
  endfacet
  facet normal 0 0 1
    outer loop
      vertex -13.2503 -19.5 11
      vertex -23.825 -15.7889 11
      vertex -23.7898 -16.3302 11
    endloop
  endfacet
  facet normal 0 0 1
    outer loop
      vertex -13.2503 -19.5 11
      vertex -23.8269 -15.7456 11
      vertex -23.825 -15.7889 11
    endloop
  endfacet
  facet normal 0 0.913525 -0.406782
    outer loop
      vertex -13.2503 -21.4021 52.618
      vertex -15.0436 -21.232 53
      vertex -13.2503 -21.232 53
    endloop
  endfacet
  facet normal -2.93311e-05 0.913474 -0.406897
    outer loop
      vertex -15.0436 -21.232 53
      vertex -13.2503 -21.4021 52.618
      vertex -15.0646 -21.2765 52.9001
    endloop
  endfacet
  facet normal -2.41343e-05 0.913487 -0.406869
    outer loop
      vertex -15.0646 -21.2765 52.9001
      vertex -13.2503 -21.4021 52.618
      vertex -15.0759 -21.3022 52.8424
    endloop
  endfacet
  facet normal 0 0.91356 -0.406705
    outer loop
      vertex -15.0759 -21.3022 52.8424
      vertex -13.2503 -21.4021 52.618
      vertex -15.1172 -21.4021 52.618
    endloop
  endfacet
  facet normal 0 0.978155 0.207879
    outer loop
      vertex -13.2503 -21.4021 12.382
      vertex -22.788 -21.489 12.7909
      vertex -13.2503 -21.489 12.7909
    endloop
  endfacet
  facet normal 0 0.978155 0.207879
    outer loop
      vertex -22.788 -21.489 12.7909
      vertex -13.2503 -21.4021 12.382
      vertex -22.8779 -21.4021 12.382
    endloop
  endfacet
  facet normal 0 -0.104523 0.994522
    outer loop
      vertex -23.1742 19.9158 11.0437
      vertex -13.2503 19.5 11
      vertex -13.2503 19.9158 11.0437
    endloop
  endfacet
  facet normal 0 -0.104523 0.994522
    outer loop
      vertex -13.2503 19.5 11
      vertex -23.1742 19.9158 11.0437
      vertex -23.1919 19.5 11
    endloop
  endfacet
  facet normal 0 -0.308973 0.951071
    outer loop
      vertex -23.1404 20.3135 11.1729
      vertex -13.2503 19.9158 11.0437
      vertex -13.2503 20.3135 11.1729
    endloop
  endfacet
  facet normal 0 -0.308973 0.951071
    outer loop
      vertex -13.2503 19.9158 11.0437
      vertex -23.1404 20.3135 11.1729
      vertex -23.1742 19.9158 11.0437
    endloop
  endfacet
  facet normal 0 0.809119 0.587645
    outer loop
      vertex -13.2503 -20.9863 11.6617
      vertex -22.9733 -21.232 12
      vertex -13.2503 -21.232 12
    endloop
  endfacet
  facet normal 0 0.809119 0.587645
    outer loop
      vertex -22.9733 -21.232 12
      vertex -13.2503 -20.9863 11.6617
      vertex -23.0701 -20.9863 11.6617
    endloop
  endfacet
  facet normal -0 -0.978155 -0.207879
    outer loop
      vertex -13.2503 21.489 52.2091
      vertex -15.0832 21.4021 52.618
      vertex -15.1605 21.489 52.2091
    endloop
  endfacet
  facet normal 0 -0.978155 -0.207879
    outer loop
      vertex -15.0832 21.4021 52.618
      vertex -13.2503 21.489 52.2091
      vertex -13.2503 21.4021 52.618
    endloop
  endfacet
  facet normal -1 -0 0
    outer loop
      vertex -13.2503 -9.03326 22.4675
      vertex -13.2503 -14.7 18.3856
      vertex -13.2503 -10.9217 24.5649
    endloop
  endfacet
  facet normal -1 0 0
    outer loop
      vertex -13.2503 -13.5 32.5
      vertex -13.2503 -13.935 47.6673
      vertex -13.2503 -13.9 48
    endloop
  endfacet
  facet normal -1 0 0
    outer loop
      vertex -13.2503 -15.0056 18.5217
      vertex -13.2503 -10.9217 24.5649
      vertex -13.2503 -14.7 18.3856
    endloop
  endfacet
  facet normal -1 0 0
    outer loop
      vertex -13.2503 -13.5 32.5
      vertex -13.2503 -14.0383 47.3492
      vertex -13.2503 -13.935 47.6673
    endloop
  endfacet
  facet normal -1 0 0
    outer loop
      vertex -13.2503 -15.3328 18.5912
      vertex -13.2503 -10.9217 24.5649
      vertex -13.2503 -15.0056 18.5217
    endloop
  endfacet
  facet normal -1 0 0
    outer loop
      vertex -13.2503 -13.5 32.5
      vertex -13.2503 -14.2056 47.0595
      vertex -13.2503 -14.0383 47.3492
    endloop
  endfacet
  facet normal -1 0 0
    outer loop
      vertex -13.2503 -15.6672 18.5912
      vertex -13.2503 -10.9217 24.5649
      vertex -13.2503 -15.3328 18.5912
    endloop
  endfacet
  facet normal -1 0 0
    outer loop
      vertex -13.2503 -13.5 32.5
      vertex -13.2503 -14.4294 46.811
      vertex -13.2503 -14.2056 47.0595
    endloop
  endfacet
  facet normal -1 -0 0
    outer loop
      vertex -13.2503 -10.9217 24.5649
      vertex -13.2503 -15.6672 18.5912
      vertex -13.2503 -12.3329 27.0091
    endloop
  endfacet
  facet normal -1 0 0
    outer loop
      vertex -13.2503 -13.5 32.5
      vertex -13.2503 -14.7 46.6144
      vertex -13.2503 -14.4294 46.811
    endloop
  endfacet
  facet normal -1 0 0
    outer loop
      vertex -13.2503 -15.9944 18.5217
      vertex -13.2503 -12.3329 27.0091
      vertex -13.2503 -15.6672 18.5912
    endloop
  endfacet
  facet normal -1 0 0
    outer loop
      vertex -13.2503 -13.5 32.5
      vertex -13.2503 -15.0056 46.4783
      vertex -13.2503 -14.7 46.6144
    endloop
  endfacet
  facet normal -1 0 0
    outer loop
      vertex -13.2503 -16.3 18.3856
      vertex -13.2503 -12.3329 27.0091
      vertex -13.2503 -15.9944 18.5217
    endloop
  endfacet
  facet normal -1 0 0
    outer loop
      vertex -13.2503 -13.5 32.5
      vertex -13.2503 -15.3328 46.4088
      vertex -13.2503 -15.0056 46.4783
    endloop
  endfacet
  facet normal -1 -0 0
    outer loop
      vertex -13.2503 -12.3329 27.0091
      vertex -13.2503 -16.3 18.3856
      vertex -13.2503 -13.205 29.6932
    endloop
  endfacet
  facet normal -1 0 0
    outer loop
      vertex -13.2503 -13.5 32.5
      vertex -13.2503 -15.6672 46.4088
      vertex -13.2503 -15.3328 46.4088
    endloop
  endfacet
  facet normal -1 0 0
    outer loop
      vertex -13.2503 -16.5706 18.189
      vertex -13.2503 -13.205 29.6932
      vertex -13.2503 -16.3 18.3856
    endloop
  endfacet
  facet normal -1 0 0
    outer loop
      vertex -13.2503 -13.5 32.5
      vertex -13.2503 -15.9944 46.4783
      vertex -13.2503 -15.6672 46.4088
    endloop
  endfacet
  facet normal -1 0 0
    outer loop
      vertex -13.2503 -16.7944 17.9405
      vertex -13.2503 -13.205 29.6932
      vertex -13.2503 -16.5706 18.189
    endloop
  endfacet
  facet normal -1 0 0
    outer loop
      vertex -13.2503 -13.5 32.5
      vertex -13.2503 -16.3 46.6144
      vertex -13.2503 -15.9944 46.4783
    endloop
  endfacet
  facet normal -1 -0 0
    outer loop
      vertex -13.2503 -13.205 29.6932
      vertex -13.2503 -16.7944 17.9405
      vertex -13.2503 -13.5 32.5
    endloop
  endfacet
  facet normal -1 0 0
    outer loop
      vertex -13.2503 -13.5 32.5
      vertex -13.2503 -16.5706 46.811
      vertex -13.2503 -16.3 46.6144
    endloop
  endfacet
  facet normal -1 0 0
    outer loop
      vertex -13.2503 -21.489 12.7909
      vertex -13.2503 -13.5 32.5
      vertex -13.2503 -16.7944 17.9405
    endloop
  endfacet
  facet normal -1 0 0
    outer loop
      vertex -13.2503 -13.5 32.5
      vertex -13.2503 -16.7944 47.0595
      vertex -13.2503 -16.5706 46.811
    endloop
  endfacet
  facet normal -1 0 0
    outer loop
      vertex -13.2503 -21.489 12.7909
      vertex -13.2503 -16.7944 17.9405
      vertex -13.2503 -16.9617 17.6508
    endloop
  endfacet
  facet normal -1 0 0
    outer loop
      vertex -13.2503 -21.489 52.2091
      vertex -13.2503 -13.5 32.5
      vertex -13.2503 -21.489 12.7909
    endloop
  endfacet
  facet normal -1 0 0
    outer loop
      vertex -13.2503 -21.489 12.7909
      vertex -13.2503 -16.9617 17.6508
      vertex -13.2503 -17.065 17.3327
    endloop
  endfacet
  facet normal -1 0 0
    outer loop
      vertex -13.2503 -13.5 32.5
      vertex -13.2503 -21.489 52.2091
      vertex -13.2503 -16.7944 47.0595
    endloop
  endfacet
  facet normal -1 0 0
    outer loop
      vertex -13.2503 -21.489 12.7909
      vertex -13.2503 -17.065 17.3327
      vertex -13.2503 -17.1 17
    endloop
  endfacet
  facet normal -1 0 0
    outer loop
      vertex -13.2503 -16.7944 47.0595
      vertex -13.2503 -21.489 52.2091
      vertex -13.2503 -16.9617 47.3492
    endloop
  endfacet
  facet normal -1 0 0
    outer loop
      vertex -13.2503 -14.2056 16.0595
      vertex -13.2503 -3.55734 12.499
      vertex -13.2503 -3.55734 11
    endloop
  endfacet
  facet normal -1 0 0
    outer loop
      vertex -13.2503 -3.55734 12.499
      vertex -13.2503 -6.75 20.8087
      vertex -13.2503 -4.17173 19.6607
    endloop
  endfacet
  facet normal -1 0 0
    outer loop
      vertex -13.2503 -3.55734 12.499
      vertex -13.2503 -13.935 16.6673
      vertex -13.2503 -6.75 20.8087
    endloop
  endfacet
  facet normal -1 0 0
    outer loop
      vertex -13.2503 -13.935 17.3327
      vertex -13.2503 -6.75 20.8087
      vertex -13.2503 -13.9 17
    endloop
  endfacet
  facet normal -1 -0 0
    outer loop
      vertex -13.2503 -6.75 20.8087
      vertex -13.2503 -13.935 17.3327
      vertex -13.2503 -9.03326 22.4675
    endloop
  endfacet
  facet normal -1 0 0
    outer loop
      vertex -13.2503 -14.4294 18.189
      vertex -13.2503 -9.03326 22.4675
      vertex -13.2503 -14.2056 17.9405
    endloop
  endfacet
  facet normal -1 0 0
    outer loop
      vertex -13.2503 -14.2056 17.9405
      vertex -13.2503 -9.03326 22.4675
      vertex -13.2503 -14.0383 17.6508
    endloop
  endfacet
  facet normal -1 0 0
    outer loop
      vertex -13.2503 -14.0383 17.6508
      vertex -13.2503 -9.03326 22.4675
      vertex -13.2503 -13.935 17.3327
    endloop
  endfacet
  facet normal -1 0 0
    outer loop
      vertex -13.2503 -6.75 20.8087
      vertex -13.2503 -13.935 16.6673
      vertex -13.2503 -13.9 17
    endloop
  endfacet
  facet normal -1 0 0
    outer loop
      vertex -13.2503 -3.55734 12.499
      vertex -13.2503 -14.0383 16.3492
      vertex -13.2503 -13.935 16.6673
    endloop
  endfacet
  facet normal -1 0 0
    outer loop
      vertex -13.2503 -3.55734 12.499
      vertex -13.2503 -14.2056 16.0595
      vertex -13.2503 -14.0383 16.3492
    endloop
  endfacet
  facet normal -1 0 0
    outer loop
      vertex -13.2503 -3.55734 11
      vertex -13.2503 -14.4294 15.811
      vertex -13.2503 -14.2056 16.0595
    endloop
  endfacet
  facet normal -1 0 0
    outer loop
      vertex -13.2503 -3.55734 11
      vertex -13.2503 -14.7 15.6144
      vertex -13.2503 -14.4294 15.811
    endloop
  endfacet
  facet normal -1 0 0
    outer loop
      vertex -13.2503 -3.55734 11
      vertex -13.2503 -15.0056 15.4783
      vertex -13.2503 -14.7 15.6144
    endloop
  endfacet
  facet normal -1 0 0
    outer loop
      vertex -13.2503 -19.5 11
      vertex -13.2503 -15.0056 15.4783
      vertex -13.2503 -3.55734 11
    endloop
  endfacet
  facet normal -1 0 0
    outer loop
      vertex -13.2503 -15.0056 15.4783
      vertex -13.2503 -19.5 11
      vertex -13.2503 -15.3328 15.4088
    endloop
  endfacet
  facet normal -1 -0 0
    outer loop
      vertex -13.2503 -15.3328 15.4088
      vertex -13.2503 -19.5 11
      vertex -13.2503 -15.6672 15.4088
    endloop
  endfacet
  facet normal -1 -0 0
    outer loop
      vertex -13.2503 -17.065 16.6673
      vertex -13.2503 -21.489 12.7909
      vertex -13.2503 -17.1 17
    endloop
  endfacet
  facet normal -1 -0 0
    outer loop
      vertex -13.2503 -16.9617 16.3492
      vertex -13.2503 -21.489 12.7909
      vertex -13.2503 -17.065 16.6673
    endloop
  endfacet
  facet normal -1 -0 0
    outer loop
      vertex -13.2503 -16.7944 16.0595
      vertex -13.2503 -21.489 12.7909
      vertex -13.2503 -16.9617 16.3492
    endloop
  endfacet
  facet normal -1 -0 0
    outer loop
      vertex -13.2503 -16.5706 15.811
      vertex -13.2503 -21.489 12.7909
      vertex -13.2503 -16.7944 16.0595
    endloop
  endfacet
  facet normal -1 0 0
    outer loop
      vertex -13.2503 -21.489 12.7909
      vertex -13.2503 -16.5706 15.811
      vertex -13.2503 -19.5 11
    endloop
  endfacet
  facet normal -1 -0 0
    outer loop
      vertex -13.2503 -16.3 15.6144
      vertex -13.2503 -19.5 11
      vertex -13.2503 -16.5706 15.811
    endloop
  endfacet
  facet normal -1 -0 0
    outer loop
      vertex -13.2503 -15.9944 15.4783
      vertex -13.2503 -19.5 11
      vertex -13.2503 -16.3 15.6144
    endloop
  endfacet
  facet normal -1 -0 0
    outer loop
      vertex -13.2503 -15.6672 15.4088
      vertex -13.2503 -19.5 11
      vertex -13.2503 -15.9944 15.4783
    endloop
  endfacet
  facet normal -1 0 0
    outer loop
      vertex -13.2503 16.7944 17.9405
      vertex -13.2503 21.489 12.7909
      vertex -13.2503 16.9617 17.6508
    endloop
  endfacet
  facet normal -1 0 0
    outer loop
      vertex -13.2503 21.489 52.2091
      vertex -13.2503 17.065 47.6673
      vertex -13.2503 17.1 48
    endloop
  endfacet
  facet normal -1 0 0
    outer loop
      vertex -13.2503 21.489 12.7909
      vertex -13.2503 13.5 32.5
      vertex -13.2503 21.489 52.2091
    endloop
  endfacet
  facet normal -1 0 0
    outer loop
      vertex -13.2503 21.489 52.2091
      vertex -13.2503 16.9617 47.3492
      vertex -13.2503 17.065 47.6673
    endloop
  endfacet
  facet normal -1 0 0
    outer loop
      vertex -13.2503 21.489 12.7909
      vertex -13.2503 16.7944 17.9405
      vertex -13.2503 13.5 32.5
    endloop
  endfacet
  facet normal -1 0 -0
    outer loop
      vertex -13.2503 16.7944 47.0595
      vertex -13.2503 21.489 52.2091
      vertex -13.2503 13.5 32.5
    endloop
  endfacet
  facet normal -1 0 0
    outer loop
      vertex -13.2503 13.205 29.6932
      vertex -13.2503 16.7944 17.9405
      vertex -13.2503 16.5706 18.189
    endloop
  endfacet
  facet normal -1 0 0
    outer loop
      vertex -13.2503 21.489 52.2091
      vertex -13.2503 16.7944 47.0595
      vertex -13.2503 16.9617 47.3492
    endloop
  endfacet
  facet normal -1 0 0
    outer loop
      vertex -13.2503 13.205 29.6932
      vertex -13.2503 16.5706 18.189
      vertex -13.2503 16.3 18.3856
    endloop
  endfacet
  facet normal -1 0 0
    outer loop
      vertex -13.2503 13.205 35.3068
      vertex -13.2503 16.7944 47.0595
      vertex -13.2503 13.5 32.5
    endloop
  endfacet
  facet normal -1 0 0
    outer loop
      vertex -13.2503 12.3329 27.0091
      vertex -13.2503 16.3 18.3856
      vertex -13.2503 15.9944 18.5217
    endloop
  endfacet
  facet normal -1 0 0
    outer loop
      vertex -13.2503 16.7944 47.0595
      vertex -13.2503 13.205 35.3068
      vertex -13.2503 16.5706 46.811
    endloop
  endfacet
  facet normal -1 0 0
    outer loop
      vertex -13.2503 12.3329 27.0091
      vertex -13.2503 15.9944 18.5217
      vertex -13.2503 15.6672 18.5912
    endloop
  endfacet
  facet normal -1 0 0
    outer loop
      vertex -13.2503 16.5706 46.811
      vertex -13.2503 13.205 35.3068
      vertex -13.2503 16.3 46.6144
    endloop
  endfacet
  facet normal -1 0 0
    outer loop
      vertex -13.2503 10.9217 24.5649
      vertex -13.2503 15.6672 18.5912
      vertex -13.2503 15.3328 18.5912
    endloop
  endfacet
  facet normal -1 0 0
    outer loop
      vertex -13.2503 12.3329 37.9909
      vertex -13.2503 16.3 46.6144
      vertex -13.2503 13.205 35.3068
    endloop
  endfacet
  facet normal -1 0 0
    outer loop
      vertex -13.2503 10.9217 24.5649
      vertex -13.2503 15.3328 18.5912
      vertex -13.2503 15.0056 18.5217
    endloop
  endfacet
  facet normal -1 0 0
    outer loop
      vertex -13.2503 16.3 46.6144
      vertex -13.2503 12.3329 37.9909
      vertex -13.2503 15.9944 46.4783
    endloop
  endfacet
  facet normal -1 0 0
    outer loop
      vertex -13.2503 10.9217 24.5649
      vertex -13.2503 15.0056 18.5217
      vertex -13.2503 14.7 18.3856
    endloop
  endfacet
  facet normal -1 0 0
    outer loop
      vertex -13.2503 15.9944 46.4783
      vertex -13.2503 12.3329 37.9909
      vertex -13.2503 15.6672 46.4088
    endloop
  endfacet
  facet normal -1 0 0
    outer loop
      vertex -13.2503 9.03326 22.4675
      vertex -13.2503 14.7 18.3856
      vertex -13.2503 14.4294 18.189
    endloop
  endfacet
  facet normal -1 0 0
    outer loop
      vertex -13.2503 10.9217 40.4351
      vertex -13.2503 15.6672 46.4088
      vertex -13.2503 12.3329 37.9909
    endloop
  endfacet
  facet normal -1 0 0
    outer loop
      vertex -13.2503 9.03326 22.4675
      vertex -13.2503 14.4294 18.189
      vertex -13.2503 14.2056 17.9405
    endloop
  endfacet
  facet normal -1 -0 0
    outer loop
      vertex -13.2503 15.6672 46.4088
      vertex -13.2503 10.9217 40.4351
      vertex -13.2503 15.3328 46.4088
    endloop
  endfacet
  facet normal -1 0 0
    outer loop
      vertex -13.2503 9.03326 22.4675
      vertex -13.2503 14.2056 17.9405
      vertex -13.2503 14.0383 17.6508
    endloop
  endfacet
  facet normal -1 -0 0
    outer loop
      vertex -13.2503 15.3328 46.4088
      vertex -13.2503 10.9217 40.4351
      vertex -13.2503 15.0056 46.4783
    endloop
  endfacet
  facet normal -1 0 0
    outer loop
      vertex -13.2503 9.03326 22.4675
      vertex -13.2503 14.0383 17.6508
      vertex -13.2503 13.935 17.3327
    endloop
  endfacet
  facet normal -1 -0 0
    outer loop
      vertex -13.2503 15.0056 46.4783
      vertex -13.2503 10.9217 40.4351
      vertex -13.2503 14.7 46.6144
    endloop
  endfacet
  facet normal -1 0 0
    outer loop
      vertex -13.2503 6.75 20.8087
      vertex -13.2503 13.935 17.3327
      vertex -13.2503 13.9 17
    endloop
  endfacet
  facet normal -1 0 0
    outer loop
      vertex -13.2503 9.03326 42.5325
      vertex -13.2503 14.7 46.6144
      vertex -13.2503 10.9217 40.4351
    endloop
  endfacet
  facet normal -1 0 0
    outer loop
      vertex -13.2503 19.5 11
      vertex -13.2503 21.489 12.7909
      vertex -13.2503 21.4021 12.382
    endloop
  endfacet
  facet normal -1 0 0
    outer loop
      vertex -13.2503 17.065 17.3327
      vertex -13.2503 21.489 12.7909
      vertex -13.2503 17.1 17
    endloop
  endfacet
  facet normal -1 0 0
    outer loop
      vertex -13.2503 19.5 11
      vertex -13.2503 21.4021 12.382
      vertex -13.2503 21.232 12
    endloop
  endfacet
  facet normal -1 0 0
    outer loop
      vertex -13.2503 16.9617 17.6508
      vertex -13.2503 21.489 12.7909
      vertex -13.2503 17.065 17.3327
    endloop
  endfacet
  facet normal -1 0 0
    outer loop
      vertex -13.2503 19.5 11
      vertex -13.2503 21.232 12
      vertex -13.2503 20.9863 11.6617
    endloop
  endfacet
  facet normal -1 0 0
    outer loop
      vertex -13.2503 17.065 48.3327
      vertex -13.2503 21.489 52.2091
      vertex -13.2503 17.1 48
    endloop
  endfacet
  facet normal -1 0 0
    outer loop
      vertex -13.2503 19.5 11
      vertex -13.2503 20.9863 11.6617
      vertex -13.2503 20.6756 11.382
    endloop
  endfacet
  facet normal -1 0 0
    outer loop
      vertex -13.2503 16.9617 48.6508
      vertex -13.2503 21.489 52.2091
      vertex -13.2503 17.065 48.3327
    endloop
  endfacet
  facet normal -1 0 0
    outer loop
      vertex -13.2503 19.5 11
      vertex -13.2503 20.6756 11.382
      vertex -13.2503 20.3135 11.1729
    endloop
  endfacet
  facet normal -1 0 0
    outer loop
      vertex -13.2503 16.7944 48.9405
      vertex -13.2503 21.489 52.2091
      vertex -13.2503 16.9617 48.6508
    endloop
  endfacet
  facet normal -1 0 0
    outer loop
      vertex -13.2503 19.5 11
      vertex -13.2503 20.3135 11.1729
      vertex -13.2503 19.9158 11.0437
    endloop
  endfacet
  facet normal -1 0 0
    outer loop
      vertex -13.2503 16.5706 49.189
      vertex -13.2503 21.489 52.2091
      vertex -13.2503 16.7944 48.9405
    endloop
  endfacet
  facet normal -1 -0 0
    outer loop
      vertex -13.2503 21.489 12.7909
      vertex -13.2503 19.5 11
      vertex -13.2503 16.5706 15.811
    endloop
  endfacet
  facet normal -1 0 -0
    outer loop
      vertex -13.2503 19.5 54
      vertex -13.2503 21.489 52.2091
      vertex -13.2503 16.5706 49.189
    endloop
  endfacet
  facet normal -1 0 0
    outer loop
      vertex -13.2503 21.4021 52.618
      vertex -13.2503 19.5 54
      vertex -13.2503 21.232 53
    endloop
  endfacet
  facet normal -1 0 0
    outer loop
      vertex -13.2503 21.489 12.7909
      vertex -13.2503 17.065 16.6673
      vertex -13.2503 17.1 17
    endloop
  endfacet
  facet normal -1 0 0
    outer loop
      vertex -13.2503 21.489 12.7909
      vertex -13.2503 16.9617 16.3492
      vertex -13.2503 17.065 16.6673
    endloop
  endfacet
  facet normal -1 0 0
    outer loop
      vertex -13.2503 21.489 12.7909
      vertex -13.2503 16.7944 16.0595
      vertex -13.2503 16.9617 16.3492
    endloop
  endfacet
  facet normal -1 0 0
    outer loop
      vertex -13.2503 21.489 12.7909
      vertex -13.2503 16.5706 15.811
      vertex -13.2503 16.7944 16.0595
    endloop
  endfacet
  facet normal -1 0 0
    outer loop
      vertex -13.2503 19.5 11
      vertex -13.2503 16.3 15.6144
      vertex -13.2503 16.5706 15.811
    endloop
  endfacet
  facet normal -1 0 0
    outer loop
      vertex -13.2503 19.5 11
      vertex -13.2503 15.9944 15.4783
      vertex -13.2503 16.3 15.6144
    endloop
  endfacet
  facet normal -1 0 0
    outer loop
      vertex -13.2503 19.5 11
      vertex -13.2503 15.6672 15.4088
      vertex -13.2503 15.9944 15.4783
    endloop
  endfacet
  facet normal -1 0 0
    outer loop
      vertex -13.2503 19.5 11
      vertex -13.2503 15.3328 15.4088
      vertex -13.2503 15.6672 15.4088
    endloop
  endfacet
  facet normal -1 0 0
    outer loop
      vertex -13.2503 19.5 11
      vertex -13.2503 15.0056 15.4783
      vertex -13.2503 15.3328 15.4088
    endloop
  endfacet
  facet normal -1 0 0
    outer loop
      vertex -13.2503 3.55734 11
      vertex -13.2503 15.0056 15.4783
      vertex -13.2503 19.5 11
    endloop
  endfacet
  facet normal -1 -0 0
    outer loop
      vertex -13.2503 15.0056 15.4783
      vertex -13.2503 3.55734 11
      vertex -13.2503 14.7 15.6144
    endloop
  endfacet
  facet normal -1 -0 0
    outer loop
      vertex -13.2503 14.7 46.6144
      vertex -13.2503 9.03326 42.5325
      vertex -13.2503 14.4294 46.811
    endloop
  endfacet
  facet normal -1 0 0
    outer loop
      vertex -13.2503 16.7944 17.9405
      vertex -13.2503 13.205 29.6932
      vertex -13.2503 13.5 32.5
    endloop
  endfacet
  facet normal -1 0 0
    outer loop
      vertex -13.2503 16.3 18.3856
      vertex -13.2503 12.3329 27.0091
      vertex -13.2503 13.205 29.6932
    endloop
  endfacet
  facet normal -1 0 0
    outer loop
      vertex -13.2503 6.75 20.8087
      vertex -13.2503 13.9 17
      vertex -13.2503 13.935 16.6673
    endloop
  endfacet
  facet normal -1 0 0
    outer loop
      vertex -13.2503 15.6672 18.5912
      vertex -13.2503 10.9217 24.5649
      vertex -13.2503 12.3329 27.0091
    endloop
  endfacet
  facet normal -1 0 0
    outer loop
      vertex -13.2503 3.55734 12.499
      vertex -13.2503 13.935 16.6673
      vertex -13.2503 14.0383 16.3492
    endloop
  endfacet
  facet normal -1 0 0
    outer loop
      vertex -13.2503 14.7 18.3856
      vertex -13.2503 9.03326 22.4675
      vertex -13.2503 10.9217 24.5649
    endloop
  endfacet
  facet normal -1 0 0
    outer loop
      vertex -13.2503 3.55734 12.499
      vertex -13.2503 14.0383 16.3492
      vertex -13.2503 14.2056 16.0595
    endloop
  endfacet
  facet normal -1 0 0
    outer loop
      vertex -13.2503 13.935 17.3327
      vertex -13.2503 6.75 20.8087
      vertex -13.2503 9.03326 22.4675
    endloop
  endfacet
  facet normal -1 0 0
    outer loop
      vertex -13.2503 3.55734 12.499
      vertex -13.2503 14.2056 16.0595
      vertex -13.2503 14.4294 15.811
    endloop
  endfacet
  facet normal -1 -0 0
    outer loop
      vertex -13.2503 14.7 15.6144
      vertex -13.2503 3.55734 11
      vertex -13.2503 14.4294 15.811
    endloop
  endfacet
  facet normal -1 -0 0
    outer loop
      vertex -13.2503 13.935 16.6673
      vertex -13.2503 3.55734 12.499
      vertex -13.2503 6.75 20.8087
    endloop
  endfacet
  facet normal -1 0 0
    outer loop
      vertex -13.2503 14.4294 15.811
      vertex -13.2503 3.55734 11
      vertex -13.2503 3.55734 12.499
    endloop
  endfacet
  facet normal -1 0 0
    outer loop
      vertex -13.2503 2.92654 13.4719
      vertex -13.2503 6.75 20.8087
      vertex -13.2503 3.55734 12.499
    endloop
  endfacet
  facet normal -1 0 0
    outer loop
      vertex -13.2503 6.75 20.8087
      vertex -13.2503 2.92654 13.4719
      vertex -13.2503 4.17173 19.6607
    endloop
  endfacet
  facet normal -1 0 0
    outer loop
      vertex -13.2503 2.08453 14.499
      vertex -13.2503 4.17173 19.6607
      vertex -13.2503 2.92654 13.4719
    endloop
  endfacet
  facet normal -1 0 0
    outer loop
      vertex -13.2503 2.08453 14.499
      vertex -13.2503 1.41113 19.074
      vertex -13.2503 4.17173 19.6607
    endloop
  endfacet
  facet normal -1 0 0
    outer loop
      vertex -13.2503 2.08453 14.499
      vertex -13.2503 -1.41113 19.074
      vertex -13.2503 1.41113 19.074
    endloop
  endfacet
  facet normal -1 0 0
    outer loop
      vertex -13.2503 -2.08453 14.499
      vertex -13.2503 -1.41113 19.074
      vertex -13.2503 2.08453 14.499
    endloop
  endfacet
  facet normal -1 0 0
    outer loop
      vertex -13.2503 -4.17173 19.6607
      vertex -13.2503 -2.08453 14.499
      vertex -13.2503 -2.92654 13.4719
    endloop
  endfacet
  facet normal -1 0 0
    outer loop
      vertex -13.2503 -4.17173 19.6607
      vertex -13.2503 -2.92654 13.4719
      vertex -13.2503 -3.55734 12.499
    endloop
  endfacet
  facet normal -1 0 0
    outer loop
      vertex -13.2503 -2.08453 14.499
      vertex -13.2503 -4.17173 19.6607
      vertex -13.2503 -1.41113 19.074
    endloop
  endfacet
  facet normal -1 0 0
    outer loop
      vertex -13.2503 21.232 53
      vertex -13.2503 19.5 54
      vertex -13.2503 20.9863 53.3383
    endloop
  endfacet
  facet normal -1 0 0
    outer loop
      vertex -13.2503 20.9863 53.3383
      vertex -13.2503 19.5 54
      vertex -13.2503 20.6756 53.618
    endloop
  endfacet
  facet normal -1 0 0
    outer loop
      vertex -13.2503 20.6756 53.618
      vertex -13.2503 19.5 54
      vertex -13.2503 20.3135 53.8271
    endloop
  endfacet
  facet normal -1 0 0
    outer loop
      vertex -13.2503 20.3135 53.8271
      vertex -13.2503 19.5 54
      vertex -13.2503 19.9158 53.9563
    endloop
  endfacet
  facet normal -1 0 0
    outer loop
      vertex -13.2503 21.489 52.2091
      vertex -13.2503 19.5 54
      vertex -13.2503 21.4021 52.618
    endloop
  endfacet
  facet normal -1 0 0
    outer loop
      vertex -13.2503 16.3 49.3856
      vertex -13.2503 19.5 54
      vertex -13.2503 16.5706 49.189
    endloop
  endfacet
  facet normal -1 0 0
    outer loop
      vertex -13.2503 15.9944 49.5217
      vertex -13.2503 19.5 54
      vertex -13.2503 16.3 49.3856
    endloop
  endfacet
  facet normal -1 0 0
    outer loop
      vertex -13.2503 15.6672 49.5912
      vertex -13.2503 19.5 54
      vertex -13.2503 15.9944 49.5217
    endloop
  endfacet
  facet normal -1 0 0
    outer loop
      vertex -13.2503 15.3328 49.5912
      vertex -13.2503 19.5 54
      vertex -13.2503 15.6672 49.5912
    endloop
  endfacet
  facet normal -1 0 0
    outer loop
      vertex -13.2503 15.0056 49.5217
      vertex -13.2503 19.5 54
      vertex -13.2503 15.3328 49.5912
    endloop
  endfacet
  facet normal -1 0 0
    outer loop
      vertex -13.2503 14.7 49.3856
      vertex -13.2503 19.5 54
      vertex -13.2503 15.0056 49.5217
    endloop
  endfacet
  facet normal -1 0 0
    outer loop
      vertex -13.2503 1.41113 45.926
      vertex -13.2503 14.7 49.3856
      vertex -13.2503 14.4294 49.189
    endloop
  endfacet
  facet normal -1 -0 0
    outer loop
      vertex -13.2503 14.4294 46.811
      vertex -13.2503 9.03326 42.5325
      vertex -13.2503 14.2056 47.0595
    endloop
  endfacet
  facet normal -1 -0 0
    outer loop
      vertex -13.2503 14.2056 47.0595
      vertex -13.2503 9.03326 42.5325
      vertex -13.2503 14.0383 47.3492
    endloop
  endfacet
  facet normal -1 -0 0
    outer loop
      vertex -13.2503 14.0383 47.3492
      vertex -13.2503 9.03326 42.5325
      vertex -13.2503 13.935 47.6673
    endloop
  endfacet
  facet normal -1 0 0
    outer loop
      vertex -13.2503 6.75 44.1913
      vertex -13.2503 13.935 47.6673
      vertex -13.2503 9.03326 42.5325
    endloop
  endfacet
  facet normal -1 -0 0
    outer loop
      vertex -13.2503 13.935 47.6673
      vertex -13.2503 6.75 44.1913
      vertex -13.2503 13.9 48
    endloop
  endfacet
  facet normal -1 -0 0
    outer loop
      vertex -13.2503 13.9 48
      vertex -13.2503 6.75 44.1913
      vertex -13.2503 13.935 48.3327
    endloop
  endfacet
  facet normal -1 -0 0
    outer loop
      vertex -13.2503 13.935 48.3327
      vertex -13.2503 6.75 44.1913
      vertex -13.2503 14.0383 48.6508
    endloop
  endfacet
  facet normal -1 0 0
    outer loop
      vertex -13.2503 4.17173 45.3393
      vertex -13.2503 14.0383 48.6508
      vertex -13.2503 6.75 44.1913
    endloop
  endfacet
  facet normal -1 -0 0
    outer loop
      vertex -13.2503 14.0383 48.6508
      vertex -13.2503 4.17173 45.3393
      vertex -13.2503 14.2056 48.9405
    endloop
  endfacet
  facet normal -1 -0 0
    outer loop
      vertex -13.2503 14.2056 48.9405
      vertex -13.2503 4.17173 45.3393
      vertex -13.2503 14.4294 49.189
    endloop
  endfacet
  facet normal -1 0 0
    outer loop
      vertex -13.2503 1.41113 45.926
      vertex -13.2503 14.4294 49.189
      vertex -13.2503 4.17173 45.3393
    endloop
  endfacet
  facet normal -1 -0 0
    outer loop
      vertex -13.2503 14.7 49.3856
      vertex -13.2503 1.41113 45.926
      vertex -13.2503 19.5 54
    endloop
  endfacet
  facet normal -1 0 0
    outer loop
      vertex -13.2503 -1.41113 45.926
      vertex -13.2503 19.5 54
      vertex -13.2503 1.41113 45.926
    endloop
  endfacet
  facet normal -1 0 0
    outer loop
      vertex -13.2503 -14.4294 49.189
      vertex -13.2503 -1.41113 45.926
      vertex -13.2503 -4.17173 45.3393
    endloop
  endfacet
  facet normal -1 0 0
    outer loop
      vertex -13.2503 -14.7 18.3856
      vertex -13.2503 -9.03326 22.4675
      vertex -13.2503 -14.4294 18.189
    endloop
  endfacet
  facet normal -1 0 0
    outer loop
      vertex -13.2503 -13.9 48
      vertex -13.2503 -13.205 35.3068
      vertex -13.2503 -13.5 32.5
    endloop
  endfacet
  facet normal -1 0 0
    outer loop
      vertex -13.2503 -13.9 48
      vertex -13.2503 -12.3329 37.9909
      vertex -13.2503 -13.205 35.3068
    endloop
  endfacet
  facet normal -1 0 0
    outer loop
      vertex -13.2503 -13.9 48
      vertex -13.2503 -10.9217 40.4351
      vertex -13.2503 -12.3329 37.9909
    endloop
  endfacet
  facet normal -1 0 0
    outer loop
      vertex -13.2503 -13.9 48
      vertex -13.2503 -9.03326 42.5325
      vertex -13.2503 -10.9217 40.4351
    endloop
  endfacet
  facet normal -1 0 0
    outer loop
      vertex -13.2503 -13.9 48
      vertex -13.2503 -6.75 44.1913
      vertex -13.2503 -9.03326 42.5325
    endloop
  endfacet
  facet normal -1 0 0
    outer loop
      vertex -13.2503 -13.935 48.3327
      vertex -13.2503 -6.75 44.1913
      vertex -13.2503 -13.9 48
    endloop
  endfacet
  facet normal -1 0 0
    outer loop
      vertex -13.2503 -6.75 44.1913
      vertex -13.2503 -13.935 48.3327
      vertex -13.2503 -4.17173 45.3393
    endloop
  endfacet
  facet normal -1 0 0
    outer loop
      vertex -13.2503 -14.0383 48.6508
      vertex -13.2503 -4.17173 45.3393
      vertex -13.2503 -13.935 48.3327
    endloop
  endfacet
  facet normal -1 0 0
    outer loop
      vertex -13.2503 -14.2056 48.9405
      vertex -13.2503 -4.17173 45.3393
      vertex -13.2503 -14.0383 48.6508
    endloop
  endfacet
  facet normal -1 0 0
    outer loop
      vertex -13.2503 -14.4294 49.189
      vertex -13.2503 -4.17173 45.3393
      vertex -13.2503 -14.2056 48.9405
    endloop
  endfacet
  facet normal -1 0 0
    outer loop
      vertex -13.2503 -1.41113 45.926
      vertex -13.2503 -14.4294 49.189
      vertex -13.2503 -14.7 49.3856
    endloop
  endfacet
  facet normal -1 0 0
    outer loop
      vertex -13.2503 -1.41113 45.926
      vertex -13.2503 -14.7 49.3856
      vertex -13.2503 -19.5 54
    endloop
  endfacet
  facet normal -1 0 0
    outer loop
      vertex -13.2503 -19.5 54
      vertex -13.2503 -14.7 49.3856
      vertex -13.2503 -15.0056 49.5217
    endloop
  endfacet
  facet normal -1 0 0
    outer loop
      vertex -13.2503 -19.5 54
      vertex -13.2503 -15.0056 49.5217
      vertex -13.2503 -15.3328 49.5912
    endloop
  endfacet
  facet normal -1 0 0
    outer loop
      vertex -13.2503 -19.5 54
      vertex -13.2503 -15.3328 49.5912
      vertex -13.2503 -15.6672 49.5912
    endloop
  endfacet
  facet normal -1 0 0
    outer loop
      vertex -13.2503 -1.41113 45.926
      vertex -13.2503 -19.5 54
      vertex -13.2503 19.5 54
    endloop
  endfacet
  facet normal -1 0 0
    outer loop
      vertex -13.2503 -15.9944 49.5217
      vertex -13.2503 -19.5 54
      vertex -13.2503 -15.6672 49.5912
    endloop
  endfacet
  facet normal -1 0 0
    outer loop
      vertex -13.2503 -16.3 49.3856
      vertex -13.2503 -19.5 54
      vertex -13.2503 -15.9944 49.5217
    endloop
  endfacet
  facet normal -1 0 0
    outer loop
      vertex -13.2503 -16.5706 49.189
      vertex -13.2503 -19.5 54
      vertex -13.2503 -16.3 49.3856
    endloop
  endfacet
  facet normal -1 0 0
    outer loop
      vertex -13.2503 -21.489 52.2091
      vertex -13.2503 -16.5706 49.189
      vertex -13.2503 -16.7944 48.9405
    endloop
  endfacet
  facet normal -1 0 0
    outer loop
      vertex -13.2503 -21.489 52.2091
      vertex -13.2503 -16.7944 48.9405
      vertex -13.2503 -16.9617 48.6508
    endloop
  endfacet
  facet normal -1 0 0
    outer loop
      vertex -13.2503 -21.489 52.2091
      vertex -13.2503 -16.9617 48.6508
      vertex -13.2503 -17.065 48.3327
    endloop
  endfacet
  facet normal -1 0 0
    outer loop
      vertex -13.2503 -21.489 52.2091
      vertex -13.2503 -17.065 48.3327
      vertex -13.2503 -17.1 48
    endloop
  endfacet
  facet normal -1 0 0
    outer loop
      vertex -13.2503 -16.9617 47.3492
      vertex -13.2503 -21.489 52.2091
      vertex -13.2503 -17.065 47.6673
    endloop
  endfacet
  facet normal -1 0 0
    outer loop
      vertex -13.2503 -21.489 12.7909
      vertex -13.2503 -19.5 11
      vertex -13.2503 -19.9158 11.0437
    endloop
  endfacet
  facet normal -1 0 0
    outer loop
      vertex -13.2503 -17.065 47.6673
      vertex -13.2503 -21.489 52.2091
      vertex -13.2503 -17.1 48
    endloop
  endfacet
  facet normal -1 0 0
    outer loop
      vertex -13.2503 -21.489 12.7909
      vertex -13.2503 -19.9158 11.0437
      vertex -13.2503 -20.3135 11.1729
    endloop
  endfacet
  facet normal -1 0 0
    outer loop
      vertex -13.2503 -16.5706 49.189
      vertex -13.2503 -21.489 52.2091
      vertex -13.2503 -19.5 54
    endloop
  endfacet
  facet normal -1 0 0
    outer loop
      vertex -13.2503 -21.489 12.7909
      vertex -13.2503 -20.3135 11.1729
      vertex -13.2503 -20.6756 11.382
    endloop
  endfacet
  facet normal -1 0 0
    outer loop
      vertex -13.2503 -19.5 54
      vertex -13.2503 -21.489 52.2091
      vertex -13.2503 -19.9158 53.9563
    endloop
  endfacet
  facet normal -1 0 0
    outer loop
      vertex -13.2503 -21.489 12.7909
      vertex -13.2503 -20.6756 11.382
      vertex -13.2503 -20.9863 11.6617
    endloop
  endfacet
  facet normal -1 0 0
    outer loop
      vertex -13.2503 -19.9158 53.9563
      vertex -13.2503 -21.489 52.2091
      vertex -13.2503 -20.3135 53.8271
    endloop
  endfacet
  facet normal -1 0 0
    outer loop
      vertex -13.2503 -21.489 12.7909
      vertex -13.2503 -20.9863 11.6617
      vertex -13.2503 -21.232 12
    endloop
  endfacet
  facet normal -1 0 0
    outer loop
      vertex -13.2503 -20.3135 53.8271
      vertex -13.2503 -21.489 52.2091
      vertex -13.2503 -20.6756 53.618
    endloop
  endfacet
  facet normal -1 0 0
    outer loop
      vertex -13.2503 -21.489 12.7909
      vertex -13.2503 -21.232 12
      vertex -13.2503 -21.4021 12.382
    endloop
  endfacet
  facet normal -1 0 0
    outer loop
      vertex -13.2503 -20.6756 53.618
      vertex -13.2503 -21.489 52.2091
      vertex -13.2503 -20.9863 53.3383
    endloop
  endfacet
  facet normal -1 0 0
    outer loop
      vertex -13.2503 -20.9863 53.3383
      vertex -13.2503 -21.489 52.2091
      vertex -13.2503 -21.232 53
    endloop
  endfacet
  facet normal -1 0 0
    outer loop
      vertex -13.2503 -21.232 53
      vertex -13.2503 -21.489 52.2091
      vertex -13.2503 -21.4021 52.618
    endloop
  endfacet
  facet normal 0 0.308973 0.951071
    outer loop
      vertex -13.2503 -19.9158 11.0437
      vertex -23.2511 -20.3135 11.1729
      vertex -13.2503 -20.3135 11.1729
    endloop
  endfacet
  facet normal 0 0.308973 0.951071
    outer loop
      vertex -23.2511 -20.3135 11.1729
      vertex -13.2503 -19.9158 11.0437
      vertex -23.3275 -19.9158 11.0437
    endloop
  endfacet
  facet normal 0 -0.669057 -0.743211
    outer loop
      vertex -14.9055 20.6756 53.618
      vertex -13.2503 20.9863 53.3383
      vertex -13.2503 20.6756 53.618
    endloop
  endfacet
  facet normal -0 -0.669057 -0.743211
    outer loop
      vertex -13.2503 20.9863 53.3383
      vertex -14.9055 20.6756 53.618
      vertex -14.9528 20.9863 53.3383
    endloop
  endfacet
  facet normal 0 0.913525 0.406782
    outer loop
      vertex -13.2503 -21.232 12
      vertex -22.8779 -21.4021 12.382
      vertex -13.2503 -21.4021 12.382
    endloop
  endfacet
  facet normal 0 0.913525 0.406782
    outer loop
      vertex -22.8779 -21.4021 12.382
      vertex -13.2503 -21.232 12
      vertex -22.9733 -21.232 12
    endloop
  endfacet
  facet normal 0 0.809119 -0.587645
    outer loop
      vertex -13.2503 -21.232 53
      vertex -14.9728 -20.9863 53.3383
      vertex -13.2503 -20.9863 53.3383
    endloop
  endfacet
  facet normal 0 0.809119 -0.587645
    outer loop
      vertex -14.9728 -20.9863 53.3383
      vertex -13.2503 -21.232 53
      vertex -15.0436 -21.232 53
    endloop
  endfacet
  facet normal 0 0.669057 0.743211
    outer loop
      vertex -13.2503 -20.6756 11.382
      vertex -23.0701 -20.9863 11.6617
      vertex -13.2503 -20.9863 11.6617
    endloop
  endfacet
  facet normal 0 0.669057 0.743211
    outer loop
      vertex -23.0701 -20.9863 11.6617
      vertex -13.2503 -20.6756 11.382
      vertex -23.1641 -20.6756 11.382
    endloop
  endfacet
  facet normal 0 -0.308973 -0.951071
    outer loop
      vertex -14.8434 19.9158 53.9563
      vertex -13.2503 20.3135 53.8271
      vertex -13.2503 19.9158 53.9563
    endloop
  endfacet
  facet normal -0 -0.308973 -0.951071
    outer loop
      vertex -13.2503 20.3135 53.8271
      vertex -14.8434 19.9158 53.9563
      vertex -14.8704 20.3135 53.8271
    endloop
  endfacet
  facet normal -1.40542e-06 -0.913538 0.406752
    outer loop
      vertex -13.2503 21.232 12
      vertex -22.8651 21.4021 12.382
      vertex -22.9443 21.2545 12.0505
    endloop
  endfacet
  facet normal 0 -0.913438 0.406977
    outer loop
      vertex -13.2503 21.232 12
      vertex -22.9443 21.2545 12.0505
      vertex -22.956 21.232 12
    endloop
  endfacet
  facet normal 0 -0.913525 0.406782
    outer loop
      vertex -22.8651 21.4021 12.382
      vertex -13.2503 21.232 12
      vertex -13.2503 21.4021 12.382
    endloop
  endfacet
  facet normal -0 -0.809119 -0.587645
    outer loop
      vertex -13.2503 21.232 53
      vertex -14.9528 20.9863 53.3383
      vertex -15.0129 21.232 53
    endloop
  endfacet
  facet normal 0 -0.809119 -0.587645
    outer loop
      vertex -14.9528 20.9863 53.3383
      vertex -13.2503 21.232 53
      vertex -13.2503 20.9863 53.3383
    endloop
  endfacet
  facet normal 0 -0.500403 -0.865793
    outer loop
      vertex -14.8802 20.3943 53.7804
      vertex -13.2503 20.3135 53.8271
      vertex -14.8704 20.3135 53.8271
    endloop
  endfacet
  facet normal 0.000173042 -0.497784 -0.867301
    outer loop
      vertex -14.8818 20.4112 53.7707
      vertex -13.2503 20.3135 53.8271
      vertex -14.8802 20.3943 53.7804
    endloop
  endfacet
  facet normal -9.71867e-06 -0.500074 -0.865982
    outer loop
      vertex -13.2503 20.3135 53.8271
      vertex -14.8818 20.4112 53.7707
      vertex -13.2503 20.6756 53.618
    endloop
  endfacet
  facet normal -0 -0.500119 -0.865956
    outer loop
      vertex -13.2503 20.6756 53.618
      vertex -14.8818 20.4112 53.7707
      vertex -14.9055 20.6756 53.618
    endloop
  endfacet
  facet normal 0 -0.669057 0.743211
    outer loop
      vertex -23.0307 20.9863 11.6617
      vertex -13.2503 20.6756 11.382
      vertex -13.2503 20.9863 11.6617
    endloop
  endfacet
  facet normal 0 -0.669057 0.743211
    outer loop
      vertex -13.2503 20.6756 11.382
      vertex -23.0307 20.9863 11.6617
      vertex -23.0918 20.6756 11.382
    endloop
  endfacet
  facet normal -0.0154502 -0.807344 0.589878
    outer loop
      vertex -22.9898 21.1278 11.8565
      vertex -22.956 21.232 12
      vertex -22.9699 21.1923 11.9453
    endloop
  endfacet
  facet normal -4.08563e-06 -0.809174 0.587569
    outer loop
      vertex -22.956 21.232 12
      vertex -22.9898 21.1278 11.8565
      vertex -13.2503 20.9863 11.6617
    endloop
  endfacet
  facet normal 0 -0.809077 0.587702
    outer loop
      vertex -13.2503 20.9863 11.6617
      vertex -22.9898 21.1278 11.8565
      vertex -23.0307 20.9863 11.6617
    endloop
  endfacet
  facet normal 0 -0.809119 0.587645
    outer loop
      vertex -22.956 21.232 12
      vertex -13.2503 20.9863 11.6617
      vertex -13.2503 21.232 12
    endloop
  endfacet
  facet normal 0 0.104523 0.994522
    outer loop
      vertex -13.2503 -19.5 11
      vertex -23.3275 -19.9158 11.0437
      vertex -13.2503 -19.9158 11.0437
    endloop
  endfacet
  facet normal 0 0.104523 0.994522
    outer loop
      vertex -23.3275 -19.9158 11.0437
      vertex -13.2503 -19.5 11
      vertex -23.3897 -19.5 11
    endloop
  endfacet
  facet normal -0 -0.913525 -0.406782
    outer loop
      vertex -13.2503 21.4021 52.618
      vertex -15.0129 21.232 53
      vertex -15.0832 21.4021 52.618
    endloop
  endfacet
  facet normal 0 -0.913525 -0.406782
    outer loop
      vertex -15.0129 21.232 53
      vertex -13.2503 21.4021 52.618
      vertex -13.2503 21.232 53
    endloop
  endfacet
  facet normal 0 0.499791 -0.866146
    outer loop
      vertex -10.7497 -20.0878 53.809
      vertex -8.35958 -19.9067 53.9135
      vertex -8.28859 -20.0878 53.809
    endloop
  endfacet
  facet normal 0 0.499791 -0.866146
    outer loop
      vertex -8.35958 -19.9067 53.9135
      vertex -10.7497 -20.0878 53.809
      vertex -10.7497 -19.9067 53.9135
    endloop
  endfacet
  facet normal 0 0.669308 -0.742985
    outer loop
      vertex -10.7497 -20.2431 53.6691
      vertex -8.28859 -20.0878 53.809
      vertex -8.19359 -20.2431 53.6691
    endloop
  endfacet
  facet normal 0 0.669308 -0.742985
    outer loop
      vertex -8.28859 -20.0878 53.809
      vertex -10.7497 -20.2431 53.6691
      vertex -10.7497 -20.0878 53.809
    endloop
  endfacet
  facet normal 0 0 1
    outer loop
      vertex -6.75 23.5 7
      vertex -7.15218 3.91969 7
      vertex -6.75 3.55756 7
    endloop
  endfacet
  facet normal 0 0 1
    outer loop
      vertex -6.75 23.5 7
      vertex -8.02936 4.42613 7
      vertex -7.15218 3.91969 7
    endloop
  endfacet
  facet normal 0 0 1
    outer loop
      vertex -6.75 23.5 7
      vertex -8.99267 4.73912 7
      vertex -8.02936 4.42613 7
    endloop
  endfacet
  facet normal 0 0 1
    outer loop
      vertex -6.75 23.5 7
      vertex -10 4.845 7
      vertex -8.99267 4.73912 7
    endloop
  endfacet
  facet normal -0 0 1
    outer loop
      vertex -10.7497 23.5 7
      vertex -10 4.845 7
      vertex -6.75 23.5 7
    endloop
  endfacet
  facet normal 0 0 1
    outer loop
      vertex -10 4.845 7
      vertex -10.7497 23.5 7
      vertex -10.7497 4.7662 7
    endloop
  endfacet
  facet normal 0 0 1
    outer loop
      vertex 17.25 4.85705 7
      vertex 14.8185 0.50644 7
      vertex 17.25 -4.85705 7
    endloop
  endfacet
  facet normal 0 0 1
    outer loop
      vertex 17.25 4.85705 7
      vertex 14.6079 1.49719 7
      vertex 14.8185 0.50644 7
    endloop
  endfacet
  facet normal 0 0 1
    outer loop
      vertex 17.25 4.85705 7
      vertex 14.1959 2.4225 7
      vertex 14.6079 1.49719 7
    endloop
  endfacet
  facet normal 0 0 1
    outer loop
      vertex 17.25 4.85705 7
      vertex 13.6005 3.24194 7
      vertex 14.1959 2.4225 7
    endloop
  endfacet
  facet normal 0 0 1
    outer loop
      vertex 17.25 4.85705 7
      vertex 12.8478 3.91969 7
      vertex 13.6005 3.24194 7
    endloop
  endfacet
  facet normal 0 0 1
    outer loop
      vertex 17.25 4.85705 7
      vertex 11.9706 4.42613 7
      vertex 12.8478 3.91969 7
    endloop
  endfacet
  facet normal 0 0 1
    outer loop
      vertex 17.25 4.85705 7
      vertex 11.0073 4.73912 7
      vertex 11.9706 4.42613 7
    endloop
  endfacet
  facet normal 0 0 1
    outer loop
      vertex 9.79282 23.5 7
      vertex 11.0073 4.73912 7
      vertex 17.25 4.85705 7
    endloop
  endfacet
  facet normal 0 0 1
    outer loop
      vertex 11.0073 4.73912 7
      vertex 9.79282 23.5 7
      vertex 10 4.845 7
    endloop
  endfacet
  facet normal 0 0 1
    outer loop
      vertex 9.79282 23.5 7
      vertex 8.99267 4.73912 7
      vertex 10 4.845 7
    endloop
  endfacet
  facet normal -0 0 1
    outer loop
      vertex 1.25 23.5 7
      vertex 8.99267 4.73912 7
      vertex 9.79282 23.5 7
    endloop
  endfacet
  facet normal 0 0 1
    outer loop
      vertex 8.99267 4.73912 7
      vertex 1.25 23.5 7
      vertex 8.02936 4.42613 7
    endloop
  endfacet
  facet normal 0 0 1
    outer loop
      vertex 8.02936 4.42613 7
      vertex 1.25 23.5 7
      vertex 7.15218 3.91969 7
    endloop
  endfacet
  facet normal 0 0 1
    outer loop
      vertex 7.15218 3.91969 7
      vertex 1.25 23.5 7
      vertex 6.39946 3.24194 7
    endloop
  endfacet
  facet normal 0 0 1
    outer loop
      vertex 1.25 -0.591211 7
      vertex 6.39946 3.24194 7
      vertex 1.25 23.5 7
    endloop
  endfacet
  facet normal 0 0 1
    outer loop
      vertex 6.39946 3.24194 7
      vertex 1.25 -0.591211 7
      vertex 5.80411 2.4225 7
    endloop
  endfacet
  facet normal 0 0 1
    outer loop
      vertex 1.25 -0.591211 7
      vertex 5.18154 -0.50644 7
      vertex 5.18154 0.50644 7
    endloop
  endfacet
  facet normal 0 0 1
    outer loop
      vertex 5.18154 -0.50644 7
      vertex 4.73912 -8.99267 7
      vertex 4.845 -10 7
    endloop
  endfacet
  facet normal 0 0 1
    outer loop
      vertex 5.18154 -0.50644 7
      vertex 4.42613 -8.02936 7
      vertex 4.73912 -8.99267 7
    endloop
  endfacet
  facet normal 0 0 1
    outer loop
      vertex 5.18154 -0.50644 7
      vertex 3.91969 -7.15218 7
      vertex 4.42613 -8.02936 7
    endloop
  endfacet
  facet normal 0 0 1
    outer loop
      vertex 5.18154 -0.50644 7
      vertex 3.24194 -6.39946 7
      vertex 3.91969 -7.15218 7
    endloop
  endfacet
  facet normal 0 0 1
    outer loop
      vertex 5.80411 2.4225 7
      vertex 1.25 -0.591211 7
      vertex 5.39213 1.49719 7
    endloop
  endfacet
  facet normal 0 0 1
    outer loop
      vertex 5.18154 -0.50644 7
      vertex 1.25 -0.591211 7
      vertex 2.4225 -5.80411 7
    endloop
  endfacet
  facet normal 0 0 1
    outer loop
      vertex 5.18154 -0.50644 7
      vertex 2.4225 -5.80411 7
      vertex 3.24194 -6.39946 7
    endloop
  endfacet
  facet normal 0 0 1
    outer loop
      vertex 5.39213 1.49719 7
      vertex 1.25 -0.591211 7
      vertex 5.18154 0.50644 7
    endloop
  endfacet
  facet normal 0 0 1
    outer loop
      vertex 2.4225 -5.80411 7
      vertex 1.25 -0.591211 7
      vertex 1.49719 -5.39213 7
    endloop
  endfacet
  facet normal 0 0 1
    outer loop
      vertex 1.25 -0.591211 7
      vertex 0.50644 -5.18154 7
      vertex 1.49719 -5.39213 7
    endloop
  endfacet
  facet normal 0 0 1
    outer loop
      vertex 1.25 -0.591211 7
      vertex -0.50644 -5.18154 7
      vertex 0.50644 -5.18154 7
    endloop
  endfacet
  facet normal 0 0 1
    outer loop
      vertex 1.25 -0.591211 7
      vertex -1.49719 -5.39213 7
      vertex -0.50644 -5.18154 7
    endloop
  endfacet
  facet normal -0 0 1
    outer loop
      vertex -5.39213 -1.49719 7
      vertex -1.49719 -5.39213 7
      vertex 1.25 -0.591211 7
    endloop
  endfacet
  facet normal 0 0 1
    outer loop
      vertex -1.49719 -5.39213 7
      vertex -5.39213 -1.49719 7
      vertex -2.4225 -5.80411 7
    endloop
  endfacet
  facet normal -0 0 1
    outer loop
      vertex -5.80411 -2.4225 7
      vertex -2.4225 -5.80411 7
      vertex -5.39213 -1.49719 7
    endloop
  endfacet
  facet normal 0 0 1
    outer loop
      vertex -3.24194 -6.39946 7
      vertex -6.39946 -3.24194 7
      vertex -3.91969 -7.15218 7
    endloop
  endfacet
  facet normal -0 0 1
    outer loop
      vertex -6.39946 -3.24194 7
      vertex -3.24194 -6.39946 7
      vertex -5.80411 -2.4225 7
    endloop
  endfacet
  facet normal 0 0 1
    outer loop
      vertex -2.4225 -5.80411 7
      vertex -5.80411 -2.4225 7
      vertex -3.24194 -6.39946 7
    endloop
  endfacet
  facet normal 0 0 1
    outer loop
      vertex -5.39213 -1.49719 7
      vertex 1.25 -0.591211 7
      vertex -5.19956 -0.591211 7
    endloop
  endfacet
  facet normal -0 0 1
    outer loop
      vertex 14.8185 -0.50644 7
      vertex 17.25 -4.85705 7
      vertex 14.8185 0.50644 7
    endloop
  endfacet
  facet normal -0 0 1
    outer loop
      vertex 14.6079 -1.49719 7
      vertex 17.25 -4.85705 7
      vertex 14.8185 -0.50644 7
    endloop
  endfacet
  facet normal -0 0 1
    outer loop
      vertex 14.1959 -2.4225 7
      vertex 17.25 -4.85705 7
      vertex 14.6079 -1.49719 7
    endloop
  endfacet
  facet normal -0 0 1
    outer loop
      vertex 13.6005 -3.24194 7
      vertex 17.25 -4.85705 7
      vertex 14.1959 -2.4225 7
    endloop
  endfacet
  facet normal -0 0 1
    outer loop
      vertex 12.8478 -3.91969 7
      vertex 17.25 -4.85705 7
      vertex 13.6005 -3.24194 7
    endloop
  endfacet
  facet normal -0 0 1
    outer loop
      vertex 11.9706 -4.42613 7
      vertex 17.25 -4.85705 7
      vertex 12.8478 -3.91969 7
    endloop
  endfacet
  facet normal 0 0 1
    outer loop
      vertex 11.9706 -4.42613 7
      vertex 11.3928 -19.5 7
      vertex 17.25 -4.85705 7
    endloop
  endfacet
  facet normal -0 0 1
    outer loop
      vertex 11.0073 -4.73912 7
      vertex 11.3928 -19.5 7
      vertex 11.9706 -4.42613 7
    endloop
  endfacet
  facet normal 0 0 1
    outer loop
      vertex 4.73912 -11.0073 7
      vertex 11.0073 -4.73912 7
      vertex 10 -4.845 7
    endloop
  endfacet
  facet normal 0 0 1
    outer loop
      vertex 4.845 -10 7
      vertex 10 -4.845 7
      vertex 8.99267 -4.73912 7
    endloop
  endfacet
  facet normal 0 0 1
    outer loop
      vertex 4.845 -10 7
      vertex 8.99267 -4.73912 7
      vertex 8.02936 -4.42613 7
    endloop
  endfacet
  facet normal 0 0 1
    outer loop
      vertex 4.845 -10 7
      vertex 8.02936 -4.42613 7
      vertex 7.15218 -3.91969 7
    endloop
  endfacet
  facet normal 0 0 1
    outer loop
      vertex 4.845 -10 7
      vertex 7.15218 -3.91969 7
      vertex 6.39946 -3.24194 7
    endloop
  endfacet
  facet normal 0 0 1
    outer loop
      vertex 4.845 -10 7
      vertex 6.39946 -3.24194 7
      vertex 5.80411 -2.4225 7
    endloop
  endfacet
  facet normal 0 0 1
    outer loop
      vertex 4.845 -10 7
      vertex 5.80411 -2.4225 7
      vertex 5.39213 -1.49719 7
    endloop
  endfacet
  facet normal 0 0 1
    outer loop
      vertex 4.845 -10 7
      vertex 5.39213 -1.49719 7
      vertex 5.18154 -0.50644 7
    endloop
  endfacet
  facet normal 0 0 1
    outer loop
      vertex 10 -4.845 7
      vertex 4.845 -10 7
      vertex 4.73912 -11.0073 7
    endloop
  endfacet
  facet normal 0 0 1
    outer loop
      vertex 11.0073 -4.73912 7
      vertex 4.73912 -11.0073 7
      vertex 11.3928 -19.5 7
    endloop
  endfacet
  facet normal -0 0 1
    outer loop
      vertex 4.42613 -11.9706 7
      vertex 11.3928 -19.5 7
      vertex 4.73912 -11.0073 7
    endloop
  endfacet
  facet normal -0 0 1
    outer loop
      vertex 3.91969 -12.8478 7
      vertex 11.3928 -19.5 7
      vertex 4.42613 -11.9706 7
    endloop
  endfacet
  facet normal -0 0 1
    outer loop
      vertex 3.24194 -13.6005 7
      vertex 11.3928 -19.5 7
      vertex 3.91969 -12.8478 7
    endloop
  endfacet
  facet normal -0 0 1
    outer loop
      vertex 2.4225 -14.1959 7
      vertex 11.3928 -19.5 7
      vertex 3.24194 -13.6005 7
    endloop
  endfacet
  facet normal -0 0 1
    outer loop
      vertex 1.49719 -14.6079 7
      vertex 11.3928 -19.5 7
      vertex 2.4225 -14.1959 7
    endloop
  endfacet
  facet normal -0 0 1
    outer loop
      vertex 0.50644 -14.8185 7
      vertex 11.3928 -19.5 7
      vertex 1.49719 -14.6079 7
    endloop
  endfacet
  facet normal 0 0 1
    outer loop
      vertex -10.7497 -19.5 7
      vertex 0.50644 -14.8185 7
      vertex -0.50644 -14.8185 7
    endloop
  endfacet
  facet normal 0 0 1
    outer loop
      vertex -10.7497 -19.5 7
      vertex -0.50644 -14.8185 7
      vertex -1.49719 -14.6079 7
    endloop
  endfacet
  facet normal -0 0 1
    outer loop
      vertex -7.15218 -3.91969 7
      vertex -3.91969 -7.15218 7
      vertex -6.39946 -3.24194 7
    endloop
  endfacet
  facet normal 0 0 1
    outer loop
      vertex -3.91969 -7.15218 7
      vertex -7.15218 -3.91969 7
      vertex -4.42613 -8.02936 7
    endloop
  endfacet
  facet normal -0 0 1
    outer loop
      vertex -8.02936 -4.42613 7
      vertex -4.42613 -8.02936 7
      vertex -7.15218 -3.91969 7
    endloop
  endfacet
  facet normal 0 0 1
    outer loop
      vertex -4.42613 -8.02936 7
      vertex -8.02936 -4.42613 7
      vertex -4.73912 -8.99267 7
    endloop
  endfacet
  facet normal -0 0 1
    outer loop
      vertex -8.99267 -4.73912 7
      vertex -4.73912 -8.99267 7
      vertex -8.02936 -4.42613 7
    endloop
  endfacet
  facet normal 0 0 1
    outer loop
      vertex -4.73912 -8.99267 7
      vertex -8.99267 -4.73912 7
      vertex -4.845 -10 7
    endloop
  endfacet
  facet normal -0 0 1
    outer loop
      vertex -10 -4.845 7
      vertex -4.845 -10 7
      vertex -8.99267 -4.73912 7
    endloop
  endfacet
  facet normal 0 0 1
    outer loop
      vertex -10.7497 -4.7662 7
      vertex -4.845 -10 7
      vertex -10 -4.845 7
    endloop
  endfacet
  facet normal 0 0 1
    outer loop
      vertex -4.845 -10 7
      vertex -10.7497 -4.7662 7
      vertex -4.73912 -11.0073 7
    endloop
  endfacet
  facet normal 0 0 1
    outer loop
      vertex -10.7497 -19.5 7
      vertex -4.73912 -11.0073 7
      vertex -10.7497 -4.7662 7
    endloop
  endfacet
  facet normal 0 0 1
    outer loop
      vertex -4.73912 -11.0073 7
      vertex -10.7497 -19.5 7
      vertex -4.42613 -11.9706 7
    endloop
  endfacet
  facet normal 0 0 1
    outer loop
      vertex 0.50644 -14.8185 7
      vertex -10.7497 -19.5 7
      vertex 11.3928 -19.5 7
    endloop
  endfacet
  facet normal 0 0 1
    outer loop
      vertex -2.4225 -14.1959 7
      vertex -10.7497 -19.5 7
      vertex -1.49719 -14.6079 7
    endloop
  endfacet
  facet normal 0 0 1
    outer loop
      vertex -3.24194 -13.6005 7
      vertex -10.7497 -19.5 7
      vertex -2.4225 -14.1959 7
    endloop
  endfacet
  facet normal 0 0 1
    outer loop
      vertex -3.91969 -12.8478 7
      vertex -10.7497 -19.5 7
      vertex -3.24194 -13.6005 7
    endloop
  endfacet
  facet normal 0 0 1
    outer loop
      vertex -4.42613 -11.9706 7
      vertex -10.7497 -19.5 7
      vertex -3.91969 -12.8478 7
    endloop
  endfacet
  facet normal 0 0 1
    outer loop
      vertex 21.492 21.0678 7
      vertex 18.7336 5.15593 7
      vertex 18.75 5 7
    endloop
  endfacet
  facet normal 0 0 1
    outer loop
      vertex 21.492 21.0678 7
      vertex 18.6852 5.30505 7
      vertex 18.7336 5.15593 7
    endloop
  endfacet
  facet normal 0 0 1
    outer loop
      vertex 21.492 21.0678 7
      vertex 11.4072 23.5 7
      vertex 18.6852 5.30505 7
    endloop
  endfacet
  facet normal 0 0 1
    outer loop
      vertex 13.0072 -19.5 7
      vertex 23.5021 -14.6129 7
      vertex 23.5021 -12.4925 7
    endloop
  endfacet
  facet normal 0 -0 1
    outer loop
      vertex 23.3279 -15.8387 7
      vertex 23.5021 -14.6129 7
      vertex 13.0072 -19.5 7
    endloop
  endfacet
  facet normal 0 0 1
    outer loop
      vertex 23.5021 -14.6129 7
      vertex 23.3279 -15.8387 7
      vertex 23.4598 -15.2144 7
    endloop
  endfacet
  facet normal 0 0 1
    outer loop
      vertex 23.4598 -15.2144 7
      vertex 23.3279 -15.8387 7
      vertex 23.4574 -15.2313 7
    endloop
  endfacet
  facet normal 0 0 1
    outer loop
      vertex 23.4574 -15.2313 7
      vertex 23.3279 -15.8387 7
      vertex 23.3329 -15.8213 7
    endloop
  endfacet
  facet normal -0 0 1
    outer loop
      vertex 18.75 5 7
      vertex 23.5021 -12.4925 7
      vertex 21.492 21.0678 7
    endloop
  endfacet
  facet normal 0 0 1
    outer loop
      vertex 20.5783 23.5 7
      vertex 21.492 21.0678 7
      vertex 21.4135 21.8149 7
    endloop
  endfacet
  facet normal 0 0 1
    outer loop
      vertex 21.4001 21.8795 7
      vertex 21.4135 21.8149 7
      vertex 21.409 21.8482 7
    endloop
  endfacet
  facet normal 0 0 1
    outer loop
      vertex 21.4135 21.8149 7
      vertex 21.4001 21.8795 7
      vertex 20.5783 23.5 7
    endloop
  endfacet
  facet normal 0 0 1
    outer loop
      vertex 20.5783 23.5 7
      vertex 21.4001 21.8795 7
      vertex 21.1681 22.5936 7
    endloop
  endfacet
  facet normal 0 0 1
    outer loop
      vertex 20.5783 23.5 7
      vertex 21.1681 22.5936 7
      vertex 21.1553 22.6212 7
    endloop
  endfacet
  facet normal 0 0 1
    outer loop
      vertex 20.5783 23.5 7
      vertex 21.1553 22.6212 7
      vertex 20.78 23.2712 7
    endloop
  endfacet
  facet normal 0 0 1
    outer loop
      vertex 20.5783 23.5 7
      vertex 20.78 23.2712 7
      vertex 20.764 23.2938 7
    endloop
  endfacet
  facet normal -0 0 1
    outer loop
      vertex 11.4072 23.5 7
      vertex 21.492 21.0678 7
      vertex 20.5783 23.5 7
    endloop
  endfacet
  facet normal -0 0 1
    outer loop
      vertex 18.75 -5 7
      vertex 23.5021 -12.4925 7
      vertex 18.75 5 7
    endloop
  endfacet
  facet normal -0 0 1
    outer loop
      vertex 18.7336 -5.15593 7
      vertex 23.5021 -12.4925 7
      vertex 18.75 -5 7
    endloop
  endfacet
  facet normal -0 0 1
    outer loop
      vertex 18.6852 -5.30505 7
      vertex 23.5021 -12.4925 7
      vertex 18.7336 -5.15593 7
    endloop
  endfacet
  facet normal 0 0 1
    outer loop
      vertex 13.0072 -19.5 7
      vertex 23.5021 -12.4925 7
      vertex 18.6852 -5.30505 7
    endloop
  endfacet
  facet normal 0 0 1
    outer loop
      vertex 23.3279 -15.8387 7
      vertex 13.0072 -19.5 7
      vertex 22.1595 -19.5 7
    endloop
  endfacet
  facet normal 0 0 -1
    outer loop
      vertex -10.7497 -19.5 54
      vertex -8.4183 20.5486 54
      vertex -8.4183 -19.5 54
    endloop
  endfacet
  facet normal 0 0 -1
    outer loop
      vertex -10.7497 23.1 54
      vertex -8.4183 20.5486 54
      vertex -10.7497 -19.5 54
    endloop
  endfacet
  facet normal 0 0 -1
    outer loop
      vertex -8.4183 20.5486 54
      vertex -10.7497 23.1 54
      vertex -8.48413 21.6476 54
    endloop
  endfacet
  facet normal 0 0 -1
    outer loop
      vertex -8.48413 21.6476 54
      vertex -10.7497 23.1 54
      vertex -8.4867 21.6721 54
    endloop
  endfacet
  facet normal -0 -0 -1
    outer loop
      vertex -9.499 23.1 54
      vertex -8.4867 21.6721 54
      vertex -10.7497 23.1 54
    endloop
  endfacet
  facet normal 0 0 -1
    outer loop
      vertex -8.4867 21.6721 54
      vertex -9.499 23.1 54
      vertex -8.52969 21.9898 54
    endloop
  endfacet
  facet normal 0 0 -1
    outer loop
      vertex -8.52969 21.9898 54
      vertex -9.499 23.1 54
      vertex -8.61413 22.288 54
    endloop
  endfacet
  facet normal 0 0 -1
    outer loop
      vertex -8.61413 22.288 54
      vertex -9.499 23.1 54
      vertex -8.62077 22.3084 54
    endloop
  endfacet
  facet normal 0 0 -1
    outer loop
      vertex -8.62077 22.3084 54
      vertex -9.499 23.1 54
      vertex -8.74263 22.5719 54
    endloop
  endfacet
  facet normal 0 0 -1
    outer loop
      vertex -8.74263 22.5719 54
      vertex -9.499 23.1 54
      vertex -8.75189 22.5879 54
    endloop
  endfacet
  facet normal 0 0 -1
    outer loop
      vertex -8.75189 22.5879 54
      vertex -9.499 23.1 54
      vertex -8.90533 22.8042 54
    endloop
  endfacet
  facet normal 0 0 -1
    outer loop
      vertex -8.90533 22.8042 54
      vertex -9.499 23.1 54
      vertex -8.91517 22.8152 54
    endloop
  endfacet
  facet normal 0 0 -1
    outer loop
      vertex -8.91517 22.8152 54
      vertex -9.499 23.1 54
      vertex -9.0928 22.974 54
    endloop
  endfacet
  facet normal 0 0 -1
    outer loop
      vertex -9.0928 22.974 54
      vertex -9.499 23.1 54
      vertex -9.10108 22.9801 54
    endloop
  endfacet
  facet normal 0 0 -1
    outer loop
      vertex -9.10108 22.9801 54
      vertex -9.499 23.1 54
      vertex -9.29437 23.0738 54
    endloop
  endfacet
  facet normal -0 -0 -1
    outer loop
      vertex -9.30433 23.0771 54
      vertex -9.29437 23.0738 54
      vertex -9.499 23.1 54
    endloop
  endfacet
  facet normal 0 0 -1
    outer loop
      vertex -9.29437 23.0738 54
      vertex -9.30433 23.0771 54
      vertex -9.29918 23.076 54
    endloop
  endfacet
  facet normal 0 1 0
    outer loop
      vertex 10.995 -20.4945 9
      vertex 10.995 -20.4945 7.89547
      vertex -6.84975 -20.4945 9
    endloop
  endfacet
  facet normal 0 1 0
    outer loop
      vertex -6.84975 -20.4945 51.6904
      vertex -10.7497 -20.4945 53.1045
      vertex -7.81014 -20.4945 53.1045
    endloop
  endfacet
  facet normal 0 1 0
    outer loop
      vertex -10.7497 -20.4945 7.89547
      vertex -6.84975 -20.4945 51.6904
      vertex -6.84975 -20.4945 9
    endloop
  endfacet
  facet normal 0 1 0
    outer loop
      vertex -6.84975 -20.4945 51.6904
      vertex -10.7497 -20.4945 7.89547
      vertex -10.7497 -20.4945 53.1045
    endloop
  endfacet
  facet normal 0 1 0
    outer loop
      vertex -10.7497 -20.4945 7.89547
      vertex -6.84975 -20.4945 9
      vertex 10.995 -20.4945 7.89547
    endloop
  endfacet
  facet normal 0 1 0
    outer loop
      vertex 12.6094 -20.4945 7.89547
      vertex 20.5704 -20.4945 9
      vertex 21.2727 -20.4945 7.89547
    endloop
  endfacet
  facet normal 0 1 0
    outer loop
      vertex 20.5704 -20.4945 9
      vertex 12.6094 -20.4945 7.89547
      vertex 12.6094 -20.4945 9
    endloop
  endfacet
  facet normal 0 -0.499863 0.866104
    outer loop
      vertex 1.25 23.9067 7.08646
      vertex 9.55771 24.0878 7.19098
      vertex 1.25 24.0878 7.19098
    endloop
  endfacet
  facet normal 0 -0.499863 0.866104
    outer loop
      vertex 9.55771 24.0878 7.19098
      vertex 1.25 23.9067 7.08646
      vertex 9.63013 23.9067 7.08646
    endloop
  endfacet
  facet normal 0 -0.499863 0.866104
    outer loop
      vertex 19.8166 24.0878 7.19098
      vertex 11.2445 23.9067 7.08646
      vertex 20.1338 23.9067 7.08646
    endloop
  endfacet
  facet normal 0 -0.499863 0.866104
    outer loop
      vertex 11.2445 23.9067 7.08646
      vertex 19.8166 24.0878 7.19098
      vertex 11.1721 24.0878 7.19098
    endloop
  endfacet
  facet normal 0 -0.499863 0.866104
    outer loop
      vertex -10.7497 24.0878 7.19098
      vertex -6.75 23.9067 7.08646
      vertex -6.75 24.0878 7.19098
    endloop
  endfacet
  facet normal 0 -0.499863 0.866104
    outer loop
      vertex -6.75 23.9067 7.08646
      vertex -10.7497 24.0878 7.19098
      vertex -10.7497 23.9067 7.08646
    endloop
  endfacet
  facet normal 0 -0.669282 0.743009
    outer loop
      vertex -10.7497 24.2431 7.33087
      vertex -6.75 24.0878 7.19098
      vertex -6.75 24.2431 7.33087
    endloop
  endfacet
  facet normal 0 -0.669282 0.743009
    outer loop
      vertex -6.75 24.0878 7.19098
      vertex -10.7497 24.2431 7.33087
      vertex -10.7497 24.0878 7.19098
    endloop
  endfacet
  facet normal 0 -0.669282 0.743009
    outer loop
      vertex 1.25 24.0878 7.19098
      vertex 9.49556 24.2431 7.33087
      vertex 1.25 24.2431 7.33087
    endloop
  endfacet
  facet normal 0 -0.669282 0.743009
    outer loop
      vertex 9.49556 24.2431 7.33087
      vertex 1.25 24.0878 7.19098
      vertex 9.55771 24.0878 7.19098
    endloop
  endfacet
  facet normal 0 -0.669282 0.743009
    outer loop
      vertex 19.5118 24.2431 7.33087
      vertex 11.1721 24.0878 7.19098
      vertex 19.8166 24.0878 7.19098
    endloop
  endfacet
  facet normal 0 -0.669282 0.743009
    outer loop
      vertex 11.1721 24.0878 7.19098
      vertex 19.5118 24.2431 7.33087
      vertex 11.1099 24.2431 7.33087
    endloop
  endfacet
  facet normal 0 -1 0
    outer loop
      vertex 1.25 24.4945 7.89547
      vertex 9.39501 24.4945 9
      vertex 1.25 24.4945 9
    endloop
  endfacet
  facet normal 0 -1 -0
    outer loop
      vertex 9.39501 24.4945 9
      vertex 1.25 24.4945 7.89547
      vertex 9.39501 24.4945 7.89547
    endloop
  endfacet
  facet normal 0 -1 0
    outer loop
      vertex 11.0094 24.4945 7.89547
      vertex 17.872 24.4945 9
      vertex 11.0094 24.4945 9
    endloop
  endfacet
  facet normal 0 -1 -0
    outer loop
      vertex 17.872 24.4945 9
      vertex 11.0094 24.4945 7.89547
      vertex 18.6171 24.4945 7.89547
    endloop
  endfacet
  facet normal 0 -1 0
    outer loop
      vertex -10.7497 24.4945 15.0174
      vertex -6.84975 24.4945 9
      vertex -6.84975 24.4945 15.0174
    endloop
  endfacet
  facet normal 0 -1 0
    outer loop
      vertex -10.7497 24.4945 7.89547
      vertex -6.84975 24.4945 9
      vertex -10.7497 24.4945 15.0174
    endloop
  endfacet
  facet normal 0 -1 0
    outer loop
      vertex -6.75 24.4945 7.89547
      vertex -6.84975 24.4945 9
      vertex -10.7497 24.4945 7.89547
    endloop
  endfacet
  facet normal 0 -1 0
    outer loop
      vertex -6.84975 24.4945 9
      vertex -6.75 24.4945 7.89547
      vertex -6.75 24.4945 9
    endloop
  endfacet
  facet normal 0 -0.309086 0.951034
    outer loop
      vertex 1.25 23.7079 7.02185
      vertex 9.63013 23.9067 7.08646
      vertex 1.25 23.9067 7.08646
    endloop
  endfacet
  facet normal 0 -0.309086 0.951034
    outer loop
      vertex 9.63013 23.9067 7.08646
      vertex 1.25 23.7079 7.02185
      vertex 9.70966 23.7079 7.02185
    endloop
  endfacet
  facet normal 0.00663863 -0.300104 0.953883
    outer loop
      vertex 20.1338 23.9067 7.08646
      vertex 20.2198 23.8498 7.06796
      vertex 20.1976 23.8666 7.0734
    endloop
  endfacet
  facet normal 0.000435971 -0.308603 0.951191
    outer loop
      vertex 20.2198 23.8498 7.06796
      vertex 20.1338 23.9067 7.08646
      vertex 20.3771 23.7079 7.02185
    endloop
  endfacet
  facet normal 0 -0.309086 0.951034
    outer loop
      vertex 20.1338 23.9067 7.08646
      vertex 11.324 23.7079 7.02185
      vertex 20.3771 23.7079 7.02185
    endloop
  endfacet
  facet normal 0 -0.309086 0.951034
    outer loop
      vertex 11.324 23.7079 7.02185
      vertex 20.1338 23.9067 7.08646
      vertex 11.2445 23.9067 7.08646
    endloop
  endfacet
  facet normal 0 -0.309086 0.951034
    outer loop
      vertex -10.7497 23.9067 7.08646
      vertex -6.75 23.7079 7.02185
      vertex -6.75 23.9067 7.08646
    endloop
  endfacet
  facet normal 0 -0.309086 0.951034
    outer loop
      vertex -6.75 23.7079 7.02185
      vertex -10.7497 23.9067 7.08646
      vertex -10.7497 23.7079 7.02185
    endloop
  endfacet
  facet normal 0 0.978214 -0.207601
    outer loop
      vertex -10.7497 -20.4945 53.1045
      vertex -7.94901 -20.4511 53.309
      vertex -7.81014 -20.4945 53.1045
    endloop
  endfacet
  facet normal 0 0.978214 -0.207601
    outer loop
      vertex -7.94901 -20.4511 53.309
      vertex -10.7497 -20.4945 53.1045
      vertex -10.7497 -20.4511 53.309
    endloop
  endfacet
  facet normal -0 0.913421 0.407017
    outer loop
      vertex -10.7497 -20.366 7.5
      vertex 11.0124 -20.4511 7.69098
      vertex 11.0464 -20.366 7.5
    endloop
  endfacet
  facet normal 0 0.913421 0.407017
    outer loop
      vertex 11.0124 -20.4511 7.69098
      vertex -10.7497 -20.366 7.5
      vertex -10.7497 -20.4511 7.69098
    endloop
  endfacet
  facet normal -0 0.913421 0.407017
    outer loop
      vertex 12.6608 -20.366 7.5
      vertex 21.4166 -20.4511 7.69098
      vertex 21.5652 -20.366 7.5
    endloop
  endfacet
  facet normal 0 0.913421 0.407017
    outer loop
      vertex 21.4166 -20.4511 7.69098
      vertex 12.6608 -20.366 7.5
      vertex 12.6268 -20.4511 7.69098
    endloop
  endfacet
  facet normal -0 0.669282 0.743009
    outer loop
      vertex -10.7497 -20.0878 7.19098
      vertex 11.0956 -20.2431 7.33087
      vertex 11.1577 -20.0878 7.19098
    endloop
  endfacet
  facet normal 0 0.669282 0.743009
    outer loop
      vertex 11.0956 -20.2431 7.33087
      vertex -10.7497 -20.0878 7.19098
      vertex -10.7497 -20.2431 7.33087
    endloop
  endfacet
  facet normal -0 0.669282 0.743009
    outer loop
      vertex 12.7721 -20.0878 7.19098
      vertex 21.7119 -20.2431 7.33087
      vertex 21.8505 -20.0878 7.19098
    endloop
  endfacet
  facet normal 0 0.669282 0.743009
    outer loop
      vertex 21.7119 -20.2431 7.33087
      vertex 12.7721 -20.0878 7.19098
      vertex 12.7099 -20.2431 7.33087
    endloop
  endfacet
  facet normal 0 0.309043 -0.951048
    outer loop
      vertex -10.7497 -19.9067 53.9135
      vertex -8.40346 -19.7079 53.9781
      vertex -8.35958 -19.9067 53.9135
    endloop
  endfacet
  facet normal 0 0.309043 -0.951048
    outer loop
      vertex -8.40346 -19.7079 53.9781
      vertex -10.7497 -19.9067 53.9135
      vertex -10.7497 -19.7079 53.9781
    endloop
  endfacet
  facet normal 0 0.913436 -0.406981
    outer loop
      vertex -10.7497 -20.4511 53.309
      vertex -8.07872 -20.366 53.5
      vertex -7.94901 -20.4511 53.309
    endloop
  endfacet
  facet normal 0 0.913436 -0.406981
    outer loop
      vertex -8.07872 -20.366 53.5
      vertex -10.7497 -20.4511 53.309
      vertex -10.7497 -20.366 53.5
    endloop
  endfacet
  facet normal 0 0.104759 -0.994498
    outer loop
      vertex -10.7497 -19.7079 53.9781
      vertex -8.4183 -19.5 54
      vertex -8.40346 -19.7079 53.9781
    endloop
  endfacet
  facet normal 0 0.104759 -0.994498
    outer loop
      vertex -8.4183 -19.5 54
      vertex -10.7497 -19.7079 53.9781
      vertex -10.7497 -19.5 54
    endloop
  endfacet
  facet normal 0 -0.978211 0.207611
    outer loop
      vertex 1.25 24.4511 7.69098
      vertex 9.39501 24.4945 7.89547
      vertex 1.25 24.4945 7.89547
    endloop
  endfacet
  facet normal 0 -0.978211 0.207611
    outer loop
      vertex 9.39501 24.4945 7.89547
      vertex 1.25 24.4511 7.69098
      vertex 9.4124 24.4511 7.69098
    endloop
  endfacet
  facet normal 0 -0.978211 0.207611
    outer loop
      vertex 11.0268 24.4511 7.69098
      vertex 18.6171 24.4945 7.89547
      vertex 11.0094 24.4945 7.89547
    endloop
  endfacet
  facet normal 0 -0.978211 0.207611
    outer loop
      vertex 18.6171 24.4945 7.89547
      vertex 11.0268 24.4511 7.69098
      vertex 18.8527 24.4511 7.69098
    endloop
  endfacet
  facet normal 0 -0.978211 0.207611
    outer loop
      vertex -10.7497 24.4511 7.69098
      vertex -6.75 24.4945 7.89547
      vertex -10.7497 24.4945 7.89547
    endloop
  endfacet
  facet normal 0 -0.978211 0.207611
    outer loop
      vertex -6.75 24.4945 7.89547
      vertex -10.7497 24.4511 7.69098
      vertex -6.75 24.4511 7.69098
    endloop
  endfacet
  facet normal 0 0.808922 -0.587916
    outer loop
      vertex -10.7497 -20.366 53.5
      vertex -8.19359 -20.2431 53.6691
      vertex -8.07872 -20.366 53.5
    endloop
  endfacet
  facet normal 0 0.808922 -0.587916
    outer loop
      vertex -8.19359 -20.2431 53.6691
      vertex -10.7497 -20.366 53.5
      vertex -10.7497 -20.2431 53.6691
    endloop
  endfacet
  facet normal -0 0.978211 0.207611
    outer loop
      vertex -10.7497 -20.4511 7.69098
      vertex 10.995 -20.4945 7.89547
      vertex 11.0124 -20.4511 7.69098
    endloop
  endfacet
  facet normal 0 0.978211 0.207611
    outer loop
      vertex 10.995 -20.4945 7.89547
      vertex -10.7497 -20.4511 7.69098
      vertex -10.7497 -20.4945 7.89547
    endloop
  endfacet
  facet normal -0 0.978211 0.207611
    outer loop
      vertex 12.6268 -20.4511 7.69098
      vertex 21.2727 -20.4945 7.89547
      vertex 21.4166 -20.4511 7.69098
    endloop
  endfacet
  facet normal 0 0.978211 0.207611
    outer loop
      vertex 21.2727 -20.4945 7.89547
      vertex 12.6268 -20.4511 7.69098
      vertex 12.6094 -20.4945 7.89547
    endloop
  endfacet
  facet normal -0 0.808972 0.587847
    outer loop
      vertex -10.7497 -20.2431 7.33087
      vertex 11.0464 -20.366 7.5
      vertex 11.0956 -20.2431 7.33087
    endloop
  endfacet
  facet normal 0 0.808972 0.587847
    outer loop
      vertex 11.0464 -20.366 7.5
      vertex -10.7497 -20.2431 7.33087
      vertex -10.7497 -20.366 7.5
    endloop
  endfacet
  facet normal -0 0.808972 0.587847
    outer loop
      vertex 12.7099 -20.2431 7.33087
      vertex 21.5652 -20.366 7.5
      vertex 21.7119 -20.2431 7.33087
    endloop
  endfacet
  facet normal 0 0.808972 0.587847
    outer loop
      vertex 21.5652 -20.366 7.5
      vertex 12.7099 -20.2431 7.33087
      vertex 12.6608 -20.366 7.5
    endloop
  endfacet
  facet normal 1 0 0
    outer loop
      vertex -10.7497 -9.03326 42.5325
      vertex -10.7497 -14.7 46.6144
      vertex -10.7497 -10.9217 40.4351
    endloop
  endfacet
  facet normal 1 0 0
    outer loop
      vertex -10.7497 -13.5 32.5
      vertex -10.7497 -13.935 17.3327
      vertex -10.7497 -13.9 17
    endloop
  endfacet
  facet normal 1 -0 0
    outer loop
      vertex -10.7497 -15.0056 46.4783
      vertex -10.7497 -10.9217 40.4351
      vertex -10.7497 -14.7 46.6144
    endloop
  endfacet
  facet normal 1 0 0
    outer loop
      vertex -10.7497 -13.5 32.5
      vertex -10.7497 -14.0383 17.6508
      vertex -10.7497 -13.935 17.3327
    endloop
  endfacet
  facet normal 1 -0 0
    outer loop
      vertex -10.7497 -15.3328 46.4088
      vertex -10.7497 -10.9217 40.4351
      vertex -10.7497 -15.0056 46.4783
    endloop
  endfacet
  facet normal 1 0 0
    outer loop
      vertex -10.7497 -13.5 32.5
      vertex -10.7497 -14.2056 17.9405
      vertex -10.7497 -14.0383 17.6508
    endloop
  endfacet
  facet normal 1 -0 0
    outer loop
      vertex -10.7497 -15.6672 46.4088
      vertex -10.7497 -10.9217 40.4351
      vertex -10.7497 -15.3328 46.4088
    endloop
  endfacet
  facet normal 1 0 0
    outer loop
      vertex -10.7497 -13.5 32.5
      vertex -10.7497 -14.4294 18.189
      vertex -10.7497 -14.2056 17.9405
    endloop
  endfacet
  facet normal 1 0 0
    outer loop
      vertex -10.7497 -10.9217 40.4351
      vertex -10.7497 -15.6672 46.4088
      vertex -10.7497 -12.3329 37.9909
    endloop
  endfacet
  facet normal 1 0 0
    outer loop
      vertex -10.7497 -13.5 32.5
      vertex -10.7497 -14.7 18.3856
      vertex -10.7497 -14.4294 18.189
    endloop
  endfacet
  facet normal 1 0 0
    outer loop
      vertex -10.7497 -15.9944 46.4783
      vertex -10.7497 -12.3329 37.9909
      vertex -10.7497 -15.6672 46.4088
    endloop
  endfacet
  facet normal 1 0 0
    outer loop
      vertex -10.7497 -13.5 32.5
      vertex -10.7497 -15.0056 18.5217
      vertex -10.7497 -14.7 18.3856
    endloop
  endfacet
  facet normal 1 0 0
    outer loop
      vertex -10.7497 -16.3 46.6144
      vertex -10.7497 -12.3329 37.9909
      vertex -10.7497 -15.9944 46.4783
    endloop
  endfacet
  facet normal 1 0 0
    outer loop
      vertex -10.7497 -13.5 32.5
      vertex -10.7497 -15.3328 18.5912
      vertex -10.7497 -15.0056 18.5217
    endloop
  endfacet
  facet normal 1 0 0
    outer loop
      vertex -10.7497 -12.3329 37.9909
      vertex -10.7497 -16.3 46.6144
      vertex -10.7497 -13.205 35.3068
    endloop
  endfacet
  facet normal 1 0 0
    outer loop
      vertex -10.7497 -13.5 32.5
      vertex -10.7497 -15.6672 18.5912
      vertex -10.7497 -15.3328 18.5912
    endloop
  endfacet
  facet normal 1 0 0
    outer loop
      vertex -10.7497 -16.5706 46.811
      vertex -10.7497 -13.205 35.3068
      vertex -10.7497 -16.3 46.6144
    endloop
  endfacet
  facet normal 1 0 0
    outer loop
      vertex -10.7497 -13.5 32.5
      vertex -10.7497 -15.9944 18.5217
      vertex -10.7497 -15.6672 18.5912
    endloop
  endfacet
  facet normal 1 0 0
    outer loop
      vertex -10.7497 -16.7944 47.0595
      vertex -10.7497 -13.205 35.3068
      vertex -10.7497 -16.5706 46.811
    endloop
  endfacet
  facet normal 1 0 0
    outer loop
      vertex -10.7497 -13.5 32.5
      vertex -10.7497 -16.3 18.3856
      vertex -10.7497 -15.9944 18.5217
    endloop
  endfacet
  facet normal 1 0 0
    outer loop
      vertex -10.7497 -13.205 35.3068
      vertex -10.7497 -16.7944 47.0595
      vertex -10.7497 -13.5 32.5
    endloop
  endfacet
  facet normal 1 0 0
    outer loop
      vertex -10.7497 -13.5 32.5
      vertex -10.7497 -16.5706 18.189
      vertex -10.7497 -16.3 18.3856
    endloop
  endfacet
  facet normal 1 0 0
    outer loop
      vertex -10.7497 -16.9617 47.3492
      vertex -10.7497 -13.5 32.5
      vertex -10.7497 -16.7944 47.0595
    endloop
  endfacet
  facet normal 1 0 0
    outer loop
      vertex -10.7497 -13.5 32.5
      vertex -10.7497 -16.7944 17.9405
      vertex -10.7497 -16.5706 18.189
    endloop
  endfacet
  facet normal 1 0 0
    outer loop
      vertex -10.7497 -16.9617 17.6508
      vertex -10.7497 -13.5 32.5
      vertex -10.7497 -16.9617 47.3492
    endloop
  endfacet
  facet normal 1 0 0
    outer loop
      vertex -10.7497 -13.5 32.5
      vertex -10.7497 -16.9617 17.6508
      vertex -10.7497 -16.7944 17.9405
    endloop
  endfacet
  facet normal 1 0 0
    outer loop
      vertex -10.7497 -20.4945 53.1045
      vertex -10.7497 -16.9617 47.3492
      vertex -10.7497 -17.065 47.6673
    endloop
  endfacet
  facet normal 1 0 0
    outer loop
      vertex -10.7497 -16.9617 47.3492
      vertex -10.7497 -20.4945 53.1045
      vertex -10.7497 -16.9617 17.6508
    endloop
  endfacet
  facet normal 1 0 0
    outer loop
      vertex -10.7497 -20.4945 53.1045
      vertex -10.7497 -17.065 47.6673
      vertex -10.7497 -17.1 48
    endloop
  endfacet
  facet normal 1 0 0
    outer loop
      vertex -10.7497 -16.9617 17.6508
      vertex -10.7497 -20.4945 53.1045
      vertex -10.7497 -17.065 17.3327
    endloop
  endfacet
  facet normal 1 0 0
    outer loop
      vertex -10.7497 3.7972 14.499
      vertex -10.7497 6.75 20.8087
      vertex -10.7497 4.17173 19.6607
    endloop
  endfacet
  facet normal 1 0 0
    outer loop
      vertex -10.7497 6.75 20.8087
      vertex -10.7497 3.7972 14.499
      vertex -10.7497 4.7662 12.499
    endloop
  endfacet
  facet normal 1 -0 0
    outer loop
      vertex -10.7497 1.41113 19.074
      vertex -10.7497 3.7972 14.499
      vertex -10.7497 4.17173 19.6607
    endloop
  endfacet
  facet normal 1 -0 0
    outer loop
      vertex -10.7497 -1.41113 19.074
      vertex -10.7497 3.7972 14.499
      vertex -10.7497 1.41113 19.074
    endloop
  endfacet
  facet normal 1 0 0
    outer loop
      vertex -10.7497 -1.41113 19.074
      vertex -10.7497 -3.7972 14.499
      vertex -10.7497 3.7972 14.499
    endloop
  endfacet
  facet normal 1 0 0
    outer loop
      vertex -10.7497 -4.17173 19.6607
      vertex -10.7497 -3.7972 14.499
      vertex -10.7497 -1.41113 19.074
    endloop
  endfacet
  facet normal 1 0 0
    outer loop
      vertex -10.7497 -6.75 20.8087
      vertex -10.7497 -3.7972 14.499
      vertex -10.7497 -4.17173 19.6607
    endloop
  endfacet
  facet normal 1 -0 0
    outer loop
      vertex -10.7497 -13.935 16.6673
      vertex -10.7497 -3.7972 14.499
      vertex -10.7497 -6.75 20.8087
    endloop
  endfacet
  facet normal 1 0 0
    outer loop
      vertex -10.7497 -3.7972 14.499
      vertex -10.7497 -13.935 16.6673
      vertex -10.7497 -4.7662 12.499
    endloop
  endfacet
  facet normal 1 0 0
    outer loop
      vertex -10.7497 -13.9 17
      vertex -10.7497 -6.75 20.8087
      vertex -10.7497 -9.03326 22.4675
    endloop
  endfacet
  facet normal 1 0 0
    outer loop
      vertex -10.7497 -13.9 17
      vertex -10.7497 -9.03326 22.4675
      vertex -10.7497 -10.9217 24.5649
    endloop
  endfacet
  facet normal 1 0 0
    outer loop
      vertex -10.7497 -13.9 17
      vertex -10.7497 -10.9217 24.5649
      vertex -10.7497 -12.3329 27.0091
    endloop
  endfacet
  facet normal 1 -0 0
    outer loop
      vertex -10.7497 -14.7 46.6144
      vertex -10.7497 -9.03326 42.5325
      vertex -10.7497 -14.4294 46.811
    endloop
  endfacet
  facet normal 1 0 0
    outer loop
      vertex -10.7497 -13.9 17
      vertex -10.7497 -13.205 29.6932
      vertex -10.7497 -13.5 32.5
    endloop
  endfacet
  facet normal 1 0 0
    outer loop
      vertex -10.7497 -13.9 17
      vertex -10.7497 -12.3329 27.0091
      vertex -10.7497 -13.205 29.6932
    endloop
  endfacet
  facet normal 1 0 0
    outer loop
      vertex -10.7497 -6.75 20.8087
      vertex -10.7497 -13.9 17
      vertex -10.7497 -13.935 16.6673
    endloop
  endfacet
  facet normal 1 0 0
    outer loop
      vertex -10.7497 -4.7662 12.499
      vertex -10.7497 -13.935 16.6673
      vertex -10.7497 -14.0383 16.3492
    endloop
  endfacet
  facet normal 1 -0 0
    outer loop
      vertex -10.7497 -14.2056 16.0595
      vertex -10.7497 -4.7662 12.499
      vertex -10.7497 -14.0383 16.3492
    endloop
  endfacet
  facet normal 1 -0 0
    outer loop
      vertex -10.7497 -14.4294 15.811
      vertex -10.7497 -4.7662 12.499
      vertex -10.7497 -14.2056 16.0595
    endloop
  endfacet
  facet normal 1 -0 0
    outer loop
      vertex -10.7497 -14.7 15.6144
      vertex -10.7497 -4.7662 12.499
      vertex -10.7497 -14.4294 15.811
    endloop
  endfacet
  facet normal 1 0 0
    outer loop
      vertex -10.7497 -4.7662 12.499
      vertex -10.7497 -14.7 15.6144
      vertex -10.7497 -4.7662 7
    endloop
  endfacet
  facet normal 1 -0 0
    outer loop
      vertex -10.7497 -15.0056 15.4783
      vertex -10.7497 -4.7662 7
      vertex -10.7497 -14.7 15.6144
    endloop
  endfacet
  facet normal 1 0 0
    outer loop
      vertex -10.7497 -19.5 7
      vertex -10.7497 -15.0056 15.4783
      vertex -10.7497 -15.3328 15.4088
    endloop
  endfacet
  facet normal 1 0 0
    outer loop
      vertex -10.7497 -19.5 7
      vertex -10.7497 -15.3328 15.4088
      vertex -10.7497 -15.6672 15.4088
    endloop
  endfacet
  facet normal 1 0 0
    outer loop
      vertex -10.7497 -19.5 7
      vertex -10.7497 -15.6672 15.4088
      vertex -10.7497 -15.9944 15.4783
    endloop
  endfacet
  facet normal 1 0 0
    outer loop
      vertex -10.7497 -20.4945 7.89547
      vertex -10.7497 -15.9944 15.4783
      vertex -10.7497 -16.3 15.6144
    endloop
  endfacet
  facet normal 1 0 0
    outer loop
      vertex -10.7497 -20.4945 7.89547
      vertex -10.7497 -16.3 15.6144
      vertex -10.7497 -16.5706 15.811
    endloop
  endfacet
  facet normal 1 0 0
    outer loop
      vertex -10.7497 -15.0056 15.4783
      vertex -10.7497 -19.5 7
      vertex -10.7497 -4.7662 7
    endloop
  endfacet
  facet normal 1 0 0
    outer loop
      vertex -10.7497 -20.4945 7.89547
      vertex -10.7497 -16.5706 15.811
      vertex -10.7497 -16.7944 16.0595
    endloop
  endfacet
  facet normal 1 0 0
    outer loop
      vertex -10.7497 -20.4945 7.89547
      vertex -10.7497 -16.7944 16.0595
      vertex -10.7497 -16.9617 16.3492
    endloop
  endfacet
  facet normal 1 0 0
    outer loop
      vertex -10.7497 -20.4945 7.89547
      vertex -10.7497 -16.9617 16.3492
      vertex -10.7497 -17.065 16.6673
    endloop
  endfacet
  facet normal 1 0 0
    outer loop
      vertex -10.7497 -20.4945 7.89547
      vertex -10.7497 -17.065 16.6673
      vertex -10.7497 -17.1 17
    endloop
  endfacet
  facet normal 1 0 0
    outer loop
      vertex -10.7497 -20.4945 7.89547
      vertex -10.7497 -17.065 17.3327
      vertex -10.7497 -20.4945 53.1045
    endloop
  endfacet
  facet normal 1 0 0
    outer loop
      vertex -10.7497 -20.4945 53.1045
      vertex -10.7497 -19.5 54
      vertex -10.7497 -19.7079 53.9781
    endloop
  endfacet
  facet normal 1 0 0
    outer loop
      vertex -10.7497 -17.065 17.3327
      vertex -10.7497 -20.4945 7.89547
      vertex -10.7497 -17.1 17
    endloop
  endfacet
  facet normal 1 0 0
    outer loop
      vertex -10.7497 -20.4945 53.1045
      vertex -10.7497 -19.7079 53.9781
      vertex -10.7497 -19.9067 53.9135
    endloop
  endfacet
  facet normal 1 0 0
    outer loop
      vertex -10.7497 -15.9944 15.4783
      vertex -10.7497 -20.4945 7.89547
      vertex -10.7497 -19.5 7
    endloop
  endfacet
  facet normal 1 0 0
    outer loop
      vertex -10.7497 -20.4945 53.1045
      vertex -10.7497 -19.9067 53.9135
      vertex -10.7497 -20.0878 53.809
    endloop
  endfacet
  facet normal 1 0 0
    outer loop
      vertex -10.7497 -19.5 7
      vertex -10.7497 -20.4945 7.89547
      vertex -10.7497 -19.7079 7.02185
    endloop
  endfacet
  facet normal 1 0 0
    outer loop
      vertex -10.7497 -20.4945 53.1045
      vertex -10.7497 -20.0878 53.809
      vertex -10.7497 -20.2431 53.6691
    endloop
  endfacet
  facet normal 1 0 0
    outer loop
      vertex -10.7497 -19.7079 7.02185
      vertex -10.7497 -20.4945 7.89547
      vertex -10.7497 -19.9067 7.08646
    endloop
  endfacet
  facet normal 1 0 0
    outer loop
      vertex -10.7497 -20.4945 53.1045
      vertex -10.7497 -20.2431 53.6691
      vertex -10.7497 -20.366 53.5
    endloop
  endfacet
  facet normal 1 0 0
    outer loop
      vertex -10.7497 -19.9067 7.08646
      vertex -10.7497 -20.4945 7.89547
      vertex -10.7497 -20.0878 7.19098
    endloop
  endfacet
  facet normal 1 0 0
    outer loop
      vertex -10.7497 -20.4945 53.1045
      vertex -10.7497 -20.366 53.5
      vertex -10.7497 -20.4511 53.309
    endloop
  endfacet
  facet normal 1 0 0
    outer loop
      vertex -10.7497 -20.0878 7.19098
      vertex -10.7497 -20.4945 7.89547
      vertex -10.7497 -20.2431 7.33087
    endloop
  endfacet
  facet normal 1 0 0
    outer loop
      vertex -10.7497 -20.2431 7.33087
      vertex -10.7497 -20.4945 7.89547
      vertex -10.7497 -20.366 7.5
    endloop
  endfacet
  facet normal 1 0 0
    outer loop
      vertex -10.7497 -20.366 7.5
      vertex -10.7497 -20.4945 7.89547
      vertex -10.7497 -20.4511 7.69098
    endloop
  endfacet
  facet normal 1 0 0
    outer loop
      vertex -10.7497 16.7944 47.0595
      vertex -10.7497 23.1 54
      vertex -10.7497 16.9617 47.3492
    endloop
  endfacet
  facet normal 1 0 0
    outer loop
      vertex -10.7497 24.4945 15.0174
      vertex -10.7497 17.065 17.3327
      vertex -10.7497 17.1 17
    endloop
  endfacet
  facet normal 1 0 0
    outer loop
      vertex -10.7497 23.1 54
      vertex -10.7497 16.7944 47.0595
      vertex -10.7497 24.4945 15.0174
    endloop
  endfacet
  facet normal 1 0 0
    outer loop
      vertex -10.7497 24.4945 15.0174
      vertex -10.7497 16.9617 17.6508
      vertex -10.7497 17.065 17.3327
    endloop
  endfacet
  facet normal 1 0 0
    outer loop
      vertex -10.7497 24.4945 15.0174
      vertex -10.7497 16.7944 47.0595
      vertex -10.7497 13.5 32.5
    endloop
  endfacet
  facet normal 1 -0 0
    outer loop
      vertex -10.7497 13.205 29.6932
      vertex -10.7497 24.4945 15.0174
      vertex -10.7497 13.5 32.5
    endloop
  endfacet
  facet normal 1 0 0
    outer loop
      vertex -10.7497 13.205 35.3068
      vertex -10.7497 16.7944 47.0595
      vertex -10.7497 16.5706 46.811
    endloop
  endfacet
  facet normal 1 0 0
    outer loop
      vertex -10.7497 24.4945 15.0174
      vertex -10.7497 16.7944 17.9405
      vertex -10.7497 16.9617 17.6508
    endloop
  endfacet
  facet normal 1 0 0
    outer loop
      vertex -10.7497 13.205 35.3068
      vertex -10.7497 16.5706 46.811
      vertex -10.7497 16.3 46.6144
    endloop
  endfacet
  facet normal 1 -0 -0
    outer loop
      vertex -10.7497 16.5706 18.189
      vertex -10.7497 24.4945 15.0174
      vertex -10.7497 13.205 29.6932
    endloop
  endfacet
  facet normal 1 0 0
    outer loop
      vertex -10.7497 12.3329 37.9909
      vertex -10.7497 16.3 46.6144
      vertex -10.7497 15.9944 46.4783
    endloop
  endfacet
  facet normal 1 0 0
    outer loop
      vertex -10.7497 24.4945 15.0174
      vertex -10.7497 16.5706 18.189
      vertex -10.7497 16.7944 17.9405
    endloop
  endfacet
  facet normal 1 0 0
    outer loop
      vertex -10.7497 12.3329 37.9909
      vertex -10.7497 15.9944 46.4783
      vertex -10.7497 15.6672 46.4088
    endloop
  endfacet
  facet normal 1 0 0
    outer loop
      vertex -10.7497 16.5706 18.189
      vertex -10.7497 13.205 29.6932
      vertex -10.7497 16.3 18.3856
    endloop
  endfacet
  facet normal 1 0 0
    outer loop
      vertex -10.7497 10.9217 40.4351
      vertex -10.7497 15.6672 46.4088
      vertex -10.7497 15.3328 46.4088
    endloop
  endfacet
  facet normal 1 -0 0
    outer loop
      vertex -10.7497 12.3329 27.0091
      vertex -10.7497 16.3 18.3856
      vertex -10.7497 13.205 29.6932
    endloop
  endfacet
  facet normal 1 0 0
    outer loop
      vertex -10.7497 10.9217 40.4351
      vertex -10.7497 15.3328 46.4088
      vertex -10.7497 15.0056 46.4783
    endloop
  endfacet
  facet normal 1 0 0
    outer loop
      vertex -10.7497 16.3 18.3856
      vertex -10.7497 12.3329 27.0091
      vertex -10.7497 15.9944 18.5217
    endloop
  endfacet
  facet normal 1 0 0
    outer loop
      vertex -10.7497 10.9217 40.4351
      vertex -10.7497 15.0056 46.4783
      vertex -10.7497 14.7 46.6144
    endloop
  endfacet
  facet normal 1 0 0
    outer loop
      vertex -10.7497 15.9944 18.5217
      vertex -10.7497 12.3329 27.0091
      vertex -10.7497 15.6672 18.5912
    endloop
  endfacet
  facet normal 1 0 0
    outer loop
      vertex -10.7497 9.03326 42.5325
      vertex -10.7497 14.7 46.6144
      vertex -10.7497 14.4294 46.811
    endloop
  endfacet
  facet normal 1 -0 0
    outer loop
      vertex -10.7497 10.9217 24.5649
      vertex -10.7497 15.6672 18.5912
      vertex -10.7497 12.3329 27.0091
    endloop
  endfacet
  facet normal 1 0 0
    outer loop
      vertex -10.7497 9.03326 42.5325
      vertex -10.7497 14.4294 46.811
      vertex -10.7497 14.2056 47.0595
    endloop
  endfacet
  facet normal 1 0 0
    outer loop
      vertex -10.7497 15.6672 18.5912
      vertex -10.7497 10.9217 24.5649
      vertex -10.7497 15.3328 18.5912
    endloop
  endfacet
  facet normal 1 0 0
    outer loop
      vertex -10.7497 9.03326 42.5325
      vertex -10.7497 14.2056 47.0595
      vertex -10.7497 14.0383 47.3492
    endloop
  endfacet
  facet normal 1 0 0
    outer loop
      vertex -10.7497 15.3328 18.5912
      vertex -10.7497 10.9217 24.5649
      vertex -10.7497 15.0056 18.5217
    endloop
  endfacet
  facet normal 1 0 0
    outer loop
      vertex -10.7497 9.03326 42.5325
      vertex -10.7497 14.0383 47.3492
      vertex -10.7497 13.935 47.6673
    endloop
  endfacet
  facet normal 1 0 0
    outer loop
      vertex -10.7497 15.0056 18.5217
      vertex -10.7497 10.9217 24.5649
      vertex -10.7497 14.7 18.3856
    endloop
  endfacet
  facet normal 1 0 0
    outer loop
      vertex -10.7497 6.75 44.1913
      vertex -10.7497 13.935 47.6673
      vertex -10.7497 13.9 48
    endloop
  endfacet
  facet normal 1 -0 0
    outer loop
      vertex -10.7497 9.03326 22.4675
      vertex -10.7497 14.7 18.3856
      vertex -10.7497 10.9217 24.5649
    endloop
  endfacet
  facet normal 1 0 0
    outer loop
      vertex -10.7497 23.1 54
      vertex -10.7497 17.065 48.3327
      vertex -10.7497 17.1 48
    endloop
  endfacet
  facet normal 1 0 0
    outer loop
      vertex -10.7497 23.1 54
      vertex -10.7497 16.9617 48.6508
      vertex -10.7497 17.065 48.3327
    endloop
  endfacet
  facet normal 1 0 0
    outer loop
      vertex -10.7497 23.1 54
      vertex -10.7497 16.7944 48.9405
      vertex -10.7497 16.9617 48.6508
    endloop
  endfacet
  facet normal 1 0 0
    outer loop
      vertex -10.7497 23.1 54
      vertex -10.7497 16.5706 49.189
      vertex -10.7497 16.7944 48.9405
    endloop
  endfacet
  facet normal 1 0 0
    outer loop
      vertex -10.7497 23.1 54
      vertex -10.7497 16.3 49.3856
      vertex -10.7497 16.5706 49.189
    endloop
  endfacet
  facet normal 1 0 0
    outer loop
      vertex -10.7497 23.1 54
      vertex -10.7497 15.9944 49.5217
      vertex -10.7497 16.3 49.3856
    endloop
  endfacet
  facet normal 1 0 0
    outer loop
      vertex -10.7497 23.1 54
      vertex -10.7497 15.6672 49.5912
      vertex -10.7497 15.9944 49.5217
    endloop
  endfacet
  facet normal 1 0 0
    outer loop
      vertex -10.7497 23.1 54
      vertex -10.7497 15.3328 49.5912
      vertex -10.7497 15.6672 49.5912
    endloop
  endfacet
  facet normal 1 0 0
    outer loop
      vertex -10.7497 23.1 54
      vertex -10.7497 15.0056 49.5217
      vertex -10.7497 15.3328 49.5912
    endloop
  endfacet
  facet normal 1 -0 0
    outer loop
      vertex -10.7497 -19.5 54
      vertex -10.7497 15.0056 49.5217
      vertex -10.7497 23.1 54
    endloop
  endfacet
  facet normal 1 0 0
    outer loop
      vertex -10.7497 14.7 18.3856
      vertex -10.7497 9.03326 22.4675
      vertex -10.7497 14.4294 18.189
    endloop
  endfacet
  facet normal 1 0 0
    outer loop
      vertex -10.7497 16.7944 47.0595
      vertex -10.7497 13.205 35.3068
      vertex -10.7497 13.5 32.5
    endloop
  endfacet
  facet normal 1 0 0
    outer loop
      vertex -10.7497 16.3 46.6144
      vertex -10.7497 12.3329 37.9909
      vertex -10.7497 13.205 35.3068
    endloop
  endfacet
  facet normal 1 0 0
    outer loop
      vertex -10.7497 6.75 44.1913
      vertex -10.7497 13.9 48
      vertex -10.7497 13.935 48.3327
    endloop
  endfacet
  facet normal 1 0 0
    outer loop
      vertex -10.7497 15.6672 46.4088
      vertex -10.7497 10.9217 40.4351
      vertex -10.7497 12.3329 37.9909
    endloop
  endfacet
  facet normal 1 0 0
    outer loop
      vertex -10.7497 6.75 44.1913
      vertex -10.7497 13.935 48.3327
      vertex -10.7497 14.0383 48.6508
    endloop
  endfacet
  facet normal 1 0 0
    outer loop
      vertex -10.7497 14.7 46.6144
      vertex -10.7497 9.03326 42.5325
      vertex -10.7497 10.9217 40.4351
    endloop
  endfacet
  facet normal 1 0 0
    outer loop
      vertex -10.7497 4.17173 45.3393
      vertex -10.7497 14.0383 48.6508
      vertex -10.7497 14.2056 48.9405
    endloop
  endfacet
  facet normal 1 0 0
    outer loop
      vertex -10.7497 13.935 47.6673
      vertex -10.7497 6.75 44.1913
      vertex -10.7497 9.03326 42.5325
    endloop
  endfacet
  facet normal 1 0 0
    outer loop
      vertex -10.7497 4.17173 45.3393
      vertex -10.7497 14.2056 48.9405
      vertex -10.7497 14.4294 49.189
    endloop
  endfacet
  facet normal 1 0 0
    outer loop
      vertex -10.7497 1.41113 45.926
      vertex -10.7497 14.4294 49.189
      vertex -10.7497 14.7 49.3856
    endloop
  endfacet
  facet normal 1 0 0
    outer loop
      vertex -10.7497 14.0383 48.6508
      vertex -10.7497 4.17173 45.3393
      vertex -10.7497 6.75 44.1913
    endloop
  endfacet
  facet normal 1 0 0
    outer loop
      vertex -10.7497 15.0056 49.5217
      vertex -10.7497 -19.5 54
      vertex -10.7497 14.7 49.3856
    endloop
  endfacet
  facet normal 1 0 0
    outer loop
      vertex -10.7497 14.4294 49.189
      vertex -10.7497 1.41113 45.926
      vertex -10.7497 4.17173 45.3393
    endloop
  endfacet
  facet normal 1 0 0
    outer loop
      vertex -10.7497 14.7 49.3856
      vertex -10.7497 -19.5 54
      vertex -10.7497 1.41113 45.926
    endloop
  endfacet
  facet normal 1 0 0
    outer loop
      vertex -10.7497 1.41113 45.926
      vertex -10.7497 -19.5 54
      vertex -10.7497 -1.41113 45.926
    endloop
  endfacet
  facet normal 1 -0 0
    outer loop
      vertex -10.7497 -14.4294 46.811
      vertex -10.7497 -9.03326 42.5325
      vertex -10.7497 -14.2056 47.0595
    endloop
  endfacet
  facet normal 1 -0 0
    outer loop
      vertex -10.7497 -14.2056 47.0595
      vertex -10.7497 -9.03326 42.5325
      vertex -10.7497 -14.0383 47.3492
    endloop
  endfacet
  facet normal 1 -0 0
    outer loop
      vertex -10.7497 -14.0383 47.3492
      vertex -10.7497 -9.03326 42.5325
      vertex -10.7497 -13.935 47.6673
    endloop
  endfacet
  facet normal 1 0 0
    outer loop
      vertex -10.7497 -6.75 44.1913
      vertex -10.7497 -13.935 47.6673
      vertex -10.7497 -9.03326 42.5325
    endloop
  endfacet
  facet normal 1 -0 0
    outer loop
      vertex -10.7497 -13.935 47.6673
      vertex -10.7497 -6.75 44.1913
      vertex -10.7497 -13.9 48
    endloop
  endfacet
  facet normal 1 0 0
    outer loop
      vertex -10.7497 -13.935 48.3327
      vertex -10.7497 -6.75 44.1913
      vertex -10.7497 -4.17173 45.3393
    endloop
  endfacet
  facet normal 1 -0 -0
    outer loop
      vertex -10.7497 -14.7 49.3856
      vertex -10.7497 -1.41113 45.926
      vertex -10.7497 -19.5 54
    endloop
  endfacet
  facet normal 1 0 0
    outer loop
      vertex -10.7497 -6.75 44.1913
      vertex -10.7497 -13.935 48.3327
      vertex -10.7497 -13.9 48
    endloop
  endfacet
  facet normal 1 0 0
    outer loop
      vertex -10.7497 -4.17173 45.3393
      vertex -10.7497 -14.0383 48.6508
      vertex -10.7497 -13.935 48.3327
    endloop
  endfacet
  facet normal 1 0 0
    outer loop
      vertex -10.7497 -4.17173 45.3393
      vertex -10.7497 -14.2056 48.9405
      vertex -10.7497 -14.0383 48.6508
    endloop
  endfacet
  facet normal 1 0 0
    outer loop
      vertex -10.7497 -4.17173 45.3393
      vertex -10.7497 -14.4294 49.189
      vertex -10.7497 -14.2056 48.9405
    endloop
  endfacet
  facet normal 1 0 0
    outer loop
      vertex -10.7497 -1.41113 45.926
      vertex -10.7497 -14.4294 49.189
      vertex -10.7497 -4.17173 45.3393
    endloop
  endfacet
  facet normal 1 -0 -0
    outer loop
      vertex -10.7497 -14.4294 49.189
      vertex -10.7497 -1.41113 45.926
      vertex -10.7497 -14.7 49.3856
    endloop
  endfacet
  facet normal 1 0 0
    outer loop
      vertex -10.7497 -14.7 49.3856
      vertex -10.7497 -19.5 54
      vertex -10.7497 -15.0056 49.5217
    endloop
  endfacet
  facet normal 1 0 0
    outer loop
      vertex -10.7497 -15.0056 49.5217
      vertex -10.7497 -19.5 54
      vertex -10.7497 -15.3328 49.5912
    endloop
  endfacet
  facet normal 1 0 0
    outer loop
      vertex -10.7497 -17.065 48.3327
      vertex -10.7497 -20.4945 53.1045
      vertex -10.7497 -17.1 48
    endloop
  endfacet
  facet normal 1 0 0
    outer loop
      vertex -10.7497 -16.9617 48.6508
      vertex -10.7497 -20.4945 53.1045
      vertex -10.7497 -17.065 48.3327
    endloop
  endfacet
  facet normal 1 0 0
    outer loop
      vertex -10.7497 -16.7944 48.9405
      vertex -10.7497 -20.4945 53.1045
      vertex -10.7497 -16.9617 48.6508
    endloop
  endfacet
  facet normal 1 0 0
    outer loop
      vertex -10.7497 -16.5706 49.189
      vertex -10.7497 -20.4945 53.1045
      vertex -10.7497 -16.7944 48.9405
    endloop
  endfacet
  facet normal 1 -0 0
    outer loop
      vertex -10.7497 -20.4945 53.1045
      vertex -10.7497 -16.5706 49.189
      vertex -10.7497 -19.5 54
    endloop
  endfacet
  facet normal 1 0 0
    outer loop
      vertex -10.7497 -16.3 49.3856
      vertex -10.7497 -19.5 54
      vertex -10.7497 -16.5706 49.189
    endloop
  endfacet
  facet normal 1 0 0
    outer loop
      vertex -10.7497 -15.9944 49.5217
      vertex -10.7497 -19.5 54
      vertex -10.7497 -16.3 49.3856
    endloop
  endfacet
  facet normal 1 0 0
    outer loop
      vertex -10.7497 -15.6672 49.5912
      vertex -10.7497 -19.5 54
      vertex -10.7497 -15.9944 49.5217
    endloop
  endfacet
  facet normal 1 0 0
    outer loop
      vertex -10.7497 -15.3328 49.5912
      vertex -10.7497 -19.5 54
      vertex -10.7497 -15.6672 49.5912
    endloop
  endfacet
  facet normal 1 0 0
    outer loop
      vertex -10.7497 23.5 7
      vertex -10.7497 24.4945 7.89547
      vertex -10.7497 24.4945 15.0174
    endloop
  endfacet
  facet normal 1 0 0
    outer loop
      vertex -10.7497 24.4945 7.89547
      vertex -10.7497 23.5 7
      vertex -10.7497 24.4511 7.69098
    endloop
  endfacet
  facet normal 1 0 0
    outer loop
      vertex -10.7497 24.4511 7.69098
      vertex -10.7497 23.5 7
      vertex -10.7497 24.366 7.5
    endloop
  endfacet
  facet normal 1 0 0
    outer loop
      vertex -10.7497 24.366 7.5
      vertex -10.7497 23.5 7
      vertex -10.7497 24.2431 7.33087
    endloop
  endfacet
  facet normal 1 0 0
    outer loop
      vertex -10.7497 24.2431 7.33087
      vertex -10.7497 23.5 7
      vertex -10.7497 24.0878 7.19098
    endloop
  endfacet
  facet normal 1 0 0
    outer loop
      vertex -10.7497 24.0878 7.19098
      vertex -10.7497 23.5 7
      vertex -10.7497 23.9067 7.08646
    endloop
  endfacet
  facet normal 1 0 0
    outer loop
      vertex -10.7497 23.9067 7.08646
      vertex -10.7497 23.5 7
      vertex -10.7497 23.7079 7.02185
    endloop
  endfacet
  facet normal 1 0 0
    outer loop
      vertex -10.7497 17.065 47.6673
      vertex -10.7497 23.1 54
      vertex -10.7497 17.1 48
    endloop
  endfacet
  facet normal 1 0 0
    outer loop
      vertex -10.7497 16.9617 47.3492
      vertex -10.7497 23.1 54
      vertex -10.7497 17.065 47.6673
    endloop
  endfacet
  facet normal 1 -0 0
    outer loop
      vertex -10.7497 17.065 16.6673
      vertex -10.7497 24.4945 15.0174
      vertex -10.7497 17.1 17
    endloop
  endfacet
  facet normal 1 -0 0
    outer loop
      vertex -10.7497 16.9617 16.3492
      vertex -10.7497 24.4945 15.0174
      vertex -10.7497 17.065 16.6673
    endloop
  endfacet
  facet normal 1 -0 0
    outer loop
      vertex -10.7497 16.7944 16.0595
      vertex -10.7497 24.4945 15.0174
      vertex -10.7497 16.9617 16.3492
    endloop
  endfacet
  facet normal 1 -0 0
    outer loop
      vertex -10.7497 16.5706 15.811
      vertex -10.7497 24.4945 15.0174
      vertex -10.7497 16.7944 16.0595
    endloop
  endfacet
  facet normal 1 0 0
    outer loop
      vertex -10.7497 24.4945 15.0174
      vertex -10.7497 16.5706 15.811
      vertex -10.7497 23.5 7
    endloop
  endfacet
  facet normal 1 -0 0
    outer loop
      vertex -10.7497 16.3 15.6144
      vertex -10.7497 23.5 7
      vertex -10.7497 16.5706 15.811
    endloop
  endfacet
  facet normal 1 -0 0
    outer loop
      vertex -10.7497 15.9944 15.4783
      vertex -10.7497 23.5 7
      vertex -10.7497 16.3 15.6144
    endloop
  endfacet
  facet normal 1 -0 0
    outer loop
      vertex -10.7497 15.6672 15.4088
      vertex -10.7497 23.5 7
      vertex -10.7497 15.9944 15.4783
    endloop
  endfacet
  facet normal 1 -0 0
    outer loop
      vertex -10.7497 15.3328 15.4088
      vertex -10.7497 23.5 7
      vertex -10.7497 15.6672 15.4088
    endloop
  endfacet
  facet normal 1 0 0
    outer loop
      vertex -10.7497 4.7662 7
      vertex -10.7497 15.3328 15.4088
      vertex -10.7497 15.0056 15.4783
    endloop
  endfacet
  facet normal 1 0 0
    outer loop
      vertex -10.7497 4.7662 7
      vertex -10.7497 15.0056 15.4783
      vertex -10.7497 14.7 15.6144
    endloop
  endfacet
  facet normal 1 0 0
    outer loop
      vertex -10.7497 4.7662 12.499
      vertex -10.7497 14.7 15.6144
      vertex -10.7497 14.4294 15.811
    endloop
  endfacet
  facet normal 1 0 0
    outer loop
      vertex -10.7497 14.4294 18.189
      vertex -10.7497 9.03326 22.4675
      vertex -10.7497 14.2056 17.9405
    endloop
  endfacet
  facet normal 1 0 0
    outer loop
      vertex -10.7497 14.2056 17.9405
      vertex -10.7497 9.03326 22.4675
      vertex -10.7497 14.0383 17.6508
    endloop
  endfacet
  facet normal 1 0 0
    outer loop
      vertex -10.7497 14.0383 17.6508
      vertex -10.7497 9.03326 22.4675
      vertex -10.7497 13.935 17.3327
    endloop
  endfacet
  facet normal 1 -0 0
    outer loop
      vertex -10.7497 6.75 20.8087
      vertex -10.7497 13.935 17.3327
      vertex -10.7497 9.03326 22.4675
    endloop
  endfacet
  facet normal 1 0 0
    outer loop
      vertex -10.7497 13.935 17.3327
      vertex -10.7497 6.75 20.8087
      vertex -10.7497 13.9 17
    endloop
  endfacet
  facet normal 1 0 0
    outer loop
      vertex -10.7497 13.9 17
      vertex -10.7497 6.75 20.8087
      vertex -10.7497 13.935 16.6673
    endloop
  endfacet
  facet normal 1 0 0
    outer loop
      vertex -10.7497 4.7662 12.499
      vertex -10.7497 13.935 16.6673
      vertex -10.7497 6.75 20.8087
    endloop
  endfacet
  facet normal 1 0 0
    outer loop
      vertex -10.7497 13.935 16.6673
      vertex -10.7497 4.7662 12.499
      vertex -10.7497 14.0383 16.3492
    endloop
  endfacet
  facet normal 1 0 0
    outer loop
      vertex -10.7497 14.0383 16.3492
      vertex -10.7497 4.7662 12.499
      vertex -10.7497 14.2056 16.0595
    endloop
  endfacet
  facet normal 1 0 0
    outer loop
      vertex -10.7497 14.2056 16.0595
      vertex -10.7497 4.7662 12.499
      vertex -10.7497 14.4294 15.811
    endloop
  endfacet
  facet normal 1 0 0
    outer loop
      vertex -10.7497 14.7 15.6144
      vertex -10.7497 4.7662 12.499
      vertex -10.7497 4.7662 7
    endloop
  endfacet
  facet normal 1 0 0
    outer loop
      vertex -10.7497 15.3328 15.4088
      vertex -10.7497 4.7662 7
      vertex -10.7497 23.5 7
    endloop
  endfacet
  facet normal 0 -0.104523 0.994522
    outer loop
      vertex 1.25 23.5 7
      vertex 9.70966 23.7079 7.02185
      vertex 1.25 23.7079 7.02185
    endloop
  endfacet
  facet normal 0 -0.104523 0.994522
    outer loop
      vertex 9.70966 23.7079 7.02185
      vertex 1.25 23.5 7
      vertex 9.79282 23.5 7
    endloop
  endfacet
  facet normal 0 -0.104523 0.994522
    outer loop
      vertex 20.3771 23.7079 7.02185
      vertex 11.4072 23.5 7
      vertex 20.5783 23.5 7
    endloop
  endfacet
  facet normal 0 -0.104523 0.994522
    outer loop
      vertex 11.4072 23.5 7
      vertex 20.3771 23.7079 7.02185
      vertex 11.324 23.7079 7.02185
    endloop
  endfacet
  facet normal 0 -0.104523 0.994522
    outer loop
      vertex -10.7497 23.7079 7.02185
      vertex -6.75 23.5 7
      vertex -6.75 23.7079 7.02185
    endloop
  endfacet
  facet normal 0 -0.104523 0.994522
    outer loop
      vertex -6.75 23.5 7
      vertex -10.7497 23.7079 7.02185
      vertex -10.7497 23.5 7
    endloop
  endfacet
  facet normal -0 0.309086 0.951034
    outer loop
      vertex -10.7497 -19.7079 7.02185
      vertex 11.2301 -19.9067 7.08646
      vertex 11.3097 -19.7079 7.02185
    endloop
  endfacet
  facet normal 0 0.309086 0.951034
    outer loop
      vertex 11.2301 -19.9067 7.08646
      vertex -10.7497 -19.7079 7.02185
      vertex -10.7497 -19.9067 7.08646
    endloop
  endfacet
  facet normal -0 0.309086 0.951034
    outer loop
      vertex 12.924 -19.7079 7.02185
      vertex 21.9747 -19.9067 7.08646
      vertex 22.0792 -19.7079 7.02185
    endloop
  endfacet
  facet normal 0 0.309086 0.951034
    outer loop
      vertex 21.9747 -19.9067 7.08646
      vertex 12.924 -19.7079 7.02185
      vertex 12.8445 -19.9067 7.08646
    endloop
  endfacet
  facet normal 0 -0.913421 0.407017
    outer loop
      vertex 1.25 24.366 7.5
      vertex 9.4124 24.4511 7.69098
      vertex 1.25 24.4511 7.69098
    endloop
  endfacet
  facet normal 0 -0.913421 0.407017
    outer loop
      vertex 9.4124 24.4511 7.69098
      vertex 1.25 24.366 7.5
      vertex 9.44641 24.366 7.5
    endloop
  endfacet
  facet normal 0 -0.913421 0.407017
    outer loop
      vertex 11.0608 24.366 7.5
      vertex 18.8527 24.4511 7.69098
      vertex 11.0268 24.4511 7.69098
    endloop
  endfacet
  facet normal 0 -0.913421 0.407017
    outer loop
      vertex 18.8527 24.4511 7.69098
      vertex 11.0608 24.366 7.5
      vertex 19.1725 24.366 7.5
    endloop
  endfacet
  facet normal 0 -0.913421 0.407017
    outer loop
      vertex -10.7497 24.366 7.5
      vertex -6.75 24.4511 7.69098
      vertex -10.7497 24.4511 7.69098
    endloop
  endfacet
  facet normal 0 -0.913421 0.407017
    outer loop
      vertex -6.75 24.4511 7.69098
      vertex -10.7497 24.366 7.5
      vertex -6.75 24.366 7.5
    endloop
  endfacet
  facet normal 0 -0.808972 0.587847
    outer loop
      vertex -10.7497 24.2431 7.33087
      vertex -6.75 24.366 7.5
      vertex -10.7497 24.366 7.5
    endloop
  endfacet
  facet normal 0 -0.808972 0.587847
    outer loop
      vertex -6.75 24.366 7.5
      vertex -10.7497 24.2431 7.33087
      vertex -6.75 24.2431 7.33087
    endloop
  endfacet
  facet normal 0 -0.808972 0.587847
    outer loop
      vertex 1.25 24.2431 7.33087
      vertex 9.44641 24.366 7.5
      vertex 1.25 24.366 7.5
    endloop
  endfacet
  facet normal 0 -0.808972 0.587847
    outer loop
      vertex 9.44641 24.366 7.5
      vertex 1.25 24.2431 7.33087
      vertex 9.49556 24.2431 7.33087
    endloop
  endfacet
  facet normal 0 -0.808972 0.587847
    outer loop
      vertex 11.1099 24.2431 7.33087
      vertex 19.1725 24.366 7.5
      vertex 11.0608 24.366 7.5
    endloop
  endfacet
  facet normal 0 -0.808972 0.587847
    outer loop
      vertex 19.5118 24.2431 7.33087
      vertex 19.1725 24.366 7.5
      vertex 11.1099 24.2431 7.33087
    endloop
  endfacet
  facet normal -0.000498039 -0.809447 0.587193
    outer loop
      vertex 19.1725 24.366 7.5
      vertex 19.5118 24.2431 7.33087
      vertex 19.3588 24.3073 7.41924
    endloop
  endfacet
  facet normal 0.010348 -0.800389 0.599392
    outer loop
      vertex 19.3588 24.3073 7.41924
      vertex 19.5118 24.2431 7.33087
      vertex 19.3891 24.2972 7.40523
    endloop
  endfacet
  facet normal -0 0.499863 0.866104
    outer loop
      vertex -10.7497 -19.9067 7.08646
      vertex 11.1577 -20.0878 7.19098
      vertex 11.2301 -19.9067 7.08646
    endloop
  endfacet
  facet normal 0 0.499863 0.866104
    outer loop
      vertex 11.1577 -20.0878 7.19098
      vertex -10.7497 -19.9067 7.08646
      vertex -10.7497 -20.0878 7.19098
    endloop
  endfacet
  facet normal -0 0.499863 0.866104
    outer loop
      vertex 12.8445 -19.9067 7.08646
      vertex 21.8505 -20.0878 7.19098
      vertex 21.9747 -19.9067 7.08646
    endloop
  endfacet
  facet normal 0 0.499863 0.866104
    outer loop
      vertex 21.8505 -20.0878 7.19098
      vertex 12.8445 -19.9067 7.08646
      vertex 12.7721 -20.0878 7.19098
    endloop
  endfacet
  facet normal -0 0.104523 0.994522
    outer loop
      vertex -10.7497 -19.5 7
      vertex 11.3097 -19.7079 7.02185
      vertex 11.3928 -19.5 7
    endloop
  endfacet
  facet normal 0 0.104523 0.994522
    outer loop
      vertex 11.3097 -19.7079 7.02185
      vertex -10.7497 -19.5 7
      vertex -10.7497 -19.7079 7.02185
    endloop
  endfacet
  facet normal -0 0.104523 0.994522
    outer loop
      vertex 13.0072 -19.5 7
      vertex 22.0792 -19.7079 7.02185
      vertex 22.1595 -19.5 7
    endloop
  endfacet
  facet normal 0 0.104523 0.994522
    outer loop
      vertex 22.0792 -19.7079 7.02185
      vertex 13.0072 -19.5 7
      vertex 12.924 -19.7079 7.02185
    endloop
  endfacet
  facet normal -0 0 1
    outer loop
      vertex -6.84975 24.7098 9
      vertex -6.75 24.4945 9
      vertex -6.75 24.7098 9
    endloop
  endfacet
  facet normal 0 0 1
    outer loop
      vertex -6.75 24.4945 9
      vertex -6.84975 24.7098 9
      vertex -6.84975 24.4945 9
    endloop
  endfacet
  facet normal -0 0 1
    outer loop
      vertex -6.84975 -20.4945 9
      vertex 9.31484 -24.6949 9
      vertex 10.995 -20.4945 9
    endloop
  endfacet
  facet normal 0 0 1
    outer loop
      vertex -6.84975 -20.4945 9
      vertex 9.31002 -24.7098 9
      vertex 9.31484 -24.6949 9
    endloop
  endfacet
  facet normal 0 0 1
    outer loop
      vertex 9.31002 -24.7098 9
      vertex -6.84975 -20.4945 9
      vertex -6.84975 -24.7098 9
    endloop
  endfacet
  facet normal 0 0 1
    outer loop
      vertex 1.25 24.4945 9
      vertex 9.31002 24.7098 9
      vertex 1.25 24.7098 9
    endloop
  endfacet
  facet normal 0 0 1
    outer loop
      vertex 9.31002 24.7098 9
      vertex 1.25 24.4945 9
      vertex 9.31484 24.6949 9
    endloop
  endfacet
  facet normal 0 0 1
    outer loop
      vertex 9.31484 24.6949 9
      vertex 1.25 24.4945 9
      vertex 9.39501 24.4945 9
    endloop
  endfacet
  facet normal -0 0 1
    outer loop
      vertex 12.6094 -20.4945 9
      vertex 20.1229 -21.8968 9
      vertex 20.5704 -20.4945 9
    endloop
  endfacet
  facet normal 0 -0 1
    outer loop
      vertex 17.0013 -24.7098 9
      vertex 20.1229 -21.8968 9
      vertex 12.6094 -20.4945 9
    endloop
  endfacet
  facet normal 0 -0 1
    outer loop
      vertex 19.8831 -22.6191 9
      vertex 20.1229 -21.8968 9
      vertex 17.0013 -24.7098 9
    endloop
  endfacet
  facet normal 0 0 1
    outer loop
      vertex 20.1229 -21.8968 9
      vertex 19.8831 -22.6191 9
      vertex 19.9005 -22.5814 9
    endloop
  endfacet
  facet normal 0 0 1
    outer loop
      vertex 19.8831 -22.6191 9
      vertex 17.0013 -24.7098 9
      vertex 19.5234 -23.2421 9
    endloop
  endfacet
  facet normal 0 0 1
    outer loop
      vertex 19.5234 -23.2421 9
      vertex 17.0013 -24.7098 9
      vertex 19.5014 -23.273 9
    endloop
  endfacet
  facet normal 0 0 1
    outer loop
      vertex 19.5014 -23.273 9
      vertex 17.0013 -24.7098 9
      vertex 19.0204 -23.8072 9
    endloop
  endfacet
  facet normal 0 0 1
    outer loop
      vertex 18.9951 -23.8299 9
      vertex 18.3864 -24.2655 9
      vertex 18.414 -24.2521 9
    endloop
  endfacet
  facet normal 0 0 1
    outer loop
      vertex 19.0204 -23.8072 9
      vertex 17.0013 -24.7098 9
      vertex 18.9951 -23.8299 9
    endloop
  endfacet
  facet normal 0 0 1
    outer loop
      vertex 18.3864 -24.2655 9
      vertex 17.0291 -24.7065 9
      vertex 17.7309 -24.5573 9
    endloop
  endfacet
  facet normal 0 0 1
    outer loop
      vertex 18.9951 -23.8299 9
      vertex 17.0013 -24.7098 9
      vertex 18.3864 -24.2655 9
    endloop
  endfacet
  facet normal 0 0 1
    outer loop
      vertex 18.3864 -24.2655 9
      vertex 17.0013 -24.7098 9
      vertex 17.0291 -24.7065 9
    endloop
  endfacet
  facet normal 0 0 1
    outer loop
      vertex 17.0013 -24.7098 9
      vertex 12.6094 -20.4945 9
      vertex 10.9233 -24.7098 9
    endloop
  endfacet
  facet normal 0 0 1
    outer loop
      vertex 17.0291 24.7065 9
      vertex 17.872 24.4945 9
      vertex 17.7309 24.5573 9
    endloop
  endfacet
  facet normal 0 0 1
    outer loop
      vertex 17.0013 24.7098 9
      vertex 17.872 24.4945 9
      vertex 17.0291 24.7065 9
    endloop
  endfacet
  facet normal 0 0 1
    outer loop
      vertex 17.0013 24.7098 9
      vertex 11.0094 24.4945 9
      vertex 17.872 24.4945 9
    endloop
  endfacet
  facet normal 0 -0 1
    outer loop
      vertex 11.0094 24.4945 9
      vertex 17.0013 24.7098 9
      vertex 10.9233 24.7098 9
    endloop
  endfacet
  facet normal 1 0 0
    outer loop
      vertex -6.84975 -21.7785 51.4807
      vertex -6.84975 -20.4945 51.6904
      vertex -6.84975 -21.1009 51.6904
    endloop
  endfacet
  facet normal 1 0 0
    outer loop
      vertex -6.84975 -21.7785 51.4807
      vertex -6.84975 -21.1009 51.6904
      vertex -6.84975 -21.1486 51.6854
    endloop
  endfacet
  facet normal 1 0 0
    outer loop
      vertex -6.84975 -21.7785 51.4807
      vertex -6.84975 -21.1486 51.6854
      vertex -6.84975 -21.4508 51.6212
    endloop
  endfacet
  facet normal 1 0 0
    outer loop
      vertex -6.84975 -21.7785 51.4807
      vertex -6.84975 -21.4508 51.6212
      vertex -6.84975 -21.4963 51.6064
    endloop
  endfacet
  facet normal 1 0 0
    outer loop
      vertex -6.84975 -20.4945 51.6904
      vertex -6.84975 -21.7785 51.4807
      vertex -6.84975 -23.2609 49.5013
    endloop
  endfacet
  facet normal 1 0 0
    outer loop
      vertex -6.84975 -23.2609 49.5013
      vertex -6.84975 -21.7785 51.4807
      vertex -6.84975 -22.2639 51.2371
    endloop
  endfacet
  facet normal 1 0 0
    outer loop
      vertex -6.84975 -22.575 51.0244
      vertex -6.84975 -22.2639 51.2371
      vertex -6.84975 -22.3254 51.2057
    endloop
  endfacet
  facet normal 1 0 0
    outer loop
      vertex -6.84975 -22.6319 50.9728
      vertex -6.84975 -22.2639 51.2371
      vertex -6.84975 -22.575 51.0244
    endloop
  endfacet
  facet normal 1 0 0
    outer loop
      vertex -6.84975 -22.8885 50.6729
      vertex -6.84975 -22.2639 51.2371
      vertex -6.84975 -22.6319 50.9728
    endloop
  endfacet
  facet normal 1 0 0
    outer loop
      vertex -6.84975 -22.8885 50.6729
      vertex -6.84975 -22.6319 50.9728
      vertex -6.84975 -22.8381 50.7437
    endloop
  endfacet
  facet normal 1 0 0
    outer loop
      vertex -6.84975 -23.0424 50.4064
      vertex -6.84975 -22.2639 51.2371
      vertex -6.84975 -22.8885 50.6729
    endloop
  endfacet
  facet normal 1 0 0
    outer loop
      vertex -6.84975 -22.2639 51.2371
      vertex -6.84975 -23.0424 50.4064
      vertex -6.84975 -23.1791 50.0258
    endloop
  endfacet
  facet normal 1 0 0
    outer loop
      vertex -6.84975 -23.1791 50.0258
      vertex -6.84975 -23.0424 50.4064
      vertex -6.84975 -23.0841 50.318
    endloop
  endfacet
  facet normal 1 0 0
    outer loop
      vertex -6.84975 -22.2639 51.2371
      vertex -6.84975 -23.1791 50.0258
      vertex -6.84975 -23.2609 49.5013
    endloop
  endfacet
  facet normal 1 0 0
    outer loop
      vertex -6.84975 -23.229 49.8055
      vertex -6.84975 -23.1791 50.0258
      vertex -6.84975 -23.2102 49.9222
    endloop
  endfacet
  facet normal 1 0 0
    outer loop
      vertex -6.84975 -23.1791 50.0258
      vertex -6.84975 -23.229 49.8055
      vertex -6.84975 -23.2609 49.5013
    endloop
  endfacet
  facet normal 1 0 0
    outer loop
      vertex -6.84975 -20.4945 51.6904
      vertex -6.84975 -23.2609 49.5013
      vertex -6.84975 -20.4945 9
    endloop
  endfacet
  facet normal 1 0 0
    outer loop
      vertex -6.84975 -20.4945 9
      vertex -6.84975 -23.2609 49.5013
      vertex -6.84975 -24.7098 9
    endloop
  endfacet
  facet normal 1 0 0
    outer loop
      vertex -6.84975 24.7098 9
      vertex -6.84975 24.4945 15.0174
      vertex -6.84975 24.4945 9
    endloop
  endfacet
  facet normal 0 0 -1
    outer loop
      vertex -13.2503 -15.6672 49.5912
      vertex -10.7497 -15.3328 49.5912
      vertex -10.7497 -15.6672 49.5912
    endloop
  endfacet
  facet normal -0 0 -1
    outer loop
      vertex -10.7497 -15.3328 49.5912
      vertex -13.2503 -15.6672 49.5912
      vertex -13.2503 -15.3328 49.5912
    endloop
  endfacet
  facet normal 0 0.951107 -0.308863
    outer loop
      vertex -10.7497 -17.065 48.3327
      vertex -13.2503 -16.9617 48.6508
      vertex -10.7497 -16.9617 48.6508
    endloop
  endfacet
  facet normal 0 0.951107 -0.308863
    outer loop
      vertex -13.2503 -16.9617 48.6508
      vertex -10.7497 -17.065 48.3327
      vertex -13.2503 -17.065 48.3327
    endloop
  endfacet
  facet normal 0 0.994512 -0.104623
    outer loop
      vertex -10.7497 -17.1 48
      vertex -13.2503 -17.065 48.3327
      vertex -10.7497 -17.065 48.3327
    endloop
  endfacet
  facet normal 0 0.994512 -0.104623
    outer loop
      vertex -13.2503 -17.065 48.3327
      vertex -10.7497 -17.1 48
      vertex -13.2503 -17.1 48
    endloop
  endfacet
  facet normal 0 0.865972 -0.500093
    outer loop
      vertex -10.7497 -16.9617 48.6508
      vertex -13.2503 -16.7944 48.9405
      vertex -10.7497 -16.7944 48.9405
    endloop
  endfacet
  facet normal 0 0.865972 -0.500093
    outer loop
      vertex -13.2503 -16.7944 48.9405
      vertex -10.7497 -16.9617 48.6508
      vertex -13.2503 -16.9617 48.6508
    endloop
  endfacet
  facet normal -0 0 1
    outer loop
      vertex -13.2503 -15.3328 46.4088
      vertex -10.7497 -15.6672 46.4088
      vertex -10.7497 -15.3328 46.4088
    endloop
  endfacet
  facet normal 0 0 1
    outer loop
      vertex -10.7497 -15.6672 46.4088
      vertex -13.2503 -15.3328 46.4088
      vertex -13.2503 -15.6672 46.4088
    endloop
  endfacet
  facet normal 0 -0.207773 0.978177
    outer loop
      vertex -13.2503 -15.0056 46.4783
      vertex -10.7497 -15.3328 46.4088
      vertex -10.7497 -15.0056 46.4783
    endloop
  endfacet
  facet normal 0 -0.207773 0.978177
    outer loop
      vertex -10.7497 -15.3328 46.4088
      vertex -13.2503 -15.0056 46.4783
      vertex -13.2503 -15.3328 46.4088
    endloop
  endfacet
  facet normal 0 -0.951107 0.308863
    outer loop
      vertex -13.2503 -14.0383 47.3492
      vertex -10.7497 -13.935 47.6673
      vertex -13.2503 -13.935 47.6673
    endloop
  endfacet
  facet normal 0 -0.951107 0.308863
    outer loop
      vertex -10.7497 -13.935 47.6673
      vertex -13.2503 -14.0383 47.3492
      vertex -10.7497 -14.0383 47.3492
    endloop
  endfacet
  facet normal 0 0.994512 0.104623
    outer loop
      vertex -10.7497 -17.065 47.6673
      vertex -13.2503 -17.1 48
      vertex -10.7497 -17.1 48
    endloop
  endfacet
  facet normal 0 0.994512 0.104623
    outer loop
      vertex -13.2503 -17.1 48
      vertex -10.7497 -17.065 47.6673
      vertex -13.2503 -17.065 47.6673
    endloop
  endfacet
  facet normal 0 -0.743071 -0.669213
    outer loop
      vertex -13.2503 -14.2056 48.9405
      vertex -10.7497 -14.4294 49.189
      vertex -13.2503 -14.4294 49.189
    endloop
  endfacet
  facet normal 0 -0.743071 -0.669213
    outer loop
      vertex -10.7497 -14.4294 49.189
      vertex -13.2503 -14.2056 48.9405
      vertex -10.7497 -14.2056 48.9405
    endloop
  endfacet
  facet normal 0 -0.587781 0.80902
    outer loop
      vertex -13.2503 -14.4294 46.811
      vertex -10.7497 -14.7 46.6144
      vertex -10.7497 -14.4294 46.811
    endloop
  endfacet
  facet normal 0 -0.587781 0.80902
    outer loop
      vertex -10.7497 -14.7 46.6144
      vertex -13.2503 -14.4294 46.811
      vertex -13.2503 -14.7 46.6144
    endloop
  endfacet
  facet normal 0 0.743071 -0.669213
    outer loop
      vertex -10.7497 -16.7944 48.9405
      vertex -13.2503 -16.5706 49.189
      vertex -10.7497 -16.5706 49.189
    endloop
  endfacet
  facet normal 0 0.743071 -0.669213
    outer loop
      vertex -13.2503 -16.5706 49.189
      vertex -10.7497 -16.7944 48.9405
      vertex -13.2503 -16.7944 48.9405
    endloop
  endfacet
  facet normal 0 -0.406832 -0.913503
    outer loop
      vertex -13.2503 -15.0056 49.5217
      vertex -10.7497 -14.7 49.3856
      vertex -10.7497 -15.0056 49.5217
    endloop
  endfacet
  facet normal -0 -0.406832 -0.913503
    outer loop
      vertex -10.7497 -14.7 49.3856
      vertex -13.2503 -15.0056 49.5217
      vertex -13.2503 -14.7 49.3856
    endloop
  endfacet
  facet normal 0 -0.587781 -0.80902
    outer loop
      vertex -13.2503 -14.7 49.3856
      vertex -10.7497 -14.4294 49.189
      vertex -10.7497 -14.7 49.3856
    endloop
  endfacet
  facet normal -0 -0.587781 -0.80902
    outer loop
      vertex -10.7497 -14.4294 49.189
      vertex -13.2503 -14.7 49.3856
      vertex -13.2503 -14.4294 49.189
    endloop
  endfacet
  facet normal 0 0.743071 0.669213
    outer loop
      vertex -10.7497 -16.5706 46.811
      vertex -13.2503 -16.7944 47.0595
      vertex -10.7497 -16.7944 47.0595
    endloop
  endfacet
  facet normal 0 0.743071 0.669213
    outer loop
      vertex -13.2503 -16.7944 47.0595
      vertex -10.7497 -16.5706 46.811
      vertex -13.2503 -16.5706 46.811
    endloop
  endfacet
  facet normal 0 -0.951107 -0.308863
    outer loop
      vertex -13.2503 -13.935 48.3327
      vertex -10.7497 -14.0383 48.6508
      vertex -13.2503 -14.0383 48.6508
    endloop
  endfacet
  facet normal 0 -0.951107 -0.308863
    outer loop
      vertex -10.7497 -14.0383 48.6508
      vertex -13.2503 -13.935 48.3327
      vertex -10.7497 -13.935 48.3327
    endloop
  endfacet
  facet normal 0 -0.994512 0.104623
    outer loop
      vertex -13.2503 -13.935 47.6673
      vertex -10.7497 -13.9 48
      vertex -13.2503 -13.9 48
    endloop
  endfacet
  facet normal 0 -0.994512 0.104623
    outer loop
      vertex -10.7497 -13.9 48
      vertex -13.2503 -13.935 47.6673
      vertex -10.7497 -13.935 47.6673
    endloop
  endfacet
  facet normal 0 -0.743071 0.669213
    outer loop
      vertex -13.2503 -14.4294 46.811
      vertex -10.7497 -14.2056 47.0595
      vertex -13.2503 -14.2056 47.0595
    endloop
  endfacet
  facet normal 0 -0.743071 0.669213
    outer loop
      vertex -10.7497 -14.2056 47.0595
      vertex -13.2503 -14.4294 46.811
      vertex -10.7497 -14.4294 46.811
    endloop
  endfacet
  facet normal 0 0.951107 0.308863
    outer loop
      vertex -10.7497 -16.9617 47.3492
      vertex -13.2503 -17.065 47.6673
      vertex -10.7497 -17.065 47.6673
    endloop
  endfacet
  facet normal 0 0.951107 0.308863
    outer loop
      vertex -13.2503 -17.065 47.6673
      vertex -10.7497 -16.9617 47.3492
      vertex -13.2503 -16.9617 47.3492
    endloop
  endfacet
  facet normal 0 -0.207773 -0.978177
    outer loop
      vertex -13.2503 -15.3328 49.5912
      vertex -10.7497 -15.0056 49.5217
      vertex -10.7497 -15.3328 49.5912
    endloop
  endfacet
  facet normal -0 -0.207773 -0.978177
    outer loop
      vertex -10.7497 -15.0056 49.5217
      vertex -13.2503 -15.3328 49.5912
      vertex -13.2503 -15.0056 49.5217
    endloop
  endfacet
  facet normal 0 0.207773 -0.978177
    outer loop
      vertex -13.2503 -15.9944 49.5217
      vertex -10.7497 -15.6672 49.5912
      vertex -10.7497 -15.9944 49.5217
    endloop
  endfacet
  facet normal 0 0.207773 -0.978177
    outer loop
      vertex -10.7497 -15.6672 49.5912
      vertex -13.2503 -15.9944 49.5217
      vertex -13.2503 -15.6672 49.5912
    endloop
  endfacet
  facet normal 0 0.865972 0.500093
    outer loop
      vertex -10.7497 -16.7944 47.0595
      vertex -13.2503 -16.9617 47.3492
      vertex -10.7497 -16.9617 47.3492
    endloop
  endfacet
  facet normal 0 0.865972 0.500093
    outer loop
      vertex -13.2503 -16.9617 47.3492
      vertex -10.7497 -16.7944 47.0595
      vertex -13.2503 -16.7944 47.0595
    endloop
  endfacet
  facet normal -0 0.587781 0.80902
    outer loop
      vertex -13.2503 -16.3 46.6144
      vertex -10.7497 -16.5706 46.811
      vertex -10.7497 -16.3 46.6144
    endloop
  endfacet
  facet normal 0 0.587781 0.80902
    outer loop
      vertex -10.7497 -16.5706 46.811
      vertex -13.2503 -16.3 46.6144
      vertex -13.2503 -16.5706 46.811
    endloop
  endfacet
  facet normal -0 0.406832 0.913503
    outer loop
      vertex -13.2503 -15.9944 46.4783
      vertex -10.7497 -16.3 46.6144
      vertex -10.7497 -15.9944 46.4783
    endloop
  endfacet
  facet normal 0 0.406832 0.913503
    outer loop
      vertex -10.7497 -16.3 46.6144
      vertex -13.2503 -15.9944 46.4783
      vertex -13.2503 -16.3 46.6144
    endloop
  endfacet
  facet normal 0 0.587781 -0.80902
    outer loop
      vertex -13.2503 -16.5706 49.189
      vertex -10.7497 -16.3 49.3856
      vertex -10.7497 -16.5706 49.189
    endloop
  endfacet
  facet normal 0 0.587781 -0.80902
    outer loop
      vertex -10.7497 -16.3 49.3856
      vertex -13.2503 -16.5706 49.189
      vertex -13.2503 -16.3 49.3856
    endloop
  endfacet
  facet normal 0 0.406832 -0.913503
    outer loop
      vertex -13.2503 -16.3 49.3856
      vertex -10.7497 -15.9944 49.5217
      vertex -10.7497 -16.3 49.3856
    endloop
  endfacet
  facet normal 0 0.406832 -0.913503
    outer loop
      vertex -10.7497 -15.9944 49.5217
      vertex -13.2503 -16.3 49.3856
      vertex -13.2503 -15.9944 49.5217
    endloop
  endfacet
  facet normal 0 -0.865972 0.500093
    outer loop
      vertex -13.2503 -14.2056 47.0595
      vertex -10.7497 -14.0383 47.3492
      vertex -13.2503 -14.0383 47.3492
    endloop
  endfacet
  facet normal 0 -0.865972 0.500093
    outer loop
      vertex -10.7497 -14.0383 47.3492
      vertex -13.2503 -14.2056 47.0595
      vertex -10.7497 -14.2056 47.0595
    endloop
  endfacet
  facet normal -0 0.207773 0.978177
    outer loop
      vertex -13.2503 -15.6672 46.4088
      vertex -10.7497 -15.9944 46.4783
      vertex -10.7497 -15.6672 46.4088
    endloop
  endfacet
  facet normal 0 0.207773 0.978177
    outer loop
      vertex -10.7497 -15.9944 46.4783
      vertex -13.2503 -15.6672 46.4088
      vertex -13.2503 -15.9944 46.4783
    endloop
  endfacet
  facet normal 0 -0.406832 0.913503
    outer loop
      vertex -13.2503 -14.7 46.6144
      vertex -10.7497 -15.0056 46.4783
      vertex -10.7497 -14.7 46.6144
    endloop
  endfacet
  facet normal 0 -0.406832 0.913503
    outer loop
      vertex -10.7497 -15.0056 46.4783
      vertex -13.2503 -14.7 46.6144
      vertex -13.2503 -15.0056 46.4783
    endloop
  endfacet
  facet normal 0 -0.994512 -0.104623
    outer loop
      vertex -13.2503 -13.9 48
      vertex -10.7497 -13.935 48.3327
      vertex -13.2503 -13.935 48.3327
    endloop
  endfacet
  facet normal 0 -0.994512 -0.104623
    outer loop
      vertex -10.7497 -13.935 48.3327
      vertex -13.2503 -13.9 48
      vertex -10.7497 -13.9 48
    endloop
  endfacet
  facet normal 0 -0.865972 -0.500093
    outer loop
      vertex -13.2503 -14.0383 48.6508
      vertex -10.7497 -14.2056 48.9405
      vertex -13.2503 -14.2056 48.9405
    endloop
  endfacet
  facet normal 0 -0.865972 -0.500093
    outer loop
      vertex -10.7497 -14.2056 48.9405
      vertex -13.2503 -14.0383 48.6508
      vertex -10.7497 -14.0383 48.6508
    endloop
  endfacet
  facet normal 0 0 -1
    outer loop
      vertex -13.2503 15.3328 49.5912
      vertex -10.7497 15.6672 49.5912
      vertex -10.7497 15.3328 49.5912
    endloop
  endfacet
  facet normal -0 0 -1
    outer loop
      vertex -10.7497 15.6672 49.5912
      vertex -13.2503 15.3328 49.5912
      vertex -13.2503 15.6672 49.5912
    endloop
  endfacet
  facet normal 0 0.951107 -0.308863
    outer loop
      vertex -10.7497 13.935 48.3327
      vertex -13.2503 14.0383 48.6508
      vertex -10.7497 14.0383 48.6508
    endloop
  endfacet
  facet normal 0 0.951107 -0.308863
    outer loop
      vertex -13.2503 14.0383 48.6508
      vertex -10.7497 13.935 48.3327
      vertex -13.2503 13.935 48.3327
    endloop
  endfacet
  facet normal 0 0.994512 -0.104623
    outer loop
      vertex -10.7497 13.9 48
      vertex -13.2503 13.935 48.3327
      vertex -10.7497 13.935 48.3327
    endloop
  endfacet
  facet normal 0 0.994512 -0.104623
    outer loop
      vertex -13.2503 13.935 48.3327
      vertex -10.7497 13.9 48
      vertex -13.2503 13.9 48
    endloop
  endfacet
  facet normal 0 0.865972 -0.500093
    outer loop
      vertex -10.7497 14.0383 48.6508
      vertex -13.2503 14.2056 48.9405
      vertex -10.7497 14.2056 48.9405
    endloop
  endfacet
  facet normal 0 0.865972 -0.500093
    outer loop
      vertex -13.2503 14.2056 48.9405
      vertex -10.7497 14.0383 48.6508
      vertex -13.2503 14.0383 48.6508
    endloop
  endfacet
  facet normal -0 0 1
    outer loop
      vertex -13.2503 15.6672 46.4088
      vertex -10.7497 15.3328 46.4088
      vertex -10.7497 15.6672 46.4088
    endloop
  endfacet
  facet normal 0 0 1
    outer loop
      vertex -10.7497 15.3328 46.4088
      vertex -13.2503 15.6672 46.4088
      vertex -13.2503 15.3328 46.4088
    endloop
  endfacet
  facet normal 0 -0.207773 0.978177
    outer loop
      vertex -13.2503 15.9944 46.4783
      vertex -10.7497 15.6672 46.4088
      vertex -10.7497 15.9944 46.4783
    endloop
  endfacet
  facet normal 0 -0.207773 0.978177
    outer loop
      vertex -10.7497 15.6672 46.4088
      vertex -13.2503 15.9944 46.4783
      vertex -13.2503 15.6672 46.4088
    endloop
  endfacet
  facet normal 0 -0.951107 0.308863
    outer loop
      vertex -13.2503 16.9617 47.3492
      vertex -10.7497 17.065 47.6673
      vertex -13.2503 17.065 47.6673
    endloop
  endfacet
  facet normal 0 -0.951107 0.308863
    outer loop
      vertex -10.7497 17.065 47.6673
      vertex -13.2503 16.9617 47.3492
      vertex -10.7497 16.9617 47.3492
    endloop
  endfacet
  facet normal 0 0.994512 0.104623
    outer loop
      vertex -10.7497 13.935 47.6673
      vertex -13.2503 13.9 48
      vertex -10.7497 13.9 48
    endloop
  endfacet
  facet normal 0 0.994512 0.104623
    outer loop
      vertex -13.2503 13.9 48
      vertex -10.7497 13.935 47.6673
      vertex -13.2503 13.935 47.6673
    endloop
  endfacet
  facet normal 0 -0.743071 -0.669213
    outer loop
      vertex -13.2503 16.7944 48.9405
      vertex -10.7497 16.5706 49.189
      vertex -13.2503 16.5706 49.189
    endloop
  endfacet
  facet normal 0 -0.743071 -0.669213
    outer loop
      vertex -10.7497 16.5706 49.189
      vertex -13.2503 16.7944 48.9405
      vertex -10.7497 16.7944 48.9405
    endloop
  endfacet
  facet normal 0 -0.587781 0.80902
    outer loop
      vertex -13.2503 16.5706 46.811
      vertex -10.7497 16.3 46.6144
      vertex -10.7497 16.5706 46.811
    endloop
  endfacet
  facet normal 0 -0.587781 0.80902
    outer loop
      vertex -10.7497 16.3 46.6144
      vertex -13.2503 16.5706 46.811
      vertex -13.2503 16.3 46.6144
    endloop
  endfacet
  facet normal 0 0.743071 -0.669213
    outer loop
      vertex -10.7497 14.2056 48.9405
      vertex -13.2503 14.4294 49.189
      vertex -10.7497 14.4294 49.189
    endloop
  endfacet
  facet normal 0 0.743071 -0.669213
    outer loop
      vertex -13.2503 14.4294 49.189
      vertex -10.7497 14.2056 48.9405
      vertex -13.2503 14.2056 48.9405
    endloop
  endfacet
  facet normal 0 -0.406832 -0.913503
    outer loop
      vertex -13.2503 15.9944 49.5217
      vertex -10.7497 16.3 49.3856
      vertex -10.7497 15.9944 49.5217
    endloop
  endfacet
  facet normal -0 -0.406832 -0.913503
    outer loop
      vertex -10.7497 16.3 49.3856
      vertex -13.2503 15.9944 49.5217
      vertex -13.2503 16.3 49.3856
    endloop
  endfacet
  facet normal 0 -0.587781 -0.80902
    outer loop
      vertex -13.2503 16.3 49.3856
      vertex -10.7497 16.5706 49.189
      vertex -10.7497 16.3 49.3856
    endloop
  endfacet
  facet normal -0 -0.587781 -0.80902
    outer loop
      vertex -10.7497 16.5706 49.189
      vertex -13.2503 16.3 49.3856
      vertex -13.2503 16.5706 49.189
    endloop
  endfacet
  facet normal 0 0.743071 0.669213
    outer loop
      vertex -10.7497 14.4294 46.811
      vertex -13.2503 14.2056 47.0595
      vertex -10.7497 14.2056 47.0595
    endloop
  endfacet
  facet normal 0 0.743071 0.669213
    outer loop
      vertex -13.2503 14.2056 47.0595
      vertex -10.7497 14.4294 46.811
      vertex -13.2503 14.4294 46.811
    endloop
  endfacet
  facet normal 0 -0.951107 -0.308863
    outer loop
      vertex -13.2503 17.065 48.3327
      vertex -10.7497 16.9617 48.6508
      vertex -13.2503 16.9617 48.6508
    endloop
  endfacet
  facet normal 0 -0.951107 -0.308863
    outer loop
      vertex -10.7497 16.9617 48.6508
      vertex -13.2503 17.065 48.3327
      vertex -10.7497 17.065 48.3327
    endloop
  endfacet
  facet normal 0 -0.994512 0.104623
    outer loop
      vertex -13.2503 17.065 47.6673
      vertex -10.7497 17.1 48
      vertex -13.2503 17.1 48
    endloop
  endfacet
  facet normal 0 -0.994512 0.104623
    outer loop
      vertex -10.7497 17.1 48
      vertex -13.2503 17.065 47.6673
      vertex -10.7497 17.065 47.6673
    endloop
  endfacet
  facet normal 0 -0.743071 0.669213
    outer loop
      vertex -13.2503 16.5706 46.811
      vertex -10.7497 16.7944 47.0595
      vertex -13.2503 16.7944 47.0595
    endloop
  endfacet
  facet normal 0 -0.743071 0.669213
    outer loop
      vertex -10.7497 16.7944 47.0595
      vertex -13.2503 16.5706 46.811
      vertex -10.7497 16.5706 46.811
    endloop
  endfacet
  facet normal 0 0.951107 0.308863
    outer loop
      vertex -10.7497 14.0383 47.3492
      vertex -13.2503 13.935 47.6673
      vertex -10.7497 13.935 47.6673
    endloop
  endfacet
  facet normal 0 0.951107 0.308863
    outer loop
      vertex -13.2503 13.935 47.6673
      vertex -10.7497 14.0383 47.3492
      vertex -13.2503 14.0383 47.3492
    endloop
  endfacet
  facet normal 0 0.406832 -0.913503
    outer loop
      vertex -13.2503 14.7 49.3856
      vertex -10.7497 15.0056 49.5217
      vertex -10.7497 14.7 49.3856
    endloop
  endfacet
  facet normal 0 0.406832 -0.913503
    outer loop
      vertex -10.7497 15.0056 49.5217
      vertex -13.2503 14.7 49.3856
      vertex -13.2503 15.0056 49.5217
    endloop
  endfacet
  facet normal 0 -0.207773 -0.978177
    outer loop
      vertex -13.2503 15.6672 49.5912
      vertex -10.7497 15.9944 49.5217
      vertex -10.7497 15.6672 49.5912
    endloop
  endfacet
  facet normal -0 -0.207773 -0.978177
    outer loop
      vertex -10.7497 15.9944 49.5217
      vertex -13.2503 15.6672 49.5912
      vertex -13.2503 15.9944 49.5217
    endloop
  endfacet
  facet normal 0 0.207773 -0.978177
    outer loop
      vertex -13.2503 15.0056 49.5217
      vertex -10.7497 15.3328 49.5912
      vertex -10.7497 15.0056 49.5217
    endloop
  endfacet
  facet normal 0 0.207773 -0.978177
    outer loop
      vertex -10.7497 15.3328 49.5912
      vertex -13.2503 15.0056 49.5217
      vertex -13.2503 15.3328 49.5912
    endloop
  endfacet
  facet normal 0 0.865972 0.500093
    outer loop
      vertex -10.7497 14.2056 47.0595
      vertex -13.2503 14.0383 47.3492
      vertex -10.7497 14.0383 47.3492
    endloop
  endfacet
  facet normal 0 0.865972 0.500093
    outer loop
      vertex -13.2503 14.0383 47.3492
      vertex -10.7497 14.2056 47.0595
      vertex -13.2503 14.2056 47.0595
    endloop
  endfacet
  facet normal -0 0.587781 0.80902
    outer loop
      vertex -13.2503 14.7 46.6144
      vertex -10.7497 14.4294 46.811
      vertex -10.7497 14.7 46.6144
    endloop
  endfacet
  facet normal 0 0.587781 0.80902
    outer loop
      vertex -10.7497 14.4294 46.811
      vertex -13.2503 14.7 46.6144
      vertex -13.2503 14.4294 46.811
    endloop
  endfacet
  facet normal 0 0.587781 -0.80902
    outer loop
      vertex -13.2503 14.4294 49.189
      vertex -10.7497 14.7 49.3856
      vertex -10.7497 14.4294 49.189
    endloop
  endfacet
  facet normal 0 0.587781 -0.80902
    outer loop
      vertex -10.7497 14.7 49.3856
      vertex -13.2503 14.4294 49.189
      vertex -13.2503 14.7 49.3856
    endloop
  endfacet
  facet normal -0 0.406832 0.913503
    outer loop
      vertex -13.2503 15.0056 46.4783
      vertex -10.7497 14.7 46.6144
      vertex -10.7497 15.0056 46.4783
    endloop
  endfacet
  facet normal 0 0.406832 0.913503
    outer loop
      vertex -10.7497 14.7 46.6144
      vertex -13.2503 15.0056 46.4783
      vertex -13.2503 14.7 46.6144
    endloop
  endfacet
  facet normal 0 -0.865972 0.500093
    outer loop
      vertex -13.2503 16.7944 47.0595
      vertex -10.7497 16.9617 47.3492
      vertex -13.2503 16.9617 47.3492
    endloop
  endfacet
  facet normal 0 -0.865972 0.500093
    outer loop
      vertex -10.7497 16.9617 47.3492
      vertex -13.2503 16.7944 47.0595
      vertex -10.7497 16.7944 47.0595
    endloop
  endfacet
  facet normal -0 0.207773 0.978177
    outer loop
      vertex -13.2503 15.3328 46.4088
      vertex -10.7497 15.0056 46.4783
      vertex -10.7497 15.3328 46.4088
    endloop
  endfacet
  facet normal 0 0.207773 0.978177
    outer loop
      vertex -10.7497 15.0056 46.4783
      vertex -13.2503 15.3328 46.4088
      vertex -13.2503 15.0056 46.4783
    endloop
  endfacet
  facet normal 0 -0.406832 0.913503
    outer loop
      vertex -13.2503 16.3 46.6144
      vertex -10.7497 15.9944 46.4783
      vertex -10.7497 16.3 46.6144
    endloop
  endfacet
  facet normal 0 -0.406832 0.913503
    outer loop
      vertex -10.7497 15.9944 46.4783
      vertex -13.2503 16.3 46.6144
      vertex -13.2503 15.9944 46.4783
    endloop
  endfacet
  facet normal 0 -0.994512 -0.104623
    outer loop
      vertex -13.2503 17.1 48
      vertex -10.7497 17.065 48.3327
      vertex -13.2503 17.065 48.3327
    endloop
  endfacet
  facet normal 0 -0.994512 -0.104623
    outer loop
      vertex -10.7497 17.065 48.3327
      vertex -13.2503 17.1 48
      vertex -10.7497 17.1 48
    endloop
  endfacet
  facet normal 0 -0.865972 -0.500093
    outer loop
      vertex -13.2503 16.9617 48.6508
      vertex -10.7497 16.7944 48.9405
      vertex -13.2503 16.7944 48.9405
    endloop
  endfacet
  facet normal 0 -0.865972 -0.500093
    outer loop
      vertex -10.7497 16.7944 48.9405
      vertex -13.2503 16.9617 48.6508
      vertex -10.7497 16.9617 48.6508
    endloop
  endfacet
  facet normal 0 -0.994512 -0.104623
    outer loop
      vertex -13.2503 17.1 17
      vertex -10.7497 17.065 17.3327
      vertex -13.2503 17.065 17.3327
    endloop
  endfacet
  facet normal 0 -0.994512 -0.104623
    outer loop
      vertex -10.7497 17.065 17.3327
      vertex -13.2503 17.1 17
      vertex -10.7497 17.1 17
    endloop
  endfacet
  facet normal 0 0.951107 -0.308863
    outer loop
      vertex -10.7497 13.935 17.3327
      vertex -13.2503 14.0383 17.6508
      vertex -10.7497 14.0383 17.6508
    endloop
  endfacet
  facet normal 0 0.951107 -0.308863
    outer loop
      vertex -13.2503 14.0383 17.6508
      vertex -10.7497 13.935 17.3327
      vertex -13.2503 13.935 17.3327
    endloop
  endfacet
  facet normal 0 0.994512 -0.104623
    outer loop
      vertex -10.7497 13.9 17
      vertex -13.2503 13.935 17.3327
      vertex -10.7497 13.935 17.3327
    endloop
  endfacet
  facet normal 0 0.994512 -0.104623
    outer loop
      vertex -13.2503 13.935 17.3327
      vertex -10.7497 13.9 17
      vertex -13.2503 13.9 17
    endloop
  endfacet
  facet normal 0 0.865972 -0.500093
    outer loop
      vertex -10.7497 14.0383 17.6508
      vertex -13.2503 14.2056 17.9405
      vertex -10.7497 14.2056 17.9405
    endloop
  endfacet
  facet normal 0 0.865972 -0.500093
    outer loop
      vertex -13.2503 14.2056 17.9405
      vertex -10.7497 14.0383 17.6508
      vertex -13.2503 14.0383 17.6508
    endloop
  endfacet
  facet normal 0 0.994512 0.104623
    outer loop
      vertex -10.7497 13.935 16.6673
      vertex -13.2503 13.9 17
      vertex -10.7497 13.9 17
    endloop
  endfacet
  facet normal 0 0.994512 0.104623
    outer loop
      vertex -13.2503 13.9 17
      vertex -10.7497 13.935 16.6673
      vertex -13.2503 13.935 16.6673
    endloop
  endfacet
  facet normal 0 0.743071 -0.669213
    outer loop
      vertex -10.7497 14.2056 17.9405
      vertex -13.2503 14.4294 18.189
      vertex -10.7497 14.4294 18.189
    endloop
  endfacet
  facet normal 0 0.743071 -0.669213
    outer loop
      vertex -13.2503 14.4294 18.189
      vertex -10.7497 14.2056 17.9405
      vertex -13.2503 14.2056 17.9405
    endloop
  endfacet
  facet normal 0 0.865972 0.500093
    outer loop
      vertex -10.7497 14.2056 16.0595
      vertex -13.2503 14.0383 16.3492
      vertex -10.7497 14.0383 16.3492
    endloop
  endfacet
  facet normal 0 0.865972 0.500093
    outer loop
      vertex -13.2503 14.0383 16.3492
      vertex -10.7497 14.2056 16.0595
      vertex -13.2503 14.2056 16.0595
    endloop
  endfacet
  facet normal 0 0.207773 -0.978177
    outer loop
      vertex -13.2503 15.0056 18.5217
      vertex -10.7497 15.3328 18.5912
      vertex -10.7497 15.0056 18.5217
    endloop
  endfacet
  facet normal 0 0.207773 -0.978177
    outer loop
      vertex -10.7497 15.3328 18.5912
      vertex -13.2503 15.0056 18.5217
      vertex -13.2503 15.3328 18.5912
    endloop
  endfacet
  facet normal 0 -0.951107 0.308863
    outer loop
      vertex -13.2503 16.9617 16.3492
      vertex -10.7497 17.065 16.6673
      vertex -13.2503 17.065 16.6673
    endloop
  endfacet
  facet normal 0 -0.951107 0.308863
    outer loop
      vertex -10.7497 17.065 16.6673
      vertex -13.2503 16.9617 16.3492
      vertex -10.7497 16.9617 16.3492
    endloop
  endfacet
  facet normal -0 0 1
    outer loop
      vertex -13.2503 15.6672 15.4088
      vertex -10.7497 15.3328 15.4088
      vertex -10.7497 15.6672 15.4088
    endloop
  endfacet
  facet normal 0 0 1
    outer loop
      vertex -10.7497 15.3328 15.4088
      vertex -13.2503 15.6672 15.4088
      vertex -13.2503 15.3328 15.4088
    endloop
  endfacet
  facet normal 0 0.587781 -0.80902
    outer loop
      vertex -13.2503 14.4294 18.189
      vertex -10.7497 14.7 18.3856
      vertex -10.7497 14.4294 18.189
    endloop
  endfacet
  facet normal 0 0.587781 -0.80902
    outer loop
      vertex -10.7497 14.7 18.3856
      vertex -13.2503 14.4294 18.189
      vertex -13.2503 14.7 18.3856
    endloop
  endfacet
  facet normal 0 -0.743071 0.669213
    outer loop
      vertex -13.2503 16.5706 15.811
      vertex -10.7497 16.7944 16.0595
      vertex -13.2503 16.7944 16.0595
    endloop
  endfacet
  facet normal 0 -0.743071 0.669213
    outer loop
      vertex -10.7497 16.7944 16.0595
      vertex -13.2503 16.5706 15.811
      vertex -10.7497 16.5706 15.811
    endloop
  endfacet
  facet normal 0 -0.587781 -0.80902
    outer loop
      vertex -13.2503 16.3 18.3856
      vertex -10.7497 16.5706 18.189
      vertex -10.7497 16.3 18.3856
    endloop
  endfacet
  facet normal -0 -0.587781 -0.80902
    outer loop
      vertex -10.7497 16.5706 18.189
      vertex -13.2503 16.3 18.3856
      vertex -13.2503 16.5706 18.189
    endloop
  endfacet
  facet normal -0 0.207773 0.978177
    outer loop
      vertex -13.2503 15.3328 15.4088
      vertex -10.7497 15.0056 15.4783
      vertex -10.7497 15.3328 15.4088
    endloop
  endfacet
  facet normal 0 0.207773 0.978177
    outer loop
      vertex -10.7497 15.0056 15.4783
      vertex -13.2503 15.3328 15.4088
      vertex -13.2503 15.0056 15.4783
    endloop
  endfacet
  facet normal 0 0.743071 0.669213
    outer loop
      vertex -10.7497 14.4294 15.811
      vertex -13.2503 14.2056 16.0595
      vertex -10.7497 14.2056 16.0595
    endloop
  endfacet
  facet normal 0 0.743071 0.669213
    outer loop
      vertex -13.2503 14.2056 16.0595
      vertex -10.7497 14.4294 15.811
      vertex -13.2503 14.4294 15.811
    endloop
  endfacet
  facet normal 0 -0.951107 -0.308863
    outer loop
      vertex -13.2503 17.065 17.3327
      vertex -10.7497 16.9617 17.6508
      vertex -13.2503 16.9617 17.6508
    endloop
  endfacet
  facet normal 0 -0.951107 -0.308863
    outer loop
      vertex -10.7497 16.9617 17.6508
      vertex -13.2503 17.065 17.3327
      vertex -10.7497 17.065 17.3327
    endloop
  endfacet
  facet normal 0 -0.406832 0.913503
    outer loop
      vertex -13.2503 16.3 15.6144
      vertex -10.7497 15.9944 15.4783
      vertex -10.7497 16.3 15.6144
    endloop
  endfacet
  facet normal 0 -0.406832 0.913503
    outer loop
      vertex -10.7497 15.9944 15.4783
      vertex -13.2503 16.3 15.6144
      vertex -13.2503 15.9944 15.4783
    endloop
  endfacet
  facet normal 0 -0.406832 -0.913503
    outer loop
      vertex -13.2503 15.9944 18.5217
      vertex -10.7497 16.3 18.3856
      vertex -10.7497 15.9944 18.5217
    endloop
  endfacet
  facet normal -0 -0.406832 -0.913503
    outer loop
      vertex -10.7497 16.3 18.3856
      vertex -13.2503 15.9944 18.5217
      vertex -13.2503 16.3 18.3856
    endloop
  endfacet
  facet normal -0 0.406832 0.913503
    outer loop
      vertex -13.2503 15.0056 15.4783
      vertex -10.7497 14.7 15.6144
      vertex -10.7497 15.0056 15.4783
    endloop
  endfacet
  facet normal 0 0.406832 0.913503
    outer loop
      vertex -10.7497 14.7 15.6144
      vertex -13.2503 15.0056 15.4783
      vertex -13.2503 14.7 15.6144
    endloop
  endfacet
  facet normal 0 0.951107 0.308863
    outer loop
      vertex -10.7497 14.0383 16.3492
      vertex -13.2503 13.935 16.6673
      vertex -10.7497 13.935 16.6673
    endloop
  endfacet
  facet normal 0 0.951107 0.308863
    outer loop
      vertex -13.2503 13.935 16.6673
      vertex -10.7497 14.0383 16.3492
      vertex -13.2503 14.0383 16.3492
    endloop
  endfacet
  facet normal 0 -0.994512 0.104623
    outer loop
      vertex -13.2503 17.065 16.6673
      vertex -10.7497 17.1 17
      vertex -13.2503 17.1 17
    endloop
  endfacet
  facet normal 0 -0.994512 0.104623
    outer loop
      vertex -10.7497 17.1 17
      vertex -13.2503 17.065 16.6673
      vertex -10.7497 17.065 16.6673
    endloop
  endfacet
  facet normal 0 -0.207773 0.978177
    outer loop
      vertex -13.2503 15.9944 15.4783
      vertex -10.7497 15.6672 15.4088
      vertex -10.7497 15.9944 15.4783
    endloop
  endfacet
  facet normal 0 -0.207773 0.978177
    outer loop
      vertex -10.7497 15.6672 15.4088
      vertex -13.2503 15.9944 15.4783
      vertex -13.2503 15.6672 15.4088
    endloop
  endfacet
  facet normal 0 -0.865972 0.500093
    outer loop
      vertex -13.2503 16.7944 16.0595
      vertex -10.7497 16.9617 16.3492
      vertex -13.2503 16.9617 16.3492
    endloop
  endfacet
  facet normal 0 -0.865972 0.500093
    outer loop
      vertex -10.7497 16.9617 16.3492
      vertex -13.2503 16.7944 16.0595
      vertex -10.7497 16.7944 16.0595
    endloop
  endfacet
  facet normal 0 -0.207773 -0.978177
    outer loop
      vertex -13.2503 15.6672 18.5912
      vertex -10.7497 15.9944 18.5217
      vertex -10.7497 15.6672 18.5912
    endloop
  endfacet
  facet normal -0 -0.207773 -0.978177
    outer loop
      vertex -10.7497 15.9944 18.5217
      vertex -13.2503 15.6672 18.5912
      vertex -13.2503 15.9944 18.5217
    endloop
  endfacet
  facet normal 0 0.406832 -0.913503
    outer loop
      vertex -13.2503 14.7 18.3856
      vertex -10.7497 15.0056 18.5217
      vertex -10.7497 14.7 18.3856
    endloop
  endfacet
  facet normal 0 0.406832 -0.913503
    outer loop
      vertex -10.7497 15.0056 18.5217
      vertex -13.2503 14.7 18.3856
      vertex -13.2503 15.0056 18.5217
    endloop
  endfacet
  facet normal 0 -0.743071 -0.669213
    outer loop
      vertex -13.2503 16.7944 17.9405
      vertex -10.7497 16.5706 18.189
      vertex -13.2503 16.5706 18.189
    endloop
  endfacet
  facet normal 0 -0.743071 -0.669213
    outer loop
      vertex -10.7497 16.5706 18.189
      vertex -13.2503 16.7944 17.9405
      vertex -10.7497 16.7944 17.9405
    endloop
  endfacet
  facet normal 0 -0.865972 -0.500093
    outer loop
      vertex -13.2503 16.9617 17.6508
      vertex -10.7497 16.7944 17.9405
      vertex -13.2503 16.7944 17.9405
    endloop
  endfacet
  facet normal 0 -0.865972 -0.500093
    outer loop
      vertex -10.7497 16.7944 17.9405
      vertex -13.2503 16.9617 17.6508
      vertex -10.7497 16.9617 17.6508
    endloop
  endfacet
  facet normal -0 0.587781 0.80902
    outer loop
      vertex -13.2503 14.7 15.6144
      vertex -10.7497 14.4294 15.811
      vertex -10.7497 14.7 15.6144
    endloop
  endfacet
  facet normal 0 0.587781 0.80902
    outer loop
      vertex -10.7497 14.4294 15.811
      vertex -13.2503 14.7 15.6144
      vertex -13.2503 14.4294 15.811
    endloop
  endfacet
  facet normal 0 0 -1
    outer loop
      vertex -13.2503 15.3328 18.5912
      vertex -10.7497 15.6672 18.5912
      vertex -10.7497 15.3328 18.5912
    endloop
  endfacet
  facet normal -0 0 -1
    outer loop
      vertex -10.7497 15.6672 18.5912
      vertex -13.2503 15.3328 18.5912
      vertex -13.2503 15.6672 18.5912
    endloop
  endfacet
  facet normal 0 -0.587781 0.80902
    outer loop
      vertex -13.2503 16.5706 15.811
      vertex -10.7497 16.3 15.6144
      vertex -10.7497 16.5706 15.811
    endloop
  endfacet
  facet normal 0 -0.587781 0.80902
    outer loop
      vertex -10.7497 16.3 15.6144
      vertex -13.2503 16.5706 15.811
      vertex -13.2503 16.3 15.6144
    endloop
  endfacet
  facet normal 0 -0.994512 -0.104623
    outer loop
      vertex -13.2503 -13.9 17
      vertex -10.7497 -13.935 17.3327
      vertex -13.2503 -13.935 17.3327
    endloop
  endfacet
  facet normal 0 -0.994512 -0.104623
    outer loop
      vertex -10.7497 -13.935 17.3327
      vertex -13.2503 -13.9 17
      vertex -10.7497 -13.9 17
    endloop
  endfacet
  facet normal 0 0.951107 -0.308863
    outer loop
      vertex -10.7497 -17.065 17.3327
      vertex -13.2503 -16.9617 17.6508
      vertex -10.7497 -16.9617 17.6508
    endloop
  endfacet
  facet normal 0 0.951107 -0.308863
    outer loop
      vertex -13.2503 -16.9617 17.6508
      vertex -10.7497 -17.065 17.3327
      vertex -13.2503 -17.065 17.3327
    endloop
  endfacet
  facet normal 0 0.994512 -0.104623
    outer loop
      vertex -10.7497 -17.1 17
      vertex -13.2503 -17.065 17.3327
      vertex -10.7497 -17.065 17.3327
    endloop
  endfacet
  facet normal 0 0.994512 -0.104623
    outer loop
      vertex -13.2503 -17.065 17.3327
      vertex -10.7497 -17.1 17
      vertex -13.2503 -17.1 17
    endloop
  endfacet
  facet normal 0 0.865972 -0.500093
    outer loop
      vertex -10.7497 -16.9617 17.6508
      vertex -13.2503 -16.7944 17.9405
      vertex -10.7497 -16.7944 17.9405
    endloop
  endfacet
  facet normal 0 0.865972 -0.500093
    outer loop
      vertex -13.2503 -16.7944 17.9405
      vertex -10.7497 -16.9617 17.6508
      vertex -13.2503 -16.9617 17.6508
    endloop
  endfacet
  facet normal 0 0.994512 0.104623
    outer loop
      vertex -10.7497 -17.065 16.6673
      vertex -13.2503 -17.1 17
      vertex -10.7497 -17.1 17
    endloop
  endfacet
  facet normal 0 0.994512 0.104623
    outer loop
      vertex -13.2503 -17.1 17
      vertex -10.7497 -17.065 16.6673
      vertex -13.2503 -17.065 16.6673
    endloop
  endfacet
  facet normal 0 0.743071 -0.669213
    outer loop
      vertex -10.7497 -16.7944 17.9405
      vertex -13.2503 -16.5706 18.189
      vertex -10.7497 -16.5706 18.189
    endloop
  endfacet
  facet normal 0 0.743071 -0.669213
    outer loop
      vertex -13.2503 -16.5706 18.189
      vertex -10.7497 -16.7944 17.9405
      vertex -13.2503 -16.7944 17.9405
    endloop
  endfacet
  facet normal 0 0.865972 0.500093
    outer loop
      vertex -10.7497 -16.7944 16.0595
      vertex -13.2503 -16.9617 16.3492
      vertex -10.7497 -16.9617 16.3492
    endloop
  endfacet
  facet normal 0 0.865972 0.500093
    outer loop
      vertex -13.2503 -16.9617 16.3492
      vertex -10.7497 -16.7944 16.0595
      vertex -13.2503 -16.7944 16.0595
    endloop
  endfacet
  facet normal 0 0.207773 -0.978177
    outer loop
      vertex -13.2503 -15.9944 18.5217
      vertex -10.7497 -15.6672 18.5912
      vertex -10.7497 -15.9944 18.5217
    endloop
  endfacet
  facet normal 0 0.207773 -0.978177
    outer loop
      vertex -10.7497 -15.6672 18.5912
      vertex -13.2503 -15.9944 18.5217
      vertex -13.2503 -15.6672 18.5912
    endloop
  endfacet
  facet normal 0 -0.951107 0.308863
    outer loop
      vertex -13.2503 -14.0383 16.3492
      vertex -10.7497 -13.935 16.6673
      vertex -13.2503 -13.935 16.6673
    endloop
  endfacet
  facet normal 0 -0.951107 0.308863
    outer loop
      vertex -10.7497 -13.935 16.6673
      vertex -13.2503 -14.0383 16.3492
      vertex -10.7497 -14.0383 16.3492
    endloop
  endfacet
  facet normal -0 0 1
    outer loop
      vertex -13.2503 -15.3328 15.4088
      vertex -10.7497 -15.6672 15.4088
      vertex -10.7497 -15.3328 15.4088
    endloop
  endfacet
  facet normal 0 0 1
    outer loop
      vertex -10.7497 -15.6672 15.4088
      vertex -13.2503 -15.3328 15.4088
      vertex -13.2503 -15.6672 15.4088
    endloop
  endfacet
  facet normal 0 0.587781 -0.80902
    outer loop
      vertex -13.2503 -16.5706 18.189
      vertex -10.7497 -16.3 18.3856
      vertex -10.7497 -16.5706 18.189
    endloop
  endfacet
  facet normal 0 0.587781 -0.80902
    outer loop
      vertex -10.7497 -16.3 18.3856
      vertex -13.2503 -16.5706 18.189
      vertex -13.2503 -16.3 18.3856
    endloop
  endfacet
  facet normal 0 -0.743071 0.669213
    outer loop
      vertex -13.2503 -14.4294 15.811
      vertex -10.7497 -14.2056 16.0595
      vertex -13.2503 -14.2056 16.0595
    endloop
  endfacet
  facet normal 0 -0.743071 0.669213
    outer loop
      vertex -10.7497 -14.2056 16.0595
      vertex -13.2503 -14.4294 15.811
      vertex -10.7497 -14.4294 15.811
    endloop
  endfacet
  facet normal 0 -0.587781 -0.80902
    outer loop
      vertex -13.2503 -14.7 18.3856
      vertex -10.7497 -14.4294 18.189
      vertex -10.7497 -14.7 18.3856
    endloop
  endfacet
  facet normal -0 -0.587781 -0.80902
    outer loop
      vertex -10.7497 -14.4294 18.189
      vertex -13.2503 -14.7 18.3856
      vertex -13.2503 -14.4294 18.189
    endloop
  endfacet
  facet normal -0 0.207773 0.978177
    outer loop
      vertex -13.2503 -15.6672 15.4088
      vertex -10.7497 -15.9944 15.4783
      vertex -10.7497 -15.6672 15.4088
    endloop
  endfacet
  facet normal 0 0.207773 0.978177
    outer loop
      vertex -10.7497 -15.9944 15.4783
      vertex -13.2503 -15.6672 15.4088
      vertex -13.2503 -15.9944 15.4783
    endloop
  endfacet
  facet normal 0 0.743071 0.669213
    outer loop
      vertex -10.7497 -16.5706 15.811
      vertex -13.2503 -16.7944 16.0595
      vertex -10.7497 -16.7944 16.0595
    endloop
  endfacet
  facet normal 0 0.743071 0.669213
    outer loop
      vertex -13.2503 -16.7944 16.0595
      vertex -10.7497 -16.5706 15.811
      vertex -13.2503 -16.5706 15.811
    endloop
  endfacet
  facet normal 0 -0.951107 -0.308863
    outer loop
      vertex -13.2503 -13.935 17.3327
      vertex -10.7497 -14.0383 17.6508
      vertex -13.2503 -14.0383 17.6508
    endloop
  endfacet
  facet normal 0 -0.951107 -0.308863
    outer loop
      vertex -10.7497 -14.0383 17.6508
      vertex -13.2503 -13.935 17.3327
      vertex -10.7497 -13.935 17.3327
    endloop
  endfacet
  facet normal 0 -0.406832 0.913503
    outer loop
      vertex -13.2503 -14.7 15.6144
      vertex -10.7497 -15.0056 15.4783
      vertex -10.7497 -14.7 15.6144
    endloop
  endfacet
  facet normal 0 -0.406832 0.913503
    outer loop
      vertex -10.7497 -15.0056 15.4783
      vertex -13.2503 -14.7 15.6144
      vertex -13.2503 -15.0056 15.4783
    endloop
  endfacet
  facet normal 0 -0.406832 -0.913503
    outer loop
      vertex -13.2503 -15.0056 18.5217
      vertex -10.7497 -14.7 18.3856
      vertex -10.7497 -15.0056 18.5217
    endloop
  endfacet
  facet normal -0 -0.406832 -0.913503
    outer loop
      vertex -10.7497 -14.7 18.3856
      vertex -13.2503 -15.0056 18.5217
      vertex -13.2503 -14.7 18.3856
    endloop
  endfacet
  facet normal -0 0.406832 0.913503
    outer loop
      vertex -13.2503 -15.9944 15.4783
      vertex -10.7497 -16.3 15.6144
      vertex -10.7497 -15.9944 15.4783
    endloop
  endfacet
  facet normal 0 0.406832 0.913503
    outer loop
      vertex -10.7497 -16.3 15.6144
      vertex -13.2503 -15.9944 15.4783
      vertex -13.2503 -16.3 15.6144
    endloop
  endfacet
  facet normal 0 0.951107 0.308863
    outer loop
      vertex -10.7497 -16.9617 16.3492
      vertex -13.2503 -17.065 16.6673
      vertex -10.7497 -17.065 16.6673
    endloop
  endfacet
  facet normal 0 0.951107 0.308863
    outer loop
      vertex -13.2503 -17.065 16.6673
      vertex -10.7497 -16.9617 16.3492
      vertex -13.2503 -16.9617 16.3492
    endloop
  endfacet
  facet normal 0 -0.994512 0.104623
    outer loop
      vertex -13.2503 -13.935 16.6673
      vertex -10.7497 -13.9 17
      vertex -13.2503 -13.9 17
    endloop
  endfacet
  facet normal 0 -0.994512 0.104623
    outer loop
      vertex -10.7497 -13.9 17
      vertex -13.2503 -13.935 16.6673
      vertex -10.7497 -13.935 16.6673
    endloop
  endfacet
  facet normal 0 -0.207773 0.978177
    outer loop
      vertex -13.2503 -15.0056 15.4783
      vertex -10.7497 -15.3328 15.4088
      vertex -10.7497 -15.0056 15.4783
    endloop
  endfacet
  facet normal 0 -0.207773 0.978177
    outer loop
      vertex -10.7497 -15.3328 15.4088
      vertex -13.2503 -15.0056 15.4783
      vertex -13.2503 -15.3328 15.4088
    endloop
  endfacet
  facet normal 0 -0.865972 0.500093
    outer loop
      vertex -13.2503 -14.2056 16.0595
      vertex -10.7497 -14.0383 16.3492
      vertex -13.2503 -14.0383 16.3492
    endloop
  endfacet
  facet normal 0 -0.865972 0.500093
    outer loop
      vertex -10.7497 -14.0383 16.3492
      vertex -13.2503 -14.2056 16.0595
      vertex -10.7497 -14.2056 16.0595
    endloop
  endfacet
  facet normal 0 -0.207773 -0.978177
    outer loop
      vertex -13.2503 -15.3328 18.5912
      vertex -10.7497 -15.0056 18.5217
      vertex -10.7497 -15.3328 18.5912
    endloop
  endfacet
  facet normal -0 -0.207773 -0.978177
    outer loop
      vertex -10.7497 -15.0056 18.5217
      vertex -13.2503 -15.3328 18.5912
      vertex -13.2503 -15.0056 18.5217
    endloop
  endfacet
  facet normal 0 0.406832 -0.913503
    outer loop
      vertex -13.2503 -16.3 18.3856
      vertex -10.7497 -15.9944 18.5217
      vertex -10.7497 -16.3 18.3856
    endloop
  endfacet
  facet normal 0 0.406832 -0.913503
    outer loop
      vertex -10.7497 -15.9944 18.5217
      vertex -13.2503 -16.3 18.3856
      vertex -13.2503 -15.9944 18.5217
    endloop
  endfacet
  facet normal 0 -0.743071 -0.669213
    outer loop
      vertex -13.2503 -14.2056 17.9405
      vertex -10.7497 -14.4294 18.189
      vertex -13.2503 -14.4294 18.189
    endloop
  endfacet
  facet normal 0 -0.743071 -0.669213
    outer loop
      vertex -10.7497 -14.4294 18.189
      vertex -13.2503 -14.2056 17.9405
      vertex -10.7497 -14.2056 17.9405
    endloop
  endfacet
  facet normal 0 -0.865972 -0.500093
    outer loop
      vertex -13.2503 -14.0383 17.6508
      vertex -10.7497 -14.2056 17.9405
      vertex -13.2503 -14.2056 17.9405
    endloop
  endfacet
  facet normal 0 -0.865972 -0.500093
    outer loop
      vertex -10.7497 -14.2056 17.9405
      vertex -13.2503 -14.0383 17.6508
      vertex -10.7497 -14.0383 17.6508
    endloop
  endfacet
  facet normal -0 0.587781 0.80902
    outer loop
      vertex -13.2503 -16.3 15.6144
      vertex -10.7497 -16.5706 15.811
      vertex -10.7497 -16.3 15.6144
    endloop
  endfacet
  facet normal 0 0.587781 0.80902
    outer loop
      vertex -10.7497 -16.5706 15.811
      vertex -13.2503 -16.3 15.6144
      vertex -13.2503 -16.5706 15.811
    endloop
  endfacet
  facet normal 0 0 -1
    outer loop
      vertex -13.2503 -15.6672 18.5912
      vertex -10.7497 -15.3328 18.5912
      vertex -10.7497 -15.6672 18.5912
    endloop
  endfacet
  facet normal -0 0 -1
    outer loop
      vertex -10.7497 -15.3328 18.5912
      vertex -13.2503 -15.6672 18.5912
      vertex -13.2503 -15.3328 18.5912
    endloop
  endfacet
  facet normal 0 -0.587781 0.80902
    outer loop
      vertex -13.2503 -14.4294 15.811
      vertex -10.7497 -14.7 15.6144
      vertex -10.7497 -14.4294 15.811
    endloop
  endfacet
  facet normal 0 -0.587781 0.80902
    outer loop
      vertex -10.7497 -14.7 15.6144
      vertex -13.2503 -14.4294 15.811
      vertex -13.2503 -14.7 15.6144
    endloop
  endfacet
  facet normal 0 -0.40676 0.913535
    outer loop
      vertex -13.2503 6.75 20.8087
      vertex -10.7497 4.17173 19.6607
      vertex -10.7497 6.75 20.8087
    endloop
  endfacet
  facet normal 0 -0.40676 0.913535
    outer loop
      vertex -10.7497 4.17173 19.6607
      vertex -13.2503 6.75 20.8087
      vertex -13.2503 4.17173 19.6607
    endloop
  endfacet
  facet normal 0 0.951058 -0.309012
    outer loop
      vertex -10.7497 -13.205 35.3068
      vertex -13.2503 -12.3329 37.9909
      vertex -10.7497 -12.3329 37.9909
    endloop
  endfacet
  facet normal 0 0.951058 -0.309012
    outer loop
      vertex -13.2503 -12.3329 37.9909
      vertex -10.7497 -13.205 35.3068
      vertex -13.2503 -13.205 35.3068
    endloop
  endfacet
  facet normal 0 0.994522 -0.104526
    outer loop
      vertex -10.7497 -13.5 32.5
      vertex -13.2503 -13.205 35.3068
      vertex -10.7497 -13.205 35.3068
    endloop
  endfacet
  facet normal 0 0.994522 -0.104526
    outer loop
      vertex -13.2503 -13.205 35.3068
      vertex -10.7497 -13.5 32.5
      vertex -13.2503 -13.5 32.5
    endloop
  endfacet
  facet normal 0 0.866019 -0.500011
    outer loop
      vertex -10.7497 -12.3329 37.9909
      vertex -13.2503 -10.9217 40.4351
      vertex -10.7497 -10.9217 40.4351
    endloop
  endfacet
  facet normal 0 0.866019 -0.500011
    outer loop
      vertex -13.2503 -10.9217 40.4351
      vertex -10.7497 -12.3329 37.9909
      vertex -13.2503 -12.3329 37.9909
    endloop
  endfacet
  facet normal 0 -0.743157 0.669117
    outer loop
      vertex -13.2503 9.03326 22.4675
      vertex -10.7497 10.9217 24.5649
      vertex -13.2503 10.9217 24.5649
    endloop
  endfacet
  facet normal 0 -0.743157 0.669117
    outer loop
      vertex -10.7497 10.9217 24.5649
      vertex -13.2503 9.03326 22.4675
      vertex -10.7497 9.03326 22.4675
    endloop
  endfacet
  facet normal 0 0.994522 0.104526
    outer loop
      vertex -10.7497 -13.205 29.6932
      vertex -13.2503 -13.5 32.5
      vertex -10.7497 -13.5 32.5
    endloop
  endfacet
  facet normal 0 0.994522 0.104526
    outer loop
      vertex -13.2503 -13.5 32.5
      vertex -10.7497 -13.205 29.6932
      vertex -13.2503 -13.205 29.6932
    endloop
  endfacet
  facet normal 0 0.866019 0.500011
    outer loop
      vertex -10.7497 -10.9217 24.5649
      vertex -13.2503 -12.3329 27.0091
      vertex -10.7497 -12.3329 27.0091
    endloop
  endfacet
  facet normal 0 0.866019 0.500011
    outer loop
      vertex -13.2503 -12.3329 27.0091
      vertex -10.7497 -10.9217 24.5649
      vertex -13.2503 -10.9217 24.5649
    endloop
  endfacet
  facet normal 0 0.40676 -0.913535
    outer loop
      vertex -13.2503 -6.75 44.1913
      vertex -10.7497 -4.17173 45.3393
      vertex -10.7497 -6.75 44.1913
    endloop
  endfacet
  facet normal 0 0.40676 -0.913535
    outer loop
      vertex -10.7497 -4.17173 45.3393
      vertex -13.2503 -6.75 44.1913
      vertex -13.2503 -4.17173 45.3393
    endloop
  endfacet
  facet normal 0 -0.951058 0.309012
    outer loop
      vertex -13.2503 12.3329 27.0091
      vertex -10.7497 13.205 29.6932
      vertex -13.2503 13.205 29.6932
    endloop
  endfacet
  facet normal 0 -0.951058 0.309012
    outer loop
      vertex -10.7497 13.205 29.6932
      vertex -13.2503 12.3329 27.0091
      vertex -10.7497 12.3329 27.0091
    endloop
  endfacet
  facet normal 0 -0.587765 -0.809031
    outer loop
      vertex -13.2503 6.75 44.1913
      vertex -10.7497 9.03326 42.5325
      vertex -10.7497 6.75 44.1913
    endloop
  endfacet
  facet normal -0 -0.587765 -0.809031
    outer loop
      vertex -10.7497 9.03326 42.5325
      vertex -13.2503 6.75 44.1913
      vertex -13.2503 9.03326 42.5325
    endloop
  endfacet
  facet normal 0 0.587765 -0.809031
    outer loop
      vertex -13.2503 -9.03326 42.5325
      vertex -10.7497 -6.75 44.1913
      vertex -10.7497 -9.03326 42.5325
    endloop
  endfacet
  facet normal 0 0.587765 -0.809031
    outer loop
      vertex -10.7497 -6.75 44.1913
      vertex -13.2503 -9.03326 42.5325
      vertex -13.2503 -6.75 44.1913
    endloop
  endfacet
  facet normal 0 -0.994522 -0.104526
    outer loop
      vertex -13.2503 13.5 32.5
      vertex -10.7497 13.205 35.3068
      vertex -13.2503 13.205 35.3068
    endloop
  endfacet
  facet normal 0 -0.994522 -0.104526
    outer loop
      vertex -10.7497 13.205 35.3068
      vertex -13.2503 13.5 32.5
      vertex -10.7497 13.5 32.5
    endloop
  endfacet
  facet normal -0 0.207883 0.978154
    outer loop
      vertex -13.2503 -1.41113 19.074
      vertex -10.7497 -4.17173 19.6607
      vertex -10.7497 -1.41113 19.074
    endloop
  endfacet
  facet normal 0 0.207883 0.978154
    outer loop
      vertex -10.7497 -4.17173 19.6607
      vertex -13.2503 -1.41113 19.074
      vertex -13.2503 -4.17173 19.6607
    endloop
  endfacet
  facet normal 0 -0.994522 0.104526
    outer loop
      vertex -13.2503 13.205 29.6932
      vertex -10.7497 13.5 32.5
      vertex -13.2503 13.5 32.5
    endloop
  endfacet
  facet normal 0 -0.994522 0.104526
    outer loop
      vertex -10.7497 13.5 32.5
      vertex -13.2503 13.205 29.6932
      vertex -10.7497 13.205 29.6932
    endloop
  endfacet
  facet normal 0 0.743157 0.669117
    outer loop
      vertex -10.7497 -9.03326 22.4675
      vertex -13.2503 -10.9217 24.5649
      vertex -10.7497 -10.9217 24.5649
    endloop
  endfacet
  facet normal 0 0.743157 0.669117
    outer loop
      vertex -13.2503 -10.9217 24.5649
      vertex -10.7497 -9.03326 22.4675
      vertex -13.2503 -9.03326 22.4675
    endloop
  endfacet
  facet normal 0 -0.951058 -0.309012
    outer loop
      vertex -13.2503 13.205 35.3068
      vertex -10.7497 12.3329 37.9909
      vertex -13.2503 12.3329 37.9909
    endloop
  endfacet
  facet normal 0 -0.951058 -0.309012
    outer loop
      vertex -10.7497 12.3329 37.9909
      vertex -13.2503 13.205 35.3068
      vertex -10.7497 13.205 35.3068
    endloop
  endfacet
  facet normal 0 -0.207883 -0.978154
    outer loop
      vertex -13.2503 1.41113 45.926
      vertex -10.7497 4.17173 45.3393
      vertex -10.7497 1.41113 45.926
    endloop
  endfacet
  facet normal -0 -0.207883 -0.978154
    outer loop
      vertex -10.7497 4.17173 45.3393
      vertex -13.2503 1.41113 45.926
      vertex -13.2503 4.17173 45.3393
    endloop
  endfacet
  facet normal 0 0.207883 -0.978154
    outer loop
      vertex -13.2503 -4.17173 45.3393
      vertex -10.7497 -1.41113 45.926
      vertex -10.7497 -4.17173 45.3393
    endloop
  endfacet
  facet normal 0 0.207883 -0.978154
    outer loop
      vertex -10.7497 -1.41113 45.926
      vertex -13.2503 -4.17173 45.3393
      vertex -13.2503 -1.41113 45.926
    endloop
  endfacet
  facet normal 0 -0.40676 -0.913535
    outer loop
      vertex -13.2503 4.17173 45.3393
      vertex -10.7497 6.75 44.1913
      vertex -10.7497 4.17173 45.3393
    endloop
  endfacet
  facet normal -0 -0.40676 -0.913535
    outer loop
      vertex -10.7497 6.75 44.1913
      vertex -13.2503 4.17173 45.3393
      vertex -13.2503 6.75 44.1913
    endloop
  endfacet
  facet normal -0 0.40676 0.913535
    outer loop
      vertex -13.2503 -4.17173 19.6607
      vertex -10.7497 -6.75 20.8087
      vertex -10.7497 -4.17173 19.6607
    endloop
  endfacet
  facet normal 0 0.40676 0.913535
    outer loop
      vertex -10.7497 -6.75 20.8087
      vertex -13.2503 -4.17173 19.6607
      vertex -13.2503 -6.75 20.8087
    endloop
  endfacet
  facet normal 0 0.951058 0.309012
    outer loop
      vertex -10.7497 -12.3329 27.0091
      vertex -13.2503 -13.205 29.6932
      vertex -10.7497 -13.205 29.6932
    endloop
  endfacet
  facet normal 0 0.951058 0.309012
    outer loop
      vertex -13.2503 -13.205 29.6932
      vertex -10.7497 -12.3329 27.0091
      vertex -13.2503 -12.3329 27.0091
    endloop
  endfacet
  facet normal 0 -0.743157 -0.669117
    outer loop
      vertex -13.2503 10.9217 40.4351
      vertex -10.7497 9.03326 42.5325
      vertex -13.2503 9.03326 42.5325
    endloop
  endfacet
  facet normal 0 -0.743157 -0.669117
    outer loop
      vertex -10.7497 9.03326 42.5325
      vertex -13.2503 10.9217 40.4351
      vertex -10.7497 10.9217 40.4351
    endloop
  endfacet
  facet normal 0 -0.207883 0.978154
    outer loop
      vertex -13.2503 4.17173 19.6607
      vertex -10.7497 1.41113 19.074
      vertex -10.7497 4.17173 19.6607
    endloop
  endfacet
  facet normal 0 -0.207883 0.978154
    outer loop
      vertex -10.7497 1.41113 19.074
      vertex -13.2503 4.17173 19.6607
      vertex -13.2503 1.41113 19.074
    endloop
  endfacet
  facet normal 0 -0.866019 0.500011
    outer loop
      vertex -13.2503 10.9217 24.5649
      vertex -10.7497 12.3329 27.0091
      vertex -13.2503 12.3329 27.0091
    endloop
  endfacet
  facet normal 0 -0.866019 0.500011
    outer loop
      vertex -10.7497 12.3329 27.0091
      vertex -13.2503 10.9217 24.5649
      vertex -10.7497 10.9217 24.5649
    endloop
  endfacet
  facet normal 0 0.743157 -0.669117
    outer loop
      vertex -10.7497 -10.9217 40.4351
      vertex -13.2503 -9.03326 42.5325
      vertex -10.7497 -9.03326 42.5325
    endloop
  endfacet
  facet normal 0 0.743157 -0.669117
    outer loop
      vertex -13.2503 -9.03326 42.5325
      vertex -10.7497 -10.9217 40.4351
      vertex -13.2503 -10.9217 40.4351
    endloop
  endfacet
  facet normal 0 -0.866019 -0.500011
    outer loop
      vertex -13.2503 12.3329 37.9909
      vertex -10.7497 10.9217 40.4351
      vertex -13.2503 10.9217 40.4351
    endloop
  endfacet
  facet normal 0 -0.866019 -0.500011
    outer loop
      vertex -10.7497 10.9217 40.4351
      vertex -13.2503 12.3329 37.9909
      vertex -10.7497 12.3329 37.9909
    endloop
  endfacet
  facet normal -0 0 1
    outer loop
      vertex -13.2503 1.41113 19.074
      vertex -10.7497 -1.41113 19.074
      vertex -10.7497 1.41113 19.074
    endloop
  endfacet
  facet normal 0 0 1
    outer loop
      vertex -10.7497 -1.41113 19.074
      vertex -13.2503 1.41113 19.074
      vertex -13.2503 -1.41113 19.074
    endloop
  endfacet
  facet normal -0 0.587765 0.809031
    outer loop
      vertex -13.2503 -6.75 20.8087
      vertex -10.7497 -9.03326 22.4675
      vertex -10.7497 -6.75 20.8087
    endloop
  endfacet
  facet normal 0 0.587765 0.809031
    outer loop
      vertex -10.7497 -9.03326 22.4675
      vertex -13.2503 -6.75 20.8087
      vertex -13.2503 -9.03326 22.4675
    endloop
  endfacet
  facet normal 0 0 -1
    outer loop
      vertex -13.2503 -1.41113 45.926
      vertex -10.7497 1.41113 45.926
      vertex -10.7497 -1.41113 45.926
    endloop
  endfacet
  facet normal -0 0 -1
    outer loop
      vertex -10.7497 1.41113 45.926
      vertex -13.2503 -1.41113 45.926
      vertex -13.2503 1.41113 45.926
    endloop
  endfacet
  facet normal 0 -0.587765 0.809031
    outer loop
      vertex -13.2503 9.03326 22.4675
      vertex -10.7497 6.75 20.8087
      vertex -10.7497 9.03326 22.4675
    endloop
  endfacet
  facet normal 0 -0.587765 0.809031
    outer loop
      vertex -10.7497 6.75 20.8087
      vertex -13.2503 9.03326 22.4675
      vertex -13.2503 6.75 20.8087
    endloop
  endfacet
  facet normal 0 -0.49995 -0.866055
    outer loop
      vertex -15.9005 7.03044 63.666
      vertex -8.2995 7.31107 63.504
      vertex -8.2995 7.03044 63.666
    endloop
  endfacet
  facet normal -0 -0.49995 -0.866055
    outer loop
      vertex -8.2995 7.31107 63.504
      vertex -15.9005 7.03044 63.666
      vertex -15.9005 7.31107 63.504
    endloop
  endfacet
  facet normal 0 0.913534 -0.406763
    outer loop
      vertex -8.2995 -0.874137 62.729
      vertex -15.9005 -0.742339 63.025
      vertex -8.2995 -0.742339 63.025
    endloop
  endfacet
  facet normal 0 0.913534 -0.406763
    outer loop
      vertex -15.9005 -0.742339 63.025
      vertex -8.2995 -0.874137 62.729
      vertex -15.9005 -0.874137 62.729
    endloop
  endfacet
  facet normal 0 -0.913531 0.406768
    outer loop
      vertex -15.9005 7.74234 61.475
      vertex -8.2995 7.87414 61.771
      vertex -15.9005 7.87414 61.771
    endloop
  endfacet
  facet normal 0 -0.913531 0.406768
    outer loop
      vertex -8.2995 7.87414 61.771
      vertex -15.9005 7.74234 61.475
      vertex -8.2995 7.74234 61.475
    endloop
  endfacet
  facet normal 0 0.978154 0.207884
    outer loop
      vertex -8.2995 -0.874137 61.771
      vertex -15.9005 -0.941508 62.088
      vertex -8.2995 -0.941508 62.088
    endloop
  endfacet
  facet normal 0 0.978154 0.207884
    outer loop
      vertex -15.9005 -0.941508 62.088
      vertex -8.2995 -0.874137 61.771
      vertex -15.9005 -0.874137 61.771
    endloop
  endfacet
  facet normal 0 -0.80906 -0.587726
    outer loop
      vertex -15.9005 7.74234 63.025
      vertex -8.2995 7.55187 63.2872
      vertex -15.9005 7.55187 63.2872
    endloop
  endfacet
  facet normal 0 -0.80906 -0.587726
    outer loop
      vertex -8.2995 7.55187 63.2872
      vertex -15.9005 7.74234 63.025
      vertex -8.2995 7.74234 63.025
    endloop
  endfacet
  facet normal 0 0.809068 0.587716
    outer loop
      vertex -8.2995 -0.551874 61.2128
      vertex -15.9005 -0.742339 61.475
      vertex -8.2995 -0.742339 61.475
    endloop
  endfacet
  facet normal 0 0.809068 0.587716
    outer loop
      vertex -15.9005 -0.742339 61.475
      vertex -8.2995 -0.551874 61.2128
      vertex -15.9005 -0.551874 61.2128
    endloop
  endfacet
  facet normal -0 0.66909 0.743181
    outer loop
      vertex -15.9005 -0.311067 60.996
      vertex -8.2995 -0.551874 61.2128
      vertex -8.2995 -0.311067 60.996
    endloop
  endfacet
  facet normal 0 0.66909 0.743181
    outer loop
      vertex -8.2995 -0.551874 61.2128
      vertex -15.9005 -0.311067 60.996
      vertex -15.9005 -0.551874 61.2128
    endloop
  endfacet
  facet normal 0 -0.978154 -0.207881
    outer loop
      vertex -15.9005 7.94151 62.412
      vertex -8.2995 7.87414 62.729
      vertex -15.9005 7.87414 62.729
    endloop
  endfacet
  facet normal 0 -0.978154 -0.207881
    outer loop
      vertex -8.2995 7.87414 62.729
      vertex -15.9005 7.94151 62.412
      vertex -8.2995 7.94151 62.412
    endloop
  endfacet
  facet normal 0 0.978154 -0.207884
    outer loop
      vertex -8.2995 -0.941508 62.412
      vertex -15.9005 -0.874137 62.729
      vertex -8.2995 -0.874137 62.729
    endloop
  endfacet
  facet normal 0 0.978154 -0.207884
    outer loop
      vertex -15.9005 -0.874137 62.729
      vertex -8.2995 -0.941508 62.412
      vertex -15.9005 -0.941508 62.412
    endloop
  endfacet
  facet normal 0 0.499955 -0.866051
    outer loop
      vertex -15.9005 -0.311067 63.504
      vertex -8.2995 -0.0304413 63.666
      vertex -8.2995 -0.311067 63.504
    endloop
  endfacet
  facet normal 0 0.499955 -0.866051
    outer loop
      vertex -8.2995 -0.0304413 63.666
      vertex -15.9005 -0.311067 63.504
      vertex -15.9005 -0.0304413 63.666
    endloop
  endfacet
  facet normal -0 0.308923 0.951087
    outer loop
      vertex -15.9005 0.277738 60.7339
      vertex -8.2995 -0.0304413 60.834
      vertex -8.2995 0.277738 60.7339
    endloop
  endfacet
  facet normal 0 0.308923 0.951087
    outer loop
      vertex -8.2995 -0.0304413 60.834
      vertex -15.9005 0.277738 60.7339
      vertex -15.9005 -0.0304413 60.834
    endloop
  endfacet
  facet normal -0 0 1
    outer loop
      vertex -15.9005 6.4 60.7
      vertex -8.2995 0.6 60.7
      vertex -8.2995 6.4 60.7
    endloop
  endfacet
  facet normal 0 0 1
    outer loop
      vertex -8.2995 0.6 60.7
      vertex -15.9005 6.4 60.7
      vertex -15.9005 0.6 60.7
    endloop
  endfacet
  facet normal 0 -0.308923 0.951087
    outer loop
      vertex -15.9005 7.03044 60.834
      vertex -8.2995 6.72226 60.7339
      vertex -8.2995 7.03044 60.834
    endloop
  endfacet
  facet normal 0 -0.308923 0.951087
    outer loop
      vertex -8.2995 6.72226 60.7339
      vertex -15.9005 7.03044 60.834
      vertex -15.9005 6.72226 60.7339
    endloop
  endfacet
  facet normal 0 0.913534 0.406763
    outer loop
      vertex -8.2995 -0.742339 61.475
      vertex -15.9005 -0.874137 61.771
      vertex -8.2995 -0.874137 61.771
    endloop
  endfacet
  facet normal 0 0.913534 0.406763
    outer loop
      vertex -15.9005 -0.874137 61.771
      vertex -8.2995 -0.742339 61.475
      vertex -15.9005 -0.742339 61.475
    endloop
  endfacet
  facet normal 0 -0.104617 0.994513
    outer loop
      vertex -15.9005 6.72226 60.7339
      vertex -8.2995 6.4 60.7
      vertex -8.2995 6.72226 60.7339
    endloop
  endfacet
  facet normal 0 -0.104617 0.994513
    outer loop
      vertex -8.2995 6.4 60.7
      vertex -15.9005 6.72226 60.7339
      vertex -15.9005 6.4 60.7
    endloop
  endfacet
  facet normal -0 0.499955 0.866051
    outer loop
      vertex -15.9005 -0.0304413 60.834
      vertex -8.2995 -0.311067 60.996
      vertex -8.2995 -0.0304413 60.834
    endloop
  endfacet
  facet normal 0 0.499955 0.866051
    outer loop
      vertex -8.2995 -0.311067 60.996
      vertex -15.9005 -0.0304413 60.834
      vertex -15.9005 -0.311067 60.996
    endloop
  endfacet
  facet normal 0 0 -1
    outer loop
      vertex -15.9005 0.6 63.8
      vertex -8.2995 6.4 63.8
      vertex -8.2995 0.6 63.8
    endloop
  endfacet
  facet normal -0 0 -1
    outer loop
      vertex -8.2995 6.4 63.8
      vertex -15.9005 0.6 63.8
      vertex -15.9005 6.4 63.8
    endloop
  endfacet
  facet normal 0 0.809068 -0.587716
    outer loop
      vertex -8.2995 -0.742339 63.025
      vertex -15.9005 -0.551874 63.2872
      vertex -8.2995 -0.551874 63.2872
    endloop
  endfacet
  facet normal 0 0.809068 -0.587716
    outer loop
      vertex -15.9005 -0.551874 63.2872
      vertex -8.2995 -0.742339 63.025
      vertex -15.9005 -0.742339 63.025
    endloop
  endfacet
  facet normal 0 -0.978154 0.207881
    outer loop
      vertex -15.9005 7.87414 61.771
      vertex -8.2995 7.94151 62.088
      vertex -15.9005 7.94151 62.088
    endloop
  endfacet
  facet normal 0 -0.978154 0.207881
    outer loop
      vertex -8.2995 7.94151 62.088
      vertex -15.9005 7.87414 61.771
      vertex -8.2995 7.87414 61.771
    endloop
  endfacet
  facet normal 0 1 -0
    outer loop
      vertex -8.2995 -0.941508 62.088
      vertex -15.9005 -0.941508 62.412
      vertex -8.2995 -0.941508 62.412
    endloop
  endfacet
  facet normal 0 1 0
    outer loop
      vertex -15.9005 -0.941508 62.412
      vertex -8.2995 -0.941508 62.088
      vertex -15.9005 -0.941508 62.088
    endloop
  endfacet
  facet normal 0 -0.669101 -0.743171
    outer loop
      vertex -15.9005 7.31107 63.504
      vertex -8.2995 7.55187 63.2872
      vertex -8.2995 7.31107 63.504
    endloop
  endfacet
  facet normal -0 -0.669101 -0.743171
    outer loop
      vertex -8.2995 7.55187 63.2872
      vertex -15.9005 7.31107 63.504
      vertex -15.9005 7.55187 63.2872
    endloop
  endfacet
  facet normal -0 0.104617 0.994513
    outer loop
      vertex -15.9005 0.6 60.7
      vertex -8.2995 0.277738 60.7339
      vertex -8.2995 0.6 60.7
    endloop
  endfacet
  facet normal 0 0.104617 0.994513
    outer loop
      vertex -8.2995 0.277738 60.7339
      vertex -15.9005 0.6 60.7
      vertex -15.9005 0.277738 60.7339
    endloop
  endfacet
  facet normal 0 0.104617 -0.994513
    outer loop
      vertex -15.9005 0.277738 63.7661
      vertex -8.2995 0.6 63.8
      vertex -8.2995 0.277738 63.7661
    endloop
  endfacet
  facet normal 0 0.104617 -0.994513
    outer loop
      vertex -8.2995 0.6 63.8
      vertex -15.9005 0.277738 63.7661
      vertex -15.9005 0.6 63.8
    endloop
  endfacet
  facet normal 0 0.308923 -0.951087
    outer loop
      vertex -15.9005 -0.0304413 63.666
      vertex -8.2995 0.277738 63.7661
      vertex -8.2995 -0.0304413 63.666
    endloop
  endfacet
  facet normal 0 0.308923 -0.951087
    outer loop
      vertex -8.2995 0.277738 63.7661
      vertex -15.9005 -0.0304413 63.666
      vertex -15.9005 0.277738 63.7661
    endloop
  endfacet
  facet normal 0 -0.104617 -0.994513
    outer loop
      vertex -15.9005 6.4 63.8
      vertex -8.2995 6.72226 63.7661
      vertex -8.2995 6.4 63.8
    endloop
  endfacet
  facet normal -0 -0.104617 -0.994513
    outer loop
      vertex -8.2995 6.72226 63.7661
      vertex -15.9005 6.4 63.8
      vertex -15.9005 6.72226 63.7661
    endloop
  endfacet
  facet normal 0 -0.308923 -0.951087
    outer loop
      vertex -15.9005 6.72226 63.7661
      vertex -8.2995 7.03044 63.666
      vertex -8.2995 6.72226 63.7661
    endloop
  endfacet
  facet normal -0 -0.308923 -0.951087
    outer loop
      vertex -8.2995 7.03044 63.666
      vertex -15.9005 6.72226 63.7661
      vertex -15.9005 7.03044 63.666
    endloop
  endfacet
  facet normal 0 0.66909 -0.743181
    outer loop
      vertex -15.9005 -0.551874 63.2872
      vertex -8.2995 -0.311067 63.504
      vertex -8.2995 -0.551874 63.2872
    endloop
  endfacet
  facet normal 0 0.66909 -0.743181
    outer loop
      vertex -8.2995 -0.311067 63.504
      vertex -15.9005 -0.551874 63.2872
      vertex -15.9005 -0.311067 63.504
    endloop
  endfacet
  facet normal 0 -0.913531 -0.406768
    outer loop
      vertex -15.9005 7.87414 62.729
      vertex -8.2995 7.74234 63.025
      vertex -15.9005 7.74234 63.025
    endloop
  endfacet
  facet normal 0 -0.913531 -0.406768
    outer loop
      vertex -8.2995 7.74234 63.025
      vertex -15.9005 7.87414 62.729
      vertex -8.2995 7.87414 62.729
    endloop
  endfacet
  facet normal 0 -0.80906 0.587726
    outer loop
      vertex -15.9005 7.55187 61.2128
      vertex -8.2995 7.74234 61.475
      vertex -15.9005 7.74234 61.475
    endloop
  endfacet
  facet normal 0 -0.80906 0.587726
    outer loop
      vertex -8.2995 7.74234 61.475
      vertex -15.9005 7.55187 61.2128
      vertex -8.2995 7.55187 61.2128
    endloop
  endfacet
  facet normal 0 -0.49995 0.866055
    outer loop
      vertex -15.9005 7.31107 60.996
      vertex -8.2995 7.03044 60.834
      vertex -8.2995 7.31107 60.996
    endloop
  endfacet
  facet normal 0 -0.49995 0.866055
    outer loop
      vertex -8.2995 7.03044 60.834
      vertex -15.9005 7.31107 60.996
      vertex -15.9005 7.03044 60.834
    endloop
  endfacet
  facet normal 0 -1 0
    outer loop
      vertex -15.9005 7.94151 62.088
      vertex -8.2995 7.94151 62.412
      vertex -15.9005 7.94151 62.412
    endloop
  endfacet
  facet normal 0 -1 -0
    outer loop
      vertex -8.2995 7.94151 62.412
      vertex -15.9005 7.94151 62.088
      vertex -8.2995 7.94151 62.088
    endloop
  endfacet
  facet normal 0 -0.669101 0.743171
    outer loop
      vertex -15.9005 7.55187 61.2128
      vertex -8.2995 7.31107 60.996
      vertex -8.2995 7.55187 61.2128
    endloop
  endfacet
  facet normal 0 -0.669101 0.743171
    outer loop
      vertex -8.2995 7.31107 60.996
      vertex -15.9005 7.55187 61.2128
      vertex -15.9005 7.31107 60.996
    endloop
  endfacet
  facet normal 0 -0.49995 -0.866055
    outer loop
      vertex -15.9005 -4.96956 63.666
      vertex -8.2995 -4.68893 63.504
      vertex -8.2995 -4.96956 63.666
    endloop
  endfacet
  facet normal -0 -0.49995 -0.866055
    outer loop
      vertex -8.2995 -4.68893 63.504
      vertex -15.9005 -4.96956 63.666
      vertex -15.9005 -4.68893 63.504
    endloop
  endfacet
  facet normal 0 0.913531 -0.406768
    outer loop
      vertex -8.2995 -12.8741 62.729
      vertex -15.9005 -12.7423 63.025
      vertex -8.2995 -12.7423 63.025
    endloop
  endfacet
  facet normal 0 0.913531 -0.406768
    outer loop
      vertex -15.9005 -12.7423 63.025
      vertex -8.2995 -12.8741 62.729
      vertex -15.9005 -12.8741 62.729
    endloop
  endfacet
  facet normal 0 -0.913531 0.406768
    outer loop
      vertex -15.9005 -4.25766 61.475
      vertex -8.2995 -4.12586 61.771
      vertex -15.9005 -4.12586 61.771
    endloop
  endfacet
  facet normal 0 -0.913531 0.406768
    outer loop
      vertex -8.2995 -4.12586 61.771
      vertex -15.9005 -4.25766 61.475
      vertex -8.2995 -4.25766 61.475
    endloop
  endfacet
  facet normal 0 0.978135 0.207969
    outer loop
      vertex -8.2995 -12.8741 61.771
      vertex -15.9005 -12.9415 62.088
      vertex -8.2995 -12.9415 62.088
    endloop
  endfacet
  facet normal 0 0.978135 0.207969
    outer loop
      vertex -15.9005 -12.9415 62.088
      vertex -8.2995 -12.8741 61.771
      vertex -15.9005 -12.8741 61.771
    endloop
  endfacet
  facet normal 0 -0.80906 -0.587726
    outer loop
      vertex -15.9005 -4.25766 63.025
      vertex -8.2995 -4.44813 63.2872
      vertex -15.9005 -4.44813 63.2872
    endloop
  endfacet
  facet normal 0 -0.80906 -0.587726
    outer loop
      vertex -8.2995 -4.44813 63.2872
      vertex -15.9005 -4.25766 63.025
      vertex -8.2995 -4.25766 63.025
    endloop
  endfacet
  facet normal 0 0.809163 0.587584
    outer loop
      vertex -8.2995 -12.5519 61.2128
      vertex -15.9005 -12.7423 61.475
      vertex -8.2995 -12.7423 61.475
    endloop
  endfacet
  facet normal 0 0.809163 0.587584
    outer loop
      vertex -15.9005 -12.7423 61.475
      vertex -8.2995 -12.5519 61.2128
      vertex -15.9005 -12.5519 61.2128
    endloop
  endfacet
  facet normal -0 0.669101 0.743171
    outer loop
      vertex -15.9005 -12.3111 60.996
      vertex -8.2995 -12.5519 61.2128
      vertex -8.2995 -12.3111 60.996
    endloop
  endfacet
  facet normal 0 0.669101 0.743171
    outer loop
      vertex -8.2995 -12.5519 61.2128
      vertex -15.9005 -12.3111 60.996
      vertex -15.9005 -12.5519 61.2128
    endloop
  endfacet
  facet normal 0 -0.978154 -0.207881
    outer loop
      vertex -15.9005 -4.05849 62.412
      vertex -8.2995 -4.12586 62.729
      vertex -15.9005 -4.12586 62.729
    endloop
  endfacet
  facet normal 0 -0.978154 -0.207881
    outer loop
      vertex -8.2995 -4.12586 62.729
      vertex -15.9005 -4.05849 62.412
      vertex -8.2995 -4.05849 62.412
    endloop
  endfacet
  facet normal 0 0.978135 -0.207969
    outer loop
      vertex -8.2995 -12.9415 62.412
      vertex -15.9005 -12.8741 62.729
      vertex -8.2995 -12.8741 62.729
    endloop
  endfacet
  facet normal 0 0.978135 -0.207969
    outer loop
      vertex -15.9005 -12.8741 62.729
      vertex -8.2995 -12.9415 62.412
      vertex -15.9005 -12.9415 62.412
    endloop
  endfacet
  facet normal 0 0.499856 -0.866109
    outer loop
      vertex -15.9005 -12.3111 63.504
      vertex -8.2995 -12.0304 63.666
      vertex -8.2995 -12.3111 63.504
    endloop
  endfacet
  facet normal 0 0.499856 -0.866109
    outer loop
      vertex -8.2995 -12.0304 63.666
      vertex -15.9005 -12.3111 63.504
      vertex -15.9005 -12.0304 63.666
    endloop
  endfacet
  facet normal -0 0.308995 0.951064
    outer loop
      vertex -15.9005 -11.7223 60.7339
      vertex -8.2995 -12.0304 60.834
      vertex -8.2995 -11.7223 60.7339
    endloop
  endfacet
  facet normal 0 0.308995 0.951064
    outer loop
      vertex -8.2995 -12.0304 60.834
      vertex -15.9005 -11.7223 60.7339
      vertex -15.9005 -12.0304 60.834
    endloop
  endfacet
  facet normal -0 0 1
    outer loop
      vertex -15.9005 -5.6 60.7
      vertex -8.2995 -11.4 60.7
      vertex -8.2995 -5.6 60.7
    endloop
  endfacet
  facet normal 0 0 1
    outer loop
      vertex -8.2995 -11.4 60.7
      vertex -15.9005 -5.6 60.7
      vertex -15.9005 -11.4 60.7
    endloop
  endfacet
  facet normal 0 -0.308923 0.951087
    outer loop
      vertex -15.9005 -4.96956 60.834
      vertex -8.2995 -5.27774 60.7339
      vertex -8.2995 -4.96956 60.834
    endloop
  endfacet
  facet normal 0 -0.308923 0.951087
    outer loop
      vertex -8.2995 -5.27774 60.7339
      vertex -15.9005 -4.96956 60.834
      vertex -15.9005 -5.27774 60.7339
    endloop
  endfacet
  facet normal 0 0.913531 0.406768
    outer loop
      vertex -8.2995 -12.7423 61.475
      vertex -15.9005 -12.8741 61.771
      vertex -8.2995 -12.8741 61.771
    endloop
  endfacet
  facet normal 0 0.913531 0.406768
    outer loop
      vertex -15.9005 -12.8741 61.771
      vertex -8.2995 -12.7423 61.475
      vertex -15.9005 -12.7423 61.475
    endloop
  endfacet
  facet normal 0 -0.104617 0.994513
    outer loop
      vertex -15.9005 -5.27774 60.7339
      vertex -8.2995 -5.6 60.7
      vertex -8.2995 -5.27774 60.7339
    endloop
  endfacet
  facet normal 0 -0.104617 0.994513
    outer loop
      vertex -8.2995 -5.6 60.7
      vertex -15.9005 -5.27774 60.7339
      vertex -15.9005 -5.6 60.7
    endloop
  endfacet
  facet normal -0 0.499856 0.866109
    outer loop
      vertex -15.9005 -12.0304 60.834
      vertex -8.2995 -12.3111 60.996
      vertex -8.2995 -12.0304 60.834
    endloop
  endfacet
  facet normal 0 0.499856 0.866109
    outer loop
      vertex -8.2995 -12.3111 60.996
      vertex -15.9005 -12.0304 60.834
      vertex -15.9005 -12.3111 60.996
    endloop
  endfacet
  facet normal 0 0 -1
    outer loop
      vertex -15.9005 -11.4 63.8
      vertex -8.2995 -5.6 63.8
      vertex -8.2995 -11.4 63.8
    endloop
  endfacet
  facet normal -0 0 -1
    outer loop
      vertex -8.2995 -5.6 63.8
      vertex -15.9005 -11.4 63.8
      vertex -15.9005 -5.6 63.8
    endloop
  endfacet
  facet normal 0 0.809163 -0.587584
    outer loop
      vertex -8.2995 -12.7423 63.025
      vertex -15.9005 -12.5519 63.2872
      vertex -8.2995 -12.5519 63.2872
    endloop
  endfacet
  facet normal 0 0.809163 -0.587584
    outer loop
      vertex -15.9005 -12.5519 63.2872
      vertex -8.2995 -12.7423 63.025
      vertex -15.9005 -12.7423 63.025
    endloop
  endfacet
  facet normal 0 -0.978154 0.207881
    outer loop
      vertex -15.9005 -4.12586 61.771
      vertex -8.2995 -4.05849 62.088
      vertex -15.9005 -4.05849 62.088
    endloop
  endfacet
  facet normal 0 -0.978154 0.207881
    outer loop
      vertex -8.2995 -4.05849 62.088
      vertex -15.9005 -4.12586 61.771
      vertex -8.2995 -4.12586 61.771
    endloop
  endfacet
  facet normal 0 1 -0
    outer loop
      vertex -8.2995 -12.9415 62.088
      vertex -15.9005 -12.9415 62.412
      vertex -8.2995 -12.9415 62.412
    endloop
  endfacet
  facet normal 0 1 0
    outer loop
      vertex -15.9005 -12.9415 62.412
      vertex -8.2995 -12.9415 62.088
      vertex -15.9005 -12.9415 62.088
    endloop
  endfacet
  facet normal 0 -0.669101 -0.743171
    outer loop
      vertex -15.9005 -4.68893 63.504
      vertex -8.2995 -4.44813 63.2872
      vertex -8.2995 -4.68893 63.504
    endloop
  endfacet
  facet normal -0 -0.669101 -0.743171
    outer loop
      vertex -8.2995 -4.44813 63.2872
      vertex -15.9005 -4.68893 63.504
      vertex -15.9005 -4.44813 63.2872
    endloop
  endfacet
  facet normal -0 0.104604 0.994514
    outer loop
      vertex -15.9005 -11.4 60.7
      vertex -8.2995 -11.7223 60.7339
      vertex -8.2995 -11.4 60.7
    endloop
  endfacet
  facet normal 0 0.104604 0.994514
    outer loop
      vertex -8.2995 -11.7223 60.7339
      vertex -15.9005 -11.4 60.7
      vertex -15.9005 -11.7223 60.7339
    endloop
  endfacet
  facet normal 0 0.104604 -0.994514
    outer loop
      vertex -15.9005 -11.7223 63.7661
      vertex -8.2995 -11.4 63.8
      vertex -8.2995 -11.7223 63.7661
    endloop
  endfacet
  facet normal 0 0.104604 -0.994514
    outer loop
      vertex -8.2995 -11.4 63.8
      vertex -15.9005 -11.7223 63.7661
      vertex -15.9005 -11.4 63.8
    endloop
  endfacet
  facet normal 0 0.308995 -0.951064
    outer loop
      vertex -15.9005 -12.0304 63.666
      vertex -8.2995 -11.7223 63.7661
      vertex -8.2995 -12.0304 63.666
    endloop
  endfacet
  facet normal 0 0.308995 -0.951064
    outer loop
      vertex -8.2995 -11.7223 63.7661
      vertex -15.9005 -12.0304 63.666
      vertex -15.9005 -11.7223 63.7661
    endloop
  endfacet
  facet normal 0 -0.104617 -0.994513
    outer loop
      vertex -15.9005 -5.6 63.8
      vertex -8.2995 -5.27774 63.7661
      vertex -8.2995 -5.6 63.8
    endloop
  endfacet
  facet normal -0 -0.104617 -0.994513
    outer loop
      vertex -8.2995 -5.27774 63.7661
      vertex -15.9005 -5.6 63.8
      vertex -15.9005 -5.27774 63.7661
    endloop
  endfacet
  facet normal 0 -0.308923 -0.951087
    outer loop
      vertex -15.9005 -5.27774 63.7661
      vertex -8.2995 -4.96956 63.666
      vertex -8.2995 -5.27774 63.7661
    endloop
  endfacet
  facet normal -0 -0.308923 -0.951087
    outer loop
      vertex -8.2995 -4.96956 63.666
      vertex -15.9005 -5.27774 63.7661
      vertex -15.9005 -4.96956 63.666
    endloop
  endfacet
  facet normal 0 0.669101 -0.743171
    outer loop
      vertex -15.9005 -12.5519 63.2872
      vertex -8.2995 -12.3111 63.504
      vertex -8.2995 -12.5519 63.2872
    endloop
  endfacet
  facet normal 0 0.669101 -0.743171
    outer loop
      vertex -8.2995 -12.3111 63.504
      vertex -15.9005 -12.5519 63.2872
      vertex -15.9005 -12.3111 63.504
    endloop
  endfacet
  facet normal 0 -0.913531 -0.406768
    outer loop
      vertex -15.9005 -4.12586 62.729
      vertex -8.2995 -4.25766 63.025
      vertex -15.9005 -4.25766 63.025
    endloop
  endfacet
  facet normal 0 -0.913531 -0.406768
    outer loop
      vertex -8.2995 -4.25766 63.025
      vertex -15.9005 -4.12586 62.729
      vertex -8.2995 -4.12586 62.729
    endloop
  endfacet
  facet normal 0 -0.80906 0.587726
    outer loop
      vertex -15.9005 -4.44813 61.2128
      vertex -8.2995 -4.25766 61.475
      vertex -15.9005 -4.25766 61.475
    endloop
  endfacet
  facet normal 0 -0.80906 0.587726
    outer loop
      vertex -8.2995 -4.25766 61.475
      vertex -15.9005 -4.44813 61.2128
      vertex -8.2995 -4.44813 61.2128
    endloop
  endfacet
  facet normal 0 -0.49995 0.866055
    outer loop
      vertex -15.9005 -4.68893 60.996
      vertex -8.2995 -4.96956 60.834
      vertex -8.2995 -4.68893 60.996
    endloop
  endfacet
  facet normal 0 -0.49995 0.866055
    outer loop
      vertex -8.2995 -4.96956 60.834
      vertex -15.9005 -4.68893 60.996
      vertex -15.9005 -4.96956 60.834
    endloop
  endfacet
  facet normal 0 -1 0
    outer loop
      vertex -15.9005 -4.05849 62.088
      vertex -8.2995 -4.05849 62.412
      vertex -15.9005 -4.05849 62.412
    endloop
  endfacet
  facet normal 0 -1 -0
    outer loop
      vertex -8.2995 -4.05849 62.412
      vertex -15.9005 -4.05849 62.088
      vertex -8.2995 -4.05849 62.088
    endloop
  endfacet
  facet normal 0 -0.669101 0.743171
    outer loop
      vertex -15.9005 -4.44813 61.2128
      vertex -8.2995 -4.68893 60.996
      vertex -8.2995 -4.44813 61.2128
    endloop
  endfacet
  facet normal 0 -0.669101 0.743171
    outer loop
      vertex -8.2995 -4.68893 60.996
      vertex -15.9005 -4.44813 61.2128
      vertex -15.9005 -4.68893 60.996
    endloop
  endfacet
  facet normal 0 -0.499998 0.866026
    outer loop
      vertex -6.75 24.9781 0.653053
      vertex 1.25 23.228 -0.357363
      vertex 1.25 24.9781 0.653053
    endloop
  endfacet
  facet normal 0 -0.499998 0.866026
    outer loop
      vertex 1.25 23.228 -0.357363
      vertex -6.75 24.9781 0.653053
      vertex -6.75 23.228 -0.357363
    endloop
  endfacet
  facet normal -1 0 0
    outer loop
      vertex 1.25 23.228 -0.357363
      vertex 1.25 24.9781 1.49975
      vertex 1.25 24.9781 0.653053
    endloop
  endfacet
  facet normal -1 0 0
    outer loop
      vertex 1.25 24.9781 1.49975
      vertex 1.25 24.4945 7.89547
      vertex 1.25 24.7098 9
    endloop
  endfacet
  facet normal -1 0 0
    outer loop
      vertex 1.25 24.9781 1.49975
      vertex 1.25 24.4511 7.69098
      vertex 1.25 24.4945 7.89547
    endloop
  endfacet
  facet normal -1 0 0
    outer loop
      vertex 1.25 24.9781 1.49975
      vertex 1.25 24.366 7.5
      vertex 1.25 24.4511 7.69098
    endloop
  endfacet
  facet normal -1 0 0
    outer loop
      vertex 1.25 24.9781 1.49975
      vertex 1.25 24.2431 7.33087
      vertex 1.25 24.366 7.5
    endloop
  endfacet
  facet normal -1 0 0
    outer loop
      vertex 1.25 24.9781 1.49975
      vertex 1.25 24.0878 7.19098
      vertex 1.25 24.2431 7.33087
    endloop
  endfacet
  facet normal -1 0 0
    outer loop
      vertex 1.25 24.9781 1.49975
      vertex 1.25 23.9067 7.08646
      vertex 1.25 24.0878 7.19098
    endloop
  endfacet
  facet normal -1 0 0
    outer loop
      vertex 1.25 24.9781 1.49975
      vertex 1.25 23.7079 7.02185
      vertex 1.25 23.9067 7.08646
    endloop
  endfacet
  facet normal -1 0 0
    outer loop
      vertex 1.25 24.9781 1.49975
      vertex 1.25 23.5 7
      vertex 1.25 23.7079 7.02185
    endloop
  endfacet
  facet normal -1 -0 0
    outer loop
      vertex 1.25 24.9781 1.49975
      vertex 1.25 23.228 -0.357363
      vertex 1.25 23.5 7
    endloop
  endfacet
  facet normal -1 0 0
    outer loop
      vertex 1.25 19.7113 -1.5
      vertex 1.25 23.5 7
      vertex 1.25 23.228 -0.357363
    endloop
  endfacet
  facet normal -1 0 0
    outer loop
      vertex 1.25 11.2887 -1.5
      vertex 1.25 23.5 7
      vertex 1.25 19.7113 -1.5
    endloop
  endfacet
  facet normal -1 0 0
    outer loop
      vertex 1.25 7.772 -0.357363
      vertex 1.25 23.5 7
      vertex 1.25 11.2887 -1.5
    endloop
  endfacet
  facet normal -1 0 0
    outer loop
      vertex 1.25 4.33208 1.62868
      vertex 1.25 23.5 7
      vertex 1.25 7.772 -0.357363
    endloop
  endfacet
  facet normal -1 0 0
    outer loop
      vertex 1.25 1.38025 4.28652
      vertex 1.25 23.5 7
      vertex 1.25 4.33208 1.62868
    endloop
  endfacet
  facet normal -1 -0 0
    outer loop
      vertex 1.25 23.5 7
      vertex 1.25 1.38025 4.28652
      vertex 1.25 -0.591211 7
    endloop
  endfacet
  facet normal -1 -0 0
    outer loop
      vertex 1.25 24.7098 9
      vertex 1.25 24.4945 7.89547
      vertex 1.25 24.4945 9
    endloop
  endfacet
  facet normal 3.64965e-07 0.669131 0.743145
    outer loop
      vertex -5.39213 1.49719 4.18123
      vertex 1.25 1.38025 4.28652
      vertex 1.25 4.33208 1.62868
    endloop
  endfacet
  facet normal 0 0.669119 0.743155
    outer loop
      vertex 1.25 1.38025 4.28652
      vertex -5.39213 1.49719 4.18123
      vertex -5.36728 1.38025 4.28652
    endloop
  endfacet
  facet normal -1.71835e-06 0.669133 0.743142
    outer loop
      vertex 1.25 4.33208 1.62868
      vertex -5.80411 2.4225 3.34807
      vertex -5.39213 1.49719 4.18123
    endloop
  endfacet
  facet normal -0 0.66913 0.743146
    outer loop
      vertex -6.75 4.33208 1.62868
      vertex -5.80411 2.4225 3.34807
      vertex 1.25 4.33208 1.62868
    endloop
  endfacet
  facet normal 2.18278e-05 0.669136 0.74314
    outer loop
      vertex -5.80411 2.4225 3.34807
      vertex -6.75 4.33208 1.62868
      vertex -6.39946 3.24194 2.61025
    endloop
  endfacet
  facet normal -3.56717e-05 0.669126 0.743149
    outer loop
      vertex -6.39946 3.24194 2.61025
      vertex -6.75 4.33208 1.62868
      vertex -6.53668 3.36549 2.499
    endloop
  endfacet
  facet normal 0 0.66913 0.743145
    outer loop
      vertex -6.53668 3.36549 2.499
      vertex -6.75 4.33208 1.62868
      vertex -6.75 3.36549 2.499
    endloop
  endfacet
  facet normal 0 0.809024 0.587776
    outer loop
      vertex 1.25 -0.591211 7
      vertex -5.18154 -0.50644 6.88332
      vertex -5.19956 -0.591211 7
    endloop
  endfacet
  facet normal -2.4719e-07 0.809017 0.587785
    outer loop
      vertex 1.25 -0.591211 7
      vertex -5.18154 0.50644 5.48921
      vertex -5.18154 -0.50644 6.88332
    endloop
  endfacet
  facet normal -4.41723e-07 0.809017 0.587786
    outer loop
      vertex 1.25 1.38025 4.28652
      vertex -5.18154 0.50644 5.48921
      vertex 1.25 -0.591211 7
    endloop
  endfacet
  facet normal 0 0.809016 0.587787
    outer loop
      vertex -5.18154 0.50644 5.48921
      vertex 1.25 1.38025 4.28652
      vertex -5.36728 1.38025 4.28652
    endloop
  endfacet
  facet normal 0 -0.309015 0.951057
    outer loop
      vertex -6.75 23.228 -0.357363
      vertex 1.25 19.7113 -1.5
      vertex 1.25 23.228 -0.357363
    endloop
  endfacet
  facet normal 0 -0.309015 0.951057
    outer loop
      vertex 1.25 19.7113 -1.5
      vertex -6.75 23.228 -0.357363
      vertex -6.75 19.7113 -1.5
    endloop
  endfacet
  facet normal 1 -0 0
    outer loop
      vertex -6.75 24.4945 7.89547
      vertex -6.75 24.9781 1.49975
      vertex -6.75 24.7098 9
    endloop
  endfacet
  facet normal 1 0 0
    outer loop
      vertex -6.75 24.4945 7.89547
      vertex -6.75 24.7098 9
      vertex -6.75 24.4945 9
    endloop
  endfacet
  facet normal 1 -0 0
    outer loop
      vertex -6.75 24.4511 7.69098
      vertex -6.75 24.9781 1.49975
      vertex -6.75 24.4945 7.89547
    endloop
  endfacet
  facet normal 1 -0 0
    outer loop
      vertex -6.75 24.366 7.5
      vertex -6.75 24.9781 1.49975
      vertex -6.75 24.4511 7.69098
    endloop
  endfacet
  facet normal 1 -0 0
    outer loop
      vertex -6.75 24.2431 7.33087
      vertex -6.75 24.9781 1.49975
      vertex -6.75 24.366 7.5
    endloop
  endfacet
  facet normal 1 -0 0
    outer loop
      vertex -6.75 24.0878 7.19098
      vertex -6.75 24.9781 1.49975
      vertex -6.75 24.2431 7.33087
    endloop
  endfacet
  facet normal 1 -0 0
    outer loop
      vertex -6.75 23.9067 7.08646
      vertex -6.75 24.9781 1.49975
      vertex -6.75 24.0878 7.19098
    endloop
  endfacet
  facet normal 1 -0 0
    outer loop
      vertex -6.75 23.7079 7.02185
      vertex -6.75 24.9781 1.49975
      vertex -6.75 23.9067 7.08646
    endloop
  endfacet
  facet normal 1 -0 0
    outer loop
      vertex -6.75 23.5 7
      vertex -6.75 24.9781 1.49975
      vertex -6.75 23.7079 7.02185
    endloop
  endfacet
  facet normal 1 0 0
    outer loop
      vertex -6.75 23.228 -0.357363
      vertex -6.75 24.9781 1.49975
      vertex -6.75 23.5 7
    endloop
  endfacet
  facet normal 1 0 0
    outer loop
      vertex -6.75 24.9781 1.49975
      vertex -6.75 23.228 -0.357363
      vertex -6.75 24.9781 0.653053
    endloop
  endfacet
  facet normal 1 0 0
    outer loop
      vertex -6.75 23.5 7
      vertex -6.75 19.7113 -1.5
      vertex -6.75 23.228 -0.357363
    endloop
  endfacet
  facet normal 1 0 0
    outer loop
      vertex -6.75 23.5 7
      vertex -6.75 11.2887 -1.5
      vertex -6.75 19.7113 -1.5
    endloop
  endfacet
  facet normal 1 -0 0
    outer loop
      vertex -6.75 3.55756 7
      vertex -6.75 11.2887 -1.5
      vertex -6.75 23.5 7
    endloop
  endfacet
  facet normal 1 0 0
    outer loop
      vertex -6.75 11.2887 -1.5
      vertex -6.75 3.55756 7
      vertex -6.75 7.772 -0.357363
    endloop
  endfacet
  facet normal 1 0 0
    outer loop
      vertex -6.75 7.772 -0.357363
      vertex -6.75 3.55756 7
      vertex -6.75 4.33208 1.62868
    endloop
  endfacet
  facet normal 1 -0 0
    outer loop
      vertex -6.75 3.55756 2.499
      vertex -6.75 4.33208 1.62868
      vertex -6.75 3.55756 7
    endloop
  endfacet
  facet normal 1 0 0
    outer loop
      vertex -6.75 4.33208 1.62868
      vertex -6.75 3.55756 2.499
      vertex -6.75 3.36549 2.499
    endloop
  endfacet
  facet normal -0 0.500001 0.866025
    outer loop
      vertex -6.75 7.772 -0.357363
      vertex 1.25 4.33208 1.62868
      vertex 1.25 7.772 -0.357363
    endloop
  endfacet
  facet normal 0 0.500001 0.866025
    outer loop
      vertex 1.25 4.33208 1.62868
      vertex -6.75 7.772 -0.357363
      vertex -6.75 4.33208 1.62868
    endloop
  endfacet
  facet normal -0 0.309015 0.951057
    outer loop
      vertex -6.75 11.2887 -1.5
      vertex 1.25 7.772 -0.357363
      vertex 1.25 11.2887 -1.5
    endloop
  endfacet
  facet normal 0 0.309015 0.951057
    outer loop
      vertex 1.25 7.772 -0.357363
      vertex -6.75 11.2887 -1.5
      vertex -6.75 7.772 -0.357363
    endloop
  endfacet
  facet normal -0.951054 -0.309026 0
    outer loop
      vertex -9.37565 17.1455 -1.5
      vertex -9.74711 18.2887 2.749
      vertex -9.74711 18.2887 -1.5
    endloop
  endfacet
  facet normal -0.951054 -0.309026 0
    outer loop
      vertex -9.74711 18.2887 2.749
      vertex -9.37565 17.1455 -1.5
      vertex -9.37565 17.1455 2.749
    endloop
  endfacet
  facet normal -0.994522 -0.104527 0
    outer loop
      vertex -9.25 15.95 -1.5
      vertex -9.37565 17.1455 2.749
      vertex -9.37565 17.1455 -1.5
    endloop
  endfacet
  facet normal -0.994522 -0.104527 0
    outer loop
      vertex -9.37565 17.1455 2.749
      vertex -9.25 15.95 -1.5
      vertex -9.25 15.95 2.749
    endloop
  endfacet
  facet normal -0.951054 0.309026 0
    outer loop
      vertex -9.74711 13.6113 -1.5
      vertex -9.37565 14.7545 2.749
      vertex -9.37565 14.7545 -1.5
    endloop
  endfacet
  facet normal -0.951054 0.309026 0
    outer loop
      vertex -9.37565 14.7545 2.749
      vertex -9.74711 13.6113 -1.5
      vertex -9.74711 13.6113 2.749
    endloop
  endfacet
  facet normal 0 -1 0
    outer loop
      vertex -15.601 21.6685 -1.49995
      vertex -14.399 21.6685 2.749
      vertex -15.601 21.6685 2.749
    endloop
  endfacet
  facet normal 0 -1 -0
    outer loop
      vertex -14.399 21.6685 2.749
      vertex -15.601 21.6685 -1.49995
      vertex -14.399 21.6685 -1.49995
    endloop
  endfacet
  facet normal 0.587751 -0.809042 -8.5268e-06
    outer loop
      vertex -18.1962 20.6963 -1.49997
      vertex -17.875 20.9296 2.749
      vertex -18.8475 20.2231 2.749
    endloop
  endfacet
  facet normal 0.587672 -0.8091 0
    outer loop
      vertex -17.875 20.9296 2.749
      vertex -18.0482 20.8038 -1.49997
      vertex -17.875 20.9296 -1.49997
    endloop
  endfacet
  facet normal 0.587788 -0.809015 0
    outer loop
      vertex -18.1962 20.6963 -1.49997
      vertex -18.8475 20.2231 2.749
      vertex -18.8475 20.2231 -1.49997
    endloop
  endfacet
  facet normal 0.587541 -0.809194 1.57498e-05
    outer loop
      vertex -17.875 20.9296 2.749
      vertex -18.1962 20.6963 -1.49997
      vertex -18.1199 20.7517 -1.49997
    endloop
  endfacet
  facet normal 0.587836 -0.80898 -1.025e-05
    outer loop
      vertex -17.875 20.9296 2.749
      vertex -18.1199 20.7517 -1.49997
      vertex -18.0482 20.8038 -1.49997
    endloop
  endfacet
  facet normal 0.406771 -0.91353 -9.56558e-06
    outer loop
      vertex -17.2456 21.2099 -1.49997
      vertex -16.7768 21.4186 2.749
      vertex -17.875 20.9296 2.749
    endloop
  endfacet
  facet normal 0.406825 -0.913506 0
    outer loop
      vertex -17.2456 21.2099 -1.49997
      vertex -17.875 20.9296 2.749
      vertex -17.875 20.9296 -1.49997
    endloop
  endfacet
  facet normal 0.406699 -0.913562 0
    outer loop
      vertex -16.7768 21.4186 2.749
      vertex -17.2456 21.2099 -1.49997
      vertex -16.7768 21.4186 -1.49996
    endloop
  endfacet
  facet normal -0.207893 -0.978152 0
    outer loop
      vertex -14.399 21.6685 -1.49995
      vertex -13.2232 21.4186 2.749
      vertex -14.399 21.6685 2.749
    endloop
  endfacet
  facet normal -0.207893 -0.978152 -0
    outer loop
      vertex -13.2232 21.4186 2.749
      vertex -14.399 21.6685 -1.49995
      vertex -13.2232 21.4186 -1.49997
    endloop
  endfacet
  facet normal -0.207893 0.978152 0
    outer loop
      vertex -13.2232 10.4814 -1.5
      vertex -14.399 10.2315 2.749
      vertex -13.2232 10.4814 2.749
    endloop
  endfacet
  facet normal -0.207893 0.978152 0
    outer loop
      vertex -14.399 10.2315 2.749
      vertex -13.2232 10.4814 -1.5
      vertex -14.399 10.2315 -1.5
    endloop
  endfacet
  facet normal -0.587751 0.809042 0
    outer loop
      vertex -11.1525 11.6769 -1.5
      vertex -12.125 10.9704 2.749
      vertex -11.1525 11.6769 2.749
    endloop
  endfacet
  facet normal -0.587751 0.809042 0
    outer loop
      vertex -12.125 10.9704 2.749
      vertex -11.1525 11.6769 -1.5
      vertex -12.125 10.9704 -1.5
    endloop
  endfacet
  facet normal 0.866018 0.500013 0
    outer loop
      vertex -19.6518 12.5702 2.749
      vertex -20.2529 13.6113 -1.5
      vertex -20.2529 13.6113 2.749
    endloop
  endfacet
  facet normal 0.866018 0.500013 0
    outer loop
      vertex -20.2529 13.6113 -1.5
      vertex -19.6518 12.5702 2.749
      vertex -19.6518 12.5702 -1.5
    endloop
  endfacet
  facet normal 0 0 -1
    outer loop
      vertex -9.37565 14.7545 2.749
      vertex -9.37565 17.1455 2.749
      vertex -9.25 15.95 2.749
    endloop
  endfacet
  facet normal 0 0 -1
    outer loop
      vertex -9.74711 13.6113 2.749
      vertex -9.37565 17.1455 2.749
      vertex -9.37565 14.7545 2.749
    endloop
  endfacet
  facet normal 0 0 -1
    outer loop
      vertex -9.74711 13.6113 2.749
      vertex -9.74711 18.2887 2.749
      vertex -9.37565 17.1455 2.749
    endloop
  endfacet
  facet normal 0 0 -1
    outer loop
      vertex -10.3482 12.5702 2.749
      vertex -9.74711 18.2887 2.749
      vertex -9.74711 13.6113 2.749
    endloop
  endfacet
  facet normal 0 0 -1
    outer loop
      vertex -10.3482 12.5702 2.749
      vertex -10.3482 19.3298 2.749
      vertex -9.74711 18.2887 2.749
    endloop
  endfacet
  facet normal 0 0 -1
    outer loop
      vertex -11.1525 11.6769 2.749
      vertex -10.3482 19.3298 2.749
      vertex -10.3482 12.5702 2.749
    endloop
  endfacet
  facet normal 0 0 -1
    outer loop
      vertex -11.1525 11.6769 2.749
      vertex -11.1525 20.2231 2.749
      vertex -10.3482 19.3298 2.749
    endloop
  endfacet
  facet normal 0 0 -1
    outer loop
      vertex -12.125 10.9704 2.749
      vertex -11.1525 20.2231 2.749
      vertex -11.1525 11.6769 2.749
    endloop
  endfacet
  facet normal 0 0 -1
    outer loop
      vertex -12.125 10.9704 2.749
      vertex -12.125 20.9296 2.749
      vertex -11.1525 20.2231 2.749
    endloop
  endfacet
  facet normal 0 0 -1
    outer loop
      vertex -13.2232 10.4814 2.749
      vertex -12.125 20.9296 2.749
      vertex -12.125 10.9704 2.749
    endloop
  endfacet
  facet normal 0 0 -1
    outer loop
      vertex -13.2232 10.4814 2.749
      vertex -13.2232 21.4186 2.749
      vertex -12.125 20.9296 2.749
    endloop
  endfacet
  facet normal 0 0 -1
    outer loop
      vertex -14.399 10.2315 2.749
      vertex -13.2232 21.4186 2.749
      vertex -13.2232 10.4814 2.749
    endloop
  endfacet
  facet normal 0 0 -1
    outer loop
      vertex -14.399 10.2315 2.749
      vertex -14.399 21.6685 2.749
      vertex -13.2232 21.4186 2.749
    endloop
  endfacet
  facet normal 0 0 -1
    outer loop
      vertex -15.601 10.2315 2.749
      vertex -14.399 21.6685 2.749
      vertex -14.399 10.2315 2.749
    endloop
  endfacet
  facet normal 0 0 -1
    outer loop
      vertex -15.601 10.2315 2.749
      vertex -15.601 21.6685 2.749
      vertex -14.399 21.6685 2.749
    endloop
  endfacet
  facet normal 0 0 -1
    outer loop
      vertex -16.7768 10.4814 2.749
      vertex -15.601 21.6685 2.749
      vertex -15.601 10.2315 2.749
    endloop
  endfacet
  facet normal 0 0 -1
    outer loop
      vertex -16.7768 10.4814 2.749
      vertex -16.7768 21.4186 2.749
      vertex -15.601 21.6685 2.749
    endloop
  endfacet
  facet normal 0 0 -1
    outer loop
      vertex -17.875 10.9704 2.749
      vertex -16.7768 21.4186 2.749
      vertex -16.7768 10.4814 2.749
    endloop
  endfacet
  facet normal 0 0 -1
    outer loop
      vertex -17.875 10.9704 2.749
      vertex -17.875 20.9296 2.749
      vertex -16.7768 21.4186 2.749
    endloop
  endfacet
  facet normal 0 0 -1
    outer loop
      vertex -18.8475 11.6769 2.749
      vertex -17.875 20.9296 2.749
      vertex -17.875 10.9704 2.749
    endloop
  endfacet
  facet normal 0 0 -1
    outer loop
      vertex -18.8475 11.6769 2.749
      vertex -18.8475 20.2231 2.749
      vertex -17.875 20.9296 2.749
    endloop
  endfacet
  facet normal 0 0 -1
    outer loop
      vertex -19.6518 12.5702 2.749
      vertex -18.8475 20.2231 2.749
      vertex -18.8475 11.6769 2.749
    endloop
  endfacet
  facet normal 0 0 -1
    outer loop
      vertex -19.6518 12.5702 2.749
      vertex -19.6518 19.3298 2.749
      vertex -18.8475 20.2231 2.749
    endloop
  endfacet
  facet normal 0 0 -1
    outer loop
      vertex -20.2529 13.6113 2.749
      vertex -19.6518 19.3298 2.749
      vertex -19.6518 12.5702 2.749
    endloop
  endfacet
  facet normal 0 0 -1
    outer loop
      vertex -20.2529 13.6113 2.749
      vertex -20.2529 18.2887 2.749
      vertex -19.6518 19.3298 2.749
    endloop
  endfacet
  facet normal 0 0 -1
    outer loop
      vertex -20.6243 14.7545 2.749
      vertex -20.2529 18.2887 2.749
      vertex -20.2529 13.6113 2.749
    endloop
  endfacet
  facet normal 0 0 -1
    outer loop
      vertex -20.6243 14.7545 2.749
      vertex -20.6243 17.1455 2.749
      vertex -20.2529 18.2887 2.749
    endloop
  endfacet
  facet normal 0 -0 -1
    outer loop
      vertex -20.6243 17.1455 2.749
      vertex -20.6243 14.7545 2.749
      vertex -20.75 15.95 2.749
    endloop
  endfacet
  facet normal -0.585185 -0.8109 0
    outer loop
      vertex -12.1153 20.9226 -1.5
      vertex -12.125 20.9296 2.749
      vertex -12.125 20.9296 -1.5
    endloop
  endfacet
  facet normal -0.587751 -0.809042 -8.91832e-06
    outer loop
      vertex -12.125 20.9296 2.749
      vertex -12.1153 20.9226 -1.5
      vertex -11.1525 20.2231 2.749
    endloop
  endfacet
  facet normal -0.587777 -0.809023 -0
    outer loop
      vertex -11.1525 20.2231 2.749
      vertex -12.1153 20.9226 -1.5
      vertex -11.1525 20.2231 -1.5
    endloop
  endfacet
  facet normal -0.406771 -0.91353 0
    outer loop
      vertex -13.2232 21.4186 -1.49997
      vertex -12.125 20.9296 2.749
      vertex -13.2232 21.4186 2.749
    endloop
  endfacet
  facet normal -0.406771 -0.91353 -0
    outer loop
      vertex -12.125 20.9296 2.749
      vertex -13.2232 21.4186 -1.49997
      vertex -12.125 20.9296 -1.5
    endloop
  endfacet
  facet normal 0.951061 -0.309004 0
    outer loop
      vertex -20.2529 18.2887 2.749
      vertex -20.4572 17.6599 -1.49997
      vertex -20.2529 18.2887 -1.49997
    endloop
  endfacet
  facet normal 0.951068 -0.308981 -3.80629e-06
    outer loop
      vertex -20.6243 17.1455 2.749
      vertex -20.4572 17.6599 -1.49997
      vertex -20.2529 18.2887 2.749
    endloop
  endfacet
  facet normal 0.951071 -0.308972 -2.67655e-06
    outer loop
      vertex -20.4572 17.6599 -1.49997
      vertex -20.6243 17.1455 2.749
      vertex -20.4879 17.5654 -1.49997
    endloop
  endfacet
  facet normal 0.951079 -0.308948 0
    outer loop
      vertex -20.4879 17.5654 -1.49997
      vertex -20.6243 17.1455 2.749
      vertex -20.6243 17.1455 -1.49997
    endloop
  endfacet
  facet normal -0.994522 0.104527 0
    outer loop
      vertex -9.37565 14.7545 -1.5
      vertex -9.25 15.95 2.749
      vertex -9.25 15.95 -1.5
    endloop
  endfacet
  facet normal -0.994522 0.104527 0
    outer loop
      vertex -9.25 15.95 2.749
      vertex -9.37565 14.7545 -1.5
      vertex -9.37565 14.7545 2.749
    endloop
  endfacet
  facet normal 0.406771 0.91353 -0
    outer loop
      vertex -16.7768 10.4814 -1.5
      vertex -17.875 10.9704 2.749
      vertex -16.7768 10.4814 2.749
    endloop
  endfacet
  facet normal 0.406771 0.91353 0
    outer loop
      vertex -17.875 10.9704 2.749
      vertex -16.7768 10.4814 -1.5
      vertex -17.875 10.9704 -1.5
    endloop
  endfacet
  facet normal 0.207893 -0.978152 -7.83355e-06
    outer loop
      vertex -16.3695 21.5052 -1.49996
      vertex -15.601 21.6685 2.749
      vertex -16.7768 21.4186 2.749
    endloop
  endfacet
  facet normal 0.207915 -0.978147 0
    outer loop
      vertex -16.487 21.4802 -1.49996
      vertex -16.7768 21.4186 2.749
      vertex -16.7768 21.4186 -1.49996
    endloop
  endfacet
  facet normal 0.208108 -0.978106 1.3714e-05
    outer loop
      vertex -16.3695 21.5052 -1.49996
      vertex -16.7768 21.4186 2.749
      vertex -16.487 21.4802 -1.49996
    endloop
  endfacet
  facet normal 0.207851 -0.97816 0
    outer loop
      vertex -15.601 21.6685 2.749
      vertex -16.3695 21.5052 -1.49996
      vertex -15.601 21.6685 -1.49995
    endloop
  endfacet
  facet normal -0.866022 0.500007 0
    outer loop
      vertex -10.3482 12.5702 -1.5
      vertex -9.74711 13.6113 2.749
      vertex -9.74711 13.6113 -1.5
    endloop
  endfacet
  facet normal -0.866022 0.500007 0
    outer loop
      vertex -9.74711 13.6113 2.749
      vertex -10.3482 12.5702 -1.5
      vertex -10.3482 12.5702 2.749
    endloop
  endfacet
  facet normal -0.406771 0.91353 0
    outer loop
      vertex -12.125 10.9704 -1.5
      vertex -13.2232 10.4814 2.749
      vertex -12.125 10.9704 2.749
    endloop
  endfacet
  facet normal -0.406771 0.91353 0
    outer loop
      vertex -13.2232 10.4814 2.749
      vertex -12.125 10.9704 -1.5
      vertex -13.2232 10.4814 -1.5
    endloop
  endfacet
  facet normal 0.587751 0.809042 -0
    outer loop
      vertex -17.875 10.9704 -1.5
      vertex -18.8475 11.6769 2.749
      vertex -17.875 10.9704 2.749
    endloop
  endfacet
  facet normal 0.587751 0.809042 0
    outer loop
      vertex -18.8475 11.6769 2.749
      vertex -17.875 10.9704 -1.5
      vertex -18.8475 11.6769 -1.5
    endloop
  endfacet
  facet normal -0.743158 0.669116 0
    outer loop
      vertex -11.1525 11.6769 -1.5
      vertex -10.3482 12.5702 2.749
      vertex -10.3482 12.5702 -1.5
    endloop
  endfacet
  facet normal -0.743158 0.669116 0
    outer loop
      vertex -10.3482 12.5702 2.749
      vertex -11.1525 11.6769 -1.5
      vertex -11.1525 11.6769 2.749
    endloop
  endfacet
  facet normal -0.743158 -0.669116 0
    outer loop
      vertex -10.3482 19.3298 -1.5
      vertex -11.1525 20.2231 2.749
      vertex -11.1525 20.2231 -1.5
    endloop
  endfacet
  facet normal -0.743158 -0.669116 0
    outer loop
      vertex -11.1525 20.2231 2.749
      vertex -10.3482 19.3298 -1.5
      vertex -10.3482 19.3298 2.749
    endloop
  endfacet
  facet normal 0.994518 -0.104568 0
    outer loop
      vertex -20.75 15.95 2.749
      vertex -20.6243 17.1455 -1.49997
      vertex -20.6243 17.1455 2.749
    endloop
  endfacet
  facet normal 0.994518 -0.104568 0
    outer loop
      vertex -20.6243 17.1455 -1.49997
      vertex -20.75 15.95 2.749
      vertex -20.75 15.95 -1.49997
    endloop
  endfacet
  facet normal -0.866022 -0.500007 0
    outer loop
      vertex -9.74711 18.2887 -1.5
      vertex -10.3482 19.3298 2.749
      vertex -10.3482 19.3298 -1.5
    endloop
  endfacet
  facet normal -0.866022 -0.500007 0
    outer loop
      vertex -10.3482 19.3298 2.749
      vertex -9.74711 18.2887 -1.5
      vertex -9.74711 18.2887 2.749
    endloop
  endfacet
  facet normal 0.207893 0.978152 -0
    outer loop
      vertex -15.601 10.2315 -1.5
      vertex -16.7768 10.4814 2.749
      vertex -15.601 10.2315 2.749
    endloop
  endfacet
  facet normal 0.207893 0.978152 0
    outer loop
      vertex -16.7768 10.4814 2.749
      vertex -15.601 10.2315 -1.5
      vertex -16.7768 10.4814 -1.5
    endloop
  endfacet
  facet normal 0.743294 -0.668965 0
    outer loop
      vertex -18.8475 20.2231 2.749
      vertex -18.9267 20.1351 -1.49997
      vertex -18.8475 20.2231 -1.49997
    endloop
  endfacet
  facet normal 0.742912 -0.669389 1.59091e-05
    outer loop
      vertex -18.8475 20.2231 2.749
      vertex -18.9877 20.0674 -1.49997
      vertex -18.9267 20.1351 -1.49997
    endloop
  endfacet
  facet normal 0.743158 -0.669116 -2.18311e-06
    outer loop
      vertex -19.6518 19.3298 2.749
      vertex -18.9877 20.0674 -1.49997
      vertex -18.8475 20.2231 2.749
    endloop
  endfacet
  facet normal 0.743129 -0.669149 -1.23092e-05
    outer loop
      vertex -18.9877 20.0674 -1.49997
      vertex -19.6518 19.3298 2.749
      vertex -19.6109 19.3753 -1.49997
    endloop
  endfacet
  facet normal 0.7437 -0.668513 0
    outer loop
      vertex -19.6109 19.3753 -1.49997
      vertex -19.6518 19.3298 2.749
      vertex -19.6518 19.3298 -1.49997
    endloop
  endfacet
  facet normal 0 1 -0
    outer loop
      vertex -14.399 10.2315 -1.5
      vertex -15.601 10.2315 2.749
      vertex -14.399 10.2315 2.749
    endloop
  endfacet
  facet normal 0 1 0
    outer loop
      vertex -15.601 10.2315 2.749
      vertex -14.399 10.2315 -1.5
      vertex -15.601 10.2315 -1.5
    endloop
  endfacet
  facet normal 0.951077 0.308954 0
    outer loop
      vertex -20.6243 14.7545 2.749
      vertex -20.3921 14.0397 -1.5
      vertex -20.6243 14.7545 -1.49998
    endloop
  endfacet
  facet normal 0.951068 0.308981 -5.02803e-06
    outer loop
      vertex -20.2529 13.6113 2.749
      vertex -20.3921 14.0397 -1.5
      vertex -20.6243 14.7545 2.749
    endloop
  endfacet
  facet normal 0.951054 0.309026 0
    outer loop
      vertex -20.3921 14.0397 -1.5
      vertex -20.2529 13.6113 2.749
      vertex -20.2529 13.6113 -1.5
    endloop
  endfacet
  facet normal 0.743158 0.669116 0
    outer loop
      vertex -18.8475 11.6769 2.749
      vertex -19.6518 12.5702 -1.5
      vertex -19.6518 12.5702 2.749
    endloop
  endfacet
  facet normal 0.743158 0.669116 0
    outer loop
      vertex -19.6518 12.5702 -1.5
      vertex -18.8475 11.6769 2.749
      vertex -18.8475 11.6769 -1.5
    endloop
  endfacet
  facet normal 0.994518 0.104568 0
    outer loop
      vertex -20.6243 14.7545 2.749
      vertex -20.75 15.95 -1.49997
      vertex -20.75 15.95 2.749
    endloop
  endfacet
  facet normal 0.994518 0.104568 0
    outer loop
      vertex -20.75 15.95 -1.49997
      vertex -20.6243 14.7545 2.749
      vertex -20.6243 14.7545 -1.49998
    endloop
  endfacet
  facet normal 0.865992 -0.500059 0
    outer loop
      vertex -19.6518 19.3298 2.749
      vertex -20.0854 18.5789 -1.49997
      vertex -19.6518 19.3298 -1.49997
    endloop
  endfacet
  facet normal 0.866018 -0.500013 -1.07616e-05
    outer loop
      vertex -20.2529 18.2887 2.749
      vertex -20.0854 18.5789 -1.49997
      vertex -19.6518 19.3298 2.749
    endloop
  endfacet
  facet normal 0.866311 -0.499505 3.55216e-05
    outer loop
      vertex -20.0854 18.5789 -1.49997
      vertex -20.2529 18.2887 2.749
      vertex -20.1317 18.4986 -1.49997
    endloop
  endfacet
  facet normal 0.866 -0.500044 0
    outer loop
      vertex -20.1317 18.4986 -1.49997
      vertex -20.2529 18.2887 2.749
      vertex -20.2529 18.2887 -1.49997
    endloop
  endfacet
  facet normal -0.951061 -0.309004 0
    outer loop
      vertex 20.4572 17.6599 -1.49997
      vertex 20.2529 18.2887 2.749
      vertex 20.2529 18.2887 -1.49997
    endloop
  endfacet
  facet normal -0.951071 -0.308972 -2.67655e-06
    outer loop
      vertex 20.6243 17.1455 2.749
      vertex 20.4572 17.6599 -1.49997
      vertex 20.4879 17.5654 -1.49997
    endloop
  endfacet
  facet normal -0.951079 -0.308948 -0
    outer loop
      vertex 20.6243 17.1455 2.749
      vertex 20.4879 17.5654 -1.49997
      vertex 20.6243 17.1455 -1.49997
    endloop
  endfacet
  facet normal -0.951068 -0.308981 -3.80629e-06
    outer loop
      vertex 20.4572 17.6599 -1.49997
      vertex 20.6243 17.1455 2.749
      vertex 20.2529 18.2887 2.749
    endloop
  endfacet
  facet normal -0.994518 -0.104568 0
    outer loop
      vertex 20.75 15.95 -1.49997
      vertex 20.6243 17.1455 2.749
      vertex 20.6243 17.1455 -1.49997
    endloop
  endfacet
  facet normal -0.994518 -0.104568 0
    outer loop
      vertex 20.6243 17.1455 2.749
      vertex 20.75 15.95 -1.49997
      vertex 20.75 15.95 2.749
    endloop
  endfacet
  facet normal -0.865992 -0.500059 0
    outer loop
      vertex 20.0854 18.5789 -1.49997
      vertex 19.6518 19.3298 2.749
      vertex 19.6518 19.3298 -1.49997
    endloop
  endfacet
  facet normal -0.866311 -0.499505 3.55216e-05
    outer loop
      vertex 20.2529 18.2887 2.749
      vertex 20.0854 18.5789 -1.49997
      vertex 20.1317 18.4986 -1.49997
    endloop
  endfacet
  facet normal -0.866 -0.500044 -0
    outer loop
      vertex 20.2529 18.2887 2.749
      vertex 20.1317 18.4986 -1.49997
      vertex 20.2529 18.2887 -1.49997
    endloop
  endfacet
  facet normal -0.866018 -0.500013 -1.07616e-05
    outer loop
      vertex 20.0854 18.5789 -1.49997
      vertex 20.2529 18.2887 2.749
      vertex 19.6518 19.3298 2.749
    endloop
  endfacet
  facet normal 0.951054 -0.309026 0
    outer loop
      vertex 9.37565 17.1455 2.749
      vertex 9.74711 18.2887 -1.5
      vertex 9.74711 18.2887 2.749
    endloop
  endfacet
  facet normal 0.951054 -0.309026 0
    outer loop
      vertex 9.74711 18.2887 -1.5
      vertex 9.37565 17.1455 2.749
      vertex 9.37565 17.1455 -1.5
    endloop
  endfacet
  facet normal -0.40689 0.913477 -0.000514685
    outer loop
      vertex 17.875 10.9704 2.749
      vertex 17.5527 10.8268 2.68135
      vertex 17.6945 10.89 2.749
    endloop
  endfacet
  facet normal -0.40698 0.913437 0
    outer loop
      vertex 17.875 10.9704 -1.5
      vertex 17.5527 10.8268 2.68135
      vertex 17.875 10.9704 2.749
    endloop
  endfacet
  facet normal -0.406618 0.913598 3.33725e-05
    outer loop
      vertex 17.5527 10.8268 2.68135
      vertex 17.875 10.9704 -1.5
      vertex 16.942 10.555 2.50278
    endloop
  endfacet
  facet normal -0.406771 0.91353 -9.29355e-06
    outer loop
      vertex 16.7768 10.4814 -1.5
      vertex 16.942 10.555 2.50278
      vertex 17.875 10.9704 -1.5
    endloop
  endfacet
  facet normal -0.406959 0.913446 0
    outer loop
      vertex 16.942 10.555 2.50278
      vertex 16.7768 10.4814 -1.5
      vertex 16.7768 10.4814 2.47972
    endloop
  endfacet
  facet normal -0.994518 0.104568 0
    outer loop
      vertex 20.6243 14.7545 -1.49998
      vertex 20.75 15.95 2.749
      vertex 20.75 15.95 -1.49997
    endloop
  endfacet
  facet normal -0.994518 0.104568 0
    outer loop
      vertex 20.75 15.95 2.749
      vertex 20.6243 14.7545 -1.49998
      vertex 20.6243 14.7545 2.749
    endloop
  endfacet
  facet normal 0.743176 -0.669096 0
    outer loop
      vertex 10.8716 19.9111 2.50278
      vertex 11.1525 20.2231 -1.5
      vertex 11.1525 20.2231 2.4547
    endloop
  endfacet
  facet normal 0.743141 -0.669135 2.06415e-06
    outer loop
      vertex 10.3482 19.3298 -1.5
      vertex 10.8716 19.9111 2.50278
      vertex 10.3734 19.3578 2.68135
    endloop
  endfacet
  facet normal 0.743294 -0.668965 0
    outer loop
      vertex 10.3482 19.3298 -1.5
      vertex 10.3734 19.3578 2.68135
      vertex 10.3482 19.3298 2.69614
    endloop
  endfacet
  facet normal 0.743158 -0.669116 -2.83281e-06
    outer loop
      vertex 10.8716 19.9111 2.50278
      vertex 10.3482 19.3298 -1.5
      vertex 11.1525 20.2231 -1.5
    endloop
  endfacet
  facet normal 0 -1 0
    outer loop
      vertex 14.399 21.6685 -1.49995
      vertex 15.601 21.6685 2.749
      vertex 14.399 21.6685 2.749
    endloop
  endfacet
  facet normal 0 -1 -0
    outer loop
      vertex 15.601 21.6685 2.749
      vertex 14.399 21.6685 -1.49995
      vertex 15.601 21.6685 -1.49995
    endloop
  endfacet
  facet normal 0 1 0
    outer loop
      vertex 15.601 10.2315 2.4115
      vertex 15.601 10.2315 -1.5
      vertex 15.5137 10.2315 2.4115
    endloop
  endfacet
  facet normal 0 1 0
    outer loop
      vertex 14.399 10.2315 -1.5
      vertex 15.5137 10.2315 2.4115
      vertex 15.601 10.2315 -1.5
    endloop
  endfacet
  facet normal 0 1 0
    outer loop
      vertex 15.5137 10.2315 2.4115
      vertex 14.399 10.2315 -1.5
      vertex 14.7434 10.2315 2.50278
    endloop
  endfacet
  facet normal 0 1 0
    outer loop
      vertex 14.7434 10.2315 2.50278
      vertex 14.399 10.2315 -1.5
      vertex 14.399 10.2315 2.58827
    endloop
  endfacet
  facet normal 0.207895 -0.978151 -0.000447684
    outer loop
      vertex 13.3087 21.4368 2.68135
      vertex 14.399 21.6685 2.749
      vertex 13.4627 21.4695 2.749
    endloop
  endfacet
  facet normal 0.208179 -0.978091 8.46362e-05
    outer loop
      vertex 14.399 21.6685 -1.49995
      vertex 13.3087 21.4368 2.68135
      vertex 13.2232 21.4186 2.6583
    endloop
  endfacet
  facet normal 0.207868 -0.978157 0
    outer loop
      vertex 13.3087 21.4368 2.68135
      vertex 14.399 21.6685 -1.49995
      vertex 14.399 21.6685 2.749
    endloop
  endfacet
  facet normal 0.207893 -0.978152 0
    outer loop
      vertex 14.399 21.6685 -1.49995
      vertex 13.2232 21.4186 2.6583
      vertex 13.2232 21.4186 -1.49997
    endloop
  endfacet
  facet normal 0.406771 0.91353 -0
    outer loop
      vertex 13.2232 10.4814 -1.5
      vertex 12.125 10.9704 2.749
      vertex 13.2232 10.4814 2.749
    endloop
  endfacet
  facet normal 0.406771 0.91353 0
    outer loop
      vertex 12.125 10.9704 2.749
      vertex 13.2232 10.4814 -1.5
      vertex 12.125 10.9704 -1.5
    endloop
  endfacet
  facet normal -0.743158 0.669116 0
    outer loop
      vertex 18.8475 11.6769 -1.5
      vertex 19.6518 12.5702 2.749
      vertex 19.6518 12.5702 -1.5
    endloop
  endfacet
  facet normal -0.743158 0.669116 0
    outer loop
      vertex 19.6518 12.5702 2.749
      vertex 18.8475 11.6769 -1.5
      vertex 18.8475 11.6769 2.749
    endloop
  endfacet
  facet normal -0.951077 0.308954 0
    outer loop
      vertex 20.3921 14.0397 -1.5
      vertex 20.6243 14.7545 2.749
      vertex 20.6243 14.7545 -1.49998
    endloop
  endfacet
  facet normal -0.951054 0.309026 0
    outer loop
      vertex 20.2529 13.6113 2.749
      vertex 20.3921 14.0397 -1.5
      vertex 20.2529 13.6113 -1.5
    endloop
  endfacet
  facet normal -0.951068 0.308981 -5.02803e-06
    outer loop
      vertex 20.3921 14.0397 -1.5
      vertex 20.2529 13.6113 2.749
      vertex 20.6243 14.7545 2.749
    endloop
  endfacet
  facet normal 0.587754 -0.80904 -1.83041e-07
    outer loop
      vertex 12.1153 20.9226 -1.5
      vertex 12.0451 20.8716 2.4115
      vertex 11.4349 20.4283 2.4115
    endloop
  endfacet
  facet normal 0.587831 -0.808984 0
    outer loop
      vertex 11.1525 20.2231 -1.5
      vertex 11.4349 20.4283 2.4115
      vertex 11.1525 20.2231 2.4547
    endloop
  endfacet
  facet normal 0.587777 -0.809023 5.9635e-06
    outer loop
      vertex 11.4349 20.4283 2.4115
      vertex 11.1525 20.2231 -1.5
      vertex 12.1153 20.9226 -1.5
    endloop
  endfacet
  facet normal 0.585185 -0.8109 -7.05287e-05
    outer loop
      vertex 12.0451 20.8716 2.4115
      vertex 12.1153 20.9226 -1.5
      vertex 12.125 20.9296 -1.5
    endloop
  endfacet
  facet normal 0.587449 -0.809261 0
    outer loop
      vertex 12.125 20.9296 2.42372
      vertex 12.0451 20.8716 2.4115
      vertex 12.125 20.9296 -1.5
    endloop
  endfacet
  facet normal -0.207851 -0.97816 0
    outer loop
      vertex 16.3695 21.5052 -1.49996
      vertex 15.601 21.6685 2.749
      vertex 15.601 21.6685 -1.49995
    endloop
  endfacet
  facet normal -0.207893 -0.978152 -7.83355e-06
    outer loop
      vertex 15.601 21.6685 2.749
      vertex 16.3695 21.5052 -1.49996
      vertex 16.7768 21.4186 2.749
    endloop
  endfacet
  facet normal -0.208108 -0.978106 1.3714e-05
    outer loop
      vertex 16.487 21.4802 -1.49996
      vertex 16.7768 21.4186 2.749
      vertex 16.3695 21.5052 -1.49996
    endloop
  endfacet
  facet normal -0.207915 -0.978147 -0
    outer loop
      vertex 16.7768 21.4186 2.749
      vertex 16.487 21.4802 -1.49996
      vertex 16.7768 21.4186 -1.49996
    endloop
  endfacet
  facet normal 0 0 -1
    outer loop
      vertex 12.125 10.9704 2.749
      vertex 13.8066 10.3574 2.749
      vertex 13.2232 10.4814 2.749
    endloop
  endfacet
  facet normal 0 0 -1
    outer loop
      vertex 11.1525 11.6769 2.749
      vertex 13.8066 10.3574 2.749
      vertex 12.125 10.9704 2.749
    endloop
  endfacet
  facet normal 0 0 -1
    outer loop
      vertex 10.3482 12.5702 2.749
      vertex 13.8066 10.3574 2.749
      vertex 11.1525 11.6769 2.749
    endloop
  endfacet
  facet normal 0 0 -1
    outer loop
      vertex 10.3482 12.5702 2.749
      vertex 10.2711 19.1962 2.749
      vertex 13.8066 10.3574 2.749
    endloop
  endfacet
  facet normal 0 0 -1
    outer loop
      vertex 9.74711 13.6113 2.749
      vertex 10.2711 19.1962 2.749
      vertex 10.3482 12.5702 2.749
    endloop
  endfacet
  facet normal 0 0 -1
    outer loop
      vertex 9.37565 14.7545 2.749
      vertex 10.2711 19.1962 2.749
      vertex 9.74711 13.6113 2.749
    endloop
  endfacet
  facet normal 0 0 -1
    outer loop
      vertex 9.37565 17.1455 2.749
      vertex 10.2711 19.1962 2.749
      vertex 9.37565 14.7545 2.749
    endloop
  endfacet
  facet normal 0 0 -1
    outer loop
      vertex 10.2711 19.1962 2.749
      vertex 9.37565 17.1455 2.749
      vertex 9.74711 18.2887 2.749
    endloop
  endfacet
  facet normal 0 -0 -1
    outer loop
      vertex 9.37565 17.1455 2.749
      vertex 9.37565 14.7545 2.749
      vertex 9.25 15.95 2.749
    endloop
  endfacet
  facet normal 0 0 -1
    outer loop
      vertex 20.6243 14.7545 2.749
      vertex 20.6243 17.1455 2.749
      vertex 20.75 15.95 2.749
    endloop
  endfacet
  facet normal 0 0 -1
    outer loop
      vertex 20.2529 13.6113 2.749
      vertex 20.6243 17.1455 2.749
      vertex 20.6243 14.7545 2.749
    endloop
  endfacet
  facet normal 0 0 -1
    outer loop
      vertex 20.2529 13.6113 2.749
      vertex 20.2529 18.2887 2.749
      vertex 20.6243 17.1455 2.749
    endloop
  endfacet
  facet normal 0 0 -1
    outer loop
      vertex 19.6518 12.5702 2.749
      vertex 20.2529 18.2887 2.749
      vertex 20.2529 13.6113 2.749
    endloop
  endfacet
  facet normal 0 0 -1
    outer loop
      vertex 19.6518 12.5702 2.749
      vertex 19.6518 19.3298 2.749
      vertex 20.2529 18.2887 2.749
    endloop
  endfacet
  facet normal 0 0 -1
    outer loop
      vertex 17.6945 10.89 2.749
      vertex 19.6518 12.5702 2.749
      vertex 18.8475 11.6769 2.749
    endloop
  endfacet
  facet normal -0 0 -1
    outer loop
      vertex 19.6518 12.5702 2.749
      vertex 17.6945 10.89 2.749
      vertex 19.6518 19.3298 2.749
    endloop
  endfacet
  facet normal 0 0 -1
    outer loop
      vertex 17.6945 10.89 2.749
      vertex 18.8475 11.6769 2.749
      vertex 17.875 10.9704 2.749
    endloop
  endfacet
  facet normal -0 0 -1
    outer loop
      vertex 19.6518 19.3298 2.749
      vertex 17.6945 10.89 2.749
      vertex 18.8475 20.2231 2.749
    endloop
  endfacet
  facet normal -0 0 -1
    outer loop
      vertex 18.8475 20.2231 2.749
      vertex 17.6945 10.89 2.749
      vertex 17.875 20.9296 2.749
    endloop
  endfacet
  facet normal 0 0 -1
    outer loop
      vertex 17.6945 10.89 2.749
      vertex 16.7768 21.4186 2.749
      vertex 17.875 20.9296 2.749
    endloop
  endfacet
  facet normal 0 0 -1
    outer loop
      vertex 17.6945 10.89 2.749
      vertex 15.601 21.6685 2.749
      vertex 16.7768 21.4186 2.749
    endloop
  endfacet
  facet normal 0 0 -1
    outer loop
      vertex 13.4627 21.4695 2.749
      vertex 15.601 21.6685 2.749
      vertex 17.6945 10.89 2.749
    endloop
  endfacet
  facet normal -0 0 -1
    outer loop
      vertex 15.601 21.6685 2.749
      vertex 13.4627 21.4695 2.749
      vertex 14.399 21.6685 2.749
    endloop
  endfacet
  facet normal -0.20798 0.978133 0
    outer loop
      vertex 16.7768 10.4814 -1.5
      vertex 16.2463 10.3686 2.4115
      vertex 16.7768 10.4814 2.47972
    endloop
  endfacet
  facet normal -0.207893 0.978152 1.23972e-05
    outer loop
      vertex 15.601 10.2315 -1.5
      vertex 16.2463 10.3686 2.4115
      vertex 16.7768 10.4814 -1.5
    endloop
  endfacet
  facet normal -0.207821 0.978167 0
    outer loop
      vertex 16.2463 10.3686 2.4115
      vertex 15.601 10.2315 -1.5
      vertex 15.601 10.2315 2.4115
    endloop
  endfacet
  facet normal 0.994522 0.104527 0
    outer loop
      vertex 9.37565 14.7545 2.749
      vertex 9.25 15.95 -1.5
      vertex 9.25 15.95 2.749
    endloop
  endfacet
  facet normal 0.994522 0.104527 0
    outer loop
      vertex 9.25 15.95 -1.5
      vertex 9.37565 14.7545 2.749
      vertex 9.37565 14.7545 -1.5
    endloop
  endfacet
  facet normal 0.951054 0.309026 0
    outer loop
      vertex 9.74711 13.6113 2.749
      vertex 9.37565 14.7545 -1.5
      vertex 9.37565 14.7545 2.749
    endloop
  endfacet
  facet normal 0.951054 0.309026 0
    outer loop
      vertex 9.37565 14.7545 -1.5
      vertex 9.74711 13.6113 2.749
      vertex 9.74711 13.6113 -1.5
    endloop
  endfacet
  facet normal -0.743294 -0.668965 0
    outer loop
      vertex 18.9267 20.1351 -1.49997
      vertex 18.8475 20.2231 2.749
      vertex 18.8475 20.2231 -1.49997
    endloop
  endfacet
  facet normal -0.742912 -0.669389 1.59091e-05
    outer loop
      vertex 18.9877 20.0674 -1.49997
      vertex 18.8475 20.2231 2.749
      vertex 18.9267 20.1351 -1.49997
    endloop
  endfacet
  facet normal -0.743129 -0.669149 -1.23092e-05
    outer loop
      vertex 19.6518 19.3298 2.749
      vertex 18.9877 20.0674 -1.49997
      vertex 19.6109 19.3753 -1.49997
    endloop
  endfacet
  facet normal -0.7437 -0.668513 -0
    outer loop
      vertex 19.6518 19.3298 2.749
      vertex 19.6109 19.3753 -1.49997
      vertex 19.6518 19.3298 -1.49997
    endloop
  endfacet
  facet normal -0.743158 -0.669116 -2.18311e-06
    outer loop
      vertex 18.9877 20.0674 -1.49997
      vertex 19.6518 19.3298 2.749
      vertex 18.8475 20.2231 2.749
    endloop
  endfacet
  facet normal -0.866018 0.500013 0
    outer loop
      vertex 19.6518 12.5702 -1.5
      vertex 20.2529 13.6113 2.749
      vertex 20.2529 13.6113 -1.5
    endloop
  endfacet
  facet normal -0.866018 0.500013 0
    outer loop
      vertex 20.2529 13.6113 2.749
      vertex 19.6518 12.5702 -1.5
      vertex 19.6518 12.5702 2.749
    endloop
  endfacet
  facet normal -0.587672 -0.8091 0
    outer loop
      vertex 18.0482 20.8038 -1.49997
      vertex 17.875 20.9296 2.749
      vertex 17.875 20.9296 -1.49997
    endloop
  endfacet
  facet normal -0.587836 -0.80898 -1.025e-05
    outer loop
      vertex 18.1199 20.7517 -1.49997
      vertex 17.875 20.9296 2.749
      vertex 18.0482 20.8038 -1.49997
    endloop
  endfacet
  facet normal -0.587541 -0.809194 1.57498e-05
    outer loop
      vertex 18.1962 20.6963 -1.49997
      vertex 17.875 20.9296 2.749
      vertex 18.1199 20.7517 -1.49997
    endloop
  endfacet
  facet normal -0.587751 -0.809042 -8.5268e-06
    outer loop
      vertex 17.875 20.9296 2.749
      vertex 18.1962 20.6963 -1.49997
      vertex 18.8475 20.2231 2.749
    endloop
  endfacet
  facet normal -0.587788 -0.809015 -0
    outer loop
      vertex 18.8475 20.2231 2.749
      vertex 18.1962 20.6963 -1.49997
      vertex 18.8475 20.2231 -1.49997
    endloop
  endfacet
  facet normal -0.587751 0.809042 0
    outer loop
      vertex 18.8475 11.6769 -1.5
      vertex 17.875 10.9704 2.749
      vertex 18.8475 11.6769 2.749
    endloop
  endfacet
  facet normal -0.587751 0.809042 0
    outer loop
      vertex 17.875 10.9704 2.749
      vertex 18.8475 11.6769 -1.5
      vertex 17.875 10.9704 -1.5
    endloop
  endfacet
  facet normal -0.406699 -0.913562 0
    outer loop
      vertex 17.2456 21.2099 -1.49997
      vertex 16.7768 21.4186 2.749
      vertex 16.7768 21.4186 -1.49996
    endloop
  endfacet
  facet normal -0.406771 -0.91353 -9.56558e-06
    outer loop
      vertex 16.7768 21.4186 2.749
      vertex 17.2456 21.2099 -1.49997
      vertex 17.875 20.9296 2.749
    endloop
  endfacet
  facet normal -0.406825 -0.913506 -0
    outer loop
      vertex 17.875 20.9296 2.749
      vertex 17.2456 21.2099 -1.49997
      vertex 17.875 20.9296 -1.49997
    endloop
  endfacet
  facet normal 0.207903 0.978149 -0.000146721
    outer loop
      vertex 13.9891 10.3186 2.68135
      vertex 13.2232 10.4814 2.749
      vertex 13.8066 10.3574 2.749
    endloop
  endfacet
  facet normal 0.207853 0.97816 1.19611e-05
    outer loop
      vertex 13.2232 10.4814 -1.5
      vertex 13.9891 10.3186 2.68135
      vertex 14.399 10.2315 2.58827
    endloop
  endfacet
  facet normal 0.207893 0.978152 0
    outer loop
      vertex 13.2232 10.4814 -1.5
      vertex 14.399 10.2315 2.58827
      vertex 14.399 10.2315 -1.5
    endloop
  endfacet
  facet normal 0.207915 0.978147 0
    outer loop
      vertex 13.9891 10.3186 2.68135
      vertex 13.2232 10.4814 -1.5
      vertex 13.2232 10.4814 2.749
    endloop
  endfacet
  facet normal 0.406712 -0.913556 0
    outer loop
      vertex 12.6913 21.1818 2.50278
      vertex 13.2232 21.4186 -1.49997
      vertex 13.2232 21.4186 2.6583
    endloop
  endfacet
  facet normal 0.406825 -0.913506 1.79393e-05
    outer loop
      vertex 12.125 20.9296 2.42372
      vertex 13.2232 21.4186 -1.49997
      vertex 12.6913 21.1818 2.50278
    endloop
  endfacet
  facet normal 0.406771 -0.91353 0
    outer loop
      vertex 13.2232 21.4186 -1.49997
      vertex 12.125 20.9296 2.42372
      vertex 12.125 20.9296 -1.5
    endloop
  endfacet
  facet normal 0.866007 -0.500032 -0.0006646
    outer loop
      vertex 9.74711 18.2887 2.749
      vertex 10.3482 19.3298 2.69614
      vertex 10.2711 19.1962 2.749
    endloop
  endfacet
  facet normal 0.866022 -0.500007 0
    outer loop
      vertex 10.3482 19.3298 2.69614
      vertex 9.74711 18.2887 2.749
      vertex 9.74711 18.2887 -1.5
    endloop
  endfacet
  facet normal 0.866022 -0.500007 0
    outer loop
      vertex 10.3482 19.3298 2.69614
      vertex 9.74711 18.2887 -1.5
      vertex 10.3482 19.3298 -1.5
    endloop
  endfacet
  facet normal 0.743158 0.669116 0
    outer loop
      vertex 11.1525 11.6769 2.749
      vertex 10.3482 12.5702 -1.5
      vertex 10.3482 12.5702 2.749
    endloop
  endfacet
  facet normal 0.743158 0.669116 0
    outer loop
      vertex 10.3482 12.5702 -1.5
      vertex 11.1525 11.6769 2.749
      vertex 11.1525 11.6769 -1.5
    endloop
  endfacet
  facet normal 0.587751 0.809042 -0
    outer loop
      vertex 12.125 10.9704 -1.5
      vertex 11.1525 11.6769 2.749
      vertex 12.125 10.9704 2.749
    endloop
  endfacet
  facet normal 0.587751 0.809042 0
    outer loop
      vertex 11.1525 11.6769 2.749
      vertex 12.125 10.9704 -1.5
      vertex 11.1525 11.6769 -1.5
    endloop
  endfacet
  facet normal 0.994522 -0.104527 0
    outer loop
      vertex 9.25 15.95 2.749
      vertex 9.37565 17.1455 -1.5
      vertex 9.37565 17.1455 2.749
    endloop
  endfacet
  facet normal 0.994522 -0.104527 0
    outer loop
      vertex 9.37565 17.1455 -1.5
      vertex 9.25 15.95 2.749
      vertex 9.25 15.95 -1.5
    endloop
  endfacet
  facet normal 0.866022 0.500007 0
    outer loop
      vertex 10.3482 12.5702 2.749
      vertex 9.74711 13.6113 -1.5
      vertex 9.74711 13.6113 2.749
    endloop
  endfacet
  facet normal 0.866022 0.500007 0
    outer loop
      vertex 9.74711 13.6113 -1.5
      vertex 10.3482 12.5702 2.749
      vertex 10.3482 12.5702 -1.5
    endloop
  endfacet
  facet normal -0.950842 -0.309678 0
    outer loop
      vertex 19.5677 -13.9163 -1.5
      vertex 19.5748 -13.9381 0.0317778
      vertex 19.5677 -13.9163 0.0388664
    endloop
  endfacet
  facet normal -0.951094 -0.308901 1.22247e-05
    outer loop
      vertex 19.5677 -13.9163 -1.5
      vertex 19.6761 -14.25 -0.001
      vertex 19.5748 -13.9381 0.0317778
    endloop
  endfacet
  facet normal -0.951057 -0.309015 -1.57387e-05
    outer loop
      vertex 19.8907 -14.9104 -1.5
      vertex 19.6761 -14.25 -0.001
      vertex 19.5677 -13.9163 -1.5
    endloop
  endfacet
  facet normal -0.951007 -0.30917 5.99161e-05
    outer loop
      vertex 19.6761 -14.25 -0.001
      vertex 19.8907 -14.9104 -1.5
      vertex 19.7775 -14.5619 0.0317778
    endloop
  endfacet
  facet normal -0.951051 -0.309035 2.59987e-05
    outer loop
      vertex 19.7775 -14.5619 0.0317778
      vertex 19.8907 -14.9104 -1.5
      vertex 19.8744 -14.8601 0.128682
    endloop
  endfacet
  facet normal -0.951298 -0.308273 0
    outer loop
      vertex 19.8744 -14.8601 0.128682
      vertex 19.8907 -14.9104 -1.5
      vertex 19.8907 -14.9104 0.157744
    endloop
  endfacet
  facet normal -0.994519 -0.10456 0
    outer loop
      vertex 20 -15.95 -1.5
      vertex 19.8907 -14.9104 0.157744
      vertex 19.8907 -14.9104 -1.5
    endloop
  endfacet
  facet normal -0.994507 -0.104669 6.88486e-05
    outer loop
      vertex 19.8907 -14.9104 0.157744
      vertex 20 -15.95 -1.5
      vertex 19.914 -15.1317 0.285474
    endloop
  endfacet
  facet normal -0.994519 -0.104558 1.75139e-05
    outer loop
      vertex 19.914 -15.1317 0.285474
      vertex 20 -15.95 -1.5
      vertex 19.9385 -15.3647 0.495304
    endloop
  endfacet
  facet normal -0.994511 -0.104631 3.92431e-05
    outer loop
      vertex 19.9385 -15.3647 0.495304
      vertex 20 -15.95 -1.5
      vertex 19.9579 -15.549 0.749
    endloop
  endfacet
  facet normal -0.994513 -0.10461 -0
    outer loop
      vertex 20 -15.95 2.749
      vertex 19.9781 -15.7418 1.34221
      vertex 20 -15.95 -1.5
    endloop
  endfacet
  facet normal -0.994582 -0.103957 -4.83769e-05
    outer loop
      vertex 19.9713 -15.6766 1.03547
      vertex 20 -15.95 -1.5
      vertex 19.9781 -15.7418 1.34221
    endloop
  endfacet
  facet normal -0.994532 -0.104433 3.56386e-06
    outer loop
      vertex 19.9579 -15.549 0.749
      vertex 20 -15.95 -1.5
      vertex 19.9713 -15.6766 1.03547
    endloop
  endfacet
  facet normal -0.994527 -0.104473 0.00106451
    outer loop
      vertex 19.914 -15.1317 2.71252
      vertex 20 -15.95 2.749
      vertex 19.9074 -15.0685 2.749
    endloop
  endfacet
  facet normal -0.994522 -0.104523 -5.7123e-05
    outer loop
      vertex 19.9385 -15.3647 2.5027
      vertex 20 -15.95 2.749
      vertex 19.914 -15.1317 2.71252
    endloop
  endfacet
  facet normal -0.99452 -0.104543 -0.000104487
    outer loop
      vertex 19.9579 -15.549 2.249
      vertex 20 -15.95 2.749
      vertex 19.9385 -15.3647 2.5027
    endloop
  endfacet
  facet normal -0.994533 -0.104424 -8.01511e-06
    outer loop
      vertex 19.9713 -15.6766 1.96252
      vertex 20 -15.95 2.749
      vertex 19.9579 -15.549 2.249
    endloop
  endfacet
  facet normal -0.994562 -0.104147 8.91981e-05
    outer loop
      vertex 19.9781 -15.7418 1.65579
      vertex 20 -15.95 2.749
      vertex 19.9713 -15.6766 1.96252
    endloop
  endfacet
  facet normal -0.994513 -0.10461 0
    outer loop
      vertex 19.9781 -15.7418 1.34221
      vertex 20 -15.95 2.749
      vertex 19.9781 -15.7418 1.65579
    endloop
  endfacet
  facet normal -0.86603 -0.499993 0
    outer loop
      vertex 19.0451 -13.0111 -1.5
      vertex 19.2 -13.2794 0.365545
      vertex 19.0451 -13.0111 2.749
    endloop
  endfacet
  facet normal -0.866125 -0.499828 3.15324e-05
    outer loop
      vertex 19.0451 -13.0111 -1.5
      vertex 19.2513 -13.3683 0.285474
      vertex 19.2 -13.2794 0.365545
    endloop
  endfacet
  facet normal -0.866039 -0.499977 -8.06897e-06
    outer loop
      vertex 19.0451 -13.0111 -1.5
      vertex 19.4081 -13.6399 0.128682
      vertex 19.2513 -13.3683 0.285474
    endloop
  endfacet
  facet normal -0.866033 -0.499987 -1.36753e-05
    outer loop
      vertex 19.5677 -13.9163 -1.5
      vertex 19.4081 -13.6399 0.128682
      vertex 19.0451 -13.0111 -1.5
    endloop
  endfacet
  facet normal -0.865998 -0.500048 0
    outer loop
      vertex 19.4081 -13.6399 0.128682
      vertex 19.5677 -13.9163 -1.5
      vertex 19.5677 -13.9163 0.0388664
    endloop
  endfacet
  facet normal -0.86603 -0.499993 -0
    outer loop
      vertex 19.2 -13.2794 2.63245
      vertex 19.0451 -13.0111 2.749
      vertex 19.2 -13.2794 0.365545
    endloop
  endfacet
  facet normal -0.866065 -0.499932 -0.000185484
    outer loop
      vertex 19.2513 -13.3683 2.71252
      vertex 19.0451 -13.0111 2.749
      vertex 19.2 -13.2794 2.63245
    endloop
  endfacet
  facet normal -0.866041 -0.499972 0.000336564
    outer loop
      vertex 19.0451 -13.0111 2.749
      vertex 19.2513 -13.3683 2.71252
      vertex 19.2878 -13.4315 2.749
    endloop
  endfacet
  facet normal 0.743161 -0.669113 0
    outer loop
      vertex 10.9549 -13.0111 2.749
      vertex 11.6543 -12.2343 -1.5
      vertex 11.6543 -12.2343 2.749
    endloop
  endfacet
  facet normal 0.743161 -0.669113 0
    outer loop
      vertex 11.6543 -12.2343 -1.5
      vertex 10.9549 -13.0111 2.749
      vertex 10.9549 -13.0111 -1.5
    endloop
  endfacet
  facet normal 0 -1 0
    outer loop
      vertex 14.4774 -10.9774 -1.5
      vertex 15.2153 -10.9774 2.4115
      vertex 14.4774 -10.9774 2.49895
    endloop
  endfacet
  facet normal 0 -1 0
    outer loop
      vertex 15.5226 -10.9774 -1.5
      vertex 15.2153 -10.9774 2.4115
      vertex 14.4774 -10.9774 -1.5
    endloop
  endfacet
  facet normal 0 -1 0
    outer loop
      vertex 15.2153 -10.9774 2.4115
      vertex 15.5226 -10.9774 -1.5
      vertex 15.5226 -10.9774 2.4115
    endloop
  endfacet
  facet normal 0.587762 -0.809034 0
    outer loop
      vertex 11.6543 -12.2343 -1.5
      vertex 12.5 -11.6199 2.749
      vertex 11.6543 -12.2343 2.749
    endloop
  endfacet
  facet normal 0.587762 -0.809034 0
    outer loop
      vertex 12.5 -11.6199 2.749
      vertex 11.6543 -12.2343 -1.5
      vertex 12.5 -11.6199 -1.5
    endloop
  endfacet
  facet normal 0.406777 -0.913527 0
    outer loop
      vertex 12.5 -11.6199 -1.5
      vertex 13.4549 -11.1947 2.749
      vertex 12.5 -11.6199 2.749
    endloop
  endfacet
  facet normal 0.406777 -0.913527 0
    outer loop
      vertex 13.4549 -11.1947 2.749
      vertex 12.5 -11.6199 -1.5
      vertex 13.4549 -11.1947 -1.5
    endloop
  endfacet
  facet normal -0.207876 0.978155 0
    outer loop
      vertex 16.5451 -20.7053 -1.5
      vertex 15.5226 -20.9226 2.749
      vertex 16.5451 -20.7053 2.749
    endloop
  endfacet
  facet normal -0.207876 0.978155 0
    outer loop
      vertex 15.5226 -20.9226 2.749
      vertex 16.5451 -20.7053 -1.5
      vertex 15.5226 -20.9226 -1.5
    endloop
  endfacet
  facet normal -0.407059 -0.913401 0.000660418
    outer loop
      vertex 17.2755 -11.5199 2.68135
      vertex 17.5 -11.6199 2.749
      vertex 17.4172 -11.583 2.749
    endloop
  endfacet
  facet normal -0.406776 -0.913528 0
    outer loop
      vertex 16.5451 -11.1947 -1.5
      vertex 16.6648 -11.248 2.50278
      vertex 16.5451 -11.1947 2.48607
    endloop
  endfacet
  facet normal -0.406777 -0.913527 6.45306e-08
    outer loop
      vertex 17.5 -11.6199 -1.5
      vertex 16.6648 -11.248 2.50278
      vertex 16.5451 -11.1947 -1.5
    endloop
  endfacet
  facet normal -0.406738 -0.913545 1.00208e-05
    outer loop
      vertex 16.6648 -11.248 2.50278
      vertex 17.5 -11.6199 -1.5
      vertex 17.2755 -11.5199 2.68135
    endloop
  endfacet
  facet normal -0.406893 -0.913476 0
    outer loop
      vertex 17.2755 -11.5199 2.68135
      vertex 17.5 -11.6199 -1.5
      vertex 17.5 -11.6199 2.749
    endloop
  endfacet
  facet normal -0.743161 -0.669113 0
    outer loop
      vertex 19.0451 -13.0111 -1.5
      vertex 18.3457 -12.2343 2.749
      vertex 18.3457 -12.2343 -1.5
    endloop
  endfacet
  facet normal -0.743161 -0.669113 0
    outer loop
      vertex 18.3457 -12.2343 2.749
      vertex 19.0451 -13.0111 -1.5
      vertex 19.0451 -13.0111 2.749
    endloop
  endfacet
  facet normal -0.743161 0.669113 0
    outer loop
      vertex 18.3457 -19.6657 -1.5
      vertex 19.0451 -18.8889 2.749
      vertex 19.0451 -18.8889 -1.5
    endloop
  endfacet
  facet normal -0.743161 0.669113 0
    outer loop
      vertex 19.0451 -18.8889 2.749
      vertex 18.3457 -19.6657 -1.5
      vertex 18.3457 -19.6657 2.749
    endloop
  endfacet
  facet normal 0.207871 0.978156 -0.00039183
    outer loop
      vertex 14.4774 -20.9226 2.749
      vertex 13.5898 -20.734 2.68135
      vertex 13.7438 -20.7667 2.749
    endloop
  endfacet
  facet normal 0.207843 0.978162 -0
    outer loop
      vertex 14.4774 -20.9226 -1.5
      vertex 13.5898 -20.734 2.68135
      vertex 14.4774 -20.9226 2.749
    endloop
  endfacet
  facet normal 0.208079 0.978112 5.24551e-05
    outer loop
      vertex 13.5898 -20.734 2.68135
      vertex 14.4774 -20.9226 -1.5
      vertex 13.4549 -20.7053 2.64501
    endloop
  endfacet
  facet normal 0.207876 0.978155 0
    outer loop
      vertex 13.4549 -20.7053 2.64501
      vertex 14.4774 -20.9226 -1.5
      vertex 13.4549 -20.7053 -1.5
    endloop
  endfacet
  facet normal 0 1 -0
    outer loop
      vertex 15.5226 -20.9226 -1.5
      vertex 14.4774 -20.9226 2.749
      vertex 15.5226 -20.9226 2.749
    endloop
  endfacet
  facet normal 0 1 0
    outer loop
      vertex 14.4774 -20.9226 2.749
      vertex 15.5226 -20.9226 -1.5
      vertex 14.4774 -20.9226 -1.5
    endloop
  endfacet
  facet normal 0.743102 0.669178 0
    outer loop
      vertex 11.1803 -19.1392 2.50278
      vertex 10.9549 -18.8889 -1.5
      vertex 10.9549 -18.8889 2.58357
    endloop
  endfacet
  facet normal 0.743188 0.669083 -1.07928e-05
    outer loop
      vertex 11.6543 -19.6657 2.42165
      vertex 10.9549 -18.8889 -1.5
      vertex 11.1803 -19.1392 2.50278
    endloop
  endfacet
  facet normal 0.743161 0.669113 0
    outer loop
      vertex 10.9549 -18.8889 -1.5
      vertex 11.6543 -19.6657 2.42165
      vertex 11.6543 -19.6657 -1.5
    endloop
  endfacet
  facet normal -0.994519 0.10456 0
    outer loop
      vertex 19.8907 -16.9896 -1.5
      vertex 20 -15.95 2.749
      vertex 20 -15.95 -1.5
    endloop
  endfacet
  facet normal -0.994519 0.10456 0
    outer loop
      vertex 20 -15.95 2.749
      vertex 19.8907 -16.9896 -1.5
      vertex 19.8907 -16.9896 2.749
    endloop
  endfacet
  facet normal -0.587762 0.809034 0
    outer loop
      vertex 18.3457 -19.6657 -1.5
      vertex 17.5 -20.2801 2.749
      vertex 18.3457 -19.6657 2.749
    endloop
  endfacet
  facet normal -0.587762 0.809034 0
    outer loop
      vertex 17.5 -20.2801 2.749
      vertex 18.3457 -19.6657 -1.5
      vertex 17.5 -20.2801 -1.5
    endloop
  endfacet
  facet normal -0.866033 0.499987 0
    outer loop
      vertex 19.0451 -18.8889 -1.5
      vertex 19.5677 -17.9837 2.749
      vertex 19.5677 -17.9837 -1.5
    endloop
  endfacet
  facet normal -0.866033 0.499987 0
    outer loop
      vertex 19.5677 -17.9837 2.749
      vertex 19.0451 -18.8889 -1.5
      vertex 19.0451 -18.8889 2.749
    endloop
  endfacet
  facet normal 0.866033 -0.499987 0
    outer loop
      vertex 10.4323 -13.9163 2.749
      vertex 10.9549 -13.0111 -1.5
      vertex 10.9549 -13.0111 2.749
    endloop
  endfacet
  facet normal 0.866033 -0.499987 0
    outer loop
      vertex 10.9549 -13.0111 -1.5
      vertex 10.4323 -13.9163 2.749
      vertex 10.4323 -13.9163 -1.5
    endloop
  endfacet
  facet normal 0.587762 0.809034 4.87921e-06
    outer loop
      vertex 11.6543 -19.6657 -1.5
      vertex 12.3308 -20.1572 2.4115
      vertex 12.5 -20.2801 -1.5
    endloop
  endfacet
  facet normal 0.587688 0.809087 -0
    outer loop
      vertex 12.5 -20.2801 -1.5
      vertex 12.3308 -20.1572 2.4115
      vertex 12.5 -20.2801 2.43737
    endloop
  endfacet
  facet normal 0.587817 0.808994 -9.59373e-06
    outer loop
      vertex 12.3308 -20.1572 2.4115
      vertex 11.6543 -19.6657 -1.5
      vertex 11.7207 -19.7139 2.4115
    endloop
  endfacet
  facet normal 0.587447 0.809263 0
    outer loop
      vertex 11.7207 -19.7139 2.4115
      vertex 11.6543 -19.6657 -1.5
      vertex 11.6543 -19.6657 2.42165
    endloop
  endfacet
  facet normal 0.406801 0.913517 -0
    outer loop
      vertex 13.4549 -20.7053 -1.5
      vertex 12.9685 -20.4887 2.50278
      vertex 13.4549 -20.7053 2.64501
    endloop
  endfacet
  facet normal 0.406754 0.913538 -6.73495e-06
    outer loop
      vertex 13.4549 -20.7053 -1.5
      vertex 12.5 -20.2801 2.43737
      vertex 12.9685 -20.4887 2.50278
    endloop
  endfacet
  facet normal 0.406777 0.913527 0
    outer loop
      vertex 12.5 -20.2801 2.43737
      vertex 13.4549 -20.7053 -1.5
      vertex 12.5 -20.2801 -1.5
    endloop
  endfacet
  facet normal -0.406777 0.913527 0
    outer loop
      vertex 17.5 -20.2801 -1.5
      vertex 16.5451 -20.7053 2.749
      vertex 17.5 -20.2801 2.749
    endloop
  endfacet
  facet normal -0.406777 0.913527 0
    outer loop
      vertex 16.5451 -20.7053 2.749
      vertex 17.5 -20.2801 -1.5
      vertex 16.5451 -20.7053 -1.5
    endloop
  endfacet
  facet normal -0.951057 0.309015 0
    outer loop
      vertex 19.5677 -17.9837 -1.5
      vertex 19.8907 -16.9896 2.749
      vertex 19.8907 -16.9896 -1.5
    endloop
  endfacet
  facet normal -0.951057 0.309015 0
    outer loop
      vertex 19.8907 -16.9896 2.749
      vertex 19.5677 -17.9837 -1.5
      vertex 19.5677 -17.9837 2.749
    endloop
  endfacet
  facet normal -0.207959 -0.978138 -0
    outer loop
      vertex 15.5226 -10.9774 2.4115
      vertex 15.5226 -10.9774 -1.5
      vertex 15.9652 -11.0715 2.4115
    endloop
  endfacet
  facet normal -0.207876 -0.978155 -9.84879e-06
    outer loop
      vertex 16.5451 -11.1947 -1.5
      vertex 15.9652 -11.0715 2.4115
      vertex 15.5226 -10.9774 -1.5
    endloop
  endfacet
  facet normal -0.207812 -0.978169 0
    outer loop
      vertex 15.9652 -11.0715 2.4115
      vertex 16.5451 -11.1947 -1.5
      vertex 16.5451 -11.1947 2.48607
    endloop
  endfacet
  facet normal 0 0 -1
    outer loop
      vertex 13.4732 -11.1908 2.749
      vertex 12.5 -11.6199 2.749
      vertex 13.4549 -11.1947 2.749
    endloop
  endfacet
  facet normal 0 0 -1
    outer loop
      vertex 13.4732 -11.1908 2.749
      vertex 11.6543 -12.2343 2.749
      vertex 12.5 -11.6199 2.749
    endloop
  endfacet
  facet normal 0 0 -1
    outer loop
      vertex 13.4732 -11.1908 2.749
      vertex 10.9549 -13.0111 2.749
      vertex 11.6543 -12.2343 2.749
    endloop
  endfacet
  facet normal 0 0 -1
    outer loop
      vertex 10.6236 -18.315 2.749
      vertex 10.9549 -13.0111 2.749
      vertex 13.4732 -11.1908 2.749
    endloop
  endfacet
  facet normal 0 0 -1
    outer loop
      vertex 10.1093 -16.9896 2.749
      vertex 10.6236 -18.315 2.749
      vertex 10.4323 -17.9837 2.749
    endloop
  endfacet
  facet normal 0 0 -1
    outer loop
      vertex 10.6236 -18.315 2.749
      vertex 10.4323 -13.9163 2.749
      vertex 10.9549 -13.0111 2.749
    endloop
  endfacet
  facet normal 0 0 -1
    outer loop
      vertex 10 -15.95 2.749
      vertex 10.6236 -18.315 2.749
      vertex 10.1093 -16.9896 2.749
    endloop
  endfacet
  facet normal 0 0 -1
    outer loop
      vertex 10.6236 -18.315 2.749
      vertex 10.1093 -14.9104 2.749
      vertex 10.4323 -13.9163 2.749
    endloop
  endfacet
  facet normal 0 0 -1
    outer loop
      vertex 10.6236 -18.315 2.749
      vertex 10 -15.95 2.749
      vertex 10.1093 -14.9104 2.749
    endloop
  endfacet
  facet normal 0 0 -1
    outer loop
      vertex 19.2 -15.0685 2.749
      vertex 20 -15.95 2.749
      vertex 19.8907 -16.9896 2.749
    endloop
  endfacet
  facet normal 0 0 -1
    outer loop
      vertex 19.2 -15.0685 2.749
      vertex 19.8907 -16.9896 2.749
      vertex 19.5677 -17.9837 2.749
    endloop
  endfacet
  facet normal 0 0 -1
    outer loop
      vertex 20 -15.95 2.749
      vertex 19.2 -15.0685 2.749
      vertex 19.9074 -15.0685 2.749
    endloop
  endfacet
  facet normal 0 0 -1
    outer loop
      vertex 18.3457 -19.6657 2.749
      vertex 19.2 -15.0685 2.749
      vertex 19.0451 -18.8889 2.749
    endloop
  endfacet
  facet normal 0 0 -1
    outer loop
      vertex 19.0451 -18.8889 2.749
      vertex 19.2 -15.0685 2.749
      vertex 19.5677 -17.9837 2.749
    endloop
  endfacet
  facet normal 0 0 -1
    outer loop
      vertex 19.2 -13.4315 2.749
      vertex 19.0451 -13.0111 2.749
      vertex 19.2878 -13.4315 2.749
    endloop
  endfacet
  facet normal 0 0 -1
    outer loop
      vertex 17.5 -20.2801 2.749
      vertex 19.2 -15.0685 2.749
      vertex 18.3457 -19.6657 2.749
    endloop
  endfacet
  facet normal 0 0 -1
    outer loop
      vertex 16.5451 -20.7053 2.749
      vertex 19.2 -15.0685 2.749
      vertex 17.5 -20.2801 2.749
    endloop
  endfacet
  facet normal 0 0 -1
    outer loop
      vertex 19.2 -13.4315 2.749
      vertex 18.3457 -12.2343 2.749
      vertex 19.0451 -13.0111 2.749
    endloop
  endfacet
  facet normal 0 0 -1
    outer loop
      vertex 15.5226 -20.9226 2.749
      vertex 19.2 -15.0685 2.749
      vertex 16.5451 -20.7053 2.749
    endloop
  endfacet
  facet normal 0 0 -1
    outer loop
      vertex 19.2 -15.0685 2.749
      vertex 18.3457 -12.2343 2.749
      vertex 19.2 -13.4315 2.749
    endloop
  endfacet
  facet normal 0 0 -1
    outer loop
      vertex 18.3457 -12.2343 2.749
      vertex 17.4172 -11.583 2.749
      vertex 17.5 -11.6199 2.749
    endloop
  endfacet
  facet normal 0 -0 -1
    outer loop
      vertex 17.4172 -11.583 2.749
      vertex 19.2 -15.0685 2.749
      vertex 13.7438 -20.7667 2.749
    endloop
  endfacet
  facet normal 0 0 -1
    outer loop
      vertex 19.2 -15.0685 2.749
      vertex 15.5226 -20.9226 2.749
      vertex 13.7438 -20.7667 2.749
    endloop
  endfacet
  facet normal 0 0 -1
    outer loop
      vertex 13.7438 -20.7667 2.749
      vertex 15.5226 -20.9226 2.749
      vertex 14.4774 -20.9226 2.749
    endloop
  endfacet
  facet normal -0 -0 -1
    outer loop
      vertex 18.3457 -12.2343 2.749
      vertex 19.2 -15.0685 2.749
      vertex 17.4172 -11.583 2.749
    endloop
  endfacet
  facet normal -0.587762 -0.809034 0
    outer loop
      vertex 17.5 -11.6199 -1.5
      vertex 18.3457 -12.2343 2.749
      vertex 17.5 -11.6199 2.749
    endloop
  endfacet
  facet normal -0.587762 -0.809034 -0
    outer loop
      vertex 18.3457 -12.2343 2.749
      vertex 17.5 -11.6199 -1.5
      vertex 18.3457 -12.2343 -1.5
    endloop
  endfacet
  facet normal 0.994519 -0.10456 0
    outer loop
      vertex 10 -15.95 2.749
      vertex 10.1093 -14.9104 -1.5
      vertex 10.1093 -14.9104 2.749
    endloop
  endfacet
  facet normal 0.994519 -0.10456 0
    outer loop
      vertex 10.1093 -14.9104 -1.5
      vertex 10 -15.95 2.749
      vertex 10 -15.95 -1.5
    endloop
  endfacet
  facet normal 0.951057 -0.309015 0
    outer loop
      vertex 10.1093 -14.9104 2.749
      vertex 10.4323 -13.9163 -1.5
      vertex 10.4323 -13.9163 2.749
    endloop
  endfacet
  facet normal 0.951057 -0.309015 0
    outer loop
      vertex 10.4323 -13.9163 -1.5
      vertex 10.1093 -14.9104 2.749
      vertex 10.1093 -14.9104 -1.5
    endloop
  endfacet
  facet normal 0.208434 -0.978035 0.00165903
    outer loop
      vertex 13.4549 -11.1947 2.749
      vertex 13.6558 -11.152 2.68135
      vertex 13.4732 -11.1908 2.749
    endloop
  endfacet
  facet normal 0.2079 -0.97815 0
    outer loop
      vertex 13.4549 -11.1947 -1.5
      vertex 13.6558 -11.152 2.68135
      vertex 13.4549 -11.1947 2.749
    endloop
  endfacet
  facet normal 0.207897 -0.978151 1.03017e-07
    outer loop
      vertex 13.4549 -11.1947 -1.5
      vertex 14.442 -10.9849 2.50278
      vertex 13.6558 -11.152 2.68135
    endloop
  endfacet
  facet normal 0.207876 -0.978155 5.65693e-06
    outer loop
      vertex 14.4774 -10.9774 -1.5
      vertex 14.442 -10.9849 2.50278
      vertex 13.4549 -11.1947 -1.5
    endloop
  endfacet
  facet normal 0.207264 -0.978285 0
    outer loop
      vertex 14.442 -10.9849 2.50278
      vertex 14.4774 -10.9774 -1.5
      vertex 14.4774 -10.9774 2.49895
    endloop
  endfacet
  facet normal 0.951057 0.309015 0
    outer loop
      vertex 10.4323 -17.9837 2.749
      vertex 10.1093 -16.9896 -1.5
      vertex 10.1093 -16.9896 2.749
    endloop
  endfacet
  facet normal 0.951057 0.309015 0
    outer loop
      vertex 10.1093 -16.9896 -1.5
      vertex 10.4323 -17.9837 2.749
      vertex 10.4323 -17.9837 -1.5
    endloop
  endfacet
  facet normal 0.865998 0.500046 -0.00104287
    outer loop
      vertex 10.7222 -18.4859 2.68135
      vertex 10.4323 -17.9837 2.749
      vertex 10.6236 -18.315 2.749
    endloop
  endfacet
  facet normal 0.866059 0.499941 0
    outer loop
      vertex 10.4323 -17.9837 2.749
      vertex 10.7222 -18.4859 2.68135
      vertex 10.4323 -17.9837 -1.5
    endloop
  endfacet
  facet normal 0.866001 0.500042 1.60997e-05
    outer loop
      vertex 10.9549 -18.8889 2.58357
      vertex 10.4323 -17.9837 -1.5
      vertex 10.7222 -18.4859 2.68135
    endloop
  endfacet
  facet normal 0.866033 0.499987 0
    outer loop
      vertex 10.4323 -17.9837 -1.5
      vertex 10.9549 -18.8889 2.58357
      vertex 10.9549 -18.8889 -1.5
    endloop
  endfacet
  facet normal 0.994519 0.10456 0
    outer loop
      vertex 10.1093 -16.9896 2.749
      vertex 10 -15.95 -1.5
      vertex 10 -15.95 2.749
    endloop
  endfacet
  facet normal 0.994519 0.10456 0
    outer loop
      vertex 10 -15.95 -1.5
      vertex 10.1093 -16.9896 2.749
      vertex 10.1093 -16.9896 -1.5
    endloop
  endfacet
  facet normal -0.951057 -0.309015 0
    outer loop
      vertex -10.1093 -14.9104 -1.5
      vertex -10.4323 -13.9163 2.749
      vertex -10.4323 -13.9163 -1.5
    endloop
  endfacet
  facet normal -0.951057 -0.309015 0
    outer loop
      vertex -10.4323 -13.9163 2.749
      vertex -10.1093 -14.9104 -1.5
      vertex -10.1093 -14.9104 2.749
    endloop
  endfacet
  facet normal -0.994519 -0.10456 0
    outer loop
      vertex -10 -15.95 -1.5
      vertex -10.1093 -14.9104 2.749
      vertex -10.1093 -14.9104 -1.5
    endloop
  endfacet
  facet normal -0.994519 -0.10456 0
    outer loop
      vertex -10.1093 -14.9104 2.749
      vertex -10 -15.95 -1.5
      vertex -10 -15.95 2.749
    endloop
  endfacet
  facet normal -0.866033 -0.499987 0
    outer loop
      vertex -10.4323 -13.9163 -1.5
      vertex -10.9549 -13.0111 2.749
      vertex -10.9549 -13.0111 -1.5
    endloop
  endfacet
  facet normal -0.866033 -0.499987 0
    outer loop
      vertex -10.9549 -13.0111 2.749
      vertex -10.4323 -13.9163 -1.5
      vertex -10.4323 -13.9163 2.749
    endloop
  endfacet
  facet normal 0.743161 -0.669113 0
    outer loop
      vertex -19.0451 -13.0111 2.749
      vertex -18.3457 -12.2343 -1.5
      vertex -18.3457 -12.2343 2.749
    endloop
  endfacet
  facet normal 0.743161 -0.669113 0
    outer loop
      vertex -18.3457 -12.2343 -1.5
      vertex -19.0451 -13.0111 2.749
      vertex -19.0451 -13.0111 -1.5
    endloop
  endfacet
  facet normal -0.406777 -0.913527 0
    outer loop
      vertex -13.4549 -11.1947 -1.5
      vertex -12.5 -11.6199 2.749
      vertex -13.4549 -11.1947 2.749
    endloop
  endfacet
  facet normal -0.406777 -0.913527 -0
    outer loop
      vertex -12.5 -11.6199 2.749
      vertex -13.4549 -11.1947 -1.5
      vertex -12.5 -11.6199 -1.5
    endloop
  endfacet
  facet normal -0.406777 0.913527 0
    outer loop
      vertex -12.5 -20.2801 -1.5
      vertex -13.4549 -20.7053 2.749
      vertex -12.5 -20.2801 2.749
    endloop
  endfacet
  facet normal -0.406777 0.913527 0
    outer loop
      vertex -13.4549 -20.7053 2.749
      vertex -12.5 -20.2801 -1.5
      vertex -13.4549 -20.7053 -1.5
    endloop
  endfacet
  facet normal -0.994519 0.10456 0
    outer loop
      vertex -10.1093 -16.9896 -1.5
      vertex -10 -15.95 2.749
      vertex -10 -15.95 -1.5
    endloop
  endfacet
  facet normal -0.994519 0.10456 0
    outer loop
      vertex -10 -15.95 2.749
      vertex -10.1093 -16.9896 -1.5
      vertex -10.1093 -16.9896 2.749
    endloop
  endfacet
  facet normal 0.406777 -0.913527 0
    outer loop
      vertex -17.5 -11.6199 -1.5
      vertex -16.5451 -11.1947 2.749
      vertex -17.5 -11.6199 2.749
    endloop
  endfacet
  facet normal 0.406777 -0.913527 0
    outer loop
      vertex -16.5451 -11.1947 2.749
      vertex -17.5 -11.6199 -1.5
      vertex -16.5451 -11.1947 -1.5
    endloop
  endfacet
  facet normal -0.743161 -0.669113 0
    outer loop
      vertex -10.9549 -13.0111 -1.5
      vertex -11.6543 -12.2343 2.749
      vertex -11.6543 -12.2343 -1.5
    endloop
  endfacet
  facet normal -0.743161 -0.669113 0
    outer loop
      vertex -11.6543 -12.2343 2.749
      vertex -10.9549 -13.0111 -1.5
      vertex -10.9549 -13.0111 2.749
    endloop
  endfacet
  facet normal -0.951057 0.309015 0
    outer loop
      vertex -10.4323 -17.9837 -1.5
      vertex -10.1093 -16.9896 2.749
      vertex -10.1093 -16.9896 -1.5
    endloop
  endfacet
  facet normal -0.951057 0.309015 0
    outer loop
      vertex -10.1093 -16.9896 2.749
      vertex -10.4323 -17.9837 -1.5
      vertex -10.4323 -17.9837 2.749
    endloop
  endfacet
  facet normal -0.866033 0.499987 0
    outer loop
      vertex -10.9549 -18.8889 -1.5
      vertex -10.4323 -17.9837 2.749
      vertex -10.4323 -17.9837 -1.5
    endloop
  endfacet
  facet normal -0.866033 0.499987 0
    outer loop
      vertex -10.4323 -17.9837 2.749
      vertex -10.9549 -18.8889 -1.5
      vertex -10.9549 -18.8889 2.749
    endloop
  endfacet
  facet normal -0.587762 0.809034 0
    outer loop
      vertex -11.6543 -19.6657 -1.5
      vertex -12.5 -20.2801 2.749
      vertex -11.6543 -19.6657 2.749
    endloop
  endfacet
  facet normal -0.587762 0.809034 0
    outer loop
      vertex -12.5 -20.2801 2.749
      vertex -11.6543 -19.6657 -1.5
      vertex -12.5 -20.2801 -1.5
    endloop
  endfacet
  facet normal -0.743161 0.669113 0
    outer loop
      vertex -11.6543 -19.6657 -1.5
      vertex -10.9549 -18.8889 2.749
      vertex -10.9549 -18.8889 -1.5
    endloop
  endfacet
  facet normal -0.743161 0.669113 0
    outer loop
      vertex -10.9549 -18.8889 2.749
      vertex -11.6543 -19.6657 -1.5
      vertex -11.6543 -19.6657 2.749
    endloop
  endfacet
  facet normal 0 -1 0
    outer loop
      vertex -15.5226 -10.9774 -1.5
      vertex -14.4774 -10.9774 2.749
      vertex -15.5226 -10.9774 2.749
    endloop
  endfacet
  facet normal 0 -1 -0
    outer loop
      vertex -14.4774 -10.9774 2.749
      vertex -15.5226 -10.9774 -1.5
      vertex -14.4774 -10.9774 -1.5
    endloop
  endfacet
  facet normal 0.866033 0.499987 0
    outer loop
      vertex -19.0451 -18.8889 2.749
      vertex -19.5677 -17.9837 -1.5
      vertex -19.5677 -17.9837 2.749
    endloop
  endfacet
  facet normal 0.866033 0.499987 0
    outer loop
      vertex -19.5677 -17.9837 -1.5
      vertex -19.0451 -18.8889 2.749
      vertex -19.0451 -18.8889 -1.5
    endloop
  endfacet
  facet normal 0.86603 -0.499993 0
    outer loop
      vertex -19.2 -13.2794 0.365545
      vertex -19.0451 -13.0111 2.749
      vertex -19.2 -13.2794 2.63245
    endloop
  endfacet
  facet normal 0.866065 -0.499932 -0.000185484
    outer loop
      vertex -19.0451 -13.0111 2.749
      vertex -19.2513 -13.3683 2.71252
      vertex -19.2 -13.2794 2.63245
    endloop
  endfacet
  facet normal 0.866041 -0.499972 0.000336564
    outer loop
      vertex -19.2513 -13.3683 2.71252
      vertex -19.0451 -13.0111 2.749
      vertex -19.2878 -13.4315 2.749
    endloop
  endfacet
  facet normal 0.86603 -0.499993 0
    outer loop
      vertex -19.0451 -13.0111 2.749
      vertex -19.2 -13.2794 0.365545
      vertex -19.0451 -13.0111 -1.5
    endloop
  endfacet
  facet normal 0.866125 -0.499828 3.15324e-05
    outer loop
      vertex -19.2513 -13.3683 0.285474
      vertex -19.0451 -13.0111 -1.5
      vertex -19.2 -13.2794 0.365545
    endloop
  endfacet
  facet normal 0.866039 -0.499977 -8.06897e-06
    outer loop
      vertex -19.4081 -13.6399 0.128682
      vertex -19.0451 -13.0111 -1.5
      vertex -19.2513 -13.3683 0.285474
    endloop
  endfacet
  facet normal 0.865998 -0.500048 0
    outer loop
      vertex -19.5677 -13.9163 -1.5
      vertex -19.4081 -13.6399 0.128682
      vertex -19.5677 -13.9163 0.0388664
    endloop
  endfacet
  facet normal 0.866033 -0.499987 -1.36753e-05
    outer loop
      vertex -19.4081 -13.6399 0.128682
      vertex -19.5677 -13.9163 -1.5
      vertex -19.0451 -13.0111 -1.5
    endloop
  endfacet
  facet normal 0.406777 0.913527 -0
    outer loop
      vertex -16.5451 -20.7053 -1.5
      vertex -17.5 -20.2801 2.749
      vertex -16.5451 -20.7053 2.749
    endloop
  endfacet
  facet normal 0.406777 0.913527 0
    outer loop
      vertex -17.5 -20.2801 2.749
      vertex -16.5451 -20.7053 -1.5
      vertex -17.5 -20.2801 -1.5
    endloop
  endfacet
  facet normal -0.207876 -0.978155 0
    outer loop
      vertex -14.4774 -10.9774 -1.5
      vertex -13.4549 -11.1947 2.749
      vertex -14.4774 -10.9774 2.749
    endloop
  endfacet
  facet normal -0.207876 -0.978155 -0
    outer loop
      vertex -13.4549 -11.1947 2.749
      vertex -14.4774 -10.9774 -1.5
      vertex -13.4549 -11.1947 -1.5
    endloop
  endfacet
  facet normal 0.207876 0.978155 -0
    outer loop
      vertex -15.5226 -20.9226 -1.5
      vertex -16.5451 -20.7053 2.749
      vertex -15.5226 -20.9226 2.749
    endloop
  endfacet
  facet normal 0.207876 0.978155 0
    outer loop
      vertex -16.5451 -20.7053 2.749
      vertex -15.5226 -20.9226 -1.5
      vertex -16.5451 -20.7053 -1.5
    endloop
  endfacet
  facet normal -0.587762 -0.809034 0
    outer loop
      vertex -12.5 -11.6199 -1.5
      vertex -11.6543 -12.2343 2.749
      vertex -12.5 -11.6199 2.749
    endloop
  endfacet
  facet normal -0.587762 -0.809034 -0
    outer loop
      vertex -11.6543 -12.2343 2.749
      vertex -12.5 -11.6199 -1.5
      vertex -11.6543 -12.2343 -1.5
    endloop
  endfacet
  facet normal 0.587762 -0.809034 0
    outer loop
      vertex -18.3457 -12.2343 -1.5
      vertex -17.5 -11.6199 2.749
      vertex -18.3457 -12.2343 2.749
    endloop
  endfacet
  facet normal 0.587762 -0.809034 0
    outer loop
      vertex -17.5 -11.6199 2.749
      vertex -18.3457 -12.2343 -1.5
      vertex -17.5 -11.6199 -1.5
    endloop
  endfacet
  facet normal 0.587762 0.809034 -0
    outer loop
      vertex -17.5 -20.2801 -1.5
      vertex -18.3457 -19.6657 2.749
      vertex -17.5 -20.2801 2.749
    endloop
  endfacet
  facet normal 0.587762 0.809034 0
    outer loop
      vertex -18.3457 -19.6657 2.749
      vertex -17.5 -20.2801 -1.5
      vertex -18.3457 -19.6657 -1.5
    endloop
  endfacet
  facet normal 0.207876 -0.978155 0
    outer loop
      vertex -16.5451 -11.1947 -1.5
      vertex -15.5226 -10.9774 2.749
      vertex -16.5451 -11.1947 2.749
    endloop
  endfacet
  facet normal 0.207876 -0.978155 0
    outer loop
      vertex -15.5226 -10.9774 2.749
      vertex -16.5451 -11.1947 -1.5
      vertex -15.5226 -10.9774 -1.5
    endloop
  endfacet
  facet normal 0.994519 0.10456 0
    outer loop
      vertex -19.8907 -16.9896 2.749
      vertex -20 -15.95 -1.5
      vertex -20 -15.95 2.749
    endloop
  endfacet
  facet normal 0.994519 0.10456 0
    outer loop
      vertex -20 -15.95 -1.5
      vertex -19.8907 -16.9896 2.749
      vertex -19.8907 -16.9896 -1.5
    endloop
  endfacet
  facet normal 0.743161 0.669113 0
    outer loop
      vertex -18.3457 -19.6657 2.749
      vertex -19.0451 -18.8889 -1.5
      vertex -19.0451 -18.8889 2.749
    endloop
  endfacet
  facet normal 0.743161 0.669113 0
    outer loop
      vertex -19.0451 -18.8889 -1.5
      vertex -18.3457 -19.6657 2.749
      vertex -18.3457 -19.6657 -1.5
    endloop
  endfacet
  facet normal 0.950842 -0.309678 0
    outer loop
      vertex -19.5748 -13.9381 0.0317778
      vertex -19.5677 -13.9163 -1.5
      vertex -19.5677 -13.9163 0.0388664
    endloop
  endfacet
  facet normal 0.951094 -0.308901 1.22247e-05
    outer loop
      vertex -19.6761 -14.25 -0.001
      vertex -19.5677 -13.9163 -1.5
      vertex -19.5748 -13.9381 0.0317778
    endloop
  endfacet
  facet normal 0.951007 -0.30917 5.99161e-05
    outer loop
      vertex -19.8907 -14.9104 -1.5
      vertex -19.6761 -14.25 -0.001
      vertex -19.7775 -14.5619 0.0317778
    endloop
  endfacet
  facet normal 0.951051 -0.309035 2.59987e-05
    outer loop
      vertex -19.8907 -14.9104 -1.5
      vertex -19.7775 -14.5619 0.0317778
      vertex -19.8744 -14.8601 0.128682
    endloop
  endfacet
  facet normal 0.951298 -0.308273 0
    outer loop
      vertex -19.8907 -14.9104 -1.5
      vertex -19.8744 -14.8601 0.128682
      vertex -19.8907 -14.9104 0.157744
    endloop
  endfacet
  facet normal 0.951057 -0.309015 -1.57387e-05
    outer loop
      vertex -19.6761 -14.25 -0.001
      vertex -19.8907 -14.9104 -1.5
      vertex -19.5677 -13.9163 -1.5
    endloop
  endfacet
  facet normal 0.951057 0.309015 0
    outer loop
      vertex -19.5677 -17.9837 2.749
      vertex -19.8907 -16.9896 -1.5
      vertex -19.8907 -16.9896 2.749
    endloop
  endfacet
  facet normal 0.951057 0.309015 0
    outer loop
      vertex -19.8907 -16.9896 -1.5
      vertex -19.5677 -17.9837 2.749
      vertex -19.5677 -17.9837 -1.5
    endloop
  endfacet
  facet normal 0 1 -0
    outer loop
      vertex -14.4774 -20.9226 -1.5
      vertex -15.5226 -20.9226 2.749
      vertex -14.4774 -20.9226 2.749
    endloop
  endfacet
  facet normal 0 1 0
    outer loop
      vertex -15.5226 -20.9226 2.749
      vertex -14.4774 -20.9226 -1.5
      vertex -15.5226 -20.9226 -1.5
    endloop
  endfacet
  facet normal 0 0 -1
    outer loop
      vertex -19.2 -15.0685 2.749
      vertex -10 -15.95 2.749
      vertex -10.1093 -16.9896 2.749
    endloop
  endfacet
  facet normal 0 0 -1
    outer loop
      vertex -19.2 -15.0685 2.749
      vertex -10.1093 -16.9896 2.749
      vertex -10.4323 -17.9837 2.749
    endloop
  endfacet
  facet normal 0 0 -1
    outer loop
      vertex -10 -15.95 2.749
      vertex -19.2 -15.0685 2.749
      vertex -10.1093 -14.9104 2.749
    endloop
  endfacet
  facet normal 0 0 -1
    outer loop
      vertex -19.2 -15.0685 2.749
      vertex -10.4323 -17.9837 2.749
      vertex -10.9549 -18.8889 2.749
    endloop
  endfacet
  facet normal -0 0 -1
    outer loop
      vertex -10.1093 -14.9104 2.749
      vertex -19.2 -15.0685 2.749
      vertex -10.4323 -13.9163 2.749
    endloop
  endfacet
  facet normal 0 0 -1
    outer loop
      vertex -19.2 -15.0685 2.749
      vertex -10.9549 -18.8889 2.749
      vertex -11.6543 -19.6657 2.749
    endloop
  endfacet
  facet normal -0 0 -1
    outer loop
      vertex -10.4323 -13.9163 2.749
      vertex -19.2 -15.0685 2.749
      vertex -10.9549 -13.0111 2.749
    endloop
  endfacet
  facet normal 0 0 -1
    outer loop
      vertex -19.2 -15.0685 2.749
      vertex -11.6543 -19.6657 2.749
      vertex -12.5 -20.2801 2.749
    endloop
  endfacet
  facet normal -0 0 -1
    outer loop
      vertex -10.9549 -13.0111 2.749
      vertex -19.2 -15.0685 2.749
      vertex -11.6543 -12.2343 2.749
    endloop
  endfacet
  facet normal 0 0 -1
    outer loop
      vertex -19.2 -15.0685 2.749
      vertex -12.5 -20.2801 2.749
      vertex -13.4549 -20.7053 2.749
    endloop
  endfacet
  facet normal -0 0 -1
    outer loop
      vertex -11.6543 -12.2343 2.749
      vertex -19.2 -15.0685 2.749
      vertex -12.5 -11.6199 2.749
    endloop
  endfacet
  facet normal 0 0 -1
    outer loop
      vertex -19.2 -15.0685 2.749
      vertex -13.4549 -20.7053 2.749
      vertex -14.4774 -20.9226 2.749
    endloop
  endfacet
  facet normal -0 0 -1
    outer loop
      vertex -12.5 -11.6199 2.749
      vertex -19.2 -15.0685 2.749
      vertex -13.4549 -11.1947 2.749
    endloop
  endfacet
  facet normal 0 0 -1
    outer loop
      vertex -19.2 -15.0685 2.749
      vertex -14.4774 -20.9226 2.749
      vertex -15.5226 -20.9226 2.749
    endloop
  endfacet
  facet normal -0 0 -1
    outer loop
      vertex -13.4549 -11.1947 2.749
      vertex -19.2 -15.0685 2.749
      vertex -14.4774 -10.9774 2.749
    endloop
  endfacet
  facet normal 0 0 -1
    outer loop
      vertex -19.2 -15.0685 2.749
      vertex -15.5226 -20.9226 2.749
      vertex -16.5451 -20.7053 2.749
    endloop
  endfacet
  facet normal -0 0 -1
    outer loop
      vertex -14.4774 -10.9774 2.749
      vertex -19.2 -15.0685 2.749
      vertex -15.5226 -10.9774 2.749
    endloop
  endfacet
  facet normal 0 0 -1
    outer loop
      vertex -19.2 -15.0685 2.749
      vertex -16.5451 -20.7053 2.749
      vertex -17.5 -20.2801 2.749
    endloop
  endfacet
  facet normal 0 0 -1
    outer loop
      vertex -15.5226 -10.9774 2.749
      vertex -19.2 -15.0685 2.749
      vertex -16.5451 -11.1947 2.749
    endloop
  endfacet
  facet normal 0 0 -1
    outer loop
      vertex -19.2 -15.0685 2.749
      vertex -17.5 -20.2801 2.749
      vertex -18.3457 -19.6657 2.749
    endloop
  endfacet
  facet normal 0 0 -1
    outer loop
      vertex -16.5451 -11.1947 2.749
      vertex -19.2 -15.0685 2.749
      vertex -17.5 -11.6199 2.749
    endloop
  endfacet
  facet normal 0 0 -1
    outer loop
      vertex -19.2 -15.0685 2.749
      vertex -18.3457 -19.6657 2.749
      vertex -19.0451 -18.8889 2.749
    endloop
  endfacet
  facet normal 0 0 -1
    outer loop
      vertex -17.5 -11.6199 2.749
      vertex -19.2 -15.0685 2.749
      vertex -18.3457 -12.2343 2.749
    endloop
  endfacet
  facet normal 0 0 -1
    outer loop
      vertex -19.2 -13.4315 2.749
      vertex -18.3457 -12.2343 2.749
      vertex -19.2 -15.0685 2.749
    endloop
  endfacet
  facet normal 0 0 -1
    outer loop
      vertex -19.5677 -17.9837 2.749
      vertex -19.2 -15.0685 2.749
      vertex -19.0451 -18.8889 2.749
    endloop
  endfacet
  facet normal 0 0 -1
    outer loop
      vertex -19.8907 -16.9896 2.749
      vertex -19.2 -15.0685 2.749
      vertex -19.5677 -17.9837 2.749
    endloop
  endfacet
  facet normal 0 0 -1
    outer loop
      vertex -20 -15.95 2.749
      vertex -19.2 -15.0685 2.749
      vertex -19.8907 -16.9896 2.749
    endloop
  endfacet
  facet normal -0 0 -1
    outer loop
      vertex -19.2 -15.0685 2.749
      vertex -20 -15.95 2.749
      vertex -19.9074 -15.0685 2.749
    endloop
  endfacet
  facet normal 0 0 -1
    outer loop
      vertex -18.3457 -12.2343 2.749
      vertex -19.2 -13.4315 2.749
      vertex -19.0451 -13.0111 2.749
    endloop
  endfacet
  facet normal 0 0 -1
    outer loop
      vertex -19.0451 -13.0111 2.749
      vertex -19.2 -13.4315 2.749
      vertex -19.2878 -13.4315 2.749
    endloop
  endfacet
  facet normal 0.994513 -0.10461 0
    outer loop
      vertex -19.9781 -15.7418 1.65579
      vertex -20 -15.95 2.749
      vertex -19.9781 -15.7418 1.34221
    endloop
  endfacet
  facet normal 0.994562 -0.104147 8.91981e-05
    outer loop
      vertex -19.9713 -15.6766 1.96252
      vertex -20 -15.95 2.749
      vertex -19.9781 -15.7418 1.65579
    endloop
  endfacet
  facet normal 0.994533 -0.104424 -8.01511e-06
    outer loop
      vertex -19.9579 -15.549 2.249
      vertex -20 -15.95 2.749
      vertex -19.9713 -15.6766 1.96252
    endloop
  endfacet
  facet normal 0.99452 -0.104543 -0.000104487
    outer loop
      vertex -19.9385 -15.3647 2.5027
      vertex -20 -15.95 2.749
      vertex -19.9579 -15.549 2.249
    endloop
  endfacet
  facet normal 0.994522 -0.104523 -5.7123e-05
    outer loop
      vertex -19.914 -15.1317 2.71252
      vertex -20 -15.95 2.749
      vertex -19.9385 -15.3647 2.5027
    endloop
  endfacet
  facet normal 0.994527 -0.104473 0.00106451
    outer loop
      vertex -20 -15.95 2.749
      vertex -19.914 -15.1317 2.71252
      vertex -19.9074 -15.0685 2.749
    endloop
  endfacet
  facet normal 0.994507 -0.104669 6.88486e-05
    outer loop
      vertex -20 -15.95 -1.5
      vertex -19.8907 -14.9104 0.157744
      vertex -19.914 -15.1317 0.285474
    endloop
  endfacet
  facet normal 0.994519 -0.104558 1.75139e-05
    outer loop
      vertex -20 -15.95 -1.5
      vertex -19.914 -15.1317 0.285474
      vertex -19.9385 -15.3647 0.495304
    endloop
  endfacet
  facet normal 0.994511 -0.104631 3.92431e-05
    outer loop
      vertex -20 -15.95 -1.5
      vertex -19.9385 -15.3647 0.495304
      vertex -19.9579 -15.549 0.749
    endloop
  endfacet
  facet normal 0.994532 -0.104433 3.56386e-06
    outer loop
      vertex -20 -15.95 -1.5
      vertex -19.9579 -15.549 0.749
      vertex -19.9713 -15.6766 1.03547
    endloop
  endfacet
  facet normal 0.994519 -0.10456 0
    outer loop
      vertex -19.8907 -14.9104 0.157744
      vertex -20 -15.95 -1.5
      vertex -19.8907 -14.9104 -1.5
    endloop
  endfacet
  facet normal 0.994582 -0.103957 -4.83769e-05
    outer loop
      vertex -19.9781 -15.7418 1.34221
      vertex -20 -15.95 -1.5
      vertex -19.9713 -15.6766 1.03547
    endloop
  endfacet
  facet normal 0.994513 -0.10461 0
    outer loop
      vertex -20 -15.95 -1.5
      vertex -19.9781 -15.7418 1.34221
      vertex -20 -15.95 2.749
    endloop
  endfacet
  facet normal -0.207876 0.978155 0
    outer loop
      vertex -13.4549 -20.7053 -1.5
      vertex -14.4774 -20.9226 2.749
      vertex -13.4549 -20.7053 2.749
    endloop
  endfacet
  facet normal -0.207876 0.978155 0
    outer loop
      vertex -14.4774 -20.9226 2.749
      vertex -13.4549 -20.7053 -1.5
      vertex -14.4774 -20.9226 -1.5
    endloop
  endfacet
  facet normal 0 -0.499961 0.866048
    outer loop
      vertex 25.2 -13.3683 0.285474
      vertex 19.4081 -13.6399 0.128682
      vertex 25.2 -13.6399 0.128682
    endloop
  endfacet
  facet normal 0 -0.499961 0.866048
    outer loop
      vertex 19.4081 -13.6399 0.128682
      vertex 25.2 -13.3683 0.285474
      vertex 19.2513 -13.3683 0.285474
    endloop
  endfacet
  facet normal 0 0.809049 0.587742
    outer loop
      vertex 25.2 -15.3647 0.495304
      vertex 19.9579 -15.549 0.749
      vertex 25.2 -15.549 0.749
    endloop
  endfacet
  facet normal 0 0.809049 0.587742
    outer loop
      vertex 19.9579 -15.549 0.749
      vertex 25.2 -15.3647 0.495304
      vertex 19.9385 -15.3647 0.495304
    endloop
  endfacet
  facet normal 0 -0.978146 -0.207919
    outer loop
      vertex 19.2 -12.7582 1.65579
      vertex 25.2 -12.8234 1.96252
      vertex 19.2 -12.8234 1.96252
    endloop
  endfacet
  facet normal 0 -0.978146 -0.207919
    outer loop
      vertex 25.2 -12.8234 1.96252
      vertex 19.2 -12.7582 1.65579
      vertex 25.2 -12.7582 1.65579
    endloop
  endfacet
  facet normal 0 -0.91348 0.406884
    outer loop
      vertex 19.2 -12.951 0.749
      vertex 25.2 -12.8234 1.03547
      vertex 19.2 -12.8234 1.03547
    endloop
  endfacet
  facet normal 0 -0.91348 0.406884
    outer loop
      vertex 25.2 -12.8234 1.03547
      vertex 19.2 -12.951 0.749
      vertex 25.2 -12.951 0.749
    endloop
  endfacet
  facet normal 0 0.104522 -0.994523
    outer loop
      vertex 19.2 -14.5619 2.96622
      vertex 25.2 -14.25 2.999
      vertex 25.2 -14.5619 2.96622
    endloop
  endfacet
  facet normal 0 0.104522 -0.994523
    outer loop
      vertex 25.2 -14.25 2.999
      vertex 19.2 -14.5619 2.96622
      vertex 19.2 -14.25 2.999
    endloop
  endfacet
  facet normal 0 0.809053 -0.587735
    outer loop
      vertex 19.9579 -15.549 2.249
      vertex 25.2 -15.3647 2.5027
      vertex 25.2 -15.549 2.249
    endloop
  endfacet
  facet normal 0 0.809053 -0.587735
    outer loop
      vertex 25.2 -15.3647 2.5027
      vertex 19.9579 -15.549 2.249
      vertex 19.9385 -15.3647 2.5027
    endloop
  endfacet
  facet normal 0 0.104515 0.994523
    outer loop
      vertex 25.2 -14.25 -0.001
      vertex 19.7775 -14.5619 0.0317778
      vertex 25.2 -14.5619 0.0317778
    endloop
  endfacet
  facet normal 0 0.104515 0.994523
    outer loop
      vertex 19.7775 -14.5619 0.0317778
      vertex 25.2 -14.25 -0.001
      vertex 19.6761 -14.25 -0.001
    endloop
  endfacet
  facet normal 0 -0.104515 0.994523
    outer loop
      vertex 25.2 -13.9381 0.0317778
      vertex 19.6761 -14.25 -0.001
      vertex 25.2 -14.25 -0.001
    endloop
  endfacet
  facet normal 0 -0.104515 0.994523
    outer loop
      vertex 19.6761 -14.25 -0.001
      vertex 25.2 -13.9381 0.0317778
      vertex 19.5748 -13.9381 0.0317778
    endloop
  endfacet
  facet normal 0 -1 0
    outer loop
      vertex 19.2 -12.7582 1.34221
      vertex 25.2 -12.7582 1.65579
      vertex 19.2 -12.7582 1.65579
    endloop
  endfacet
  facet normal 0 -1 -0
    outer loop
      vertex 25.2 -12.7582 1.65579
      vertex 19.2 -12.7582 1.34221
      vertex 25.2 -12.7582 1.34221
    endloop
  endfacet
  facet normal 0 0.499961 0.866048
    outer loop
      vertex 25.2 -14.8601 0.128682
      vertex 19.914 -15.1317 0.285474
      vertex 25.2 -15.1317 0.285474
    endloop
  endfacet
  facet normal 4.86139e-06 0.49989 0.866089
    outer loop
      vertex 25.2 -14.8601 0.128682
      vertex 19.8907 -14.9104 0.157744
      vertex 19.914 -15.1317 0.285474
    endloop
  endfacet
  facet normal 0 0.500275 0.865867
    outer loop
      vertex 19.8907 -14.9104 0.157744
      vertex 25.2 -14.8601 0.128682
      vertex 19.8744 -14.8601 0.128682
    endloop
  endfacet
  facet normal 0 0.669176 -0.743104
    outer loop
      vertex 19.9385 -15.3647 2.5027
      vertex 25.2 -15.1317 2.71252
      vertex 25.2 -15.3647 2.5027
    endloop
  endfacet
  facet normal 0 0.669176 -0.743104
    outer loop
      vertex 25.2 -15.1317 2.71252
      vertex 19.9385 -15.3647 2.5027
      vertex 19.914 -15.1317 2.71252
    endloop
  endfacet
  facet normal 0 -0.978147 0.207913
    outer loop
      vertex 19.2 -12.8234 1.03547
      vertex 25.2 -12.7582 1.34221
      vertex 19.2 -12.7582 1.34221
    endloop
  endfacet
  facet normal 0 -0.978147 0.207913
    outer loop
      vertex 25.2 -12.7582 1.34221
      vertex 19.2 -12.8234 1.03547
      vertex 25.2 -12.8234 1.03547
    endloop
  endfacet
  facet normal 0 0.309055 0.951044
    outer loop
      vertex 25.2 -14.5619 0.0317778
      vertex 19.8744 -14.8601 0.128682
      vertex 25.2 -14.8601 0.128682
    endloop
  endfacet
  facet normal 0 0.309055 0.951044
    outer loop
      vertex 19.8744 -14.8601 0.128682
      vertex 25.2 -14.5619 0.0317778
      vertex 19.7775 -14.5619 0.0317778
    endloop
  endfacet
  facet normal 9.66486e-07 -0.49998 -0.866037
    outer loop
      vertex 25.2 -13.6399 2.86932
      vertex 19.2878 -13.4315 2.749
      vertex 25.2 -13.3683 2.71252
    endloop
  endfacet
  facet normal 0 -0.500001 -0.866025
    outer loop
      vertex 19.2 -13.6399 2.86932
      vertex 19.2878 -13.4315 2.749
      vertex 25.2 -13.6399 2.86932
    endloop
  endfacet
  facet normal -0 -0.500001 -0.866025
    outer loop
      vertex 19.2878 -13.4315 2.749
      vertex 19.2 -13.6399 2.86932
      vertex 19.2 -13.4315 2.749
    endloop
  endfacet
  facet normal -0 -0.499912 -0.866076
    outer loop
      vertex 25.2 -13.3683 2.71252
      vertex 19.2878 -13.4315 2.749
      vertex 19.2513 -13.3683 2.71252
    endloop
  endfacet
  facet normal 0 0.309043 -0.951048
    outer loop
      vertex 19.2 -14.8601 2.86932
      vertex 25.2 -14.5619 2.96622
      vertex 25.2 -14.8601 2.86932
    endloop
  endfacet
  facet normal 0 0.309043 -0.951048
    outer loop
      vertex 25.2 -14.5619 2.96622
      vertex 19.2 -14.8601 2.86932
      vertex 19.2 -14.5619 2.96622
    endloop
  endfacet
  facet normal 0 -0.809053 -0.587735
    outer loop
      vertex 19.2 -12.951 2.249
      vertex 25.2 -13.1353 2.5027
      vertex 19.2 -13.1353 2.5027
    endloop
  endfacet
  facet normal 0 -0.809053 -0.587735
    outer loop
      vertex 25.2 -13.1353 2.5027
      vertex 19.2 -12.951 2.249
      vertex 25.2 -12.951 2.249
    endloop
  endfacet
  facet normal 0 -0.104522 -0.994523
    outer loop
      vertex 19.2 -14.25 2.999
      vertex 25.2 -13.9381 2.96622
      vertex 25.2 -14.25 2.999
    endloop
  endfacet
  facet normal -0 -0.104522 -0.994523
    outer loop
      vertex 25.2 -13.9381 2.96622
      vertex 19.2 -14.25 2.999
      vertex 19.2 -13.9381 2.96622
    endloop
  endfacet
  facet normal 0 -0.309055 0.951044
    outer loop
      vertex 25.2 -13.6399 0.128682
      vertex 19.5748 -13.9381 0.0317778
      vertex 25.2 -13.9381 0.0317778
    endloop
  endfacet
  facet normal 9.97868e-06 -0.309225 0.950989
    outer loop
      vertex 25.2 -13.6399 0.128682
      vertex 19.5677 -13.9163 0.0388664
      vertex 19.5748 -13.9381 0.0317778
    endloop
  endfacet
  facet normal 0 -0.309041 0.951049
    outer loop
      vertex 19.5677 -13.9163 0.0388664
      vertex 25.2 -13.6399 0.128682
      vertex 19.4081 -13.6399 0.128682
    endloop
  endfacet
  facet normal 0 -0.669176 -0.743104
    outer loop
      vertex 19.2513 -13.3683 2.71252
      vertex 25.2 -13.1353 2.5027
      vertex 25.2 -13.3683 2.71252
    endloop
  endfacet
  facet normal 0.000332951 -0.669136 -0.74314
    outer loop
      vertex 19.2 -13.1353 2.5027
      vertex 19.2513 -13.3683 2.71252
      vertex 19.2 -13.2794 2.63245
    endloop
  endfacet
  facet normal 0 -0.669176 -0.743104
    outer loop
      vertex 19.2513 -13.3683 2.71252
      vertex 19.2 -13.1353 2.5027
      vertex 25.2 -13.1353 2.5027
    endloop
  endfacet
  facet normal 0 0.49998 -0.866037
    outer loop
      vertex 19.914 -15.1317 2.71252
      vertex 25.2 -14.8601 2.86932
      vertex 25.2 -15.1317 2.71252
    endloop
  endfacet
  facet normal 4.62089e-06 0.499913 -0.866076
    outer loop
      vertex 19.9074 -15.0685 2.749
      vertex 25.2 -14.8601 2.86932
      vertex 19.914 -15.1317 2.71252
    endloop
  endfacet
  facet normal 0 0.500001 -0.866025
    outer loop
      vertex 19.2 -14.8601 2.86932
      vertex 19.9074 -15.0685 2.749
      vertex 19.2 -15.0685 2.749
    endloop
  endfacet
  facet normal 0 0.500001 -0.866025
    outer loop
      vertex 19.9074 -15.0685 2.749
      vertex 19.2 -14.8601 2.86932
      vertex 25.2 -14.8601 2.86932
    endloop
  endfacet
  facet normal 0 -0.809049 0.587742
    outer loop
      vertex 19.2 -13.1353 0.495304
      vertex 25.2 -12.951 0.749
      vertex 19.2 -12.951 0.749
    endloop
  endfacet
  facet normal 0 -0.809049 0.587742
    outer loop
      vertex 25.2 -12.951 0.749
      vertex 19.2 -13.1353 0.495304
      vertex 25.2 -13.1353 0.495304
    endloop
  endfacet
  facet normal 0 0.978147 0.207913
    outer loop
      vertex 25.2 -15.6766 1.03547
      vertex 19.9781 -15.7418 1.34221
      vertex 25.2 -15.7418 1.34221
    endloop
  endfacet
  facet normal 0 0.978147 0.207913
    outer loop
      vertex 19.9781 -15.7418 1.34221
      vertex 25.2 -15.6766 1.03547
      vertex 19.9713 -15.6766 1.03547
    endloop
  endfacet
  facet normal 0 -0.309043 -0.951048
    outer loop
      vertex 19.2 -13.9381 2.96622
      vertex 25.2 -13.6399 2.86932
      vertex 25.2 -13.9381 2.96622
    endloop
  endfacet
  facet normal -0 -0.309043 -0.951048
    outer loop
      vertex 25.2 -13.6399 2.86932
      vertex 19.2 -13.9381 2.96622
      vertex 19.2 -13.6399 2.86932
    endloop
  endfacet
  facet normal 0 1 -0
    outer loop
      vertex 25.2 -15.7418 1.34221
      vertex 19.9781 -15.7418 1.65579
      vertex 25.2 -15.7418 1.65579
    endloop
  endfacet
  facet normal 0 1 0
    outer loop
      vertex 19.9781 -15.7418 1.65579
      vertex 25.2 -15.7418 1.34221
      vertex 19.9781 -15.7418 1.34221
    endloop
  endfacet
  facet normal 0 -0.913485 -0.406872
    outer loop
      vertex 19.2 -12.8234 1.96252
      vertex 25.2 -12.951 2.249
      vertex 19.2 -12.951 2.249
    endloop
  endfacet
  facet normal 0 -0.913485 -0.406872
    outer loop
      vertex 25.2 -12.951 2.249
      vertex 19.2 -12.8234 1.96252
      vertex 25.2 -12.8234 1.96252
    endloop
  endfacet
  facet normal 0 -0.669194 0.743088
    outer loop
      vertex 25.2 -13.1353 0.495304
      vertex 19.2513 -13.3683 0.285474
      vertex 25.2 -13.3683 0.285474
    endloop
  endfacet
  facet normal 0 -0.669194 0.743088
    outer loop
      vertex 19.2 -13.1353 0.495304
      vertex 19.2513 -13.3683 0.285474
      vertex 25.2 -13.1353 0.495304
    endloop
  endfacet
  facet normal 0.000266996 -0.669161 0.743117
    outer loop
      vertex 19.2513 -13.3683 0.285474
      vertex 19.2 -13.1353 0.495304
      vertex 19.2 -13.2794 0.365545
    endloop
  endfacet
  facet normal 1 0 0
    outer loop
      vertex 19.2 -12.8234 1.96252
      vertex 19.2 -12.7582 1.34221
      vertex 19.2 -12.7582 1.65579
    endloop
  endfacet
  facet normal 1 0 0
    outer loop
      vertex 19.2 -12.8234 1.96252
      vertex 19.2 -12.8234 1.03547
      vertex 19.2 -12.7582 1.34221
    endloop
  endfacet
  facet normal 1 0 0
    outer loop
      vertex 19.2 -13.2794 2.63245
      vertex 19.2 -12.8234 1.96252
      vertex 19.2 -12.951 2.249
    endloop
  endfacet
  facet normal 1 0 0
    outer loop
      vertex 19.2 -12.8234 1.96252
      vertex 19.2 -13.2794 2.63245
      vertex 19.2 -12.8234 1.03547
    endloop
  endfacet
  facet normal 1 0 0
    outer loop
      vertex 19.2 -13.2794 2.63245
      vertex 19.2 -12.951 2.249
      vertex 19.2 -13.1353 2.5027
    endloop
  endfacet
  facet normal 1 0 0
    outer loop
      vertex 19.2 -13.2794 0.365545
      vertex 19.2 -12.8234 1.03547
      vertex 19.2 -13.2794 2.63245
    endloop
  endfacet
  facet normal 1 0 0
    outer loop
      vertex 19.2 -12.8234 1.03547
      vertex 19.2 -13.2794 0.365545
      vertex 19.2 -12.951 0.749
    endloop
  endfacet
  facet normal 1 0 0
    outer loop
      vertex 19.2 -12.951 0.749
      vertex 19.2 -13.2794 0.365545
      vertex 19.2 -13.1353 0.495304
    endloop
  endfacet
  facet normal 1 0 0
    outer loop
      vertex 19.2 -13.9381 2.96622
      vertex 19.2 -13.4315 2.749
      vertex 19.2 -13.6399 2.86932
    endloop
  endfacet
  facet normal 1 0 0
    outer loop
      vertex 19.2 -14.25 2.999
      vertex 19.2 -13.4315 2.749
      vertex 19.2 -13.9381 2.96622
    endloop
  endfacet
  facet normal 1 -0 0
    outer loop
      vertex 19.2 -14.5619 2.96622
      vertex 19.2 -13.4315 2.749
      vertex 19.2 -14.25 2.999
    endloop
  endfacet
  facet normal 1 0 0
    outer loop
      vertex 19.2 -15.0685 2.749
      vertex 19.2 -14.5619 2.96622
      vertex 19.2 -14.8601 2.86932
    endloop
  endfacet
  facet normal 1 0 0
    outer loop
      vertex 19.2 -14.5619 2.96622
      vertex 19.2 -15.0685 2.749
      vertex 19.2 -13.4315 2.749
    endloop
  endfacet
  facet normal 0 0.669194 0.743088
    outer loop
      vertex 25.2 -15.1317 0.285474
      vertex 19.9385 -15.3647 0.495304
      vertex 25.2 -15.3647 0.495304
    endloop
  endfacet
  facet normal 0 0.669194 0.743088
    outer loop
      vertex 19.9385 -15.3647 0.495304
      vertex 25.2 -15.1317 0.285474
      vertex 19.914 -15.1317 0.285474
    endloop
  endfacet
  facet normal 0 0.91348 0.406884
    outer loop
      vertex 25.2 -15.549 0.749
      vertex 19.9713 -15.6766 1.03547
      vertex 25.2 -15.6766 1.03547
    endloop
  endfacet
  facet normal 0 0.91348 0.406884
    outer loop
      vertex 19.9713 -15.6766 1.03547
      vertex 25.2 -15.549 0.749
      vertex 19.9579 -15.549 0.749
    endloop
  endfacet
  facet normal 0 0.978146 -0.207919
    outer loop
      vertex 19.9781 -15.7418 1.65579
      vertex 25.2 -15.6766 1.96252
      vertex 25.2 -15.7418 1.65579
    endloop
  endfacet
  facet normal 0 0.978146 -0.207919
    outer loop
      vertex 25.2 -15.6766 1.96252
      vertex 19.9781 -15.7418 1.65579
      vertex 19.9713 -15.6766 1.96252
    endloop
  endfacet
  facet normal 0 0.913485 -0.406872
    outer loop
      vertex 19.9713 -15.6766 1.96252
      vertex 25.2 -15.549 2.249
      vertex 25.2 -15.6766 1.96252
    endloop
  endfacet
  facet normal 0 0.913485 -0.406872
    outer loop
      vertex 25.2 -15.549 2.249
      vertex 19.9713 -15.6766 1.96252
      vertex 19.9579 -15.549 2.249
    endloop
  endfacet
  facet normal 0 -0.499961 0.866048
    outer loop
      vertex -25.2 -13.3683 0.285474
      vertex -19.4081 -13.6399 0.128682
      vertex -19.2513 -13.3683 0.285474
    endloop
  endfacet
  facet normal 0 -0.499961 0.866048
    outer loop
      vertex -19.4081 -13.6399 0.128682
      vertex -25.2 -13.3683 0.285474
      vertex -25.2 -13.6399 0.128682
    endloop
  endfacet
  facet normal -0 0.809049 0.587742
    outer loop
      vertex -25.2 -15.3647 0.495304
      vertex -19.9579 -15.549 0.749
      vertex -19.9385 -15.3647 0.495304
    endloop
  endfacet
  facet normal 0 0.809049 0.587742
    outer loop
      vertex -19.9579 -15.549 0.749
      vertex -25.2 -15.3647 0.495304
      vertex -25.2 -15.549 0.749
    endloop
  endfacet
  facet normal 0 -0.978146 -0.207919
    outer loop
      vertex -25.2 -12.7582 1.65579
      vertex -19.2 -12.8234 1.96252
      vertex -25.2 -12.8234 1.96252
    endloop
  endfacet
  facet normal 0 -0.978146 -0.207919
    outer loop
      vertex -19.2 -12.8234 1.96252
      vertex -25.2 -12.7582 1.65579
      vertex -19.2 -12.7582 1.65579
    endloop
  endfacet
  facet normal 0 -0.91348 0.406884
    outer loop
      vertex -25.2 -12.951 0.749
      vertex -19.2 -12.8234 1.03547
      vertex -25.2 -12.8234 1.03547
    endloop
  endfacet
  facet normal 0 -0.91348 0.406884
    outer loop
      vertex -19.2 -12.8234 1.03547
      vertex -25.2 -12.951 0.749
      vertex -19.2 -12.951 0.749
    endloop
  endfacet
  facet normal 0 0.104522 -0.994523
    outer loop
      vertex -25.2 -14.5619 2.96622
      vertex -19.2 -14.25 2.999
      vertex -19.2 -14.5619 2.96622
    endloop
  endfacet
  facet normal 0 0.104522 -0.994523
    outer loop
      vertex -19.2 -14.25 2.999
      vertex -25.2 -14.5619 2.96622
      vertex -25.2 -14.25 2.999
    endloop
  endfacet
  facet normal 0 0.809053 -0.587735
    outer loop
      vertex -19.9579 -15.549 2.249
      vertex -25.2 -15.3647 2.5027
      vertex -19.9385 -15.3647 2.5027
    endloop
  endfacet
  facet normal 0 0.809053 -0.587735
    outer loop
      vertex -25.2 -15.3647 2.5027
      vertex -19.9579 -15.549 2.249
      vertex -25.2 -15.549 2.249
    endloop
  endfacet
  facet normal -0 0.104515 0.994523
    outer loop
      vertex -25.2 -14.25 -0.001
      vertex -19.7775 -14.5619 0.0317778
      vertex -19.6761 -14.25 -0.001
    endloop
  endfacet
  facet normal 0 0.104515 0.994523
    outer loop
      vertex -19.7775 -14.5619 0.0317778
      vertex -25.2 -14.25 -0.001
      vertex -25.2 -14.5619 0.0317778
    endloop
  endfacet
  facet normal 0 -0.104515 0.994523
    outer loop
      vertex -25.2 -13.9381 0.0317778
      vertex -19.6761 -14.25 -0.001
      vertex -19.5748 -13.9381 0.0317778
    endloop
  endfacet
  facet normal 0 -0.104515 0.994523
    outer loop
      vertex -19.6761 -14.25 -0.001
      vertex -25.2 -13.9381 0.0317778
      vertex -25.2 -14.25 -0.001
    endloop
  endfacet
  facet normal 0 -1 0
    outer loop
      vertex -25.2 -12.7582 1.34221
      vertex -19.2 -12.7582 1.65579
      vertex -25.2 -12.7582 1.65579
    endloop
  endfacet
  facet normal 0 -1 -0
    outer loop
      vertex -19.2 -12.7582 1.65579
      vertex -25.2 -12.7582 1.34221
      vertex -19.2 -12.7582 1.34221
    endloop
  endfacet
  facet normal -0 0.500275 0.865867
    outer loop
      vertex -25.2 -14.8601 0.128682
      vertex -19.8907 -14.9104 0.157744
      vertex -19.8744 -14.8601 0.128682
    endloop
  endfacet
  facet normal -4.86139e-06 0.49989 0.866089
    outer loop
      vertex -25.2 -14.8601 0.128682
      vertex -19.914 -15.1317 0.285474
      vertex -19.8907 -14.9104 0.157744
    endloop
  endfacet
  facet normal 0 0.499961 0.866048
    outer loop
      vertex -19.914 -15.1317 0.285474
      vertex -25.2 -14.8601 0.128682
      vertex -25.2 -15.1317 0.285474
    endloop
  endfacet
  facet normal 0 0.669176 -0.743104
    outer loop
      vertex -25.2 -15.1317 2.71252
      vertex -19.9385 -15.3647 2.5027
      vertex -25.2 -15.3647 2.5027
    endloop
  endfacet
  facet normal 0 0.669176 -0.743104
    outer loop
      vertex -19.9385 -15.3647 2.5027
      vertex -25.2 -15.1317 2.71252
      vertex -19.914 -15.1317 2.71252
    endloop
  endfacet
  facet normal 0 -0.978147 0.207913
    outer loop
      vertex -25.2 -12.8234 1.03547
      vertex -19.2 -12.7582 1.34221
      vertex -25.2 -12.7582 1.34221
    endloop
  endfacet
  facet normal 0 -0.978147 0.207913
    outer loop
      vertex -19.2 -12.7582 1.34221
      vertex -25.2 -12.8234 1.03547
      vertex -19.2 -12.8234 1.03547
    endloop
  endfacet
  facet normal -0 0.309055 0.951044
    outer loop
      vertex -25.2 -14.5619 0.0317778
      vertex -19.8744 -14.8601 0.128682
      vertex -19.7775 -14.5619 0.0317778
    endloop
  endfacet
  facet normal 0 0.309055 0.951044
    outer loop
      vertex -19.8744 -14.8601 0.128682
      vertex -25.2 -14.5619 0.0317778
      vertex -25.2 -14.8601 0.128682
    endloop
  endfacet
  facet normal 0 -0.500001 -0.866025
    outer loop
      vertex -19.2 -13.6399 2.86932
      vertex -19.2878 -13.4315 2.749
      vertex -19.2 -13.4315 2.749
    endloop
  endfacet
  facet normal 0 -0.500001 -0.866025
    outer loop
      vertex -19.2878 -13.4315 2.749
      vertex -19.2 -13.6399 2.86932
      vertex -25.2 -13.6399 2.86932
    endloop
  endfacet
  facet normal -9.66486e-07 -0.49998 -0.866037
    outer loop
      vertex -25.2 -13.3683 2.71252
      vertex -19.2878 -13.4315 2.749
      vertex -25.2 -13.6399 2.86932
    endloop
  endfacet
  facet normal 0 -0.499912 -0.866076
    outer loop
      vertex -19.2878 -13.4315 2.749
      vertex -25.2 -13.3683 2.71252
      vertex -19.2513 -13.3683 2.71252
    endloop
  endfacet
  facet normal 0 0.309043 -0.951048
    outer loop
      vertex -25.2 -14.8601 2.86932
      vertex -19.2 -14.5619 2.96622
      vertex -19.2 -14.8601 2.86932
    endloop
  endfacet
  facet normal 0 0.309043 -0.951048
    outer loop
      vertex -19.2 -14.5619 2.96622
      vertex -25.2 -14.8601 2.86932
      vertex -25.2 -14.5619 2.96622
    endloop
  endfacet
  facet normal -1 0 0
    outer loop
      vertex -19.2 -12.8234 1.03547
      vertex -19.2 -12.7582 1.65579
      vertex -19.2 -12.7582 1.34221
    endloop
  endfacet
  facet normal -1 0 0
    outer loop
      vertex -19.2 -12.8234 1.03547
      vertex -19.2 -12.8234 1.96252
      vertex -19.2 -12.7582 1.65579
    endloop
  endfacet
  facet normal -1 0 0
    outer loop
      vertex -19.2 -13.2794 0.365545
      vertex -19.2 -12.8234 1.03547
      vertex -19.2 -12.951 0.749
    endloop
  endfacet
  facet normal -1 -0 0
    outer loop
      vertex -19.2 -12.8234 1.03547
      vertex -19.2 -13.2794 0.365545
      vertex -19.2 -12.8234 1.96252
    endloop
  endfacet
  facet normal -1 0 0
    outer loop
      vertex -19.2 -13.2794 0.365545
      vertex -19.2 -12.951 0.749
      vertex -19.2 -13.1353 0.495304
    endloop
  endfacet
  facet normal -1 0 0
    outer loop
      vertex -19.2 -13.2794 2.63245
      vertex -19.2 -12.8234 1.96252
      vertex -19.2 -13.2794 0.365545
    endloop
  endfacet
  facet normal -1 0 0
    outer loop
      vertex -19.2 -12.8234 1.96252
      vertex -19.2 -13.2794 2.63245
      vertex -19.2 -12.951 2.249
    endloop
  endfacet
  facet normal -1 0 0
    outer loop
      vertex -19.2 -12.951 2.249
      vertex -19.2 -13.2794 2.63245
      vertex -19.2 -13.1353 2.5027
    endloop
  endfacet
  facet normal -1 0 0
    outer loop
      vertex -19.2 -13.4315 2.749
      vertex -19.2 -13.9381 2.96622
      vertex -19.2 -13.6399 2.86932
    endloop
  endfacet
  facet normal -1 0 0
    outer loop
      vertex -19.2 -13.4315 2.749
      vertex -19.2 -14.25 2.999
      vertex -19.2 -13.9381 2.96622
    endloop
  endfacet
  facet normal -1 0 0
    outer loop
      vertex -19.2 -13.4315 2.749
      vertex -19.2 -14.5619 2.96622
      vertex -19.2 -14.25 2.999
    endloop
  endfacet
  facet normal -1 0 0
    outer loop
      vertex -19.2 -15.0685 2.749
      vertex -19.2 -14.5619 2.96622
      vertex -19.2 -13.4315 2.749
    endloop
  endfacet
  facet normal -1 0 0
    outer loop
      vertex -19.2 -14.5619 2.96622
      vertex -19.2 -15.0685 2.749
      vertex -19.2 -14.8601 2.86932
    endloop
  endfacet
  facet normal 0 -0.809053 -0.587735
    outer loop
      vertex -25.2 -12.951 2.249
      vertex -19.2 -13.1353 2.5027
      vertex -25.2 -13.1353 2.5027
    endloop
  endfacet
  facet normal 0 -0.809053 -0.587735
    outer loop
      vertex -19.2 -13.1353 2.5027
      vertex -25.2 -12.951 2.249
      vertex -19.2 -12.951 2.249
    endloop
  endfacet
  facet normal 0 -0.104522 -0.994523
    outer loop
      vertex -25.2 -14.25 2.999
      vertex -19.2 -13.9381 2.96622
      vertex -19.2 -14.25 2.999
    endloop
  endfacet
  facet normal -0 -0.104522 -0.994523
    outer loop
      vertex -19.2 -13.9381 2.96622
      vertex -25.2 -14.25 2.999
      vertex -25.2 -13.9381 2.96622
    endloop
  endfacet
  facet normal 0 -0.309041 0.951049
    outer loop
      vertex -25.2 -13.6399 0.128682
      vertex -19.5677 -13.9163 0.0388664
      vertex -19.4081 -13.6399 0.128682
    endloop
  endfacet
  facet normal -9.97868e-06 -0.309225 0.950989
    outer loop
      vertex -25.2 -13.6399 0.128682
      vertex -19.5748 -13.9381 0.0317778
      vertex -19.5677 -13.9163 0.0388664
    endloop
  endfacet
  facet normal 0 -0.309055 0.951044
    outer loop
      vertex -19.5748 -13.9381 0.0317778
      vertex -25.2 -13.6399 0.128682
      vertex -25.2 -13.9381 0.0317778
    endloop
  endfacet
  facet normal -0.000332951 -0.669136 -0.74314
    outer loop
      vertex -19.2513 -13.3683 2.71252
      vertex -19.2 -13.1353 2.5027
      vertex -19.2 -13.2794 2.63245
    endloop
  endfacet
  facet normal 0 -0.669176 -0.743104
    outer loop
      vertex -25.2 -13.1353 2.5027
      vertex -19.2513 -13.3683 2.71252
      vertex -25.2 -13.3683 2.71252
    endloop
  endfacet
  facet normal 0 -0.669176 -0.743104
    outer loop
      vertex -19.2513 -13.3683 2.71252
      vertex -25.2 -13.1353 2.5027
      vertex -19.2 -13.1353 2.5027
    endloop
  endfacet
  facet normal 0 0.500001 -0.866025
    outer loop
      vertex -19.9074 -15.0685 2.749
      vertex -19.2 -14.8601 2.86932
      vertex -19.2 -15.0685 2.749
    endloop
  endfacet
  facet normal 0 0.49998 -0.866037
    outer loop
      vertex -25.2 -14.8601 2.86932
      vertex -19.914 -15.1317 2.71252
      vertex -25.2 -15.1317 2.71252
    endloop
  endfacet
  facet normal -4.62089e-06 0.499913 -0.866076
    outer loop
      vertex -19.914 -15.1317 2.71252
      vertex -25.2 -14.8601 2.86932
      vertex -19.9074 -15.0685 2.749
    endloop
  endfacet
  facet normal 0 0.500001 -0.866025
    outer loop
      vertex -19.9074 -15.0685 2.749
      vertex -25.2 -14.8601 2.86932
      vertex -19.2 -14.8601 2.86932
    endloop
  endfacet
  facet normal 0 -0.809049 0.587742
    outer loop
      vertex -25.2 -13.1353 0.495304
      vertex -19.2 -12.951 0.749
      vertex -25.2 -12.951 0.749
    endloop
  endfacet
  facet normal 0 -0.809049 0.587742
    outer loop
      vertex -19.2 -12.951 0.749
      vertex -25.2 -13.1353 0.495304
      vertex -19.2 -13.1353 0.495304
    endloop
  endfacet
  facet normal -0 0.978147 0.207913
    outer loop
      vertex -25.2 -15.6766 1.03547
      vertex -19.9781 -15.7418 1.34221
      vertex -19.9713 -15.6766 1.03547
    endloop
  endfacet
  facet normal 0 0.978147 0.207913
    outer loop
      vertex -19.9781 -15.7418 1.34221
      vertex -25.2 -15.6766 1.03547
      vertex -25.2 -15.7418 1.34221
    endloop
  endfacet
  facet normal 0 -0.309043 -0.951048
    outer loop
      vertex -25.2 -13.9381 2.96622
      vertex -19.2 -13.6399 2.86932
      vertex -19.2 -13.9381 2.96622
    endloop
  endfacet
  facet normal -0 -0.309043 -0.951048
    outer loop
      vertex -19.2 -13.6399 2.86932
      vertex -25.2 -13.9381 2.96622
      vertex -25.2 -13.6399 2.86932
    endloop
  endfacet
  facet normal 0 1 -0
    outer loop
      vertex -19.9781 -15.7418 1.34221
      vertex -25.2 -15.7418 1.65579
      vertex -19.9781 -15.7418 1.65579
    endloop
  endfacet
  facet normal 0 1 0
    outer loop
      vertex -25.2 -15.7418 1.65579
      vertex -19.9781 -15.7418 1.34221
      vertex -25.2 -15.7418 1.34221
    endloop
  endfacet
  facet normal 0 -0.913485 -0.406872
    outer loop
      vertex -25.2 -12.8234 1.96252
      vertex -19.2 -12.951 2.249
      vertex -25.2 -12.951 2.249
    endloop
  endfacet
  facet normal 0 -0.913485 -0.406872
    outer loop
      vertex -19.2 -12.951 2.249
      vertex -25.2 -12.8234 1.96252
      vertex -19.2 -12.8234 1.96252
    endloop
  endfacet
  facet normal -0.000266996 -0.669161 0.743117
    outer loop
      vertex -19.2 -13.1353 0.495304
      vertex -19.2513 -13.3683 0.285474
      vertex -19.2 -13.2794 0.365545
    endloop
  endfacet
  facet normal 0 -0.669194 0.743088
    outer loop
      vertex -25.2 -13.1353 0.495304
      vertex -19.2513 -13.3683 0.285474
      vertex -19.2 -13.1353 0.495304
    endloop
  endfacet
  facet normal 0 -0.669194 0.743088
    outer loop
      vertex -19.2513 -13.3683 0.285474
      vertex -25.2 -13.1353 0.495304
      vertex -25.2 -13.3683 0.285474
    endloop
  endfacet
  facet normal -0 0.669194 0.743088
    outer loop
      vertex -25.2 -15.1317 0.285474
      vertex -19.9385 -15.3647 0.495304
      vertex -19.914 -15.1317 0.285474
    endloop
  endfacet
  facet normal 0 0.669194 0.743088
    outer loop
      vertex -19.9385 -15.3647 0.495304
      vertex -25.2 -15.1317 0.285474
      vertex -25.2 -15.3647 0.495304
    endloop
  endfacet
  facet normal -0 0.91348 0.406884
    outer loop
      vertex -25.2 -15.549 0.749
      vertex -19.9713 -15.6766 1.03547
      vertex -19.9579 -15.549 0.749
    endloop
  endfacet
  facet normal 0 0.91348 0.406884
    outer loop
      vertex -19.9713 -15.6766 1.03547
      vertex -25.2 -15.549 0.749
      vertex -25.2 -15.6766 1.03547
    endloop
  endfacet
  facet normal 0 0.978146 -0.207919
    outer loop
      vertex -19.9781 -15.7418 1.65579
      vertex -25.2 -15.6766 1.96252
      vertex -19.9713 -15.6766 1.96252
    endloop
  endfacet
  facet normal 0 0.978146 -0.207919
    outer loop
      vertex -25.2 -15.6766 1.96252
      vertex -19.9781 -15.7418 1.65579
      vertex -25.2 -15.7418 1.65579
    endloop
  endfacet
  facet normal 0 0.913485 -0.406872
    outer loop
      vertex -19.9713 -15.6766 1.96252
      vertex -25.2 -15.549 2.249
      vertex -19.9579 -15.549 2.249
    endloop
  endfacet
  facet normal 0 0.913485 -0.406872
    outer loop
      vertex -25.2 -15.549 2.249
      vertex -19.9713 -15.6766 1.96252
      vertex -25.2 -15.6766 1.96252
    endloop
  endfacet
  facet normal 0.309009 0.951059 -0
    outer loop
      vertex 8.99267 -4.73912 2.499
      vertex 8.02936 -4.42613 7
      vertex 8.99267 -4.73912 7
    endloop
  endfacet
  facet normal 0.309009 0.951059 0
    outer loop
      vertex 8.02936 -4.42613 7
      vertex 8.99267 -4.73912 2.499
      vertex 8.02936 -4.42613 2.499
    endloop
  endfacet
  facet normal -0.309012 0.951058 0
    outer loop
      vertex 11.9706 -4.42613 2.499
      vertex 11.0073 -4.73912 7
      vertex 11.9706 -4.42613 7
    endloop
  endfacet
  facet normal -0.309012 0.951058 0
    outer loop
      vertex 11.0073 -4.73912 7
      vertex 11.9706 -4.42613 2.499
      vertex 11.0073 -4.73912 2.499
    endloop
  endfacet
  facet normal -0.104537 0.994521 0
    outer loop
      vertex 11.0073 -4.73912 2.499
      vertex 10 -4.845 7
      vertex 11.0073 -4.73912 7
    endloop
  endfacet
  facet normal -0.104537 0.994521 0
    outer loop
      vertex 10 -4.845 7
      vertex 11.0073 -4.73912 2.499
      vertex 10 -4.845 2.499
    endloop
  endfacet
  facet normal -0.499991 0.86603 0
    outer loop
      vertex 12.8478 -3.91969 2.499
      vertex 11.9706 -4.42613 7
      vertex 12.8478 -3.91969 7
    endloop
  endfacet
  facet normal -0.499991 0.86603 0
    outer loop
      vertex 11.9706 -4.42613 7
      vertex 12.8478 -3.91969 2.499
      vertex 11.9706 -4.42613 2.499
    endloop
  endfacet
  facet normal -0.499991 -0.86603 0
    outer loop
      vertex 11.9706 4.42613 2.499
      vertex 12.8478 3.91969 7
      vertex 11.9706 4.42613 7
    endloop
  endfacet
  facet normal -0.499991 -0.86603 -0
    outer loop
      vertex 12.8478 3.91969 7
      vertex 11.9706 4.42613 2.499
      vertex 12.8478 3.91969 2.499
    endloop
  endfacet
  facet normal 0.309009 -0.951059 0
    outer loop
      vertex 8.02936 4.42613 2.499
      vertex 8.99267 4.73912 7
      vertex 8.02936 4.42613 7
    endloop
  endfacet
  facet normal 0.309009 -0.951059 0
    outer loop
      vertex 8.99267 4.73912 7
      vertex 8.02936 4.42613 2.499
      vertex 8.99267 4.73912 2.499
    endloop
  endfacet
  facet normal 0.104534 0.994521 -0
    outer loop
      vertex 10 -4.845 2.499
      vertex 8.99267 -4.73912 7
      vertex 10 -4.845 7
    endloop
  endfacet
  facet normal 0.104534 0.994521 0
    outer loop
      vertex 8.99267 -4.73912 7
      vertex 10 -4.845 2.499
      vertex 8.99267 -4.73912 2.499
    endloop
  endfacet
  facet normal -0.669139 0.743137 0
    outer loop
      vertex 13.6005 -3.24194 2.499
      vertex 12.8478 -3.91969 7
      vertex 13.6005 -3.24194 7
    endloop
  endfacet
  facet normal -0.669139 0.743137 0
    outer loop
      vertex 12.8478 -3.91969 7
      vertex 13.6005 -3.24194 2.499
      vertex 12.8478 -3.91969 2.499
    endloop
  endfacet
  facet normal -0.978152 -0.207889 0
    outer loop
      vertex 14.6079 1.49719 2.499
      vertex 14.8026 0.581094 3.64585
      vertex 14.6079 1.49719 4.00543
    endloop
  endfacet
  facet normal -0.978146 -0.207921 -2.65081e-05
    outer loop
      vertex 14.8185 0.50644 2.499
      vertex 14.8026 0.581094 3.64585
      vertex 14.6079 1.49719 2.499
    endloop
  endfacet
  facet normal -0.978063 -0.20831 0
    outer loop
      vertex 14.8026 0.581094 3.64585
      vertex 14.8185 0.50644 2.499
      vertex 14.8185 0.50644 3.62936
    endloop
  endfacet
  facet normal -0.978152 -0.207889 0
    outer loop
      vertex 14.8026 0.581094 5.35415
      vertex 14.6079 1.49719 7
      vertex 14.6079 1.49719 4.99457
    endloop
  endfacet
  facet normal -0.978063 -0.20831 -0
    outer loop
      vertex 14.8185 0.50644 7
      vertex 14.8026 0.581094 5.35415
      vertex 14.8185 0.50644 5.37064
    endloop
  endfacet
  facet normal -0.978146 -0.207921 1.84712e-05
    outer loop
      vertex 14.8026 0.581094 5.35415
      vertex 14.8185 0.50644 7
      vertex 14.6079 1.49719 7
    endloop
  endfacet
  facet normal -0.669139 -0.743137 0
    outer loop
      vertex 12.8478 3.91969 2.499
      vertex 13.6005 3.24194 7
      vertex 12.8478 3.91969 7
    endloop
  endfacet
  facet normal -0.669139 -0.743137 -0
    outer loop
      vertex 13.6005 3.24194 7
      vertex 12.8478 3.91969 2.499
      vertex 13.6005 3.24194 2.499
    endloop
  endfacet
  facet normal -0.309012 -0.951058 0
    outer loop
      vertex 11.0073 4.73912 2.499
      vertex 11.9706 4.42613 7
      vertex 11.0073 4.73912 7
    endloop
  endfacet
  facet normal -0.309012 -0.951058 -0
    outer loop
      vertex 11.9706 4.42613 7
      vertex 11.0073 4.73912 2.499
      vertex 11.9706 4.42613 2.499
    endloop
  endfacet
  facet normal -0.808997 -0.587812 0
    outer loop
      vertex 14.1959 2.4225 2.499
      vertex 13.6005 3.24194 7
      vertex 13.6005 3.24194 2.499
    endloop
  endfacet
  facet normal -0.808997 -0.587812 0
    outer loop
      vertex 13.6005 3.24194 7
      vertex 14.1959 2.4225 2.499
      vertex 14.1959 2.4225 7
    endloop
  endfacet
  facet normal 0.913543 -0.406741 0
    outer loop
      vertex 5.39213 1.49719 7
      vertex 5.80411 2.4225 2.499
      vertex 5.80411 2.4225 7
    endloop
  endfacet
  facet normal 0.913543 -0.406741 0
    outer loop
      vertex 5.80411 2.4225 2.499
      vertex 5.39213 1.49719 7
      vertex 5.39213 1.49719 2.499
    endloop
  endfacet
  facet normal -0.91355 -0.406727 0
    outer loop
      vertex 14.1959 2.4225 2.499
      vertex 14.5 1.73946 4.5
      vertex 14.1959 2.4225 7
    endloop
  endfacet
  facet normal -0.913528 -0.406776 -2.02954e-05
    outer loop
      vertex 14.1959 2.4225 2.499
      vertex 14.5765 1.56768 4.06339
      vertex 14.5 1.73946 4.5
    endloop
  endfacet
  facet normal -0.913536 -0.406758 -0
    outer loop
      vertex 14.6079 1.49719 4.00543
      vertex 14.1959 2.4225 2.499
      vertex 14.6079 1.49719 2.499
    endloop
  endfacet
  facet normal -0.913492 -0.406857 -7.34707e-05
    outer loop
      vertex 14.1959 2.4225 2.499
      vertex 14.6079 1.49719 4.00543
      vertex 14.5765 1.56768 4.06339
    endloop
  endfacet
  facet normal -0.913526 -0.406781 1.79046e-05
    outer loop
      vertex 14.5765 1.56768 4.93661
      vertex 14.1959 2.4225 7
      vertex 14.5 1.73946 4.5
    endloop
  endfacet
  facet normal -0.913488 -0.406867 6.02172e-05
    outer loop
      vertex 14.6079 1.49719 4.99457
      vertex 14.1959 2.4225 7
      vertex 14.5765 1.56768 4.93661
    endloop
  endfacet
  facet normal -0.913536 -0.406758 0
    outer loop
      vertex 14.1959 2.4225 7
      vertex 14.6079 1.49719 4.99457
      vertex 14.6079 1.49719 7
    endloop
  endfacet
  facet normal -0.978063 0.20831 0
    outer loop
      vertex 14.8185 -0.50644 2.499
      vertex 14.8026 -0.581094 3.64585
      vertex 14.8185 -0.50644 3.62936
    endloop
  endfacet
  facet normal -0.978146 0.207921 -2.65081e-05
    outer loop
      vertex 14.6079 -1.49719 2.499
      vertex 14.8026 -0.581094 3.64585
      vertex 14.8185 -0.50644 2.499
    endloop
  endfacet
  facet normal -0.978152 0.207889 0
    outer loop
      vertex 14.8026 -0.581094 3.64585
      vertex 14.6079 -1.49719 2.499
      vertex 14.6079 -1.49719 4.00543
    endloop
  endfacet
  facet normal -0.978063 0.20831 0
    outer loop
      vertex 14.8026 -0.581094 5.35415
      vertex 14.8185 -0.50644 7
      vertex 14.8185 -0.50644 5.37064
    endloop
  endfacet
  facet normal -0.978152 0.207889 0
    outer loop
      vertex 14.6079 -1.49719 7
      vertex 14.8026 -0.581094 5.35415
      vertex 14.6079 -1.49719 4.99457
    endloop
  endfacet
  facet normal -0.978146 0.207921 1.84712e-05
    outer loop
      vertex 14.8026 -0.581094 5.35415
      vertex 14.6079 -1.49719 7
      vertex 14.8185 -0.50644 7
    endloop
  endfacet
  facet normal -0.104537 -0.994521 0
    outer loop
      vertex 10 4.845 2.499
      vertex 11.0073 4.73912 7
      vertex 10 4.845 7
    endloop
  endfacet
  facet normal -0.104537 -0.994521 -0
    outer loop
      vertex 11.0073 4.73912 7
      vertex 10 4.845 2.499
      vertex 11.0073 4.73912 2.499
    endloop
  endfacet
  facet normal 0.104534 -0.994521 0
    outer loop
      vertex 8.99267 4.73912 2.499
      vertex 10 4.845 7
      vertex 8.99267 4.73912 7
    endloop
  endfacet
  facet normal 0.104534 -0.994521 0
    outer loop
      vertex 10 4.845 7
      vertex 8.99267 4.73912 2.499
      vertex 10 4.845 2.499
    endloop
  endfacet
  facet normal 0.669129 -0.743146 0
    outer loop
      vertex 6.39946 3.24194 2.499
      vertex 7.15218 3.91969 7
      vertex 6.39946 3.24194 7
    endloop
  endfacet
  facet normal 0.669129 -0.743146 0
    outer loop
      vertex 7.15218 3.91969 7
      vertex 6.39946 3.24194 2.499
      vertex 7.15218 3.91969 2.499
    endloop
  endfacet
  facet normal 0.669129 0.743146 -0
    outer loop
      vertex 7.15218 -3.91969 2.499
      vertex 6.39946 -3.24194 7
      vertex 7.15218 -3.91969 7
    endloop
  endfacet
  facet normal 0.669129 0.743146 0
    outer loop
      vertex 6.39946 -3.24194 7
      vertex 7.15218 -3.91969 2.499
      vertex 6.39946 -3.24194 2.499
    endloop
  endfacet
  facet normal -1 0 0
    outer loop
      vertex 14.8185 -0.50644 2.499
      vertex 14.8185 0.50644 3.62936
      vertex 14.8185 0.50644 2.499
    endloop
  endfacet
  facet normal -1 -0 0
    outer loop
      vertex 14.8185 0.50644 3.62936
      vertex 14.8185 -0.50644 2.499
      vertex 14.8185 -0.50644 3.62936
    endloop
  endfacet
  facet normal -1 0 0
    outer loop
      vertex 14.8185 -0.50644 5.37064
      vertex 14.8185 0.50644 7
      vertex 14.8185 0.50644 5.37064
    endloop
  endfacet
  facet normal -1 -0 0
    outer loop
      vertex 14.8185 0.50644 7
      vertex 14.8185 -0.50644 5.37064
      vertex 14.8185 -0.50644 7
    endloop
  endfacet
  facet normal 0.5 0.866025 -0
    outer loop
      vertex 8.02936 -4.42613 2.499
      vertex 7.15218 -3.91969 7
      vertex 8.02936 -4.42613 7
    endloop
  endfacet
  facet normal 0.5 0.866025 0
    outer loop
      vertex 7.15218 -3.91969 7
      vertex 8.02936 -4.42613 2.499
      vertex 7.15218 -3.91969 2.499
    endloop
  endfacet
  facet normal -0.808997 0.587812 0
    outer loop
      vertex 13.6005 -3.24194 2.499
      vertex 14.1959 -2.4225 7
      vertex 14.1959 -2.4225 2.499
    endloop
  endfacet
  facet normal -0.808997 0.587812 0
    outer loop
      vertex 14.1959 -2.4225 7
      vertex 13.6005 -3.24194 2.499
      vertex 13.6005 -3.24194 7
    endloop
  endfacet
  facet normal -0.913536 0.406758 0
    outer loop
      vertex 14.1959 -2.4225 2.499
      vertex 14.6079 -1.49719 4.00543
      vertex 14.6079 -1.49719 2.499
    endloop
  endfacet
  facet normal -0.913492 0.406857 -7.34707e-05
    outer loop
      vertex 14.6079 -1.49719 4.00543
      vertex 14.1959 -2.4225 2.499
      vertex 14.5765 -1.56768 4.06339
    endloop
  endfacet
  facet normal -0.913528 0.406776 -2.02954e-05
    outer loop
      vertex 14.5765 -1.56768 4.06339
      vertex 14.1959 -2.4225 2.499
      vertex 14.5 -1.73946 4.5
    endloop
  endfacet
  facet normal -0.913488 0.406867 6.02172e-05
    outer loop
      vertex 14.1959 -2.4225 7
      vertex 14.6079 -1.49719 4.99457
      vertex 14.5765 -1.56768 4.93661
    endloop
  endfacet
  facet normal -0.913526 0.406781 1.79046e-05
    outer loop
      vertex 14.1959 -2.4225 7
      vertex 14.5765 -1.56768 4.93661
      vertex 14.5 -1.73946 4.5
    endloop
  endfacet
  facet normal -0.91355 0.406727 0
    outer loop
      vertex 14.1959 -2.4225 7
      vertex 14.5 -1.73946 4.5
      vertex 14.1959 -2.4225 2.499
    endloop
  endfacet
  facet normal -0.913536 0.406758 0
    outer loop
      vertex 14.6079 -1.49719 4.99457
      vertex 14.1959 -2.4225 7
      vertex 14.6079 -1.49719 7
    endloop
  endfacet
  facet normal 0.978148 -0.207911 0
    outer loop
      vertex 5.18154 0.50644 7
      vertex 5.39213 1.49719 2.499
      vertex 5.39213 1.49719 7
    endloop
  endfacet
  facet normal 0.978148 -0.207911 0
    outer loop
      vertex 5.39213 1.49719 2.499
      vertex 5.18154 0.50644 7
      vertex 5.18154 0.50644 2.499
    endloop
  endfacet
  facet normal 0.5 -0.866025 0
    outer loop
      vertex 7.15218 3.91969 2.499
      vertex 8.02936 4.42613 7
      vertex 7.15218 3.91969 7
    endloop
  endfacet
  facet normal 0.5 -0.866025 0
    outer loop
      vertex 8.02936 4.42613 7
      vertex 7.15218 3.91969 2.499
      vertex 8.02936 4.42613 2.499
    endloop
  endfacet
  facet normal 0.809021 -0.58778 0
    outer loop
      vertex 5.80411 2.4225 7
      vertex 6.39946 3.24194 2.499
      vertex 6.39946 3.24194 7
    endloop
  endfacet
  facet normal 0.809021 -0.58778 0
    outer loop
      vertex 6.39946 3.24194 2.499
      vertex 5.80411 2.4225 7
      vertex 5.80411 2.4225 2.499
    endloop
  endfacet
  facet normal 1 -0 0
    outer loop
      vertex 5.18154 -0.50644 7
      vertex 5.18154 0.50644 2.499
      vertex 5.18154 0.50644 7
    endloop
  endfacet
  facet normal 1 0 0
    outer loop
      vertex 5.18154 0.50644 2.499
      vertex 5.18154 -0.50644 7
      vertex 5.18154 -0.50644 2.499
    endloop
  endfacet
  facet normal 0 0 1
    outer loop
      vertex 12.536 0.266547 2.499
      vertex 14.8185 0.50644 2.499
      vertex 14.6079 1.49719 2.499
    endloop
  endfacet
  facet normal 0 0 1
    outer loop
      vertex 14.8185 0.50644 2.499
      vertex 12.536 0.266547 2.499
      vertex 14.8185 -0.50644 2.499
    endloop
  endfacet
  facet normal 0 0 1
    outer loop
      vertex 12.4252 0.787992 2.499
      vertex 14.6079 1.49719 2.499
      vertex 14.1959 2.4225 2.499
    endloop
  endfacet
  facet normal -0 0 1
    outer loop
      vertex 12.536 -0.266547 2.499
      vertex 14.8185 -0.50644 2.499
      vertex 12.536 0.266547 2.499
    endloop
  endfacet
  facet normal 0 0 1
    outer loop
      vertex 12.2084 1.275 2.499
      vertex 14.1959 2.4225 2.499
      vertex 13.6005 3.24194 2.499
    endloop
  endfacet
  facet normal 0 0 1
    outer loop
      vertex 14.8185 -0.50644 2.499
      vertex 12.536 -0.266547 2.499
      vertex 14.6079 -1.49719 2.499
    endloop
  endfacet
  facet normal 0 0 1
    outer loop
      vertex 11.895 1.70628 2.499
      vertex 13.6005 3.24194 2.499
      vertex 12.8478 3.91969 2.499
    endloop
  endfacet
  facet normal -0 0 1
    outer loop
      vertex 12.4252 -0.787992 2.499
      vertex 14.6079 -1.49719 2.499
      vertex 12.536 -0.266547 2.499
    endloop
  endfacet
  facet normal 0 0 1
    outer loop
      vertex 14.6079 -1.49719 2.499
      vertex 12.4252 -0.787992 2.499
      vertex 14.1959 -2.4225 2.499
    endloop
  endfacet
  facet normal 0 0 1
    outer loop
      vertex 14.6079 1.49719 2.499
      vertex 12.4252 0.787992 2.499
      vertex 12.536 0.266547 2.499
    endloop
  endfacet
  facet normal 0 0 1
    outer loop
      vertex 14.1959 2.4225 2.499
      vertex 12.2084 1.275 2.499
      vertex 12.4252 0.787992 2.499
    endloop
  endfacet
  facet normal 0 0 1
    outer loop
      vertex 11.4989 2.06299 2.499
      vertex 12.8478 3.91969 2.499
      vertex 11.9706 4.42613 2.499
    endloop
  endfacet
  facet normal 0 0 1
    outer loop
      vertex 13.6005 3.24194 2.499
      vertex 11.895 1.70628 2.499
      vertex 12.2084 1.275 2.499
    endloop
  endfacet
  facet normal 0 0 1
    outer loop
      vertex 12.8478 3.91969 2.499
      vertex 11.4989 2.06299 2.499
      vertex 11.895 1.70628 2.499
    endloop
  endfacet
  facet normal 0 0 1
    outer loop
      vertex 11.9706 4.42613 2.499
      vertex 11.0372 2.32954 2.499
      vertex 11.4989 2.06299 2.499
    endloop
  endfacet
  facet normal 0 0 1
    outer loop
      vertex 11.0073 4.73912 2.499
      vertex 11.0372 2.32954 2.499
      vertex 11.9706 4.42613 2.499
    endloop
  endfacet
  facet normal 0 0 1
    outer loop
      vertex 11.0073 4.73912 2.499
      vertex 10.5302 2.49428 2.499
      vertex 11.0372 2.32954 2.499
    endloop
  endfacet
  facet normal 0 0 1
    outer loop
      vertex 10 4.845 2.499
      vertex 10.5302 2.49428 2.499
      vertex 11.0073 4.73912 2.499
    endloop
  endfacet
  facet normal 0 0 1
    outer loop
      vertex 10 4.845 2.499
      vertex 10 2.55 2.499
      vertex 10.5302 2.49428 2.499
    endloop
  endfacet
  facet normal 0 0 1
    outer loop
      vertex 10 4.845 2.499
      vertex 9.46983 2.49428 2.499
      vertex 10 2.55 2.499
    endloop
  endfacet
  facet normal -0 0 1
    outer loop
      vertex 8.99267 4.73912 2.499
      vertex 9.46983 2.49428 2.499
      vertex 10 4.845 2.499
    endloop
  endfacet
  facet normal 0 0 1
    outer loop
      vertex 8.99267 4.73912 2.499
      vertex 8.96282 2.32954 2.499
      vertex 9.46983 2.49428 2.499
    endloop
  endfacet
  facet normal -0 0 1
    outer loop
      vertex 8.02936 4.42613 2.499
      vertex 8.96282 2.32954 2.499
      vertex 8.99267 4.73912 2.499
    endloop
  endfacet
  facet normal 0 0 1
    outer loop
      vertex 8.96282 2.32954 2.499
      vertex 8.02936 4.42613 2.499
      vertex 8.50115 2.06299 2.499
    endloop
  endfacet
  facet normal -0 0 1
    outer loop
      vertex 7.15218 3.91969 2.499
      vertex 8.50115 2.06299 2.499
      vertex 8.02936 4.42613 2.499
    endloop
  endfacet
  facet normal 0 0 1
    outer loop
      vertex 8.50115 2.06299 2.499
      vertex 7.15218 3.91969 2.499
      vertex 8.10498 1.70628 2.499
    endloop
  endfacet
  facet normal -0 0 1
    outer loop
      vertex 6.39946 3.24194 2.499
      vertex 8.10498 1.70628 2.499
      vertex 7.15218 3.91969 2.499
    endloop
  endfacet
  facet normal 0 0 1
    outer loop
      vertex 8.10498 1.70628 2.499
      vertex 6.39946 3.24194 2.499
      vertex 7.79164 1.275 2.499
    endloop
  endfacet
  facet normal 0 0 1
    outer loop
      vertex 7.79164 1.275 2.499
      vertex 5.80411 2.4225 2.499
      vertex 7.57481 0.787992 2.499
    endloop
  endfacet
  facet normal -0 0 1
    outer loop
      vertex 5.80411 2.4225 2.499
      vertex 7.79164 1.275 2.499
      vertex 6.39946 3.24194 2.499
    endloop
  endfacet
  facet normal -0 0 1
    outer loop
      vertex 12.2084 -1.275 2.499
      vertex 14.1959 -2.4225 2.499
      vertex 12.4252 -0.787992 2.499
    endloop
  endfacet
  facet normal 0 0 1
    outer loop
      vertex 14.1959 -2.4225 2.499
      vertex 12.2084 -1.275 2.499
      vertex 13.6005 -3.24194 2.499
    endloop
  endfacet
  facet normal -0 0 1
    outer loop
      vertex 11.895 -1.70628 2.499
      vertex 13.6005 -3.24194 2.499
      vertex 12.2084 -1.275 2.499
    endloop
  endfacet
  facet normal 0 0 1
    outer loop
      vertex 13.6005 -3.24194 2.499
      vertex 11.895 -1.70628 2.499
      vertex 12.8478 -3.91969 2.499
    endloop
  endfacet
  facet normal -0 0 1
    outer loop
      vertex 11.4989 -2.06299 2.499
      vertex 12.8478 -3.91969 2.499
      vertex 11.895 -1.70628 2.499
    endloop
  endfacet
  facet normal 0 0 1
    outer loop
      vertex 12.8478 -3.91969 2.499
      vertex 11.4989 -2.06299 2.499
      vertex 11.9706 -4.42613 2.499
    endloop
  endfacet
  facet normal -0 0 1
    outer loop
      vertex 11.0372 -2.32954 2.499
      vertex 11.9706 -4.42613 2.499
      vertex 11.4989 -2.06299 2.499
    endloop
  endfacet
  facet normal 0 0 1
    outer loop
      vertex 11.0372 -2.32954 2.499
      vertex 11.0073 -4.73912 2.499
      vertex 11.9706 -4.42613 2.499
    endloop
  endfacet
  facet normal -0 0 1
    outer loop
      vertex 10.5302 -2.49428 2.499
      vertex 11.0073 -4.73912 2.499
      vertex 11.0372 -2.32954 2.499
    endloop
  endfacet
  facet normal -0 0 1
    outer loop
      vertex 10 -2.55 2.499
      vertex 11.0073 -4.73912 2.499
      vertex 10.5302 -2.49428 2.499
    endloop
  endfacet
  facet normal 0 0 1
    outer loop
      vertex 10 -2.55 2.499
      vertex 10 -4.845 2.499
      vertex 11.0073 -4.73912 2.499
    endloop
  endfacet
  facet normal 0 0 1
    outer loop
      vertex 9.46983 -2.49428 2.499
      vertex 10 -4.845 2.499
      vertex 10 -2.55 2.499
    endloop
  endfacet
  facet normal 0 0 1
    outer loop
      vertex 9.46983 -2.49428 2.499
      vertex 8.99267 -4.73912 2.499
      vertex 10 -4.845 2.499
    endloop
  endfacet
  facet normal 0 0 1
    outer loop
      vertex 8.96282 -2.32954 2.499
      vertex 8.99267 -4.73912 2.499
      vertex 9.46983 -2.49428 2.499
    endloop
  endfacet
  facet normal 0 0 1
    outer loop
      vertex 8.02936 -4.42613 2.499
      vertex 8.96282 -2.32954 2.499
      vertex 8.50115 -2.06299 2.499
    endloop
  endfacet
  facet normal 0 0 1
    outer loop
      vertex 7.15218 -3.91969 2.499
      vertex 8.50115 -2.06299 2.499
      vertex 8.10498 -1.70628 2.499
    endloop
  endfacet
  facet normal 0 0 1
    outer loop
      vertex 8.96282 -2.32954 2.499
      vertex 8.02936 -4.42613 2.499
      vertex 8.99267 -4.73912 2.499
    endloop
  endfacet
  facet normal 0 0 1
    outer loop
      vertex 6.39946 -3.24194 2.499
      vertex 8.10498 -1.70628 2.499
      vertex 7.79164 -1.275 2.499
    endloop
  endfacet
  facet normal 0 0 1
    outer loop
      vertex 5.80411 -2.4225 2.499
      vertex 7.79164 -1.275 2.499
      vertex 7.57481 -0.787992 2.499
    endloop
  endfacet
  facet normal 0 0 1
    outer loop
      vertex 5.39213 -1.49719 2.499
      vertex 7.57481 -0.787992 2.499
      vertex 7.46397 -0.266547 2.499
    endloop
  endfacet
  facet normal 0 0 1
    outer loop
      vertex 8.50115 -2.06299 2.499
      vertex 7.15218 -3.91969 2.499
      vertex 8.02936 -4.42613 2.499
    endloop
  endfacet
  facet normal -0 0 1
    outer loop
      vertex 5.39213 1.49719 2.499
      vertex 7.57481 0.787992 2.499
      vertex 5.80411 2.4225 2.499
    endloop
  endfacet
  facet normal 0 0 1
    outer loop
      vertex 7.57481 0.787992 2.499
      vertex 5.39213 1.49719 2.499
      vertex 7.46397 0.266547 2.499
    endloop
  endfacet
  facet normal 0 0 1
    outer loop
      vertex 8.10498 -1.70628 2.499
      vertex 6.39946 -3.24194 2.499
      vertex 7.15218 -3.91969 2.499
    endloop
  endfacet
  facet normal -0 0 1
    outer loop
      vertex 5.18154 0.50644 2.499
      vertex 7.46397 0.266547 2.499
      vertex 5.39213 1.49719 2.499
    endloop
  endfacet
  facet normal 0 0 1
    outer loop
      vertex 7.79164 -1.275 2.499
      vertex 5.80411 -2.4225 2.499
      vertex 6.39946 -3.24194 2.499
    endloop
  endfacet
  facet normal 0 0 1
    outer loop
      vertex 7.46397 0.266547 2.499
      vertex 5.18154 0.50644 2.499
      vertex 7.46397 -0.266547 2.499
    endloop
  endfacet
  facet normal 0 0 1
    outer loop
      vertex 7.57481 -0.787992 2.499
      vertex 5.39213 -1.49719 2.499
      vertex 5.80411 -2.4225 2.499
    endloop
  endfacet
  facet normal 0 0 1
    outer loop
      vertex 5.18154 -0.50644 2.499
      vertex 7.46397 -0.266547 2.499
      vertex 5.18154 0.50644 2.499
    endloop
  endfacet
  facet normal 0 0 1
    outer loop
      vertex 7.46397 -0.266547 2.499
      vertex 5.18154 -0.50644 2.499
      vertex 5.39213 -1.49719 2.499
    endloop
  endfacet
  facet normal 0.809021 0.58778 0
    outer loop
      vertex 6.39946 -3.24194 7
      vertex 5.80411 -2.4225 2.499
      vertex 5.80411 -2.4225 7
    endloop
  endfacet
  facet normal 0.809021 0.58778 0
    outer loop
      vertex 5.80411 -2.4225 2.499
      vertex 6.39946 -3.24194 7
      vertex 6.39946 -3.24194 2.499
    endloop
  endfacet
  facet normal 0.978148 0.207911 0
    outer loop
      vertex 5.39213 -1.49719 7
      vertex 5.18154 -0.50644 2.499
      vertex 5.18154 -0.50644 7
    endloop
  endfacet
  facet normal 0.978148 0.207911 0
    outer loop
      vertex 5.18154 -0.50644 2.499
      vertex 5.39213 -1.49719 7
      vertex 5.39213 -1.49719 2.499
    endloop
  endfacet
  facet normal 0.913543 0.406741 0
    outer loop
      vertex 5.80411 -2.4225 7
      vertex 5.39213 -1.49719 2.499
      vertex 5.39213 -1.49719 7
    endloop
  endfacet
  facet normal 0.913543 0.406741 0
    outer loop
      vertex 5.39213 -1.49719 2.499
      vertex 5.80411 -2.4225 7
      vertex 5.80411 -2.4225 2.499
    endloop
  endfacet
  facet normal 0.500007 -0.866022 0
    outer loop
      vertex 8.50115 2.06299 -1.5
      vertex 8.96282 2.32954 2.499
      vertex 8.50115 2.06299 2.499
    endloop
  endfacet
  facet normal 0.500007 -0.866022 0
    outer loop
      vertex 8.96282 2.32954 2.499
      vertex 8.50115 2.06299 -1.5
      vertex 8.96282 2.32954 -1.5
    endloop
  endfacet
  facet normal -0.309027 0.951053 0
    outer loop
      vertex 11.0372 -2.32954 -1.5
      vertex 10.5302 -2.49428 2.499
      vertex 11.0372 -2.32954 2.499
    endloop
  endfacet
  facet normal -0.309027 0.951053 0
    outer loop
      vertex 10.5302 -2.49428 2.499
      vertex 11.0372 -2.32954 -1.5
      vertex 10.5302 -2.49428 -1.5
    endloop
  endfacet
  facet normal -0.104517 0.994523 0
    outer loop
      vertex 10.5302 -2.49428 -1.5
      vertex 10 -2.55 2.499
      vertex 10.5302 -2.49428 2.499
    endloop
  endfacet
  facet normal -0.104517 0.994523 0
    outer loop
      vertex 10 -2.55 2.499
      vertex 10.5302 -2.49428 -1.5
      vertex 10 -2.55 -1.5
    endloop
  endfacet
  facet normal -0.499982 0.866036 0
    outer loop
      vertex 11.4989 -2.06299 -1.5
      vertex 11.0372 -2.32954 2.499
      vertex 11.4989 -2.06299 2.499
    endloop
  endfacet
  facet normal -0.499982 0.866036 0
    outer loop
      vertex 11.0372 -2.32954 2.499
      vertex 11.4989 -2.06299 -1.5
      vertex 11.0372 -2.32954 -1.5
    endloop
  endfacet
  facet normal 0.978146 0.207918 0
    outer loop
      vertex 7.57481 -0.787992 2.499
      vertex 7.46397 -0.266547 -1.5
      vertex 7.46397 -0.266547 2.499
    endloop
  endfacet
  facet normal 0.978146 0.207918 0
    outer loop
      vertex 7.46397 -0.266547 -1.5
      vertex 7.57481 -0.787992 2.499
      vertex 7.57481 -0.787992 -1.5
    endloop
  endfacet
  facet normal -0.978162 -0.207846 0
    outer loop
      vertex 12.536 0.266547 -1.5
      vertex 12.4252 0.787992 2.499
      vertex 12.4252 0.787992 -1.5
    endloop
  endfacet
  facet normal -0.978162 -0.207846 0
    outer loop
      vertex 12.4252 0.787992 2.499
      vertex 12.536 0.266547 -1.5
      vertex 12.536 0.266547 2.499
    endloop
  endfacet
  facet normal -0.913566 0.40669 0
    outer loop
      vertex 12.2084 -1.275 -1.5
      vertex 12.4252 -0.787992 2.499
      vertex 12.4252 -0.787992 -1.5
    endloop
  endfacet
  facet normal -0.913566 0.40669 0
    outer loop
      vertex 12.4252 -0.787992 2.499
      vertex 12.2084 -1.275 -1.5
      vertex 12.2084 -1.275 2.499
    endloop
  endfacet
  facet normal 0.104523 -0.994523 0
    outer loop
      vertex 9.46983 2.49428 -1.5
      vertex 10 2.55 2.499
      vertex 9.46983 2.49428 2.499
    endloop
  endfacet
  facet normal 0.104523 -0.994523 0
    outer loop
      vertex 10 2.55 2.499
      vertex 9.46983 2.49428 -1.5
      vertex 10 2.55 -1.5
    endloop
  endfacet
  facet normal 0.104523 0.994523 -0
    outer loop
      vertex 10 -2.55 -1.5
      vertex 9.46983 -2.49428 2.499
      vertex 10 -2.55 2.499
    endloop
  endfacet
  facet normal 0.104523 0.994523 0
    outer loop
      vertex 9.46983 -2.49428 2.499
      vertex 10 -2.55 -1.5
      vertex 9.46983 -2.49428 -1.5
    endloop
  endfacet
  facet normal -0.104517 -0.994523 0
    outer loop
      vertex 10 2.55 -1.5
      vertex 10.5302 2.49428 2.499
      vertex 10 2.55 2.499
    endloop
  endfacet
  facet normal -0.104517 -0.994523 -0
    outer loop
      vertex 10.5302 2.49428 2.499
      vertex 10 2.55 -1.5
      vertex 10.5302 2.49428 -1.5
    endloop
  endfacet
  facet normal 0.500007 0.866022 -0
    outer loop
      vertex 8.96282 -2.32954 -1.5
      vertex 8.50115 -2.06299 2.499
      vertex 8.96282 -2.32954 2.499
    endloop
  endfacet
  facet normal 0.500007 0.866022 0
    outer loop
      vertex 8.50115 -2.06299 2.499
      vertex 8.96282 -2.32954 -1.5
      vertex 8.50115 -2.06299 -1.5
    endloop
  endfacet
  facet normal 0.80902 -0.587781 0
    outer loop
      vertex 7.79164 1.275 2.499
      vertex 8.10498 1.70628 -1.5
      vertex 8.10498 1.70628 2.499
    endloop
  endfacet
  facet normal 0.80902 -0.587781 0
    outer loop
      vertex 8.10498 1.70628 -1.5
      vertex 7.79164 1.275 2.499
      vertex 7.79164 1.275 -1.5
    endloop
  endfacet
  facet normal 0.309021 0.951055 -0
    outer loop
      vertex 9.46983 -2.49428 -1.5
      vertex 8.96282 -2.32954 2.499
      vertex 9.46983 -2.49428 2.499
    endloop
  endfacet
  facet normal 0.309021 0.951055 0
    outer loop
      vertex 8.96282 -2.32954 2.499
      vertex 9.46983 -2.49428 -1.5
      vertex 8.96282 -2.32954 -1.5
    endloop
  endfacet
  facet normal -0.669193 -0.743089 0
    outer loop
      vertex 11.4989 2.06299 -1.5
      vertex 11.895 1.70628 2.499
      vertex 11.4989 2.06299 2.499
    endloop
  endfacet
  facet normal -0.669193 -0.743089 -0
    outer loop
      vertex 11.895 1.70628 2.499
      vertex 11.4989 2.06299 -1.5
      vertex 11.895 1.70628 -1.5
    endloop
  endfacet
  facet normal -0.808966 0.587855 0
    outer loop
      vertex 11.895 -1.70628 -1.5
      vertex 12.2084 -1.275 2.499
      vertex 12.2084 -1.275 -1.5
    endloop
  endfacet
  facet normal -0.808966 0.587855 0
    outer loop
      vertex 12.2084 -1.275 2.499
      vertex 11.895 -1.70628 -1.5
      vertex 11.895 -1.70628 2.499
    endloop
  endfacet
  facet normal 0.913545 0.406737 0
    outer loop
      vertex 7.79164 -1.275 2.499
      vertex 7.57481 -0.787992 -1.5
      vertex 7.57481 -0.787992 2.499
    endloop
  endfacet
  facet normal 0.913545 0.406737 0
    outer loop
      vertex 7.57481 -0.787992 -1.5
      vertex 7.79164 -1.275 2.499
      vertex 7.79164 -1.275 -1.5
    endloop
  endfacet
  facet normal -1 0 0
    outer loop
      vertex 12.536 -0.266547 -1.5
      vertex 12.536 0.266547 2.499
      vertex 12.536 0.266547 -1.5
    endloop
  endfacet
  facet normal -1 -0 0
    outer loop
      vertex 12.536 0.266547 2.499
      vertex 12.536 -0.266547 -1.5
      vertex 12.536 -0.266547 2.499
    endloop
  endfacet
  facet normal -0.808966 -0.587855 0
    outer loop
      vertex 12.2084 1.275 -1.5
      vertex 11.895 1.70628 2.499
      vertex 11.895 1.70628 -1.5
    endloop
  endfacet
  facet normal -0.808966 -0.587855 0
    outer loop
      vertex 11.895 1.70628 2.499
      vertex 12.2084 1.275 -1.5
      vertex 12.2084 1.275 2.499
    endloop
  endfacet
  facet normal 1 -0 0
    outer loop
      vertex 7.46397 -0.266547 2.499
      vertex 7.46397 0.266547 -1.5
      vertex 7.46397 0.266547 2.499
    endloop
  endfacet
  facet normal 1 0 0
    outer loop
      vertex 7.46397 0.266547 -1.5
      vertex 7.46397 -0.266547 2.499
      vertex 7.46397 -0.266547 -1.5
    endloop
  endfacet
  facet normal 0.309021 -0.951055 0
    outer loop
      vertex 8.96282 2.32954 -1.5
      vertex 9.46983 2.49428 2.499
      vertex 8.96282 2.32954 2.499
    endloop
  endfacet
  facet normal 0.309021 -0.951055 0
    outer loop
      vertex 9.46983 2.49428 2.499
      vertex 8.96282 2.32954 -1.5
      vertex 9.46983 2.49428 -1.5
    endloop
  endfacet
  facet normal 0.80902 0.587781 0
    outer loop
      vertex 8.10498 -1.70628 2.499
      vertex 7.79164 -1.275 -1.5
      vertex 7.79164 -1.275 2.499
    endloop
  endfacet
  facet normal 0.80902 0.587781 0
    outer loop
      vertex 7.79164 -1.275 -1.5
      vertex 8.10498 -1.70628 2.499
      vertex 8.10498 -1.70628 -1.5
    endloop
  endfacet
  facet normal -0.913566 -0.40669 0
    outer loop
      vertex 12.4252 0.787992 -1.5
      vertex 12.2084 1.275 2.499
      vertex 12.2084 1.275 -1.5
    endloop
  endfacet
  facet normal -0.913566 -0.40669 0
    outer loop
      vertex 12.2084 1.275 2.499
      vertex 12.4252 0.787992 -1.5
      vertex 12.4252 0.787992 2.499
    endloop
  endfacet
  facet normal -0.978162 0.207846 0
    outer loop
      vertex 12.4252 -0.787992 -1.5
      vertex 12.536 -0.266547 2.499
      vertex 12.536 -0.266547 -1.5
    endloop
  endfacet
  facet normal -0.978162 0.207846 0
    outer loop
      vertex 12.536 -0.266547 2.499
      vertex 12.4252 -0.787992 -1.5
      vertex 12.4252 -0.787992 2.499
    endloop
  endfacet
  facet normal -0.669193 0.743089 0
    outer loop
      vertex 11.895 -1.70628 -1.5
      vertex 11.4989 -2.06299 2.499
      vertex 11.895 -1.70628 2.499
    endloop
  endfacet
  facet normal -0.669193 0.743089 0
    outer loop
      vertex 11.4989 -2.06299 2.499
      vertex 11.895 -1.70628 -1.5
      vertex 11.4989 -2.06299 -1.5
    endloop
  endfacet
  facet normal 0.669127 -0.743148 0
    outer loop
      vertex 8.10498 1.70628 -1.5
      vertex 8.50115 2.06299 2.499
      vertex 8.10498 1.70628 2.499
    endloop
  endfacet
  facet normal 0.669127 -0.743148 0
    outer loop
      vertex 8.50115 2.06299 2.499
      vertex 8.10498 1.70628 -1.5
      vertex 8.50115 2.06299 -1.5
    endloop
  endfacet
  facet normal -0.499982 -0.866036 0
    outer loop
      vertex 11.0372 2.32954 -1.5
      vertex 11.4989 2.06299 2.499
      vertex 11.0372 2.32954 2.499
    endloop
  endfacet
  facet normal -0.499982 -0.866036 -0
    outer loop
      vertex 11.4989 2.06299 2.499
      vertex 11.0372 2.32954 -1.5
      vertex 11.4989 2.06299 -1.5
    endloop
  endfacet
  facet normal 0.978146 -0.207918 0
    outer loop
      vertex 7.46397 0.266547 2.499
      vertex 7.57481 0.787992 -1.5
      vertex 7.57481 0.787992 2.499
    endloop
  endfacet
  facet normal 0.978146 -0.207918 0
    outer loop
      vertex 7.57481 0.787992 -1.5
      vertex 7.46397 0.266547 2.499
      vertex 7.46397 0.266547 -1.5
    endloop
  endfacet
  facet normal 0.669127 0.743148 -0
    outer loop
      vertex 8.50115 -2.06299 -1.5
      vertex 8.10498 -1.70628 2.499
      vertex 8.50115 -2.06299 2.499
    endloop
  endfacet
  facet normal 0.669127 0.743148 0
    outer loop
      vertex 8.10498 -1.70628 2.499
      vertex 8.50115 -2.06299 -1.5
      vertex 8.10498 -1.70628 -1.5
    endloop
  endfacet
  facet normal -0.309027 -0.951053 0
    outer loop
      vertex 10.5302 2.49428 -1.5
      vertex 11.0372 2.32954 2.499
      vertex 10.5302 2.49428 2.499
    endloop
  endfacet
  facet normal -0.309027 -0.951053 -0
    outer loop
      vertex 11.0372 2.32954 2.499
      vertex 10.5302 2.49428 -1.5
      vertex 11.0372 2.32954 -1.5
    endloop
  endfacet
  facet normal 0.913545 -0.406737 0
    outer loop
      vertex 7.57481 0.787992 2.499
      vertex 7.79164 1.275 -1.5
      vertex 7.79164 1.275 2.499
    endloop
  endfacet
  facet normal 0.913545 -0.406737 0
    outer loop
      vertex 7.79164 1.275 -1.5
      vertex 7.57481 0.787992 2.499
      vertex 7.57481 0.787992 -1.5
    endloop
  endfacet
  facet normal 0.951059 -0.309009 0
    outer loop
      vertex -4.73912 -8.99267 7
      vertex -4.42613 -8.02936 2.499
      vertex -4.42613 -8.02936 7
    endloop
  endfacet
  facet normal 0.951059 -0.309009 0
    outer loop
      vertex -4.42613 -8.02936 2.499
      vertex -4.73912 -8.99267 7
      vertex -4.73912 -8.99267 2.499
    endloop
  endfacet
  facet normal 0.951058 0.309012 0
    outer loop
      vertex -4.42613 -11.9706 7
      vertex -4.73912 -11.0073 2.499
      vertex -4.73912 -11.0073 7
    endloop
  endfacet
  facet normal 0.951058 0.309012 0
    outer loop
      vertex -4.73912 -11.0073 2.499
      vertex -4.42613 -11.9706 7
      vertex -4.42613 -11.9706 2.499
    endloop
  endfacet
  facet normal 0.994521 0.104537 0
    outer loop
      vertex -4.73912 -11.0073 7
      vertex -4.845 -10 2.499
      vertex -4.845 -10 7
    endloop
  endfacet
  facet normal 0.994521 0.104537 0
    outer loop
      vertex -4.845 -10 2.499
      vertex -4.73912 -11.0073 7
      vertex -4.73912 -11.0073 2.499
    endloop
  endfacet
  facet normal 0.86603 0.499991 0
    outer loop
      vertex -3.91969 -12.8478 7
      vertex -4.42613 -11.9706 2.499
      vertex -4.42613 -11.9706 7
    endloop
  endfacet
  facet normal 0.86603 0.499991 0
    outer loop
      vertex -4.42613 -11.9706 2.499
      vertex -3.91969 -12.8478 7
      vertex -3.91969 -12.8478 2.499
    endloop
  endfacet
  facet normal -0.86603 0.499991 0
    outer loop
      vertex 3.91969 -12.8478 2.499
      vertex 4.42613 -11.9706 7
      vertex 4.42613 -11.9706 2.499
    endloop
  endfacet
  facet normal -0.86603 0.499991 0
    outer loop
      vertex 4.42613 -11.9706 7
      vertex 3.91969 -12.8478 2.499
      vertex 3.91969 -12.8478 7
    endloop
  endfacet
  facet normal -0.951059 -0.309009 0
    outer loop
      vertex 4.73912 -8.99267 2.499
      vertex 4.42613 -8.02936 7
      vertex 4.42613 -8.02936 2.499
    endloop
  endfacet
  facet normal -0.951059 -0.309009 0
    outer loop
      vertex 4.42613 -8.02936 7
      vertex 4.73912 -8.99267 2.499
      vertex 4.73912 -8.99267 7
    endloop
  endfacet
  facet normal 0.994521 -0.104534 0
    outer loop
      vertex -4.845 -10 7
      vertex -4.73912 -8.99267 2.499
      vertex -4.73912 -8.99267 7
    endloop
  endfacet
  facet normal 0.994521 -0.104534 0
    outer loop
      vertex -4.73912 -8.99267 2.499
      vertex -4.845 -10 7
      vertex -4.845 -10 2.499
    endloop
  endfacet
  facet normal 0.743137 0.669139 0
    outer loop
      vertex -3.24194 -13.6005 7
      vertex -3.91969 -12.8478 2.499
      vertex -3.91969 -12.8478 7
    endloop
  endfacet
  facet normal 0.743137 0.669139 0
    outer loop
      vertex -3.91969 -12.8478 2.499
      vertex -3.24194 -13.6005 7
      vertex -3.24194 -13.6005 2.499
    endloop
  endfacet
  facet normal -0.207921 0.978146 0
    outer loop
      vertex 1.49719 -14.6079 2.499
      vertex 0.50644 -14.8185 7
      vertex 1.49719 -14.6079 7
    endloop
  endfacet
  facet normal -0.207921 0.978146 0
    outer loop
      vertex 0.50644 -14.8185 7
      vertex 1.49719 -14.6079 2.499
      vertex 0.50644 -14.8185 2.499
    endloop
  endfacet
  facet normal -0.743137 0.669139 0
    outer loop
      vertex 3.24194 -13.6005 2.499
      vertex 3.91969 -12.8478 7
      vertex 3.91969 -12.8478 2.499
    endloop
  endfacet
  facet normal -0.743137 0.669139 0
    outer loop
      vertex 3.91969 -12.8478 7
      vertex 3.24194 -13.6005 2.499
      vertex 3.24194 -13.6005 7
    endloop
  endfacet
  facet normal -0.951058 0.309012 0
    outer loop
      vertex 4.42613 -11.9706 2.499
      vertex 4.73912 -11.0073 7
      vertex 4.73912 -11.0073 2.499
    endloop
  endfacet
  facet normal -0.951058 0.309012 0
    outer loop
      vertex 4.73912 -11.0073 7
      vertex 4.42613 -11.9706 2.499
      vertex 4.42613 -11.9706 7
    endloop
  endfacet
  facet normal -0.587812 0.808997 0
    outer loop
      vertex 3.24194 -13.6005 2.499
      vertex 2.4225 -14.1959 7
      vertex 3.24194 -13.6005 7
    endloop
  endfacet
  facet normal -0.587812 0.808997 0
    outer loop
      vertex 2.4225 -14.1959 7
      vertex 3.24194 -13.6005 2.499
      vertex 2.4225 -14.1959 2.499
    endloop
  endfacet
  facet normal -0.406741 -0.913543 0
    outer loop
      vertex 1.49719 -5.39213 2.499
      vertex 2.4225 -5.80411 7
      vertex 1.49719 -5.39213 7
    endloop
  endfacet
  facet normal -0.406741 -0.913543 -0
    outer loop
      vertex 2.4225 -5.80411 7
      vertex 1.49719 -5.39213 2.499
      vertex 2.4225 -5.80411 2.499
    endloop
  endfacet
  facet normal -0.406758 0.913536 0
    outer loop
      vertex 2.4225 -14.1959 2.499
      vertex 1.49719 -14.6079 7
      vertex 2.4225 -14.1959 7
    endloop
  endfacet
  facet normal -0.406758 0.913536 0
    outer loop
      vertex 1.49719 -14.6079 7
      vertex 2.4225 -14.1959 2.499
      vertex 1.49719 -14.6079 2.499
    endloop
  endfacet
  facet normal 0.207921 0.978146 -0
    outer loop
      vertex -0.50644 -14.8185 2.499
      vertex -1.49719 -14.6079 7
      vertex -0.50644 -14.8185 7
    endloop
  endfacet
  facet normal 0.207921 0.978146 0
    outer loop
      vertex -1.49719 -14.6079 7
      vertex -0.50644 -14.8185 2.499
      vertex -1.49719 -14.6079 2.499
    endloop
  endfacet
  facet normal -0.994521 0.104537 0
    outer loop
      vertex 4.73912 -11.0073 2.499
      vertex 4.845 -10 7
      vertex 4.845 -10 2.499
    endloop
  endfacet
  facet normal -0.994521 0.104537 0
    outer loop
      vertex 4.845 -10 7
      vertex 4.73912 -11.0073 2.499
      vertex 4.73912 -11.0073 7
    endloop
  endfacet
  facet normal -0.994521 -0.104534 0
    outer loop
      vertex 4.845 -10 2.499
      vertex 4.73912 -8.99267 7
      vertex 4.73912 -8.99267 2.499
    endloop
  endfacet
  facet normal -0.994521 -0.104534 0
    outer loop
      vertex 4.73912 -8.99267 7
      vertex 4.845 -10 2.499
      vertex 4.845 -10 7
    endloop
  endfacet
  facet normal -0.743146 -0.669129 0
    outer loop
      vertex 3.91969 -7.15218 2.499
      vertex 3.24194 -6.39946 7
      vertex 3.24194 -6.39946 2.499
    endloop
  endfacet
  facet normal -0.743146 -0.669129 0
    outer loop
      vertex 3.24194 -6.39946 7
      vertex 3.91969 -7.15218 2.499
      vertex 3.91969 -7.15218 7
    endloop
  endfacet
  facet normal 0.743146 -0.669129 0
    outer loop
      vertex -3.91969 -7.15218 7
      vertex -3.24194 -6.39946 2.499
      vertex -3.24194 -6.39946 7
    endloop
  endfacet
  facet normal 0.743146 -0.669129 0
    outer loop
      vertex -3.24194 -6.39946 2.499
      vertex -3.91969 -7.15218 7
      vertex -3.91969 -7.15218 2.499
    endloop
  endfacet
  facet normal 0 1 -0
    outer loop
      vertex 0.50644 -14.8185 2.499
      vertex -0.50644 -14.8185 7
      vertex 0.50644 -14.8185 7
    endloop
  endfacet
  facet normal 0 1 0
    outer loop
      vertex -0.50644 -14.8185 7
      vertex 0.50644 -14.8185 2.499
      vertex -0.50644 -14.8185 2.499
    endloop
  endfacet
  facet normal 0.866025 -0.5 0
    outer loop
      vertex -4.42613 -8.02936 7
      vertex -3.91969 -7.15218 2.499
      vertex -3.91969 -7.15218 7
    endloop
  endfacet
  facet normal 0.866025 -0.5 0
    outer loop
      vertex -3.91969 -7.15218 2.499
      vertex -4.42613 -8.02936 7
      vertex -4.42613 -8.02936 2.499
    endloop
  endfacet
  facet normal 0.587812 0.808997 -0
    outer loop
      vertex -2.4225 -14.1959 2.499
      vertex -3.24194 -13.6005 7
      vertex -2.4225 -14.1959 7
    endloop
  endfacet
  facet normal 0.587812 0.808997 0
    outer loop
      vertex -3.24194 -13.6005 7
      vertex -2.4225 -14.1959 2.499
      vertex -3.24194 -13.6005 2.499
    endloop
  endfacet
  facet normal 0.406758 0.913536 -0
    outer loop
      vertex -1.49719 -14.6079 2.499
      vertex -2.4225 -14.1959 7
      vertex -1.49719 -14.6079 7
    endloop
  endfacet
  facet normal 0.406758 0.913536 0
    outer loop
      vertex -2.4225 -14.1959 7
      vertex -1.49719 -14.6079 2.499
      vertex -2.4225 -14.1959 2.499
    endloop
  endfacet
  facet normal -0.207911 -0.978148 0
    outer loop
      vertex 0.50644 -5.18154 2.499
      vertex 1.49719 -5.39213 7
      vertex 0.50644 -5.18154 7
    endloop
  endfacet
  facet normal -0.207911 -0.978148 -0
    outer loop
      vertex 1.49719 -5.39213 7
      vertex 0.50644 -5.18154 2.499
      vertex 1.49719 -5.39213 2.499
    endloop
  endfacet
  facet normal -0.866025 -0.5 0
    outer loop
      vertex 4.42613 -8.02936 2.499
      vertex 3.91969 -7.15218 7
      vertex 3.91969 -7.15218 2.499
    endloop
  endfacet
  facet normal -0.866025 -0.5 0
    outer loop
      vertex 3.91969 -7.15218 7
      vertex 4.42613 -8.02936 2.499
      vertex 4.42613 -8.02936 7
    endloop
  endfacet
  facet normal -0.58778 -0.809021 0
    outer loop
      vertex 2.4225 -5.80411 2.499
      vertex 3.24194 -6.39946 7
      vertex 2.4225 -5.80411 7
    endloop
  endfacet
  facet normal -0.58778 -0.809021 -0
    outer loop
      vertex 3.24194 -6.39946 7
      vertex 2.4225 -5.80411 2.499
      vertex 3.24194 -6.39946 2.499
    endloop
  endfacet
  facet normal 0 -1 0
    outer loop
      vertex -0.50644 -5.18154 2.499
      vertex 0.50644 -5.18154 7
      vertex -0.50644 -5.18154 7
    endloop
  endfacet
  facet normal 0 -1 -0
    outer loop
      vertex 0.50644 -5.18154 7
      vertex -0.50644 -5.18154 2.499
      vertex 0.50644 -5.18154 2.499
    endloop
  endfacet
  facet normal 0 0 1
    outer loop
      vertex 2.55 -10 2.499
      vertex 4.845 -10 2.499
      vertex 4.73912 -8.99267 2.499
    endloop
  endfacet
  facet normal 0 0 1
    outer loop
      vertex 2.49428 -9.46983 2.499
      vertex 4.73912 -8.99267 2.499
      vertex 4.42613 -8.02936 2.499
    endloop
  endfacet
  facet normal 0 0 1
    outer loop
      vertex 4.845 -10 2.499
      vertex 2.55 -10 2.499
      vertex 4.73912 -11.0073 2.499
    endloop
  endfacet
  facet normal 0 0 1
    outer loop
      vertex 2.32954 -8.96282 2.499
      vertex 4.42613 -8.02936 2.499
      vertex 3.91969 -7.15218 2.499
    endloop
  endfacet
  facet normal -0 0 1
    outer loop
      vertex 2.49428 -10.5302 2.499
      vertex 4.73912 -11.0073 2.499
      vertex 2.55 -10 2.499
    endloop
  endfacet
  facet normal 0 0 1
    outer loop
      vertex 2.06299 -8.50115 2.499
      vertex 3.91969 -7.15218 2.499
      vertex 3.24194 -6.39946 2.499
    endloop
  endfacet
  facet normal 0 0 1
    outer loop
      vertex 4.73912 -11.0073 2.499
      vertex 2.49428 -10.5302 2.499
      vertex 4.42613 -11.9706 2.499
    endloop
  endfacet
  facet normal -0 0 1
    outer loop
      vertex 2.32954 -11.0372 2.499
      vertex 4.42613 -11.9706 2.499
      vertex 2.49428 -10.5302 2.499
    endloop
  endfacet
  facet normal 0 0 1
    outer loop
      vertex 4.73912 -8.99267 2.499
      vertex 2.49428 -9.46983 2.499
      vertex 2.55 -10 2.499
    endloop
  endfacet
  facet normal 0 0 1
    outer loop
      vertex 1.70628 -8.10498 2.499
      vertex 3.24194 -6.39946 2.499
      vertex 2.4225 -5.80411 2.499
    endloop
  endfacet
  facet normal 0 0 1
    outer loop
      vertex 4.42613 -8.02936 2.499
      vertex 2.32954 -8.96282 2.499
      vertex 2.49428 -9.46983 2.499
    endloop
  endfacet
  facet normal 0 0 1
    outer loop
      vertex 3.91969 -7.15218 2.499
      vertex 2.06299 -8.50115 2.499
      vertex 2.32954 -8.96282 2.499
    endloop
  endfacet
  facet normal 0 0 1
    outer loop
      vertex 3.24194 -6.39946 2.499
      vertex 1.70628 -8.10498 2.499
      vertex 2.06299 -8.50115 2.499
    endloop
  endfacet
  facet normal 0 0 1
    outer loop
      vertex 1.275 -7.79164 2.499
      vertex 2.4225 -5.80411 2.499
      vertex 1.49719 -5.39213 2.499
    endloop
  endfacet
  facet normal 0 0 1
    outer loop
      vertex 2.4225 -5.80411 2.499
      vertex 1.275 -7.79164 2.499
      vertex 1.70628 -8.10498 2.499
    endloop
  endfacet
  facet normal 0 0 1
    outer loop
      vertex 1.49719 -5.39213 2.499
      vertex 0.787992 -7.57481 2.499
      vertex 1.275 -7.79164 2.499
    endloop
  endfacet
  facet normal 0 0 1
    outer loop
      vertex 0.50644 -5.18154 2.499
      vertex 0.787992 -7.57481 2.499
      vertex 1.49719 -5.39213 2.499
    endloop
  endfacet
  facet normal 0 0 1
    outer loop
      vertex 0.50644 -5.18154 2.499
      vertex 0.266547 -7.46397 2.499
      vertex 0.787992 -7.57481 2.499
    endloop
  endfacet
  facet normal 0 0 1
    outer loop
      vertex 0.50644 -5.18154 2.499
      vertex -0.266547 -7.46397 2.499
      vertex 0.266547 -7.46397 2.499
    endloop
  endfacet
  facet normal -0 0 1
    outer loop
      vertex -0.50644 -5.18154 2.499
      vertex -0.266547 -7.46397 2.499
      vertex 0.50644 -5.18154 2.499
    endloop
  endfacet
  facet normal 0 0 1
    outer loop
      vertex -0.50644 -5.18154 2.499
      vertex -0.787992 -7.57481 2.499
      vertex -0.266547 -7.46397 2.499
    endloop
  endfacet
  facet normal -0 0 1
    outer loop
      vertex -1.49719 -5.39213 2.499
      vertex -0.787992 -7.57481 2.499
      vertex -0.50644 -5.18154 2.499
    endloop
  endfacet
  facet normal 0 0 1
    outer loop
      vertex -0.787992 -7.57481 2.499
      vertex -1.49719 -5.39213 2.499
      vertex -1.275 -7.79164 2.499
    endloop
  endfacet
  facet normal -0 0 1
    outer loop
      vertex -2.4225 -5.80411 2.499
      vertex -1.275 -7.79164 2.499
      vertex -1.49719 -5.39213 2.499
    endloop
  endfacet
  facet normal 0 0 1
    outer loop
      vertex -1.275 -7.79164 2.499
      vertex -2.4225 -5.80411 2.499
      vertex -1.70628 -8.10498 2.499
    endloop
  endfacet
  facet normal -0 0 1
    outer loop
      vertex -3.24194 -6.39946 2.499
      vertex -1.70628 -8.10498 2.499
      vertex -2.4225 -5.80411 2.499
    endloop
  endfacet
  facet normal 0 0 1
    outer loop
      vertex -1.70628 -8.10498 2.499
      vertex -3.24194 -6.39946 2.499
      vertex -2.06299 -8.50115 2.499
    endloop
  endfacet
  facet normal -0 0 1
    outer loop
      vertex -3.91969 -7.15218 2.499
      vertex -2.06299 -8.50115 2.499
      vertex -3.24194 -6.39946 2.499
    endloop
  endfacet
  facet normal 0 0 1
    outer loop
      vertex -2.06299 -8.50115 2.499
      vertex -3.91969 -7.15218 2.499
      vertex -2.32954 -8.96282 2.499
    endloop
  endfacet
  facet normal -0 0 1
    outer loop
      vertex -4.42613 -8.02936 2.499
      vertex -2.32954 -8.96282 2.499
      vertex -3.91969 -7.15218 2.499
    endloop
  endfacet
  facet normal 0 0 1
    outer loop
      vertex 4.42613 -11.9706 2.499
      vertex 2.32954 -11.0372 2.499
      vertex 3.91969 -12.8478 2.499
    endloop
  endfacet
  facet normal -0 0 1
    outer loop
      vertex 2.06299 -11.4989 2.499
      vertex 3.91969 -12.8478 2.499
      vertex 2.32954 -11.0372 2.499
    endloop
  endfacet
  facet normal 0 0 1
    outer loop
      vertex 3.91969 -12.8478 2.499
      vertex 2.06299 -11.4989 2.499
      vertex 3.24194 -13.6005 2.499
    endloop
  endfacet
  facet normal -0 0 1
    outer loop
      vertex 1.70628 -11.895 2.499
      vertex 3.24194 -13.6005 2.499
      vertex 2.06299 -11.4989 2.499
    endloop
  endfacet
  facet normal 0 0 1
    outer loop
      vertex 3.24194 -13.6005 2.499
      vertex 1.70628 -11.895 2.499
      vertex 2.4225 -14.1959 2.499
    endloop
  endfacet
  facet normal -0 0 1
    outer loop
      vertex 1.275 -12.2084 2.499
      vertex 2.4225 -14.1959 2.499
      vertex 1.70628 -11.895 2.499
    endloop
  endfacet
  facet normal 0 0 1
    outer loop
      vertex 2.4225 -14.1959 2.499
      vertex 1.275 -12.2084 2.499
      vertex 1.49719 -14.6079 2.499
    endloop
  endfacet
  facet normal -0 0 1
    outer loop
      vertex 0.787992 -12.4252 2.499
      vertex 1.49719 -14.6079 2.499
      vertex 1.275 -12.2084 2.499
    endloop
  endfacet
  facet normal 0 0 1
    outer loop
      vertex 0.787992 -12.4252 2.499
      vertex 0.50644 -14.8185 2.499
      vertex 1.49719 -14.6079 2.499
    endloop
  endfacet
  facet normal -0 0 1
    outer loop
      vertex 0.266547 -12.536 2.499
      vertex 0.50644 -14.8185 2.499
      vertex 0.787992 -12.4252 2.499
    endloop
  endfacet
  facet normal -0 0 1
    outer loop
      vertex -0.266547 -12.536 2.499
      vertex 0.50644 -14.8185 2.499
      vertex 0.266547 -12.536 2.499
    endloop
  endfacet
  facet normal 0 0 1
    outer loop
      vertex -0.266547 -12.536 2.499
      vertex -0.50644 -14.8185 2.499
      vertex 0.50644 -14.8185 2.499
    endloop
  endfacet
  facet normal 0 0 1
    outer loop
      vertex -0.787992 -12.4252 2.499
      vertex -0.50644 -14.8185 2.499
      vertex -0.266547 -12.536 2.499
    endloop
  endfacet
  facet normal 0 0 1
    outer loop
      vertex -1.49719 -14.6079 2.499
      vertex -0.787992 -12.4252 2.499
      vertex -1.275 -12.2084 2.499
    endloop
  endfacet
  facet normal 0 0 1
    outer loop
      vertex -0.787992 -12.4252 2.499
      vertex -1.49719 -14.6079 2.499
      vertex -0.50644 -14.8185 2.499
    endloop
  endfacet
  facet normal 0 0 1
    outer loop
      vertex -2.4225 -14.1959 2.499
      vertex -1.275 -12.2084 2.499
      vertex -1.70628 -11.895 2.499
    endloop
  endfacet
  facet normal 0 0 1
    outer loop
      vertex -3.24194 -13.6005 2.499
      vertex -1.70628 -11.895 2.499
      vertex -2.06299 -11.4989 2.499
    endloop
  endfacet
  facet normal 0 0 1
    outer loop
      vertex -3.91969 -12.8478 2.499
      vertex -2.06299 -11.4989 2.499
      vertex -2.32954 -11.0372 2.499
    endloop
  endfacet
  facet normal 0 0 1
    outer loop
      vertex -1.275 -12.2084 2.499
      vertex -2.4225 -14.1959 2.499
      vertex -1.49719 -14.6079 2.499
    endloop
  endfacet
  facet normal 0 0 1
    outer loop
      vertex -4.42613 -11.9706 2.499
      vertex -2.32954 -11.0372 2.499
      vertex -2.49428 -10.5302 2.499
    endloop
  endfacet
  facet normal 0 0 1
    outer loop
      vertex -4.73912 -11.0073 2.499
      vertex -2.49428 -10.5302 2.499
      vertex -2.55 -10 2.499
    endloop
  endfacet
  facet normal 0 0 1
    outer loop
      vertex -2.32954 -8.96282 2.499
      vertex -4.42613 -8.02936 2.499
      vertex -2.49428 -9.46983 2.499
    endloop
  endfacet
  facet normal 0 0 1
    outer loop
      vertex -1.70628 -11.895 2.499
      vertex -3.24194 -13.6005 2.499
      vertex -2.4225 -14.1959 2.499
    endloop
  endfacet
  facet normal -0 0 1
    outer loop
      vertex -4.73912 -8.99267 2.499
      vertex -2.49428 -9.46983 2.499
      vertex -4.42613 -8.02936 2.499
    endloop
  endfacet
  facet normal 0 0 1
    outer loop
      vertex -2.06299 -11.4989 2.499
      vertex -3.91969 -12.8478 2.499
      vertex -3.24194 -13.6005 2.499
    endloop
  endfacet
  facet normal 0 0 1
    outer loop
      vertex -2.49428 -9.46983 2.499
      vertex -4.73912 -8.99267 2.499
      vertex -2.55 -10 2.499
    endloop
  endfacet
  facet normal 0 0 1
    outer loop
      vertex -2.32954 -11.0372 2.499
      vertex -4.42613 -11.9706 2.499
      vertex -3.91969 -12.8478 2.499
    endloop
  endfacet
  facet normal 0 0 1
    outer loop
      vertex -4.845 -10 2.499
      vertex -2.55 -10 2.499
      vertex -4.73912 -8.99267 2.499
    endloop
  endfacet
  facet normal 0 0 1
    outer loop
      vertex -2.49428 -10.5302 2.499
      vertex -4.73912 -11.0073 2.499
      vertex -4.42613 -11.9706 2.499
    endloop
  endfacet
  facet normal 0 0 1
    outer loop
      vertex -2.55 -10 2.499
      vertex -4.845 -10 2.499
      vertex -4.73912 -11.0073 2.499
    endloop
  endfacet
  facet normal 0.58778 -0.809021 0
    outer loop
      vertex -3.24194 -6.39946 2.499
      vertex -2.4225 -5.80411 7
      vertex -3.24194 -6.39946 7
    endloop
  endfacet
  facet normal 0.58778 -0.809021 0
    outer loop
      vertex -2.4225 -5.80411 7
      vertex -3.24194 -6.39946 2.499
      vertex -2.4225 -5.80411 2.499
    endloop
  endfacet
  facet normal 0.207911 -0.978148 0
    outer loop
      vertex -1.49719 -5.39213 2.499
      vertex -0.50644 -5.18154 7
      vertex -1.49719 -5.39213 7
    endloop
  endfacet
  facet normal 0.207911 -0.978148 0
    outer loop
      vertex -0.50644 -5.18154 7
      vertex -1.49719 -5.39213 2.499
      vertex -0.50644 -5.18154 2.499
    endloop
  endfacet
  facet normal 0.406741 -0.913543 0
    outer loop
      vertex -2.4225 -5.80411 2.499
      vertex -1.49719 -5.39213 7
      vertex -2.4225 -5.80411 7
    endloop
  endfacet
  facet normal 0.406741 -0.913543 0
    outer loop
      vertex -1.49719 -5.39213 7
      vertex -2.4225 -5.80411 2.499
      vertex -1.49719 -5.39213 2.499
    endloop
  endfacet
  facet normal -0.866022 -0.500007 0
    outer loop
      vertex 2.32954 -8.96282 -1.5
      vertex 2.06299 -8.50115 2.499
      vertex 2.06299 -8.50115 -1.5
    endloop
  endfacet
  facet normal -0.866022 -0.500007 0
    outer loop
      vertex 2.06299 -8.50115 2.499
      vertex 2.32954 -8.96282 -1.5
      vertex 2.32954 -8.96282 2.499
    endloop
  endfacet
  facet normal 0.951053 0.309027 0
    outer loop
      vertex -2.32954 -11.0372 2.499
      vertex -2.49428 -10.5302 -1.5
      vertex -2.49428 -10.5302 2.499
    endloop
  endfacet
  facet normal 0.951053 0.309027 0
    outer loop
      vertex -2.49428 -10.5302 -1.5
      vertex -2.32954 -11.0372 2.499
      vertex -2.32954 -11.0372 -1.5
    endloop
  endfacet
  facet normal 0.994523 0.104517 0
    outer loop
      vertex -2.49428 -10.5302 2.499
      vertex -2.55 -10 -1.5
      vertex -2.55 -10 2.499
    endloop
  endfacet
  facet normal 0.994523 0.104517 0
    outer loop
      vertex -2.55 -10 -1.5
      vertex -2.49428 -10.5302 2.499
      vertex -2.49428 -10.5302 -1.5
    endloop
  endfacet
  facet normal 0.866036 0.499982 0
    outer loop
      vertex -2.06299 -11.4989 2.499
      vertex -2.32954 -11.0372 -1.5
      vertex -2.32954 -11.0372 2.499
    endloop
  endfacet
  facet normal 0.866036 0.499982 0
    outer loop
      vertex -2.32954 -11.0372 -1.5
      vertex -2.06299 -11.4989 2.499
      vertex -2.06299 -11.4989 -1.5
    endloop
  endfacet
  facet normal 0.207918 -0.978146 0
    outer loop
      vertex -0.787992 -7.57481 -1.5
      vertex -0.266547 -7.46397 2.499
      vertex -0.787992 -7.57481 2.499
    endloop
  endfacet
  facet normal 0.207918 -0.978146 0
    outer loop
      vertex -0.266547 -7.46397 2.499
      vertex -0.787992 -7.57481 -1.5
      vertex -0.266547 -7.46397 -1.5
    endloop
  endfacet
  facet normal -0.207846 0.978162 0
    outer loop
      vertex 0.787992 -12.4252 -1.5
      vertex 0.266547 -12.536 2.499
      vertex 0.787992 -12.4252 2.499
    endloop
  endfacet
  facet normal -0.207846 0.978162 0
    outer loop
      vertex 0.266547 -12.536 2.499
      vertex 0.787992 -12.4252 -1.5
      vertex 0.266547 -12.536 -1.5
    endloop
  endfacet
  facet normal 0.40669 0.913566 -0
    outer loop
      vertex -0.787992 -12.4252 -1.5
      vertex -1.275 -12.2084 2.499
      vertex -0.787992 -12.4252 2.499
    endloop
  endfacet
  facet normal 0.40669 0.913566 0
    outer loop
      vertex -1.275 -12.2084 2.499
      vertex -0.787992 -12.4252 -1.5
      vertex -1.275 -12.2084 -1.5
    endloop
  endfacet
  facet normal -0.994523 -0.104523 0
    outer loop
      vertex 2.55 -10 -1.5
      vertex 2.49428 -9.46983 2.499
      vertex 2.49428 -9.46983 -1.5
    endloop
  endfacet
  facet normal -0.994523 -0.104523 0
    outer loop
      vertex 2.49428 -9.46983 2.499
      vertex 2.55 -10 -1.5
      vertex 2.55 -10 2.499
    endloop
  endfacet
  facet normal 0.994523 -0.104523 0
    outer loop
      vertex -2.55 -10 2.499
      vertex -2.49428 -9.46983 -1.5
      vertex -2.49428 -9.46983 2.499
    endloop
  endfacet
  facet normal 0.994523 -0.104523 0
    outer loop
      vertex -2.49428 -9.46983 -1.5
      vertex -2.55 -10 2.499
      vertex -2.55 -10 -1.5
    endloop
  endfacet
  facet normal -0.994523 0.104517 0
    outer loop
      vertex 2.49428 -10.5302 -1.5
      vertex 2.55 -10 2.499
      vertex 2.55 -10 -1.5
    endloop
  endfacet
  facet normal -0.994523 0.104517 0
    outer loop
      vertex 2.55 -10 2.499
      vertex 2.49428 -10.5302 -1.5
      vertex 2.49428 -10.5302 2.499
    endloop
  endfacet
  facet normal 0.866022 -0.500007 0
    outer loop
      vertex -2.32954 -8.96282 2.499
      vertex -2.06299 -8.50115 -1.5
      vertex -2.06299 -8.50115 2.499
    endloop
  endfacet
  facet normal 0.866022 -0.500007 0
    outer loop
      vertex -2.06299 -8.50115 -1.5
      vertex -2.32954 -8.96282 2.499
      vertex -2.32954 -8.96282 -1.5
    endloop
  endfacet
  facet normal -0.587781 -0.80902 0
    outer loop
      vertex 1.275 -7.79164 -1.5
      vertex 1.70628 -8.10498 2.499
      vertex 1.275 -7.79164 2.499
    endloop
  endfacet
  facet normal -0.587781 -0.80902 -0
    outer loop
      vertex 1.70628 -8.10498 2.499
      vertex 1.275 -7.79164 -1.5
      vertex 1.70628 -8.10498 -1.5
    endloop
  endfacet
  facet normal 0.951055 -0.309021 0
    outer loop
      vertex -2.49428 -9.46983 2.499
      vertex -2.32954 -8.96282 -1.5
      vertex -2.32954 -8.96282 2.499
    endloop
  endfacet
  facet normal 0.951055 -0.309021 0
    outer loop
      vertex -2.32954 -8.96282 -1.5
      vertex -2.49428 -9.46983 2.499
      vertex -2.49428 -9.46983 -1.5
    endloop
  endfacet
  facet normal -0.743089 0.669193 0
    outer loop
      vertex 1.70628 -11.895 -1.5
      vertex 2.06299 -11.4989 2.499
      vertex 2.06299 -11.4989 -1.5
    endloop
  endfacet
  facet normal -0.743089 0.669193 0
    outer loop
      vertex 2.06299 -11.4989 2.499
      vertex 1.70628 -11.895 -1.5
      vertex 1.70628 -11.895 2.499
    endloop
  endfacet
  facet normal 0.587855 0.808966 -0
    outer loop
      vertex -1.275 -12.2084 -1.5
      vertex -1.70628 -11.895 2.499
      vertex -1.275 -12.2084 2.499
    endloop
  endfacet
  facet normal 0.587855 0.808966 0
    outer loop
      vertex -1.70628 -11.895 2.499
      vertex -1.275 -12.2084 -1.5
      vertex -1.70628 -11.895 -1.5
    endloop
  endfacet
  facet normal 0.406737 -0.913545 0
    outer loop
      vertex -1.275 -7.79164 -1.5
      vertex -0.787992 -7.57481 2.499
      vertex -1.275 -7.79164 2.499
    endloop
  endfacet
  facet normal 0.406737 -0.913545 0
    outer loop
      vertex -0.787992 -7.57481 2.499
      vertex -1.275 -7.79164 -1.5
      vertex -0.787992 -7.57481 -1.5
    endloop
  endfacet
  facet normal 0 1 -0
    outer loop
      vertex 0.266547 -12.536 -1.5
      vertex -0.266547 -12.536 2.499
      vertex 0.266547 -12.536 2.499
    endloop
  endfacet
  facet normal 0 1 0
    outer loop
      vertex -0.266547 -12.536 2.499
      vertex 0.266547 -12.536 -1.5
      vertex -0.266547 -12.536 -1.5
    endloop
  endfacet
  facet normal -0.587855 0.808966 0
    outer loop
      vertex 1.70628 -11.895 -1.5
      vertex 1.275 -12.2084 2.499
      vertex 1.70628 -11.895 2.499
    endloop
  endfacet
  facet normal -0.587855 0.808966 0
    outer loop
      vertex 1.275 -12.2084 2.499
      vertex 1.70628 -11.895 -1.5
      vertex 1.275 -12.2084 -1.5
    endloop
  endfacet
  facet normal 0 -1 0
    outer loop
      vertex -0.266547 -7.46397 -1.5
      vertex 0.266547 -7.46397 2.499
      vertex -0.266547 -7.46397 2.499
    endloop
  endfacet
  facet normal 0 -1 -0
    outer loop
      vertex 0.266547 -7.46397 2.499
      vertex -0.266547 -7.46397 -1.5
      vertex 0.266547 -7.46397 -1.5
    endloop
  endfacet
  facet normal -0.951055 -0.309021 0
    outer loop
      vertex 2.49428 -9.46983 -1.5
      vertex 2.32954 -8.96282 2.499
      vertex 2.32954 -8.96282 -1.5
    endloop
  endfacet
  facet normal -0.951055 -0.309021 0
    outer loop
      vertex 2.32954 -8.96282 2.499
      vertex 2.49428 -9.46983 -1.5
      vertex 2.49428 -9.46983 2.499
    endloop
  endfacet
  facet normal 0.587781 -0.80902 0
    outer loop
      vertex -1.70628 -8.10498 -1.5
      vertex -1.275 -7.79164 2.499
      vertex -1.70628 -8.10498 2.499
    endloop
  endfacet
  facet normal 0.587781 -0.80902 0
    outer loop
      vertex -1.275 -7.79164 2.499
      vertex -1.70628 -8.10498 -1.5
      vertex -1.275 -7.79164 -1.5
    endloop
  endfacet
  facet normal -0.40669 0.913566 0
    outer loop
      vertex 1.275 -12.2084 -1.5
      vertex 0.787992 -12.4252 2.499
      vertex 1.275 -12.2084 2.499
    endloop
  endfacet
  facet normal -0.40669 0.913566 0
    outer loop
      vertex 0.787992 -12.4252 2.499
      vertex 1.275 -12.2084 -1.5
      vertex 0.787992 -12.4252 -1.5
    endloop
  endfacet
  facet normal 0.207846 0.978162 -0
    outer loop
      vertex -0.266547 -12.536 -1.5
      vertex -0.787992 -12.4252 2.499
      vertex -0.266547 -12.536 2.499
    endloop
  endfacet
  facet normal 0.207846 0.978162 0
    outer loop
      vertex -0.787992 -12.4252 2.499
      vertex -0.266547 -12.536 -1.5
      vertex -0.787992 -12.4252 -1.5
    endloop
  endfacet
  facet normal 0.743089 0.669193 0
    outer loop
      vertex -1.70628 -11.895 2.499
      vertex -2.06299 -11.4989 -1.5
      vertex -2.06299 -11.4989 2.499
    endloop
  endfacet
  facet normal 0.743089 0.669193 0
    outer loop
      vertex -2.06299 -11.4989 -1.5
      vertex -1.70628 -11.895 2.499
      vertex -1.70628 -11.895 -1.5
    endloop
  endfacet
  facet normal -0.743148 -0.669127 0
    outer loop
      vertex 2.06299 -8.50115 -1.5
      vertex 1.70628 -8.10498 2.499
      vertex 1.70628 -8.10498 -1.5
    endloop
  endfacet
  facet normal -0.743148 -0.669127 0
    outer loop
      vertex 1.70628 -8.10498 2.499
      vertex 2.06299 -8.50115 -1.5
      vertex 2.06299 -8.50115 2.499
    endloop
  endfacet
  facet normal -0.866036 0.499982 0
    outer loop
      vertex 2.06299 -11.4989 -1.5
      vertex 2.32954 -11.0372 2.499
      vertex 2.32954 -11.0372 -1.5
    endloop
  endfacet
  facet normal -0.866036 0.499982 0
    outer loop
      vertex 2.32954 -11.0372 2.499
      vertex 2.06299 -11.4989 -1.5
      vertex 2.06299 -11.4989 2.499
    endloop
  endfacet
  facet normal -0.207918 -0.978146 0
    outer loop
      vertex 0.266547 -7.46397 -1.5
      vertex 0.787992 -7.57481 2.499
      vertex 0.266547 -7.46397 2.499
    endloop
  endfacet
  facet normal -0.207918 -0.978146 -0
    outer loop
      vertex 0.787992 -7.57481 2.499
      vertex 0.266547 -7.46397 -1.5
      vertex 0.787992 -7.57481 -1.5
    endloop
  endfacet
  facet normal 0.743148 -0.669127 0
    outer loop
      vertex -2.06299 -8.50115 2.499
      vertex -1.70628 -8.10498 -1.5
      vertex -1.70628 -8.10498 2.499
    endloop
  endfacet
  facet normal 0.743148 -0.669127 0
    outer loop
      vertex -1.70628 -8.10498 -1.5
      vertex -2.06299 -8.50115 2.499
      vertex -2.06299 -8.50115 -1.5
    endloop
  endfacet
  facet normal -0.951053 0.309027 0
    outer loop
      vertex 2.32954 -11.0372 -1.5
      vertex 2.49428 -10.5302 2.499
      vertex 2.49428 -10.5302 -1.5
    endloop
  endfacet
  facet normal -0.951053 0.309027 0
    outer loop
      vertex 2.49428 -10.5302 2.499
      vertex 2.32954 -11.0372 -1.5
      vertex 2.32954 -11.0372 2.499
    endloop
  endfacet
  facet normal -0.406737 -0.913545 0
    outer loop
      vertex 0.787992 -7.57481 -1.5
      vertex 1.275 -7.79164 2.499
      vertex 0.787992 -7.57481 2.499
    endloop
  endfacet
  facet normal -0.406737 -0.913545 -0
    outer loop
      vertex 1.275 -7.79164 2.499
      vertex 0.787992 -7.57481 -1.5
      vertex 1.275 -7.79164 -1.5
    endloop
  endfacet
  facet normal 0.0941848 -0.895938 -0.434078
    outer loop
      vertex -10.7497 4.7662 12.499
      vertex -10.8059 3.7913 14.499
      vertex -11.0073 4.73912 12.499
    endloop
  endfacet
  facet normal 0.0940585 -0.895947 -0.434087
    outer loop
      vertex -10.8059 3.7913 14.499
      vertex -10.7497 4.7662 12.499
      vertex -10.7497 3.7972 14.499
    endloop
  endfacet
  facet normal 0.728747 -0.529574 -0.434141
    outer loop
      vertex -13.2503 2.92654 13.4719
      vertex -12.8804 2.59355 14.499
      vertex -13.2503 2.08453 14.499
    endloop
  endfacet
  facet normal 0.450409 0.780197 -0.43408
    outer loop
      vertex -11.9706 -4.42613 12.499
      vertex -12.2783 -3.13575 14.499
      vertex -11.5765 -3.5409 14.499
    endloop
  endfacet
  facet normal 0.450432 0.780188 -0.434071
    outer loop
      vertex -12.2783 -3.13575 14.499
      vertex -11.9706 -4.42613 12.499
      vertex -12.8478 -3.91969 12.499
    endloop
  endfacet
  facet normal 0.0940585 0.895947 -0.434087
    outer loop
      vertex -10.7497 -4.7662 12.499
      vertex -10.8059 -3.7913 14.499
      vertex -10.7497 -3.7972 14.499
    endloop
  endfacet
  facet normal 0.0941848 0.895938 -0.434078
    outer loop
      vertex -10.8059 -3.7913 14.499
      vertex -10.7497 -4.7662 12.499
      vertex -11.0073 -4.73912 12.499
    endloop
  endfacet
  facet normal 0.602827 0.669424 -0.434132
    outer loop
      vertex -12.2783 -3.13575 14.499
      vertex -13.2503 -2.92654 13.4719
      vertex -12.8804 -2.59355 14.499
    endloop
  endfacet
  facet normal 0.602778 0.66951 -0.434069
    outer loop
      vertex -12.8478 -3.91969 12.499
      vertex -13.2503 -2.92654 13.4719
      vertex -12.2783 -3.13575 14.499
    endloop
  endfacet
  facet normal 0.602739 0.669525 -0.4341
    outer loop
      vertex -13.2503 -2.92654 13.4719
      vertex -12.8478 -3.91969 12.499
      vertex -13.2503 -3.55734 12.499
    endloop
  endfacet
  facet normal 0.728747 0.529574 -0.434141
    outer loop
      vertex -13.2503 -2.08453 14.499
      vertex -12.8804 -2.59355 14.499
      vertex -13.2503 -2.92654 13.4719
    endloop
  endfacet
  facet normal 0.602827 -0.669424 -0.434132
    outer loop
      vertex -13.2503 2.92654 13.4719
      vertex -12.2783 3.13575 14.499
      vertex -12.8804 2.59355 14.499
    endloop
  endfacet
  facet normal 0.602739 -0.669525 -0.4341
    outer loop
      vertex -12.8478 3.91969 12.499
      vertex -13.2503 2.92654 13.4719
      vertex -13.2503 3.55734 12.499
    endloop
  endfacet
  facet normal 0.602778 -0.66951 -0.434069
    outer loop
      vertex -13.2503 2.92654 13.4719
      vertex -12.8478 3.91969 12.499
      vertex -12.2783 3.13575 14.499
    endloop
  endfacet
  facet normal 0.278404 0.856781 -0.434072
    outer loop
      vertex -11.0073 -4.73912 12.499
      vertex -11.5765 -3.5409 14.499
      vertex -10.8059 -3.7913 14.499
    endloop
  endfacet
  facet normal 0.278381 0.856784 -0.43408
    outer loop
      vertex -11.5765 -3.5409 14.499
      vertex -11.0073 -4.73912 12.499
      vertex -11.9706 -4.42613 12.499
    endloop
  endfacet
  facet normal 0.450432 -0.780188 -0.434071
    outer loop
      vertex -11.9706 4.42613 12.499
      vertex -12.2783 3.13575 14.499
      vertex -12.8478 3.91969 12.499
    endloop
  endfacet
  facet normal 0.450409 -0.780197 -0.43408
    outer loop
      vertex -12.2783 3.13575 14.499
      vertex -11.9706 4.42613 12.499
      vertex -11.5765 3.5409 14.499
    endloop
  endfacet
  facet normal 0.278381 -0.856784 -0.43408
    outer loop
      vertex -11.0073 4.73912 12.499
      vertex -11.5765 3.5409 14.499
      vertex -11.9706 4.42613 12.499
    endloop
  endfacet
  facet normal 0.278404 -0.856781 -0.434072
    outer loop
      vertex -11.5765 3.5409 14.499
      vertex -11.0073 4.73912 12.499
      vertex -10.8059 3.7913 14.499
    endloop
  endfacet
  facet normal 0 0 -1
    outer loop
      vertex -11.5765 -3.5409 14.499
      vertex -10.7497 -3.7972 14.499
      vertex -10.8059 -3.7913 14.499
    endloop
  endfacet
  facet normal 0 0 -1
    outer loop
      vertex -13.2503 -2.08453 14.499
      vertex -10.7497 -3.7972 14.499
      vertex -11.5765 -3.5409 14.499
    endloop
  endfacet
  facet normal 0 0 -1
    outer loop
      vertex -10.7497 -3.7972 14.499
      vertex -13.2503 -2.08453 14.499
      vertex -10.7497 3.7972 14.499
    endloop
  endfacet
  facet normal 0 0 -1
    outer loop
      vertex -10.7497 3.7972 14.499
      vertex -11.5765 3.5409 14.499
      vertex -10.8059 3.7913 14.499
    endloop
  endfacet
  facet normal 0 0 -1
    outer loop
      vertex -13.2503 -2.08453 14.499
      vertex -11.5765 -3.5409 14.499
      vertex -12.2783 -3.13575 14.499
    endloop
  endfacet
  facet normal 0 0 -1
    outer loop
      vertex -13.2503 2.08453 14.499
      vertex -10.7497 3.7972 14.499
      vertex -13.2503 -2.08453 14.499
    endloop
  endfacet
  facet normal 0 0 -1
    outer loop
      vertex -13.2503 -2.08453 14.499
      vertex -12.2783 -3.13575 14.499
      vertex -12.8804 -2.59355 14.499
    endloop
  endfacet
  facet normal 0 0 -1
    outer loop
      vertex -10.7497 3.7972 14.499
      vertex -13.2503 2.08453 14.499
      vertex -11.5765 3.5409 14.499
    endloop
  endfacet
  facet normal 0 0 -1
    outer loop
      vertex -11.5765 3.5409 14.499
      vertex -13.2503 2.08453 14.499
      vertex -12.2783 3.13575 14.499
    endloop
  endfacet
  facet normal 0 0 -1
    outer loop
      vertex -12.2783 3.13575 14.499
      vertex -13.2503 2.08453 14.499
      vertex -12.8804 2.59355 14.499
    endloop
  endfacet
  facet normal -0.309009 -0.951059 0
    outer loop
      vertex -8.99267 4.73912 2.499
      vertex -8.02936 4.42613 7
      vertex -8.99267 4.73912 7
    endloop
  endfacet
  facet normal -0.309009 -0.951059 -0
    outer loop
      vertex -8.02936 4.42613 7
      vertex -8.99267 4.73912 2.499
      vertex -8.02936 4.42613 2.499
    endloop
  endfacet
  facet normal 0.309012 -0.951058 0
    outer loop
      vertex -11.9706 4.42613 2.499
      vertex -11.0073 4.73912 12.499
      vertex -11.9706 4.42613 12.499
    endloop
  endfacet
  facet normal 0.309012 -0.951058 0
    outer loop
      vertex -11.0073 4.73912 12.499
      vertex -11.9706 4.42613 2.499
      vertex -11.0073 4.73912 2.499
    endloop
  endfacet
  facet normal 0.104548 -0.99452 0
    outer loop
      vertex -11.0073 4.73912 12.499
      vertex -10.7497 4.7662 7
      vertex -10.7497 4.7662 12.499
    endloop
  endfacet
  facet normal 0.104548 -0.99452 0
    outer loop
      vertex -11.0073 4.73912 2.499
      vertex -10.7497 4.7662 7
      vertex -11.0073 4.73912 12.499
    endloop
  endfacet
  facet normal 0.104537 -0.994521 6.57185e-07
    outer loop
      vertex -10 4.845 2.499
      vertex -10.7497 4.7662 7
      vertex -11.0073 4.73912 2.499
    endloop
  endfacet
  facet normal 0.104533 -0.994521 0
    outer loop
      vertex -10.7497 4.7662 7
      vertex -10 4.845 2.499
      vertex -10 4.845 7
    endloop
  endfacet
  facet normal 0.499991 -0.86603 0
    outer loop
      vertex -12.8478 3.91969 2.499
      vertex -11.9706 4.42613 12.499
      vertex -12.8478 3.91969 12.499
    endloop
  endfacet
  facet normal 0.499991 -0.86603 0
    outer loop
      vertex -11.9706 4.42613 12.499
      vertex -12.8478 3.91969 2.499
      vertex -11.9706 4.42613 2.499
    endloop
  endfacet
  facet normal 0.499991 0.86603 -0
    outer loop
      vertex -11.9706 -4.42613 2.499
      vertex -12.8478 -3.91969 12.499
      vertex -11.9706 -4.42613 12.499
    endloop
  endfacet
  facet normal 0.499991 0.86603 0
    outer loop
      vertex -12.8478 -3.91969 12.499
      vertex -11.9706 -4.42613 2.499
      vertex -12.8478 -3.91969 2.499
    endloop
  endfacet
  facet normal -0.309009 0.951059 0
    outer loop
      vertex -8.02936 -4.42613 2.499
      vertex -8.99267 -4.73912 7
      vertex -8.02936 -4.42613 7
    endloop
  endfacet
  facet normal -0.309009 0.951059 0
    outer loop
      vertex -8.99267 -4.73912 7
      vertex -8.02936 -4.42613 2.499
      vertex -8.99267 -4.73912 2.499
    endloop
  endfacet
  facet normal -0.104534 -0.994521 0
    outer loop
      vertex -10 4.845 2.499
      vertex -8.99267 4.73912 7
      vertex -10 4.845 7
    endloop
  endfacet
  facet normal -0.104534 -0.994521 -0
    outer loop
      vertex -8.99267 4.73912 7
      vertex -10 4.845 2.499
      vertex -8.99267 4.73912 2.499
    endloop
  endfacet
  facet normal 0.669223 -0.743062 0
    outer loop
      vertex -13.6005 3.24194 11
      vertex -13.6005 3.24194 2.499
      vertex -13.2503 3.55734 11
    endloop
  endfacet
  facet normal 0.669067 -0.743202 0
    outer loop
      vertex -13.2503 3.55734 11
      vertex -12.8478 3.91969 12.499
      vertex -13.2503 3.55734 12.499
    endloop
  endfacet
  facet normal 0.669139 -0.743137 6.2169e-06
    outer loop
      vertex -12.8478 3.91969 2.499
      vertex -13.2503 3.55734 11
      vertex -13.6005 3.24194 2.499
    endloop
  endfacet
  facet normal 0.669067 -0.743202 0
    outer loop
      vertex -13.2503 3.55734 11
      vertex -12.8478 3.91969 2.499
      vertex -12.8478 3.91969 12.499
    endloop
  endfacet
  facet normal 0.978146 0.207921 0
    outer loop
      vertex -14.6079 -1.49719 11
      vertex -14.8185 -0.50644 2.499
      vertex -14.8185 -0.50644 11
    endloop
  endfacet
  facet normal 0.978146 0.207921 0
    outer loop
      vertex -14.8185 -0.50644 2.499
      vertex -14.6079 -1.49719 11
      vertex -14.6079 -1.49719 2.499
    endloop
  endfacet
  facet normal 0.669067 0.743202 0
    outer loop
      vertex -12.8478 -3.91969 12.499
      vertex -13.2503 -3.55734 11
      vertex -13.2503 -3.55734 12.499
    endloop
  endfacet
  facet normal 0.669067 0.743202 -0
    outer loop
      vertex -12.8478 -3.91969 2.499
      vertex -13.2503 -3.55734 11
      vertex -12.8478 -3.91969 12.499
    endloop
  endfacet
  facet normal 0.669139 0.743137 6.2169e-06
    outer loop
      vertex -13.6005 -3.24194 2.499
      vertex -13.2503 -3.55734 11
      vertex -12.8478 -3.91969 2.499
    endloop
  endfacet
  facet normal 0.669223 0.743062 0
    outer loop
      vertex -13.2503 -3.55734 11
      vertex -13.6005 -3.24194 2.499
      vertex -13.6005 -3.24194 11
    endloop
  endfacet
  facet normal 0.309012 0.951058 -0
    outer loop
      vertex -11.0073 -4.73912 2.499
      vertex -11.9706 -4.42613 12.499
      vertex -11.0073 -4.73912 12.499
    endloop
  endfacet
  facet normal 0.309012 0.951058 0
    outer loop
      vertex -11.9706 -4.42613 12.499
      vertex -11.0073 -4.73912 2.499
      vertex -11.9706 -4.42613 2.499
    endloop
  endfacet
  facet normal 0.808997 0.587812 0
    outer loop
      vertex -13.6005 -3.24194 11
      vertex -14.1959 -2.4225 2.499
      vertex -14.1959 -2.4225 11
    endloop
  endfacet
  facet normal 0.808997 0.587812 0
    outer loop
      vertex -14.1959 -2.4225 2.499
      vertex -13.6005 -3.24194 11
      vertex -13.6005 -3.24194 2.499
    endloop
  endfacet
  facet normal -0.913543 0.406741 0
    outer loop
      vertex -5.80411 -2.4225 2.499
      vertex -5.39213 -1.49719 7
      vertex -5.39213 -1.49719 2.499
    endloop
  endfacet
  facet normal -0.913543 0.406741 0
    outer loop
      vertex -5.39213 -1.49719 7
      vertex -5.80411 -2.4225 2.499
      vertex -5.80411 -2.4225 7
    endloop
  endfacet
  facet normal 0.913536 0.406758 0
    outer loop
      vertex -14.1959 -2.4225 11
      vertex -14.6079 -1.49719 2.499
      vertex -14.6079 -1.49719 11
    endloop
  endfacet
  facet normal 0.913536 0.406758 0
    outer loop
      vertex -14.6079 -1.49719 2.499
      vertex -14.1959 -2.4225 11
      vertex -14.1959 -2.4225 2.499
    endloop
  endfacet
  facet normal 0.978146 -0.207921 0
    outer loop
      vertex -14.8185 0.50644 11
      vertex -14.6079 1.49719 2.499
      vertex -14.6079 1.49719 11
    endloop
  endfacet
  facet normal 0.978146 -0.207921 0
    outer loop
      vertex -14.6079 1.49719 2.499
      vertex -14.8185 0.50644 11
      vertex -14.8185 0.50644 2.499
    endloop
  endfacet
  facet normal 0.104533 0.994521 0
    outer loop
      vertex -10 -4.845 7
      vertex -10 -4.845 2.499
      vertex -10.7497 -4.7662 7
    endloop
  endfacet
  facet normal 0.104548 0.99452 -0
    outer loop
      vertex -10.7497 -4.7662 7
      vertex -11.0073 -4.73912 12.499
      vertex -10.7497 -4.7662 12.499
    endloop
  endfacet
  facet normal 0.104548 0.99452 0
    outer loop
      vertex -10.7497 -4.7662 7
      vertex -11.0073 -4.73912 2.499
      vertex -11.0073 -4.73912 12.499
    endloop
  endfacet
  facet normal 0.104537 0.994521 6.57185e-07
    outer loop
      vertex -11.0073 -4.73912 2.499
      vertex -10.7497 -4.7662 7
      vertex -10 -4.845 2.499
    endloop
  endfacet
  facet normal -0.104534 0.994521 0
    outer loop
      vertex -8.99267 -4.73912 2.499
      vertex -10 -4.845 7
      vertex -8.99267 -4.73912 7
    endloop
  endfacet
  facet normal -0.104534 0.994521 0
    outer loop
      vertex -10 -4.845 7
      vertex -8.99267 -4.73912 2.499
      vertex -10 -4.845 2.499
    endloop
  endfacet
  facet normal -0.669129 0.743146 0
    outer loop
      vertex -6.39946 -3.24194 2.499
      vertex -7.15218 -3.91969 7
      vertex -6.39946 -3.24194 7
    endloop
  endfacet
  facet normal -0.669129 0.743146 0
    outer loop
      vertex -7.15218 -3.91969 7
      vertex -6.39946 -3.24194 2.499
      vertex -7.15218 -3.91969 2.499
    endloop
  endfacet
  facet normal 1 -0 0
    outer loop
      vertex -14.8185 -0.50644 11
      vertex -14.8185 0.50644 2.499
      vertex -14.8185 0.50644 11
    endloop
  endfacet
  facet normal 1 0 0
    outer loop
      vertex -14.8185 0.50644 2.499
      vertex -14.8185 -0.50644 11
      vertex -14.8185 -0.50644 2.499
    endloop
  endfacet
  facet normal -0.5 -0.866025 0
    outer loop
      vertex -8.02936 4.42613 2.499
      vertex -7.15218 3.91969 7
      vertex -8.02936 4.42613 7
    endloop
  endfacet
  facet normal -0.5 -0.866025 -0
    outer loop
      vertex -7.15218 3.91969 7
      vertex -8.02936 4.42613 2.499
      vertex -7.15218 3.91969 2.499
    endloop
  endfacet
  facet normal 0.808997 -0.587812 0
    outer loop
      vertex -14.1959 2.4225 11
      vertex -13.6005 3.24194 2.499
      vertex -13.6005 3.24194 11
    endloop
  endfacet
  facet normal 0.808997 -0.587812 0
    outer loop
      vertex -13.6005 3.24194 2.499
      vertex -14.1959 2.4225 11
      vertex -14.1959 2.4225 2.499
    endloop
  endfacet
  facet normal 0.913536 -0.406758 0
    outer loop
      vertex -14.6079 1.49719 11
      vertex -14.1959 2.4225 2.499
      vertex -14.1959 2.4225 11
    endloop
  endfacet
  facet normal 0.913536 -0.406758 0
    outer loop
      vertex -14.1959 2.4225 2.499
      vertex -14.6079 1.49719 11
      vertex -14.6079 1.49719 2.499
    endloop
  endfacet
  facet normal -0.978148 0.207911 0
    outer loop
      vertex -5.39213 -1.49719 2.499
      vertex -5.18154 -0.50644 6.88332
      vertex -5.18154 -0.50644 2.499
    endloop
  endfacet
  facet normal -0.978148 0.207911 0
    outer loop
      vertex -5.39213 -1.49719 7
      vertex -5.18154 -0.50644 6.88332
      vertex -5.39213 -1.49719 2.499
    endloop
  endfacet
  facet normal -0.978148 0.20791 -1.28629e-05
    outer loop
      vertex -5.18154 -0.50644 6.88332
      vertex -5.39213 -1.49719 7
      vertex -5.19956 -0.591211 7
    endloop
  endfacet
  facet normal -0.5 0.866025 0
    outer loop
      vertex -7.15218 -3.91969 2.499
      vertex -8.02936 -4.42613 7
      vertex -7.15218 -3.91969 7
    endloop
  endfacet
  facet normal -0.5 0.866025 0
    outer loop
      vertex -8.02936 -4.42613 7
      vertex -7.15218 -3.91969 2.499
      vertex -8.02936 -4.42613 2.499
    endloop
  endfacet
  facet normal -0.809021 0.58778 0
    outer loop
      vertex -6.39946 -3.24194 2.499
      vertex -5.80411 -2.4225 7
      vertex -5.80411 -2.4225 2.499
    endloop
  endfacet
  facet normal -0.809021 0.58778 0
    outer loop
      vertex -5.80411 -2.4225 7
      vertex -6.39946 -3.24194 2.499
      vertex -6.39946 -3.24194 7
    endloop
  endfacet
  facet normal -1 0 0
    outer loop
      vertex -5.18154 -0.50644 2.499
      vertex -5.18154 0.50644 5.48921
      vertex -5.18154 0.50644 2.499
    endloop
  endfacet
  facet normal -1 -0 0
    outer loop
      vertex -5.18154 0.50644 5.48921
      vertex -5.18154 -0.50644 2.499
      vertex -5.18154 -0.50644 6.88332
    endloop
  endfacet
  facet normal 0 0 1
    outer loop
      vertex -6.75 3.55756 2.499
      vertex -7.15218 3.91969 2.499
      vertex -6.75 3.36549 2.499
    endloop
  endfacet
  facet normal 0 0 1
    outer loop
      vertex -7.46397 0.266547 2.499
      vertex -5.18154 0.50644 2.499
      vertex -5.39213 1.49719 2.499
    endloop
  endfacet
  facet normal 0 0 1
    outer loop
      vertex -5.18154 0.50644 2.499
      vertex -7.46397 0.266547 2.499
      vertex -5.18154 -0.50644 2.499
    endloop
  endfacet
  facet normal 0 0 1
    outer loop
      vertex -7.57481 0.787992 2.499
      vertex -5.39213 1.49719 2.499
      vertex -5.80411 2.4225 2.499
    endloop
  endfacet
  facet normal -0 0 1
    outer loop
      vertex -7.46397 -0.266547 2.499
      vertex -5.18154 -0.50644 2.499
      vertex -7.46397 0.266547 2.499
    endloop
  endfacet
  facet normal 0 0 1
    outer loop
      vertex -6.75 3.36549 2.499
      vertex -5.80411 2.4225 2.499
      vertex -6.39946 3.24194 2.499
    endloop
  endfacet
  facet normal 0 0 1
    outer loop
      vertex -5.18154 -0.50644 2.499
      vertex -7.46397 -0.266547 2.499
      vertex -5.39213 -1.49719 2.499
    endloop
  endfacet
  facet normal -0 0 1
    outer loop
      vertex -6.75 3.36549 2.499
      vertex -6.39946 3.24194 2.499
      vertex -6.53668 3.36549 2.499
    endloop
  endfacet
  facet normal 0 0 1
    outer loop
      vertex -5.80411 2.4225 2.499
      vertex -6.75 3.36549 2.499
      vertex -7.79164 1.275 2.499
    endloop
  endfacet
  facet normal 0 0 1
    outer loop
      vertex -8.50115 2.06299 2.499
      vertex -6.75 3.36549 2.499
      vertex -7.15218 3.91969 2.499
    endloop
  endfacet
  facet normal -0 0 1
    outer loop
      vertex -7.57481 -0.787992 2.499
      vertex -5.39213 -1.49719 2.499
      vertex -7.46397 -0.266547 2.499
    endloop
  endfacet
  facet normal 0 0 1
    outer loop
      vertex -5.39213 -1.49719 2.499
      vertex -7.57481 -0.787992 2.499
      vertex -5.80411 -2.4225 2.499
    endloop
  endfacet
  facet normal 0 0 1
    outer loop
      vertex -5.39213 1.49719 2.499
      vertex -7.57481 0.787992 2.499
      vertex -7.46397 0.266547 2.499
    endloop
  endfacet
  facet normal 0 0 1
    outer loop
      vertex -5.80411 2.4225 2.499
      vertex -7.79164 1.275 2.499
      vertex -7.57481 0.787992 2.499
    endloop
  endfacet
  facet normal 0 0 1
    outer loop
      vertex -8.50115 2.06299 2.499
      vertex -7.15218 3.91969 2.499
      vertex -8.02936 4.42613 2.499
    endloop
  endfacet
  facet normal 0 0 1
    outer loop
      vertex -6.75 3.36549 2.499
      vertex -8.10498 1.70628 2.499
      vertex -7.79164 1.275 2.499
    endloop
  endfacet
  facet normal 0 0 1
    outer loop
      vertex -6.75 3.36549 2.499
      vertex -8.50115 2.06299 2.499
      vertex -8.10498 1.70628 2.499
    endloop
  endfacet
  facet normal 0 0 1
    outer loop
      vertex -8.02936 4.42613 2.499
      vertex -8.96282 2.32954 2.499
      vertex -8.50115 2.06299 2.499
    endloop
  endfacet
  facet normal 0 0 1
    outer loop
      vertex -8.99267 4.73912 2.499
      vertex -8.96282 2.32954 2.499
      vertex -8.02936 4.42613 2.499
    endloop
  endfacet
  facet normal 0 0 1
    outer loop
      vertex -8.99267 4.73912 2.499
      vertex -9.46983 2.49428 2.499
      vertex -8.96282 2.32954 2.499
    endloop
  endfacet
  facet normal 0 0 1
    outer loop
      vertex -10 4.845 2.499
      vertex -9.46983 2.49428 2.499
      vertex -8.99267 4.73912 2.499
    endloop
  endfacet
  facet normal 0 0 1
    outer loop
      vertex -10 4.845 2.499
      vertex -10 2.55 2.499
      vertex -9.46983 2.49428 2.499
    endloop
  endfacet
  facet normal 0 0 1
    outer loop
      vertex -10 4.845 2.499
      vertex -10.5302 2.49428 2.499
      vertex -10 2.55 2.499
    endloop
  endfacet
  facet normal -0 0 1
    outer loop
      vertex -11.0073 4.73912 2.499
      vertex -10.5302 2.49428 2.499
      vertex -10 4.845 2.499
    endloop
  endfacet
  facet normal 0 0 1
    outer loop
      vertex -11.0073 4.73912 2.499
      vertex -11.0372 2.32954 2.499
      vertex -10.5302 2.49428 2.499
    endloop
  endfacet
  facet normal -0 0 1
    outer loop
      vertex -11.9706 4.42613 2.499
      vertex -11.0372 2.32954 2.499
      vertex -11.0073 4.73912 2.499
    endloop
  endfacet
  facet normal 0 0 1
    outer loop
      vertex -11.0372 2.32954 2.499
      vertex -11.9706 4.42613 2.499
      vertex -11.4989 2.06299 2.499
    endloop
  endfacet
  facet normal -0 0 1
    outer loop
      vertex -12.8478 3.91969 2.499
      vertex -11.4989 2.06299 2.499
      vertex -11.9706 4.42613 2.499
    endloop
  endfacet
  facet normal 0 0 1
    outer loop
      vertex -11.4989 2.06299 2.499
      vertex -12.8478 3.91969 2.499
      vertex -11.895 1.70628 2.499
    endloop
  endfacet
  facet normal -0 0 1
    outer loop
      vertex -13.6005 3.24194 2.499
      vertex -11.895 1.70628 2.499
      vertex -12.8478 3.91969 2.499
    endloop
  endfacet
  facet normal 0 0 1
    outer loop
      vertex -11.895 1.70628 2.499
      vertex -13.6005 3.24194 2.499
      vertex -12.2084 1.275 2.499
    endloop
  endfacet
  facet normal 0 0 1
    outer loop
      vertex -12.2084 1.275 2.499
      vertex -14.1959 2.4225 2.499
      vertex -12.4252 0.787992 2.499
    endloop
  endfacet
  facet normal -0 0 1
    outer loop
      vertex -14.1959 2.4225 2.499
      vertex -12.2084 1.275 2.499
      vertex -13.6005 3.24194 2.499
    endloop
  endfacet
  facet normal -0 0 1
    outer loop
      vertex -7.79164 -1.275 2.499
      vertex -5.80411 -2.4225 2.499
      vertex -7.57481 -0.787992 2.499
    endloop
  endfacet
  facet normal 0 0 1
    outer loop
      vertex -5.80411 -2.4225 2.499
      vertex -7.79164 -1.275 2.499
      vertex -6.39946 -3.24194 2.499
    endloop
  endfacet
  facet normal -0 0 1
    outer loop
      vertex -8.10498 -1.70628 2.499
      vertex -6.39946 -3.24194 2.499
      vertex -7.79164 -1.275 2.499
    endloop
  endfacet
  facet normal 0 0 1
    outer loop
      vertex -6.39946 -3.24194 2.499
      vertex -8.10498 -1.70628 2.499
      vertex -7.15218 -3.91969 2.499
    endloop
  endfacet
  facet normal -0 0 1
    outer loop
      vertex -8.50115 -2.06299 2.499
      vertex -7.15218 -3.91969 2.499
      vertex -8.10498 -1.70628 2.499
    endloop
  endfacet
  facet normal 0 0 1
    outer loop
      vertex -7.15218 -3.91969 2.499
      vertex -8.50115 -2.06299 2.499
      vertex -8.02936 -4.42613 2.499
    endloop
  endfacet
  facet normal -0 0 1
    outer loop
      vertex -8.96282 -2.32954 2.499
      vertex -8.02936 -4.42613 2.499
      vertex -8.50115 -2.06299 2.499
    endloop
  endfacet
  facet normal 0 0 1
    outer loop
      vertex -8.96282 -2.32954 2.499
      vertex -8.99267 -4.73912 2.499
      vertex -8.02936 -4.42613 2.499
    endloop
  endfacet
  facet normal -0 0 1
    outer loop
      vertex -9.46983 -2.49428 2.499
      vertex -8.99267 -4.73912 2.499
      vertex -8.96282 -2.32954 2.499
    endloop
  endfacet
  facet normal -0 0 1
    outer loop
      vertex -10 -2.55 2.499
      vertex -8.99267 -4.73912 2.499
      vertex -9.46983 -2.49428 2.499
    endloop
  endfacet
  facet normal 0 0 1
    outer loop
      vertex -10 -2.55 2.499
      vertex -10 -4.845 2.499
      vertex -8.99267 -4.73912 2.499
    endloop
  endfacet
  facet normal 0 0 1
    outer loop
      vertex -10.5302 -2.49428 2.499
      vertex -10 -4.845 2.499
      vertex -10 -2.55 2.499
    endloop
  endfacet
  facet normal 0 0 1
    outer loop
      vertex -10.5302 -2.49428 2.499
      vertex -11.0073 -4.73912 2.499
      vertex -10 -4.845 2.499
    endloop
  endfacet
  facet normal 0 0 1
    outer loop
      vertex -11.0372 -2.32954 2.499
      vertex -11.0073 -4.73912 2.499
      vertex -10.5302 -2.49428 2.499
    endloop
  endfacet
  facet normal 0 0 1
    outer loop
      vertex -11.9706 -4.42613 2.499
      vertex -11.0372 -2.32954 2.499
      vertex -11.4989 -2.06299 2.499
    endloop
  endfacet
  facet normal 0 0 1
    outer loop
      vertex -12.8478 -3.91969 2.499
      vertex -11.4989 -2.06299 2.499
      vertex -11.895 -1.70628 2.499
    endloop
  endfacet
  facet normal 0 0 1
    outer loop
      vertex -11.0372 -2.32954 2.499
      vertex -11.9706 -4.42613 2.499
      vertex -11.0073 -4.73912 2.499
    endloop
  endfacet
  facet normal 0 0 1
    outer loop
      vertex -13.6005 -3.24194 2.499
      vertex -11.895 -1.70628 2.499
      vertex -12.2084 -1.275 2.499
    endloop
  endfacet
  facet normal 0 0 1
    outer loop
      vertex -14.1959 -2.4225 2.499
      vertex -12.2084 -1.275 2.499
      vertex -12.4252 -0.787992 2.499
    endloop
  endfacet
  facet normal 0 0 1
    outer loop
      vertex -14.6079 -1.49719 2.499
      vertex -12.4252 -0.787992 2.499
      vertex -12.536 -0.266547 2.499
    endloop
  endfacet
  facet normal 0 0 1
    outer loop
      vertex -11.4989 -2.06299 2.499
      vertex -12.8478 -3.91969 2.499
      vertex -11.9706 -4.42613 2.499
    endloop
  endfacet
  facet normal -0 0 1
    outer loop
      vertex -14.6079 1.49719 2.499
      vertex -12.4252 0.787992 2.499
      vertex -14.1959 2.4225 2.499
    endloop
  endfacet
  facet normal 0 0 1
    outer loop
      vertex -12.4252 0.787992 2.499
      vertex -14.6079 1.49719 2.499
      vertex -12.536 0.266547 2.499
    endloop
  endfacet
  facet normal 0 0 1
    outer loop
      vertex -11.895 -1.70628 2.499
      vertex -13.6005 -3.24194 2.499
      vertex -12.8478 -3.91969 2.499
    endloop
  endfacet
  facet normal -0 0 1
    outer loop
      vertex -14.8185 0.50644 2.499
      vertex -12.536 0.266547 2.499
      vertex -14.6079 1.49719 2.499
    endloop
  endfacet
  facet normal 0 0 1
    outer loop
      vertex -12.2084 -1.275 2.499
      vertex -14.1959 -2.4225 2.499
      vertex -13.6005 -3.24194 2.499
    endloop
  endfacet
  facet normal 0 0 1
    outer loop
      vertex -12.536 0.266547 2.499
      vertex -14.8185 0.50644 2.499
      vertex -12.536 -0.266547 2.499
    endloop
  endfacet
  facet normal 0 0 1
    outer loop
      vertex -12.4252 -0.787992 2.499
      vertex -14.6079 -1.49719 2.499
      vertex -14.1959 -2.4225 2.499
    endloop
  endfacet
  facet normal 0 0 1
    outer loop
      vertex -14.8185 -0.50644 2.499
      vertex -12.536 -0.266547 2.499
      vertex -14.8185 0.50644 2.499
    endloop
  endfacet
  facet normal 0 0 1
    outer loop
      vertex -12.536 -0.266547 2.499
      vertex -14.8185 -0.50644 2.499
      vertex -14.6079 -1.49719 2.499
    endloop
  endfacet
  facet normal -0.809021 -0.58778 0
    outer loop
      vertex -5.80411 2.4225 2.499
      vertex -6.39946 3.24194 2.61025
      vertex -6.39946 3.24194 2.499
    endloop
  endfacet
  facet normal -0.809021 -0.58778 0
    outer loop
      vertex -6.39946 3.24194 2.61025
      vertex -5.80411 2.4225 2.499
      vertex -5.80411 2.4225 3.34807
    endloop
  endfacet
  facet normal -0.66912 -0.743154 0
    outer loop
      vertex -6.39946 3.24194 2.499
      vertex -6.39946 3.24194 2.61025
      vertex -6.53668 3.36549 2.499
    endloop
  endfacet
  facet normal -0.669136 -0.74314 0
    outer loop
      vertex -7.15218 3.91969 2.499
      vertex -6.75 3.55756 7
      vertex -7.15218 3.91969 7
    endloop
  endfacet
  facet normal -0.669136 -0.74314 -0
    outer loop
      vertex -6.75 3.55756 7
      vertex -7.15218 3.91969 2.499
      vertex -6.75 3.55756 2.499
    endloop
  endfacet
  facet normal -0.978148 -0.207911 0
    outer loop
      vertex -5.18154 0.50644 2.499
      vertex -5.39213 1.49719 4.18123
      vertex -5.39213 1.49719 2.499
    endloop
  endfacet
  facet normal -0.978155 -0.207878 -2.03312e-05
    outer loop
      vertex -5.39213 1.49719 4.18123
      vertex -5.18154 0.50644 2.499
      vertex -5.36728 1.38025 4.28652
    endloop
  endfacet
  facet normal -0.978146 -0.207918 0
    outer loop
      vertex -5.36728 1.38025 4.28652
      vertex -5.18154 0.50644 2.499
      vertex -5.18154 0.50644 5.48921
    endloop
  endfacet
  facet normal -0.913543 -0.406741 0
    outer loop
      vertex -5.39213 1.49719 2.499
      vertex -5.80411 2.4225 3.34807
      vertex -5.80411 2.4225 2.499
    endloop
  endfacet
  facet normal -0.913543 -0.406741 0
    outer loop
      vertex -5.80411 2.4225 3.34807
      vertex -5.39213 1.49719 2.499
      vertex -5.39213 1.49719 4.18123
    endloop
  endfacet
  facet normal -0.500007 0.866022 0
    outer loop
      vertex -8.50115 -2.06299 -1.5
      vertex -8.96282 -2.32954 2.499
      vertex -8.50115 -2.06299 2.499
    endloop
  endfacet
  facet normal -0.500007 0.866022 0
    outer loop
      vertex -8.96282 -2.32954 2.499
      vertex -8.50115 -2.06299 -1.5
      vertex -8.96282 -2.32954 -1.5
    endloop
  endfacet
  facet normal -0.669127 -0.743148 0
    outer loop
      vertex -8.50115 2.06299 -1.5
      vertex -8.10498 1.70628 2.499
      vertex -8.50115 2.06299 2.499
    endloop
  endfacet
  facet normal -0.669127 -0.743148 -0
    outer loop
      vertex -8.10498 1.70628 2.499
      vertex -8.50115 2.06299 -1.5
      vertex -8.10498 1.70628 -1.5
    endloop
  endfacet
  facet normal 0.309027 -0.951053 0
    outer loop
      vertex -11.0372 2.32954 -1.5
      vertex -10.5302 2.49428 2.499
      vertex -11.0372 2.32954 2.499
    endloop
  endfacet
  facet normal 0.309027 -0.951053 0
    outer loop
      vertex -10.5302 2.49428 2.499
      vertex -11.0372 2.32954 -1.5
      vertex -10.5302 2.49428 -1.5
    endloop
  endfacet
  facet normal 0.104517 -0.994523 0
    outer loop
      vertex -10.5302 2.49428 -1.5
      vertex -10 2.55 2.499
      vertex -10.5302 2.49428 2.499
    endloop
  endfacet
  facet normal 0.104517 -0.994523 0
    outer loop
      vertex -10 2.55 2.499
      vertex -10.5302 2.49428 -1.5
      vertex -10 2.55 -1.5
    endloop
  endfacet
  facet normal 0.499982 -0.866036 0
    outer loop
      vertex -11.4989 2.06299 -1.5
      vertex -11.0372 2.32954 2.499
      vertex -11.4989 2.06299 2.499
    endloop
  endfacet
  facet normal 0.499982 -0.866036 0
    outer loop
      vertex -11.0372 2.32954 2.499
      vertex -11.4989 2.06299 -1.5
      vertex -11.0372 2.32954 -1.5
    endloop
  endfacet
  facet normal -0.978146 -0.207918 0
    outer loop
      vertex -7.46397 0.266547 -1.5
      vertex -7.57481 0.787992 2.499
      vertex -7.57481 0.787992 -1.5
    endloop
  endfacet
  facet normal -0.978146 -0.207918 0
    outer loop
      vertex -7.57481 0.787992 2.499
      vertex -7.46397 0.266547 -1.5
      vertex -7.46397 0.266547 2.499
    endloop
  endfacet
  facet normal 0.978162 0.207846 0
    outer loop
      vertex -12.4252 -0.787992 2.499
      vertex -12.536 -0.266547 -1.5
      vertex -12.536 -0.266547 2.499
    endloop
  endfacet
  facet normal 0.978162 0.207846 0
    outer loop
      vertex -12.536 -0.266547 -1.5
      vertex -12.4252 -0.787992 2.499
      vertex -12.4252 -0.787992 -1.5
    endloop
  endfacet
  facet normal 0.913566 -0.40669 0
    outer loop
      vertex -12.4252 0.787992 2.499
      vertex -12.2084 1.275 -1.5
      vertex -12.2084 1.275 2.499
    endloop
  endfacet
  facet normal 0.913566 -0.40669 0
    outer loop
      vertex -12.2084 1.275 -1.5
      vertex -12.4252 0.787992 2.499
      vertex -12.4252 0.787992 -1.5
    endloop
  endfacet
  facet normal -0.104523 0.994523 0
    outer loop
      vertex -9.46983 -2.49428 -1.5
      vertex -10 -2.55 2.499
      vertex -9.46983 -2.49428 2.499
    endloop
  endfacet
  facet normal -0.104523 0.994523 0
    outer loop
      vertex -10 -2.55 2.499
      vertex -9.46983 -2.49428 -1.5
      vertex -10 -2.55 -1.5
    endloop
  endfacet
  facet normal -0.104523 -0.994523 0
    outer loop
      vertex -10 2.55 -1.5
      vertex -9.46983 2.49428 2.499
      vertex -10 2.55 2.499
    endloop
  endfacet
  facet normal -0.104523 -0.994523 -0
    outer loop
      vertex -9.46983 2.49428 2.499
      vertex -10 2.55 -1.5
      vertex -9.46983 2.49428 -1.5
    endloop
  endfacet
  facet normal 0.104517 0.994523 -0
    outer loop
      vertex -10 -2.55 -1.5
      vertex -10.5302 -2.49428 2.499
      vertex -10 -2.55 2.499
    endloop
  endfacet
  facet normal 0.104517 0.994523 0
    outer loop
      vertex -10.5302 -2.49428 2.499
      vertex -10 -2.55 -1.5
      vertex -10.5302 -2.49428 -1.5
    endloop
  endfacet
  facet normal -0.500007 -0.866022 0
    outer loop
      vertex -8.96282 2.32954 -1.5
      vertex -8.50115 2.06299 2.499
      vertex -8.96282 2.32954 2.499
    endloop
  endfacet
  facet normal -0.500007 -0.866022 -0
    outer loop
      vertex -8.50115 2.06299 2.499
      vertex -8.96282 2.32954 -1.5
      vertex -8.50115 2.06299 -1.5
    endloop
  endfacet
  facet normal -0.80902 0.587781 0
    outer loop
      vertex -8.10498 -1.70628 -1.5
      vertex -7.79164 -1.275 2.499
      vertex -7.79164 -1.275 -1.5
    endloop
  endfacet
  facet normal -0.80902 0.587781 0
    outer loop
      vertex -7.79164 -1.275 2.499
      vertex -8.10498 -1.70628 -1.5
      vertex -8.10498 -1.70628 2.499
    endloop
  endfacet
  facet normal 0.669193 0.743089 -0
    outer loop
      vertex -11.4989 -2.06299 -1.5
      vertex -11.895 -1.70628 2.499
      vertex -11.4989 -2.06299 2.499
    endloop
  endfacet
  facet normal 0.669193 0.743089 0
    outer loop
      vertex -11.895 -1.70628 2.499
      vertex -11.4989 -2.06299 -1.5
      vertex -11.895 -1.70628 -1.5
    endloop
  endfacet
  facet normal 0.808966 -0.587855 0
    outer loop
      vertex -12.2084 1.275 2.499
      vertex -11.895 1.70628 -1.5
      vertex -11.895 1.70628 2.499
    endloop
  endfacet
  facet normal 0.808966 -0.587855 0
    outer loop
      vertex -11.895 1.70628 -1.5
      vertex -12.2084 1.275 2.499
      vertex -12.2084 1.275 -1.5
    endloop
  endfacet
  facet normal -0.913545 0.406737 0
    outer loop
      vertex -7.79164 -1.275 -1.5
      vertex -7.57481 -0.787992 2.499
      vertex -7.57481 -0.787992 -1.5
    endloop
  endfacet
  facet normal -0.913545 0.406737 0
    outer loop
      vertex -7.57481 -0.787992 2.499
      vertex -7.79164 -1.275 -1.5
      vertex -7.79164 -1.275 2.499
    endloop
  endfacet
  facet normal -0.913545 -0.406737 0
    outer loop
      vertex -7.57481 0.787992 -1.5
      vertex -7.79164 1.275 2.499
      vertex -7.79164 1.275 -1.5
    endloop
  endfacet
  facet normal -0.913545 -0.406737 0
    outer loop
      vertex -7.79164 1.275 2.499
      vertex -7.57481 0.787992 -1.5
      vertex -7.57481 0.787992 2.499
    endloop
  endfacet
  facet normal 1 -0 0
    outer loop
      vertex -12.536 -0.266547 2.499
      vertex -12.536 0.266547 -1.5
      vertex -12.536 0.266547 2.499
    endloop
  endfacet
  facet normal 1 0 0
    outer loop
      vertex -12.536 0.266547 -1.5
      vertex -12.536 -0.266547 2.499
      vertex -12.536 -0.266547 -1.5
    endloop
  endfacet
  facet normal 0.808966 0.587855 0
    outer loop
      vertex -11.895 -1.70628 2.499
      vertex -12.2084 -1.275 -1.5
      vertex -12.2084 -1.275 2.499
    endloop
  endfacet
  facet normal 0.808966 0.587855 0
    outer loop
      vertex -12.2084 -1.275 -1.5
      vertex -11.895 -1.70628 2.499
      vertex -11.895 -1.70628 -1.5
    endloop
  endfacet
  facet normal -1 0 0
    outer loop
      vertex -7.46397 -0.266547 -1.5
      vertex -7.46397 0.266547 2.499
      vertex -7.46397 0.266547 -1.5
    endloop
  endfacet
  facet normal -1 -0 0
    outer loop
      vertex -7.46397 0.266547 2.499
      vertex -7.46397 -0.266547 -1.5
      vertex -7.46397 -0.266547 2.499
    endloop
  endfacet
  facet normal -0.309021 -0.951055 0
    outer loop
      vertex -9.46983 2.49428 -1.5
      vertex -8.96282 2.32954 2.499
      vertex -9.46983 2.49428 2.499
    endloop
  endfacet
  facet normal -0.309021 -0.951055 -0
    outer loop
      vertex -8.96282 2.32954 2.499
      vertex -9.46983 2.49428 -1.5
      vertex -8.96282 2.32954 -1.5
    endloop
  endfacet
  facet normal -0.309021 0.951055 0
    outer loop
      vertex -8.96282 -2.32954 -1.5
      vertex -9.46983 -2.49428 2.499
      vertex -8.96282 -2.32954 2.499
    endloop
  endfacet
  facet normal -0.309021 0.951055 0
    outer loop
      vertex -9.46983 -2.49428 2.499
      vertex -8.96282 -2.32954 -1.5
      vertex -9.46983 -2.49428 -1.5
    endloop
  endfacet
  facet normal -0.80902 -0.587781 0
    outer loop
      vertex -7.79164 1.275 -1.5
      vertex -8.10498 1.70628 2.499
      vertex -8.10498 1.70628 -1.5
    endloop
  endfacet
  facet normal -0.80902 -0.587781 0
    outer loop
      vertex -8.10498 1.70628 2.499
      vertex -7.79164 1.275 -1.5
      vertex -7.79164 1.275 2.499
    endloop
  endfacet
  facet normal 0.913566 0.40669 0
    outer loop
      vertex -12.2084 -1.275 2.499
      vertex -12.4252 -0.787992 -1.5
      vertex -12.4252 -0.787992 2.499
    endloop
  endfacet
  facet normal 0.913566 0.40669 0
    outer loop
      vertex -12.4252 -0.787992 -1.5
      vertex -12.2084 -1.275 2.499
      vertex -12.2084 -1.275 -1.5
    endloop
  endfacet
  facet normal 0.978162 -0.207846 0
    outer loop
      vertex -12.536 0.266547 2.499
      vertex -12.4252 0.787992 -1.5
      vertex -12.4252 0.787992 2.499
    endloop
  endfacet
  facet normal 0.978162 -0.207846 0
    outer loop
      vertex -12.4252 0.787992 -1.5
      vertex -12.536 0.266547 2.499
      vertex -12.536 0.266547 -1.5
    endloop
  endfacet
  facet normal 0.669193 -0.743089 0
    outer loop
      vertex -11.895 1.70628 -1.5
      vertex -11.4989 2.06299 2.499
      vertex -11.895 1.70628 2.499
    endloop
  endfacet
  facet normal 0.669193 -0.743089 0
    outer loop
      vertex -11.4989 2.06299 2.499
      vertex -11.895 1.70628 -1.5
      vertex -11.4989 2.06299 -1.5
    endloop
  endfacet
  facet normal -0.669127 0.743148 0
    outer loop
      vertex -8.10498 -1.70628 -1.5
      vertex -8.50115 -2.06299 2.499
      vertex -8.10498 -1.70628 2.499
    endloop
  endfacet
  facet normal -0.669127 0.743148 0
    outer loop
      vertex -8.50115 -2.06299 2.499
      vertex -8.10498 -1.70628 -1.5
      vertex -8.50115 -2.06299 -1.5
    endloop
  endfacet
  facet normal 0.499982 0.866036 -0
    outer loop
      vertex -11.0372 -2.32954 -1.5
      vertex -11.4989 -2.06299 2.499
      vertex -11.0372 -2.32954 2.499
    endloop
  endfacet
  facet normal 0.499982 0.866036 0
    outer loop
      vertex -11.4989 -2.06299 2.499
      vertex -11.0372 -2.32954 -1.5
      vertex -11.4989 -2.06299 -1.5
    endloop
  endfacet
  facet normal -0.978146 0.207918 0
    outer loop
      vertex -7.57481 -0.787992 -1.5
      vertex -7.46397 -0.266547 2.499
      vertex -7.46397 -0.266547 -1.5
    endloop
  endfacet
  facet normal -0.978146 0.207918 0
    outer loop
      vertex -7.46397 -0.266547 2.499
      vertex -7.57481 -0.787992 -1.5
      vertex -7.57481 -0.787992 2.499
    endloop
  endfacet
  facet normal 0.309027 0.951053 -0
    outer loop
      vertex -10.5302 -2.49428 -1.5
      vertex -11.0372 -2.32954 2.499
      vertex -10.5302 -2.49428 2.499
    endloop
  endfacet
  facet normal 0.309027 0.951053 0
    outer loop
      vertex -11.0372 -2.32954 2.499
      vertex -10.5302 -2.49428 -1.5
      vertex -11.0372 -2.32954 -1.5
    endloop
  endfacet
  facet normal 0.399247 -0.0420065 -0.915881
    outer loop
      vertex 7.98693 -24.8101 6.19528
      vertex 7.70922 -24.5131 6.0606
      vertex 8.28824 -24.6362 6.31865
    endloop
  endfacet
  facet normal 0.399273 -0.0419779 -0.915871
    outer loop
      vertex 7.70922 -24.5131 6.0606
      vertex 7.98693 -24.8101 6.19528
      vertex 7.67749 -24.8149 6.0606
    endloop
  endfacet
  facet normal 0.381811 -0.124046 -0.915878
    outer loop
      vertex 7.86052 -24.0474 6.0606
      vertex 8.40129 -24.2882 6.31865
      vertex 7.70922 -24.5131 6.0606
    endloop
  endfacet
  facet normal 0.381808 -0.124033 -0.915881
    outer loop
      vertex 8.40129 -24.2882 6.31865
      vertex 8.28824 -24.6362 6.31865
      vertex 7.70922 -24.5131 6.0606
    endloop
  endfacet
  facet normal 0.399231 -0.0419722 -0.915889
    outer loop
      vertex 8.28824 -24.6362 6.31865
      vertex 8.27042 -24.8057 6.31865
      vertex 7.98693 -24.8101 6.19528
    endloop
  endfacet
  facet normal 0.381796 -0.124029 0.915887
    outer loop
      vertex 8.28824 -24.6362 2.68135
      vertex 8.40129 -24.2882 2.68135
      vertex 7.70922 -24.5131 2.93939
    endloop
  endfacet
  facet normal 0.553578 -0.0582009 -0.830761
    outer loop
      vertex 7.5262 -24.8185 5.96004
      vertex 7.70922 -24.5131 6.0606
      vertex 7.67749 -24.8149 6.0606
    endloop
  endfacet
  facet normal 0.553581 -0.0582033 -0.830759
    outer loop
      vertex 7.70922 -24.5131 6.0606
      vertex 7.5262 -24.8185 5.96004
      vertex 7.23032 -24.4113 5.73435
    endloop
  endfacet
  facet normal 0.529393 -0.171993 -0.830759
    outer loop
      vertex 7.86052 -24.0474 6.0606
      vertex 7.70922 -24.5131 6.0606
      vertex 7.23032 -24.4113 5.73435
    endloop
  endfacet
  facet normal 0.258008 -0.027125 -0.965762
    outer loop
      vertex 8.28824 -24.6362 6.31865
      vertex 8.57684 -24.8028 6.40043
      vertex 8.27042 -24.8057 6.31865
    endloop
  endfacet
  facet normal 0.258007 -0.0271131 0.965762
    outer loop
      vertex 8.94207 -24.7751 2.50278
      vertex 8.81655 -24.9412 2.53165
      vertex 8.92451 -24.9422 2.50278
    endloop
  endfacet
  facet normal 0.258004 -0.0271106 0.965763
    outer loop
      vertex 8.81655 -24.9412 2.53165
      vertex 8.94207 -24.7751 2.50278
      vertex 8.28824 -24.6362 2.68135
    endloop
  endfacet
  facet normal 0.553583 -0.0581944 0.830758
    outer loop
      vertex 7.60363 -24.9251 2.9809
      vertex 7.23032 -24.4113 3.26565
      vertex 7.17738 -24.9149 3.26565
    endloop
  endfacet
  facet normal 0.718508 -0.075522 0.691406
    outer loop
      vertex 7.12977 -24.9131 3.31533
      vertex 7.23032 -24.4113 3.26565
      vertex 6.87246 -24.3352 3.64585
    endloop
  endfacet
  facet normal 0.718557 -0.0755369 0.691354
    outer loop
      vertex 7.23032 -24.4113 3.26565
      vertex 7.12977 -24.9131 3.31533
      vertex 7.17738 -24.9149 3.26565
    endloop
  endfacet
  facet normal 0.126502 -0.0132938 0.991877
    outer loop
      vertex 8.94207 -24.7751 2.50278
      vertex 9.44567 -24.9446 2.43628
      vertex 9.64214 -24.9239 2.4115
    endloop
  endfacet
  facet normal 0.126502 -0.0132937 0.991877
    outer loop
      vertex 9.44567 -24.9446 2.43628
      vertex 8.94207 -24.7751 2.50278
      vertex 8.92451 -24.9422 2.50278
    endloop
  endfacet
  facet normal 0.553586 -0.0581979 -0.830756
    outer loop
      vertex 7.23032 -24.4113 5.73435
      vertex 7.5262 -24.8185 5.96004
      vertex 7.18666 -24.8266 5.73435
    endloop
  endfacet
  facet normal 0.257993 -0.0270786 -0.965767
    outer loop
      vertex 8.57684 -24.8028 6.40043
      vertex 8.94207 -24.7751 6.49722
      vertex 8.93953 -24.7993 6.49722
    endloop
  endfacet
  facet normal 0.257997 -0.0271445 -0.965764
    outer loop
      vertex 8.94207 -24.7751 6.49722
      vertex 8.57684 -24.8028 6.40043
      vertex 8.28824 -24.6362 6.31865
    endloop
  endfacet
  facet normal 0.68712 -0.223247 -0.691395
    outer loop
      vertex 7.41324 -23.8483 5.73435
      vertex 7.23032 -24.4113 5.73435
      vertex 7.07902 -23.6995 5.35415
    endloop
  endfacet
  facet normal 0.529396 -0.172002 -0.830756
    outer loop
      vertex 7.41324 -23.8483 5.73435
      vertex 7.86052 -24.0474 6.0606
      vertex 7.23032 -24.4113 5.73435
    endloop
  endfacet
  facet normal 0.246735 -0.0801535 0.965762
    outer loop
      vertex 8.94207 -24.7751 2.50278
      vertex 8.40129 -24.2882 2.68135
      vertex 8.28824 -24.6362 2.68135
    endloop
  endfacet
  facet normal 0.553621 -0.0581871 0.830734
    outer loop
      vertex 7.70922 -24.5131 2.93939
      vertex 7.60363 -24.9251 2.9809
      vertex 7.66576 -24.9266 2.93939
    endloop
  endfacet
  facet normal 0.553597 -0.0581794 0.83075
    outer loop
      vertex 7.60363 -24.9251 2.9809
      vertex 7.70922 -24.5131 2.93939
      vertex 7.23032 -24.4113 3.26565
    endloop
  endfacet
  facet normal 0.718516 -0.0755083 -0.691399
    outer loop
      vertex 6.87246 -24.3352 5.35415
      vertex 7.09279 -24.8301 5.63717
      vertex 6.81939 -24.8402 5.35415
    endloop
  endfacet
  facet normal 0.246708 -0.0801857 0.965767
    outer loop
      vertex 8.94207 -24.7751 2.50278
      vertex 9.01195 -24.5601 2.50278
      vertex 8.40129 -24.2882 2.68135
    endloop
  endfacet
  facet normal 0.68712 -0.223247 0.691395
    outer loop
      vertex 7.23032 -24.4113 3.26565
      vertex 7.41324 -23.8483 3.26565
      vertex 7.07902 -23.6995 3.64585
    endloop
  endfacet
  facet normal 0.381799 -0.124042 0.915884
    outer loop
      vertex 8.40129 -24.2882 2.68135
      vertex 7.86052 -24.0474 2.93939
      vertex 7.70922 -24.5131 2.93939
    endloop
  endfacet
  facet normal 0.529404 -0.171997 0.830752
    outer loop
      vertex 7.70922 -24.5131 2.93939
      vertex 7.86052 -24.0474 2.93939
      vertex 7.23032 -24.4113 3.26565
    endloop
  endfacet
  facet normal 0.39925 -0.0419639 0.915881
    outer loop
      vertex 8.25675 -24.9358 2.68135
      vertex 8.28824 -24.6362 2.68135
      vertex 7.78205 -24.9284 2.88862
    endloop
  endfacet
  facet normal 0.399244 -0.0419515 0.915884
    outer loop
      vertex 7.70922 -24.5131 2.93939
      vertex 7.78205 -24.9284 2.88862
      vertex 8.28824 -24.6362 2.68135
    endloop
  endfacet
  facet normal 0.399214 -0.0419585 0.915897
    outer loop
      vertex 7.78205 -24.9284 2.88862
      vertex 7.70922 -24.5131 2.93939
      vertex 7.66576 -24.9266 2.93939
    endloop
  endfacet
  facet normal 0.687098 -0.223261 -0.691412
    outer loop
      vertex 7.07902 -23.6995 5.35415
      vertex 7.23032 -24.4113 5.73435
      vertex 6.87246 -24.3352 5.35415
    endloop
  endfacet
  facet normal 0.936946 -0.30443 0.171623
    outer loop
      vertex 6.87246 -23.6075 4.06339
      vertex 6.80259 -23.5764 4.5
      vertex 6.57648 -24.2723 4.5
    endloop
  endfacet
  facet normal 0.837345 -0.272067 -0.474165
    outer loop
      vertex 6.87246 -23.6075 4.93661
      vertex 6.87246 -24.3352 5.35415
      vertex 6.65129 -24.2882 4.93661
    endloop
  endfacet
  facet normal 0.979766 -0.102973 0.171626
    outer loop
      vertex 6.57648 -24.8839 4.13305
      vertex 6.65129 -24.2882 4.06339
      vertex 6.57648 -24.2723 4.5
    endloop
  endfacet
  facet normal 0.979765 -0.102972 0.171631
    outer loop
      vertex 6.65129 -24.2882 4.06339
      vertex 6.57648 -24.8839 4.13305
      vertex 6.58842 -24.8864 4.06339
    endloop
  endfacet
  facet normal 0.258 -0.0271176 0.965764
    outer loop
      vertex 8.81655 -24.9412 2.53165
      vertex 8.28824 -24.6362 2.68135
      vertex 8.25675 -24.9358 2.68135
    endloop
  endfacet
  facet normal 0.120971 -0.0393183 0.991877
    outer loop
      vertex 9.64214 -24.9239 2.4115
      vertex 9.01195 -24.5601 2.50278
      vertex 8.94207 -24.7751 2.50278
    endloop
  endfacet
  facet normal 0.529408 -0.172006 0.830748
    outer loop
      vertex 7.86052 -24.0474 2.93939
      vertex 7.41324 -23.8483 3.26565
      vertex 7.23032 -24.4113 3.26565
    endloop
  endfacet
  facet normal 0.718553 -0.0755406 -0.691358
    outer loop
      vertex 7.09279 -24.8301 5.63717
      vertex 7.23032 -24.4113 5.73435
      vertex 7.18666 -24.8266 5.73435
    endloop
  endfacet
  facet normal 0.718509 -0.0755152 -0.691406
    outer loop
      vertex 7.23032 -24.4113 5.73435
      vertex 7.09279 -24.8301 5.63717
      vertex 6.87246 -24.3352 5.35415
    endloop
  endfacet
  facet normal 0.837332 -0.272077 -0.474183
    outer loop
      vertex 6.87246 -23.6075 4.93661
      vertex 7.07902 -23.6995 5.35415
      vertex 6.87246 -24.3352 5.35415
    endloop
  endfacet
  facet normal 0 0 1
    outer loop
      vertex 17.6341 4.93027 2.4115
      vertex 18.3658 5 2.4115
      vertex 18.3579 5.07606 2.4115
    endloop
  endfacet
  facet normal 0 0 1
    outer loop
      vertex 18.3658 5 2.4115
      vertex 17.6341 4.93027 2.4115
      vertex 18.3658 -5 2.4115
    endloop
  endfacet
  facet normal 0 0 1
    outer loop
      vertex 17.6341 4.93027 2.4115
      vertex 18.3579 5.07606 2.4115
      vertex 18.3342 5.1488 2.4115
    endloop
  endfacet
  facet normal -0 0 1
    outer loop
      vertex 17.6341 -4.93027 2.4115
      vertex 18.3658 -5 2.4115
      vertex 17.6341 4.93027 2.4115
    endloop
  endfacet
  facet normal 0 0 1
    outer loop
      vertex 18.3658 -5 2.4115
      vertex 17.6341 -4.93027 2.4115
      vertex 18.3579 -5.07606 2.4115
    endloop
  endfacet
  facet normal 0 0 1
    outer loop
      vertex 16.2463 10.3686 2.4115
      vertex 17.6341 4.93027 2.4115
      vertex 18.3342 5.1488 2.4115
    endloop
  endfacet
  facet normal -0 0 1
    outer loop
      vertex 15.601 10.2315 2.4115
      vertex 17.6341 4.93027 2.4115
      vertex 16.2463 10.3686 2.4115
    endloop
  endfacet
  facet normal 0 0 1
    outer loop
      vertex 17.6341 4.93027 2.4115
      vertex 15.601 10.2315 2.4115
      vertex 15.5137 10.2315 2.4115
    endloop
  endfacet
  facet normal 0 0 1
    outer loop
      vertex 18.3579 -5.07606 2.4115
      vertex 17.6341 -4.93027 2.4115
      vertex 18.3342 -5.1488 2.4115
    endloop
  endfacet
  facet normal 0 0 1
    outer loop
      vertex 17.6341 -4.93027 2.4115
      vertex 15.9652 -11.0715 2.4115
      vertex 18.3342 -5.1488 2.4115
    endloop
  endfacet
  facet normal 0 0 1
    outer loop
      vertex 17.6341 -4.93027 2.4115
      vertex 15.5226 -10.9774 2.4115
      vertex 15.9652 -11.0715 2.4115
    endloop
  endfacet
  facet normal 0 -0 1
    outer loop
      vertex 15.5226 -10.9774 2.4115
      vertex 17.6341 -4.93027 2.4115
      vertex 15.2153 -10.9774 2.4115
    endloop
  endfacet
  facet normal 0 0 1
    outer loop
      vertex 11.7207 -19.7139 2.4115
      vertex 10.4156 -24.9455 2.4115
      vertex 12.3308 -20.1572 2.4115
    endloop
  endfacet
  facet normal -0 0 1
    outer loop
      vertex 9.66578 -24.8512 2.4115
      vertex 10.4156 -24.9455 2.4115
      vertex 11.7207 -19.7139 2.4115
    endloop
  endfacet
  facet normal 0 0 1
    outer loop
      vertex 9.63988 -24.9455 2.4115
      vertex 9.66578 -24.8512 2.4115
      vertex 9.64214 -24.9239 2.4115
    endloop
  endfacet
  facet normal 0 0 1
    outer loop
      vertex 9.66578 -24.8512 2.4115
      vertex 9.63988 -24.9455 2.4115
      vertex 10.4156 -24.9455 2.4115
    endloop
  endfacet
  facet normal 0 0 1
    outer loop
      vertex 10.4156 24.9455 2.4115
      vertex 11.4349 20.4283 2.4115
      vertex 12.0451 20.8716 2.4115
    endloop
  endfacet
  facet normal 0 0 1
    outer loop
      vertex 10.4156 24.9455 2.4115
      vertex 9.66578 24.8512 2.4115
      vertex 11.4349 20.4283 2.4115
    endloop
  endfacet
  facet normal -0 0 1
    outer loop
      vertex 9.63988 24.9455 2.4115
      vertex 9.66578 24.8512 2.4115
      vertex 10.4156 24.9455 2.4115
    endloop
  endfacet
  facet normal 0 0 1
    outer loop
      vertex 9.66578 24.8512 2.4115
      vertex 9.63988 24.9455 2.4115
      vertex 9.64214 24.9239 2.4115
    endloop
  endfacet
  facet normal 0.979767 -0.10297 0.171621
    outer loop
      vertex 6.57648 -24.8839 4.13305
      vertex 6.57648 -24.2723 4.5
      vertex 6.51358 -24.8708 4.5
    endloop
  endfacet
  facet normal 0.936946 -0.30443 -0.171623
    outer loop
      vertex 6.80259 -23.5764 4.5
      vertex 6.87246 -23.6075 4.93661
      vertex 6.57648 -24.2723 4.5
    endloop
  endfacet
  facet normal 0.875611 -0.0920285 -0.474168
    outer loop
      vertex 6.64246 -24.8518 5.02969
      vertex 6.65129 -24.2882 4.93661
      vertex 6.87246 -24.3352 5.35415
    endloop
  endfacet
  facet normal 0.87562 -0.0920259 -0.474152
    outer loop
      vertex 6.65129 -24.2882 4.93661
      vertex 6.64246 -24.8518 5.02969
      vertex 6.59171 -24.8551 4.93661
    endloop
  endfacet
  facet normal 0.936946 -0.304428 -0.171625
    outer loop
      vertex 6.87246 -23.6075 4.93661
      vertex 6.65129 -24.2882 4.93661
      vertex 6.57648 -24.2723 4.5
    endloop
  endfacet
  facet normal 0.126496 -0.0132353 0.991879
    outer loop
      vertex 9.63988 -24.9455 2.4115
      vertex 9.64214 -24.9239 2.4115
      vertex 9.44567 -24.9446 2.43628
    endloop
  endfacet
  facet normal 0.837332 -0.272077 0.474183
    outer loop
      vertex 7.07902 -23.6995 3.64585
      vertex 6.87246 -23.6075 4.06339
      vertex 6.87246 -24.3352 3.64585
    endloop
  endfacet
  facet normal 0.687098 -0.223261 0.691412
    outer loop
      vertex 7.23032 -24.4113 3.26565
      vertex 7.07902 -23.6995 3.64585
      vertex 6.87246 -24.3352 3.64585
    endloop
  endfacet
  facet normal 0.875619 -0.092032 0.474153
    outer loop
      vertex 6.81296 -24.9013 3.64585
      vertex 6.87246 -24.3352 3.64585
      vertex 6.62596 -24.8889 3.99359
    endloop
  endfacet
  facet normal 0.936946 -0.304428 0.171625
    outer loop
      vertex 6.65129 -24.2882 4.06339
      vertex 6.87246 -23.6075 4.06339
      vertex 6.57648 -24.2723 4.5
    endloop
  endfacet
  facet normal 0.120962 -0.0393335 0.991878
    outer loop
      vertex 9.64214 -24.9239 2.4115
      vertex 9.66578 -24.8512 2.4115
      vertex 9.01195 -24.5601 2.50278
    endloop
  endfacet
  facet normal 0.718511 -0.0755192 0.691403
    outer loop
      vertex 7.12977 -24.9131 3.31533
      vertex 6.87246 -24.3352 3.64585
      vertex 6.81296 -24.9013 3.64585
    endloop
  endfacet
  facet normal 0.875605 -0.0920165 -0.474183
    outer loop
      vertex 6.87246 -24.3352 5.35415
      vertex 6.81939 -24.8402 5.35415
      vertex 6.64246 -24.8518 5.02969
    endloop
  endfacet
  facet normal 0.979768 -0.102972 -0.171614
    outer loop
      vertex 6.57648 -24.8582 4.85152
      vertex 6.65129 -24.2882 4.93661
      vertex 6.59171 -24.8551 4.93661
    endloop
  endfacet
  facet normal 0.979766 -0.10297 -0.171626
    outer loop
      vertex 6.65129 -24.2882 4.93661
      vertex 6.57648 -24.8582 4.85152
      vertex 6.57648 -24.2723 4.5
    endloop
  endfacet
  facet normal 0.979766 -0.10297 -0.171626
    outer loop
      vertex 6.57648 -24.2723 4.5
      vertex 6.57648 -24.8582 4.85152
      vertex 6.51358 -24.8708 4.5
    endloop
  endfacet
  facet normal 0.246708 -0.0801857 -0.965767
    outer loop
      vertex 9.01195 -24.5601 6.49722
      vertex 8.94207 -24.7751 6.49722
      vertex 8.40129 -24.2882 6.31865
    endloop
  endfacet
  facet normal 0.246735 -0.0801535 -0.965762
    outer loop
      vertex 8.40129 -24.2882 6.31865
      vertex 8.94207 -24.7751 6.49722
      vertex 8.28824 -24.6362 6.31865
    endloop
  endfacet
  facet normal 0.120971 -0.0392805 -0.991879
    outer loop
      vertex 9.0534 -24.7988 6.51173
      vertex 9.30389 -24.7286 6.5395
      vertex 9.28142 -24.7978 6.5395
    endloop
  endfacet
  facet normal 0.120973 -0.0392871 -0.991878
    outer loop
      vertex 9.0534 -24.7988 6.51173
      vertex 9.01195 -24.5601 6.49722
      vertex 9.30389 -24.7286 6.5395
    endloop
  endfacet
  facet normal 0.12091 -0.0392985 -0.991885
    outer loop
      vertex 9.01195 -24.5601 6.49722
      vertex 9.0534 -24.7988 6.51173
      vertex 8.94207 -24.7751 6.49722
    endloop
  endfacet
  facet normal 0.12645 -0.013272 -0.991884
    outer loop
      vertex 8.94207 -24.7751 6.49722
      vertex 9.0534 -24.7988 6.51173
      vertex 8.93953 -24.7993 6.49722
    endloop
  endfacet
  facet normal 0.837345 -0.272067 0.474165
    outer loop
      vertex 6.87246 -24.3352 3.64585
      vertex 6.87246 -23.6075 4.06339
      vertex 6.65129 -24.2882 4.06339
    endloop
  endfacet
  facet normal 0.87559 -0.0920233 0.474208
    outer loop
      vertex 6.62596 -24.8889 3.99359
      vertex 6.65129 -24.2882 4.06339
      vertex 6.58842 -24.8864 4.06339
    endloop
  endfacet
  facet normal 0.875612 -0.0920196 0.474168
    outer loop
      vertex 6.65129 -24.2882 4.06339
      vertex 6.62596 -24.8889 3.99359
      vertex 6.87246 -24.3352 3.64585
    endloop
  endfacet
  facet normal 0.120963 -0.039304 -0.991879
    outer loop
      vertex 9.31484 -24.6949 6.5395
      vertex 9.30389 -24.7286 6.5395
      vertex 9.01195 -24.5601 6.49722
    endloop
  endfacet
  facet normal 0.951456 -0.307786 0
    outer loop
      vertex 9.31002 -24.7098 9
      vertex 9.31484 -24.6949 6.5395
      vertex 9.31484 -24.6949 9
    endloop
  endfacet
  facet normal 0.951055 -0.309022 -8.26966e-06
    outer loop
      vertex 9.31002 -24.7098 9
      vertex 9.30389 -24.7286 6.5395
      vertex 9.31484 -24.6949 6.5395
    endloop
  endfacet
  facet normal 0.951115 -0.308837 -9.83142e-06
    outer loop
      vertex 9.30389 -24.7286 6.5395
      vertex 9.31002 -24.7098 9
      vertex 9.28142 -24.7978 6.5395
    endloop
  endfacet
  facet normal -0.257981 0.0270857 0.96577
    outer loop
      vertex 19.7118 -5.36384 2.68135
      vertex 19.75 -5 2.68135
      vertex 19.0579 -5.22487 2.50278
    endloop
  endfacet
  facet normal -0.687144 0.223234 0.691375
    outer loop
      vertex 20.921 -6.3005 3.64585
      vertex 20.7697 -5.58871 3.26565
      vertex 20.5868 -6.1517 3.26565
    endloop
  endfacet
  facet normal -0.126473 0.0133295 -0.99188
    outer loop
      vertex 19.0579 -5.22487 6.49722
      vertex 18.7463 -5.03524 6.5395
      vertex 19.0816 -5 6.49722
    endloop
  endfacet
  facet normal -0.126485 0.0133098 -0.991879
    outer loop
      vertex 18.7463 -5.03524 6.5395
      vertex 19.0579 -5.22487 6.49722
      vertex 18.7336 -5.15593 6.5395
    endloop
  endfacet
  facet normal 0.239772 -0.0959051 0.966081
    outer loop
      vertex 8.40129 -24.2882 2.68135
      vertex 11.1803 -19.1392 2.50278
      vertex 10.9549 -18.8889 2.58357
    endloop
  endfacet
  facet normal 0.239813 -0.0959248 0.966068
    outer loop
      vertex 8.40129 -24.2882 2.68135
      vertex 10.9549 -18.8889 2.58357
      vertex 10.7222 -18.4859 2.68135
    endloop
  endfacet
  facet normal 0.239793 -0.0959168 0.966074
    outer loop
      vertex 11.1803 -19.1392 2.50278
      vertex 8.40129 -24.2882 2.68135
      vertex 9.01195 -24.5601 2.50278
    endloop
  endfacet
  facet normal 0.239812 -0.0959239 0.966069
    outer loop
      vertex 16.25 -4.66645 2.68135
      vertex 14.442 -10.9849 2.50278
      vertex 16.9184 -4.79385 2.50278
    endloop
  endfacet
  facet normal 0.239811 -0.0959239 0.966069
    outer loop
      vertex 14.442 -10.9849 2.50278
      vertex 16.25 -4.66645 2.68135
      vertex 13.6558 -11.152 2.68135
    endloop
  endfacet
  facet normal -0.239814 0.095926 -0.966068
    outer loop
      vertex 11.9611 -24.8057 6.31865
      vertex 18.9881 -5.43991 6.49722
      vertex 19.5987 -5.71179 6.31865
    endloop
  endfacet
  facet normal -0.239812 0.0959252 -0.966069
    outer loop
      vertex 18.9881 -5.43991 6.49722
      vertex 11.9611 -24.8057 6.31865
      vertex 11.2443 -24.7993 6.49722
    endloop
  endfacet
  facet normal -0.718564 0.0755535 -0.691345
    outer loop
      vertex 20.8316 -5 5.73435
      vertex 21.1275 -5.66478 5.35415
      vertex 20.7697 -5.58871 5.73435
    endloop
  endfacet
  facet normal 0.515135 -0.206053 0.831972
    outer loop
      vertex 15.1684 -4.4603 3.26565
      vertex 7.86052 -24.0474 2.93939
      vertex 15.658 -4.55362 2.93939
    endloop
  endfacet
  facet normal 0.515141 -0.206055 0.831968
    outer loop
      vertex 7.86052 -24.0474 2.93939
      vertex 15.1684 -4.4603 3.26565
      vertex 7.41324 -23.8483 3.26565
    endloop
  endfacet
  facet normal -0.381794 0.124101 0.915878
    outer loop
      vertex 20.2908 -5.48692 2.93939
      vertex 19.7118 -5.36384 2.68135
      vertex 19.5987 -5.71179 2.68135
    endloop
  endfacet
  facet normal -0.24677 0.0800994 -0.965758
    outer loop
      vertex 19.0579 -5.22487 6.49722
      vertex 19.5987 -5.71179 6.31865
      vertex 18.9881 -5.43991 6.49722
    endloop
  endfacet
  facet normal -0.97976 0.10296 -0.171667
    outer loop
      vertex 21.4235 -5 4.93661
      vertex 21.5 -5 4.5
      vertex 21.3487 -5.71179 4.93661
    endloop
  endfacet
  facet normal -0.914562 0.365822 -0.172485
    outer loop
      vertex 21.1974 -6.42358 4.5
      vertex 13.7425 -24.8551 4.93661
      vertex 21.1275 -6.39247 4.93661
    endloop
  endfacet
  facet normal -0.914582 0.365833 -0.172355
    outer loop
      vertex 13.7425 -24.8551 4.93661
      vertex 21.1974 -6.42358 4.5
      vertex 13.8185 -24.8708 4.5
    endloop
  endfacet
  facet normal 0.669315 -0.267725 0.693066
    outer loop
      vertex 14.8026 -4.39057 3.64585
      vertex 7.41324 -23.8483 3.26565
      vertex 15.1684 -4.4603 3.26565
    endloop
  endfacet
  facet normal 0.669275 -0.26771 0.69311
    outer loop
      vertex 7.41324 -23.8483 3.26565
      vertex 14.8026 -4.39057 3.64585
      vertex 7.07902 -23.6995 3.64585
    endloop
  endfacet
  facet normal 0.371235 -0.148494 -0.916588
    outer loop
      vertex 8.40129 -24.2882 6.31865
      vertex 15.658 -4.55362 6.0606
      vertex 16.25 -4.66645 6.31865
    endloop
  endfacet
  facet normal 0.371256 -0.148502 -0.916579
    outer loop
      vertex 15.658 -4.55362 6.0606
      vertex 8.40129 -24.2882 6.31865
      vertex 7.86052 -24.0474 6.0606
    endloop
  endfacet
  facet normal -0.121022 0.0391437 -0.991878
    outer loop
      vertex 18.6961 -5.27135 6.5395
      vertex 18.9881 -5.43991 6.49722
      vertex 18.6852 -5.30505 6.5395
    endloop
  endfacet
  facet normal -0.669291 0.267717 -0.693092
    outer loop
      vertex 13.5051 -24.8402 5.35415
      vertex 20.5868 -6.1517 5.73435
      vertex 20.921 -6.3005 5.35415
    endloop
  endfacet
  facet normal -0.669275 0.267711 -0.69311
    outer loop
      vertex 20.5868 -6.1517 5.73435
      vertex 13.5051 -24.8402 5.35415
      vertex 13.1168 -24.8266 5.73435
    endloop
  endfacet
  facet normal -0.515116 0.206047 0.831986
    outer loop
      vertex 20.1395 -5.95256 2.93939
      vertex 13.0815 -24.9149 3.26565
      vertex 20.5868 -6.1517 3.26565
    endloop
  endfacet
  facet normal -0.515141 0.206056 0.831968
    outer loop
      vertex 13.0815 -24.9149 3.26565
      vertex 20.1395 -5.95256 2.93939
      vertex 12.5499 -24.9266 2.93939
    endloop
  endfacet
  facet normal -0.979767 0.103 0.171605
    outer loop
      vertex 21.4235 -5.72769 4.5
      vertex 21.5 -5 4.5
      vertex 21.3487 -5.71179 4.06339
    endloop
  endfacet
  facet normal -0.979767 0.103 -0.171605
    outer loop
      vertex 21.5 -5 4.5
      vertex 21.4235 -5.72769 4.5
      vertex 21.3487 -5.71179 4.93661
    endloop
  endfacet
  facet normal -0.399219 0.0419781 0.915894
    outer loop
      vertex 20.2908 -5.48692 2.93939
      vertex 20.342 -5 2.93939
      vertex 19.75 -5 2.68135
    endloop
  endfacet
  facet normal 0.371223 -0.148488 0.916594
    outer loop
      vertex 15.658 -4.55362 2.93939
      vertex 13.6558 -11.152 2.68135
      vertex 16.25 -4.66645 2.68135
    endloop
  endfacet
  facet normal 0.371142 -0.148465 0.916631
    outer loop
      vertex 15.658 -4.55362 2.93939
      vertex 13.4732 -11.1908 2.749
      vertex 13.6558 -11.152 2.68135
    endloop
  endfacet
  facet normal 0.371288 -0.148511 0.916564
    outer loop
      vertex 15.658 -4.55362 2.93939
      vertex 10.6236 -18.315 2.749
      vertex 13.4732 -11.1908 2.749
    endloop
  endfacet
  facet normal 0.371201 -0.14848 0.916605
    outer loop
      vertex 7.86052 -24.0474 2.93939
      vertex 10.6236 -18.315 2.749
      vertex 15.658 -4.55362 2.93939
    endloop
  endfacet
  facet normal 0.371242 -0.1485 0.916584
    outer loop
      vertex 10.6236 -18.315 2.749
      vertex 7.86052 -24.0474 2.93939
      vertex 8.40129 -24.2882 2.68135
    endloop
  endfacet
  facet normal 0.371365 -0.148546 0.916527
    outer loop
      vertex 10.7222 -18.4859 2.68135
      vertex 10.6236 -18.315 2.749
      vertex 8.40129 -24.2882 2.68135
    endloop
  endfacet
  facet normal -0.371403 0.148558 0.91651
    outer loop
      vertex 19.5987 -5.71179 2.68135
      vertex 17.2755 -11.5199 2.68135
      vertex 17.4172 -11.583 2.749
    endloop
  endfacet
  facet normal -0.371233 0.148496 0.916589
    outer loop
      vertex 17.4172 -11.583 2.749
      vertex 20.1395 -5.95256 2.93939
      vertex 19.5987 -5.71179 2.68135
    endloop
  endfacet
  facet normal -0.371271 0.148505 0.916572
    outer loop
      vertex 12.5499 -24.9266 2.93939
      vertex 17.4172 -11.583 2.749
      vertex 13.7438 -20.7667 2.749
    endloop
  endfacet
  facet normal -0.371201 0.14848 0.916604
    outer loop
      vertex 17.4172 -11.583 2.749
      vertex 12.5499 -24.9266 2.93939
      vertex 20.1395 -5.95256 2.93939
    endloop
  endfacet
  facet normal -0.371138 0.14847 0.916632
    outer loop
      vertex 13.5898 -20.734 2.68135
      vertex 12.5499 -24.9266 2.93939
      vertex 13.7438 -20.7667 2.749
    endloop
  endfacet
  facet normal -0.371229 0.14849 0.916592
    outer loop
      vertex 12.5499 -24.9266 2.93939
      vertex 13.5898 -20.734 2.68135
      vertex 11.9091 -24.9358 2.68135
    endloop
  endfacet
  facet normal -0.11753 0.0470123 -0.991956
    outer loop
      vertex 11.2443 -24.7993 6.49722
      vertex 18.6852 -5.30505 6.5395
      vertex 18.9881 -5.43991 6.49722
    endloop
  endfacet
  facet normal -0.117544 0.0470177 -0.991954
    outer loop
      vertex 18.6852 -5.30505 6.5395
      vertex 11.2443 -24.7993 6.49722
      vertex 10.8881 -24.7978 6.5395
    endloop
  endfacet
  facet normal -0.120955 0.0392609 -0.991881
    outer loop
      vertex 18.6961 -5.27135 6.5395
      vertex 19.0579 -5.22487 6.49722
      vertex 18.9881 -5.43991 6.49722
    endloop
  endfacet
  facet normal -0.12096 0.0392999 -0.991879
    outer loop
      vertex 19.0579 -5.22487 6.49722
      vertex 18.6961 -5.27135 6.5395
      vertex 18.7336 -5.15593 6.5395
    endloop
  endfacet
  facet normal -0.553584 0.0582066 -0.830757
    outer loop
      vertex 20.8316 -5 5.73435
      vertex 20.7697 -5.58871 5.73435
      vertex 20.342 -5 6.0606
    endloop
  endfacet
  facet normal -0.239813 0.0959279 0.966068
    outer loop
      vertex 16.6648 -11.248 2.50278
      vertex 19.5987 -5.71179 2.68135
      vertex 18.9881 -5.43991 2.50278
    endloop
  endfacet
  facet normal -0.239781 0.0959107 0.966078
    outer loop
      vertex 19.5987 -5.71179 2.68135
      vertex 16.6648 -11.248 2.50278
      vertex 17.2755 -11.5199 2.68135
    endloop
  endfacet
  facet normal -0.239833 0.0959321 0.966063
    outer loop
      vertex 13.4549 -20.7053 2.64501
      vertex 11.9091 -24.9358 2.68135
      vertex 13.5898 -20.734 2.68135
    endloop
  endfacet
  facet normal -0.239783 0.0959137 0.966077
    outer loop
      vertex 12.9685 -20.4887 2.50278
      vertex 11.9091 -24.9358 2.68135
      vertex 13.4549 -20.7053 2.64501
    endloop
  endfacet
  facet normal -0.239787 0.0959147 0.966076
    outer loop
      vertex 11.9091 -24.9358 2.68135
      vertex 12.9685 -20.4887 2.50278
      vertex 11.1871 -24.9422 2.50278
    endloop
  endfacet
  facet normal -0.381783 0.124052 0.915889
    outer loop
      vertex 20.1395 -5.95256 2.93939
      vertex 20.2908 -5.48692 2.93939
      vertex 19.5987 -5.71179 2.68135
    endloop
  endfacet
  facet normal -0.816631 0.326653 -0.475827
    outer loop
      vertex 21.1275 -6.39247 4.93661
      vertex 13.5051 -24.8402 5.35415
      vertex 20.921 -6.3005 5.35415
    endloop
  endfacet
  facet normal -0.816577 0.326629 -0.475936
    outer loop
      vertex 13.5051 -24.8402 5.35415
      vertex 21.1275 -6.39247 4.93661
      vertex 13.7425 -24.8551 4.93661
    endloop
  endfacet
  facet normal -0.936935 0.304475 0.171604
    outer loop
      vertex 21.4235 -5.72769 4.5
      vertex 21.3487 -5.71179 4.06339
      vertex 21.1275 -6.39247 4.06339
    endloop
  endfacet
  facet normal -0.914562 0.365821 0.172485
    outer loop
      vertex 13.73 -24.8864 4.06339
      vertex 21.1974 -6.42358 4.5
      vertex 21.1275 -6.39247 4.06339
    endloop
  endfacet
  facet normal -0.914588 0.365836 0.172314
    outer loop
      vertex 21.1974 -6.42358 4.5
      vertex 13.73 -24.8864 4.06339
      vertex 13.8185 -24.8708 4.5
    endloop
  endfacet
  facet normal -0.936937 0.304418 0.171692
    outer loop
      vertex 21.1974 -6.42358 4.5
      vertex 21.4235 -5.72769 4.5
      vertex 21.1275 -6.39247 4.06339
    endloop
  endfacet
  facet normal -0.875586 0.0920128 0.474218
    outer loop
      vertex 21.3487 -5.71179 4.06339
      vertex 21.4235 -5 4.06339
      vertex 21.1275 -5.66478 3.64585
    endloop
  endfacet
  facet normal 0.816595 -0.326639 -0.475899
    outer loop
      vertex 14.8026 -4.39057 5.35415
      vertex 6.87246 -23.6075 4.93661
      vertex 14.5765 -4.34748 4.93661
    endloop
  endfacet
  facet normal 0.816577 -0.326631 -0.475936
    outer loop
      vertex 6.87246 -23.6075 4.93661
      vertex 14.8026 -4.39057 5.35415
      vertex 7.07902 -23.6995 5.35415
    endloop
  endfacet
  facet normal 0.914565 -0.365826 0.17246
    outer loop
      vertex 6.80259 -23.5764 4.5
      vertex 14.5765 -4.34748 4.06339
      vertex 14.5 -4.3329 4.5
    endloop
  endfacet
  facet normal 0.914572 -0.36583 0.172416
    outer loop
      vertex 14.5765 -4.34748 4.06339
      vertex 6.80259 -23.5764 4.5
      vertex 6.87246 -23.6075 4.06339
    endloop
  endfacet
  facet normal 0.117518 -0.0470075 -0.991958
    outer loop
      vertex 9.31484 -24.6949 6.5395
      vertex 16.9184 -4.79385 6.49722
      vertex 17.25 -4.85705 6.5395
    endloop
  endfacet
  facet normal 0.117541 -0.0470162 -0.991954
    outer loop
      vertex 16.9184 -4.79385 6.49722
      vertex 9.31484 -24.6949 6.5395
      vertex 9.01195 -24.5601 6.49722
    endloop
  endfacet
  facet normal -0.553581 0.0582094 -0.830759
    outer loop
      vertex 20.342 -5 6.0606
      vertex 20.7697 -5.58871 5.73435
      vertex 20.2908 -5.48692 6.0606
    endloop
  endfacet
  facet normal -0.529378 0.171981 -0.830771
    outer loop
      vertex 20.7697 -5.58871 5.73435
      vertex 20.5868 -6.1517 5.73435
      vertex 20.1395 -5.95256 6.0606
    endloop
  endfacet
  facet normal -0.687144 0.223234 -0.691375
    outer loop
      vertex 20.7697 -5.58871 5.73435
      vertex 20.921 -6.3005 5.35415
      vertex 20.5868 -6.1517 5.73435
    endloop
  endfacet
  facet normal -0.687176 0.223214 -0.69135
    outer loop
      vertex 21.1275 -5.66478 5.35415
      vertex 20.921 -6.3005 5.35415
      vertex 20.7697 -5.58871 5.73435
    endloop
  endfacet
  facet normal -0.515105 0.206043 -0.831993
    outer loop
      vertex 13.1168 -24.8266 5.73435
      vertex 20.1395 -5.95256 6.0606
      vertex 20.5868 -6.1517 5.73435
    endloop
  endfacet
  facet normal -0.515089 0.206037 -0.832005
    outer loop
      vertex 20.1395 -5.95256 6.0606
      vertex 13.1168 -24.8266 5.73435
      vertex 12.5945 -24.8149 6.0606
    endloop
  endfacet
  facet normal -0.371246 0.1485 -0.916583
    outer loop
      vertex 12.5945 -24.8149 6.0606
      vertex 19.5987 -5.71179 6.31865
      vertex 20.1395 -5.95256 6.0606
    endloop
  endfacet
  facet normal -0.37126 0.148505 -0.916576
    outer loop
      vertex 19.5987 -5.71179 6.31865
      vertex 12.5945 -24.8149 6.0606
      vertex 11.9611 -24.8057 6.31865
    endloop
  endfacet
  facet normal -0.553593 0.0582107 0.830751
    outer loop
      vertex 20.7697 -5.58871 3.26565
      vertex 20.342 -5 2.93939
      vertex 20.2908 -5.48692 2.93939
    endloop
  endfacet
  facet normal -0.246695 0.0801874 0.96577
    outer loop
      vertex 19.5987 -5.71179 2.68135
      vertex 19.7118 -5.36384 2.68135
      vertex 19.0579 -5.22487 2.50278
    endloop
  endfacet
  facet normal -0.399264 0.0419192 0.915877
    outer loop
      vertex 20.2908 -5.48692 2.93939
      vertex 19.75 -5 2.68135
      vertex 19.7118 -5.36384 2.68135
    endloop
  endfacet
  facet normal -0.718564 0.0755535 0.691345
    outer loop
      vertex 21.1275 -5.66478 3.64585
      vertex 20.8316 -5 3.26565
      vertex 20.7697 -5.58871 3.26565
    endloop
  endfacet
  facet normal -0.24677 0.0800994 0.965758
    outer loop
      vertex 19.5987 -5.71179 2.68135
      vertex 19.0579 -5.22487 2.50278
      vertex 18.9881 -5.43991 2.50278
    endloop
  endfacet
  facet normal 0.816595 -0.326639 0.475899
    outer loop
      vertex 6.87246 -23.6075 4.06339
      vertex 14.8026 -4.39057 3.64585
      vertex 14.5765 -4.34748 4.06339
    endloop
  endfacet
  facet normal 0.816577 -0.326631 0.475936
    outer loop
      vertex 14.8026 -4.39057 3.64585
      vertex 6.87246 -23.6075 4.06339
      vertex 7.07902 -23.6995 3.64585
    endloop
  endfacet
  facet normal 0.914565 -0.365826 -0.17246
    outer loop
      vertex 14.5765 -4.34748 4.93661
      vertex 6.80259 -23.5764 4.5
      vertex 14.5 -4.3329 4.5
    endloop
  endfacet
  facet normal 0.914572 -0.36583 -0.172416
    outer loop
      vertex 6.80259 -23.5764 4.5
      vertex 14.5765 -4.34748 4.93661
      vertex 6.87246 -23.6075 4.93661
    endloop
  endfacet
  facet normal -0.126468 0.0132784 -0.991882
    outer loop
      vertex 18.75 -5 6.5395
      vertex 19.0816 -5 6.49722
      vertex 18.7463 -5.03524 6.5395
    endloop
  endfacet
  facet normal -0.258012 0.027193 -0.965759
    outer loop
      vertex 19.0816 -5 6.49722
      vertex 19.75 -5 6.31865
      vertex 19.0579 -5.22487 6.49722
    endloop
  endfacet
  facet normal -0.381795 0.124056 -0.915884
    outer loop
      vertex 20.2908 -5.48692 6.0606
      vertex 20.1395 -5.95256 6.0606
      vertex 19.5987 -5.71179 6.31865
    endloop
  endfacet
  facet normal -0.875586 0.0920128 -0.474218
    outer loop
      vertex 21.4235 -5 4.93661
      vertex 21.3487 -5.71179 4.93661
      vertex 21.1275 -5.66478 5.35415
    endloop
  endfacet
  facet normal -0.875617 0.092069 -0.474151
    outer loop
      vertex 21.1974 -5 5.35415
      vertex 21.4235 -5 4.93661
      vertex 21.1275 -5.66478 5.35415
    endloop
  endfacet
  facet normal -0.936937 0.304418 -0.171692
    outer loop
      vertex 21.4235 -5.72769 4.5
      vertex 21.1974 -6.42358 4.5
      vertex 21.1275 -6.39247 4.93661
    endloop
  endfacet
  facet normal -0.936935 0.304475 -0.171604
    outer loop
      vertex 21.3487 -5.71179 4.93661
      vertex 21.4235 -5.72769 4.5
      vertex 21.1275 -6.39247 4.93661
    endloop
  endfacet
  facet normal -0.381807 0.124105 -0.915872
    outer loop
      vertex 19.7118 -5.36384 6.31865
      vertex 20.2908 -5.48692 6.0606
      vertex 19.5987 -5.71179 6.31865
    endloop
  endfacet
  facet normal -0.52939 0.172014 -0.830757
    outer loop
      vertex 20.2908 -5.48692 6.0606
      vertex 20.7697 -5.58871 5.73435
      vertex 20.1395 -5.95256 6.0606
    endloop
  endfacet
  facet normal -0.816632 0.326652 0.475827
    outer loop
      vertex 13.4807 -24.9013 3.64585
      vertex 21.1275 -6.39247 4.06339
      vertex 20.921 -6.3005 3.64585
    endloop
  endfacet
  facet normal -0.816593 0.326634 0.475906
    outer loop
      vertex 21.1275 -6.39247 4.06339
      vertex 13.4807 -24.9013 3.64585
      vertex 13.73 -24.8864 4.06339
    endloop
  endfacet
  facet normal -0.837307 0.272099 0.474215
    outer loop
      vertex 21.3487 -5.71179 4.06339
      vertex 21.1275 -5.66478 3.64585
      vertex 21.1275 -6.39247 4.06339
    endloop
  endfacet
  facet normal -0.837415 0.272016 0.474071
    outer loop
      vertex 21.1275 -6.39247 4.06339
      vertex 21.1275 -5.66478 3.64585
      vertex 20.921 -6.3005 3.64585
    endloop
  endfacet
  facet normal -0.97976 0.10296 0.171667
    outer loop
      vertex 21.5 -5 4.5
      vertex 21.4235 -5 4.06339
      vertex 21.3487 -5.71179 4.06339
    endloop
  endfacet
  facet normal -0.258012 0.027193 0.965759
    outer loop
      vertex 19.75 -5 2.68135
      vertex 19.0816 -5 2.50278
      vertex 19.0579 -5.22487 2.50278
    endloop
  endfacet
  facet normal -0.669292 0.267716 0.693092
    outer loop
      vertex 20.5868 -6.1517 3.26565
      vertex 13.4807 -24.9013 3.64585
      vertex 20.921 -6.3005 3.64585
    endloop
  endfacet
  facet normal -0.669259 0.267704 0.693128
    outer loop
      vertex 13.4807 -24.9013 3.64585
      vertex 20.5868 -6.1517 3.26565
      vertex 13.0815 -24.9149 3.26565
    endloop
  endfacet
  facet normal -0.257981 0.0270857 -0.96577
    outer loop
      vertex 19.75 -5 6.31865
      vertex 19.7118 -5.36384 6.31865
      vertex 19.0579 -5.22487 6.49722
    endloop
  endfacet
  facet normal -0.246695 0.0801874 -0.96577
    outer loop
      vertex 19.7118 -5.36384 6.31865
      vertex 19.5987 -5.71179 6.31865
      vertex 19.0579 -5.22487 6.49722
    endloop
  endfacet
  facet normal -0.837415 0.272016 -0.474071
    outer loop
      vertex 21.1275 -5.66478 5.35415
      vertex 21.1275 -6.39247 4.93661
      vertex 20.921 -6.3005 5.35415
    endloop
  endfacet
  facet normal -0.837307 0.272099 -0.474215
    outer loop
      vertex 21.1275 -5.66478 5.35415
      vertex 21.3487 -5.71179 4.93661
      vertex 21.1275 -6.39247 4.93661
    endloop
  endfacet
  facet normal -0.399232 0.0419795 -0.915889
    outer loop
      vertex 20.342 -5 6.0606
      vertex 20.2908 -5.48692 6.0606
      vertex 19.75 -5 6.31865
    endloop
  endfacet
  facet normal -0.399277 0.0419205 -0.915872
    outer loop
      vertex 19.75 -5 6.31865
      vertex 20.2908 -5.48692 6.0606
      vertex 19.7118 -5.36384 6.31865
    endloop
  endfacet
  facet normal 0.239812 -0.0959241 -0.966069
    outer loop
      vertex 9.01195 -24.5601 6.49722
      vertex 16.25 -4.66645 6.31865
      vertex 16.9184 -4.79385 6.49722
    endloop
  endfacet
  facet normal 0.239793 -0.0959173 -0.966074
    outer loop
      vertex 16.25 -4.66645 6.31865
      vertex 9.01195 -24.5601 6.49722
      vertex 8.40129 -24.2882 6.31865
    endloop
  endfacet
  facet normal -0.687176 0.223214 0.69135
    outer loop
      vertex 20.921 -6.3005 3.64585
      vertex 21.1275 -5.66478 3.64585
      vertex 20.7697 -5.58871 3.26565
    endloop
  endfacet
  facet normal -0.553595 0.0582079 0.830749
    outer loop
      vertex 20.7697 -5.58871 3.26565
      vertex 20.8316 -5 3.26565
      vertex 20.342 -5 2.93939
    endloop
  endfacet
  facet normal -0.718562 0.075555 -0.691347
    outer loop
      vertex 21.1974 -5 5.35415
      vertex 21.1275 -5.66478 5.35415
      vertex 20.8316 -5 5.73435
    endloop
  endfacet
  facet normal -0.52939 0.171984 0.830764
    outer loop
      vertex 20.5868 -6.1517 3.26565
      vertex 20.7697 -5.58871 3.26565
      vertex 20.1395 -5.95256 2.93939
    endloop
  endfacet
  facet normal -0.529402 0.172018 0.830749
    outer loop
      vertex 20.7697 -5.58871 3.26565
      vertex 20.2908 -5.48692 2.93939
      vertex 20.1395 -5.95256 2.93939
    endloop
  endfacet
  facet normal 0.515125 -0.206049 -0.83198
    outer loop
      vertex 7.86052 -24.0474 6.0606
      vertex 15.1684 -4.4603 5.73435
      vertex 15.658 -4.55362 6.0606
    endloop
  endfacet
  facet normal 0.51513 -0.206051 -0.831976
    outer loop
      vertex 15.1684 -4.4603 5.73435
      vertex 7.86052 -24.0474 6.0606
      vertex 7.41324 -23.8483 5.73435
    endloop
  endfacet
  facet normal -0.117539 0.0470168 0.991955
    outer loop
      vertex 16.5451 -11.1947 2.48607
      vertex 18.9881 -5.43991 2.50278
      vertex 18.3342 -5.1488 2.4115
    endloop
  endfacet
  facet normal -0.11754 0.0470173 0.991954
    outer loop
      vertex 18.9881 -5.43991 2.50278
      vertex 16.5451 -11.1947 2.48607
      vertex 16.6648 -11.248 2.50278
    endloop
  endfacet
  facet normal -0.117566 0.0470247 0.991951
    outer loop
      vertex 16.5451 -11.1947 2.48607
      vertex 18.3342 -5.1488 2.4115
      vertex 15.9652 -11.0715 2.4115
    endloop
  endfacet
  facet normal -0.117556 0.0470222 0.991952
    outer loop
      vertex 12.5 -20.2801 2.43737
      vertex 11.1871 -24.9422 2.50278
      vertex 12.9685 -20.4887 2.50278
    endloop
  endfacet
  facet normal -0.117519 0.0470119 0.991957
    outer loop
      vertex 12.3308 -20.1572 2.4115
      vertex 11.1871 -24.9422 2.50278
      vertex 12.5 -20.2801 2.43737
    endloop
  endfacet
  facet normal -0.117564 0.0470226 0.991951
    outer loop
      vertex 11.1871 -24.9422 2.50278
      vertex 12.3308 -20.1572 2.4115
      vertex 10.4156 -24.9455 2.4115
    endloop
  endfacet
  facet normal -0.718562 0.075555 0.691347
    outer loop
      vertex 21.1275 -5.66478 3.64585
      vertex 21.1974 -5 3.64585
      vertex 20.8316 -5 3.26565
    endloop
  endfacet
  facet normal 0.669315 -0.267725 -0.693066
    outer loop
      vertex 7.41324 -23.8483 5.73435
      vertex 14.8026 -4.39057 5.35415
      vertex 15.1684 -4.4603 5.73435
    endloop
  endfacet
  facet normal 0.669275 -0.26771 -0.69311
    outer loop
      vertex 14.8026 -4.39057 5.35415
      vertex 7.41324 -23.8483 5.73435
      vertex 7.07902 -23.6995 5.35415
    endloop
  endfacet
  facet normal -0.875617 0.092069 0.474151
    outer loop
      vertex 21.4235 -5 4.06339
      vertex 21.1974 -5 3.64585
      vertex 21.1275 -5.66478 3.64585
    endloop
  endfacet
  facet normal -0.126486 0.0131376 0.991881
    outer loop
      vertex 19.0816 -5 2.50278
      vertex 18.3658 -5 2.4115
      vertex 18.3579 -5.07606 2.4115
    endloop
  endfacet
  facet normal -0.126506 0.013333 0.991876
    outer loop
      vertex 19.0579 -5.22487 2.50278
      vertex 19.0816 -5 2.50278
      vertex 18.3579 -5.07606 2.4115
    endloop
  endfacet
  facet normal -0.120992 0.0392728 0.991876
    outer loop
      vertex 18.9881 -5.43991 2.50278
      vertex 19.0579 -5.22487 2.50278
      vertex 18.3579 -5.07606 2.4115
    endloop
  endfacet
  facet normal 0.117515 -0.0470001 0.991958
    outer loop
      vertex 9.01195 -24.5601 2.50278
      vertex 11.7207 -19.7139 2.4115
      vertex 11.6543 -19.6657 2.42165
    endloop
  endfacet
  facet normal 0.117554 -0.0470212 0.991953
    outer loop
      vertex 9.01195 -24.5601 2.50278
      vertex 11.6543 -19.6657 2.42165
      vertex 11.1803 -19.1392 2.50278
    endloop
  endfacet
  facet normal 0.11755 -0.0470201 0.991953
    outer loop
      vertex 11.7207 -19.7139 2.4115
      vertex 9.01195 -24.5601 2.50278
      vertex 9.66578 -24.8512 2.4115
    endloop
  endfacet
  facet normal 0.117551 -0.0470193 0.991953
    outer loop
      vertex 16.9184 -4.79385 2.50278
      vertex 15.2153 -10.9774 2.4115
      vertex 17.6341 -4.93027 2.4115
    endloop
  endfacet
  facet normal 0.117558 -0.0470213 0.991952
    outer loop
      vertex 16.9184 -4.79385 2.50278
      vertex 14.4774 -10.9774 2.49895
      vertex 15.2153 -10.9774 2.4115
    endloop
  endfacet
  facet normal 0.117263 -0.0469049 0.991993
    outer loop
      vertex 14.4774 -10.9774 2.49895
      vertex 16.9184 -4.79385 2.50278
      vertex 14.442 -10.9849 2.50278
    endloop
  endfacet
  facet normal -0.12092 0.039398 0.99188
    outer loop
      vertex 18.9881 -5.43991 2.50278
      vertex 18.3579 -5.07606 2.4115
      vertex 18.3342 -5.1488 2.4115
    endloop
  endfacet
  facet normal -0.928476 0.371392 0
    outer loop
      vertex 18.6852 -5.30505 6.5395
      vertex 13.0072 -19.5 7
      vertex 18.6852 -5.30505 7
    endloop
  endfacet
  facet normal -0.928478 0.371387 0
    outer loop
      vertex 12.6094 -20.4945 7.89547
      vertex 10.9233 -24.7098 9
      vertex 12.6094 -20.4945 9
    endloop
  endfacet
  facet normal -0.92846 0.371433 -0.000171089
    outer loop
      vertex 10.8881 -24.7978 6.5395
      vertex 12.6094 -20.4945 7.89547
      vertex 12.6268 -20.4511 7.69098
    endloop
  endfacet
  facet normal -0.928491 0.371354 0.00017564
    outer loop
      vertex 10.8881 -24.7978 6.5395
      vertex 12.6268 -20.4511 7.69098
      vertex 12.6608 -20.366 7.5
    endloop
  endfacet
  facet normal -0.928499 0.371334 0.000281944
    outer loop
      vertex 10.8881 -24.7978 6.5395
      vertex 12.6608 -20.366 7.5
      vertex 12.7099 -20.2431 7.33087
    endloop
  endfacet
  facet normal -0.928455 0.371446 -0.000460284
    outer loop
      vertex 10.8881 -24.7978 6.5395
      vertex 12.7099 -20.2431 7.33087
      vertex 12.7721 -20.0878 7.19098
    endloop
  endfacet
  facet normal -0.92849 0.371356 0.000286639
    outer loop
      vertex 10.8881 -24.7978 6.5395
      vertex 12.7721 -20.0878 7.19098
      vertex 12.8445 -19.9067 7.08646
    endloop
  endfacet
  facet normal -0.928478 0.371387 1.56092e-07
    outer loop
      vertex 12.6094 -20.4945 7.89547
      vertex 10.8881 -24.7978 6.5395
      vertex 10.9233 -24.7098 9
    endloop
  endfacet
  facet normal -0.928487 0.371365 0.000196452
    outer loop
      vertex 12.924 -19.7079 7.02185
      vertex 10.8881 -24.7978 6.5395
      vertex 12.8445 -19.9067 7.08646
    endloop
  endfacet
  facet normal -0.928449 0.371459 -0.000948534
    outer loop
      vertex 13.0072 -19.5 7
      vertex 10.8881 -24.7978 6.5395
      vertex 12.924 -19.7079 7.02185
    endloop
  endfacet
  facet normal -0.928477 0.371391 -4.03247e-05
    outer loop
      vertex 10.8881 -24.7978 6.5395
      vertex 13.0072 -19.5 7
      vertex 18.6852 -5.30505 6.5395
    endloop
  endfacet
  facet normal 0.928477 -0.371391 0
    outer loop
      vertex 10.995 -20.4945 9
      vertex 9.31484 -24.6949 9
      vertex 10.995 -20.4945 7.89547
    endloop
  endfacet
  facet normal 0.928476 -0.371392 0
    outer loop
      vertex 11.3928 -19.5 7
      vertex 17.25 -4.85705 6.5395
      vertex 17.25 -4.85705 7
    endloop
  endfacet
  facet normal 0.928477 -0.371391 0
    outer loop
      vertex 9.31484 -24.6949 6.5395
      vertex 10.995 -20.4945 7.89547
      vertex 9.31484 -24.6949 9
    endloop
  endfacet
  facet normal 0.928458 -0.371438 0.000169969
    outer loop
      vertex 10.995 -20.4945 7.89547
      vertex 9.31484 -24.6949 6.5395
      vertex 11.0124 -20.4511 7.69098
    endloop
  endfacet
  facet normal 0.92849 -0.371357 -0.000176972
    outer loop
      vertex 11.0124 -20.4511 7.69098
      vertex 9.31484 -24.6949 6.5395
      vertex 11.0464 -20.366 7.5
    endloop
  endfacet
  facet normal 0.928462 -0.371427 0.000189097
    outer loop
      vertex 11.0464 -20.366 7.5
      vertex 9.31484 -24.6949 6.5395
      vertex 11.0956 -20.2431 7.33087
    endloop
  endfacet
  facet normal 0.928481 -0.37138 -0.000118601
    outer loop
      vertex 11.0956 -20.2431 7.33087
      vertex 9.31484 -24.6949 6.5395
      vertex 11.1577 -20.0878 7.19098
    endloop
  endfacet
  facet normal 0.928476 -0.371391 1.05598e-05
    outer loop
      vertex 11.3928 -19.5 7
      vertex 9.31484 -24.6949 6.5395
      vertex 17.25 -4.85705 6.5395
    endloop
  endfacet
  facet normal 0.928518 -0.371285 -0.00138312
    outer loop
      vertex 11.3097 -19.7079 7.02185
      vertex 9.31484 -24.6949 6.5395
      vertex 11.3928 -19.5 7
    endloop
  endfacet
  facet normal 0.928444 -0.371472 0.000859451
    outer loop
      vertex 11.2301 -19.9067 7.08646
      vertex 9.31484 -24.6949 6.5395
      vertex 11.3097 -19.7079 7.02185
    endloop
  endfacet
  facet normal 0.928489 -0.371359 -0.000291015
    outer loop
      vertex 11.1577 -20.0878 7.19098
      vertex 9.31484 -24.6949 6.5395
      vertex 11.2301 -19.9067 7.08646
    endloop
  endfacet
  facet normal -0.951062 0.309 0
    outer loop
      vertex 18.6961 -5.27135 6.5395
      vertex 18.7336 -5.15593 7
      vertex 18.7336 -5.15593 6.5395
    endloop
  endfacet
  facet normal -0.951469 0.307745 0
    outer loop
      vertex 18.6852 -5.30505 7
      vertex 18.6961 -5.27135 6.5395
      vertex 18.6852 -5.30505 6.5395
    endloop
  endfacet
  facet normal -0.951154 0.308717 7.85636e-05
    outer loop
      vertex 18.6961 -5.27135 6.5395
      vertex 18.6852 -5.30505 7
      vertex 18.7336 -5.15593 7
    endloop
  endfacet
  facet normal -0.994533 0.10442 0
    outer loop
      vertex 18.7463 -5.03524 6.5395
      vertex 18.75 -5 7
      vertex 18.75 -5 6.5395
    endloop
  endfacet
  facet normal -0.994509 0.10465 0
    outer loop
      vertex 18.7336 -5.15593 7
      vertex 18.7463 -5.03524 6.5395
      vertex 18.7336 -5.15593 6.5395
    endloop
  endfacet
  facet normal -0.994515 0.104598 -1.37808e-05
    outer loop
      vertex 18.7463 -5.03524 6.5395
      vertex 18.7336 -5.15593 7
      vertex 18.75 -5 7
    endloop
  endfacet
  facet normal 0.879351 0 0.476173
    outer loop
      vertex 14.8026 -4.39057 3.64585
      vertex 14.5765 -1.56768 4.06339
      vertex 14.5765 -4.34748 4.06339
    endloop
  endfacet
  facet normal 0.879274 -2.73283e-05 0.476316
    outer loop
      vertex 14.5765 -1.56768 4.06339
      vertex 14.8026 -4.39057 3.64585
      vertex 14.6079 -1.49719 4.00543
    endloop
  endfacet
  facet normal 0.879366 0 0.476146
    outer loop
      vertex 14.6079 -1.49719 4.00543
      vertex 14.8026 -4.39057 3.64585
      vertex 14.8026 -0.581094 3.64585
    endloop
  endfacet
  facet normal 0.879351 -0 0.476173
    outer loop
      vertex 14.5765 1.56768 4.06339
      vertex 14.8026 4.39057 3.64585
      vertex 14.5765 4.34748 4.06339
    endloop
  endfacet
  facet normal 0.879274 2.73283e-05 0.476316
    outer loop
      vertex 14.6079 1.49719 4.00543
      vertex 14.8026 4.39057 3.64585
      vertex 14.5765 1.56768 4.06339
    endloop
  endfacet
  facet normal 0.879366 0 0.476146
    outer loop
      vertex 14.8026 4.39057 3.64585
      vertex 14.6079 1.49719 4.00543
      vertex 14.8026 0.581094 3.64585
    endloop
  endfacet
  facet normal 0.984995 0 -0.172584
    outer loop
      vertex 14.5765 -4.34748 4.93661
      vertex 14.5 -1.73946 4.5
      vertex 14.5765 -1.56768 4.93661
    endloop
  endfacet
  facet normal 0.984995 0 -0.172584
    outer loop
      vertex 14.5 -1.73946 4.5
      vertex 14.5765 -4.34748 4.93661
      vertex 14.5 -4.3329 4.5
    endloop
  endfacet
  facet normal 0.984995 0 -0.172584
    outer loop
      vertex 14.5765 4.34748 4.93661
      vertex 14.5 1.73946 4.5
      vertex 14.5 4.3329 4.5
    endloop
  endfacet
  facet normal 0.984995 0 -0.172584
    outer loop
      vertex 14.5 1.73946 4.5
      vertex 14.5765 4.34748 4.93661
      vertex 14.5765 1.56768 4.93661
    endloop
  endfacet
  facet normal -0.936937 -0.304418 0.171692
    outer loop
      vertex 21.4235 5.72769 4.5
      vertex 21.1974 6.42358 4.5
      vertex 21.1275 6.39247 4.06339
    endloop
  endfacet
  facet normal 0.126479 0 -0.991969
    outer loop
      vertex 16.9184 -4.79385 6.49722
      vertex 17.25 4.85705 6.5395
      vertex 17.25 -4.85705 6.5395
    endloop
  endfacet
  facet normal 0.126479 0 -0.991969
    outer loop
      vertex 17.25 4.85705 6.5395
      vertex 16.9184 -4.79385 6.49722
      vertex 16.9184 4.79385 6.49722
    endloop
  endfacet
  facet normal -0.12092 -0.039398 0.99188
    outer loop
      vertex 18.3579 5.07606 2.4115
      vertex 18.9881 5.43991 2.50278
      vertex 18.3342 5.1488 2.4115
    endloop
  endfacet
  facet normal -0.258012 -0.027193 0.965759
    outer loop
      vertex 19.0816 5 2.50278
      vertex 19.75 5 2.68135
      vertex 19.0579 5.22487 2.50278
    endloop
  endfacet
  facet normal -0.126497 0 0.991967
    outer loop
      vertex 18.3658 5 2.4115
      vertex 19.0816 -5 2.50278
      vertex 19.0816 5 2.50278
    endloop
  endfacet
  facet normal -0.126497 0 0.991967
    outer loop
      vertex 19.0816 -5 2.50278
      vertex 18.3658 5 2.4115
      vertex 18.3658 -5 2.4115
    endloop
  endfacet
  facet normal -0.399232 -0.0419795 -0.915889
    outer loop
      vertex 20.2908 5.48692 6.0606
      vertex 20.342 5 6.0606
      vertex 19.75 5 6.31865
    endloop
  endfacet
  facet normal -0.837415 -0.272016 -0.474071
    outer loop
      vertex 21.1275 6.39247 4.93661
      vertex 21.1275 5.66478 5.35415
      vertex 20.921 6.3005 5.35415
    endloop
  endfacet
  facet normal -0.381807 -0.124105 -0.915872
    outer loop
      vertex 20.2908 5.48692 6.0606
      vertex 19.7118 5.36384 6.31865
      vertex 19.5987 5.71179 6.31865
    endloop
  endfacet
  facet normal -0.52939 -0.172014 -0.830757
    outer loop
      vertex 20.7697 5.58871 5.73435
      vertex 20.2908 5.48692 6.0606
      vertex 20.1395 5.95256 6.0606
    endloop
  endfacet
  facet normal -0.399571 0 0.916702
    outer loop
      vertex 19.75 5 2.68135
      vertex 20.342 -5 2.93939
      vertex 20.342 5 2.93939
    endloop
  endfacet
  facet normal -0.399571 0 0.916702
    outer loop
      vertex 20.342 -5 2.93939
      vertex 19.75 5 2.68135
      vertex 19.75 -5 2.68135
    endloop
  endfacet
  facet normal -0.718564 -0.0755535 0.691345
    outer loop
      vertex 20.8316 5 3.26565
      vertex 21.1275 5.66478 3.64585
      vertex 20.7697 5.58871 3.26565
    endloop
  endfacet
  facet normal -0.718562 -0.075555 -0.691347
    outer loop
      vertex 21.1275 5.66478 5.35415
      vertex 21.1974 5 5.35415
      vertex 20.8316 5 5.73435
    endloop
  endfacet
  facet normal 0.399571 0 0.916702
    outer loop
      vertex 15.658 4.55362 2.93939
      vertex 16.25 -4.66645 2.68135
      vertex 16.25 4.66645 2.68135
    endloop
  endfacet
  facet normal 0.399571 0 0.916702
    outer loop
      vertex 16.25 -4.66645 2.68135
      vertex 15.658 4.55362 2.93939
      vertex 15.658 -4.55362 2.93939
    endloop
  endfacet
  facet normal 0.554535 0 0.83216
    outer loop
      vertex 15.1684 4.4603 3.26565
      vertex 15.658 -4.55362 2.93939
      vertex 15.658 4.55362 2.93939
    endloop
  endfacet
  facet normal 0.554535 0 0.83216
    outer loop
      vertex 15.658 -4.55362 2.93939
      vertex 15.1684 4.4603 3.26565
      vertex 15.1684 -4.4603 3.26565
    endloop
  endfacet
  facet normal -0.126506 -0.013333 0.991876
    outer loop
      vertex 19.0816 5 2.50278
      vertex 19.0579 5.22487 2.50278
      vertex 18.3579 5.07606 2.4115
    endloop
  endfacet
  facet normal 0.879274 -2.73283e-05 -0.476316
    outer loop
      vertex 14.8026 -4.39057 5.35415
      vertex 14.5765 -1.56768 4.93661
      vertex 14.6079 -1.49719 4.99457
    endloop
  endfacet
  facet normal 0.879366 0 -0.476146
    outer loop
      vertex 14.8026 -4.39057 5.35415
      vertex 14.6079 -1.49719 4.99457
      vertex 14.8026 -0.581094 5.35415
    endloop
  endfacet
  facet normal 0.879351 0 -0.476173
    outer loop
      vertex 14.5765 -1.56768 4.93661
      vertex 14.8026 -4.39057 5.35415
      vertex 14.5765 -4.34748 4.93661
    endloop
  endfacet
  facet normal 0.879351 0 -0.476173
    outer loop
      vertex 14.8026 4.39057 5.35415
      vertex 14.5765 1.56768 4.93661
      vertex 14.5765 4.34748 4.93661
    endloop
  endfacet
  facet normal 0.879274 2.73283e-05 -0.476316
    outer loop
      vertex 14.8026 4.39057 5.35415
      vertex 14.6079 1.49719 4.99457
      vertex 14.5765 1.56768 4.93661
    endloop
  endfacet
  facet normal 0.879366 0 -0.476146
    outer loop
      vertex 14.6079 1.49719 4.99457
      vertex 14.8026 4.39057 5.35415
      vertex 14.8026 0.581094 5.35415
    endloop
  endfacet
  facet normal -0.399584 0 -0.916697
    outer loop
      vertex 19.75 -5 6.31865
      vertex 20.342 5 6.0606
      vertex 20.342 -5 6.0606
    endloop
  endfacet
  facet normal -0.399584 0 -0.916697
    outer loop
      vertex 20.342 5 6.0606
      vertex 19.75 -5 6.31865
      vertex 19.75 5 6.31865
    endloop
  endfacet
  facet normal -0.687144 -0.223234 -0.691375
    outer loop
      vertex 20.921 6.3005 5.35415
      vertex 20.7697 5.58871 5.73435
      vertex 20.5868 6.1517 5.73435
    endloop
  endfacet
  facet normal -0.720622 0 0.693328
    outer loop
      vertex 20.8316 -5 3.26565
      vertex 21.1974 5 3.64585
      vertex 20.8316 5 3.26565
    endloop
  endfacet
  facet normal -0.720622 0 0.693328
    outer loop
      vertex 21.1974 5 3.64585
      vertex 20.8316 -5 3.26565
      vertex 21.1974 -5 3.64585
    endloop
  endfacet
  facet normal -0.837307 -0.272099 0.474215
    outer loop
      vertex 21.3487 5.71179 4.06339
      vertex 21.1275 6.39247 4.06339
      vertex 21.1275 5.66478 3.64585
    endloop
  endfacet
  facet normal -0.24677 -0.0800994 -0.965758
    outer loop
      vertex 19.5987 5.71179 6.31865
      vertex 19.0579 5.22487 6.49722
      vertex 18.9881 5.43991 6.49722
    endloop
  endfacet
  facet normal -0.258108 0 0.966116
    outer loop
      vertex 19.0816 5 2.50278
      vertex 19.75 -5 2.68135
      vertex 19.75 5 2.68135
    endloop
  endfacet
  facet normal -0.258108 0 0.966116
    outer loop
      vertex 19.75 -5 2.68135
      vertex 19.0816 5 2.50278
      vertex 19.0816 -5 2.50278
    endloop
  endfacet
  facet normal -0.837415 -0.272016 0.474071
    outer loop
      vertex 21.1275 5.66478 3.64585
      vertex 21.1275 6.39247 4.06339
      vertex 20.921 6.3005 3.64585
    endloop
  endfacet
  facet normal -0.554535 0 0.83216
    outer loop
      vertex 20.342 5 2.93939
      vertex 20.8316 -5 3.26565
      vertex 20.8316 5 3.26565
    endloop
  endfacet
  facet normal -0.554535 0 0.83216
    outer loop
      vertex 20.8316 -5 3.26565
      vertex 20.342 5 2.93939
      vertex 20.342 -5 2.93939
    endloop
  endfacet
  facet normal -0.718562 -0.075555 0.691347
    outer loop
      vertex 21.1974 5 3.64585
      vertex 21.1275 5.66478 3.64585
      vertex 20.8316 5 3.26565
    endloop
  endfacet
  facet normal -0.52939 -0.171984 0.830764
    outer loop
      vertex 20.7697 5.58871 3.26565
      vertex 20.5868 6.1517 3.26565
      vertex 20.1395 5.95256 2.93939
    endloop
  endfacet
  facet normal -0.553595 -0.0582079 0.830749
    outer loop
      vertex 20.8316 5 3.26565
      vertex 20.7697 5.58871 3.26565
      vertex 20.342 5 2.93939
    endloop
  endfacet
  facet normal -0.720622 0 -0.693328
    outer loop
      vertex 21.1974 -5 5.35415
      vertex 20.8316 5 5.73435
      vertex 21.1974 5 5.35415
    endloop
  endfacet
  facet normal -0.720622 -0 -0.693328
    outer loop
      vertex 20.8316 5 5.73435
      vertex 21.1974 -5 5.35415
      vertex 20.8316 -5 5.73435
    endloop
  endfacet
  facet normal -0.529402 -0.172018 0.830749
    outer loop
      vertex 20.2908 5.48692 2.93939
      vertex 20.7697 5.58871 3.26565
      vertex 20.1395 5.95256 2.93939
    endloop
  endfacet
  facet normal -0.126486 -0.0131376 0.991881
    outer loop
      vertex 18.3658 5 2.4115
      vertex 19.0816 5 2.50278
      vertex 18.3579 5.07606 2.4115
    endloop
  endfacet
  facet normal 0.126515 0 0.991965
    outer loop
      vertex 16.9184 4.79385 2.50278
      vertex 17.6341 -4.93027 2.4115
      vertex 17.6341 4.93027 2.4115
    endloop
  endfacet
  facet normal 0.126515 0 0.991965
    outer loop
      vertex 17.6341 -4.93027 2.4115
      vertex 16.9184 4.79385 2.50278
      vertex 16.9184 -4.79385 2.50278
    endloop
  endfacet
  facet normal 0.258108 0 0.966116
    outer loop
      vertex 16.25 4.66645 2.68135
      vertex 16.9184 -4.79385 2.50278
      vertex 16.9184 4.79385 2.50278
    endloop
  endfacet
  facet normal 0.258108 0 0.966116
    outer loop
      vertex 16.9184 -4.79385 2.50278
      vertex 16.25 4.66645 2.68135
      vertex 16.25 -4.66645 2.68135
    endloop
  endfacet
  facet normal 0.984995 0 0.172584
    outer loop
      vertex 14.5765 -4.34748 4.06339
      vertex 14.5 -1.73946 4.5
      vertex 14.5 -4.3329 4.5
    endloop
  endfacet
  facet normal 0.984995 0 0.172584
    outer loop
      vertex 14.5 -1.73946 4.5
      vertex 14.5765 -4.34748 4.06339
      vertex 14.5765 -1.56768 4.06339
    endloop
  endfacet
  facet normal 0.984995 -0 0.172584
    outer loop
      vertex 14.5 1.73946 4.5
      vertex 14.5765 4.34748 4.06339
      vertex 14.5 4.3329 4.5
    endloop
  endfacet
  facet normal 0.984995 0 0.172584
    outer loop
      vertex 14.5765 4.34748 4.06339
      vertex 14.5 1.73946 4.5
      vertex 14.5765 1.56768 4.06339
    endloop
  endfacet
  facet normal 0.720622 -0 0.693328
    outer loop
      vertex 14.8026 0.581094 3.64585
      vertex 15.1684 4.4603 3.26565
      vertex 14.8026 4.39057 3.64585
    endloop
  endfacet
  facet normal 0.720099 0.000102442 0.693871
    outer loop
      vertex 14.8185 0.50644 3.62936
      vertex 15.1684 4.4603 3.26565
      vertex 14.8026 0.581094 3.64585
    endloop
  endfacet
  facet normal 0.720656 -0 0.693293
    outer loop
      vertex 14.8185 -0.50644 3.62936
      vertex 15.1684 4.4603 3.26565
      vertex 14.8185 0.50644 3.62936
    endloop
  endfacet
  facet normal 0.720622 0 0.693328
    outer loop
      vertex 15.1684 -4.4603 3.26565
      vertex 14.8026 -0.581094 3.64585
      vertex 14.8026 -4.39057 3.64585
    endloop
  endfacet
  facet normal 0.720099 -0.000102442 0.693871
    outer loop
      vertex 14.8026 -0.581094 3.64585
      vertex 15.1684 -4.4603 3.26565
      vertex 14.8185 -0.50644 3.62936
    endloop
  endfacet
  facet normal 0.720656 0 0.693293
    outer loop
      vertex 14.8185 -0.50644 3.62936
      vertex 15.1684 -4.4603 3.26565
      vertex 15.1684 4.4603 3.26565
    endloop
  endfacet
  facet normal -0.875617 -0.092069 -0.474151
    outer loop
      vertex 21.4235 5 4.93661
      vertex 21.1974 5 5.35415
      vertex 21.1275 5.66478 5.35415
    endloop
  endfacet
  facet normal -0.126479 0 -0.991969
    outer loop
      vertex 18.75 -5 6.5395
      vertex 19.0816 5 6.49722
      vertex 19.0816 -5 6.49722
    endloop
  endfacet
  facet normal -0.126479 0 -0.991969
    outer loop
      vertex 19.0816 5 6.49722
      vertex 18.75 -5 6.5395
      vertex 18.75 5 6.5395
    endloop
  endfacet
  facet normal -0.837307 -0.272099 -0.474215
    outer loop
      vertex 21.1275 6.39247 4.93661
      vertex 21.3487 5.71179 4.93661
      vertex 21.1275 5.66478 5.35415
    endloop
  endfacet
  facet normal -0.936937 -0.304418 -0.171692
    outer loop
      vertex 21.1974 6.42358 4.5
      vertex 21.4235 5.72769 4.5
      vertex 21.1275 6.39247 4.93661
    endloop
  endfacet
  facet normal -0.554524 0 -0.832168
    outer loop
      vertex 20.342 -5 6.0606
      vertex 20.8316 5 5.73435
      vertex 20.8316 -5 5.73435
    endloop
  endfacet
  facet normal -0.554524 0 -0.832168
    outer loop
      vertex 20.8316 5 5.73435
      vertex 20.342 -5 6.0606
      vertex 20.342 5 6.0606
    endloop
  endfacet
  facet normal -0.97976 -0.10296 0.171667
    outer loop
      vertex 21.4235 5 4.06339
      vertex 21.5 5 4.5
      vertex 21.3487 5.71179 4.06339
    endloop
  endfacet
  facet normal -0.257981 -0.0270857 0.96577
    outer loop
      vertex 19.75 5 2.68135
      vertex 19.7118 5.36384 2.68135
      vertex 19.0579 5.22487 2.50278
    endloop
  endfacet
  facet normal -0.24677 -0.0800994 0.965758
    outer loop
      vertex 19.0579 5.22487 2.50278
      vertex 19.5987 5.71179 2.68135
      vertex 18.9881 5.43991 2.50278
    endloop
  endfacet
  facet normal -0.120992 -0.0392728 0.991876
    outer loop
      vertex 19.0579 5.22487 2.50278
      vertex 18.9881 5.43991 2.50278
      vertex 18.3579 5.07606 2.4115
    endloop
  endfacet
  facet normal -0.687176 -0.223214 -0.69135
    outer loop
      vertex 20.921 6.3005 5.35415
      vertex 21.1275 5.66478 5.35415
      vertex 20.7697 5.58871 5.73435
    endloop
  endfacet
  facet normal -0.875586 -0.0920128 0.474218
    outer loop
      vertex 21.4235 5 4.06339
      vertex 21.3487 5.71179 4.06339
      vertex 21.1275 5.66478 3.64585
    endloop
  endfacet
  facet normal -0.984995 0 -0.172584
    outer loop
      vertex 21.5 -5 4.5
      vertex 21.4235 5 4.93661
      vertex 21.5 5 4.5
    endloop
  endfacet
  facet normal -0.984995 -0 -0.172584
    outer loop
      vertex 21.4235 5 4.93661
      vertex 21.5 -5 4.5
      vertex 21.4235 -5 4.93661
    endloop
  endfacet
  facet normal -0.687176 -0.223214 0.69135
    outer loop
      vertex 21.1275 5.66478 3.64585
      vertex 20.921 6.3005 3.64585
      vertex 20.7697 5.58871 3.26565
    endloop
  endfacet
  facet normal -0.687144 -0.223234 0.691375
    outer loop
      vertex 20.7697 5.58871 3.26565
      vertex 20.921 6.3005 3.64585
      vertex 20.5868 6.1517 3.26565
    endloop
  endfacet
  facet normal -0.553593 -0.0582107 0.830751
    outer loop
      vertex 20.342 5 2.93939
      vertex 20.7697 5.58871 3.26565
      vertex 20.2908 5.48692 2.93939
    endloop
  endfacet
  facet normal -0.399219 -0.0419781 0.915894
    outer loop
      vertex 20.342 5 2.93939
      vertex 20.2908 5.48692 2.93939
      vertex 19.75 5 2.68135
    endloop
  endfacet
  facet normal 0.258108 0 -0.966116
    outer loop
      vertex 16.25 -4.66645 6.31865
      vertex 16.9184 4.79385 6.49722
      vertex 16.9184 -4.79385 6.49722
    endloop
  endfacet
  facet normal 0.258108 0 -0.966116
    outer loop
      vertex 16.9184 4.79385 6.49722
      vertex 16.25 -4.66645 6.31865
      vertex 16.25 4.66645 6.31865
    endloop
  endfacet
  facet normal -0.258108 0 -0.966116
    outer loop
      vertex 19.0816 -5 6.49722
      vertex 19.75 5 6.31865
      vertex 19.75 -5 6.31865
    endloop
  endfacet
  facet normal -0.258108 0 -0.966116
    outer loop
      vertex 19.75 5 6.31865
      vertex 19.0816 -5 6.49722
      vertex 19.0816 5 6.49722
    endloop
  endfacet
  facet normal -0.553581 -0.0582094 -0.830759
    outer loop
      vertex 20.7697 5.58871 5.73435
      vertex 20.342 5 6.0606
      vertex 20.2908 5.48692 6.0606
    endloop
  endfacet
  facet normal -0.529378 -0.171981 -0.830771
    outer loop
      vertex 20.5868 6.1517 5.73435
      vertex 20.7697 5.58871 5.73435
      vertex 20.1395 5.95256 6.0606
    endloop
  endfacet
  facet normal -0.399277 -0.0419205 -0.915872
    outer loop
      vertex 20.2908 5.48692 6.0606
      vertex 19.75 5 6.31865
      vertex 19.7118 5.36384 6.31865
    endloop
  endfacet
  facet normal -0.121022 -0.0391437 -0.991878
    outer loop
      vertex 18.9881 5.43991 6.49722
      vertex 18.6961 5.27135 6.5395
      vertex 18.6852 5.30505 6.5395
    endloop
  endfacet
  facet normal -0.12096 -0.0392999 -0.991879
    outer loop
      vertex 18.6961 5.27135 6.5395
      vertex 19.0579 5.22487 6.49722
      vertex 18.7336 5.15593 6.5395
    endloop
  endfacet
  facet normal -0.120955 -0.0392609 -0.991881
    outer loop
      vertex 19.0579 5.22487 6.49722
      vertex 18.6961 5.27135 6.5395
      vertex 18.9881 5.43991 6.49722
    endloop
  endfacet
  facet normal -0.879351 0 0.476173
    outer loop
      vertex 21.1974 -5 3.64585
      vertex 21.4235 5 4.06339
      vertex 21.1974 5 3.64585
    endloop
  endfacet
  facet normal -0.879351 0 0.476173
    outer loop
      vertex 21.4235 5 4.06339
      vertex 21.1974 -5 3.64585
      vertex 21.4235 -5 4.06339
    endloop
  endfacet
  facet normal -0.97976 -0.10296 -0.171667
    outer loop
      vertex 21.5 5 4.5
      vertex 21.4235 5 4.93661
      vertex 21.3487 5.71179 4.93661
    endloop
  endfacet
  facet normal -0.875586 -0.0920128 -0.474218
    outer loop
      vertex 21.3487 5.71179 4.93661
      vertex 21.4235 5 4.93661
      vertex 21.1275 5.66478 5.35415
    endloop
  endfacet
  facet normal -0.879351 0 -0.476173
    outer loop
      vertex 21.4235 -5 4.93661
      vertex 21.1974 5 5.35415
      vertex 21.4235 5 4.93661
    endloop
  endfacet
  facet normal -0.879351 -0 -0.476173
    outer loop
      vertex 21.1974 5 5.35415
      vertex 21.4235 -5 4.93661
      vertex 21.1974 -5 5.35415
    endloop
  endfacet
  facet normal -0.381783 -0.124052 0.915889
    outer loop
      vertex 20.2908 5.48692 2.93939
      vertex 20.1395 5.95256 2.93939
      vertex 19.5987 5.71179 2.68135
    endloop
  endfacet
  facet normal -0.246695 -0.0801874 0.96577
    outer loop
      vertex 19.7118 5.36384 2.68135
      vertex 19.5987 5.71179 2.68135
      vertex 19.0579 5.22487 2.50278
    endloop
  endfacet
  facet normal 0.554524 0 -0.832168
    outer loop
      vertex 15.1684 -4.4603 5.73435
      vertex 15.658 4.55362 6.0606
      vertex 15.658 -4.55362 6.0606
    endloop
  endfacet
  facet normal 0.554524 0 -0.832168
    outer loop
      vertex 15.658 4.55362 6.0606
      vertex 15.1684 -4.4603 5.73435
      vertex 15.1684 4.4603 5.73435
    endloop
  endfacet
  facet normal -0.553584 -0.0582066 -0.830757
    outer loop
      vertex 20.7697 5.58871 5.73435
      vertex 20.8316 5 5.73435
      vertex 20.342 5 6.0606
    endloop
  endfacet
  facet normal -0.718564 -0.0755535 -0.691345
    outer loop
      vertex 21.1275 5.66478 5.35415
      vertex 20.8316 5 5.73435
      vertex 20.7697 5.58871 5.73435
    endloop
  endfacet
  facet normal -0.258012 -0.027193 -0.965759
    outer loop
      vertex 19.75 5 6.31865
      vertex 19.0816 5 6.49722
      vertex 19.0579 5.22487 6.49722
    endloop
  endfacet
  facet normal -0.257981 -0.0270857 -0.96577
    outer loop
      vertex 19.7118 5.36384 6.31865
      vertex 19.75 5 6.31865
      vertex 19.0579 5.22487 6.49722
    endloop
  endfacet
  facet normal -0.126468 -0.0132784 -0.991882
    outer loop
      vertex 19.0816 5 6.49722
      vertex 18.75 5 6.5395
      vertex 18.7463 5.03524 6.5395
    endloop
  endfacet
  facet normal -0.246695 -0.0801874 -0.96577
    outer loop
      vertex 19.5987 5.71179 6.31865
      vertex 19.7118 5.36384 6.31865
      vertex 19.0579 5.22487 6.49722
    endloop
  endfacet
  facet normal -0.126473 -0.0133295 -0.99188
    outer loop
      vertex 18.7463 5.03524 6.5395
      vertex 19.0579 5.22487 6.49722
      vertex 19.0816 5 6.49722
    endloop
  endfacet
  facet normal -0.126485 -0.0133098 -0.991879
    outer loop
      vertex 19.0579 5.22487 6.49722
      vertex 18.7463 5.03524 6.5395
      vertex 18.7336 5.15593 6.5395
    endloop
  endfacet
  facet normal -0.875617 -0.092069 0.474151
    outer loop
      vertex 21.1974 5 3.64585
      vertex 21.4235 5 4.06339
      vertex 21.1275 5.66478 3.64585
    endloop
  endfacet
  facet normal -0.984995 0 0.172584
    outer loop
      vertex 21.4235 -5 4.06339
      vertex 21.5 5 4.5
      vertex 21.4235 5 4.06339
    endloop
  endfacet
  facet normal -0.984995 0 0.172584
    outer loop
      vertex 21.5 5 4.5
      vertex 21.4235 -5 4.06339
      vertex 21.5 -5 4.5
    endloop
  endfacet
  facet normal -0.979767 -0.103 0.171605
    outer loop
      vertex 21.5 5 4.5
      vertex 21.4235 5.72769 4.5
      vertex 21.3487 5.71179 4.06339
    endloop
  endfacet
  facet normal -0.936935 -0.304475 0.171604
    outer loop
      vertex 21.3487 5.71179 4.06339
      vertex 21.4235 5.72769 4.5
      vertex 21.1275 6.39247 4.06339
    endloop
  endfacet
  facet normal -0.381794 -0.124101 0.915878
    outer loop
      vertex 19.7118 5.36384 2.68135
      vertex 20.2908 5.48692 2.93939
      vertex 19.5987 5.71179 2.68135
    endloop
  endfacet
  facet normal -0.399264 -0.0419192 0.915877
    outer loop
      vertex 19.75 5 2.68135
      vertex 20.2908 5.48692 2.93939
      vertex 19.7118 5.36384 2.68135
    endloop
  endfacet
  facet normal 0.720622 0 -0.693328
    outer loop
      vertex 15.1684 4.4603 5.73435
      vertex 14.8026 0.581094 5.35415
      vertex 14.8026 4.39057 5.35415
    endloop
  endfacet
  facet normal 0.720099 0.000102442 -0.693871
    outer loop
      vertex 15.1684 4.4603 5.73435
      vertex 14.8185 0.50644 5.37064
      vertex 14.8026 0.581094 5.35415
    endloop
  endfacet
  facet normal 0.720656 0 -0.693293
    outer loop
      vertex 15.1684 4.4603 5.73435
      vertex 14.8185 -0.50644 5.37064
      vertex 14.8185 0.50644 5.37064
    endloop
  endfacet
  facet normal 0.720099 -0.000102442 -0.693871
    outer loop
      vertex 15.1684 -4.4603 5.73435
      vertex 14.8026 -0.581094 5.35415
      vertex 14.8185 -0.50644 5.37064
    endloop
  endfacet
  facet normal 0.720656 0 -0.693293
    outer loop
      vertex 15.1684 -4.4603 5.73435
      vertex 14.8185 -0.50644 5.37064
      vertex 15.1684 4.4603 5.73435
    endloop
  endfacet
  facet normal 0.720622 0 -0.693328
    outer loop
      vertex 14.8026 -0.581094 5.35415
      vertex 15.1684 -4.4603 5.73435
      vertex 14.8026 -4.39057 5.35415
    endloop
  endfacet
  facet normal 0.399584 0 -0.916697
    outer loop
      vertex 15.658 -4.55362 6.0606
      vertex 16.25 4.66645 6.31865
      vertex 16.25 -4.66645 6.31865
    endloop
  endfacet
  facet normal 0.399584 0 -0.916697
    outer loop
      vertex 16.25 4.66645 6.31865
      vertex 15.658 -4.55362 6.0606
      vertex 15.658 4.55362 6.0606
    endloop
  endfacet
  facet normal -0.381795 -0.124056 -0.915884
    outer loop
      vertex 20.1395 5.95256 6.0606
      vertex 20.2908 5.48692 6.0606
      vertex 19.5987 5.71179 6.31865
    endloop
  endfacet
  facet normal -0.936935 -0.304475 -0.171604
    outer loop
      vertex 21.4235 5.72769 4.5
      vertex 21.3487 5.71179 4.93661
      vertex 21.1275 6.39247 4.93661
    endloop
  endfacet
  facet normal -0.979767 -0.103 -0.171605
    outer loop
      vertex 21.4235 5.72769 4.5
      vertex 21.5 5 4.5
      vertex 21.3487 5.71179 4.93661
    endloop
  endfacet
  facet normal -0.951469 -0.307745 0
    outer loop
      vertex 18.6961 5.27135 6.5395
      vertex 18.6852 5.30505 7
      vertex 18.6852 5.30505 6.5395
    endloop
  endfacet
  facet normal -0.951062 -0.309 -0
    outer loop
      vertex 18.7336 5.15593 7
      vertex 18.6961 5.27135 6.5395
      vertex 18.7336 5.15593 6.5395
    endloop
  endfacet
  facet normal -0.951154 -0.308717 7.85636e-05
    outer loop
      vertex 18.6961 5.27135 6.5395
      vertex 18.7336 5.15593 7
      vertex 18.6852 5.30505 7
    endloop
  endfacet
  facet normal -1 0 0
    outer loop
      vertex 18.75 -5 6.5395
      vertex 18.75 5 7
      vertex 18.75 5 6.5395
    endloop
  endfacet
  facet normal -1 -0 0
    outer loop
      vertex 18.75 5 7
      vertex 18.75 -5 6.5395
      vertex 18.75 -5 7
    endloop
  endfacet
  facet normal -0.994509 -0.10465 0
    outer loop
      vertex 18.7463 5.03524 6.5395
      vertex 18.7336 5.15593 7
      vertex 18.7336 5.15593 6.5395
    endloop
  endfacet
  facet normal -0.994533 -0.10442 -0
    outer loop
      vertex 18.75 5 7
      vertex 18.7463 5.03524 6.5395
      vertex 18.75 5 6.5395
    endloop
  endfacet
  facet normal -0.994515 -0.104598 -1.37808e-05
    outer loop
      vertex 18.7463 5.03524 6.5395
      vertex 18.75 5 7
      vertex 18.7336 5.15593 7
    endloop
  endfacet
  facet normal 1 0 0
    outer loop
      vertex 17.25 4.85705 7
      vertex 17.25 -4.85705 6.5395
      vertex 17.25 4.85705 6.5395
    endloop
  endfacet
  facet normal 1 -0 0
    outer loop
      vertex 17.25 -4.85705 7
      vertex 17.25 -4.85705 6.5395
      vertex 17.25 4.85705 7
    endloop
  endfacet
  facet normal 0.258008 0.027125 -0.965762
    outer loop
      vertex 8.57684 24.8028 6.40043
      vertex 8.28824 24.6362 6.31865
      vertex 8.27042 24.8057 6.31865
    endloop
  endfacet
  facet normal 0.936946 0.30443 0.171623
    outer loop
      vertex 6.80259 23.5764 4.5
      vertex 6.87246 23.6075 4.06339
      vertex 6.57648 24.2723 4.5
    endloop
  endfacet
  facet normal 0.914572 0.36583 -0.172416
    outer loop
      vertex 14.5765 4.34748 4.93661
      vertex 6.80259 23.5764 4.5
      vertex 6.87246 23.6075 4.93661
    endloop
  endfacet
  facet normal 0.914565 0.365826 -0.17246
    outer loop
      vertex 6.80259 23.5764 4.5
      vertex 14.5765 4.34748 4.93661
      vertex 14.5 4.3329 4.5
    endloop
  endfacet
  facet normal 0.12645 0.013272 -0.991884
    outer loop
      vertex 9.0534 24.7988 6.51173
      vertex 8.94207 24.7751 6.49722
      vertex 8.93953 24.7993 6.49722
    endloop
  endfacet
  facet normal 0.837332 0.272077 -0.474183
    outer loop
      vertex 6.87246 24.3352 5.35415
      vertex 7.07902 23.6995 5.35415
      vertex 6.87246 23.6075 4.93661
    endloop
  endfacet
  facet normal 0.399231 0.0419722 -0.915889
    outer loop
      vertex 8.27042 24.8057 6.31865
      vertex 8.28824 24.6362 6.31865
      vertex 7.98693 24.8101 6.19528
    endloop
  endfacet
  facet normal 0.687098 0.223261 0.691412
    outer loop
      vertex 7.07902 23.6995 3.64585
      vertex 7.23032 24.4113 3.26565
      vertex 6.87246 24.3352 3.64585
    endloop
  endfacet
  facet normal 0.515135 0.206053 0.831972
    outer loop
      vertex 7.86052 24.0474 2.93939
      vertex 15.1684 4.4603 3.26565
      vertex 15.658 4.55362 2.93939
    endloop
  endfacet
  facet normal 0.515141 0.206055 0.831968
    outer loop
      vertex 15.1684 4.4603 3.26565
      vertex 7.86052 24.0474 2.93939
      vertex 7.41324 23.8483 3.26565
    endloop
  endfacet
  facet normal 0.687098 0.223261 -0.691412
    outer loop
      vertex 7.23032 24.4113 5.73435
      vertex 7.07902 23.6995 5.35415
      vertex 6.87246 24.3352 5.35415
    endloop
  endfacet
  facet normal 0.68712 0.223247 0.691395
    outer loop
      vertex 7.41324 23.8483 3.26565
      vertex 7.23032 24.4113 3.26565
      vertex 7.07902 23.6995 3.64585
    endloop
  endfacet
  facet normal 0.816577 0.326631 0.475936
    outer loop
      vertex 6.87246 23.6075 4.06339
      vertex 14.8026 4.39057 3.64585
      vertex 7.07902 23.6995 3.64585
    endloop
  endfacet
  facet normal 0.816595 0.326639 0.475899
    outer loop
      vertex 14.8026 4.39057 3.64585
      vertex 6.87246 23.6075 4.06339
      vertex 14.5765 4.34748 4.06339
    endloop
  endfacet
  facet normal 0.68712 0.223247 -0.691395
    outer loop
      vertex 7.23032 24.4113 5.73435
      vertex 7.41324 23.8483 5.73435
      vertex 7.07902 23.6995 5.35415
    endloop
  endfacet
  facet normal 0.816577 0.326631 -0.475936
    outer loop
      vertex 14.8026 4.39057 5.35415
      vertex 6.87246 23.6075 4.93661
      vertex 7.07902 23.6995 5.35415
    endloop
  endfacet
  facet normal 0.816595 0.326639 -0.475899
    outer loop
      vertex 6.87246 23.6075 4.93661
      vertex 14.8026 4.39057 5.35415
      vertex 14.5765 4.34748 4.93661
    endloop
  endfacet
  facet normal 0.936946 0.304428 -0.171625
    outer loop
      vertex 6.65129 24.2882 4.93661
      vertex 6.87246 23.6075 4.93661
      vertex 6.57648 24.2723 4.5
    endloop
  endfacet
  facet normal 0.553578 0.0582009 -0.830761
    outer loop
      vertex 7.70922 24.5131 6.0606
      vertex 7.5262 24.8185 5.96004
      vertex 7.67749 24.8149 6.0606
    endloop
  endfacet
  facet normal 0.553581 0.0582033 -0.830759
    outer loop
      vertex 7.5262 24.8185 5.96004
      vertex 7.70922 24.5131 6.0606
      vertex 7.23032 24.4113 5.73435
    endloop
  endfacet
  facet normal 0.529396 0.172002 -0.830756
    outer loop
      vertex 7.86052 24.0474 6.0606
      vertex 7.41324 23.8483 5.73435
      vertex 7.23032 24.4113 5.73435
    endloop
  endfacet
  facet normal 0.515125 0.206049 -0.83198
    outer loop
      vertex 15.1684 4.4603 5.73435
      vertex 7.86052 24.0474 6.0606
      vertex 15.658 4.55362 6.0606
    endloop
  endfacet
  facet normal 0.51513 0.206051 -0.831976
    outer loop
      vertex 7.86052 24.0474 6.0606
      vertex 15.1684 4.4603 5.73435
      vertex 7.41324 23.8483 5.73435
    endloop
  endfacet
  facet normal 0.669315 0.267725 -0.693066
    outer loop
      vertex 14.8026 4.39057 5.35415
      vertex 7.41324 23.8483 5.73435
      vertex 15.1684 4.4603 5.73435
    endloop
  endfacet
  facet normal 0.669275 0.26771 -0.69311
    outer loop
      vertex 7.41324 23.8483 5.73435
      vertex 14.8026 4.39057 5.35415
      vertex 7.07902 23.6995 5.35415
    endloop
  endfacet
  facet normal 0.372136 0.148996 0.916141
    outer loop
      vertex 10.3734 19.3578 2.68135
      vertex 7.86052 24.0474 2.93939
      vertex 10.3482 19.3298 2.69614
    endloop
  endfacet
  facet normal 0.371245 0.148494 0.916584
    outer loop
      vertex 7.86052 24.0474 2.93939
      vertex 10.3734 19.3578 2.68135
      vertex 8.40129 24.2882 2.68135
    endloop
  endfacet
  facet normal 0.371222 0.148492 0.916594
    outer loop
      vertex 13.9891 10.3186 2.68135
      vertex 15.658 4.55362 2.93939
      vertex 16.25 4.66645 2.68135
    endloop
  endfacet
  facet normal 0.371326 0.148519 0.916547
    outer loop
      vertex 13.8066 10.3574 2.749
      vertex 15.658 4.55362 2.93939
      vertex 13.9891 10.3186 2.68135
    endloop
  endfacet
  facet normal 0.371221 0.148488 0.916595
    outer loop
      vertex 10.2711 19.1962 2.749
      vertex 15.658 4.55362 2.93939
      vertex 13.8066 10.3574 2.749
    endloop
  endfacet
  facet normal 0.371215 0.148485 0.916598
    outer loop
      vertex 10.2711 19.1962 2.749
      vertex 7.86052 24.0474 2.93939
      vertex 15.658 4.55362 2.93939
    endloop
  endfacet
  facet normal 0.371174 0.148464 0.916618
    outer loop
      vertex 10.3482 19.3298 2.69614
      vertex 7.86052 24.0474 2.93939
      vertex 10.2711 19.1962 2.749
    endloop
  endfacet
  facet normal 0.117551 0.0470192 0.991953
    outer loop
      vertex 9.01195 24.5601 2.50278
      vertex 11.4349 20.4283 2.4115
      vertex 9.66578 24.8512 2.4115
    endloop
  endfacet
  facet normal 0.11757 0.0470303 0.99195
    outer loop
      vertex 11.4349 20.4283 2.4115
      vertex 9.01195 24.5601 2.50278
      vertex 11.1525 20.2231 2.4547
    endloop
  endfacet
  facet normal 0.117556 0.0470239 0.991952
    outer loop
      vertex 11.1525 20.2231 2.4547
      vertex 9.01195 24.5601 2.50278
      vertex 10.8716 19.9111 2.50278
    endloop
  endfacet
  facet normal 0.117551 0.0470184 0.991953
    outer loop
      vertex 15.5137 10.2315 2.4115
      vertex 16.9184 4.79385 2.50278
      vertex 17.6341 4.93027 2.4115
    endloop
  endfacet
  facet normal 0.117546 0.047017 0.991954
    outer loop
      vertex 16.9184 4.79385 2.50278
      vertex 15.5137 10.2315 2.4115
      vertex 14.7434 10.2315 2.50278
    endloop
  endfacet
  facet normal -0.239793 -0.095917 0.966074
    outer loop
      vertex 16.942 10.555 2.50278
      vertex 19.5987 5.71179 2.68135
      vertex 17.5527 10.8268 2.68135
    endloop
  endfacet
  facet normal -0.239813 -0.0959282 0.966068
    outer loop
      vertex 19.5987 5.71179 2.68135
      vertex 16.942 10.555 2.50278
      vertex 18.9881 5.43991 2.50278
    endloop
  endfacet
  facet normal -0.239994 -0.0959977 0.966016
    outer loop
      vertex 11.9091 24.9358 2.68135
      vertex 13.2232 21.4186 2.6583
      vertex 13.3087 21.4368 2.68135
    endloop
  endfacet
  facet normal -0.239768 -0.0959136 0.966081
    outer loop
      vertex 11.9091 24.9358 2.68135
      vertex 12.6913 21.1818 2.50278
      vertex 13.2232 21.4186 2.6583
    endloop
  endfacet
  facet normal -0.239787 -0.0959172 0.966076
    outer loop
      vertex 12.6913 21.1818 2.50278
      vertex 11.9091 24.9358 2.68135
      vertex 11.1871 24.9422 2.50278
    endloop
  endfacet
  facet normal -0.371236 -0.14849 0.916588
    outer loop
      vertex 20.1395 5.95256 2.93939
      vertex 17.6945 10.89 2.749
      vertex 19.5987 5.71179 2.68135
    endloop
  endfacet
  facet normal -0.371268 -0.148507 0.916573
    outer loop
      vertex 12.5499 24.9266 2.93939
      vertex 17.6945 10.89 2.749
      vertex 20.1395 5.95256 2.93939
    endloop
  endfacet
  facet normal -0.37126 -0.148504 0.916577
    outer loop
      vertex 17.6945 10.89 2.749
      vertex 12.5499 24.9266 2.93939
      vertex 13.4627 21.4695 2.749
    endloop
  endfacet
  facet normal -0.371136 -0.148474 0.916631
    outer loop
      vertex 12.5499 24.9266 2.93939
      vertex 13.3087 21.4368 2.68135
      vertex 13.4627 21.4695 2.749
    endloop
  endfacet
  facet normal -0.371229 -0.148491 0.916591
    outer loop
      vertex 13.3087 21.4368 2.68135
      vertex 12.5499 24.9266 2.93939
      vertex 11.9091 24.9358 2.68135
    endloop
  endfacet
  facet normal -0.371141 -0.148456 0.916633
    outer loop
      vertex 19.5987 5.71179 2.68135
      vertex 17.6945 10.89 2.749
      vertex 17.5527 10.8268 2.68135
    endloop
  endfacet
  facet normal -0.515116 -0.206047 0.831986
    outer loop
      vertex 13.0815 24.9149 3.26565
      vertex 20.1395 5.95256 2.93939
      vertex 20.5868 6.1517 3.26565
    endloop
  endfacet
  facet normal -0.515141 -0.206056 0.831968
    outer loop
      vertex 20.1395 5.95256 2.93939
      vertex 13.0815 24.9149 3.26565
      vertex 12.5499 24.9266 2.93939
    endloop
  endfacet
  facet normal 0.120962 0.0393335 0.991878
    outer loop
      vertex 9.66578 24.8512 2.4115
      vertex 9.64214 24.9239 2.4115
      vertex 9.01195 24.5601 2.50278
    endloop
  endfacet
  facet normal 0.979766 0.10297 -0.171626
    outer loop
      vertex 6.57648 24.8582 4.85152
      vertex 6.57648 24.2723 4.5
      vertex 6.51358 24.8708 4.5
    endloop
  endfacet
  facet normal 0.669315 0.267725 0.693066
    outer loop
      vertex 7.41324 23.8483 3.26565
      vertex 14.8026 4.39057 3.64585
      vertex 15.1684 4.4603 3.26565
    endloop
  endfacet
  facet normal 0.669275 0.26771 0.69311
    outer loop
      vertex 14.8026 4.39057 3.64585
      vertex 7.41324 23.8483 3.26565
      vertex 7.07902 23.6995 3.64585
    endloop
  endfacet
  facet normal 0.529404 0.171997 0.830752
    outer loop
      vertex 7.86052 24.0474 2.93939
      vertex 7.70922 24.5131 2.93939
      vertex 7.23032 24.4113 3.26565
    endloop
  endfacet
  facet normal 0.837332 0.272077 0.474183
    outer loop
      vertex 7.07902 23.6995 3.64585
      vertex 6.87246 24.3352 3.64585
      vertex 6.87246 23.6075 4.06339
    endloop
  endfacet
  facet normal 0.837345 0.272067 0.474165
    outer loop
      vertex 6.87246 23.6075 4.06339
      vertex 6.87246 24.3352 3.64585
      vertex 6.65129 24.2882 4.06339
    endloop
  endfacet
  facet normal 0.936946 0.304428 0.171625
    outer loop
      vertex 6.87246 23.6075 4.06339
      vertex 6.65129 24.2882 4.06339
      vertex 6.57648 24.2723 4.5
    endloop
  endfacet
  facet normal 0.718516 0.0755083 -0.691399
    outer loop
      vertex 7.09279 24.8301 5.63717
      vertex 6.87246 24.3352 5.35415
      vertex 6.81939 24.8402 5.35415
    endloop
  endfacet
  facet normal 0.381811 0.124046 -0.915878
    outer loop
      vertex 8.40129 24.2882 6.31865
      vertex 7.86052 24.0474 6.0606
      vertex 7.70922 24.5131 6.0606
    endloop
  endfacet
  facet normal 0.529393 0.171993 -0.830759
    outer loop
      vertex 7.70922 24.5131 6.0606
      vertex 7.86052 24.0474 6.0606
      vertex 7.23032 24.4113 5.73435
    endloop
  endfacet
  facet normal 0.837345 0.272067 -0.474165
    outer loop
      vertex 6.87246 24.3352 5.35415
      vertex 6.87246 23.6075 4.93661
      vertex 6.65129 24.2882 4.93661
    endloop
  endfacet
  facet normal 0.371235 0.148494 -0.916588
    outer loop
      vertex 15.658 4.55362 6.0606
      vertex 8.40129 24.2882 6.31865
      vertex 16.25 4.66645 6.31865
    endloop
  endfacet
  facet normal 0.371256 0.148502 -0.916579
    outer loop
      vertex 8.40129 24.2882 6.31865
      vertex 15.658 4.55362 6.0606
      vertex 7.86052 24.0474 6.0606
    endloop
  endfacet
  facet normal 0.381799 0.124042 0.915884
    outer loop
      vertex 7.86052 24.0474 2.93939
      vertex 8.40129 24.2882 2.68135
      vertex 7.70922 24.5131 2.93939
    endloop
  endfacet
  facet normal 0.875605 0.0920165 -0.474183
    outer loop
      vertex 6.81939 24.8402 5.35415
      vertex 6.87246 24.3352 5.35415
      vertex 6.64246 24.8518 5.02969
    endloop
  endfacet
  facet normal 0.381808 0.124033 -0.915881
    outer loop
      vertex 8.28824 24.6362 6.31865
      vertex 8.40129 24.2882 6.31865
      vertex 7.70922 24.5131 6.0606
    endloop
  endfacet
  facet normal 0.399247 0.0420065 -0.915881
    outer loop
      vertex 7.70922 24.5131 6.0606
      vertex 7.98693 24.8101 6.19528
      vertex 8.28824 24.6362 6.31865
    endloop
  endfacet
  facet normal 0.399273 0.0419779 -0.915871
    outer loop
      vertex 7.98693 24.8101 6.19528
      vertex 7.70922 24.5131 6.0606
      vertex 7.67749 24.8149 6.0606
    endloop
  endfacet
  facet normal 0.718511 0.0755192 0.691403
    outer loop
      vertex 6.87246 24.3352 3.64585
      vertex 7.12977 24.9131 3.31533
      vertex 6.81296 24.9013 3.64585
    endloop
  endfacet
  facet normal 0.529408 0.172006 0.830748
    outer loop
      vertex 7.41324 23.8483 3.26565
      vertex 7.86052 24.0474 2.93939
      vertex 7.23032 24.4113 3.26565
    endloop
  endfacet
  facet normal 0.381796 0.124029 0.915887
    outer loop
      vertex 8.40129 24.2882 2.68135
      vertex 8.28824 24.6362 2.68135
      vertex 7.70922 24.5131 2.93939
    endloop
  endfacet
  facet normal 0.553621 0.0581871 0.830734
    outer loop
      vertex 7.60363 24.9251 2.9809
      vertex 7.70922 24.5131 2.93939
      vertex 7.66576 24.9266 2.93939
    endloop
  endfacet
  facet normal 0.553597 0.0581794 0.83075
    outer loop
      vertex 7.70922 24.5131 2.93939
      vertex 7.60363 24.9251 2.9809
      vertex 7.23032 24.4113 3.26565
    endloop
  endfacet
  facet normal 0.553583 0.0581944 0.830758
    outer loop
      vertex 7.23032 24.4113 3.26565
      vertex 7.60363 24.9251 2.9809
      vertex 7.17738 24.9149 3.26565
    endloop
  endfacet
  facet normal 0.936946 0.30443 -0.171623
    outer loop
      vertex 6.87246 23.6075 4.93661
      vertex 6.80259 23.5764 4.5
      vertex 6.57648 24.2723 4.5
    endloop
  endfacet
  facet normal 0.718553 0.0755406 -0.691358
    outer loop
      vertex 7.23032 24.4113 5.73435
      vertex 7.09279 24.8301 5.63717
      vertex 7.18666 24.8266 5.73435
    endloop
  endfacet
  facet normal 0.718509 0.0755152 -0.691406
    outer loop
      vertex 7.09279 24.8301 5.63717
      vertex 7.23032 24.4113 5.73435
      vertex 6.87246 24.3352 5.35415
    endloop
  endfacet
  facet normal 0.553586 0.0581979 -0.830756
    outer loop
      vertex 7.5262 24.8185 5.96004
      vertex 7.23032 24.4113 5.73435
      vertex 7.18666 24.8266 5.73435
    endloop
  endfacet
  facet normal 0.257993 0.0270786 -0.965767
    outer loop
      vertex 8.94207 24.7751 6.49722
      vertex 8.57684 24.8028 6.40043
      vertex 8.93953 24.7993 6.49722
    endloop
  endfacet
  facet normal 0.257997 0.0271445 -0.965764
    outer loop
      vertex 8.57684 24.8028 6.40043
      vertex 8.94207 24.7751 6.49722
      vertex 8.28824 24.6362 6.31865
    endloop
  endfacet
  facet normal 0.246735 0.0801535 -0.965762
    outer loop
      vertex 8.94207 24.7751 6.49722
      vertex 8.40129 24.2882 6.31865
      vertex 8.28824 24.6362 6.31865
    endloop
  endfacet
  facet normal -0.371246 -0.1485 -0.916583
    outer loop
      vertex 19.5987 5.71179 6.31865
      vertex 12.5945 24.8149 6.0606
      vertex 20.1395 5.95256 6.0606
    endloop
  endfacet
  facet normal -0.37126 -0.148505 -0.916576
    outer loop
      vertex 12.5945 24.8149 6.0606
      vertex 19.5987 5.71179 6.31865
      vertex 11.9611 24.8057 6.31865
    endloop
  endfacet
  facet normal -0.11753 -0.0470123 -0.991956
    outer loop
      vertex 18.6852 5.30505 6.5395
      vertex 11.2443 24.7993 6.49722
      vertex 18.9881 5.43991 6.49722
    endloop
  endfacet
  facet normal -0.117544 -0.0470177 -0.991954
    outer loop
      vertex 11.2443 24.7993 6.49722
      vertex 18.6852 5.30505 6.5395
      vertex 10.8881 24.7978 6.5395
    endloop
  endfacet
  facet normal 0.239792 0.0959194 0.966074
    outer loop
      vertex 8.40129 24.2882 2.68135
      vertex 10.8716 19.9111 2.50278
      vertex 9.01195 24.5601 2.50278
    endloop
  endfacet
  facet normal 0.239764 0.095903 0.966083
    outer loop
      vertex 10.8716 19.9111 2.50278
      vertex 8.40129 24.2882 2.68135
      vertex 10.3734 19.3578 2.68135
    endloop
  endfacet
  facet normal 0.239812 0.0959222 0.966069
    outer loop
      vertex 14.7434 10.2315 2.50278
      vertex 16.25 4.66645 2.68135
      vertex 16.9184 4.79385 2.50278
    endloop
  endfacet
  facet normal 0.239807 0.0959207 0.96607
    outer loop
      vertex 14.399 10.2315 2.58827
      vertex 16.25 4.66645 2.68135
      vertex 14.7434 10.2315 2.50278
    endloop
  endfacet
  facet normal 0.239757 0.0959045 0.966084
    outer loop
      vertex 16.25 4.66645 2.68135
      vertex 14.399 10.2315 2.58827
      vertex 13.9891 10.3186 2.68135
    endloop
  endfacet
  facet normal 0.246735 0.0801535 0.965762
    outer loop
      vertex 8.40129 24.2882 2.68135
      vertex 8.94207 24.7751 2.50278
      vertex 8.28824 24.6362 2.68135
    endloop
  endfacet
  facet normal 0.914572 0.36583 0.172416
    outer loop
      vertex 6.80259 23.5764 4.5
      vertex 14.5765 4.34748 4.06339
      vertex 6.87246 23.6075 4.06339
    endloop
  endfacet
  facet normal 0.914565 0.365826 0.17246
    outer loop
      vertex 14.5765 4.34748 4.06339
      vertex 6.80259 23.5764 4.5
      vertex 14.5 4.3329 4.5
    endloop
  endfacet
  facet normal 0.718557 0.0755369 0.691354
    outer loop
      vertex 7.12977 24.9131 3.31533
      vertex 7.23032 24.4113 3.26565
      vertex 7.17738 24.9149 3.26565
    endloop
  endfacet
  facet normal 0.718508 0.075522 0.691406
    outer loop
      vertex 7.23032 24.4113 3.26565
      vertex 7.12977 24.9131 3.31533
      vertex 6.87246 24.3352 3.64585
    endloop
  endfacet
  facet normal 0.399244 0.0419515 0.915884
    outer loop
      vertex 7.78205 24.9284 2.88862
      vertex 7.70922 24.5131 2.93939
      vertex 8.28824 24.6362 2.68135
    endloop
  endfacet
  facet normal 0.399214 0.0419585 0.915897
    outer loop
      vertex 7.70922 24.5131 2.93939
      vertex 7.78205 24.9284 2.88862
      vertex 7.66576 24.9266 2.93939
    endloop
  endfacet
  facet normal 0.258 0.0271176 0.965764
    outer loop
      vertex 8.28824 24.6362 2.68135
      vertex 8.81655 24.9412 2.53165
      vertex 8.25675 24.9358 2.68135
    endloop
  endfacet
  facet normal 0.39925 0.0419639 0.915881
    outer loop
      vertex 8.28824 24.6362 2.68135
      vertex 8.25675 24.9358 2.68135
      vertex 7.78205 24.9284 2.88862
    endloop
  endfacet
  facet normal 0.979765 0.102972 0.171631
    outer loop
      vertex 6.57648 24.8839 4.13305
      vertex 6.65129 24.2882 4.06339
      vertex 6.58842 24.8864 4.06339
    endloop
  endfacet
  facet normal 0.979766 0.102973 0.171626
    outer loop
      vertex 6.65129 24.2882 4.06339
      vertex 6.57648 24.8839 4.13305
      vertex 6.57648 24.2723 4.5
    endloop
  endfacet
  facet normal 0.979768 0.102972 -0.171614
    outer loop
      vertex 6.65129 24.2882 4.93661
      vertex 6.57648 24.8582 4.85152
      vertex 6.59171 24.8551 4.93661
    endloop
  endfacet
  facet normal 0.979766 0.10297 -0.171626
    outer loop
      vertex 6.57648 24.8582 4.85152
      vertex 6.65129 24.2882 4.93661
      vertex 6.57648 24.2723 4.5
    endloop
  endfacet
  facet normal 0.875611 0.0920285 -0.474168
    outer loop
      vertex 6.65129 24.2882 4.93661
      vertex 6.64246 24.8518 5.02969
      vertex 6.87246 24.3352 5.35415
    endloop
  endfacet
  facet normal 0.87562 0.0920259 -0.474152
    outer loop
      vertex 6.64246 24.8518 5.02969
      vertex 6.65129 24.2882 4.93661
      vertex 6.59171 24.8551 4.93661
    endloop
  endfacet
  facet normal 0.120971 0.0392805 -0.991879
    outer loop
      vertex 9.30389 24.7286 6.5395
      vertex 9.0534 24.7988 6.51173
      vertex 9.28142 24.7978 6.5395
    endloop
  endfacet
  facet normal 0.120973 0.0392871 -0.991878
    outer loop
      vertex 9.01195 24.5601 6.49722
      vertex 9.0534 24.7988 6.51173
      vertex 9.30389 24.7286 6.5395
    endloop
  endfacet
  facet normal 0.12091 0.0392985 -0.991885
    outer loop
      vertex 9.0534 24.7988 6.51173
      vertex 9.01195 24.5601 6.49722
      vertex 8.94207 24.7751 6.49722
    endloop
  endfacet
  facet normal 0.246708 0.0801857 -0.965767
    outer loop
      vertex 8.94207 24.7751 6.49722
      vertex 9.01195 24.5601 6.49722
      vertex 8.40129 24.2882 6.31865
    endloop
  endfacet
  facet normal 0.120963 0.039304 -0.991879
    outer loop
      vertex 9.30389 24.7286 6.5395
      vertex 9.31484 24.6949 6.5395
      vertex 9.01195 24.5601 6.49722
    endloop
  endfacet
  facet normal 0.117518 0.0470075 -0.991958
    outer loop
      vertex 16.9184 4.79385 6.49722
      vertex 9.31484 24.6949 6.5395
      vertex 17.25 4.85705 6.5395
    endloop
  endfacet
  facet normal 0.117541 0.0470162 -0.991954
    outer loop
      vertex 9.31484 24.6949 6.5395
      vertex 16.9184 4.79385 6.49722
      vertex 9.01195 24.5601 6.49722
    endloop
  endfacet
  facet normal -0.816577 -0.326629 -0.475936
    outer loop
      vertex 21.1275 6.39247 4.93661
      vertex 13.5051 24.8402 5.35415
      vertex 13.7425 24.8551 4.93661
    endloop
  endfacet
  facet normal -0.816631 -0.326653 -0.475827
    outer loop
      vertex 13.5051 24.8402 5.35415
      vertex 21.1275 6.39247 4.93661
      vertex 20.921 6.3005 5.35415
    endloop
  endfacet
  facet normal 0.126496 0.0132353 0.991879
    outer loop
      vertex 9.64214 24.9239 2.4115
      vertex 9.63988 24.9455 2.4115
      vertex 9.44567 24.9446 2.43628
    endloop
  endfacet
  facet normal 0.258007 0.0271131 0.965762
    outer loop
      vertex 8.81655 24.9412 2.53165
      vertex 8.94207 24.7751 2.50278
      vertex 8.92451 24.9422 2.50278
    endloop
  endfacet
  facet normal 0.258004 0.0271106 0.965763
    outer loop
      vertex 8.94207 24.7751 2.50278
      vertex 8.81655 24.9412 2.53165
      vertex 8.28824 24.6362 2.68135
    endloop
  endfacet
  facet normal 0.126502 0.0132938 0.991877
    outer loop
      vertex 9.44567 24.9446 2.43628
      vertex 8.94207 24.7751 2.50278
      vertex 9.64214 24.9239 2.4115
    endloop
  endfacet
  facet normal 0.126502 0.0132937 0.991877
    outer loop
      vertex 8.94207 24.7751 2.50278
      vertex 9.44567 24.9446 2.43628
      vertex 8.92451 24.9422 2.50278
    endloop
  endfacet
  facet normal 0.979767 0.10297 0.171621
    outer loop
      vertex 6.57648 24.2723 4.5
      vertex 6.57648 24.8839 4.13305
      vertex 6.51358 24.8708 4.5
    endloop
  endfacet
  facet normal 0.239812 0.0959241 -0.966069
    outer loop
      vertex 16.25 4.66645 6.31865
      vertex 9.01195 24.5601 6.49722
      vertex 16.9184 4.79385 6.49722
    endloop
  endfacet
  facet normal 0.239793 0.0959173 -0.966074
    outer loop
      vertex 9.01195 24.5601 6.49722
      vertex 16.25 4.66645 6.31865
      vertex 8.40129 24.2882 6.31865
    endloop
  endfacet
  facet normal -0.239814 -0.095926 -0.966068
    outer loop
      vertex 18.9881 5.43991 6.49722
      vertex 11.9611 24.8057 6.31865
      vertex 19.5987 5.71179 6.31865
    endloop
  endfacet
  facet normal -0.239812 -0.0959252 -0.966069
    outer loop
      vertex 11.9611 24.8057 6.31865
      vertex 18.9881 5.43991 6.49722
      vertex 11.2443 24.7993 6.49722
    endloop
  endfacet
  facet normal -0.816593 -0.326634 0.475906
    outer loop
      vertex 13.4807 24.9013 3.64585
      vertex 21.1275 6.39247 4.06339
      vertex 13.73 24.8864 4.06339
    endloop
  endfacet
  facet normal -0.816632 -0.326652 0.475827
    outer loop
      vertex 21.1275 6.39247 4.06339
      vertex 13.4807 24.9013 3.64585
      vertex 20.921 6.3005 3.64585
    endloop
  endfacet
  facet normal -0.914588 -0.365836 0.172314
    outer loop
      vertex 13.73 24.8864 4.06339
      vertex 21.1974 6.42358 4.5
      vertex 13.8185 24.8708 4.5
    endloop
  endfacet
  facet normal -0.914562 -0.365821 0.172485
    outer loop
      vertex 21.1974 6.42358 4.5
      vertex 13.73 24.8864 4.06339
      vertex 21.1275 6.39247 4.06339
    endloop
  endfacet
  facet normal -0.515105 -0.206043 -0.831993
    outer loop
      vertex 20.1395 5.95256 6.0606
      vertex 13.1168 24.8266 5.73435
      vertex 20.5868 6.1517 5.73435
    endloop
  endfacet
  facet normal -0.515089 -0.206037 -0.832005
    outer loop
      vertex 13.1168 24.8266 5.73435
      vertex 20.1395 5.95256 6.0606
      vertex 12.5945 24.8149 6.0606
    endloop
  endfacet
  facet normal -0.117522 -0.0470101 0.991957
    outer loop
      vertex 16.7768 10.4814 2.47972
      vertex 18.9881 5.43991 2.50278
      vertex 16.942 10.555 2.50278
    endloop
  endfacet
  facet normal -0.117538 -0.0470175 0.991955
    outer loop
      vertex 18.9881 5.43991 2.50278
      vertex 16.7768 10.4814 2.47972
      vertex 18.3342 5.1488 2.4115
    endloop
  endfacet
  facet normal -0.117562 -0.0470243 0.991952
    outer loop
      vertex 18.3342 5.1488 2.4115
      vertex 16.7768 10.4814 2.47972
      vertex 16.2463 10.3686 2.4115
    endloop
  endfacet
  facet normal -0.117545 -0.0470192 0.991954
    outer loop
      vertex 11.1871 24.9422 2.50278
      vertex 12.125 20.9296 2.42372
      vertex 12.6913 21.1818 2.50278
    endloop
  endfacet
  facet normal -0.117564 -0.0470236 0.991951
    outer loop
      vertex 10.4156 24.9455 2.4115
      vertex 12.125 20.9296 2.42372
      vertex 11.1871 24.9422 2.50278
    endloop
  endfacet
  facet normal -0.117573 -0.0470273 0.99195
    outer loop
      vertex 12.125 20.9296 2.42372
      vertex 10.4156 24.9455 2.4115
      vertex 12.0451 20.8716 2.4115
    endloop
  endfacet
  facet normal 0.120971 0.0393183 0.991877
    outer loop
      vertex 9.01195 24.5601 2.50278
      vertex 9.64214 24.9239 2.4115
      vertex 8.94207 24.7751 2.50278
    endloop
  endfacet
  facet normal 0.246708 0.0801857 0.965767
    outer loop
      vertex 9.01195 24.5601 2.50278
      vertex 8.94207 24.7751 2.50278
      vertex 8.40129 24.2882 2.68135
    endloop
  endfacet
  facet normal 0.875619 0.092032 0.474153
    outer loop
      vertex 6.87246 24.3352 3.64585
      vertex 6.81296 24.9013 3.64585
      vertex 6.62596 24.8889 3.99359
    endloop
  endfacet
  facet normal 0.87559 0.0920233 0.474208
    outer loop
      vertex 6.65129 24.2882 4.06339
      vertex 6.62596 24.8889 3.99359
      vertex 6.58842 24.8864 4.06339
    endloop
  endfacet
  facet normal 0.875612 0.0920196 0.474168
    outer loop
      vertex 6.62596 24.8889 3.99359
      vertex 6.65129 24.2882 4.06339
      vertex 6.87246 24.3352 3.64585
    endloop
  endfacet
  facet normal -0.669292 -0.267716 0.693092
    outer loop
      vertex 13.4807 24.9013 3.64585
      vertex 20.5868 6.1517 3.26565
      vertex 20.921 6.3005 3.64585
    endloop
  endfacet
  facet normal -0.669259 -0.267704 0.693128
    outer loop
      vertex 20.5868 6.1517 3.26565
      vertex 13.4807 24.9013 3.64585
      vertex 13.0815 24.9149 3.26565
    endloop
  endfacet
  facet normal -0.914582 -0.365833 -0.172355
    outer loop
      vertex 21.1974 6.42358 4.5
      vertex 13.7425 24.8551 4.93661
      vertex 13.8185 24.8708 4.5
    endloop
  endfacet
  facet normal -0.914562 -0.365822 -0.172485
    outer loop
      vertex 13.7425 24.8551 4.93661
      vertex 21.1974 6.42358 4.5
      vertex 21.1275 6.39247 4.93661
    endloop
  endfacet
  facet normal -0.669291 -0.267717 -0.693092
    outer loop
      vertex 20.5868 6.1517 5.73435
      vertex 13.5051 24.8402 5.35415
      vertex 20.921 6.3005 5.35415
    endloop
  endfacet
  facet normal -0.669275 -0.267711 -0.69311
    outer loop
      vertex 13.5051 24.8402 5.35415
      vertex 20.5868 6.1517 5.73435
      vertex 13.1168 24.8266 5.73435
    endloop
  endfacet
  facet normal -0.928502 -0.371328 2.60655e-06
    outer loop
      vertex 10.8881 24.7978 6.5395
      vertex 11.0094 24.4945 7.89547
      vertex 10.9233 24.7098 9
    endloop
  endfacet
  facet normal -0.928344 -0.371723 -9.98459e-05
    outer loop
      vertex 10.8881 24.7978 6.5395
      vertex 11.0268 24.4511 7.69098
      vertex 11.0094 24.4945 7.89547
    endloop
  endfacet
  facet normal -0.928559 -0.371185 8.80471e-05
    outer loop
      vertex 10.8881 24.7978 6.5395
      vertex 11.0608 24.366 7.5
      vertex 11.0268 24.4511 7.69098
    endloop
  endfacet
  facet normal -0.928579 -0.371135 0.000113961
    outer loop
      vertex 10.8881 24.7978 6.5395
      vertex 11.1099 24.2431 7.33087
      vertex 11.0608 24.366 7.5
    endloop
  endfacet
  facet normal -0.928393 -0.371599 -0.00026301
    outer loop
      vertex 10.8881 24.7978 6.5395
      vertex 11.1721 24.0878 7.19098
      vertex 11.1099 24.2431 7.33087
    endloop
  endfacet
  facet normal -0.92852 -0.371282 0.000137206
    outer loop
      vertex 10.8881 24.7978 6.5395
      vertex 11.2445 23.9067 7.08646
      vertex 11.1721 24.0878 7.19098
    endloop
  endfacet
  facet normal -0.928503 -0.371326 5.5104e-05
    outer loop
      vertex 10.8881 24.7978 6.5395
      vertex 11.324 23.7079 7.02185
      vertex 11.2445 23.9067 7.08646
    endloop
  endfacet
  facet normal -0.92843 -0.371507 -0.000419494
    outer loop
      vertex 10.8881 24.7978 6.5395
      vertex 11.4072 23.5 7
      vertex 11.324 23.7079 7.02185
    endloop
  endfacet
  facet normal -0.928477 -0.371391 -4.03247e-05
    outer loop
      vertex 18.6852 5.30505 6.5395
      vertex 11.4072 23.5 7
      vertex 10.8881 24.7978 6.5395
    endloop
  endfacet
  facet normal -0.928476 -0.371392 0
    outer loop
      vertex 11.4072 23.5 7
      vertex 18.6852 5.30505 6.5395
      vertex 18.6852 5.30505 7
    endloop
  endfacet
  facet normal -0.928506 -0.371316 0
    outer loop
      vertex 10.9233 24.7098 9
      vertex 11.0094 24.4945 7.89547
      vertex 11.0094 24.4945 9
    endloop
  endfacet
  facet normal 0.951115 0.308837 -9.83142e-06
    outer loop
      vertex 9.31002 24.7098 9
      vertex 9.30389 24.7286 6.5395
      vertex 9.28142 24.7978 6.5395
    endloop
  endfacet
  facet normal 0.951456 0.307786 -1.87117e-05
    outer loop
      vertex 9.31484 24.6949 9
      vertex 9.30389 24.7286 6.5395
      vertex 9.31002 24.7098 9
    endloop
  endfacet
  facet normal 0.951055 0.309022 0
    outer loop
      vertex 9.30389 24.7286 6.5395
      vertex 9.31484 24.6949 9
      vertex 9.31484 24.6949 6.5395
    endloop
  endfacet
  facet normal 0.928461 0.371431 -0
    outer loop
      vertex 9.39501 24.4945 7.89547
      vertex 9.31484 24.6949 9
      vertex 9.39501 24.4945 9
    endloop
  endfacet
  facet normal 0.928461 0.371431 0
    outer loop
      vertex 9.31484 24.6949 9
      vertex 9.39501 24.4945 7.89547
      vertex 9.31484 24.6949 6.5395
    endloop
  endfacet
  facet normal 0.92834 0.371733 5.18715e-05
    outer loop
      vertex 9.4124 24.4511 7.69098
      vertex 9.31484 24.6949 6.5395
      vertex 9.39501 24.4945 7.89547
    endloop
  endfacet
  facet normal 0.928536 0.371242 -6.88476e-05
    outer loop
      vertex 9.44641 24.366 7.5
      vertex 9.31484 24.6949 6.5395
      vertex 9.4124 24.4511 7.69098
    endloop
  endfacet
  facet normal 0.928491 0.371354 -2.41542e-05
    outer loop
      vertex 9.49556 24.2431 7.33087
      vertex 9.31484 24.6949 6.5395
      vertex 9.44641 24.366 7.5
    endloop
  endfacet
  facet normal 0.928436 0.371493 6.76189e-05
    outer loop
      vertex 9.55771 24.0878 7.19098
      vertex 9.31484 24.6949 6.5395
      vertex 9.49556 24.2431 7.33087
    endloop
  endfacet
  facet normal 0.928494 0.371347 -8.99391e-05
    outer loop
      vertex 9.63013 23.9067 7.08646
      vertex 9.31484 24.6949 6.5395
      vertex 9.55771 24.0878 7.19098
    endloop
  endfacet
  facet normal 0.928464 0.371421 3.42749e-05
    outer loop
      vertex 9.70966 23.7079 7.02185
      vertex 9.31484 24.6949 6.5395
      vertex 9.63013 23.9067 7.08646
    endloop
  endfacet
  facet normal 0.928476 0.371394 -3.16841e-05
    outer loop
      vertex 9.79282 23.5 7
      vertex 9.31484 24.6949 6.5395
      vertex 9.70966 23.7079 7.02185
    endloop
  endfacet
  facet normal 0.928477 0.371391 -0
    outer loop
      vertex 17.25 4.85705 6.5395
      vertex 9.79282 23.5 7
      vertex 17.25 4.85705 7
    endloop
  endfacet
  facet normal 0.928476 0.371391 -3.78958e-05
    outer loop
      vertex 9.79282 23.5 7
      vertex 17.25 4.85705 6.5395
      vertex 9.31484 24.6949 6.5395
    endloop
  endfacet
endsolid OpenSCAD_Model
