solid OpenSCAD_Model
  facet normal 0.874663 0.284314 0.392595
    outer loop
      vertex 27.1527 18.4877 7.5
      vertex 29.8295 18.5372 1.5005
      vertex 27.0061 18.9387 7.5
    endloop
  endfacet
  facet normal 0.874664 0.284309 0.392595
    outer loop
      vertex 29.8295 18.5372 1.5005
      vertex 27.1527 18.4877 7.5
      vertex 29.9943 18.0302 1.5005
    endloop
  endfacet
  facet normal 0.877642 0.271535 0.394984
    outer loop
      vertex 4.89143 22.0719 54.5
      vertex 4.33287 22.1634 55.6782
      vertex 4.33314 22.1618 55.6787
    endloop
  endfacet
  facet normal 0.874756 0.283949 0.392652
    outer loop
      vertex 4.33287 22.1634 55.6782
      vertex 4.89143 22.0719 54.5
      vertex 4.88734 22.0845 54.5
    endloop
  endfacet
  facet normal 0.961989 0.175907 -0.208889
    outer loop
      vertex 4.28605 22.4404 55.5812
      vertex 4.28401 22.4493 55.5793
      vertex 4.28505 22.4448 55.5803
    endloop
  endfacet
  facet normal 0.874439 0.285211 0.392442
    outer loop
      vertex 4.28401 22.4493 55.5793
      vertex 4.78258 22.4058 54.5
      vertex 4.251 22.4879 55.6248
    endloop
  endfacet
  facet normal 0.874672 0.284297 0.392586
    outer loop
      vertex 4.28605 22.4404 55.5812
      vertex 4.78258 22.4058 54.5
      vertex 4.28401 22.4493 55.5793
    endloop
  endfacet
  facet normal 0.874445 0.285221 0.39242
    outer loop
      vertex 4.88734 22.0845 54.5
      vertex 4.28605 22.4404 55.5812
      vertex 4.33287 22.1634 55.6782
    endloop
  endfacet
  facet normal 0.87446 0.285118 0.392463
    outer loop
      vertex 4.28605 22.4404 55.5812
      vertex 4.88734 22.0845 54.5
      vertex 4.78258 22.4058 54.5
    endloop
  endfacet
  facet normal 0.874293 0.285827 0.392319
    outer loop
      vertex 29.8295 18.5372 1.5005
      vertex 26.9942 18.9751 7.5
      vertex 27.0061 18.9387 7.5
    endloop
  endfacet
  facet normal 0.402232 0.903608 0.147318
    outer loop
      vertex 8.25 28.9368 7.66659
      vertex 5.09475 24.4945 43.5293
      vertex 5.22737 24.4945 43.1672
    endloop
  endfacet
  facet normal 0.402331 0.903563 0.147322
    outer loop
      vertex 8.25 29.4337 4.61897
      vertex 5.09475 24.4945 43.5293
      vertex 8.25 28.9368 7.66659
    endloop
  endfacet
  facet normal 0.40225 0.903596 0.147341
    outer loop
      vertex 8.28799 29.9252 1.5005
      vertex 8.51744 29.3298 4.52548
      vertex 8.775 29.7084 1.5005
    endloop
  endfacet
  facet normal 0.402206 0.903619 0.147319
    outer loop
      vertex 8.25 29.4337 4.61897
      vertex 8.28799 29.9252 1.5005
      vertex 5.09475 24.4945 43.5293
    endloop
  endfacet
  facet normal 0.402498 0.903492 0.147302
    outer loop
      vertex 8.51744 29.3298 4.52548
      vertex 8.28799 29.9252 1.5005
      vertex 8.25 29.4337 4.61897
    endloop
  endfacet
  facet normal 0.433604 0.888889 0.147864
    outer loop
      vertex 4.26123 23.077 54.5
      vertex 4.251 23.0596 54.6346
      vertex 4.26246 23.0764 54.5
    endloop
  endfacet
  facet normal 0.623478 -0.743598 0.241533
    outer loop
      vertex 4.251 -23.0596 54.6346
      vertex 8.15025 -22.3861 46.6428
      vertex 4.251 -22.9401 55.0025
    endloop
  endfacet
  facet normal 0.623766 -0.743301 0.241699
    outer loop
      vertex 8.15025 -22.3861 46.6428
      vertex 4.251 -23.0596 54.6346
      vertex 8.15025 -22.487 46.3325
    endloop
  endfacet
  facet normal 0.622179 -0.744909 0.240841
    outer loop
      vertex 29.16 -19.4018 1.599
      vertex 26.3844 -19.7959 7.55044
      vertex 26.3623 -19.8126 7.55588
    endloop
  endfacet
  facet normal 0.680394 -0.680394 0.272263
    outer loop
      vertex 26.3844 -19.7959 7.55044
      vertex 29.16 -19.4018 1.599
      vertex 29.1603 -19.4015 1.599
    endloop
  endfacet
  facet normal 0.624177 0.742885 0.24192
    outer loop
      vertex 29.2063 19.395 1.5005
      vertex 26.3885 19.8088 7.5
      vertex 26.4079 19.7925 7.5
    endloop
  endfacet
  facet normal 0.623497 0.743583 0.241528
    outer loop
      vertex 4.48537 22.9068 54.5
      vertex 4.251 23.0596 54.6346
      vertex 4.251 22.9401 55.0025
    endloop
  endfacet
  facet normal 0.623495 0.743588 0.241517
    outer loop
      vertex 4.251 23.0596 54.6346
      vertex 4.48537 22.9068 54.5
      vertex 4.31423 23.0503 54.5
    endloop
  endfacet
  facet normal -0.868952 0.201111 0.452191
    outer loop
      vertex -24.4797 18.8118 11.75
      vertex -29.9943 18.0302 1.5005
      vertex -24.4956 18.7431 11.75
    endloop
  endfacet
  facet normal -0.86892 0.201323 0.452159
    outer loop
      vertex -5.24479 21.239 47.6331
      vertex -0.821658 22.165 55.7208
      vertex -7.35452 21.239 43.5788
    endloop
  endfacet
  facet normal -0.86893 0.201251 0.452172
    outer loop
      vertex -0.821658 22.165 55.7208
      vertex -5.24479 21.239 47.6331
      vertex -0.844711 22.0412 55.7316
    endloop
  endfacet
  facet normal -0.868849 0.201822 0.452072
    outer loop
      vertex -0.844711 22.0412 55.7316
      vertex -5.24479 21.239 47.6331
      vertex -0.847767 22.0211 55.7347
    endloop
  endfacet
  facet normal -0.868857 0.20177 0.452081
    outer loop
      vertex -0.847767 22.0211 55.7347
      vertex -5.24479 21.239 47.6331
      vertex -0.851392 21.9972 55.7384
    endloop
  endfacet
  facet normal -0.868934 0.201229 0.452173
    outer loop
      vertex -0.851392 21.9972 55.7384
      vertex -5.24479 21.239 47.6331
      vertex -0.877099 21.8053 55.7744
    endloop
  endfacet
  facet normal 0.766081 0.5566 0.321428
    outer loop
      vertex 4.64471 22.6884 54.5
      vertex 4.251 22.9401 55.0025
      vertex 4.251 22.7467 55.3374
    endloop
  endfacet
  facet normal 0.766004 0.556799 0.321268
    outer loop
      vertex 4.251 22.9401 55.0025
      vertex 4.64471 22.6884 54.5
      vertex 4.48872 22.903 54.5
    endloop
  endfacet
  facet normal 0.765502 0.557588 0.321094
    outer loop
      vertex 29.563 18.9989 1.5005
      vertex 26.7246 19.4408 7.5
      vertex 26.7423 19.4165 7.5
    endloop
  endfacet
  facet normal 0.87588 -0.279178 0.393566
    outer loop
      vertex 4.44088 -22.148 55.4487
      vertex 8.15025 -21.5472 47.6197
      vertex 4.44161 -22.1443 55.4497
    endloop
  endfacet
  facet normal 0.874675 -0.284263 0.392605
    outer loop
      vertex 8.15025 -21.5472 47.6197
      vertex 4.44088 -22.148 55.4487
      vertex 8.15025 -21.6204 47.5667
    endloop
  endfacet
  facet normal 0.874708 -0.284138 0.392622
    outer loop
      vertex 27.1527 -18.4877 7.5
      vertex 29.7832 -18.5438 1.599
      vertex 29.9476 -18.0377 1.599
    endloop
  endfacet
  facet normal 0.87466 -0.284313 0.392602
    outer loop
      vertex 29.7832 -18.5438 1.599
      vertex 27.1527 -18.4877 7.5
      vertex 27.0061 -18.9387 7.5
    endloop
  endfacet
  facet normal 0.205778 -0.968421 0.140767
    outer loop
      vertex 8.28799 -29.9252 1.5005
      vertex 4.251 -23.0596 54.6346
      vertex 7.76655 -30.036 1.5005
    endloop
  endfacet
  facet normal 0.447217 0.894425 -0
    outer loop
      vertex 17.9987 25.0965 -1.5005
      vertex 8.775 29.7084 1.5005
      vertex 17.9987 25.0965 1.5005
    endloop
  endfacet
  facet normal 0.447217 0.894425 0
    outer loop
      vertex 8.775 29.7084 1.5005
      vertex 17.9987 25.0965 -1.5005
      vertex 8.775 29.7084 -1.5005
    endloop
  endfacet
  facet normal 0.447214 0.894427 -0
    outer loop
      vertex 28.775 19.7084 -1.5005
      vertex 25.278 21.4569 1.5005
      vertex 28.775 19.7084 1.5005
    endloop
  endfacet
  facet normal 0.447214 0.894427 0
    outer loop
      vertex 25.278 21.4569 1.5005
      vertex 28.775 19.7084 -1.5005
      vertex 25.278 21.4569 -1.5005
    endloop
  endfacet
  facet normal -0.879722 -0.0989532 0.465077
    outer loop
      vertex -0.992856 -21.7903 55.5586
      vertex -2.69346 -21.239 52.4591
      vertex -5.24479 -21.239 47.6331
    endloop
  endfacet
  facet normal -0.879723 -0.0989211 0.465083
    outer loop
      vertex -2.69346 -21.239 52.4591
      vertex -0.992856 -21.7903 55.5586
      vertex -1.06367 -21.4069 55.5062
    endloop
  endfacet
  facet normal -0.879788 -0.0979148 0.465173
    outer loop
      vertex -2.65184 -21.2215 52.5415
      vertex -2.69346 -21.239 52.4591
      vertex -1.06367 -21.4069 55.5062
    endloop
  endfacet
  facet normal -0.877773 -0.125396 0.462375
    outer loop
      vertex -29.9414 -18.037 1.599
      vertex -24.5037 -18.671 11.75
      vertex -29.9415 -18.0363 1.599
    endloop
  endfacet
  facet normal -0.879733 -0.0988327 0.465083
    outer loop
      vertex -24.5037 -18.671 11.75
      vertex -29.9414 -18.037 1.599
      vertex -24.4956 -18.7431 11.75
    endloop
  endfacet
  facet normal 0.441726 0.88485 0.148051
    outer loop
      vertex 4.26246 23.0764 54.5
      vertex 4.251 23.0596 54.6346
      vertex 4.31314 23.0511 54.5
    endloop
  endfacet
  facet normal 0.442265 0.884531 0.148345
    outer loop
      vertex 26.0059 20.0868 7.5
      vertex 25.4065 20.8898 4.499
      vertex 19.1795 23.5 7.5
    endloop
  endfacet
  facet normal 0.442271 0.884528 0.148344
    outer loop
      vertex 28.775 19.7084 1.5005
      vertex 25.4065 20.8898 4.499
      vertex 26.0059 20.0868 7.5
    endloop
  endfacet
  facet normal 0.442242 0.88455 0.148303
    outer loop
      vertex 25.4065 20.8898 4.499
      vertex 28.775 19.7084 1.5005
      vertex 25.3798 21.1435 3.06543
    endloop
  endfacet
  facet normal 0.442264 0.884528 0.14837
    outer loop
      vertex 25.3798 21.1435 3.06543
      vertex 28.775 19.7084 1.5005
      vertex 25.278 21.4569 1.5005
    endloop
  endfacet
  facet normal 0.442265 0.88453 0.148352
    outer loop
      vertex 16.8901 24.4945 8.39547
      vertex 16.25 24.6293 9.5
      vertex 16.5196 24.4945 9.5
    endloop
  endfacet
  facet normal 0.442258 0.884538 0.148323
    outer loop
      vertex 17.4667 24.8596 4.499
      vertex 19.1795 23.5 7.5
      vertex 25.4065 20.8898 4.499
    endloop
  endfacet
  facet normal 0.442205 0.884558 0.148362
    outer loop
      vertex 19.1795 23.5 7.5
      vertex 17.4667 24.8596 4.499
      vertex 18.7563 23.7079 7.52185
    endloop
  endfacet
  facet normal 0.442241 0.884544 0.148342
    outer loop
      vertex 18.7563 23.7079 7.52185
      vertex 17.4667 24.8596 4.499
      vertex 18.337 23.9067 7.58646
    endloop
  endfacet
  facet normal 0.442313 0.884513 0.148312
    outer loop
      vertex 18.337 23.9067 7.58646
      vertex 17.4667 24.8596 4.499
      vertex 17.9398 24.0878 7.69098
    endloop
  endfacet
  facet normal 0.442186 0.884571 0.148345
    outer loop
      vertex 17.9398 24.0878 7.69098
      vertex 17.4667 24.8596 4.499
      vertex 17.5822 24.2431 7.83087
    endloop
  endfacet
  facet normal 0.442296 0.884518 0.148331
    outer loop
      vertex 17.4667 24.8596 4.499
      vertex 17.2797 24.366 8
      vertex 17.5822 24.2431 7.83087
    endloop
  endfacet
  facet normal 0.442508 0.884413 0.148328
    outer loop
      vertex 17.4667 24.8596 4.499
      vertex 17.0456 24.4511 8.19098
      vertex 17.2797 24.366 8
    endloop
  endfacet
  facet normal 0.441935 0.884704 0.148295
    outer loop
      vertex 17.4667 24.8596 4.499
      vertex 16.8901 24.4945 8.39547
      vertex 17.0456 24.4511 8.19098
    endloop
  endfacet
  facet normal 0.442285 0.884524 0.148329
    outer loop
      vertex 16.25 25.9363 1.70631
      vertex 16.8901 24.4945 8.39547
      vertex 17.4667 24.8596 4.499
    endloop
  endfacet
  facet normal 0.442243 0.884543 0.148338
    outer loop
      vertex 16.8901 24.4945 8.39547
      vertex 16.25 25.9363 1.70631
      vertex 16.25 24.6293 9.5
    endloop
  endfacet
  facet normal 0.442252 0.884537 0.148349
    outer loop
      vertex 16.25 25.9363 1.70631
      vertex 17.4667 24.8596 4.499
      vertex 17.9987 25.0965 1.5005
    endloop
  endfacet
  facet normal 0.442269 0.884527 0.148362
    outer loop
      vertex 14.6452 26.6679 2.12868
      vertex 8.775 29.7084 1.5005
      vertex 8.51744 29.3298 4.52548
    endloop
  endfacet
  facet normal 0.442276 0.884531 0.148311
    outer loop
      vertex 16.25 25.9363 1.70631
      vertex 8.775 29.7084 1.5005
      vertex 14.6452 26.6679 2.12868
    endloop
  endfacet
  facet normal 0.442257 0.884505 0.148525
    outer loop
      vertex 8.775 29.7084 1.5005
      vertex 16.25 25.9363 1.70631
      vertex 17.9987 25.0965 1.5005
    endloop
  endfacet
  facet normal 0.442443 0.884443 0.148339
    outer loop
      vertex 8.25 28.6293 9.5
      vertex 8.25 28.9368 7.66659
      vertex 8.15025 28.6792 9.5
    endloop
  endfacet
  facet normal 0.442267 0.884531 0.14834
    outer loop
      vertex 8.15025 28.6792 9.5
      vertex 5.22737 24.4945 43.1672
      vertex 8.15025 24.4945 34.4528
    endloop
  endfacet
  facet normal 0.442313 0.884508 0.148341
    outer loop
      vertex 5.22737 24.4945 43.1672
      vertex 8.15025 28.6792 9.5
      vertex 8.25 28.9368 7.66659
    endloop
  endfacet
  facet normal -0.854681 -0.277638 0.438678
    outer loop
      vertex -0.925858 -22.1531 55.5253
      vertex -7.35452 -21.239 43.5788
      vertex -8.23246 -21.239 41.8683
    endloop
  endfacet
  facet normal -0.855429 -0.27427 0.439338
    outer loop
      vertex -7.35452 -21.239 43.5788
      vertex -0.925858 -22.1531 55.5253
      vertex -0.926409 -22.1501 55.5261
    endloop
  endfacet
  facet normal -0.854647 -0.27779 0.438647
    outer loop
      vertex -29.7768 -18.5438 1.599
      vertex -24.4797 -18.8118 11.75
      vertex -29.9413 -18.0377 1.599
    endloop
  endfacet
  facet normal -0.854656 -0.277753 0.438653
    outer loop
      vertex -24.4797 -18.8118 11.75
      vertex -29.7768 -18.5438 1.599
      vertex -24.346 -19.2232 11.75
    endloop
  endfacet
  facet normal 0.902694 0.0947083 0.41973
    outer loop
      vertex 27.2104 17.9757 7.5
      vertex 29.9943 18.0302 1.5005
      vertex 27.1609 18.4475 7.5
    endloop
  endfacet
  facet normal 0.902683 0.0948311 0.419726
    outer loop
      vertex 29.9943 18.0302 1.5005
      vertex 27.2104 17.9757 7.5
      vertex 30.05 17.5 1.5005
    endloop
  endfacet
  facet normal 0.902175 0.102878 0.418922
    outer loop
      vertex 4.39138 21.7982 55.7129
      vertex 4.96388 21.7167 54.5
      vertex 4.39091 21.8011 55.7132
    endloop
  endfacet
  facet normal 0.902708 0.0945694 0.419732
    outer loop
      vertex 4.96388 21.7167 54.5
      vertex 4.39138 21.7982 55.7129
      vertex 4.96542 21.702 54.5
    endloop
  endfacet
  facet normal 0.83718 0.40643 0.365985
    outer loop
      vertex 4.78258 22.4058 54.5
      vertex 4.251 22.7467 55.3374
      vertex 4.251 22.4879 55.6248
    endloop
  endfacet
  facet normal 0.837166 0.406485 0.365954
    outer loop
      vertex 4.251 22.7467 55.3374
      vertex 4.78258 22.4058 54.5
      vertex 4.64886 22.6812 54.5
    endloop
  endfacet
  facet normal 0.837581 0.405368 0.366244
    outer loop
      vertex 29.8295 18.5372 1.5005
      vertex 26.9791 19.0063 7.5
      vertex 26.9942 18.9751 7.5
    endloop
  endfacet
  facet normal -0.440185 -0.880361 0.17664
    outer loop
      vertex -28.723 -19.7146 1.599
      vertex -24.2629 -21.3628 4.499
      vertex -23.1825 -20.3771 12.104
    endloop
  endfacet
  facet normal -0.440182 -0.880364 0.176634
    outer loop
      vertex -24.9 -21.6261 1.599
      vertex -24.2629 -21.3628 4.499
      vertex -28.723 -19.7146 1.599
    endloop
  endfacet
  facet normal -0.440193 -0.880358 0.176636
    outer loop
      vertex -24.2629 -21.3628 4.499
      vertex -24.9 -21.6261 1.599
      vertex -24.111 -21.8303 2.54752
    endloop
  endfacet
  facet normal -0.440082 -0.880348 0.176963
    outer loop
      vertex -23.9404 -22.1256 1.5005
      vertex -24.9 -21.6261 1.599
      vertex -24.9 -21.6459 1.5005
    endloop
  endfacet
  facet normal -0.440144 -0.880392 0.176588
    outer loop
      vertex -24.9 -21.6261 1.599
      vertex -23.9404 -22.1256 1.5005
      vertex -24.111 -21.8303 2.54752
    endloop
  endfacet
  facet normal -0.440184 -0.880362 0.176638
    outer loop
      vertex -8.775 -29.7084 1.5005
      vertex -15.9749 -21.239 25.7697
      vertex -20.8821 -21.239 13.5409
    endloop
  endfacet
  facet normal -0.440639 -0.880127 0.176674
    outer loop
      vertex -24.2629 -21.3628 4.499
      vertex -23.0744 -20.4256 12.132
      vertex -23.1825 -20.3771 12.104
    endloop
  endfacet
  facet normal -0.440188 -0.880361 0.176633
    outer loop
      vertex -18.514 -24.2373 4.499
      vertex -23.0744 -20.4256 12.132
      vertex -24.2629 -21.3628 4.499
    endloop
  endfacet
  facet normal -0.440156 -0.880372 0.176657
    outer loop
      vertex -23.0744 -20.4256 12.132
      vertex -18.514 -24.2373 4.499
      vertex -22.3407 -20.7363 12.4117
    endloop
  endfacet
  facet normal -0.440114 -0.880387 0.176685
    outer loop
      vertex -22.3407 -20.7363 12.4117
      vertex -18.514 -24.2373 4.499
      vertex -21.7134 -20.982 12.75
    endloop
  endfacet
  facet normal -0.440238 -0.880339 0.176617
    outer loop
      vertex -21.7134 -20.982 12.75
      vertex -18.514 -24.2373 4.499
      vertex -21.22 -21.1521 13.132
    endloop
  endfacet
  facet normal -0.440174 -0.880365 0.176647
    outer loop
      vertex -21.22 -21.1521 13.132
      vertex -18.514 -24.2373 4.499
      vertex -20.8821 -21.239 13.5409
    endloop
  endfacet
  facet normal -0.440177 -0.880364 0.176645
    outer loop
      vertex -8.775 -29.7084 1.5005
      vertex -20.8821 -21.239 13.5409
      vertex -18.514 -24.2373 4.499
    endloop
  endfacet
  facet normal -0.440191 -0.880365 0.176603
    outer loop
      vertex -8.775 -29.7084 1.5005
      vertex -18.514 -24.2373 4.499
      vertex -18.6094 -24.2798 4.04935
    endloop
  endfacet
  facet normal -0.440186 -0.880364 0.17662
    outer loop
      vertex -8.775 -29.7084 1.5005
      vertex -18.6094 -24.2798 4.04935
      vertex -19.3271 -24.4323 1.5005
    endloop
  endfacet
  facet normal -0.440187 -0.880361 0.176636
    outer loop
      vertex -15.9749 -21.239 25.7697
      vertex -8.775 -29.7084 1.5005
      vertex -0.750999 -23.0596 54.6346
    endloop
  endfacet
  facet normal 1 -0 0
    outer loop
      vertex 30.05 -14.3786 1.5005
      vertex 30.05 17.5 -1.5005
      vertex 30.05 17.5 1.5005
    endloop
  endfacet
  facet normal 1 0 0
    outer loop
      vertex 30.05 17.5 -1.5005
      vertex 30.05 -14.3786 1.5005
      vertex 30.05 -14.3786 -1.5005
    endloop
  endfacet
  facet normal 0 0.865975 0.500088
    outer loop
      vertex 4.251 22.9401 55.0025
      vertex -0.750999 22.7467 55.3374
      vertex 4.251 22.7467 55.3374
    endloop
  endfacet
  facet normal 0 0.865975 0.500088
    outer loop
      vertex -0.750999 22.7467 55.3374
      vertex 4.251 22.9401 55.0025
      vertex -0.750999 22.9401 55.0025
    endloop
  endfacet
  facet normal 0.893909 0.18234 0.409486
    outer loop
      vertex 29.9943 18.0302 1.5005
      vertex 27.1527 18.4877 7.5
      vertex 27.1609 18.4475 7.5
    endloop
  endfacet
  facet normal 0.893955 0.182061 0.40951
    outer loop
      vertex 4.89143 22.0719 54.5
      vertex 4.34751 22.0914 55.6787
      vertex 4.35084 22.0719 55.6801
    endloop
  endfacet
  facet normal 0.893848 0.182763 0.409431
    outer loop
      vertex 4.34469 22.108 55.6775
      vertex 4.89143 22.0719 54.5
      vertex 4.33314 22.1618 55.6787
    endloop
  endfacet
  facet normal 0.894047 0.181487 0.409562
    outer loop
      vertex 4.34751 22.0914 55.6787
      vertex 4.89143 22.0719 54.5
      vertex 4.34469 22.108 55.6775
    endloop
  endfacet
  facet normal 0.89391 0.182323 0.409492
    outer loop
      vertex 4.96388 21.7167 54.5
      vertex 4.35084 22.0719 55.6801
      vertex 4.39091 21.8011 55.7132
    endloop
  endfacet
  facet normal 0.893909 0.18233 0.409489
    outer loop
      vertex 4.35084 22.0719 55.6801
      vertex 4.96388 21.7167 54.5
      vertex 4.89143 22.0719 54.5
    endloop
  endfacet
  facet normal 0.207848 -0.978161 0
    outer loop
      vertex 7.76655 -30.036 -1.5005
      vertex 8.28799 -29.9252 1.5005
      vertex 7.76655 -30.036 1.5005
    endloop
  endfacet
  facet normal 0.207848 -0.978161 0
    outer loop
      vertex 8.28799 -29.9252 1.5005
      vertex 7.76655 -30.036 -1.5005
      vertex 8.28799 -29.9252 -1.5005
    endloop
  endfacet
  facet normal 0 1 -0
    outer loop
      vertex 7.76655 30.036 -1.5005
      vertex -7.76655 30.036 1.5005
      vertex 7.76655 30.036 1.5005
    endloop
  endfacet
  facet normal 0 1 0
    outer loop
      vertex -7.76655 30.036 1.5005
      vertex 7.76655 30.036 -1.5005
      vertex -7.76655 30.036 -1.5005
    endloop
  endfacet
  facet normal -0.802852 -0.442974 0.399001
    outer loop
      vertex -0.788383 -22.7413 55.2682
      vertex -9.94293 -21.239 38.5157
      vertex -11.1655 -21.239 36.0557
    endloop
  endfacet
  facet normal -0.802041 -0.444964 0.398418
    outer loop
      vertex -9.94293 -21.239 38.5157
      vertex -0.857019 -22.4837 55.4161
      vertex -0.859367 -22.4732 55.4231
    endloop
  endfacet
  facet normal -0.80292 -0.442808 0.39905
    outer loop
      vertex -9.94293 -21.239 38.5157
      vertex -0.851223 -22.5098 55.3988
      vertex -0.857019 -22.4837 55.4161
    endloop
  endfacet
  facet normal -0.802836 -0.443016 0.398989
    outer loop
      vertex -9.94293 -21.239 38.5157
      vertex -0.788383 -22.7413 55.2682
      vertex -0.851223 -22.5098 55.3988
    endloop
  endfacet
  facet normal -0.789704 -0.473823 0.389691
    outer loop
      vertex -29.7763 -18.5449 1.599
      vertex -24.3209 -19.2856 11.7537
      vertex -29.7766 -18.5444 1.599
    endloop
  endfacet
  facet normal -0.803161 -0.442213 0.399226
    outer loop
      vertex -24.3209 -19.2856 11.7537
      vertex -29.7763 -18.5449 1.599
      vertex -24.2885 -19.3393 11.7594
    endloop
  endfacet
  facet normal 0.902985 -0.089269 0.420297
    outer loop
      vertex 4.5918 -21.3913 55.3688
      vertex 8.15025 -21.1685 47.771
      vertex 8.15025 -20.8474 47.8392
    endloop
  endfacet
  facet normal 0.902972 -0.0894513 0.420286
    outer loop
      vertex 8.15025 -21.1685 47.771
      vertex 4.5918 -21.3913 55.3688
      vertex 4.51477 -21.7775 55.4521
    endloop
  endfacet
  facet normal 0.904117 0 0.427284
    outer loop
      vertex 27.2146 -17.9334 7.5
      vertex 30.0034 -17.5078 1.599
      vertex 30.0034 -17.5071 1.599
    endloop
  endfacet
  facet normal 0.902959 -0.0896555 0.42027
    outer loop
      vertex 30.0034 -17.5078 1.599
      vertex 27.2146 -17.9334 7.5
      vertex 27.2104 -17.9757 7.5
    endloop
  endfacet
  facet normal 0.205778 0.968421 0.140768
    outer loop
      vertex 7.76655 30.036 1.5005
      vertex 5.09475 24.4945 43.5293
      vertex 8.28799 29.9252 1.5005
    endloop
  endfacet
  facet normal 0.205921 0.96839 0.140773
    outer loop
      vertex 5.09475 24.4945 43.5293
      vertex 7.76655 30.036 1.5005
      vertex 4.97409 24.4945 43.7058
    endloop
  endfacet
  facet normal 0.148375 0.979274 0.13787
    outer loop
      vertex 4.25991 23.0772 54.5
      vertex 4.251 23.0596 54.6346
      vertex 4.26123 23.077 54.5
    endloop
  endfacet
  facet normal 0.866076 0.499912 0
    outer loop
      vertex 29.8295 18.5372 1.5005
      vertex 29.563 18.9989 -1.5005
      vertex 29.563 18.9989 1.5005
    endloop
  endfacet
  facet normal 0.866076 0.499912 0
    outer loop
      vertex 29.563 18.9989 -1.5005
      vertex 29.8295 18.5372 1.5005
      vertex 29.8295 18.5372 -1.5005
    endloop
  endfacet
  facet normal -0.722841 0.598628 0.345174
    outer loop
      vertex -24.0035 19.7593 11.8241
      vertex -29.563 18.9989 1.5005
      vertex -24.0455 19.7166 11.8102
    endloop
  endfacet
  facet normal -0.723099 0.598224 0.345335
    outer loop
      vertex -11.25 21.381 35.7194
      vertex -0.750999 22.9401 55.0025
      vertex -11.25 21.5039 35.5065
    endloop
  endfacet
  facet normal -0.723181 0.598093 0.34539
    outer loop
      vertex -0.750999 22.9401 55.0025
      vertex -11.25 21.381 35.7194
      vertex -0.750999 22.7467 55.3374
    endloop
  endfacet
  facet normal 0.95102 0.309128 0
    outer loop
      vertex 29.9943 18.0302 1.5005
      vertex 29.8295 18.5372 -1.5005
      vertex 29.8295 18.5372 1.5005
    endloop
  endfacet
  facet normal 0.95102 0.309128 0
    outer loop
      vertex 29.8295 18.5372 -1.5005
      vertex 29.9943 18.0302 1.5005
      vertex 29.9943 18.0302 -1.5005
    endloop
  endfacet
  facet normal 0.90296 0.0896556 0.420268
    outer loop
      vertex 30.05 17.5 1.5005
      vertex 27.2104 17.9757 7.5
      vertex 27.2146 17.9334 7.5
    endloop
  endfacet
  facet normal 0.903006 0.0889581 0.420318
    outer loop
      vertex 4.40244 21.7294 55.7037
      vertex 4.96542 21.702 54.5
      vertex 4.39138 21.7982 55.7129
    endloop
  endfacet
  facet normal 0.902997 0.0890749 0.420311
    outer loop
      vertex 4.40721 21.6952 55.7007
      vertex 4.96542 21.702 54.5
      vertex 4.40244 21.7294 55.7037
    endloop
  endfacet
  facet normal 0.90301 0.0889247 0.420316
    outer loop
      vertex 4.41178 21.6625 55.6978
      vertex 4.96542 21.702 54.5
      vertex 4.40721 21.6952 55.7007
    endloop
  endfacet
  facet normal 0.902958 0.0894732 0.420311
    outer loop
      vertex 4.44306 21.414 55.6835
      vertex 4.96542 21.702 54.5
      vertex 4.41178 21.6625 55.6978
    endloop
  endfacet
  facet normal 0.902983 0.0893313 0.420287
    outer loop
      vertex 4.96542 21.702 54.5
      vertex 4.44306 21.414 55.6835
      vertex 5.00237 21.3285 54.5
    endloop
  endfacet
  facet normal 0.447217 -0.894425 0
    outer loop
      vertex 8.775 -29.7084 -1.5005
      vertex 19.3271 -24.4323 1.5005
      vertex 8.775 -29.7084 1.5005
    endloop
  endfacet
  facet normal 0.447217 -0.894425 0
    outer loop
      vertex 19.3271 -24.4323 1.5005
      vertex 8.775 -29.7084 -1.5005
      vertex 19.3271 -24.4323 -1.5005
    endloop
  endfacet
  facet normal 0.447139 -0.894464 0
    outer loop
      vertex 23.9404 -22.1256 -1.5005
      vertex 24.9 -21.6459 1.5005
      vertex 23.9404 -22.1256 1.5005
    endloop
  endfacet
  facet normal 0.447139 -0.894464 0
    outer loop
      vertex 24.9 -21.6459 1.5005
      vertex 23.9404 -22.1256 -1.5005
      vertex 24.9 -21.6459 -1.5005
    endloop
  endfacet
  facet normal -0.866076 0.499912 0
    outer loop
      vertex -29.8295 18.5372 -1.5005
      vertex -29.563 18.9989 1.5005
      vertex -29.563 18.9989 -1.5005
    endloop
  endfacet
  facet normal -0.866076 0.499912 0
    outer loop
      vertex -29.563 18.9989 1.5005
      vertex -29.8295 18.5372 -1.5005
      vertex -29.8295 18.5372 1.5005
    endloop
  endfacet
  facet normal 0.406688 -0.913567 0
    outer loop
      vertex 8.28799 -29.9252 -1.5005
      vertex 8.775 -29.7084 1.5005
      vertex 8.28799 -29.9252 1.5005
    endloop
  endfacet
  facet normal 0.406688 -0.913567 0
    outer loop
      vertex 8.775 -29.7084 1.5005
      vertex 8.28799 -29.9252 -1.5005
      vertex 8.775 -29.7084 -1.5005
    endloop
  endfacet
  facet normal 0.837293 -0.406137 0.36605
    outer loop
      vertex 4.35658 -22.5334 55.3328
      vertex 8.15025 -21.8856 47.374
      vertex 4.37053 -22.4694 55.3719
    endloop
  endfacet
  facet normal 0.837026 -0.406854 0.365865
    outer loop
      vertex 4.35173 -22.553 55.3221
      vertex 8.15025 -21.8856 47.374
      vertex 4.35658 -22.5334 55.3328
    endloop
  endfacet
  facet normal 0.837325 -0.406048 0.366075
    outer loop
      vertex 4.34685 -22.5728 55.3113
      vertex 8.15025 -21.8856 47.374
      vertex 4.35173 -22.553 55.3221
    endloop
  endfacet
  facet normal 0.837144 -0.406538 0.365946
    outer loop
      vertex 4.29466 -22.7395 55.2455
      vertex 8.15025 -21.8856 47.374
      vertex 4.34685 -22.5728 55.3113
    endloop
  endfacet
  facet normal 0.837207 -0.406365 0.365995
    outer loop
      vertex 8.15025 -21.8856 47.374
      vertex 4.29466 -22.7395 55.2455
      vertex 8.15025 -22.105 47.1304
    endloop
  endfacet
  facet normal 0.804811 -0.482887 0.345107
    outer loop
      vertex 26.9942 -18.9751 7.5
      vertex 29.7827 -18.5449 1.599
      vertex 29.783 -18.5444 1.599
    endloop
  endfacet
  facet normal 0.837581 -0.405368 0.366244
    outer loop
      vertex 29.7827 -18.5449 1.599
      vertex 26.9942 -18.9751 7.5
      vertex 26.9791 -19.0063 7.5
    endloop
  endfacet
  facet normal 0.893904 -0.182366 0.409485
    outer loop
      vertex 4.44161 -22.1443 55.4497
      vertex 8.15025 -21.2474 47.7532
      vertex 4.51367 -21.783 55.4533
    endloop
  endfacet
  facet normal 0.893907 -0.182344 0.409489
    outer loop
      vertex 8.15025 -21.2474 47.7532
      vertex 4.44161 -22.1443 55.4497
      vertex 8.15025 -21.5472 47.6197
    endloop
  endfacet
  facet normal 0.881717 -0.251919 0.398889
    outer loop
      vertex 27.1609 -18.4475 7.5
      vertex 29.9476 -18.0377 1.599
      vertex 29.9478 -18.037 1.599
    endloop
  endfacet
  facet normal 0.893912 -0.18234 0.40948
    outer loop
      vertex 29.9476 -18.0377 1.599
      vertex 27.1609 -18.4475 7.5
      vertex 27.1527 -18.4877 7.5
    endloop
  endfacet
  facet normal 0.711327 0.640538 0.289351
    outer loop
      vertex 26.7246 19.4408 7.5
      vertex 29.2063 19.395 1.5005
      vertex 26.4079 19.7925 7.5
    endloop
  endfacet
  facet normal 0.711312 0.640558 0.289345
    outer loop
      vertex 29.2063 19.395 1.5005
      vertex 26.7246 19.4408 7.5
      vertex 29.563 18.9989 1.5005
    endloop
  endfacet
  facet normal 0.717287 0.632345 0.292644
    outer loop
      vertex 4.48537 22.9068 54.5
      vertex 4.251 22.9401 55.0025
      vertex 4.48872 22.903 54.5
    endloop
  endfacet
  facet normal 0.573667 -0.790389 0.214921
    outer loop
      vertex 8.15025 -22.487 46.3325
      vertex 4.251 -23.0596 54.6346
      vertex 8.15025 -22.5267 46.1865
    endloop
  endfacet
  facet normal 0.572773 -0.791162 0.214462
    outer loop
      vertex 28.7295 -19.7146 1.599
      vertex 25.933 -20.0878 7.69098
      vertex 25.9129 -20.0995 7.7015
    endloop
  endfacet
  facet normal 0.574215 -0.789915 0.215201
    outer loop
      vertex 28.7295 -19.7146 1.599
      vertex 26.2213 -19.9067 7.58646
      vertex 25.933 -20.0878 7.69098
    endloop
  endfacet
  facet normal 0.573962 -0.79013 0.215087
    outer loop
      vertex 28.7295 -19.7146 1.599
      vertex 26.3623 -19.8126 7.55588
      vertex 26.2213 -19.9067 7.58646
    endloop
  endfacet
  facet normal 0.574051 -0.790055 0.215124
    outer loop
      vertex 26.3623 -19.8126 7.55588
      vertex 28.7295 -19.7146 1.599
      vertex 29.16 -19.4018 1.599
    endloop
  endfacet
  facet normal 0.902692 -0.0946938 0.419738
    outer loop
      vertex 4.51477 -21.7775 55.4521
      vertex 8.15025 -21.2474 47.7532
      vertex 8.15025 -21.1685 47.771
    endloop
  endfacet
  facet normal 0.903023 -0.0889043 0.420293
    outer loop
      vertex 8.15025 -21.2474 47.7532
      vertex 4.51477 -21.7775 55.4521
      vertex 4.51367 -21.783 55.4533
    endloop
  endfacet
  facet normal 0.902682 -0.0948396 0.419728
    outer loop
      vertex 27.2104 -17.9757 7.5
      vertex 29.9478 -18.037 1.599
      vertex 30.0034 -17.5078 1.599
    endloop
  endfacet
  facet normal 0.902693 -0.0947082 0.419732
    outer loop
      vertex 29.9478 -18.037 1.599
      vertex 27.2104 -17.9757 7.5
      vertex 27.1609 -18.4475 7.5
    endloop
  endfacet
  facet normal 0 0.743114 0.669165
    outer loop
      vertex 4.251 22.7467 55.3374
      vertex -0.750999 22.4879 55.6248
      vertex 4.251 22.4879 55.6248
    endloop
  endfacet
  facet normal 0 0.743114 0.669165
    outer loop
      vertex -0.750999 22.4879 55.6248
      vertex 4.251 22.7467 55.3374
      vertex -0.750999 22.7467 55.3374
    endloop
  endfacet
  facet normal 0.811869 0.467952 0.349127
    outer loop
      vertex 4.64471 22.6884 54.5
      vertex 4.251 22.7467 55.3374
      vertex 4.64886 22.6812 54.5
    endloop
  endfacet
  facet normal 0.811607 0.468524 0.34897
    outer loop
      vertex 26.9791 19.0063 7.5
      vertex 29.563 18.9989 1.5005
      vertex 26.7423 19.4165 7.5
    endloop
  endfacet
  facet normal 0.811627 0.468483 0.348978
    outer loop
      vertex 29.563 18.9989 1.5005
      vertex 26.9791 19.0063 7.5
      vertex 29.8295 18.5372 1.5005
    endloop
  endfacet
  facet normal -0.854656 0.277753 0.438653
    outer loop
      vertex -29.8295 18.5372 1.5005
      vertex -24.4797 18.8118 11.75
      vertex -24.346 19.2232 11.75
    endloop
  endfacet
  facet normal -0.854644 0.277802 0.438645
    outer loop
      vertex -24.4797 18.8118 11.75
      vertex -29.8295 18.5372 1.5005
      vertex -29.9943 18.0302 1.5005
    endloop
  endfacet
  facet normal -0.854681 0.277637 0.438678
    outer loop
      vertex -7.35452 21.239 43.5788
      vertex -0.821466 22.1662 55.7204
      vertex -8.23246 21.239 41.8683
    endloop
  endfacet
  facet normal -0.853585 0.28248 0.437718
    outer loop
      vertex -0.821466 22.1662 55.7204
      vertex -7.35452 21.239 43.5788
      vertex -0.821658 22.165 55.7208
    endloop
  endfacet
  facet normal -0.701082 0.631591 0.331024
    outer loop
      vertex -29.2063 19.395 1.5005
      vertex -23.683 20.0635 11.9229
      vertex -23.656 20.0865 11.9362
    endloop
  endfacet
  facet normal -0.701281 0.631305 0.331148
    outer loop
      vertex -29.2063 19.395 1.5005
      vertex -24.0035 19.7593 11.8241
      vertex -23.683 20.0635 11.9229
    endloop
  endfacet
  facet normal -0.701186 0.631439 0.331095
    outer loop
      vertex -24.0035 19.7593 11.8241
      vertex -29.2063 19.395 1.5005
      vertex -29.563 18.9989 1.5005
    endloop
  endfacet
  facet normal -0.701283 0.631302 0.33115
    outer loop
      vertex -11.25 21.6321 35.2621
      vertex -11.25 21.5039 35.5065
      vertex -0.750999 22.9401 55.0025
    endloop
  endfacet
  facet normal 0.207848 0.978161 -0
    outer loop
      vertex 8.28799 29.9252 -1.5005
      vertex 7.76655 30.036 1.5005
      vertex 8.28799 29.9252 1.5005
    endloop
  endfacet
  facet normal 0.207848 0.978161 0
    outer loop
      vertex 7.76655 30.036 1.5005
      vertex 8.28799 29.9252 -1.5005
      vertex 7.76655 30.036 -1.5005
    endloop
  endfacet
  facet normal -0.207848 0.978161 0
    outer loop
      vertex -7.76655 30.036 -1.5005
      vertex -8.28799 29.9252 1.5005
      vertex -7.76655 30.036 1.5005
    endloop
  endfacet
  facet normal -0.207848 0.978161 0
    outer loop
      vertex -8.28799 29.9252 1.5005
      vertex -7.76655 30.036 -1.5005
      vertex -8.28799 29.9252 -1.5005
    endloop
  endfacet
  facet normal 0.994527 0.10448 0
    outer loop
      vertex 30.05 17.5 1.5005
      vertex 29.9943 18.0302 -1.5005
      vertex 29.9943 18.0302 1.5005
    endloop
  endfacet
  facet normal 0.994527 0.10448 0
    outer loop
      vertex 29.9943 18.0302 -1.5005
      vertex 30.05 17.5 1.5005
      vertex 30.05 17.5 -1.5005
    endloop
  endfacet
  facet normal -0.406688 0.913567 0
    outer loop
      vertex -8.28799 29.9252 -1.5005
      vertex -8.775 29.7084 1.5005
      vertex -8.28799 29.9252 1.5005
    endloop
  endfacet
  facet normal -0.406688 0.913567 0
    outer loop
      vertex -8.775 29.7084 1.5005
      vertex -8.28799 29.9252 -1.5005
      vertex -8.775 29.7084 -1.5005
    endloop
  endfacet
  facet normal -0.400551 0.899779 0.17308
    outer loop
      vertex -8.28799 29.9252 1.5005
      vertex -8.775 29.7084 1.5005
      vertex -0.750999 23.0596 54.6346
    endloop
  endfacet
  facet normal -0.845841 -0.313569 0.431541
    outer loop
      vertex -0.859367 -22.4732 55.4231
      vertex -8.23246 -21.239 41.8683
      vertex -9.94293 -21.239 38.5157
    endloop
  endfacet
  facet normal -0.845976 -0.313053 0.43165
    outer loop
      vertex -8.23246 -21.239 41.8683
      vertex -0.920867 -22.1801 55.5155
      vertex -0.925858 -22.1531 55.5253
    endloop
  endfacet
  facet normal -0.845848 -0.313539 0.431548
    outer loop
      vertex -8.23246 -21.239 41.8683
      vertex -0.861734 -22.4635 55.4255
      vertex -0.920867 -22.1801 55.5155
    endloop
  endfacet
  facet normal -0.84593 -0.313217 0.431622
    outer loop
      vertex -8.23246 -21.239 41.8683
      vertex -0.859367 -22.4732 55.4231
      vertex -0.861734 -22.4635 55.4255
    endloop
  endfacet
  facet normal -0.853124 -0.284375 0.43739
    outer loop
      vertex -29.7766 -18.5444 1.599
      vertex -24.346 -19.2232 11.75
      vertex -29.7768 -18.5438 1.599
    endloop
  endfacet
  facet normal -0.845347 -0.315428 0.431153
    outer loop
      vertex -29.7766 -18.5444 1.599
      vertex -24.336 -19.25 11.75
      vertex -24.346 -19.2232 11.75
    endloop
  endfacet
  facet normal -0.845755 -0.313888 0.431478
    outer loop
      vertex -24.336 -19.25 11.75
      vertex -29.7766 -18.5444 1.599
      vertex -24.3209 -19.2856 11.7537
    endloop
  endfacet
  facet normal 0.402251 -0.903599 0.147318
    outer loop
      vertex 8.775 -29.7084 1.5005
      vertex 4.251 -23.0596 54.6346
      vertex 8.28799 -29.9252 1.5005
    endloop
  endfacet
  facet normal 0 -1 0
    outer loop
      vertex -7.76655 -30.036 -1.5005
      vertex 7.76655 -30.036 1.5005
      vertex -7.76655 -30.036 1.5005
    endloop
  endfacet
  facet normal 0 -1 -0
    outer loop
      vertex 7.76655 -30.036 1.5005
      vertex -7.76655 -30.036 -1.5005
      vertex 7.76655 -30.036 -1.5005
    endloop
  endfacet
  facet normal 0.743098 0.669182 0
    outer loop
      vertex 29.563 18.9989 1.5005
      vertex 29.2063 19.395 -1.5005
      vertex 29.2063 19.395 1.5005
    endloop
  endfacet
  facet normal 0.743098 0.669182 0
    outer loop
      vertex 29.2063 19.395 -1.5005
      vertex 29.563 18.9989 1.5005
      vertex 29.563 18.9989 -1.5005
    endloop
  endfacet
  facet normal 0.587837 0.808979 -0
    outer loop
      vertex 29.2063 19.395 -1.5005
      vertex 28.775 19.7084 1.5005
      vertex 29.2063 19.395 1.5005
    endloop
  endfacet
  facet normal 0.587837 0.808979 0
    outer loop
      vertex 28.775 19.7084 1.5005
      vertex 29.2063 19.395 -1.5005
      vertex 28.775 19.7084 -1.5005
    endloop
  endfacet
  facet normal -0.994527 0.10448 0
    outer loop
      vertex -30.05 17.5 -1.5005
      vertex -29.9943 18.0302 1.5005
      vertex -29.9943 18.0302 -1.5005
    endloop
  endfacet
  facet normal -0.994527 0.10448 0
    outer loop
      vertex -29.9943 18.0302 1.5005
      vertex -30.05 17.5 -1.5005
      vertex -30.05 17.5 1.5005
    endloop
  endfacet
  facet normal -1 0 0
    outer loop
      vertex -30.05 -14.3786 -1.5005
      vertex -30.05 17.5 1.5005
      vertex -30.05 17.5 -1.5005
    endloop
  endfacet
  facet normal -1 -0 0
    outer loop
      vertex -30.05 17.5 1.5005
      vertex -30.05 -14.3786 -1.5005
      vertex -30.05 -14.3786 1.5005
    endloop
  endfacet
  facet normal 0.904115 -1.37111e-06 0.42729
    outer loop
      vertex 27.2146 17.9334 7.5
      vertex 30.0034 -14.3448 1.599
      vertex 30.05 17.5 1.5005
    endloop
  endfacet
  facet normal 0.904117 -0 0.427284
    outer loop
      vertex 27.2146 -17.9334 7.5
      vertex 30.0034 -14.3448 1.599
      vertex 27.2146 17.9334 7.5
    endloop
  endfacet
  facet normal 0.904117 0 0.427284
    outer loop
      vertex 30.0034 -14.3448 1.599
      vertex 27.2146 -17.9334 7.5
      vertex 30.0034 -17.5071 1.599
    endloop
  endfacet
  facet normal 0.903943 0 0.427652
    outer loop
      vertex 30.05 17.5 1.5005
      vertex 30.0034 -14.3448 1.599
      vertex 30.05 -14.3786 1.5005
    endloop
  endfacet
  facet normal 0.904117 0 0.427285
    outer loop
      vertex 5.42557 -20.4945 53.6045
      vertex 8.15025 -20.8474 47.8392
      vertex 8.15025 -20.4945 47.8392
    endloop
  endfacet
  facet normal 0.904118 3.41397e-05 0.427284
    outer loop
      vertex 5.42557 -20.4945 53.6045
      vertex 4.5918 -21.3913 55.3688
      vertex 8.15025 -20.8474 47.8392
    endloop
  endfacet
  facet normal 0.904127 -1.39567e-05 0.427264
    outer loop
      vertex 5.32893 -20.4511 53.809
      vertex 4.5918 -21.3913 55.3688
      vertex 5.42557 -20.4945 53.6045
    endloop
  endfacet
  facet normal 0.904127 -1.2396e-05 0.427265
    outer loop
      vertex 5.23867 -20.366 54
      vertex 4.5918 -21.3913 55.3688
      vertex 5.32893 -20.4511 53.809
    endloop
  endfacet
  facet normal 0.904106 5.94623e-05 0.427309
    outer loop
      vertex 5.15874 -20.2431 54.1691
      vertex 4.5918 -21.3913 55.3688
      vertex 5.23867 -20.366 54
    endloop
  endfacet
  facet normal 0.90413 -7.13774e-06 0.427256
    outer loop
      vertex 5.09263 -20.0878 54.309
      vertex 4.5918 -21.3913 55.3688
      vertex 5.15874 -20.2431 54.1691
    endloop
  endfacet
  facet normal 0.904104 4.7899e-05 0.427312
    outer loop
      vertex 5.04323 -19.9067 54.4135
      vertex 4.5918 -21.3913 55.3688
      vertex 5.09263 -20.0878 54.309
    endloop
  endfacet
  facet normal 0.904128 9.2716e-06 0.427263
    outer loop
      vertex 5.0127 -19.7079 54.4781
      vertex 4.5918 -21.3913 55.3688
      vertex 5.04323 -19.9067 54.4135
    endloop
  endfacet
  facet normal 0.904184 -6.8326e-05 0.427143
    outer loop
      vertex 5.00237 -19.5 54.5
      vertex 4.5918 -21.3913 55.3688
      vertex 5.0127 -19.7079 54.4781
    endloop
  endfacet
  facet normal 0.904127 0 0.427264
    outer loop
      vertex 4.5918 -21.3913 55.3688
      vertex 5.00237 -19.5 54.5
      vertex 5.00237 -19.3327 54.5
    endloop
  endfacet
  facet normal 0.904123 8.8197e-05 0.427273
    outer loop
      vertex 4.45512 21.3203 55.658
      vertex 5.00237 21.3285 54.5
      vertex 4.44306 21.414 55.6835
    endloop
  endfacet
  facet normal 0.904123 0 0.427272
    outer loop
      vertex 5.00237 21.3285 54.5
      vertex 4.45512 21.3203 55.658
      vertex 5.00237 16.5489 54.5
    endloop
  endfacet
  facet normal 0.442259 -0.884543 0.148292
    outer loop
      vertex 23.9404 -22.1256 1.5005
      vertex 24.9 -21.6293 1.599
      vertex 24.111 -21.8303 2.75314
    endloop
  endfacet
  facet normal 0.442144 -0.884472 0.149058
    outer loop
      vertex 24.9 -21.6293 1.599
      vertex 23.9404 -22.1256 1.5005
      vertex 24.9 -21.6459 1.5005
    endloop
  endfacet
  facet normal 0.442277 -0.884526 0.148339
    outer loop
      vertex 4.251 -23.0596 54.6346
      vertex 8.15025 -28.6792 9.5
      vertex 8.15025 -22.5267 46.1865
    endloop
  endfacet
  facet normal 0.442267 -0.884531 0.14834
    outer loop
      vertex 18.6214 -24.2823 4.499
      vertex 24.5196 -20.4945 9.5
      vertex 8.15025 -28.6792 9.5
    endloop
  endfacet
  facet normal 0.44226 -0.884533 0.14835
    outer loop
      vertex 24.5196 -20.4945 9.5
      vertex 18.6214 -24.2823 4.499
      vertex 24.8901 -20.4945 8.39547
    endloop
  endfacet
  facet normal 0.442273 -0.88453 0.148326
    outer loop
      vertex 24.2245 -21.4807 4.499
      vertex 24.8901 -20.4945 8.39547
      vertex 18.6214 -24.2823 4.499
    endloop
  endfacet
  facet normal 0.442043 -0.884634 0.148391
    outer loop
      vertex 24.8901 -20.4945 8.39547
      vertex 24.2245 -21.4807 4.499
      vertex 25.0456 -20.4511 8.19098
    endloop
  endfacet
  facet normal 0.442457 -0.884451 0.148248
    outer loop
      vertex 25.0456 -20.4511 8.19098
      vertex 24.2245 -21.4807 4.499
      vertex 25.2797 -20.366 8
    endloop
  endfacet
  facet normal 0.442292 -0.884522 0.148321
    outer loop
      vertex 25.2797 -20.366 8
      vertex 24.2245 -21.4807 4.499
      vertex 25.5822 -20.2431 7.83087
    endloop
  endfacet
  facet normal 0.442605 -0.884361 0.148347
    outer loop
      vertex 8.775 -29.7084 1.5005
      vertex 8.15025 -28.6792 9.5
      vertex 4.251 -23.0596 54.6346
    endloop
  endfacet
  facet normal 0.442268 -0.88453 0.148342
    outer loop
      vertex 8.775 -29.7084 1.5005
      vertex 18.6214 -24.2823 4.499
      vertex 8.15025 -28.6792 9.5
    endloop
  endfacet
  facet normal 0.442269 -0.88453 0.148337
    outer loop
      vertex 18.6214 -24.2823 4.499
      vertex 8.775 -29.7084 1.5005
      vertex 19.3271 -24.4323 1.5005
    endloop
  endfacet
  facet normal 0.442161 -0.884575 0.148394
    outer loop
      vertex 25.5822 -20.2431 7.83087
      vertex 24.2245 -21.4807 4.499
      vertex 25.9129 -20.0995 7.7015
    endloop
  endfacet
  facet normal 0.442342 -0.88449 0.148358
    outer loop
      vertex 24.9 -21.6293 1.599
      vertex 24.2245 -21.4807 4.499
      vertex 24.111 -21.8303 2.75314
    endloop
  endfacet
  facet normal 0.442257 -0.884536 0.14834
    outer loop
      vertex 24.2245 -21.4807 4.499
      vertex 24.9 -21.6293 1.599
      vertex 28.7295 -19.7146 1.599
    endloop
  endfacet
  facet normal 0.442252 -0.88454 0.148331
    outer loop
      vertex 24.2245 -21.4807 4.499
      vertex 28.7295 -19.7146 1.599
      vertex 25.9129 -20.0995 7.7015
    endloop
  endfacet
  facet normal 0 -0.99149 0.130181
    outer loop
      vertex 7.76655 -30.036 1.5005
      vertex -0.750999 -23.0596 54.6346
      vertex -7.76655 -30.036 1.5005
    endloop
  endfacet
  facet normal 0 -0.99149 0.130181
    outer loop
      vertex -0.750999 -23.0596 54.6346
      vertex 7.76655 -30.036 1.5005
      vertex 4.251 -23.0596 54.6346
    endloop
  endfacet
  facet normal -0.743098 0.669182 0
    outer loop
      vertex -29.563 18.9989 -1.5005
      vertex -29.2063 19.395 1.5005
      vertex -29.2063 19.395 -1.5005
    endloop
  endfacet
  facet normal -0.743098 0.669182 0
    outer loop
      vertex -29.2063 19.395 1.5005
      vertex -29.563 18.9989 -1.5005
      vertex -29.563 18.9989 1.5005
    endloop
  endfacet
  facet normal -0.796006 -0.459484 0.394015
    outer loop
      vertex -0.788233 -22.7418 55.2678
      vertex -11.1655 -21.239 36.0557
      vertex -12.3412 -21.239 33.6805
    endloop
  endfacet
  facet normal -0.764461 -0.526712 0.371717
    outer loop
      vertex -11.1655 -21.239 36.0557
      vertex -0.788233 -22.7418 55.2678
      vertex -0.788383 -22.7413 55.2682
    endloop
  endfacet
  facet normal -0.796002 -0.459498 0.394008
    outer loop
      vertex -29.5103 -19.0057 1.599
      vertex -24.2885 -19.3393 11.7594
      vertex -29.7763 -18.5449 1.599
    endloop
  endfacet
  facet normal -0.795961 -0.459591 0.393983
    outer loop
      vertex -29.5103 -19.0057 1.599
      vertex -24.083 -19.6658 11.7937
      vertex -24.2885 -19.3393 11.7594
    endloop
  endfacet
  facet normal -0.795957 -0.4596 0.393981
    outer loop
      vertex -24.083 -19.6658 11.7937
      vertex -29.5103 -19.0057 1.599
      vertex -24.0455 -19.7166 11.8102
    endloop
  endfacet
  facet normal 0 -0.951085 0.308928
    outer loop
      vertex -0.750999 -23.0596 54.6346
      vertex 4.251 -22.9401 55.0025
      vertex -0.750999 -22.9401 55.0025
    endloop
  endfacet
  facet normal 0 -0.951085 0.308928
    outer loop
      vertex 4.251 -22.9401 55.0025
      vertex -0.750999 -23.0596 54.6346
      vertex 4.251 -23.0596 54.6346
    endloop
  endfacet
  facet normal 0.766136 -0.556501 0.321468
    outer loop
      vertex 4.251 -22.9401 55.0025
      vertex 8.15025 -22.1693 47.044
      vertex 4.29445 -22.7402 55.245
    endloop
  endfacet
  facet normal 0.766009 -0.556725 0.321384
    outer loop
      vertex 8.15025 -22.1693 47.044
      vertex 4.251 -22.9401 55.0025
      vertex 8.15025 -22.3329 46.7606
    endloop
  endfacet
  facet normal 0.758713 -0.569035 0.317101
    outer loop
      vertex 26.7423 -19.4165 7.5
      vertex 29.5164 -19.0061 1.599
      vertex 29.5167 -19.0057 1.599
    endloop
  endfacet
  facet normal 0.765504 -0.557589 0.32109
    outer loop
      vertex 29.5164 -19.0061 1.599
      vertex 26.7423 -19.4165 7.5
      vertex 26.7246 -19.4408 7.5
    endloop
  endfacet
  facet normal 0.803304 -0.486439 0.343627
    outer loop
      vertex 4.29445 -22.7402 55.245
      vertex 8.15025 -22.105 47.1304
      vertex 4.29466 -22.7395 55.2455
    endloop
  endfacet
  facet normal 0.811478 -0.468805 0.348891
    outer loop
      vertex 8.15025 -22.105 47.1304
      vertex 4.29445 -22.7402 55.245
      vertex 8.15025 -22.1693 47.044
    endloop
  endfacet
  facet normal 0.811615 -0.46851 0.34897
    outer loop
      vertex 26.9791 -19.0063 7.5
      vertex 29.5167 -19.0057 1.599
      vertex 29.7827 -18.5449 1.599
    endloop
  endfacet
  facet normal 0.811608 -0.468524 0.348967
    outer loop
      vertex 29.5167 -19.0057 1.599
      vertex 26.9791 -19.0063 7.5
      vertex 26.7423 -19.4165 7.5
    endloop
  endfacet
  facet normal -0.573103 -0.779399 0.253162
    outer loop
      vertex -14.4047 -21.239 29.3306
      vertex -0.750999 -23.0596 54.6346
      vertex -0.750999 -22.9401 55.0025
    endloop
  endfacet
  facet normal -0.573142 -0.779362 0.253185
    outer loop
      vertex -0.750999 -23.0596 54.6346
      vertex -14.4047 -21.239 29.3306
      vertex -14.8874 -21.239 28.2379
    endloop
  endfacet
  facet normal -0.579823 -0.773097 0.257152
    outer loop
      vertex -29.1535 -19.4018 1.599
      vertex -23.656 -20.0865 11.9362
      vertex -29.1539 -19.4015 1.599
    endloop
  endfacet
  facet normal -0.573036 -0.779461 0.253122
    outer loop
      vertex -23.656 -20.0865 11.9362
      vertex -29.1535 -19.4018 1.599
      vertex -23.6085 -20.1159 11.9532
    endloop
  endfacet
  facet normal -0.87973 0.0988324 0.465088
    outer loop
      vertex -24.4956 18.7431 11.75
      vertex -29.9943 18.0302 1.5005
      vertex -24.5037 18.671 11.75
    endloop
  endfacet
  facet normal -0.879758 0.0980341 0.465204
    outer loop
      vertex -2.65184 21.2215 52.5415
      vertex -0.90418 21.6146 55.7637
      vertex -0.899233 21.6533 55.7649
    endloop
  endfacet
  facet normal -0.879725 0.0989289 0.465078
    outer loop
      vertex -2.69346 21.239 52.4591
      vertex -0.877099 21.8053 55.7744
      vertex -5.24479 21.239 47.6331
    endloop
  endfacet
  facet normal -0.879737 0.0982036 0.465209
    outer loop
      vertex -2.65184 21.2215 52.5415
      vertex -0.877099 21.8053 55.7744
      vertex -2.69346 21.239 52.4591
    endloop
  endfacet
  facet normal -0.879726 0.0990386 0.465052
    outer loop
      vertex -0.877099 21.8053 55.7744
      vertex -2.65184 21.2215 52.5415
      vertex -0.899233 21.6533 55.7649
    endloop
  endfacet
  facet normal -0.879729 0.0988384 0.46509
    outer loop
      vertex -0.90418 21.6146 55.7637
      vertex -2.65184 21.2215 52.5415
      vertex -0.908941 21.5774 55.7626
    endloop
  endfacet
  facet normal -0.879723 0.0989807 0.465071
    outer loop
      vertex -0.908941 21.5774 55.7626
      vertex -2.65184 21.2215 52.5415
      vertex -0.926853 21.4229 55.7616
    endloop
  endfacet
  facet normal -0.5731 0.779401 0.253162
    outer loop
      vertex -0.750999 23.0596 54.6346
      vertex -11.25 21.6321 35.2621
      vertex -0.750999 22.9401 55.0025
    endloop
  endfacet
  facet normal -0.573137 0.779366 0.253185
    outer loop
      vertex -11.25 21.6321 35.2621
      vertex -0.750999 23.0596 54.6346
      vertex -11.25 21.7075 35.03
    endloop
  endfacet
  facet normal -0.573036 0.77946 0.253124
    outer loop
      vertex -23.6085 20.1159 11.9532
      vertex -29.2063 19.395 1.5005
      vertex -23.656 20.0865 11.9362
    endloop
  endfacet
  facet normal 0.574072 0.790036 0.215135
    outer loop
      vertex 28.775 19.7084 1.5005
      vertex 26.3885 19.8088 7.5
      vertex 29.2063 19.395 1.5005
    endloop
  endfacet
  facet normal 0.574056 0.79005 0.215129
    outer loop
      vertex 26.3885 19.8088 7.5
      vertex 28.775 19.7084 1.5005
      vertex 26.0059 20.0868 7.5
    endloop
  endfacet
  facet normal 0.577591 0.786968 0.216956
    outer loop
      vertex 4.31314 23.0511 54.5
      vertex 4.251 23.0596 54.6346
      vertex 4.31423 23.0503 54.5
    endloop
  endfacet
  facet normal 0 0.99149 0.130181
    outer loop
      vertex 4.97409 24.4945 43.7058
      vertex 7.76655 30.036 1.5005
      vertex 4.25025 24.4945 43.7058
    endloop
  endfacet
  facet normal -0 0.991559 0.129654
    outer loop
      vertex 4.25025 23.0772 54.5
      vertex 4.251 23.0596 54.6346
      vertex 4.25991 23.0772 54.5
    endloop
  endfacet
  facet normal 0 0.991559 0.129654
    outer loop
      vertex 4.251 23.0596 54.6346
      vertex 4.25025 23.0772 54.5
      vertex -0.750999 23.0596 54.6346
    endloop
  endfacet
  facet normal 1.45214e-05 0.99149 0.130185
    outer loop
      vertex 4.25025 24.4945 43.7058
      vertex -0.750999 23.0596 54.6346
      vertex 4.25025 23.0772 54.5
    endloop
  endfacet
  facet normal -0 0.99149 0.130181
    outer loop
      vertex -7.76655 30.036 1.5005
      vertex 4.25025 24.4945 43.7058
      vertex 7.76655 30.036 1.5005
    endloop
  endfacet
  facet normal 4.51786e-06 0.99149 0.13018
    outer loop
      vertex 4.25025 24.4945 43.7058
      vertex -7.76655 30.036 1.5005
      vertex -0.750999 23.0596 54.6346
    endloop
  endfacet
  facet normal -0.447217 -0.894425 0
    outer loop
      vertex -19.3271 -24.4323 -1.5005
      vertex -8.775 -29.7084 1.5005
      vertex -19.3271 -24.4323 1.5005
    endloop
  endfacet
  facet normal -0.447217 -0.894425 -0
    outer loop
      vertex -8.775 -29.7084 1.5005
      vertex -19.3271 -24.4323 -1.5005
      vertex -8.775 -29.7084 -1.5005
    endloop
  endfacet
  facet normal -0.447139 -0.894464 0
    outer loop
      vertex -24.9 -21.6459 -1.5005
      vertex -23.9404 -22.1256 1.5005
      vertex -24.9 -21.6459 1.5005
    endloop
  endfacet
  facet normal -0.447139 -0.894464 -0
    outer loop
      vertex -23.9404 -22.1256 1.5005
      vertex -24.9 -21.6459 -1.5005
      vertex -23.9404 -22.1256 -1.5005
    endloop
  endfacet
  facet normal 0.406688 0.913567 -0
    outer loop
      vertex 8.775 29.7084 -1.5005
      vertex 8.28799 29.9252 1.5005
      vertex 8.775 29.7084 1.5005
    endloop
  endfacet
  facet normal 0.406688 0.913567 0
    outer loop
      vertex 8.28799 29.9252 1.5005
      vertex 8.775 29.7084 -1.5005
      vertex 8.28799 29.9252 -1.5005
    endloop
  endfacet
  facet normal -0.880988 0 0.473139
    outer loop
      vertex -30.05 17.5 1.5005
      vertex -30.05 -14.3786 1.5005
      vertex -29.9971 -14.3402 1.599
    endloop
  endfacet
  facet normal -0.881111 -9.1831e-07 0.472909
    outer loop
      vertex -29.9971 -14.3402 1.599
      vertex -24.5489 18.2404 11.75
      vertex -30.05 17.5 1.5005
    endloop
  endfacet
  facet normal -0.881112 0 0.472907
    outer loop
      vertex -24.5489 -18.2404 11.75
      vertex -29.9971 -14.3402 1.599
      vertex -29.9971 -17.5071 1.599
    endloop
  endfacet
  facet normal -0.881112 0 0.472907
    outer loop
      vertex -29.9971 -14.3402 1.599
      vertex -24.5489 -18.2404 11.75
      vertex -24.5489 18.2404 11.75
    endloop
  endfacet
  facet normal -0.881106 0 0.472918
    outer loop
      vertex -1.73848 -19.25 54.25
      vertex -1.06472 -21.4012 55.5053
      vertex -1.73848 -17.7527 54.25
    endloop
  endfacet
  facet normal -0.8811 8.61988e-06 0.47293
    outer loop
      vertex -1.76194 -19.6658 54.2063
      vertex -1.06472 -21.4012 55.5053
      vertex -1.73848 -19.25 54.25
    endloop
  endfacet
  facet normal -0.881102 5.73981e-06 0.472927
    outer loop
      vertex -1.83129 -20.0635 54.0771
      vertex -1.06472 -21.4012 55.5053
      vertex -1.76194 -19.6658 54.2063
    endloop
  endfacet
  facet normal -0.881124 -5.05842e-05 0.472886
    outer loop
      vertex -1.94349 -20.4256 53.868
      vertex -1.06472 -21.4012 55.5053
      vertex -1.83129 -20.0635 54.0771
    endloop
  endfacet
  facet normal -0.881093 7.32744e-05 0.472943
    outer loop
      vertex -2.09365 -20.7363 53.5883
      vertex -1.06472 -21.4012 55.5053
      vertex -1.94349 -20.4256 53.868
    endloop
  endfacet
  facet normal -0.881114 -7.0481e-05 0.472904
    outer loop
      vertex -2.2752 -20.982 53.25
      vertex -1.06472 -21.4012 55.5053
      vertex -2.09365 -20.7363 53.5883
    endloop
  endfacet
  facet normal -0.881114 -7.17954e-05 0.472904
    outer loop
      vertex -2.48021 -21.1521 52.868
      vertex -1.06472 -21.4012 55.5053
      vertex -2.2752 -20.982 53.25
    endloop
  endfacet
  facet normal -0.881109 5.82059e-05 0.472914
    outer loop
      vertex -1.06472 -21.4012 55.5053
      vertex -2.48021 -21.1521 52.868
      vertex -2.59051 -21.1958 52.6625
    endloop
  endfacet
  facet normal -0.88111 -7.00613e-05 0.472912
    outer loop
      vertex -2.48021 21.1521 52.868
      vertex -0.927224 21.4197 55.7615
      vertex -2.59051 21.1958 52.6625
    endloop
  endfacet
  facet normal -0.881115 6.55447e-05 0.472902
    outer loop
      vertex -2.2752 20.982 53.25
      vertex -0.927224 21.4197 55.7615
      vertex -2.48021 21.1521 52.868
    endloop
  endfacet
  facet normal -0.881115 6.61638e-05 0.472902
    outer loop
      vertex -2.09365 20.7363 53.5883
      vertex -0.927224 21.4197 55.7615
      vertex -2.2752 20.982 53.25
    endloop
  endfacet
  facet normal -0.881126 0.000151077 0.472881
    outer loop
      vertex -0.927224 21.4197 55.7615
      vertex -2.09365 20.7363 53.5883
      vertex -0.948561 21.2396 55.7218
    endloop
  endfacet
  facet normal -0.881102 -9.31552e-05 0.472926
    outer loop
      vertex -1.94349 20.4256 53.868
      vertex -0.948561 21.2396 55.7218
      vertex -2.09365 20.7363 53.5883
    endloop
  endfacet
  facet normal -0.881128 4.53344e-05 0.472879
    outer loop
      vertex -1.83129 20.0635 54.0771
      vertex -0.948561 21.2396 55.7218
      vertex -1.94349 20.4256 53.868
    endloop
  endfacet
  facet normal -0.88111 -1.24159e-05 0.472911
    outer loop
      vertex -1.76194 19.6658 54.2063
      vertex -0.948561 21.2396 55.7218
      vertex -1.83129 20.0635 54.0771
    endloop
  endfacet
  facet normal -0.881111 -1.13054e-05 0.47291
    outer loop
      vertex -1.73848 19.25 54.25
      vertex -0.948561 21.2396 55.7218
      vertex -1.76194 19.6658 54.2063
    endloop
  endfacet
  facet normal -0.881117 0 0.472898
    outer loop
      vertex -0.948561 21.2396 55.7218
      vertex -1.73848 19.25 54.25
      vertex -1.73848 13.8011 54.25
    endloop
  endfacet
  facet normal -0.207848 -0.978161 0
    outer loop
      vertex -8.28799 -29.9252 -1.5005
      vertex -7.76655 -30.036 1.5005
      vertex -8.28799 -29.9252 1.5005
    endloop
  endfacet
  facet normal -0.207848 -0.978161 -0
    outer loop
      vertex -7.76655 -30.036 1.5005
      vertex -8.28799 -29.9252 -1.5005
      vertex -7.76655 -30.036 -1.5005
    endloop
  endfacet
  facet normal -0.701248 -0.631354 0.331126
    outer loop
      vertex -13.1862 -21.239 31.9111
      vertex -14.4047 -21.239 29.3306
      vertex -0.750999 -22.9401 55.0025
    endloop
  endfacet
  facet normal -0.70124 -0.631364 0.331123
    outer loop
      vertex -29.1539 -19.4015 1.599
      vertex -24.0035 -19.7593 11.8241
      vertex -29.5099 -19.0061 1.599
    endloop
  endfacet
  facet normal -0.701281 -0.631306 0.331146
    outer loop
      vertex -29.1539 -19.4015 1.599
      vertex -23.683 -20.0635 11.9229
      vertex -24.0035 -19.7593 11.8241
    endloop
  endfacet
  facet normal -0.701082 -0.631592 0.331022
    outer loop
      vertex -23.683 -20.0635 11.9229
      vertex -29.1539 -19.4015 1.599
      vertex -23.656 -20.0865 11.9362
    endloop
  endfacet
  facet normal -0.723051 -0.5983 0.345302
    outer loop
      vertex -0.750999 -22.9401 55.0025
      vertex -12.3412 -21.239 33.6805
      vertex -13.1862 -21.239 31.9111
    endloop
  endfacet
  facet normal -0.723262 -0.597964 0.345444
    outer loop
      vertex -12.3412 -21.239 33.6805
      vertex -0.750999 -22.9401 55.0025
      vertex -0.788233 -22.7418 55.2678
    endloop
  endfacet
  facet normal -0.671649 -0.671649 0.312691
    outer loop
      vertex -29.5099 -19.0061 1.599
      vertex -24.0455 -19.7166 11.8102
      vertex -29.5103 -19.0057 1.599
    endloop
  endfacet
  facet normal -0.722842 -0.598631 0.345167
    outer loop
      vertex -24.0455 -19.7166 11.8102
      vertex -29.5099 -19.0061 1.599
      vertex -24.0035 -19.7593 11.8241
    endloop
  endfacet
  facet normal 0.711276 -0.640614 0.28931
    outer loop
      vertex 8.15025 -22.3329 46.7606
      vertex 4.251 -22.9401 55.0025
      vertex 8.15025 -22.3861 46.6428
    endloop
  endfacet
  facet normal 0.711289 -0.640592 0.289326
    outer loop
      vertex 26.7246 -19.4408 7.5
      vertex 29.1603 -19.4015 1.599
      vertex 29.5164 -19.0061 1.599
    endloop
  endfacet
  facet normal 0.711376 -0.640479 0.289363
    outer loop
      vertex 26.6713 -19.5 7.5
      vertex 29.1603 -19.4015 1.599
      vertex 26.7246 -19.4408 7.5
    endloop
  endfacet
  facet normal 0.711327 -0.640544 0.289341
    outer loop
      vertex 26.4752 -19.7079 7.52185
      vertex 29.1603 -19.4015 1.599
      vertex 26.6713 -19.5 7.5
    endloop
  endfacet
  facet normal 0.711592 -0.640186 0.289479
    outer loop
      vertex 29.1603 -19.4015 1.599
      vertex 26.4752 -19.7079 7.52185
      vertex 26.3844 -19.7959 7.55044
    endloop
  endfacet
  facet normal 0 -0.865975 0.500088
    outer loop
      vertex -0.750999 -22.9401 55.0025
      vertex 4.251 -22.7467 55.3374
      vertex -0.750999 -22.7467 55.3374
    endloop
  endfacet
  facet normal 0 -0.865975 0.500088
    outer loop
      vertex 4.251 -22.7467 55.3374
      vertex -0.750999 -22.9401 55.0025
      vertex 4.251 -22.9401 55.0025
    endloop
  endfacet
  facet normal 0.874396 -0.285402 0.392398
    outer loop
      vertex 4.42063 -22.2495 55.42
      vertex 8.15025 -21.6204 47.5667
      vertex 4.44088 -22.148 55.4487
    endloop
  endfacet
  facet normal 0.874474 -0.285077 0.392461
    outer loop
      vertex 4.37053 -22.4694 55.3719
      vertex 8.15025 -21.6204 47.5667
      vertex 4.42063 -22.2495 55.42
    endloop
  endfacet
  facet normal 0.874456 -0.285158 0.392443
    outer loop
      vertex 8.15025 -21.6204 47.5667
      vertex 4.37053 -22.4694 55.3719
      vertex 8.15025 -21.8856 47.374
    endloop
  endfacet
  facet normal 0.873007 -0.291002 0.391376
    outer loop
      vertex 27.0061 -18.9387 7.5
      vertex 29.783 -18.5444 1.599
      vertex 29.7832 -18.5438 1.599
    endloop
  endfacet
  facet normal 0.874291 -0.285826 0.392326
    outer loop
      vertex 29.783 -18.5444 1.599
      vertex 27.0061 -18.9387 7.5
      vertex 26.9942 -18.9751 7.5
    endloop
  endfacet
  facet normal -0.868917 -0.201338 0.452157
    outer loop
      vertex -0.926409 -22.1501 55.5261
      vertex -5.24479 -21.239 47.6331
      vertex -7.35452 -21.239 43.5788
    endloop
  endfacet
  facet normal -0.86892 -0.201313 0.452162
    outer loop
      vertex -5.24479 -21.239 47.6331
      vertex -0.926409 -22.1501 55.5261
      vertex -0.992856 -21.7903 55.5586
    endloop
  endfacet
  facet normal -0.87785 -0.125407 0.462225
    outer loop
      vertex -29.9413 -18.0377 1.599
      vertex -24.4956 -18.7431 11.75
      vertex -29.9414 -18.037 1.599
    endloop
  endfacet
  facet normal -0.868952 -0.201111 0.452191
    outer loop
      vertex -24.4956 -18.7431 11.75
      vertex -29.9413 -18.0377 1.599
      vertex -24.4797 -18.8118 11.75
    endloop
  endfacet
  facet normal -0.88011 0.092385 0.465694
    outer loop
      vertex -29.9943 18.0302 1.5005
      vertex -24.5489 18.2404 11.75
      vertex -24.5037 18.671 11.75
    endloop
  endfacet
  facet normal -0.880105 0.0924591 0.46569
    outer loop
      vertex -24.5489 18.2404 11.75
      vertex -29.9943 18.0302 1.5005
      vertex -30.05 17.5 1.5005
    endloop
  endfacet
  facet normal -0.880116 0.092301 0.4657
    outer loop
      vertex -2.59051 21.1958 52.6625
      vertex -0.926853 21.4229 55.7616
      vertex -2.65184 21.2215 52.5415
    endloop
  endfacet
  facet normal -0.880353 0.0874978 0.466179
    outer loop
      vertex -0.926853 21.4229 55.7616
      vertex -2.59051 21.1958 52.6625
      vertex -0.927224 21.4197 55.7615
    endloop
  endfacet
  facet normal -0.568969 0.783216 0.250693
    outer loop
      vertex -28.775 19.7084 1.5005
      vertex -23.6085 20.1159 11.9532
      vertex -23.1825 20.3771 12.104
    endloop
  endfacet
  facet normal -0.569058 0.783136 0.25074
    outer loop
      vertex -23.6085 20.1159 11.9532
      vertex -28.775 19.7084 1.5005
      vertex -29.2063 19.395 1.5005
    endloop
  endfacet
  facet normal -0.569068 0.783127 0.250746
    outer loop
      vertex -11.25 21.8041 34.7283
      vertex -11.25 21.7075 35.03
      vertex -0.750999 23.0596 54.6346
    endloop
  endfacet
  facet normal -0.569243 0.782982 0.250801
    outer loop
      vertex -15.3203 21.3173 27.011
      vertex -15.9749 21.239 25.7697
      vertex -15.428 21.239 27.011
    endloop
  endfacet
  facet normal 0.978198 -0.200531 -0.0539965
    outer loop
      vertex -0.786433 22.402 55.6178
      vertex -0.788986 22.3882 55.6228
      vertex -0.78773 22.395 55.6203
    endloop
  endfacet
  facet normal -0.845838 0.313577 0.43154
    outer loop
      vertex -8.23246 21.239 41.8683
      vertex -0.750999 22.4879 55.6248
      vertex -9.94293 21.239 38.5157
    endloop
  endfacet
  facet normal -0.845799 0.313731 0.431505
    outer loop
      vertex -0.750999 22.4879 55.6248
      vertex -8.23246 21.239 41.8683
      vertex -0.786433 22.402 55.6178
    endloop
  endfacet
  facet normal -0.846007 0.312919 0.431686
    outer loop
      vertex -0.786433 22.402 55.6178
      vertex -8.23246 21.239 41.8683
      vertex -0.788986 22.3882 55.6228
    endloop
  endfacet
  facet normal -0.845862 0.313486 0.43156
    outer loop
      vertex -0.788986 22.3882 55.6228
      vertex -8.23246 21.239 41.8683
      vertex -0.821466 22.1662 55.7204
    endloop
  endfacet
  facet normal -0.845348 0.315428 0.431151
    outer loop
      vertex -24.336 19.25 11.75
      vertex -29.8295 18.5372 1.5005
      vertex -24.346 19.2232 11.75
    endloop
  endfacet
  facet normal -0.845755 0.313889 0.431476
    outer loop
      vertex -29.8295 18.5372 1.5005
      vertex -24.336 19.25 11.75
      vertex -24.3209 19.2856 11.7537
    endloop
  endfacet
  facet normal -0.95102 0.309128 0
    outer loop
      vertex -29.9943 18.0302 -1.5005
      vertex -29.8295 18.5372 1.5005
      vertex -29.8295 18.5372 -1.5005
    endloop
  endfacet
  facet normal -0.95102 0.309128 0
    outer loop
      vertex -29.8295 18.5372 1.5005
      vertex -29.9943 18.0302 -1.5005
      vertex -29.9943 18.0302 1.5005
    endloop
  endfacet
  facet normal -0.880116 -0.092303 0.4657
    outer loop
      vertex -1.06367 -21.4069 55.5062
      vertex -2.59051 -21.1958 52.6625
      vertex -2.65184 -21.2215 52.5415
    endloop
  endfacet
  facet normal -0.8803 -0.0885696 0.466076
    outer loop
      vertex -2.59051 -21.1958 52.6625
      vertex -1.06367 -21.4069 55.5062
      vertex -1.06472 -21.4012 55.5053
    endloop
  endfacet
  facet normal -0.880106 -0.0924676 0.465687
    outer loop
      vertex -29.9415 -18.0363 1.599
      vertex -24.5489 -18.2404 11.75
      vertex -29.9971 -17.5071 1.599
    endloop
  endfacet
  facet normal -0.880112 -0.0923851 0.465691
    outer loop
      vertex -24.5489 -18.2404 11.75
      vertex -29.9415 -18.0363 1.599
      vertex -24.5037 -18.671 11.75
    endloop
  endfacet
  facet normal -0.406688 -0.913567 0
    outer loop
      vertex -8.775 -29.7084 -1.5005
      vertex -8.28799 -29.9252 1.5005
      vertex -8.775 -29.7084 1.5005
    endloop
  endfacet
  facet normal -0.406688 -0.913567 -0
    outer loop
      vertex -8.28799 -29.9252 1.5005
      vertex -8.775 -29.7084 -1.5005
      vertex -8.28799 -29.9252 -1.5005
    endloop
  endfacet
  facet normal -0.587837 0.808979 0
    outer loop
      vertex -28.775 19.7084 -1.5005
      vertex -29.2063 19.395 1.5005
      vertex -28.775 19.7084 1.5005
    endloop
  endfacet
  facet normal -0.587837 0.808979 0
    outer loop
      vertex -29.2063 19.395 1.5005
      vertex -28.775 19.7084 -1.5005
      vertex -29.2063 19.395 -1.5005
    endloop
  endfacet
  facet normal -0.400551 -0.899779 0.17308
    outer loop
      vertex -0.750999 -23.0596 54.6346
      vertex -8.775 -29.7084 1.5005
      vertex -8.28799 -29.9252 1.5005
    endloop
  endfacet
  facet normal -0.569005 -0.783186 0.250706
    outer loop
      vertex -14.8874 -21.239 28.2379
      vertex -15.9749 -21.239 25.7697
      vertex -0.750999 -23.0596 54.6346
    endloop
  endfacet
  facet normal -0.569038 -0.783155 0.250726
    outer loop
      vertex -28.723 -19.7146 1.599
      vertex -23.6085 -20.1159 11.9532
      vertex -29.1535 -19.4018 1.599
    endloop
  endfacet
  facet normal -0.568968 -0.783218 0.250689
    outer loop
      vertex -23.6085 -20.1159 11.9532
      vertex -28.723 -19.7146 1.599
      vertex -23.1825 -20.3771 12.104
    endloop
  endfacet
  facet normal -0.80285 0.44298 0.399
    outer loop
      vertex -9.94293 21.239 38.5157
      vertex -0.750999 22.7467 55.3374
      vertex -11.1655 21.239 36.0557
    endloop
  endfacet
  facet normal -0.802816 0.443065 0.398974
    outer loop
      vertex -0.750999 22.7467 55.3374
      vertex -9.94293 21.239 38.5157
      vertex -0.750999 22.4879 55.6248
    endloop
  endfacet
  facet normal -0.803161 0.442213 0.399225
    outer loop
      vertex -24.2885 19.3393 11.7594
      vertex -29.8295 18.5372 1.5005
      vertex -24.3209 19.2856 11.7537
    endloop
  endfacet
  facet normal -0.795956 0.4596 0.393982
    outer loop
      vertex -29.563 18.9989 1.5005
      vertex -24.083 19.6658 11.7937
      vertex -24.0455 19.7166 11.8102
    endloop
  endfacet
  facet normal -0.79596 0.45959 0.393985
    outer loop
      vertex -29.563 18.9989 1.5005
      vertex -24.2885 19.3393 11.7594
      vertex -24.083 19.6658 11.7937
    endloop
  endfacet
  facet normal -0.796014 0.459471 0.394016
    outer loop
      vertex -24.2885 19.3393 11.7594
      vertex -29.563 18.9989 1.5005
      vertex -29.8295 18.5372 1.5005
    endloop
  endfacet
  facet normal -0.795983 0.459514 0.394028
    outer loop
      vertex -11.1655 21.239 36.0557
      vertex -11.25 21.381 35.7194
      vertex -11.25 21.239 35.885
    endloop
  endfacet
  facet normal -0.796012 0.459472 0.394017
    outer loop
      vertex -11.25 21.381 35.7194
      vertex -11.1655 21.239 36.0557
      vertex -0.750999 22.7467 55.3374
    endloop
  endfacet
  facet normal -0 0 -1
    outer loop
      vertex -24.4017 -20.9356 -1.5005
      vertex -24.9 -21.6459 -1.5005
      vertex -24.5 -20 -1.5005
    endloop
  endfacet
  facet normal 0 0 -1
    outer loop
      vertex -24.111 -21.8303 -1.5005
      vertex -24.9 -21.6459 -1.5005
      vertex -24.4017 -20.9356 -1.5005
    endloop
  endfacet
  facet normal 0 0 -1
    outer loop
      vertex -24.9 -21.6459 -1.5005
      vertex -24.111 -21.8303 -1.5005
      vertex -23.9404 -22.1256 -1.5005
    endloop
  endfacet
  facet normal 0 0 -1
    outer loop
      vertex 15.5983 -19.0644 -1.5005
      vertex 14.6202 18.8565 -1.5005
      vertex 14.9755 17.7629 -1.5005
    endloop
  endfacet
  facet normal 0 0 -1
    outer loop
      vertex 15.5983 -19.0644 -1.5005
      vertex 1.275 -17.7916 -1.5005
      vertex 14.6202 18.8565 -1.5005
    endloop
  endfacet
  facet normal 0 0 -1
    outer loop
      vertex 15.5983 -20.9356 -1.5005
      vertex 2.49428 -20.5302 -1.5005
      vertex 15.5 -20 -1.5005
    endloop
  endfacet
  facet normal 0 0 -1
    outer loop
      vertex 2.49428 -20.5302 -1.5005
      vertex 15.5983 -20.9356 -1.5005
      vertex 8.775 -29.7084 -1.5005
    endloop
  endfacet
  facet normal -0 0 -1
    outer loop
      vertex 15.889 -21.8303 -1.5005
      vertex 8.775 -29.7084 -1.5005
      vertex 15.5983 -20.9356 -1.5005
    endloop
  endfacet
  facet normal -0 0 -1
    outer loop
      vertex 16.3594 -22.645 -1.5005
      vertex 8.775 -29.7084 -1.5005
      vertex 15.889 -21.8303 -1.5005
    endloop
  endfacet
  facet normal -0 0 -1
    outer loop
      vertex 16.9889 -23.3442 -1.5005
      vertex 8.775 -29.7084 -1.5005
      vertex 16.3594 -22.645 -1.5005
    endloop
  endfacet
  facet normal -0 0 -1
    outer loop
      vertex 17.75 -23.8971 -1.5005
      vertex 8.775 -29.7084 -1.5005
      vertex 16.9889 -23.3442 -1.5005
    endloop
  endfacet
  facet normal -0 0 -1
    outer loop
      vertex 18.6094 -24.2798 -1.5005
      vertex 8.775 -29.7084 -1.5005
      vertex 17.75 -23.8971 -1.5005
    endloop
  endfacet
  facet normal 0 0 -1
    outer loop
      vertex 8.775 -29.7084 -1.5005
      vertex 18.6094 -24.2798 -1.5005
      vertex 19.3271 -24.4323 -1.5005
    endloop
  endfacet
  facet normal 0 0 -1
    outer loop
      vertex 22.3295 -8.96282 -1.5005
      vertex 25.9257 -14.3963 -1.5005
      vertex 22.4943 -9.46982 -1.5005
    endloop
  endfacet
  facet normal 0 0 -1
    outer loop
      vertex 25.9257 -14.3963 -1.5005
      vertex 22.4943 9.46982 -1.5005
      vertex 22.55 10 -1.5005
    endloop
  endfacet
  facet normal 0 0 -1
    outer loop
      vertex 22.3295 8.96282 -1.5005
      vertex 25.9257 -14.3963 -1.5005
      vertex 22.3295 -8.96282 -1.5005
    endloop
  endfacet
  facet normal 0 0 -1
    outer loop
      vertex 25.9257 -14.3963 -1.5005
      vertex 22.3295 8.96282 -1.5005
      vertex 22.4943 9.46982 -1.5005
    endloop
  endfacet
  facet normal 0 0 -1
    outer loop
      vertex 22.063 -8.50115 -1.5005
      vertex 22.3295 8.96282 -1.5005
      vertex 22.3295 -8.96282 -1.5005
    endloop
  endfacet
  facet normal 0 0 -1
    outer loop
      vertex 22.063 -8.50115 -1.5005
      vertex 22.063 8.50115 -1.5005
      vertex 22.3295 8.96282 -1.5005
    endloop
  endfacet
  facet normal 0 0 -1
    outer loop
      vertex 21.7063 -8.10498 -1.5005
      vertex 22.063 8.50115 -1.5005
      vertex 22.063 -8.50115 -1.5005
    endloop
  endfacet
  facet normal 0 0 -1
    outer loop
      vertex 21.7063 -8.10498 -1.5005
      vertex 21.7063 8.10498 -1.5005
      vertex 22.063 8.50115 -1.5005
    endloop
  endfacet
  facet normal 0 0 -1
    outer loop
      vertex 21.275 -7.79163 -1.5005
      vertex 21.7063 8.10498 -1.5005
      vertex 21.7063 -8.10498 -1.5005
    endloop
  endfacet
  facet normal 0 0 -1
    outer loop
      vertex 21.275 -7.79163 -1.5005
      vertex 21.275 7.79163 -1.5005
      vertex 21.7063 8.10498 -1.5005
    endloop
  endfacet
  facet normal 0 0 -1
    outer loop
      vertex 20.788 -7.57481 -1.5005
      vertex 21.275 7.79163 -1.5005
      vertex 21.275 -7.79163 -1.5005
    endloop
  endfacet
  facet normal 0 0 -1
    outer loop
      vertex 20.788 -7.57481 -1.5005
      vertex 20.788 7.57481 -1.5005
      vertex 21.275 7.79163 -1.5005
    endloop
  endfacet
  facet normal 0 0 -1
    outer loop
      vertex 20.2665 -7.46397 -1.5005
      vertex 20.788 7.57481 -1.5005
      vertex 20.788 -7.57481 -1.5005
    endloop
  endfacet
  facet normal 0 0 -1
    outer loop
      vertex 20.2665 -7.46397 -1.5005
      vertex 20.2665 7.46397 -1.5005
      vertex 20.788 7.57481 -1.5005
    endloop
  endfacet
  facet normal 0 0 -1
    outer loop
      vertex 19.7335 -7.46397 -1.5005
      vertex 20.2665 7.46397 -1.5005
      vertex 20.2665 -7.46397 -1.5005
    endloop
  endfacet
  facet normal 0 0 -1
    outer loop
      vertex 19.7335 -7.46397 -1.5005
      vertex 19.7335 7.46397 -1.5005
      vertex 20.2665 7.46397 -1.5005
    endloop
  endfacet
  facet normal 0 0 -1
    outer loop
      vertex 19.212 -7.57481 -1.5005
      vertex 19.7335 7.46397 -1.5005
      vertex 19.7335 -7.46397 -1.5005
    endloop
  endfacet
  facet normal 0 0 -1
    outer loop
      vertex 19.212 -7.57481 -1.5005
      vertex 19.212 7.57481 -1.5005
      vertex 19.7335 7.46397 -1.5005
    endloop
  endfacet
  facet normal 0 0 -1
    outer loop
      vertex 18.725 -7.79163 -1.5005
      vertex 19.212 7.57481 -1.5005
      vertex 19.212 -7.57481 -1.5005
    endloop
  endfacet
  facet normal 0 0 -1
    outer loop
      vertex 18.725 -7.79163 -1.5005
      vertex 18.725 7.79163 -1.5005
      vertex 19.212 7.57481 -1.5005
    endloop
  endfacet
  facet normal 0 0 -1
    outer loop
      vertex 18.2937 -8.10498 -1.5005
      vertex 18.725 7.79163 -1.5005
      vertex 18.725 -7.79163 -1.5005
    endloop
  endfacet
  facet normal 0 0 -1
    outer loop
      vertex 18.2937 -8.10498 -1.5005
      vertex 18.2937 8.10498 -1.5005
      vertex 18.725 7.79163 -1.5005
    endloop
  endfacet
  facet normal 0 0 -1
    outer loop
      vertex 17.937 -8.50115 -1.5005
      vertex 18.2937 8.10498 -1.5005
      vertex 18.2937 -8.10498 -1.5005
    endloop
  endfacet
  facet normal 0 0 -1
    outer loop
      vertex 17.937 -8.50115 -1.5005
      vertex 17.937 8.50115 -1.5005
      vertex 18.2937 8.10498 -1.5005
    endloop
  endfacet
  facet normal 0 0 -1
    outer loop
      vertex 17.6705 -8.96282 -1.5005
      vertex 17.937 8.50115 -1.5005
      vertex 17.937 -8.50115 -1.5005
    endloop
  endfacet
  facet normal 0 0 -1
    outer loop
      vertex 17.6705 -8.96282 -1.5005
      vertex 17.6705 8.96282 -1.5005
      vertex 17.937 8.50115 -1.5005
    endloop
  endfacet
  facet normal 0 0 -1
    outer loop
      vertex 17.5057 -9.46982 -1.5005
      vertex 17.6705 8.96282 -1.5005
      vertex 17.6705 -8.96282 -1.5005
    endloop
  endfacet
  facet normal 0 0 -1
    outer loop
      vertex 17.5057 -9.46982 -1.5005
      vertex 17.5057 9.46982 -1.5005
      vertex 17.6705 8.96282 -1.5005
    endloop
  endfacet
  facet normal 0 0 -1
    outer loop
      vertex 15.5983 -19.0644 -1.5005
      vertex 17.5057 -9.46982 -1.5005
      vertex 17.45 -10 -1.5005
    endloop
  endfacet
  facet normal 0 0 -1
    outer loop
      vertex 17.5057 -9.46982 -1.5005
      vertex 14.9755 17.7629 -1.5005
      vertex 17.5057 9.46982 -1.5005
    endloop
  endfacet
  facet normal 0 0 -1
    outer loop
      vertex 24.9 -21.6459 -1.5005
      vertex 24.5 -20 -1.5005
      vertex 24.9 -16.7 -1.5005
    endloop
  endfacet
  facet normal 0 0 -1
    outer loop
      vertex 24.9 -21.6459 -1.5005
      vertex 24.4017 -20.9356 -1.5005
      vertex 24.5 -20 -1.5005
    endloop
  endfacet
  facet normal -0 0 -1
    outer loop
      vertex 24.9 -21.6459 -1.5005
      vertex 24.111 -21.8303 -1.5005
      vertex 24.4017 -20.9356 -1.5005
    endloop
  endfacet
  facet normal 0 -0 -1
    outer loop
      vertex 24.111 -21.8303 -1.5005
      vertex 24.9 -21.6459 -1.5005
      vertex 23.9404 -22.1256 -1.5005
    endloop
  endfacet
  facet normal 0 0 -1
    outer loop
      vertex 22.063 -11.4989 -1.5005
      vertex 25.9257 -14.3963 -1.5005
      vertex 25.492 -14.8779 -1.5005
    endloop
  endfacet
  facet normal 0 0 -1
    outer loop
      vertex 25.9257 -14.3963 -1.5005
      vertex 25.3798 18.8565 -1.5005
      vertex 25.5 20 -1.5005
    endloop
  endfacet
  facet normal 0 0 -1
    outer loop
      vertex 22.25 -16.1029 -1.5005
      vertex 25.492 -14.8779 -1.5005
      vertex 25.168 -15.4391 -1.5005
    endloop
  endfacet
  facet normal 0 0 -1
    outer loop
      vertex 25.9257 -14.3963 -1.5005
      vertex 25.0245 17.7629 -1.5005
      vertex 25.3798 18.8565 -1.5005
    endloop
  endfacet
  facet normal 0 0 -1
    outer loop
      vertex 23.0111 -16.6558 -1.5005
      vertex 25.168 -15.4391 -1.5005
      vertex 24.9677 -16.0555 -1.5005
    endloop
  endfacet
  facet normal 0 0 -1
    outer loop
      vertex 23.0111 -16.6558 -1.5005
      vertex 24.9677 -16.0555 -1.5005
      vertex 24.9 -16.7 -1.5005
    endloop
  endfacet
  facet normal 0 0 -1
    outer loop
      vertex 24.4017 -19.0644 -1.5005
      vertex 24.9 -16.7 -1.5005
      vertex 24.5 -20 -1.5005
    endloop
  endfacet
  facet normal 0 0 -1
    outer loop
      vertex 24.111 -18.1697 -1.5005
      vertex 24.9 -16.7 -1.5005
      vertex 24.4017 -19.0644 -1.5005
    endloop
  endfacet
  facet normal 0 0 -1
    outer loop
      vertex 22.4943 -9.46982 -1.5005
      vertex 25.9257 -14.3963 -1.5005
      vertex 22.55 -10 -1.5005
    endloop
  endfacet
  facet normal 0 0 -1
    outer loop
      vertex 23.6406 -17.355 -1.5005
      vertex 24.9 -16.7 -1.5005
      vertex 24.111 -18.1697 -1.5005
    endloop
  endfacet
  facet normal 0 0 -1
    outer loop
      vertex 25.9257 -14.3963 -1.5005
      vertex 22.55 10 -1.5005
      vertex 25.0245 17.7629 -1.5005
    endloop
  endfacet
  facet normal 0 0 -1
    outer loop
      vertex 23.0111 -16.6558 -1.5005
      vertex 24.9 -16.7 -1.5005
      vertex 23.6406 -17.355 -1.5005
    endloop
  endfacet
  facet normal 0 0 -1
    outer loop
      vertex 25.168 -15.4391 -1.5005
      vertex 23.0111 -16.6558 -1.5005
      vertex 22.25 -16.1029 -1.5005
    endloop
  endfacet
  facet normal 0 0 -1
    outer loop
      vertex 25.0245 17.7629 -1.5005
      vertex 22.55 10 -1.5005
      vertex 24.4496 16.7672 -1.5005
    endloop
  endfacet
  facet normal 0 0 -1
    outer loop
      vertex 22.4943 10.5302 -1.5005
      vertex 24.4496 16.7672 -1.5005
      vertex 22.55 10 -1.5005
    endloop
  endfacet
  facet normal 0 0 -1
    outer loop
      vertex 25.9257 -14.3963 -1.5005
      vertex 22.4943 -10.5302 -1.5005
      vertex 22.55 -10 -1.5005
    endloop
  endfacet
  facet normal 0 0 -1
    outer loop
      vertex 25.9257 -14.3963 -1.5005
      vertex 22.3295 -11.0372 -1.5005
      vertex 22.4943 -10.5302 -1.5005
    endloop
  endfacet
  facet normal -0 0 -1
    outer loop
      vertex 25.492 -14.8779 -1.5005
      vertex 22.25 -16.1029 -1.5005
      vertex 21.7063 -11.895 -1.5005
    endloop
  endfacet
  facet normal 0 0 -1
    outer loop
      vertex 25.9257 -14.3963 -1.5005
      vertex 22.063 -11.4989 -1.5005
      vertex 22.3295 -11.0372 -1.5005
    endloop
  endfacet
  facet normal 0 0 -1
    outer loop
      vertex 25.492 -14.8779 -1.5005
      vertex 21.7063 -11.895 -1.5005
      vertex 22.063 -11.4989 -1.5005
    endloop
  endfacet
  facet normal 0 0 -1
    outer loop
      vertex 21.275 -12.2084 -1.5005
      vertex 22.25 -16.1029 -1.5005
      vertex 21.3906 -15.7202 -1.5005
    endloop
  endfacet
  facet normal 0 0 -1
    outer loop
      vertex 22.25 -16.1029 -1.5005
      vertex 21.275 -12.2084 -1.5005
      vertex 21.7063 -11.895 -1.5005
    endloop
  endfacet
  facet normal 0 0 -1
    outer loop
      vertex 21.3906 -15.7202 -1.5005
      vertex 20.788 -12.4252 -1.5005
      vertex 21.275 -12.2084 -1.5005
    endloop
  endfacet
  facet normal 0 0 -1
    outer loop
      vertex 20.4704 -15.5247 -1.5005
      vertex 20.788 -12.4252 -1.5005
      vertex 21.3906 -15.7202 -1.5005
    endloop
  endfacet
  facet normal 0 0 -1
    outer loop
      vertex 20.4704 -15.5247 -1.5005
      vertex 20.2665 -12.536 -1.5005
      vertex 20.788 -12.4252 -1.5005
    endloop
  endfacet
  facet normal 0 0 -1
    outer loop
      vertex 20.4704 -15.5247 -1.5005
      vertex 19.7335 -12.536 -1.5005
      vertex 20.2665 -12.536 -1.5005
    endloop
  endfacet
  facet normal 0 0 -1
    outer loop
      vertex 19.5296 -15.5247 -1.5005
      vertex 19.7335 -12.536 -1.5005
      vertex 20.4704 -15.5247 -1.5005
    endloop
  endfacet
  facet normal 0 0 -1
    outer loop
      vertex 19.5296 -15.5247 -1.5005
      vertex 19.212 -12.4252 -1.5005
      vertex 19.7335 -12.536 -1.5005
    endloop
  endfacet
  facet normal 0 0 -1
    outer loop
      vertex 18.6094 -15.7202 -1.5005
      vertex 19.212 -12.4252 -1.5005
      vertex 19.5296 -15.5247 -1.5005
    endloop
  endfacet
  facet normal -0 0 -1
    outer loop
      vertex 19.212 -12.4252 -1.5005
      vertex 18.6094 -15.7202 -1.5005
      vertex 18.725 -12.2084 -1.5005
    endloop
  endfacet
  facet normal 0 0 -1
    outer loop
      vertex 17.75 -16.1029 -1.5005
      vertex 18.725 -12.2084 -1.5005
      vertex 18.6094 -15.7202 -1.5005
    endloop
  endfacet
  facet normal -0 0 -1
    outer loop
      vertex 18.725 -12.2084 -1.5005
      vertex 17.75 -16.1029 -1.5005
      vertex 18.2937 -11.895 -1.5005
    endloop
  endfacet
  facet normal -0 0 -1
    outer loop
      vertex 18.2937 -11.895 -1.5005
      vertex 17.75 -16.1029 -1.5005
      vertex 17.937 -11.4989 -1.5005
    endloop
  endfacet
  facet normal 0 0 -1
    outer loop
      vertex 16.9889 -16.6558 -1.5005
      vertex 17.937 -11.4989 -1.5005
      vertex 17.75 -16.1029 -1.5005
    endloop
  endfacet
  facet normal -0 0 -1
    outer loop
      vertex 17.937 -11.4989 -1.5005
      vertex 16.9889 -16.6558 -1.5005
      vertex 17.6705 -11.0372 -1.5005
    endloop
  endfacet
  facet normal 0 0 -1
    outer loop
      vertex 16.3594 -17.355 -1.5005
      vertex 17.6705 -11.0372 -1.5005
      vertex 16.9889 -16.6558 -1.5005
    endloop
  endfacet
  facet normal 0 0 -1
    outer loop
      vertex 17.5057 9.46982 -1.5005
      vertex 14.9755 17.7629 -1.5005
      vertex 17.45 10 -1.5005
    endloop
  endfacet
  facet normal -0 0 -1
    outer loop
      vertex 17.6705 -11.0372 -1.5005
      vertex 16.3594 -17.355 -1.5005
      vertex 17.5057 -10.5302 -1.5005
    endloop
  endfacet
  facet normal 0 0 -1
    outer loop
      vertex 15.889 -18.1697 -1.5005
      vertex 17.5057 -10.5302 -1.5005
      vertex 16.3594 -17.355 -1.5005
    endloop
  endfacet
  facet normal -0 0 -1
    outer loop
      vertex 17.5057 -10.5302 -1.5005
      vertex 15.889 -18.1697 -1.5005
      vertex 17.45 -10 -1.5005
    endloop
  endfacet
  facet normal 0 0 -1
    outer loop
      vertex 17.45 10 -1.5005
      vertex 16.3198 15.9127 -1.5005
      vertex 17.25 15.2369 -1.5005
    endloop
  endfacet
  facet normal 0 0 -1
    outer loop
      vertex 15.5983 -19.0644 -1.5005
      vertex 17.45 -10 -1.5005
      vertex 15.889 -18.1697 -1.5005
    endloop
  endfacet
  facet normal -0 0 -1
    outer loop
      vertex 17.5057 -9.46982 -1.5005
      vertex 15.5983 -19.0644 -1.5005
      vertex 14.9755 17.7629 -1.5005
    endloop
  endfacet
  facet normal 0 0 -1
    outer loop
      vertex 17.45 10 -1.5005
      vertex 15.5504 16.7672 -1.5005
      vertex 16.3198 15.9127 -1.5005
    endloop
  endfacet
  facet normal 0 0 -1
    outer loop
      vertex 2.49428 -19.4698 -1.5005
      vertex 15.5983 -19.0644 -1.5005
      vertex 15.5 -20 -1.5005
    endloop
  endfacet
  facet normal 0 0 -1
    outer loop
      vertex 17.45 10 -1.5005
      vertex 14.9755 17.7629 -1.5005
      vertex 15.5504 16.7672 -1.5005
    endloop
  endfacet
  facet normal 0 0 -1
    outer loop
      vertex 29.55 -14.0153 -1.5005
      vertex 30.05 17.5 -1.5005
      vertex 30.05 -14.3786 -1.5005
    endloop
  endfacet
  facet normal 0 0 -1
    outer loop
      vertex 28.958 -13.7517 -1.5005
      vertex 30.05 17.5 -1.5005
      vertex 29.55 -14.0153 -1.5005
    endloop
  endfacet
  facet normal 0 0 -1
    outer loop
      vertex 28.324 -13.617 -1.5005
      vertex 30.05 17.5 -1.5005
      vertex 28.958 -13.7517 -1.5005
    endloop
  endfacet
  facet normal 0 0 -1
    outer loop
      vertex 27.676 -13.617 -1.5005
      vertex 30.05 17.5 -1.5005
      vertex 28.324 -13.617 -1.5005
    endloop
  endfacet
  facet normal 0 0 -1
    outer loop
      vertex 27.042 -13.7517 -1.5005
      vertex 30.05 17.5 -1.5005
      vertex 27.676 -13.617 -1.5005
    endloop
  endfacet
  facet normal 0 0 -1
    outer loop
      vertex 26.45 -14.0153 -1.5005
      vertex 30.05 17.5 -1.5005
      vertex 27.042 -13.7517 -1.5005
    endloop
  endfacet
  facet normal -0 -0 -1
    outer loop
      vertex 28.775 19.7084 -1.5005
      vertex 30.05 17.5 -1.5005
      vertex 25.5 20 -1.5005
    endloop
  endfacet
  facet normal 0 0 -1
    outer loop
      vertex 30.05 17.5 -1.5005
      vertex 28.775 19.7084 -1.5005
      vertex 29.9943 18.0302 -1.5005
    endloop
  endfacet
  facet normal 0 0 -1
    outer loop
      vertex 29.8295 18.5372 -1.5005
      vertex 28.775 19.7084 -1.5005
      vertex 29.563 18.9989 -1.5005
    endloop
  endfacet
  facet normal 0 0 -1
    outer loop
      vertex 29.9943 18.0302 -1.5005
      vertex 28.775 19.7084 -1.5005
      vertex 29.8295 18.5372 -1.5005
    endloop
  endfacet
  facet normal -0 0 -1
    outer loop
      vertex 30.05 17.5 -1.5005
      vertex 26.45 -14.0153 -1.5005
      vertex 25.5 20 -1.5005
    endloop
  endfacet
  facet normal 0 0 -1
    outer loop
      vertex 25.5 20 -1.5005
      vertex 26.45 -14.0153 -1.5005
      vertex 25.9257 -14.3963 -1.5005
    endloop
  endfacet
  facet normal 0 0 -1
    outer loop
      vertex 29.563 18.9989 -1.5005
      vertex 28.775 19.7084 -1.5005
      vertex 29.2063 19.395 -1.5005
    endloop
  endfacet
  facet normal 0 0 -1
    outer loop
      vertex 25.3798 21.1435 -1.5005
      vertex 28.775 19.7084 -1.5005
      vertex 25.5 20 -1.5005
    endloop
  endfacet
  facet normal 0 0 -1
    outer loop
      vertex 28.775 19.7084 -1.5005
      vertex 25.3798 21.1435 -1.5005
      vertex 25.278 21.4569 -1.5005
    endloop
  endfacet
  facet normal 0 0 -1
    outer loop
      vertex 24.4496 16.7672 -1.5005
      vertex 22.4943 10.5302 -1.5005
      vertex 23.6802 15.9127 -1.5005
    endloop
  endfacet
  facet normal 0 0 -1
    outer loop
      vertex 22.3295 11.0372 -1.5005
      vertex 23.6802 15.9127 -1.5005
      vertex 22.4943 10.5302 -1.5005
    endloop
  endfacet
  facet normal 0 0 -1
    outer loop
      vertex 23.6802 15.9127 -1.5005
      vertex 22.3295 11.0372 -1.5005
      vertex 22.75 15.2369 -1.5005
    endloop
  endfacet
  facet normal 0 0 -1
    outer loop
      vertex 22.063 11.4989 -1.5005
      vertex 22.75 15.2369 -1.5005
      vertex 22.3295 11.0372 -1.5005
    endloop
  endfacet
  facet normal 0 0 -1
    outer loop
      vertex 21.7063 11.895 -1.5005
      vertex 22.75 15.2369 -1.5005
      vertex 22.063 11.4989 -1.5005
    endloop
  endfacet
  facet normal 0 0 -1
    outer loop
      vertex 21.7063 11.895 -1.5005
      vertex 21.6996 14.7692 -1.5005
      vertex 22.75 15.2369 -1.5005
    endloop
  endfacet
  facet normal 0 0 -1
    outer loop
      vertex 21.275 12.2084 -1.5005
      vertex 21.6996 14.7692 -1.5005
      vertex 21.7063 11.895 -1.5005
    endloop
  endfacet
  facet normal 0 0 -1
    outer loop
      vertex 20.788 12.4252 -1.5005
      vertex 21.6996 14.7692 -1.5005
      vertex 21.275 12.2084 -1.5005
    endloop
  endfacet
  facet normal 0 0 -1
    outer loop
      vertex 20.788 12.4252 -1.5005
      vertex 20.5749 14.5301 -1.5005
      vertex 21.6996 14.7692 -1.5005
    endloop
  endfacet
  facet normal 0 0 -1
    outer loop
      vertex 20.2665 12.536 -1.5005
      vertex 20.5749 14.5301 -1.5005
      vertex 20.788 12.4252 -1.5005
    endloop
  endfacet
  facet normal 0 0 -1
    outer loop
      vertex 19.7335 12.536 -1.5005
      vertex 20.5749 14.5301 -1.5005
      vertex 20.2665 12.536 -1.5005
    endloop
  endfacet
  facet normal 0 0 -1
    outer loop
      vertex 19.7335 12.536 -1.5005
      vertex 19.4251 14.5301 -1.5005
      vertex 20.5749 14.5301 -1.5005
    endloop
  endfacet
  facet normal 0 0 -1
    outer loop
      vertex 19.212 12.4252 -1.5005
      vertex 19.4251 14.5301 -1.5005
      vertex 19.7335 12.536 -1.5005
    endloop
  endfacet
  facet normal 0 0 -1
    outer loop
      vertex 18.3004 14.7692 -1.5005
      vertex 19.212 12.4252 -1.5005
      vertex 18.725 12.2084 -1.5005
    endloop
  endfacet
  facet normal 0 0 -1
    outer loop
      vertex 19.212 12.4252 -1.5005
      vertex 18.3004 14.7692 -1.5005
      vertex 19.4251 14.5301 -1.5005
    endloop
  endfacet
  facet normal 0 0 -1
    outer loop
      vertex 18.2937 11.895 -1.5005
      vertex 18.3004 14.7692 -1.5005
      vertex 18.725 12.2084 -1.5005
    endloop
  endfacet
  facet normal 0 0 -1
    outer loop
      vertex 17.25 15.2369 -1.5005
      vertex 18.2937 11.895 -1.5005
      vertex 17.937 11.4989 -1.5005
    endloop
  endfacet
  facet normal 0 0 -1
    outer loop
      vertex 17.25 15.2369 -1.5005
      vertex 17.937 11.4989 -1.5005
      vertex 17.6705 11.0372 -1.5005
    endloop
  endfacet
  facet normal 0 0 -1
    outer loop
      vertex 17.25 15.2369 -1.5005
      vertex 17.6705 11.0372 -1.5005
      vertex 17.5057 10.5302 -1.5005
    endloop
  endfacet
  facet normal 0 0 -1
    outer loop
      vertex 18.2937 11.895 -1.5005
      vertex 17.25 15.2369 -1.5005
      vertex 18.3004 14.7692 -1.5005
    endloop
  endfacet
  facet normal 0 0 -1
    outer loop
      vertex 17.25 15.2369 -1.5005
      vertex 17.5057 10.5302 -1.5005
      vertex 17.45 10 -1.5005
    endloop
  endfacet
  facet normal 0 0 -1
    outer loop
      vertex 15.5983 -19.0644 -1.5005
      vertex 2.32954 -18.9628 -1.5005
      vertex 2.06299 -18.5011 -1.5005
    endloop
  endfacet
  facet normal 0 0 -1
    outer loop
      vertex 17.25 24.7631 -1.5005
      vertex 8.775 29.7084 -1.5005
      vertex 17.9987 25.0965 -1.5005
    endloop
  endfacet
  facet normal 0 0 -1
    outer loop
      vertex 16.3198 24.0873 -1.5005
      vertex 8.775 29.7084 -1.5005
      vertex 17.25 24.7631 -1.5005
    endloop
  endfacet
  facet normal 0 0 -1
    outer loop
      vertex 15.5504 23.2328 -1.5005
      vertex 8.775 29.7084 -1.5005
      vertex 16.3198 24.0873 -1.5005
    endloop
  endfacet
  facet normal 0 0 -1
    outer loop
      vertex 14.9755 22.2371 -1.5005
      vertex 8.775 29.7084 -1.5005
      vertex 15.5504 23.2328 -1.5005
    endloop
  endfacet
  facet normal 0 0 -1
    outer loop
      vertex 14.6202 21.1435 -1.5005
      vertex 8.775 29.7084 -1.5005
      vertex 14.9755 22.2371 -1.5005
    endloop
  endfacet
  facet normal 0 0 -1
    outer loop
      vertex 15.5983 -19.0644 -1.5005
      vertex 2.06299 -18.5011 -1.5005
      vertex 1.70628 -18.105 -1.5005
    endloop
  endfacet
  facet normal 0 0 -1
    outer loop
      vertex 7.76655 -30.036 -1.5005
      vertex 8.775 -29.7084 -1.5005
      vertex 8.28799 -29.9252 -1.5005
    endloop
  endfacet
  facet normal 0 0 -1
    outer loop
      vertex 15.5983 -19.0644 -1.5005
      vertex 1.70628 -18.105 -1.5005
      vertex 1.275 -17.7916 -1.5005
    endloop
  endfacet
  facet normal -0 0 -1
    outer loop
      vertex 8.775 -29.7084 -1.5005
      vertex 7.76655 -30.036 -1.5005
      vertex 2.06299 -21.4989 -1.5005
    endloop
  endfacet
  facet normal 0 -0 -1
    outer loop
      vertex 2.55 20 -1.5005
      vertex 14.5 20 -1.5005
      vertex 2.49428 19.4698 -1.5005
    endloop
  endfacet
  facet normal 0 0 -1
    outer loop
      vertex 15.5 -20 -1.5005
      vertex 2.55 -20 -1.5005
      vertex 2.49428 -19.4698 -1.5005
    endloop
  endfacet
  facet normal -0 0 -1
    outer loop
      vertex 15.5 -20 -1.5005
      vertex 2.49428 -20.5302 -1.5005
      vertex 2.55 -20 -1.5005
    endloop
  endfacet
  facet normal 0 0 -1
    outer loop
      vertex 8.775 -29.7084 -1.5005
      vertex 2.32954 -21.0372 -1.5005
      vertex 2.49428 -20.5302 -1.5005
    endloop
  endfacet
  facet normal 0 0 -1
    outer loop
      vertex 8.775 -29.7084 -1.5005
      vertex 2.06299 -21.4989 -1.5005
      vertex 2.32954 -21.0372 -1.5005
    endloop
  endfacet
  facet normal 0 0 -1
    outer loop
      vertex 7.76655 -30.036 -1.5005
      vertex 1.70628 -21.895 -1.5005
      vertex 2.06299 -21.4989 -1.5005
    endloop
  endfacet
  facet normal 0 0 -1
    outer loop
      vertex 7.76655 -30.036 -1.5005
      vertex 1.275 -22.2084 -1.5005
      vertex 1.70628 -21.895 -1.5005
    endloop
  endfacet
  facet normal 0 0 -1
    outer loop
      vertex 7.76655 -30.036 -1.5005
      vertex 0.787992 -22.4252 -1.5005
      vertex 1.275 -22.2084 -1.5005
    endloop
  endfacet
  facet normal 0 0 -1
    outer loop
      vertex 7.76655 -30.036 -1.5005
      vertex 0.266547 -22.536 -1.5005
      vertex 0.787992 -22.4252 -1.5005
    endloop
  endfacet
  facet normal 0 0 -1
    outer loop
      vertex 7.76655 -30.036 -1.5005
      vertex -0.266547 -22.536 -1.5005
      vertex 0.266547 -22.536 -1.5005
    endloop
  endfacet
  facet normal 0 0 -1
    outer loop
      vertex -7.76655 -30.036 -1.5005
      vertex -0.266547 -22.536 -1.5005
      vertex 7.76655 -30.036 -1.5005
    endloop
  endfacet
  facet normal -0 0 -1
    outer loop
      vertex -0.266547 -22.536 -1.5005
      vertex -7.76655 -30.036 -1.5005
      vertex -0.787992 -22.4252 -1.5005
    endloop
  endfacet
  facet normal -0 0 -1
    outer loop
      vertex -0.787992 -22.4252 -1.5005
      vertex -7.76655 -30.036 -1.5005
      vertex -1.275 -22.2084 -1.5005
    endloop
  endfacet
  facet normal -0 0 -1
    outer loop
      vertex -0.787992 17.5748 -1.5005
      vertex -17.5057 9.46982 -1.5005
      vertex -1.275 17.7916 -1.5005
    endloop
  endfacet
  facet normal -0 0 -1
    outer loop
      vertex -2.49428 -20.5302 -1.5005
      vertex -7.76655 -30.036 -1.5005
      vertex -2.55 -20 -1.5005
    endloop
  endfacet
  facet normal -0 0 -1
    outer loop
      vertex -2.32954 -21.0372 -1.5005
      vertex -7.76655 -30.036 -1.5005
      vertex -2.49428 -20.5302 -1.5005
    endloop
  endfacet
  facet normal -0 0 -1
    outer loop
      vertex -2.06299 -21.4989 -1.5005
      vertex -7.76655 -30.036 -1.5005
      vertex -2.32954 -21.0372 -1.5005
    endloop
  endfacet
  facet normal -0 0 -1
    outer loop
      vertex -1.70628 -21.895 -1.5005
      vertex -7.76655 -30.036 -1.5005
      vertex -2.06299 -21.4989 -1.5005
    endloop
  endfacet
  facet normal -0 0 -1
    outer loop
      vertex -1.275 -22.2084 -1.5005
      vertex -7.76655 -30.036 -1.5005
      vertex -1.70628 -21.895 -1.5005
    endloop
  endfacet
  facet normal 0 -0 -1
    outer loop
      vertex -15.5504 16.7672 -1.5005
      vertex -1.70628 18.105 -1.5005
      vertex -17.45 10 -1.5005
    endloop
  endfacet
  facet normal -0 0 -1
    outer loop
      vertex -2.06299 18.5011 -1.5005
      vertex -14.9755 17.7629 -1.5005
      vertex -2.32954 18.9628 -1.5005
    endloop
  endfacet
  facet normal -0 0 -1
    outer loop
      vertex -1.70628 18.105 -1.5005
      vertex -15.5504 16.7672 -1.5005
      vertex -2.06299 18.5011 -1.5005
    endloop
  endfacet
  facet normal 0 -0 -1
    outer loop
      vertex -14.9755 17.7629 -1.5005
      vertex -2.06299 18.5011 -1.5005
      vertex -15.5504 16.7672 -1.5005
    endloop
  endfacet
  facet normal 0 0 -1
    outer loop
      vertex -17.937 -8.50115 -1.5005
      vertex -17.6705 8.96282 -1.5005
      vertex -17.6705 -8.96282 -1.5005
    endloop
  endfacet
  facet normal 0 0 -1
    outer loop
      vertex -17.937 -8.50115 -1.5005
      vertex -17.937 8.50115 -1.5005
      vertex -17.6705 8.96282 -1.5005
    endloop
  endfacet
  facet normal 0 0 -1
    outer loop
      vertex -18.2937 -8.10498 -1.5005
      vertex -17.937 8.50115 -1.5005
      vertex -17.937 -8.50115 -1.5005
    endloop
  endfacet
  facet normal 0 0 -1
    outer loop
      vertex -18.2937 -8.10498 -1.5005
      vertex -18.2937 8.10498 -1.5005
      vertex -17.937 8.50115 -1.5005
    endloop
  endfacet
  facet normal 0 0 -1
    outer loop
      vertex -18.725 -7.79163 -1.5005
      vertex -18.2937 8.10498 -1.5005
      vertex -18.2937 -8.10498 -1.5005
    endloop
  endfacet
  facet normal 0 0 -1
    outer loop
      vertex -18.725 -7.79163 -1.5005
      vertex -18.725 7.79163 -1.5005
      vertex -18.2937 8.10498 -1.5005
    endloop
  endfacet
  facet normal 0 0 -1
    outer loop
      vertex -19.212 -7.57481 -1.5005
      vertex -18.725 7.79163 -1.5005
      vertex -18.725 -7.79163 -1.5005
    endloop
  endfacet
  facet normal 0 0 -1
    outer loop
      vertex -19.212 -7.57481 -1.5005
      vertex -19.212 7.57481 -1.5005
      vertex -18.725 7.79163 -1.5005
    endloop
  endfacet
  facet normal 0 0 -1
    outer loop
      vertex -19.7335 -7.46397 -1.5005
      vertex -19.212 7.57481 -1.5005
      vertex -19.212 -7.57481 -1.5005
    endloop
  endfacet
  facet normal 0 0 -1
    outer loop
      vertex -19.7335 -7.46397 -1.5005
      vertex -19.7335 7.46397 -1.5005
      vertex -19.212 7.57481 -1.5005
    endloop
  endfacet
  facet normal 0 0 -1
    outer loop
      vertex -20.2665 -7.46397 -1.5005
      vertex -19.7335 7.46397 -1.5005
      vertex -19.7335 -7.46397 -1.5005
    endloop
  endfacet
  facet normal 0 0 -1
    outer loop
      vertex -20.2665 -7.46397 -1.5005
      vertex -20.2665 7.46397 -1.5005
      vertex -19.7335 7.46397 -1.5005
    endloop
  endfacet
  facet normal 0 0 -1
    outer loop
      vertex -20.788 -7.57481 -1.5005
      vertex -20.2665 7.46397 -1.5005
      vertex -20.2665 -7.46397 -1.5005
    endloop
  endfacet
  facet normal 0 0 -1
    outer loop
      vertex -20.788 -7.57481 -1.5005
      vertex -20.788 7.57481 -1.5005
      vertex -20.2665 7.46397 -1.5005
    endloop
  endfacet
  facet normal 0 0 -1
    outer loop
      vertex -21.275 -7.79163 -1.5005
      vertex -20.788 7.57481 -1.5005
      vertex -20.788 -7.57481 -1.5005
    endloop
  endfacet
  facet normal 0 0 -1
    outer loop
      vertex -21.275 -7.79163 -1.5005
      vertex -21.275 7.79163 -1.5005
      vertex -20.788 7.57481 -1.5005
    endloop
  endfacet
  facet normal 0 0 -1
    outer loop
      vertex -21.7063 -8.10498 -1.5005
      vertex -21.275 7.79163 -1.5005
      vertex -21.275 -7.79163 -1.5005
    endloop
  endfacet
  facet normal 0 0 -1
    outer loop
      vertex -21.7063 -8.10498 -1.5005
      vertex -21.7063 8.10498 -1.5005
      vertex -21.275 7.79163 -1.5005
    endloop
  endfacet
  facet normal 0 0 -1
    outer loop
      vertex -22.063 -8.50115 -1.5005
      vertex -21.7063 8.10498 -1.5005
      vertex -21.7063 -8.10498 -1.5005
    endloop
  endfacet
  facet normal 0 0 -1
    outer loop
      vertex -22.063 -8.50115 -1.5005
      vertex -22.063 8.50115 -1.5005
      vertex -21.7063 8.10498 -1.5005
    endloop
  endfacet
  facet normal 0 0 -1
    outer loop
      vertex -28.958 -13.7517 -1.5005
      vertex -22.063 -8.50115 -1.5005
      vertex -22.3295 -8.96282 -1.5005
    endloop
  endfacet
  facet normal -0 0 -1
    outer loop
      vertex -22.063 -8.50115 -1.5005
      vertex -28.958 -13.7517 -1.5005
      vertex -22.063 8.50115 -1.5005
    endloop
  endfacet
  facet normal 0 0 -1
    outer loop
      vertex -28.324 -13.617 -1.5005
      vertex -22.3295 -8.96282 -1.5005
      vertex -22.4943 -9.46982 -1.5005
    endloop
  endfacet
  facet normal 0 0 -1
    outer loop
      vertex -29.55 -14.0153 -1.5005
      vertex -22.063 8.50115 -1.5005
      vertex -28.958 -13.7517 -1.5005
    endloop
  endfacet
  facet normal 0 0 -1
    outer loop
      vertex -27.676 -13.617 -1.5005
      vertex -22.4943 -9.46982 -1.5005
      vertex -22.55 -10 -1.5005
    endloop
  endfacet
  facet normal -0 0 -1
    outer loop
      vertex -22.063 8.50115 -1.5005
      vertex -29.55 -14.0153 -1.5005
      vertex -22.3295 8.96282 -1.5005
    endloop
  endfacet
  facet normal 0 0 -1
    outer loop
      vertex -2.32954 21.0372 -1.5005
      vertex -14.6202 21.1435 -1.5005
      vertex -8.775 29.7084 -1.5005
    endloop
  endfacet
  facet normal 0 0 -1
    outer loop
      vertex -14.9755 22.2371 -1.5005
      vertex -8.775 29.7084 -1.5005
      vertex -14.6202 21.1435 -1.5005
    endloop
  endfacet
  facet normal 0 0 -1
    outer loop
      vertex -15.5504 23.2328 -1.5005
      vertex -8.775 29.7084 -1.5005
      vertex -14.9755 22.2371 -1.5005
    endloop
  endfacet
  facet normal 0 0 -1
    outer loop
      vertex -16.3198 24.0873 -1.5005
      vertex -8.775 29.7084 -1.5005
      vertex -15.5504 23.2328 -1.5005
    endloop
  endfacet
  facet normal 0 0 -1
    outer loop
      vertex -17.25 24.7631 -1.5005
      vertex -8.775 29.7084 -1.5005
      vertex -16.3198 24.0873 -1.5005
    endloop
  endfacet
  facet normal 0 0 -1
    outer loop
      vertex -8.775 29.7084 -1.5005
      vertex -17.25 24.7631 -1.5005
      vertex -17.9987 25.0965 -1.5005
    endloop
  endfacet
  facet normal -0 0 -1
    outer loop
      vertex -2.32954 18.9628 -1.5005
      vertex -14.6202 18.8565 -1.5005
      vertex -2.49428 19.4698 -1.5005
    endloop
  endfacet
  facet normal 0 0 -1
    outer loop
      vertex -17.45 -10 -1.5005
      vertex -7.76655 -30.036 -1.5005
      vertex -15.889 -18.1697 -1.5005
    endloop
  endfacet
  facet normal 0 -0 -1
    outer loop
      vertex -17.45 10 -1.5005
      vertex -1.275 17.7916 -1.5005
      vertex -17.5057 9.46982 -1.5005
    endloop
  endfacet
  facet normal -0 0 -1
    outer loop
      vertex -1.275 17.7916 -1.5005
      vertex -17.45 10 -1.5005
      vertex -1.70628 18.105 -1.5005
    endloop
  endfacet
  facet normal 0 0 -1
    outer loop
      vertex -17.5057 -10.5302 -1.5005
      vertex -15.889 -18.1697 -1.5005
      vertex -16.3594 -17.355 -1.5005
    endloop
  endfacet
  facet normal 0 0 -1
    outer loop
      vertex -17.6705 -11.0372 -1.5005
      vertex -16.3594 -17.355 -1.5005
      vertex -16.9889 -16.6558 -1.5005
    endloop
  endfacet
  facet normal 0 -0 -1
    outer loop
      vertex -14.6202 18.8565 -1.5005
      vertex -2.32954 18.9628 -1.5005
      vertex -14.9755 17.7629 -1.5005
    endloop
  endfacet
  facet normal 0 0 -1
    outer loop
      vertex -17.5057 10.5302 -1.5005
      vertex -15.5504 16.7672 -1.5005
      vertex -17.45 10 -1.5005
    endloop
  endfacet
  facet normal 0 0 -1
    outer loop
      vertex -15.889 -18.1697 -1.5005
      vertex -17.5057 -10.5302 -1.5005
      vertex -17.45 -10 -1.5005
    endloop
  endfacet
  facet normal 0 0 -1
    outer loop
      vertex -16.3594 -17.355 -1.5005
      vertex -17.6705 -11.0372 -1.5005
      vertex -17.5057 -10.5302 -1.5005
    endloop
  endfacet
  facet normal 0 0 -1
    outer loop
      vertex -17.937 -11.4989 -1.5005
      vertex -16.9889 -16.6558 -1.5005
      vertex -17.75 -16.1029 -1.5005
    endloop
  endfacet
  facet normal 0 0 -1
    outer loop
      vertex -16.9889 -16.6558 -1.5005
      vertex -17.937 -11.4989 -1.5005
      vertex -17.6705 -11.0372 -1.5005
    endloop
  endfacet
  facet normal 0 0 -1
    outer loop
      vertex -17.75 -16.1029 -1.5005
      vertex -18.2937 -11.895 -1.5005
      vertex -17.937 -11.4989 -1.5005
    endloop
  endfacet
  facet normal 0 0 -1
    outer loop
      vertex -18.725 -12.2084 -1.5005
      vertex -17.75 -16.1029 -1.5005
      vertex -18.6094 -15.7202 -1.5005
    endloop
  endfacet
  facet normal 0 0 -1
    outer loop
      vertex -17.75 -16.1029 -1.5005
      vertex -18.725 -12.2084 -1.5005
      vertex -18.2937 -11.895 -1.5005
    endloop
  endfacet
  facet normal 0 0 -1
    outer loop
      vertex -18.6094 -15.7202 -1.5005
      vertex -19.212 -12.4252 -1.5005
      vertex -18.725 -12.2084 -1.5005
    endloop
  endfacet
  facet normal 0 0 -1
    outer loop
      vertex -19.5296 -15.5247 -1.5005
      vertex -19.212 -12.4252 -1.5005
      vertex -18.6094 -15.7202 -1.5005
    endloop
  endfacet
  facet normal 0 0 -1
    outer loop
      vertex -19.5296 -15.5247 -1.5005
      vertex -19.7335 -12.536 -1.5005
      vertex -19.212 -12.4252 -1.5005
    endloop
  endfacet
  facet normal 0 0 -1
    outer loop
      vertex -19.5296 -15.5247 -1.5005
      vertex -20.2665 -12.536 -1.5005
      vertex -19.7335 -12.536 -1.5005
    endloop
  endfacet
  facet normal 0 0 -1
    outer loop
      vertex -20.4704 -15.5247 -1.5005
      vertex -20.2665 -12.536 -1.5005
      vertex -19.5296 -15.5247 -1.5005
    endloop
  endfacet
  facet normal 0 0 -1
    outer loop
      vertex -20.4704 -15.5247 -1.5005
      vertex -20.788 -12.4252 -1.5005
      vertex -20.2665 -12.536 -1.5005
    endloop
  endfacet
  facet normal 0 0 -1
    outer loop
      vertex -21.3906 -15.7202 -1.5005
      vertex -20.788 -12.4252 -1.5005
      vertex -20.4704 -15.5247 -1.5005
    endloop
  endfacet
  facet normal -0 0 -1
    outer loop
      vertex -20.788 -12.4252 -1.5005
      vertex -21.3906 -15.7202 -1.5005
      vertex -21.275 -12.2084 -1.5005
    endloop
  endfacet
  facet normal 0 0 -1
    outer loop
      vertex -22.25 -16.1029 -1.5005
      vertex -21.275 -12.2084 -1.5005
      vertex -21.3906 -15.7202 -1.5005
    endloop
  endfacet
  facet normal -0 0 -1
    outer loop
      vertex -21.275 -12.2084 -1.5005
      vertex -22.25 -16.1029 -1.5005
      vertex -21.7063 -11.895 -1.5005
    endloop
  endfacet
  facet normal 0 0 -1
    outer loop
      vertex -25.492 -14.8779 -1.5005
      vertex -21.7063 -11.895 -1.5005
      vertex -22.25 -16.1029 -1.5005
    endloop
  endfacet
  facet normal -0 0 -1
    outer loop
      vertex -21.7063 -11.895 -1.5005
      vertex -25.492 -14.8779 -1.5005
      vertex -22.063 -11.4989 -1.5005
    endloop
  endfacet
  facet normal 0 0 -1
    outer loop
      vertex -25.9257 -14.3963 -1.5005
      vertex -22.063 -11.4989 -1.5005
      vertex -25.492 -14.8779 -1.5005
    endloop
  endfacet
  facet normal -0 0 -1
    outer loop
      vertex -22.063 -11.4989 -1.5005
      vertex -25.9257 -14.3963 -1.5005
      vertex -22.3295 -11.0372 -1.5005
    endloop
  endfacet
  facet normal 0 0 -1
    outer loop
      vertex -30.05 17.5 -1.5005
      vertex -22.3295 8.96282 -1.5005
      vertex -29.55 -14.0153 -1.5005
    endloop
  endfacet
  facet normal 0 0 -1
    outer loop
      vertex -25.168 -15.4391 -1.5005
      vertex -22.25 -16.1029 -1.5005
      vertex -23.0111 -16.6558 -1.5005
    endloop
  endfacet
  facet normal 0 0 -1
    outer loop
      vertex -26.45 -14.0153 -1.5005
      vertex -22.3295 -11.0372 -1.5005
      vertex -25.9257 -14.3963 -1.5005
    endloop
  endfacet
  facet normal 0 0 -1
    outer loop
      vertex -24.9 -16.7 -1.5005
      vertex -23.0111 -16.6558 -1.5005
      vertex -23.6406 -17.355 -1.5005
    endloop
  endfacet
  facet normal -0 0 -1
    outer loop
      vertex -22.3295 -11.0372 -1.5005
      vertex -26.45 -14.0153 -1.5005
      vertex -22.4943 -10.5302 -1.5005
    endloop
  endfacet
  facet normal 0 0 -1
    outer loop
      vertex -24.9 -16.7 -1.5005
      vertex -23.6406 -17.355 -1.5005
      vertex -24.111 -18.1697 -1.5005
    endloop
  endfacet
  facet normal 0 0 -1
    outer loop
      vertex -24.9 -16.7 -1.5005
      vertex -24.111 -18.1697 -1.5005
      vertex -24.4017 -19.0644 -1.5005
    endloop
  endfacet
  facet normal 0 0 -1
    outer loop
      vertex -23.0111 -16.6558 -1.5005
      vertex -24.9677 -16.0555 -1.5005
      vertex -25.168 -15.4391 -1.5005
    endloop
  endfacet
  facet normal 0 0 -1
    outer loop
      vertex -24.9 -16.7 -1.5005
      vertex -24.4017 -19.0644 -1.5005
      vertex -24.5 -20 -1.5005
    endloop
  endfacet
  facet normal 0 0 -1
    outer loop
      vertex -24.9 -16.7 -1.5005
      vertex -24.5 -20 -1.5005
      vertex -24.9 -21.6459 -1.5005
    endloop
  endfacet
  facet normal -0 0 -1
    outer loop
      vertex -23.0111 -16.6558 -1.5005
      vertex -24.9 -16.7 -1.5005
      vertex -24.9677 -16.0555 -1.5005
    endloop
  endfacet
  facet normal 0 0 -1
    outer loop
      vertex -22.25 -16.1029 -1.5005
      vertex -25.168 -15.4391 -1.5005
      vertex -25.492 -14.8779 -1.5005
    endloop
  endfacet
  facet normal 0 0 -1
    outer loop
      vertex -27.042 -13.7517 -1.5005
      vertex -22.4943 -10.5302 -1.5005
      vertex -26.45 -14.0153 -1.5005
    endloop
  endfacet
  facet normal -0 0 -1
    outer loop
      vertex -22.4943 -10.5302 -1.5005
      vertex -27.042 -13.7517 -1.5005
      vertex -22.55 -10 -1.5005
    endloop
  endfacet
  facet normal 0 0 -1
    outer loop
      vertex -27.676 -13.617 -1.5005
      vertex -22.55 -10 -1.5005
      vertex -27.042 -13.7517 -1.5005
    endloop
  endfacet
  facet normal 0 0 -1
    outer loop
      vertex -22.4943 -9.46982 -1.5005
      vertex -27.676 -13.617 -1.5005
      vertex -28.324 -13.617 -1.5005
    endloop
  endfacet
  facet normal 0 0 -1
    outer loop
      vertex -22.3295 -8.96282 -1.5005
      vertex -28.324 -13.617 -1.5005
      vertex -28.958 -13.7517 -1.5005
    endloop
  endfacet
  facet normal -0 -0 -1
    outer loop
      vertex -23.6802 15.9127 -1.5005
      vertex -22.55 10 -1.5005
      vertex -30.05 17.5 -1.5005
    endloop
  endfacet
  facet normal 0 0 -1
    outer loop
      vertex -15.5504 16.7672 -1.5005
      vertex -17.5057 10.5302 -1.5005
      vertex -16.3198 15.9127 -1.5005
    endloop
  endfacet
  facet normal 0 0 -1
    outer loop
      vertex -17.6705 11.0372 -1.5005
      vertex -16.3198 15.9127 -1.5005
      vertex -17.5057 10.5302 -1.5005
    endloop
  endfacet
  facet normal 0 0 -1
    outer loop
      vertex -16.3198 15.9127 -1.5005
      vertex -17.6705 11.0372 -1.5005
      vertex -17.25 15.2369 -1.5005
    endloop
  endfacet
  facet normal 0 0 -1
    outer loop
      vertex -17.937 11.4989 -1.5005
      vertex -17.25 15.2369 -1.5005
      vertex -17.6705 11.0372 -1.5005
    endloop
  endfacet
  facet normal 0 0 -1
    outer loop
      vertex -18.2937 11.895 -1.5005
      vertex -17.25 15.2369 -1.5005
      vertex -17.937 11.4989 -1.5005
    endloop
  endfacet
  facet normal 0 0 -1
    outer loop
      vertex -18.2937 11.895 -1.5005
      vertex -18.3004 14.7692 -1.5005
      vertex -17.25 15.2369 -1.5005
    endloop
  endfacet
  facet normal 0 0 -1
    outer loop
      vertex -18.725 12.2084 -1.5005
      vertex -18.3004 14.7692 -1.5005
      vertex -18.2937 11.895 -1.5005
    endloop
  endfacet
  facet normal 0 0 -1
    outer loop
      vertex -19.212 12.4252 -1.5005
      vertex -18.3004 14.7692 -1.5005
      vertex -18.725 12.2084 -1.5005
    endloop
  endfacet
  facet normal 0 0 -1
    outer loop
      vertex -19.212 12.4252 -1.5005
      vertex -19.4251 14.5301 -1.5005
      vertex -18.3004 14.7692 -1.5005
    endloop
  endfacet
  facet normal 0 0 -1
    outer loop
      vertex -19.7335 12.536 -1.5005
      vertex -19.4251 14.5301 -1.5005
      vertex -19.212 12.4252 -1.5005
    endloop
  endfacet
  facet normal 0 0 -1
    outer loop
      vertex -20.2665 12.536 -1.5005
      vertex -19.4251 14.5301 -1.5005
      vertex -19.7335 12.536 -1.5005
    endloop
  endfacet
  facet normal 0 0 -1
    outer loop
      vertex -20.2665 12.536 -1.5005
      vertex -20.5749 14.5301 -1.5005
      vertex -19.4251 14.5301 -1.5005
    endloop
  endfacet
  facet normal 0 0 -1
    outer loop
      vertex -20.788 12.4252 -1.5005
      vertex -20.5749 14.5301 -1.5005
      vertex -20.2665 12.536 -1.5005
    endloop
  endfacet
  facet normal 0 0 -1
    outer loop
      vertex -21.6996 14.7692 -1.5005
      vertex -20.788 12.4252 -1.5005
      vertex -21.275 12.2084 -1.5005
    endloop
  endfacet
  facet normal 0 0 -1
    outer loop
      vertex -20.788 12.4252 -1.5005
      vertex -21.6996 14.7692 -1.5005
      vertex -20.5749 14.5301 -1.5005
    endloop
  endfacet
  facet normal 0 0 -1
    outer loop
      vertex -21.7063 11.895 -1.5005
      vertex -21.6996 14.7692 -1.5005
      vertex -21.275 12.2084 -1.5005
    endloop
  endfacet
  facet normal 0 0 -1
    outer loop
      vertex -22.75 15.2369 -1.5005
      vertex -21.7063 11.895 -1.5005
      vertex -22.063 11.4989 -1.5005
    endloop
  endfacet
  facet normal 0 0 -1
    outer loop
      vertex -22.75 15.2369 -1.5005
      vertex -22.063 11.4989 -1.5005
      vertex -22.3295 11.0372 -1.5005
    endloop
  endfacet
  facet normal 0 0 -1
    outer loop
      vertex -22.75 15.2369 -1.5005
      vertex -22.3295 11.0372 -1.5005
      vertex -22.4943 10.5302 -1.5005
    endloop
  endfacet
  facet normal 0 0 -1
    outer loop
      vertex -21.7063 11.895 -1.5005
      vertex -22.75 15.2369 -1.5005
      vertex -21.6996 14.7692 -1.5005
    endloop
  endfacet
  facet normal 0 0 -1
    outer loop
      vertex -22.75 15.2369 -1.5005
      vertex -22.4943 10.5302 -1.5005
      vertex -22.55 10 -1.5005
    endloop
  endfacet
  facet normal 0 0 -1
    outer loop
      vertex -22.55 10 -1.5005
      vertex -23.6802 15.9127 -1.5005
      vertex -22.75 15.2369 -1.5005
    endloop
  endfacet
  facet normal 0 -0 -1
    outer loop
      vertex -28.775 19.7084 -1.5005
      vertex -25.0245 17.7629 -1.5005
      vertex -30.05 17.5 -1.5005
    endloop
  endfacet
  facet normal 0 0 -1
    outer loop
      vertex -24.4496 16.7672 -1.5005
      vertex -30.05 17.5 -1.5005
      vertex -25.0245 17.7629 -1.5005
    endloop
  endfacet
  facet normal 0 0 -1
    outer loop
      vertex -23.6802 15.9127 -1.5005
      vertex -30.05 17.5 -1.5005
      vertex -24.4496 16.7672 -1.5005
    endloop
  endfacet
  facet normal -0 0 -1
    outer loop
      vertex -25.3798 21.1435 -1.5005
      vertex -28.775 19.7084 -1.5005
      vertex -25.278 21.4569 -1.5005
    endloop
  endfacet
  facet normal -0 0 -1
    outer loop
      vertex -25.5 20 -1.5005
      vertex -28.775 19.7084 -1.5005
      vertex -25.3798 21.1435 -1.5005
    endloop
  endfacet
  facet normal 0 0 -1
    outer loop
      vertex -25.0245 17.7629 -1.5005
      vertex -28.775 19.7084 -1.5005
      vertex -25.3798 18.8565 -1.5005
    endloop
  endfacet
  facet normal 0 0 -1
    outer loop
      vertex -22.3295 8.96282 -1.5005
      vertex -30.05 17.5 -1.5005
      vertex -22.4943 9.46982 -1.5005
    endloop
  endfacet
  facet normal 0 0 -1
    outer loop
      vertex -25.3798 18.8565 -1.5005
      vertex -28.775 19.7084 -1.5005
      vertex -25.5 20 -1.5005
    endloop
  endfacet
  facet normal 0 0 -1
    outer loop
      vertex -22.4943 9.46982 -1.5005
      vertex -30.05 17.5 -1.5005
      vertex -22.55 10 -1.5005
    endloop
  endfacet
  facet normal 0 0 -1
    outer loop
      vertex -28.775 19.7084 -1.5005
      vertex -30.05 17.5 -1.5005
      vertex -29.2063 19.395 -1.5005
    endloop
  endfacet
  facet normal 0 0 -1
    outer loop
      vertex -29.2063 19.395 -1.5005
      vertex -30.05 17.5 -1.5005
      vertex -29.563 18.9989 -1.5005
    endloop
  endfacet
  facet normal 0 0 -1
    outer loop
      vertex -29.563 18.9989 -1.5005
      vertex -30.05 17.5 -1.5005
      vertex -29.8295 18.5372 -1.5005
    endloop
  endfacet
  facet normal 0 0 -1
    outer loop
      vertex -30.05 17.5 -1.5005
      vertex -29.55 -14.0153 -1.5005
      vertex -30.05 -14.3786 -1.5005
    endloop
  endfacet
  facet normal 0 0 -1
    outer loop
      vertex -29.8295 18.5372 -1.5005
      vertex -30.05 17.5 -1.5005
      vertex -29.9943 18.0302 -1.5005
    endloop
  endfacet
  facet normal 0 0 -1
    outer loop
      vertex 2.49428 20.5302 -1.5005
      vertex 14.5 20 -1.5005
      vertex 2.55 20 -1.5005
    endloop
  endfacet
  facet normal -0 0 -1
    outer loop
      vertex 14.6202 21.1435 -1.5005
      vertex 2.32954 21.0372 -1.5005
      vertex 8.775 29.7084 -1.5005
    endloop
  endfacet
  facet normal 0 0 -1
    outer loop
      vertex 14.5 20 -1.5005
      vertex 2.49428 20.5302 -1.5005
      vertex 14.6202 21.1435 -1.5005
    endloop
  endfacet
  facet normal 0 0 -1
    outer loop
      vertex 2.32954 21.0372 -1.5005
      vertex 14.6202 21.1435 -1.5005
      vertex 2.49428 20.5302 -1.5005
    endloop
  endfacet
  facet normal 0 0 -1
    outer loop
      vertex 1.275 17.7916 -1.5005
      vertex 14.6202 18.8565 -1.5005
      vertex 1.275 -17.7916 -1.5005
    endloop
  endfacet
  facet normal 0 0 -1
    outer loop
      vertex 14.6202 18.8565 -1.5005
      vertex 2.49428 19.4698 -1.5005
      vertex 14.5 20 -1.5005
    endloop
  endfacet
  facet normal 0 -0 -1
    outer loop
      vertex 1.70628 18.105 -1.5005
      vertex 14.6202 18.8565 -1.5005
      vertex 1.275 17.7916 -1.5005
    endloop
  endfacet
  facet normal 0 -0 -1
    outer loop
      vertex 2.49428 19.4698 -1.5005
      vertex 14.6202 18.8565 -1.5005
      vertex 2.32954 18.9628 -1.5005
    endloop
  endfacet
  facet normal 0 -0 -1
    outer loop
      vertex 2.06299 18.5011 -1.5005
      vertex 14.6202 18.8565 -1.5005
      vertex 1.70628 18.105 -1.5005
    endloop
  endfacet
  facet normal 0 -0 -1
    outer loop
      vertex 2.32954 18.9628 -1.5005
      vertex 14.6202 18.8565 -1.5005
      vertex 2.06299 18.5011 -1.5005
    endloop
  endfacet
  facet normal 0 0 -1
    outer loop
      vertex 0.787992 -17.5748 -1.5005
      vertex 1.275 17.7916 -1.5005
      vertex 1.275 -17.7916 -1.5005
    endloop
  endfacet
  facet normal 0 0 -1
    outer loop
      vertex 0.787992 -17.5748 -1.5005
      vertex 0.787992 17.5748 -1.5005
      vertex 1.275 17.7916 -1.5005
    endloop
  endfacet
  facet normal 0 0 -1
    outer loop
      vertex 0.266547 -17.464 -1.5005
      vertex 0.787992 17.5748 -1.5005
      vertex 0.787992 -17.5748 -1.5005
    endloop
  endfacet
  facet normal 0 0 -1
    outer loop
      vertex 0.266547 -17.464 -1.5005
      vertex 0.266547 17.464 -1.5005
      vertex 0.787992 17.5748 -1.5005
    endloop
  endfacet
  facet normal 0 0 -1
    outer loop
      vertex -0.266547 -17.464 -1.5005
      vertex 0.266547 17.464 -1.5005
      vertex 0.266547 -17.464 -1.5005
    endloop
  endfacet
  facet normal 0 0 -1
    outer loop
      vertex -0.266547 -17.464 -1.5005
      vertex -0.266547 17.464 -1.5005
      vertex 0.266547 17.464 -1.5005
    endloop
  endfacet
  facet normal 0 0 -1
    outer loop
      vertex -1.275 -17.7916 -1.5005
      vertex -17.5057 -9.46982 -1.5005
      vertex -0.787992 -17.5748 -1.5005
    endloop
  endfacet
  facet normal 0 0 -1
    outer loop
      vertex -17.6705 -8.96282 -1.5005
      vertex -0.787992 -17.5748 -1.5005
      vertex -17.5057 -9.46982 -1.5005
    endloop
  endfacet
  facet normal 0 0 -1
    outer loop
      vertex -17.5057 -9.46982 -1.5005
      vertex -1.275 -17.7916 -1.5005
      vertex -17.45 -10 -1.5005
    endloop
  endfacet
  facet normal 0 0 -1
    outer loop
      vertex -0.787992 -17.5748 -1.5005
      vertex -17.6705 -8.96282 -1.5005
      vertex -0.266547 -17.464 -1.5005
    endloop
  endfacet
  facet normal 0 0 -1
    outer loop
      vertex -17.45 -10 -1.5005
      vertex -1.275 -17.7916 -1.5005
      vertex -1.70628 -18.105 -1.5005
    endloop
  endfacet
  facet normal 0 0 -1
    outer loop
      vertex -0.266547 -17.464 -1.5005
      vertex -17.6705 -8.96282 -1.5005
      vertex -0.266547 17.464 -1.5005
    endloop
  endfacet
  facet normal 0 0 -1
    outer loop
      vertex -17.45 -10 -1.5005
      vertex -1.70628 -18.105 -1.5005
      vertex -2.06299 -18.5011 -1.5005
    endloop
  endfacet
  facet normal 0 0 -1
    outer loop
      vertex -17.6705 8.96282 -1.5005
      vertex -0.266547 17.464 -1.5005
      vertex -17.6705 -8.96282 -1.5005
    endloop
  endfacet
  facet normal 0 0 -1
    outer loop
      vertex -17.45 -10 -1.5005
      vertex -2.06299 -18.5011 -1.5005
      vertex -2.32954 -18.9628 -1.5005
    endloop
  endfacet
  facet normal -0 0 -1
    outer loop
      vertex -0.266547 17.464 -1.5005
      vertex -17.6705 8.96282 -1.5005
      vertex -0.787992 17.5748 -1.5005
    endloop
  endfacet
  facet normal 0 0 -1
    outer loop
      vertex -2.55 -20 -1.5005
      vertex -17.45 -10 -1.5005
      vertex -2.49428 -19.4698 -1.5005
    endloop
  endfacet
  facet normal 0 0 -1
    outer loop
      vertex -2.49428 -19.4698 -1.5005
      vertex -17.45 -10 -1.5005
      vertex -2.32954 -18.9628 -1.5005
    endloop
  endfacet
  facet normal 0 0 -1
    outer loop
      vertex -17.45 -10 -1.5005
      vertex -2.55 -20 -1.5005
      vertex -7.76655 -30.036 -1.5005
    endloop
  endfacet
  facet normal 0 -0 -1
    outer loop
      vertex -17.5057 9.46982 -1.5005
      vertex -0.787992 17.5748 -1.5005
      vertex -17.6705 8.96282 -1.5005
    endloop
  endfacet
  facet normal -0 0 -1
    outer loop
      vertex 15.5983 -19.0644 -1.5005
      vertex 2.49428 -19.4698 -1.5005
      vertex 2.32954 -18.9628 -1.5005
    endloop
  endfacet
  facet normal 0 0 -1
    outer loop
      vertex 2.06299 21.4989 -1.5005
      vertex 8.775 29.7084 -1.5005
      vertex 2.32954 21.0372 -1.5005
    endloop
  endfacet
  facet normal 0 -0 -1
    outer loop
      vertex 7.76655 30.036 -1.5005
      vertex 8.775 29.7084 -1.5005
      vertex 2.06299 21.4989 -1.5005
    endloop
  endfacet
  facet normal 0 0 -1
    outer loop
      vertex 8.775 29.7084 -1.5005
      vertex 7.76655 30.036 -1.5005
      vertex 8.28799 29.9252 -1.5005
    endloop
  endfacet
  facet normal 0 0 -1
    outer loop
      vertex 1.70628 21.895 -1.5005
      vertex 7.76655 30.036 -1.5005
      vertex 2.06299 21.4989 -1.5005
    endloop
  endfacet
  facet normal 0 0 -1
    outer loop
      vertex 1.275 22.2084 -1.5005
      vertex 7.76655 30.036 -1.5005
      vertex 1.70628 21.895 -1.5005
    endloop
  endfacet
  facet normal 0 0 -1
    outer loop
      vertex 0.787992 22.4252 -1.5005
      vertex 7.76655 30.036 -1.5005
      vertex 1.275 22.2084 -1.5005
    endloop
  endfacet
  facet normal 0 0 -1
    outer loop
      vertex 0.266547 22.536 -1.5005
      vertex 7.76655 30.036 -1.5005
      vertex 0.787992 22.4252 -1.5005
    endloop
  endfacet
  facet normal 0 0 -1
    outer loop
      vertex -0.266547 22.536 -1.5005
      vertex 7.76655 30.036 -1.5005
      vertex 0.266547 22.536 -1.5005
    endloop
  endfacet
  facet normal 0 0 -1
    outer loop
      vertex -7.76655 30.036 -1.5005
      vertex -0.266547 22.536 -1.5005
      vertex -0.787992 22.4252 -1.5005
    endloop
  endfacet
  facet normal 0 0 -1
    outer loop
      vertex -7.76655 30.036 -1.5005
      vertex -0.787992 22.4252 -1.5005
      vertex -1.275 22.2084 -1.5005
    endloop
  endfacet
  facet normal 0 0 -1
    outer loop
      vertex -7.76655 30.036 -1.5005
      vertex -1.275 22.2084 -1.5005
      vertex -1.70628 21.895 -1.5005
    endloop
  endfacet
  facet normal 0 0 -1
    outer loop
      vertex -0.266547 22.536 -1.5005
      vertex -7.76655 30.036 -1.5005
      vertex 7.76655 30.036 -1.5005
    endloop
  endfacet
  facet normal 0 0 -1
    outer loop
      vertex -2.06299 21.4989 -1.5005
      vertex -7.76655 30.036 -1.5005
      vertex -1.70628 21.895 -1.5005
    endloop
  endfacet
  facet normal 0 0 -1
    outer loop
      vertex -8.775 29.7084 -1.5005
      vertex -2.06299 21.4989 -1.5005
      vertex -2.32954 21.0372 -1.5005
    endloop
  endfacet
  facet normal 0 0 -1
    outer loop
      vertex -14.6202 21.1435 -1.5005
      vertex -2.49428 20.5302 -1.5005
      vertex -14.5 20 -1.5005
    endloop
  endfacet
  facet normal 0 0 -1
    outer loop
      vertex -14.5 20 -1.5005
      vertex -2.49428 20.5302 -1.5005
      vertex -2.55 20 -1.5005
    endloop
  endfacet
  facet normal 0 0 -1
    outer loop
      vertex -15.5983 -19.0644 -1.5005
      vertex -7.76655 -30.036 -1.5005
      vertex -15.5 -20 -1.5005
    endloop
  endfacet
  facet normal 0 0 -1
    outer loop
      vertex -8.775 -29.7084 -1.5005
      vertex -7.76655 -30.036 -1.5005
      vertex -8.28799 -29.9252 -1.5005
    endloop
  endfacet
  facet normal 0 -0 -1
    outer loop
      vertex -14.5 20 -1.5005
      vertex -2.49428 19.4698 -1.5005
      vertex -14.6202 18.8565 -1.5005
    endloop
  endfacet
  facet normal 0 0 -1
    outer loop
      vertex -7.76655 -30.036 -1.5005
      vertex -8.775 -29.7084 -1.5005
      vertex -15.5 -20 -1.5005
    endloop
  endfacet
  facet normal 0 0 -1
    outer loop
      vertex -2.49428 19.4698 -1.5005
      vertex -14.5 20 -1.5005
      vertex -2.55 20 -1.5005
    endloop
  endfacet
  facet normal 0 0 -1
    outer loop
      vertex -2.49428 20.5302 -1.5005
      vertex -14.6202 21.1435 -1.5005
      vertex -2.32954 21.0372 -1.5005
    endloop
  endfacet
  facet normal 0 0 -1
    outer loop
      vertex -7.76655 30.036 -1.5005
      vertex -8.775 29.7084 -1.5005
      vertex -8.28799 29.9252 -1.5005
    endloop
  endfacet
  facet normal 0 0 -1
    outer loop
      vertex -2.06299 21.4989 -1.5005
      vertex -8.775 29.7084 -1.5005
      vertex -7.76655 30.036 -1.5005
    endloop
  endfacet
  facet normal 0 0 -1
    outer loop
      vertex -15.889 -18.1697 -1.5005
      vertex -7.76655 -30.036 -1.5005
      vertex -15.5983 -19.0644 -1.5005
    endloop
  endfacet
  facet normal 0 0 -1
    outer loop
      vertex -8.775 -29.7084 -1.5005
      vertex -15.5983 -20.9356 -1.5005
      vertex -15.5 -20 -1.5005
    endloop
  endfacet
  facet normal 0 0 -1
    outer loop
      vertex -8.775 -29.7084 -1.5005
      vertex -15.889 -21.8303 -1.5005
      vertex -15.5983 -20.9356 -1.5005
    endloop
  endfacet
  facet normal 0 0 -1
    outer loop
      vertex -8.775 -29.7084 -1.5005
      vertex -16.3594 -22.645 -1.5005
      vertex -15.889 -21.8303 -1.5005
    endloop
  endfacet
  facet normal 0 0 -1
    outer loop
      vertex -8.775 -29.7084 -1.5005
      vertex -16.9889 -23.3442 -1.5005
      vertex -16.3594 -22.645 -1.5005
    endloop
  endfacet
  facet normal 0 0 -1
    outer loop
      vertex -8.775 -29.7084 -1.5005
      vertex -17.75 -23.8971 -1.5005
      vertex -16.9889 -23.3442 -1.5005
    endloop
  endfacet
  facet normal 0 0 -1
    outer loop
      vertex -8.775 -29.7084 -1.5005
      vertex -18.6094 -24.2798 -1.5005
      vertex -17.75 -23.8971 -1.5005
    endloop
  endfacet
  facet normal 0 -0 -1
    outer loop
      vertex -18.6094 -24.2798 -1.5005
      vertex -8.775 -29.7084 -1.5005
      vertex -19.3271 -24.4323 -1.5005
    endloop
  endfacet
  facet normal 0 0.951085 0.308928
    outer loop
      vertex 4.251 23.0596 54.6346
      vertex -0.750999 22.9401 55.0025
      vertex 4.251 22.9401 55.0025
    endloop
  endfacet
  facet normal 0 0.951085 0.308928
    outer loop
      vertex -0.750999 22.9401 55.0025
      vertex 4.251 23.0596 54.6346
      vertex -0.750999 23.0596 54.6346
    endloop
  endfacet
  facet normal -0.447217 0.894425 0
    outer loop
      vertex -8.775 29.7084 -1.5005
      vertex -17.9987 25.0965 1.5005
      vertex -8.775 29.7084 1.5005
    endloop
  endfacet
  facet normal -0.447217 0.894425 0
    outer loop
      vertex -17.9987 25.0965 1.5005
      vertex -8.775 29.7084 -1.5005
      vertex -17.9987 25.0965 -1.5005
    endloop
  endfacet
  facet normal -0.447214 0.894427 0
    outer loop
      vertex -25.278 21.4569 -1.5005
      vertex -28.775 19.7084 1.5005
      vertex -25.278 21.4569 1.5005
    endloop
  endfacet
  facet normal -0.447214 0.894427 0
    outer loop
      vertex -28.775 19.7084 1.5005
      vertex -25.278 21.4569 -1.5005
      vertex -28.775 19.7084 -1.5005
    endloop
  endfacet
  facet normal -0.440176 0.880367 0.176633
    outer loop
      vertex -0.750999 23.0596 54.6346
      vertex -11.25 22.9534 29
      vertex -11.25 21.8041 34.7283
    endloop
  endfacet
  facet normal -0.440313 0.880287 0.176689
    outer loop
      vertex -0.750999 23.0596 54.6346
      vertex -11.2937 23.015 28.5842
      vertex -11.25 22.9534 29
    endloop
  endfacet
  facet normal -0.440181 0.880364 0.176636
    outer loop
      vertex -8.775 29.7084 1.5005
      vertex -11.2937 23.015 28.5842
      vertex -0.750999 23.0596 54.6346
    endloop
  endfacet
  facet normal -0.440185 0.880369 0.176599
    outer loop
      vertex -13.0409 22.457 27.011
      vertex -15.9749 21.239 25.7697
      vertex -15.3203 21.3173 27.011
    endloop
  endfacet
  facet normal -0.440136 0.880429 0.176425
    outer loop
      vertex -12.632 22.644 27.0979
      vertex -15.9749 21.239 25.7697
      vertex -13.0409 22.457 27.011
    endloop
  endfacet
  facet normal -0.440192 0.880357 0.176641
    outer loop
      vertex -12.632 22.644 27.0979
      vertex -20.8821 21.239 13.5409
      vertex -15.9749 21.239 25.7697
    endloop
  endfacet
  facet normal -0.440233 0.88034 0.176623
    outer loop
      vertex -8.775 29.7084 1.5005
      vertex -12.632 22.644 27.0979
      vertex -12.25 22.8009 27.268
    endloop
  endfacet
  facet normal -0.44008 0.880409 0.176662
    outer loop
      vertex -8.775 29.7084 1.5005
      vertex -12.25 22.8009 27.268
      vertex -11.9117 22.9207 27.5137
    endloop
  endfacet
  facet normal -0.440384 0.880271 0.17659
    outer loop
      vertex -8.775 29.7084 1.5005
      vertex -11.9117 22.9207 27.5137
      vertex -11.632 22.9983 27.8244
    endloop
  endfacet
  facet normal -0.440187 0.880363 0.176628
    outer loop
      vertex -25.4174 20.7855 4.499
      vertex -23.0744 20.4256 12.132
      vertex -17.3623 24.8131 4.499
    endloop
  endfacet
  facet normal -0.440156 0.880372 0.176656
    outer loop
      vertex -22.3407 20.7363 12.4117
      vertex -17.3623 24.8131 4.499
      vertex -23.0744 20.4256 12.132
    endloop
  endfacet
  facet normal -0.440116 0.880386 0.176689
    outer loop
      vertex -21.7134 20.982 12.75
      vertex -17.3623 24.8131 4.499
      vertex -22.3407 20.7363 12.4117
    endloop
  endfacet
  facet normal -0.440232 0.880344 0.176608
    outer loop
      vertex -21.22 21.1521 13.132
      vertex -17.3623 24.8131 4.499
      vertex -21.7134 20.982 12.75
    endloop
  endfacet
  facet normal -0.440171 0.880367 0.176645
    outer loop
      vertex -20.8821 21.239 13.5409
      vertex -17.3623 24.8131 4.499
      vertex -21.22 21.1521 13.132
    endloop
  endfacet
  facet normal -0.440185 0.880362 0.176636
    outer loop
      vertex -12.632 22.644 27.0979
      vertex -8.775 29.7084 1.5005
      vertex -20.8821 21.239 13.5409
    endloop
  endfacet
  facet normal -0.439897 0.880493 0.176699
    outer loop
      vertex -8.775 29.7084 1.5005
      vertex -11.632 22.9983 27.8244
      vertex -11.4229 23.0301 28.1865
    endloop
  endfacet
  facet normal -0.440588 0.880177 0.176552
    outer loop
      vertex -11.2937 23.015 28.5842
      vertex -8.775 29.7084 1.5005
      vertex -11.4229 23.0301 28.1865
    endloop
  endfacet
  facet normal -0.440183 0.880362 0.176638
    outer loop
      vertex -20.8821 21.239 13.5409
      vertex -8.775 29.7084 1.5005
      vertex -17.3623 24.8131 4.499
    endloop
  endfacet
  facet normal -0.440186 0.880362 0.176631
    outer loop
      vertex -17.3623 24.8131 4.499
      vertex -8.775 29.7084 1.5005
      vertex -17.9987 25.0965 1.5005
    endloop
  endfacet
  facet normal -0.44065 0.880105 0.176758
    outer loop
      vertex -23.0744 20.4256 12.132
      vertex -25.4174 20.7855 4.499
      vertex -23.1825 20.3771 12.104
    endloop
  endfacet
  facet normal -0.440157 0.880377 0.176628
    outer loop
      vertex -25.4174 20.7855 4.499
      vertex -28.775 19.7084 1.5005
      vertex -23.1825 20.3771 12.104
    endloop
  endfacet
  facet normal -0.440173 0.880365 0.17665
    outer loop
      vertex -25.3798 21.1435 2.80854
      vertex -28.775 19.7084 1.5005
      vertex -25.4174 20.7855 4.499
    endloop
  endfacet
  facet normal -0.440179 0.880358 0.176672
    outer loop
      vertex -28.775 19.7084 1.5005
      vertex -25.3798 21.1435 2.80854
      vertex -25.278 21.4569 1.5005
    endloop
  endfacet
  facet normal -0.205368 -0.96649 0.154014
    outer loop
      vertex -0.750999 -23.0596 54.6346
      vertex -8.28799 -29.9252 1.5005
      vertex -7.76655 -30.036 1.5005
    endloop
  endfacet
  facet normal -0.205368 0.96649 0.154014
    outer loop
      vertex -7.76655 30.036 1.5005
      vertex -8.28799 29.9252 1.5005
      vertex -0.750999 23.0596 54.6346
    endloop
  endfacet
  facet normal -0.688737 -0.627841 0.362569
    outer loop
      vertex -0.750999 -22.7467 55.3374
      vertex -2.0005 -15.9548 64.725
      vertex -0.750999 -22.9401 55.0025
    endloop
  endfacet
  facet normal 0.999657 0.0027642 -0.0260572
    outer loop
      vertex 5.6005 9.01334 60.3645
      vertex 5.44437 10.1941 54.5
      vertex 5.44364 10.4581 54.5
    endloop
  endfacet
  facet normal 0.999657 0.0027398 -0.0260621
    outer loop
      vertex 5.44437 10.1941 54.5
      vertex 5.6005 9.01334 60.3645
      vertex 5.6005 8.72226 60.3339
    endloop
  endfacet
  facet normal -0.999653 -0.0131573 -0.0228029
    outer loop
      vertex -1.83756 -16.0521 54.25
      vertex -2.0005 -14.8533 60.7014
      vertex -1.84104 -15.7877 54.25
    endloop
  endfacet
  facet normal -0.999653 -0.0131599 -0.0228024
    outer loop
      vertex -2.0005 -14.8533 60.7014
      vertex -1.83756 -16.0521 54.25
      vertex -2.0005 -15.134 60.8634
    endloop
  endfacet
  facet normal 0.95032 0.253057 0.181255
    outer loop
      vertex 4.28505 22.4448 55.5803
      vertex 5.6005 10.9548 64.725
      vertex 4.28605 22.4404 55.5812
    endloop
  endfacet
  facet normal 0.948004 0.257449 0.187107
    outer loop
      vertex 5.6005 10.9548 64.725
      vertex 4.28505 22.4448 55.5803
      vertex 5.6005 10.7827 64.9618
    endloop
  endfacet
  facet normal 0.999663 0.00538611 -0.0254114
    outer loop
      vertex 5.44364 10.4581 54.5
      vertex 5.44339 10.5045 54.5
      vertex 5.6005 9.01334 60.3645
    endloop
  endfacet
  facet normal 0.999566 0.0197184 -0.0218925
    outer loop
      vertex 5.6005 10.3748 61.0802
      vertex 5.42085 12.1759 54.5
      vertex 5.6005 10.5923 61.2761
    endloop
  endfacet
  facet normal 0.999566 0.0197122 -0.0218942
    outer loop
      vertex 5.42085 12.1759 54.5
      vertex 5.6005 10.3748 61.0802
      vertex 5.42537 11.9467 54.5
    endloop
  endfacet
  facet normal -0.997402 -0.070462 -0.0149749
    outer loop
      vertex -1.78993 -17.4673 54.25
      vertex -2.0005 -16.273 62.6554
      vertex -1.79573 -17.3852 54.25
    endloop
  endfacet
  facet normal -0.997401 -0.070479 -0.0149725
    outer loop
      vertex -2.0005 -16.273 62.6554
      vertex -1.78993 -17.4673 54.25
      vertex -2.0005 -16.3338 62.9416
    endloop
  endfacet
  facet normal 0.999641 -0.00827944 -0.0254977
    outer loop
      vertex 5.44125 -15.1802 54.5
      vertex 5.6005 -14.0133 60.3645
      vertex 5.6005 -14.2917 60.4549
    endloop
  endfacet
  facet normal 0.999641 -0.00829802 -0.025494
    outer loop
      vertex 5.6005 -14.0133 60.3645
      vertex 5.44125 -15.1802 54.5
      vertex 5.44339 -14.9224 54.5
    endloop
  endfacet
  facet normal 0.992178 0.124143 0.0130789
    outer loop
      vertex 4.44306 21.414 55.6835
      vertex 5.6005 11.3338 63.5584
      vertex 4.45512 21.3203 55.658
    endloop
  endfacet
  facet normal 0.992179 0.124138 0.0130735
    outer loop
      vertex 5.6005 11.3338 63.5584
      vertex 4.44306 21.414 55.6835
      vertex 4.41178 21.6625 55.6978
    endloop
  endfacet
  facet normal 0.999642 0 -0.0267714
    outer loop
      vertex 5.44517 -14.3258 54.5
      vertex 5.6005 8.4 60.3
      vertex 5.6005 -13.4 60.3
    endloop
  endfacet
  facet normal 0.999642 0 -0.0267714
    outer loop
      vertex 5.6005 8.4 60.3
      vertex 5.44517 -14.3258 54.5
      vertex 5.44517 9.90133 54.5
    endloop
  endfacet
  facet normal 0.999649 -0.00276864 -0.0263292
    outer loop
      vertex 5.6005 -14.0133 60.3645
      vertex 5.44437 -14.6156 54.5
      vertex 5.6005 -13.7223 60.3339
    endloop
  endfacet
  facet normal 0.999649 -0.00279168 -0.0263269
    outer loop
      vertex 5.44437 -14.6156 54.5
      vertex 5.6005 -14.0133 60.3645
      vertex 5.44364 -14.877 54.5
    endloop
  endfacet
  facet normal 0.999657 0.00273158 -0.0260642
    outer loop
      vertex 5.6005 8.72226 60.3339
      vertex 5.44517 9.90133 54.5
      vertex 5.44437 10.1941 54.5
    endloop
  endfacet
  facet normal 0.999657 0.0027416 -0.0260622
    outer loop
      vertex 5.44517 9.90133 54.5
      vertex 5.6005 8.72226 60.3339
      vertex 5.6005 8.4 60.3
    endloop
  endfacet
  facet normal 0 -0.104578 0.994517
    outer loop
      vertex -2.0005 -13.7223 66.1661
      vertex 5.6005 -14.0133 66.1355
      vertex 5.6005 -13.7223 66.1661
    endloop
  endfacet
  facet normal 0 -0.104578 0.994517
    outer loop
      vertex 5.6005 -14.0133 66.1355
      vertex -2.0005 -13.7223 66.1661
      vertex -2.0005 -14.0133 66.1355
    endloop
  endfacet
  facet normal 0.999566 0.0197121 -0.0218942
    outer loop
      vertex 5.6005 10.134 60.8634
      vertex 5.42537 11.9467 54.5
      vertex 5.6005 10.3748 61.0802
    endloop
  endfacet
  facet normal 0.999566 0.019702 -0.0218971
    outer loop
      vertex 5.42537 11.9467 54.5
      vertex 5.6005 10.134 60.8634
      vertex 5.43041 11.691 54.5
    endloop
  endfacet
  facet normal -0 0 1
    outer loop
      vertex -2.0005 8.4 66.2
      vertex 5.6005 -13.4 66.2
      vertex 5.6005 8.4 66.2
    endloop
  endfacet
  facet normal 0 0 1
    outer loop
      vertex 5.6005 -13.4 66.2
      vertex -2.0005 8.4 66.2
      vertex -2.0005 -13.4 66.2
    endloop
  endfacet
  facet normal -0.999575 0.0216722 -0.0194718
    outer loop
      vertex -1.82803 12.2343 54.25
      vertex -2.0005 10.5923 61.2761
      vertex -1.82705 12.2795 54.25
    endloop
  endfacet
  facet normal 0.999622 -0.0113039 -0.0250641
    outer loop
      vertex 5.6005 -14.5999 60.555
      vertex 5.43839 -15.5098 54.5
      vertex 5.4389 -15.4647 54.5
    endloop
  endfacet
  facet normal 0.999649 -0.00276939 -0.0263296
    outer loop
      vertex 5.6005 -13.7223 60.3339
      vertex 5.44517 -14.3258 54.5
      vertex 5.6005 -13.4 60.3
    endloop
  endfacet
  facet normal 0.999649 -0.00275956 -0.0263306
    outer loop
      vertex 5.44517 -14.3258 54.5
      vertex 5.6005 -13.7223 60.3339
      vertex 5.44437 -14.6156 54.5
    endloop
  endfacet
  facet normal 0.999596 -0.0142256 -0.0246228
    outer loop
      vertex 5.43496 -15.7515 54.5
      vertex 5.6005 -14.5999 60.555
      vertex 5.6005 -14.8533 60.7014
    endloop
  endfacet
  facet normal 0.999596 -0.0141854 -0.0246304
    outer loop
      vertex 5.6005 -14.5999 60.555
      vertex 5.43496 -15.7515 54.5
      vertex 5.43839 -15.5098 54.5
    endloop
  endfacet
  facet normal -0 0.629617 0.776906
    outer loop
      vertex -0.750999 22.4879 55.6248
      vertex 5.6005 10.134 65.6366
      vertex 4.251 22.4879 55.6248
    endloop
  endfacet
  facet normal 0 0.629617 0.776906
    outer loop
      vertex 5.6005 10.134 65.6366
      vertex -0.750999 22.4879 55.6248
      vertex -2.0005 10.134 65.6366
    endloop
  endfacet
  facet normal -0.999687 0.0125257 -0.0216557
    outer loop
      vertex -2.0005 9.59987 60.555
      vertex -1.84104 11.4258 54.25
      vertex -1.84421 11.1728 54.25
    endloop
  endfacet
  facet normal -0.999687 0.0125105 -0.0216601
    outer loop
      vertex -1.84104 11.4258 54.25
      vertex -2.0005 9.59987 60.555
      vertex -2.0005 9.85334 60.7014
    endloop
  endfacet
  facet normal 0.999649 -0.00550467 -0.0259273
    outer loop
      vertex 5.6005 -14.0133 60.3645
      vertex 5.44339 -14.9224 54.5
      vertex 5.44364 -14.877 54.5
    endloop
  endfacet
  facet normal 0.99697 -0.0760863 -0.0161637
    outer loop
      vertex 5.37962 -17.4347 54.5
      vertex 5.6005 -16.273 62.6554
      vertex 5.6005 -16.3338 62.9416
    endloop
  endfacet
  facet normal 0.996974 -0.0760404 -0.0161703
    outer loop
      vertex 5.6005 -16.273 62.6554
      vertex 5.37962 -17.4347 54.5
      vertex 5.38592 -17.3521 54.5
    endloop
  endfacet
  facet normal -0.988937 0.141076 0.0458308
    outer loop
      vertex -0.877099 21.8053 55.7744
      vertex -2.0005 11.2056 64.1616
      vertex -0.851392 21.9972 55.7384
    endloop
  endfacet
  facet normal -0.988925 0.141136 0.0459086
    outer loop
      vertex -2.0005 11.2056 64.1616
      vertex -0.877099 21.8053 55.7744
      vertex -0.899233 21.6533 55.7649
    endloop
  endfacet
  facet normal -0.993282 0.115078 0.0121329
    outer loop
      vertex -0.926853 21.4229 55.7616
      vertex -2.0005 11.3338 63.5584
      vertex -0.908941 21.5774 55.7626
    endloop
  endfacet
  facet normal -0.99332 0.114795 0.0117622
    outer loop
      vertex -0.927224 21.4197 55.7615
      vertex -2.0005 11.3338 63.5584
      vertex -0.926853 21.4229 55.7616
    endloop
  endfacet
  facet normal -0.99329 0.11502 0.0120572
    outer loop
      vertex -2.0005 11.3338 63.5584
      vertex -0.927224 21.4197 55.7615
      vertex -0.948561 21.2396 55.7218
    endloop
  endfacet
  facet normal -0.999216 -0.0342507 -0.0198762
    outer loop
      vertex -1.81533 -16.99 54.25
      vertex -2.0005 -15.9548 61.775
      vertex -1.81654 -16.9547 54.25
    endloop
  endfacet
  facet normal 0.999641 -0.00828095 -0.0254964
    outer loop
      vertex 5.4389 -15.4647 54.5
      vertex 5.6005 -14.2917 60.4549
      vertex 5.6005 -14.5999 60.555
    endloop
  endfacet
  facet normal 0.999641 -0.00825714 -0.0255011
    outer loop
      vertex 5.6005 -14.2917 60.4549
      vertex 5.4389 -15.4647 54.5
      vertex 5.44125 -15.1802 54.5
    endloop
  endfacet
  facet normal -0.997402 -0.0704686 -0.0149737
    outer loop
      vertex -1.79573 -17.3852 54.25
      vertex -2.0005 -16.2056 62.3384
      vertex -1.80223 -17.2932 54.25
    endloop
  endfacet
  facet normal -0.997403 -0.070443 -0.0149775
    outer loop
      vertex -2.0005 -16.2056 62.3384
      vertex -1.79573 -17.3852 54.25
      vertex -2.0005 -16.273 62.6554
    endloop
  endfacet
  facet normal 0.999555 -0.0175037 -0.0241682
    outer loop
      vertex 5.6005 -15.134 60.8634
      vertex 5.43041 -16.0608 54.5
      vertex 5.43117 -16.0174 54.5
    endloop
  endfacet
  facet normal 0.999078 -0.037209 -0.0214341
    outer loop
      vertex 5.6005 -15.9548 61.775
      vertex 5.40715 -16.9556 54.5
      vertex 5.40842 -16.9215 54.5
    endloop
  endfacet
  facet normal 0.935511 -0.335995 0.10921
    outer loop
      vertex 5.6005 -16.2056 64.1616
      vertex 4.29466 -22.7395 55.2455
      vertex 4.34685 -22.5728 55.3113
    endloop
  endfacet
  facet normal 0.916001 -0.375557 0.14106
    outer loop
      vertex 5.6005 -16.2056 64.1616
      vertex 4.29445 -22.7402 55.245
      vertex 4.29466 -22.7395 55.2455
    endloop
  endfacet
  facet normal 0.936113 -0.33466 0.108142
    outer loop
      vertex 4.29445 -22.7402 55.245
      vertex 5.6005 -16.2056 64.1616
      vertex 4.251 -22.9401 55.0025
    endloop
  endfacet
  facet normal 0 -0.500255 0.865878
    outer loop
      vertex -2.0005 -14.5999 65.945
      vertex 5.6005 -14.8533 65.7986
      vertex 5.6005 -14.5999 65.945
    endloop
  endfacet
  facet normal 0 -0.500255 0.865878
    outer loop
      vertex 5.6005 -14.8533 65.7986
      vertex -2.0005 -14.5999 65.945
      vertex -2.0005 -14.8533 65.7986
    endloop
  endfacet
  facet normal 0.660448 -0.650236 0.375502
    outer loop
      vertex 4.251 -22.7467 55.3374
      vertex 4.251 -22.9401 55.0025
      vertex 5.6005 -15.9548 64.725
    endloop
  endfacet
  facet normal -0.997331 0.0726167 -0.00765222
    outer loop
      vertex -1.78993 13.3099 54.25
      vertex -2.0005 11.3338 62.9416
      vertex -1.78835 13.3316 54.25
    endloop
  endfacet
  facet normal -0.999703 0.009793 -0.0223378
    outer loop
      vertex -1.84469 11.1238 54.25
      vertex -2.0005 9.59987 60.555
      vertex -1.84421 11.1728 54.25
    endloop
  endfacet
  facet normal 0.987133 0.152081 0.0494011
    outer loop
      vertex 4.39138 21.7982 55.7129
      vertex 5.6005 11.2056 64.1616
      vertex 4.40244 21.7294 55.7037
    endloop
  endfacet
  facet normal 0.986603 0.15447 0.0524713
    outer loop
      vertex 4.39091 21.8011 55.7132
      vertex 5.6005 11.2056 64.1616
      vertex 4.39138 21.7982 55.7129
    endloop
  endfacet
  facet normal 0.987127 0.152106 0.0494323
    outer loop
      vertex 5.6005 11.2056 64.1616
      vertex 4.39091 21.8011 55.7132
      vertex 4.35084 22.0719 55.6801
    endloop
  endfacet
  facet normal 0.999607 0.0164438 -0.0226955
    outer loop
      vertex 5.43117 11.6448 54.5
      vertex 5.43041 11.691 54.5
      vertex 5.6005 10.134 60.8634
    endloop
  endfacet
  facet normal 0.99909 0.0389739 -0.0173539
    outer loop
      vertex 5.6005 11.0738 62.0424
      vertex 5.39446 12.9972 54.5
      vertex 5.6005 11.2056 62.3384
    endloop
  endfacet
  facet normal 0.999088 0.0390232 -0.0173413
    outer loop
      vertex 5.39446 12.9972 54.5
      vertex 5.6005 11.0738 62.0424
      vertex 5.4011 12.8272 54.5
    endloop
  endfacet
  facet normal 0.999408 -0.0255488 -0.0230357
    outer loop
      vertex 5.6005 -15.5923 61.2761
      vertex 5.41983 -16.5501 54.5
      vertex 5.42085 -16.5102 54.5
    endloop
  endfacet
  facet normal -0.999693 0 -0.0247891
    outer loop
      vertex -1.85048 -14.3657 54.25
      vertex -2.0005 8.4 60.3
      vertex -1.85048 9.96604 54.25
    endloop
  endfacet
  facet normal -0.999693 -0 -0.0247891
    outer loop
      vertex -2.0005 8.4 60.3
      vertex -1.85048 -14.3657 54.25
      vertex -2.0005 -13.4 60.3
    endloop
  endfacet
  facet normal 0 -0.104604 0.994514
    outer loop
      vertex -2.0005 -13.4 66.2
      vertex 5.6005 -13.7223 66.1661
      vertex 5.6005 -13.4 66.2
    endloop
  endfacet
  facet normal 0 -0.104604 0.994514
    outer loop
      vertex 5.6005 -13.7223 66.1661
      vertex -2.0005 -13.4 66.2
      vertex -2.0005 -13.7223 66.1661
    endloop
  endfacet
  facet normal -0.97532 0.191224 0.110383
    outer loop
      vertex -0.821466 22.1662 55.7204
      vertex -2.0005 10.9548 64.725
      vertex -0.788986 22.3882 55.6228
    endloop
  endfacet
  facet normal -0.974423 0.193817 0.113729
    outer loop
      vertex -0.821658 22.165 55.7208
      vertex -2.0005 10.9548 64.725
      vertex -0.821466 22.1662 55.7204
    endloop
  endfacet
  facet normal -0.975312 0.191247 0.110412
    outer loop
      vertex -2.0005 10.9548 64.725
      vertex -0.821658 22.165 55.7208
      vertex -0.844711 22.0412 55.7316
    endloop
  endfacet
  facet normal 0.999662 0.00804844 -0.0247352
    outer loop
      vertex 5.6005 9.29169 60.4549
      vertex 5.44339 10.5045 54.5
      vertex 5.44125 10.7703 54.5
    endloop
  endfacet
  facet normal 0.999662 0.00803421 -0.0247381
    outer loop
      vertex 5.44339 10.5045 54.5
      vertex 5.6005 9.29169 60.4549
      vertex 5.6005 9.01334 60.3645
    endloop
  endfacet
  facet normal 0.961518 -0.268736 0.0571382
    outer loop
      vertex 4.34685 -22.5728 55.3113
      vertex 5.6005 -16.273 63.8446
      vertex 5.6005 -16.2056 64.1616
    endloop
  endfacet
  facet normal 0.961812 -0.267831 0.0564266
    outer loop
      vertex 5.6005 -16.273 63.8446
      vertex 4.34685 -22.5728 55.3113
      vertex 4.35173 -22.553 55.3221
    endloop
  endfacet
  facet normal -0.977247 -0.210943 0.0221522
    outer loop
      vertex -0.861734 -22.4635 55.4255
      vertex -2.0005 -16.3338 63.5584
      vertex -0.920867 -22.1801 55.5155
    endloop
  endfacet
  facet normal -0.983379 -0.181566 -4.63247e-06
    outer loop
      vertex -1.73848 -17.7527 54.25
      vertex -2.0005 -16.3338 62.9416
      vertex -1.78835 -17.4826 54.25
    endloop
  endfacet
  facet normal -0.983373 -0.181597 5.31259e-07
    outer loop
      vertex -1.06472 -21.4012 55.5053
      vertex -2.0005 -16.3338 62.9416
      vertex -1.73848 -17.7527 54.25
    endloop
  endfacet
  facet normal -0.983445 -0.181205 -0.000276007
    outer loop
      vertex -1.06367 -21.4069 55.5062
      vertex -2.0005 -16.3338 62.9416
      vertex -1.06472 -21.4012 55.5053
    endloop
  endfacet
  facet normal -0.983368 -0.181625 2.07875e-05
    outer loop
      vertex -0.992856 -21.7903 55.5586
      vertex -2.0005 -16.3338 62.9416
      vertex -1.06367 -21.4069 55.5062
    endloop
  endfacet
  facet normal -0.983371 -0.181607 7.03863e-06
    outer loop
      vertex -0.926409 -22.1501 55.5261
      vertex -2.0005 -16.3338 62.9416
      vertex -0.992856 -21.7903 55.5586
    endloop
  endfacet
  facet normal -0.983594 -0.180393 -0.000977905
    outer loop
      vertex -0.925858 -22.1531 55.5253
      vertex -2.0005 -16.3338 62.9416
      vertex -0.926409 -22.1501 55.5261
    endloop
  endfacet
  facet normal -0.983373 -0.181598 0
    outer loop
      vertex -2.0005 -16.3338 62.9416
      vertex -0.925858 -22.1531 55.5253
      vertex -2.0005 -16.3338 63.5584
    endloop
  endfacet
  facet normal -0.983329 -0.181834 0.000177102
    outer loop
      vertex -2.0005 -16.3338 63.5584
      vertex -0.925858 -22.1531 55.5253
      vertex -0.920867 -22.1801 55.5155
    endloop
  endfacet
  facet normal -0.998418 0.0549936 -0.0116854
    outer loop
      vertex -2.0005 11.273 62.6554
      vertex -1.78993 13.3099 54.25
      vertex -1.79573 13.2046 54.25
    endloop
  endfacet
  facet normal -0.998418 0.0549994 -0.011684
    outer loop
      vertex -1.78993 13.3099 54.25
      vertex -2.0005 11.273 62.6554
      vertex -2.0005 11.3338 62.9416
    endloop
  endfacet
  facet normal -0 0.500151 0.865938
    outer loop
      vertex -2.0005 9.85334 65.7986
      vertex 5.6005 9.59987 65.945
      vertex 5.6005 9.85334 65.7986
    endloop
  endfacet
  facet normal 0 0.500151 0.865938
    outer loop
      vertex 5.6005 9.59987 65.945
      vertex -2.0005 9.85334 65.7986
      vertex -2.0005 9.59987 65.945
    endloop
  endfacet
  facet normal -0.96712 -0.248909 0.0521848
    outer loop
      vertex -0.859367 -22.4732 55.4231
      vertex -2.0005 -16.3338 63.5584
      vertex -0.861734 -22.4635 55.4255
    endloop
  endfacet
  facet normal -0.966763 -0.250095 0.0531298
    outer loop
      vertex -2.0005 -16.3338 63.5584
      vertex -0.859367 -22.4732 55.4231
      vertex -2.0005 -16.273 63.8446
    endloop
  endfacet
  facet normal -0.965927 -0.252845 0.0552678
    outer loop
      vertex -2.0005 -16.273 63.8446
      vertex -0.859367 -22.4732 55.4231
      vertex -0.857019 -22.4837 55.4161
    endloop
  endfacet
  facet normal 0.97132 0.205873 0.118967
    outer loop
      vertex 4.33314 22.1618 55.6787
      vertex 5.6005 10.9548 64.725
      vertex 4.34469 22.108 55.6775
    endloop
  endfacet
  facet normal 0.973935 0.198597 0.109587
    outer loop
      vertex 4.33287 22.1634 55.6782
      vertex 5.6005 10.9548 64.725
      vertex 4.33314 22.1618 55.6787
    endloop
  endfacet
  facet normal 0.971342 0.205815 0.118893
    outer loop
      vertex 5.6005 10.9548 64.725
      vertex 4.33287 22.1634 55.6782
      vertex 4.28605 22.4404 55.5812
    endloop
  endfacet
  facet normal 0.999662 0.00801503 -0.0247424
    outer loop
      vertex 5.6005 9.59987 60.555
      vertex 5.44125 10.7703 54.5
      vertex 5.4389 11.0634 54.5
    endloop
  endfacet
  facet normal 0.999662 0.0080353 -0.0247385
    outer loop
      vertex 5.44125 10.7703 54.5
      vertex 5.6005 9.59987 60.555
      vertex 5.6005 9.29169 60.4549
    endloop
  endfacet
  facet normal 0.99928 -0.0306911 -0.0223055
    outer loop
      vertex 5.40842 -16.9215 54.5
      vertex 5.6005 -15.7827 61.5382
      vertex 5.6005 -15.9548 61.775
    endloop
  endfacet
  facet normal 0.99928 -0.0307076 -0.0223028
    outer loop
      vertex 5.6005 -15.7827 61.5382
      vertex 5.40842 -16.9215 54.5
      vertex 5.41381 -16.7461 54.5
    endloop
  endfacet
  facet normal -0.999699 -0.00256432 -0.0243799
    outer loop
      vertex -1.85048 -14.3657 54.25
      vertex -2.0005 -13.7223 60.3339
      vertex -2.0005 -13.4 60.3
    endloop
  endfacet
  facet normal -0.999699 -0.00256689 -0.0243797
    outer loop
      vertex -2.0005 -13.7223 60.3339
      vertex -1.85048 -14.3657 54.25
      vertex -1.84974 -14.6539 54.25
    endloop
  endfacet
  facet normal -0.999699 -0.00256369 -0.0243801
    outer loop
      vertex -1.84974 -14.6539 54.25
      vertex -2.0005 -14.0133 60.3645
      vertex -2.0005 -13.7223 60.3339
    endloop
  endfacet
  facet normal -0.999699 -0.00257714 -0.0243787
    outer loop
      vertex -2.0005 -14.0133 60.3645
      vertex -1.84974 -14.6539 54.25
      vertex -1.84907 -14.9138 54.25
    endloop
  endfacet
  facet normal -0.999628 0.018211 -0.0202838
    outer loop
      vertex -2.0005 10.3748 61.0802
      vertex -1.82803 12.2343 54.25
      vertex -1.83218 12.0065 54.25
    endloop
  endfacet
  facet normal -0.999628 0.0182579 -0.020271
    outer loop
      vertex -1.82803 12.2343 54.25
      vertex -2.0005 10.3748 61.0802
      vertex -2.0005 10.5923 61.2761
    endloop
  endfacet
  facet normal 0.99035 0.135631 0.0284629
    outer loop
      vertex 4.40244 21.7294 55.7037
      vertex 5.6005 11.273 63.8446
      vertex 4.40721 21.6952 55.7007
    endloop
  endfacet
  facet normal 0.990291 0.135973 0.0289102
    outer loop
      vertex 5.6005 11.273 63.8446
      vertex 4.40244 21.7294 55.7037
      vertex 5.6005 11.2056 64.1616
    endloop
  endfacet
  facet normal -0.999711 0.00496751 -0.0235348
    outer loop
      vertex -1.84907 10.5197 54.25
      vertex -2.0005 9.01334 60.3645
      vertex -1.84883 10.568 54.25
    endloop
  endfacet
  facet normal -0.999692 -0.00770625 -0.0236019
    outer loop
      vertex -1.84469 -15.5004 54.25
      vertex -2.0005 -14.2917 60.4549
      vertex -1.84687 -15.2176 54.25
    endloop
  endfacet
  facet normal -0.999692 -0.00766806 -0.0236093
    outer loop
      vertex -2.0005 -14.2917 60.4549
      vertex -1.84469 -15.5004 54.25
      vertex -2.0005 -14.5999 60.555
    endloop
  endfacet
  facet normal -0.552664 0.557754 0.619252
    outer loop
      vertex -2.0005 10.5923 65.2239
      vertex -2.0005 10.3748 65.4198
      vertex -0.750999 22.4879 55.6248
    endloop
  endfacet
  facet normal -0.999628 0.0182787 -0.0202665
    outer loop
      vertex -2.0005 10.134 60.8634
      vertex -1.83218 12.0065 54.25
      vertex -1.83683 11.7522 54.25
    endloop
  endfacet
  facet normal -0.999628 0.0182531 -0.0202737
    outer loop
      vertex -1.83218 12.0065 54.25
      vertex -2.0005 10.134 60.8634
      vertex -2.0005 10.3748 61.0802
    endloop
  endfacet
  facet normal -0 0.499909 0.866078
    outer loop
      vertex -2.0005 10.134 65.6366
      vertex 5.6005 9.85334 65.7986
      vertex 5.6005 10.134 65.6366
    endloop
  endfacet
  facet normal 0 0.499909 0.866078
    outer loop
      vertex 5.6005 9.85334 65.7986
      vertex -2.0005 10.134 65.6366
      vertex -2.0005 9.85334 65.7986
    endloop
  endfacet
  facet normal -0 0.308889 0.951098
    outer loop
      vertex -2.0005 9.29169 66.0451
      vertex 5.6005 9.01334 66.1355
      vertex 5.6005 9.29169 66.0451
    endloop
  endfacet
  facet normal 0 0.308889 0.951098
    outer loop
      vertex 5.6005 9.01334 66.1355
      vertex -2.0005 9.29169 66.0451
      vertex -2.0005 9.01334 66.1355
    endloop
  endfacet
  facet normal -0.999566 -0.0197199 -0.0218654
    outer loop
      vertex -1.83218 -16.3329 54.25
      vertex -2.0005 -15.134 60.8634
      vertex -1.83683 -16.0972 54.25
    endloop
  endfacet
  facet normal -0.999567 -0.0196909 -0.0218707
    outer loop
      vertex -2.0005 -15.134 60.8634
      vertex -1.83218 -16.3329 54.25
      vertex -2.0005 -15.3748 61.0802
    endloop
  endfacet
  facet normal 0.999419 0.0275592 -0.0200293
    outer loop
      vertex 5.6005 10.7827 61.5382
      vertex 5.40842 12.6332 54.5
      vertex 5.6005 10.9548 61.775
    endloop
  endfacet
  facet normal 0.999419 0.0275825 -0.0200231
    outer loop
      vertex 5.40842 12.6332 54.5
      vertex 5.6005 10.7827 61.5382
      vertex 5.41381 12.4379 54.5
    endloop
  endfacet
  facet normal 0.999285 0.0327931 -0.0188182
    outer loop
      vertex 5.40842 12.6332 54.5
      vertex 5.40715 12.6719 54.5
      vertex 5.6005 10.9548 61.775
    endloop
  endfacet
  facet normal 0.999495 -0.0212642 -0.0236182
    outer loop
      vertex 5.42537 -16.2979 54.5
      vertex 5.6005 -15.134 60.8634
      vertex 5.6005 -15.3748 61.0802
    endloop
  endfacet
  facet normal 0.999495 -0.0212461 -0.0236215
    outer loop
      vertex 5.6005 -15.134 60.8634
      vertex 5.42537 -16.2979 54.5
      vertex 5.43041 -16.0608 54.5
    endloop
  endfacet
  facet normal 0.961545 -0.268653 0.0570722
    outer loop
      vertex 5.6005 -16.273 63.8446
      vertex 4.35658 -22.5334 55.3328
      vertex 5.6005 -16.3338 63.5584
    endloop
  endfacet
  facet normal 0.961326 -0.269322 0.0575968
    outer loop
      vertex 4.35658 -22.5334 55.3328
      vertex 5.6005 -16.273 63.8446
      vertex 4.35173 -22.553 55.3221
    endloop
  endfacet
  facet normal -0.889233 -0.417936 0.185993
    outer loop
      vertex -2.0005 -15.9548 64.725
      vertex -2.0005 -16.0738 64.4576
      vertex -0.750999 -22.9401 55.0025
    endloop
  endfacet
  facet normal -0 0.10455 0.99452
    outer loop
      vertex -2.0005 9.01334 66.1355
      vertex 5.6005 8.72226 66.1661
      vertex 5.6005 9.01334 66.1355
    endloop
  endfacet
  facet normal 0 0.10455 0.99452
    outer loop
      vertex 5.6005 8.72226 66.1661
      vertex -2.0005 9.01334 66.1355
      vertex -2.0005 8.72226 66.1661
    endloop
  endfacet
  facet normal 0.873155 0.362246 0.326157
    outer loop
      vertex 4.28401 22.4493 55.5793
      vertex 4.251 22.4879 55.6248
      vertex 5.6005 10.5923 65.2239
    endloop
  endfacet
  facet normal -0.999687 0.0125006 -0.0216625
    outer loop
      vertex -2.0005 9.85334 60.7014
      vertex -1.83756 11.7041 54.25
      vertex -1.84104 11.4258 54.25
    endloop
  endfacet
  facet normal -0.999687 0.0125034 -0.0216617
    outer loop
      vertex -1.83756 11.7041 54.25
      vertex -2.0005 9.85334 60.7014
      vertex -2.0005 10.134 60.8634
    endloop
  endfacet
  facet normal -0.888247 0.341355 0.307399
    outer loop
      vertex -0.786433 22.402 55.6178
      vertex -2.0005 10.5923 65.2239
      vertex -0.750999 22.4879 55.6248
    endloop
  endfacet
  facet normal 0.990312 0.135852 0.0287472
    outer loop
      vertex 4.40721 21.6952 55.7007
      vertex 5.6005 11.3338 63.5584
      vertex 4.41178 21.6625 55.6978
    endloop
  endfacet
  facet normal 0.990294 0.135952 0.0288814
    outer loop
      vertex 5.6005 11.3338 63.5584
      vertex 4.40721 21.6952 55.7007
      vertex 5.6005 11.273 63.8446
    endloop
  endfacet
  facet normal -0.954584 0.240816 0.175436
    outer loop
      vertex -2.0005 10.9548 64.725
      vertex -0.78773 22.395 55.6203
      vertex -0.788986 22.3882 55.6228
    endloop
  endfacet
  facet normal -0.95493 0.240115 0.174509
    outer loop
      vertex -0.78773 22.395 55.6203
      vertex -2.0005 10.9548 64.725
      vertex -2.0005 10.7827 64.9618
    endloop
  endfacet
  facet normal 0 -0.809056 0.587731
    outer loop
      vertex -2.0005 -15.7827 64.9618
      vertex 5.6005 -15.5923 65.2239
      vertex -2.0005 -15.5923 65.2239
    endloop
  endfacet
  facet normal 0 -0.809056 0.587731
    outer loop
      vertex 5.6005 -15.5923 65.2239
      vertex -2.0005 -15.7827 64.9618
      vertex 5.6005 -15.7827 64.9618
    endloop
  endfacet
  facet normal -0.994406 0.105625 6.30193e-06
    outer loop
      vertex -2.0005 11.3338 62.9416
      vertex -1.73848 13.8011 54.25
      vertex -1.78835 13.3316 54.25
    endloop
  endfacet
  facet normal -0.994409 0.1056 -9.99323e-07
    outer loop
      vertex -1.73848 13.8011 54.25
      vertex -2.0005 11.3338 62.9416
      vertex -0.948561 21.2396 55.7218
    endloop
  endfacet
  facet normal -0.994409 0.1056 0
    outer loop
      vertex -0.948561 21.2396 55.7218
      vertex -2.0005 11.3338 62.9416
      vertex -2.0005 11.3338 63.5584
    endloop
  endfacet
  facet normal 0.981849 0.173216 0.0772553
    outer loop
      vertex 4.34751 22.0914 55.6787
      vertex 5.6005 11.2056 64.1616
      vertex 4.35084 22.0719 55.6801
    endloop
  endfacet
  facet normal 0.98189 0.173071 0.0770635
    outer loop
      vertex 5.6005 11.2056 64.1616
      vertex 4.34751 22.0914 55.6787
      vertex 5.6005 11.0738 64.4576
    endloop
  endfacet
  facet normal 0.996886 0.078428 -0.00825355
    outer loop
      vertex 5.37962 13.253 54.5
      vertex 5.37796 13.2741 54.5
      vertex 5.6005 11.3338 62.9416
    endloop
  endfacet
  facet normal -0.999219 0.0361117 -0.0160648
    outer loop
      vertex -2.0005 10.9548 61.775
      vertex -1.80975 12.8853 54.25
      vertex -1.81533 12.7309 54.25
    endloop
  endfacet
  facet normal -0.999219 0.0361033 -0.0160669
    outer loop
      vertex -1.80975 12.8853 54.25
      vertex -2.0005 10.9548 61.775
      vertex -2.0005 11.0738 62.0424
    endloop
  endfacet
  facet normal 0.945917 0.261328 0.192221
    outer loop
      vertex 4.28401 22.4493 55.5793
      vertex 5.6005 10.7827 64.9618
      vertex 4.28505 22.4448 55.5803
    endloop
  endfacet
  facet normal 0.94808 0.257307 0.186918
    outer loop
      vertex 5.6005 10.7827 64.9618
      vertex 4.28401 22.4493 55.5793
      vertex 5.6005 10.5923 65.2239
    endloop
  endfacet
  facet normal -0.999692 -0.00763897 -0.0236132
    outer loop
      vertex -1.84687 -15.2176 54.25
      vertex -2.0005 -14.0133 60.3645
      vertex -1.84883 -14.9611 54.25
    endloop
  endfacet
  facet normal -0.999692 -0.0076658 -0.0236079
    outer loop
      vertex -2.0005 -14.0133 60.3645
      vertex -1.84687 -15.2176 54.25
      vertex -2.0005 -14.2917 60.4549
    endloop
  endfacet
  facet normal -0.999392 0.0301562 -0.0174747
    outer loop
      vertex -1.81654 12.6908 54.25
      vertex -2.0005 10.9548 61.775
      vertex -1.81533 12.7309 54.25
    endloop
  endfacet
  facet normal -0.966738 -0.250178 0.0531923
    outer loop
      vertex -0.857019 -22.4837 55.4161
      vertex -2.0005 -16.2056 64.1616
      vertex -2.0005 -16.273 63.8446
    endloop
  endfacet
  facet normal -0.966864 -0.249757 0.0528742
    outer loop
      vertex -2.0005 -16.2056 64.1616
      vertex -0.857019 -22.4837 55.4161
      vertex -0.851223 -22.5098 55.3988
    endloop
  endfacet
  facet normal -0.998933 0.043916 -0.0142738
    outer loop
      vertex -1.80365 13.0543 54.25
      vertex -2.0005 11.2056 62.3384
      vertex -1.80223 13.0866 54.25
    endloop
  endfacet
  facet normal 0.982092 0.17234 0.0761165
    outer loop
      vertex 4.34469 22.108 55.6775
      vertex 5.6005 11.0738 64.4576
      vertex 4.34751 22.0914 55.6787
    endloop
  endfacet
  facet normal 0.981904 0.17302 0.0769985
    outer loop
      vertex 5.6005 11.0738 64.4576
      vertex 4.34469 22.108 55.6775
      vertex 5.6005 10.9548 64.725
    endloop
  endfacet
  facet normal 0.973593 -0.227039 0.0238844
    outer loop
      vertex 5.6005 -16.3338 63.5584
      vertex 4.37053 -22.4694 55.3719
      vertex 4.42063 -22.2495 55.42
    endloop
  endfacet
  facet normal 0.973696 -0.226631 0.0235631
    outer loop
      vertex 4.37053 -22.4694 55.3719
      vertex 5.6005 -16.3338 63.5584
      vertex 4.35658 -22.5334 55.3328
    endloop
  endfacet
  facet normal 0.999505 0.0233829 -0.0210345
    outer loop
      vertex 5.42085 12.1759 54.5
      vertex 5.41983 12.2195 54.5
      vertex 5.6005 10.5923 61.2761
    endloop
  endfacet
  facet normal 0.998184 -0.0572601 -0.0187271
    outer loop
      vertex 5.6005 -16.2056 62.3384
      vertex 5.39298 -17.2596 54.5
      vertex 5.39446 -17.2338 54.5
    endloop
  endfacet
  facet normal 0.999635 0.0135034 -0.0233943
    outer loop
      vertex 5.6005 9.85334 60.7014
      vertex 5.43117 11.6448 54.5
      vertex 5.6005 10.134 60.8634
    endloop
  endfacet
  facet normal 0.999635 0.0135308 -0.0233864
    outer loop
      vertex 5.43117 11.6448 54.5
      vertex 5.6005 9.85334 60.7014
      vertex 5.43496 11.3648 54.5
    endloop
  endfacet
  facet normal 0.521832 0.570775 0.633961
    outer loop
      vertex 5.6005 10.3748 65.4198
      vertex 4.251 22.4879 55.6248
      vertex 5.6005 10.134 65.6366
    endloop
  endfacet
  facet normal 0 -0.669248 0.743039
    outer loop
      vertex -2.0005 -15.3748 65.4198
      vertex 5.6005 -15.5923 65.2239
      vertex 5.6005 -15.3748 65.4198
    endloop
  endfacet
  facet normal 0 -0.669248 0.743039
    outer loop
      vertex 5.6005 -15.5923 65.2239
      vertex -2.0005 -15.3748 65.4198
      vertex -2.0005 -15.5923 65.2239
    endloop
  endfacet
  facet normal -0.999706 0.00254168 -0.0241316
    outer loop
      vertex -1.85048 9.96604 54.25
      vertex -2.0005 8.72226 60.3339
      vertex -1.84974 10.2571 54.25
    endloop
  endfacet
  facet normal -0.999706 0.00253858 -0.0241323
    outer loop
      vertex -2.0005 8.72226 60.3339
      vertex -1.85048 9.96604 54.25
      vertex -2.0005 8.4 60.3
    endloop
  endfacet
  facet normal -0.99922 0.0360665 -0.0160755
    outer loop
      vertex -2.0005 11.0738 62.0424
      vertex -1.80365 13.0543 54.25
      vertex -1.80975 12.8853 54.25
    endloop
  endfacet
  facet normal -0.999219 0.0360896 -0.0160696
    outer loop
      vertex -1.80365 13.0543 54.25
      vertex -2.0005 11.0738 62.0424
      vertex -2.0005 11.2056 62.3384
    endloop
  endfacet
  facet normal -0.999502 0.0255515 -0.0185385
    outer loop
      vertex -2.0005 10.5923 61.2761
      vertex -1.8215 12.4966 54.25
      vertex -1.82705 12.2795 54.25
    endloop
  endfacet
  facet normal -0.999502 0.0255283 -0.0185448
    outer loop
      vertex -1.8215 12.4966 54.25
      vertex -2.0005 10.5923 61.2761
      vertex -2.0005 10.7827 61.5382
    endloop
  endfacet
  facet normal -0 0.104617 0.994513
    outer loop
      vertex -2.0005 8.72226 66.1661
      vertex 5.6005 8.4 66.2
      vertex 5.6005 8.72226 66.1661
    endloop
  endfacet
  facet normal 0 0.104617 0.994513
    outer loop
      vertex 5.6005 8.4 66.2
      vertex -2.0005 8.72226 66.1661
      vertex -2.0005 8.4 66.2
    endloop
  endfacet
  facet normal 0 -0.669101 0.743171
    outer loop
      vertex -2.0005 -15.134 65.6366
      vertex 5.6005 -15.3748 65.4198
      vertex 5.6005 -15.134 65.6366
    endloop
  endfacet
  facet normal 0 -0.669101 0.743171
    outer loop
      vertex 5.6005 -15.3748 65.4198
      vertex -2.0005 -15.134 65.6366
      vertex -2.0005 -15.3748 65.4198
    endloop
  endfacet
  facet normal -0.955599 0.238744 0.172718
    outer loop
      vertex -2.0005 10.7827 64.9618
      vertex -0.786433 22.402 55.6178
      vertex -0.78773 22.395 55.6203
    endloop
  endfacet
  facet normal -0.954998 0.239976 0.174328
    outer loop
      vertex -0.786433 22.402 55.6178
      vertex -2.0005 10.7827 64.9618
      vertex -2.0005 10.5923 65.2239
    endloop
  endfacet
  facet normal -0.999706 0.00255066 -0.0241301
    outer loop
      vertex -1.84974 10.2571 54.25
      vertex -2.0005 9.01334 60.3645
      vertex -1.84907 10.5197 54.25
    endloop
  endfacet
  facet normal -0.999706 0.00253698 -0.0241328
    outer loop
      vertex -2.0005 9.01334 60.3645
      vertex -1.84974 10.2571 54.25
      vertex -2.0005 8.72226 60.3339
    endloop
  endfacet
  facet normal -0.99971 0.00747639 -0.0228979
    outer loop
      vertex -1.84687 10.8323 54.25
      vertex -2.0005 9.59987 60.555
      vertex -1.84469 11.1238 54.25
    endloop
  endfacet
  facet normal -0.99971 0.0074398 -0.0229051
    outer loop
      vertex -2.0005 9.59987 60.555
      vertex -1.84687 10.8323 54.25
      vertex -2.0005 9.29169 60.4549
    endloop
  endfacet
  facet normal -0.99971 0.00741366 -0.0229116
    outer loop
      vertex -1.84883 10.568 54.25
      vertex -2.0005 9.29169 60.4549
      vertex -1.84687 10.8323 54.25
    endloop
  endfacet
  facet normal -0.99971 0.00743929 -0.0229063
    outer loop
      vertex -2.0005 9.29169 60.4549
      vertex -1.84883 10.568 54.25
      vertex -2.0005 9.01334 60.3645
    endloop
  endfacet
  facet normal -0.999664 0.0151716 -0.0210277
    outer loop
      vertex -1.83756 11.7041 54.25
      vertex -2.0005 10.134 60.8634
      vertex -1.83683 11.7522 54.25
    endloop
  endfacet
  facet normal -0.998935 -0.0421404 -0.0187844
    outer loop
      vertex -1.80365 -17.2666 54.25
      vertex -2.0005 -16.0738 62.0424
      vertex -1.80975 -17.122 54.25
    endloop
  endfacet
  facet normal -0.998934 -0.0421746 -0.0187791
    outer loop
      vertex -2.0005 -16.0738 62.0424
      vertex -1.80365 -17.2666 54.25
      vertex -2.0005 -16.2056 62.3384
    endloop
  endfacet
  facet normal -0.998418 0.0549976 -0.0116841
    outer loop
      vertex -2.0005 11.2056 62.3384
      vertex -1.79573 13.2046 54.25
      vertex -1.80223 13.0866 54.25
    endloop
  endfacet
  facet normal -0.998419 0.0549773 -0.0116892
    outer loop
      vertex -1.79573 13.2046 54.25
      vertex -2.0005 11.2056 62.3384
      vertex -2.0005 11.273 62.6554
    endloop
  endfacet
  facet normal 1 0 0
    outer loop
      vertex 5.6005 9.94151 63.412
      vertex 5.6005 11.3338 63.5584
      vertex 5.6005 11.273 63.8446
    endloop
  endfacet
  facet normal 1 0 0
    outer loop
      vertex 5.6005 11.3338 63.5584
      vertex 5.6005 9.94151 63.412
      vertex 5.6005 11.3338 62.9416
    endloop
  endfacet
  facet normal 1 0 0
    outer loop
      vertex 5.6005 9.87414 63.729
      vertex 5.6005 11.273 63.8446
      vertex 5.6005 11.2056 64.1616
    endloop
  endfacet
  facet normal 1 -0 0
    outer loop
      vertex 5.6005 9.94151 63.088
      vertex 5.6005 11.3338 62.9416
      vertex 5.6005 9.94151 63.412
    endloop
  endfacet
  facet normal 1 0 0
    outer loop
      vertex 5.6005 9.87414 63.729
      vertex 5.6005 11.2056 64.1616
      vertex 5.6005 11.0738 64.4576
    endloop
  endfacet
  facet normal 1 0 0
    outer loop
      vertex 5.6005 11.3338 62.9416
      vertex 5.6005 9.94151 63.088
      vertex 5.6005 11.273 62.6554
    endloop
  endfacet
  facet normal 1 0 0
    outer loop
      vertex 5.6005 9.74234 64.025
      vertex 5.6005 11.0738 64.4576
      vertex 5.6005 10.9548 64.725
    endloop
  endfacet
  facet normal 1 -0 0
    outer loop
      vertex 5.6005 9.87414 62.771
      vertex 5.6005 11.273 62.6554
      vertex 5.6005 9.94151 63.088
    endloop
  endfacet
  facet normal 1 0 0
    outer loop
      vertex 5.6005 9.74234 64.025
      vertex 5.6005 10.9548 64.725
      vertex 5.6005 10.7827 64.9618
    endloop
  endfacet
  facet normal 1 0 0
    outer loop
      vertex 5.6005 11.273 62.6554
      vertex 5.6005 9.87414 62.771
      vertex 5.6005 11.2056 62.3384
    endloop
  endfacet
  facet normal 1 0 0
    outer loop
      vertex 5.6005 9.55187 64.2872
      vertex 5.6005 10.7827 64.9618
      vertex 5.6005 10.5923 65.2239
    endloop
  endfacet
  facet normal 1 0 0
    outer loop
      vertex 5.6005 11.2056 62.3384
      vertex 5.6005 9.87414 62.771
      vertex 5.6005 11.0738 62.0424
    endloop
  endfacet
  facet normal 1 0 0
    outer loop
      vertex 5.6005 9.55187 64.2872
      vertex 5.6005 10.5923 65.2239
      vertex 5.6005 10.3748 65.4198
    endloop
  endfacet
  facet normal 1 -0 0
    outer loop
      vertex 5.6005 9.74234 62.475
      vertex 5.6005 11.0738 62.0424
      vertex 5.6005 9.87414 62.771
    endloop
  endfacet
  facet normal 1 0 0
    outer loop
      vertex 5.6005 9.31107 64.504
      vertex 5.6005 10.3748 65.4198
      vertex 5.6005 10.134 65.6366
    endloop
  endfacet
  facet normal 1 0 0
    outer loop
      vertex 5.6005 11.0738 62.0424
      vertex 5.6005 9.74234 62.475
      vertex 5.6005 10.9548 61.775
    endloop
  endfacet
  facet normal 1 0 0
    outer loop
      vertex 5.6005 10.9548 61.775
      vertex 5.6005 9.74234 62.475
      vertex 5.6005 10.7827 61.5382
    endloop
  endfacet
  facet normal 1 0 0
    outer loop
      vertex 5.6005 11.273 63.8446
      vertex 5.6005 9.87414 63.729
      vertex 5.6005 9.94151 63.412
    endloop
  endfacet
  facet normal 1 0 0
    outer loop
      vertex 5.6005 9.31107 64.504
      vertex 5.6005 10.134 65.6366
      vertex 5.6005 9.85334 65.7986
    endloop
  endfacet
  facet normal 1 0 0
    outer loop
      vertex 5.6005 11.0738 64.4576
      vertex 5.6005 9.74234 64.025
      vertex 5.6005 9.87414 63.729
    endloop
  endfacet
  facet normal 1 0 0
    outer loop
      vertex 5.6005 9.03044 64.666
      vertex 5.6005 9.85334 65.7986
      vertex 5.6005 9.59987 65.945
    endloop
  endfacet
  facet normal 1 0 0
    outer loop
      vertex 5.6005 10.7827 64.9618
      vertex 5.6005 9.55187 64.2872
      vertex 5.6005 9.74234 64.025
    endloop
  endfacet
  facet normal 1 0 0
    outer loop
      vertex 5.6005 10.3748 65.4198
      vertex 5.6005 9.31107 64.504
      vertex 5.6005 9.55187 64.2872
    endloop
  endfacet
  facet normal 1 0 0
    outer loop
      vertex 5.6005 9.03044 64.666
      vertex 5.6005 9.59987 65.945
      vertex 5.6005 9.29169 66.0451
    endloop
  endfacet
  facet normal 1 0 0
    outer loop
      vertex 5.6005 9.85334 65.7986
      vertex 5.6005 9.03044 64.666
      vertex 5.6005 9.31107 64.504
    endloop
  endfacet
  facet normal 1 0 0
    outer loop
      vertex 5.6005 8.72226 64.7661
      vertex 5.6005 9.29169 66.0451
      vertex 5.6005 9.01334 66.1355
    endloop
  endfacet
  facet normal 1 0 0
    outer loop
      vertex 5.6005 8.72226 64.7661
      vertex 5.6005 9.01334 66.1355
      vertex 5.6005 8.72226 66.1661
    endloop
  endfacet
  facet normal 1 0 0
    outer loop
      vertex 5.6005 9.29169 66.0451
      vertex 5.6005 8.72226 64.7661
      vertex 5.6005 9.03044 64.666
    endloop
  endfacet
  facet normal 1 0 0
    outer loop
      vertex 5.6005 8.4 64.8
      vertex 5.6005 8.72226 66.1661
      vertex 5.6005 8.4 66.2
    endloop
  endfacet
  facet normal 1 0 0
    outer loop
      vertex 5.6005 8.72226 66.1661
      vertex 5.6005 8.4 64.8
      vertex 5.6005 8.72226 64.7661
    endloop
  endfacet
  facet normal 1 0 0
    outer loop
      vertex 5.6005 8.4 66.2
      vertex 5.6005 0.6 64.8
      vertex 5.6005 8.4 64.8
    endloop
  endfacet
  facet normal 1 0 0
    outer loop
      vertex 5.6005 -5.6 64.8
      vertex 5.6005 0.6 64.8
      vertex 5.6005 8.4 66.2
    endloop
  endfacet
  facet normal 1 0 0
    outer loop
      vertex 5.6005 -0.941508 63.412
      vertex 5.6005 -4.05849 63.412
      vertex 5.6005 -0.941508 63.088
    endloop
  endfacet
  facet normal 1 0 0
    outer loop
      vertex 5.6005 -0.874137 63.729
      vertex 5.6005 -4.05849 63.412
      vertex 5.6005 -0.941508 63.412
    endloop
  endfacet
  facet normal 1 0 0
    outer loop
      vertex 5.6005 -4.12586 63.729
      vertex 5.6005 -0.874137 63.729
      vertex 5.6005 -0.742339 64.025
    endloop
  endfacet
  facet normal 1 0 0
    outer loop
      vertex 5.6005 -4.25766 64.025
      vertex 5.6005 -0.742339 64.025
      vertex 5.6005 -0.551874 64.2872
    endloop
  endfacet
  facet normal 1 0 0
    outer loop
      vertex 5.6005 -4.44813 64.2872
      vertex 5.6005 -0.551874 64.2872
      vertex 5.6005 -0.311067 64.504
    endloop
  endfacet
  facet normal 1 0 0
    outer loop
      vertex 5.6005 -4.68893 64.504
      vertex 5.6005 -0.311067 64.504
      vertex 5.6005 -0.0304413 64.666
    endloop
  endfacet
  facet normal 1 0 0
    outer loop
      vertex 5.6005 -4.96956 64.666
      vertex 5.6005 -0.0304413 64.666
      vertex 5.6005 0.277738 64.7661
    endloop
  endfacet
  facet normal 1 0 0
    outer loop
      vertex 5.6005 -0.874137 63.729
      vertex 5.6005 -4.12586 63.729
      vertex 5.6005 -4.05849 63.412
    endloop
  endfacet
  facet normal 1 0 0
    outer loop
      vertex 5.6005 -0.742339 64.025
      vertex 5.6005 -4.25766 64.025
      vertex 5.6005 -4.12586 63.729
    endloop
  endfacet
  facet normal 1 0 0
    outer loop
      vertex 5.6005 0.6 64.8
      vertex 5.6005 -5.6 64.8
      vertex 5.6005 0.277738 64.7661
    endloop
  endfacet
  facet normal 1 0 0
    outer loop
      vertex 5.6005 -0.551874 64.2872
      vertex 5.6005 -4.44813 64.2872
      vertex 5.6005 -4.25766 64.025
    endloop
  endfacet
  facet normal 1 0 0
    outer loop
      vertex 5.6005 -0.311067 64.504
      vertex 5.6005 -4.68893 64.504
      vertex 5.6005 -4.44813 64.2872
    endloop
  endfacet
  facet normal 1 0 0
    outer loop
      vertex 5.6005 -0.0304413 64.666
      vertex 5.6005 -4.96956 64.666
      vertex 5.6005 -4.68893 64.504
    endloop
  endfacet
  facet normal 1 0 0
    outer loop
      vertex 5.6005 0.277738 64.7661
      vertex 5.6005 -5.27774 64.7661
      vertex 5.6005 -4.96956 64.666
    endloop
  endfacet
  facet normal 1 0 0
    outer loop
      vertex 5.6005 0.277738 64.7661
      vertex 5.6005 -5.6 64.8
      vertex 5.6005 -5.27774 64.7661
    endloop
  endfacet
  facet normal 1 -0 0
    outer loop
      vertex 5.6005 -13.4 66.2
      vertex 5.6005 -5.6 64.8
      vertex 5.6005 8.4 66.2
    endloop
  endfacet
  facet normal 1 0 0
    outer loop
      vertex 5.6005 -13.4 66.2
      vertex 5.6005 -13.4 64.8
      vertex 5.6005 -5.6 64.8
    endloop
  endfacet
  facet normal 1 -0 0
    outer loop
      vertex 5.6005 -13.7223 66.1661
      vertex 5.6005 -13.4 64.8
      vertex 5.6005 -13.4 66.2
    endloop
  endfacet
  facet normal 1 0 0
    outer loop
      vertex 5.6005 -13.7223 66.1661
      vertex 5.6005 -13.7223 64.7661
      vertex 5.6005 -13.4 64.8
    endloop
  endfacet
  facet normal 1 -0 0
    outer loop
      vertex 5.6005 -14.0133 66.1355
      vertex 5.6005 -13.7223 64.7661
      vertex 5.6005 -13.7223 66.1661
    endloop
  endfacet
  facet normal 1 -0 0
    outer loop
      vertex 5.6005 -14.2917 66.0451
      vertex 5.6005 -13.7223 64.7661
      vertex 5.6005 -14.0133 66.1355
    endloop
  endfacet
  facet normal 1 0 0
    outer loop
      vertex 5.6005 -13.7223 64.7661
      vertex 5.6005 -14.2917 66.0451
      vertex 5.6005 -14.0304 64.666
    endloop
  endfacet
  facet normal 1 -0 0
    outer loop
      vertex 5.6005 -14.5999 65.945
      vertex 5.6005 -14.0304 64.666
      vertex 5.6005 -14.2917 66.0451
    endloop
  endfacet
  facet normal 1 -0 0
    outer loop
      vertex 5.6005 -14.8533 65.7986
      vertex 5.6005 -14.0304 64.666
      vertex 5.6005 -14.5999 65.945
    endloop
  endfacet
  facet normal 1 0 0
    outer loop
      vertex 5.6005 -14.0304 64.666
      vertex 5.6005 -14.8533 65.7986
      vertex 5.6005 -14.3111 64.504
    endloop
  endfacet
  facet normal 1 -0 0
    outer loop
      vertex 5.6005 -15.134 65.6366
      vertex 5.6005 -14.3111 64.504
      vertex 5.6005 -14.8533 65.7986
    endloop
  endfacet
  facet normal 1 -0 0
    outer loop
      vertex 5.6005 -15.3748 65.4198
      vertex 5.6005 -14.3111 64.504
      vertex 5.6005 -15.134 65.6366
    endloop
  endfacet
  facet normal 1 0 0
    outer loop
      vertex 5.6005 -14.3111 64.504
      vertex 5.6005 -15.3748 65.4198
      vertex 5.6005 -14.5519 64.2872
    endloop
  endfacet
  facet normal 1 -0 0
    outer loop
      vertex 5.6005 -15.5923 65.2239
      vertex 5.6005 -14.5519 64.2872
      vertex 5.6005 -15.3748 65.4198
    endloop
  endfacet
  facet normal 1 0 0
    outer loop
      vertex 5.6005 -14.5519 64.2872
      vertex 5.6005 -15.7827 64.9618
      vertex 5.6005 -14.7423 64.025
    endloop
  endfacet
  facet normal 1 -0 0
    outer loop
      vertex 5.6005 -15.7827 64.9618
      vertex 5.6005 -14.5519 64.2872
      vertex 5.6005 -15.5923 65.2239
    endloop
  endfacet
  facet normal 1 -0 0
    outer loop
      vertex 5.6005 9.55187 62.2128
      vertex 5.6005 10.7827 61.5382
      vertex 5.6005 9.74234 62.475
    endloop
  endfacet
  facet normal 1 0 0
    outer loop
      vertex 5.6005 10.7827 61.5382
      vertex 5.6005 9.55187 62.2128
      vertex 5.6005 10.5923 61.2761
    endloop
  endfacet
  facet normal 1 0 0
    outer loop
      vertex 5.6005 10.5923 61.2761
      vertex 5.6005 9.55187 62.2128
      vertex 5.6005 10.3748 61.0802
    endloop
  endfacet
  facet normal 1 -0 0
    outer loop
      vertex 5.6005 9.31107 61.996
      vertex 5.6005 10.3748 61.0802
      vertex 5.6005 9.55187 62.2128
    endloop
  endfacet
  facet normal 1 0 0
    outer loop
      vertex 5.6005 10.3748 61.0802
      vertex 5.6005 9.31107 61.996
      vertex 5.6005 10.134 60.8634
    endloop
  endfacet
  facet normal 1 0 0
    outer loop
      vertex 5.6005 10.134 60.8634
      vertex 5.6005 9.31107 61.996
      vertex 5.6005 9.85334 60.7014
    endloop
  endfacet
  facet normal 1 -0 0
    outer loop
      vertex 5.6005 9.03044 61.834
      vertex 5.6005 9.85334 60.7014
      vertex 5.6005 9.31107 61.996
    endloop
  endfacet
  facet normal 1 0 0
    outer loop
      vertex 5.6005 9.85334 60.7014
      vertex 5.6005 9.03044 61.834
      vertex 5.6005 9.59987 60.555
    endloop
  endfacet
  facet normal 1 0 0
    outer loop
      vertex 5.6005 9.59987 60.555
      vertex 5.6005 9.03044 61.834
      vertex 5.6005 9.29169 60.4549
    endloop
  endfacet
  facet normal 1 -0 0
    outer loop
      vertex 5.6005 8.72226 61.7339
      vertex 5.6005 9.29169 60.4549
      vertex 5.6005 9.03044 61.834
    endloop
  endfacet
  facet normal 1 0 0
    outer loop
      vertex 5.6005 9.29169 60.4549
      vertex 5.6005 8.72226 61.7339
      vertex 5.6005 9.01334 60.3645
    endloop
  endfacet
  facet normal 1 0 0
    outer loop
      vertex 5.6005 8.72226 61.7339
      vertex 5.6005 8.72226 60.3339
      vertex 5.6005 9.01334 60.3645
    endloop
  endfacet
  facet normal 1 -0 0
    outer loop
      vertex 5.6005 8.4 61.7
      vertex 5.6005 8.72226 60.3339
      vertex 5.6005 8.72226 61.7339
    endloop
  endfacet
  facet normal 1 0 0
    outer loop
      vertex 5.6005 8.4 61.7
      vertex 5.6005 8.4 60.3
      vertex 5.6005 8.72226 60.3339
    endloop
  endfacet
  facet normal 1 -0 0
    outer loop
      vertex 5.6005 0.6 61.7
      vertex 5.6005 8.4 60.3
      vertex 5.6005 8.4 61.7
    endloop
  endfacet
  facet normal 1 0 0
    outer loop
      vertex 5.6005 -5.6 61.7
      vertex 5.6005 0.6 61.7
      vertex 5.6005 0.277738 61.7339
    endloop
  endfacet
  facet normal 1 0 0
    outer loop
      vertex 5.6005 -4.05849 63.088
      vertex 5.6005 -0.941508 63.088
      vertex 5.6005 -4.05849 63.412
    endloop
  endfacet
  facet normal 1 0 0
    outer loop
      vertex 5.6005 -0.941508 63.088
      vertex 5.6005 -4.05849 63.088
      vertex 5.6005 -0.874137 62.771
    endloop
  endfacet
  facet normal 1 0 0
    outer loop
      vertex 5.6005 -4.12586 62.771
      vertex 5.6005 -0.874137 62.771
      vertex 5.6005 -4.05849 63.088
    endloop
  endfacet
  facet normal 1 0 0
    outer loop
      vertex 5.6005 -0.874137 62.771
      vertex 5.6005 -4.12586 62.771
      vertex 5.6005 -0.742339 62.475
    endloop
  endfacet
  facet normal 1 0 0
    outer loop
      vertex 5.6005 -4.25766 62.475
      vertex 5.6005 -0.742339 62.475
      vertex 5.6005 -4.12586 62.771
    endloop
  endfacet
  facet normal 1 0 0
    outer loop
      vertex 5.6005 -0.742339 62.475
      vertex 5.6005 -4.25766 62.475
      vertex 5.6005 -0.551874 62.2128
    endloop
  endfacet
  facet normal 1 0 0
    outer loop
      vertex 5.6005 -4.44813 62.2128
      vertex 5.6005 -0.551874 62.2128
      vertex 5.6005 -4.25766 62.475
    endloop
  endfacet
  facet normal 1 0 0
    outer loop
      vertex 5.6005 -0.551874 62.2128
      vertex 5.6005 -4.44813 62.2128
      vertex 5.6005 -0.311067 61.996
    endloop
  endfacet
  facet normal 1 0 0
    outer loop
      vertex 5.6005 -4.68893 61.996
      vertex 5.6005 -0.311067 61.996
      vertex 5.6005 -4.44813 62.2128
    endloop
  endfacet
  facet normal 1 0 0
    outer loop
      vertex 5.6005 -0.311067 61.996
      vertex 5.6005 -4.68893 61.996
      vertex 5.6005 -0.0304413 61.834
    endloop
  endfacet
  facet normal 1 0 0
    outer loop
      vertex 5.6005 -4.96956 61.834
      vertex 5.6005 -0.0304413 61.834
      vertex 5.6005 -4.68893 61.996
    endloop
  endfacet
  facet normal 1 0 0
    outer loop
      vertex 5.6005 -0.0304413 61.834
      vertex 5.6005 -4.96956 61.834
      vertex 5.6005 0.277738 61.7339
    endloop
  endfacet
  facet normal 1 0 0
    outer loop
      vertex 5.6005 -5.27774 61.7339
      vertex 5.6005 0.277738 61.7339
      vertex 5.6005 -4.96956 61.834
    endloop
  endfacet
  facet normal 1 0 0
    outer loop
      vertex 5.6005 -5.6 61.7
      vertex 5.6005 0.277738 61.7339
      vertex 5.6005 -5.27774 61.7339
    endloop
  endfacet
  facet normal 1 0 0
    outer loop
      vertex 5.6005 0.6 61.7
      vertex 5.6005 -5.6 61.7
      vertex 5.6005 8.4 60.3
    endloop
  endfacet
  facet normal 1 0 0
    outer loop
      vertex 5.6005 -13.4 60.3
      vertex 5.6005 -5.6 61.7
      vertex 5.6005 -13.4 61.7
    endloop
  endfacet
  facet normal 1 0 0
    outer loop
      vertex 5.6005 -5.6 61.7
      vertex 5.6005 -13.4 60.3
      vertex 5.6005 8.4 60.3
    endloop
  endfacet
  facet normal 1 0 0
    outer loop
      vertex 5.6005 -13.7223 60.3339
      vertex 5.6005 -13.4 61.7
      vertex 5.6005 -13.7223 61.7339
    endloop
  endfacet
  facet normal 1 0 0
    outer loop
      vertex 5.6005 -13.4 61.7
      vertex 5.6005 -13.7223 60.3339
      vertex 5.6005 -13.4 60.3
    endloop
  endfacet
  facet normal 1 0 0
    outer loop
      vertex 5.6005 -13.7223 61.7339
      vertex 5.6005 -14.0133 60.3645
      vertex 5.6005 -13.7223 60.3339
    endloop
  endfacet
  facet normal 1 0 0
    outer loop
      vertex 5.6005 -14.2917 60.4549
      vertex 5.6005 -13.7223 61.7339
      vertex 5.6005 -14.0304 61.834
    endloop
  endfacet
  facet normal 1 0 0
    outer loop
      vertex 5.6005 -13.7223 61.7339
      vertex 5.6005 -14.2917 60.4549
      vertex 5.6005 -14.0133 60.3645
    endloop
  endfacet
  facet normal 1 0 0
    outer loop
      vertex 5.6005 -14.8533 60.7014
      vertex 5.6005 -14.0304 61.834
      vertex 5.6005 -14.3111 61.996
    endloop
  endfacet
  facet normal 1 0 0
    outer loop
      vertex 5.6005 -15.3748 61.0802
      vertex 5.6005 -14.3111 61.996
      vertex 5.6005 -14.5519 62.2128
    endloop
  endfacet
  facet normal 1 0 0
    outer loop
      vertex 5.6005 -14.0304 61.834
      vertex 5.6005 -14.5999 60.555
      vertex 5.6005 -14.2917 60.4549
    endloop
  endfacet
  facet normal 1 0 0
    outer loop
      vertex 5.6005 -15.7827 61.5382
      vertex 5.6005 -14.5519 62.2128
      vertex 5.6005 -14.7423 62.475
    endloop
  endfacet
  facet normal 1 0 0
    outer loop
      vertex 5.6005 -14.0304 61.834
      vertex 5.6005 -14.8533 60.7014
      vertex 5.6005 -14.5999 60.555
    endloop
  endfacet
  facet normal 1 0 0
    outer loop
      vertex 5.6005 -16.0738 62.0424
      vertex 5.6005 -14.7423 62.475
      vertex 5.6005 -14.8741 62.771
    endloop
  endfacet
  facet normal 1 0 0
    outer loop
      vertex 5.6005 -16.273 62.6554
      vertex 5.6005 -14.8741 62.771
      vertex 5.6005 -14.9415 63.088
    endloop
  endfacet
  facet normal 1 -0 0
    outer loop
      vertex 5.6005 -15.9548 64.725
      vertex 5.6005 -14.7423 64.025
      vertex 5.6005 -15.7827 64.9618
    endloop
  endfacet
  facet normal 1 -0 0
    outer loop
      vertex 5.6005 -16.0738 64.4576
      vertex 5.6005 -14.7423 64.025
      vertex 5.6005 -15.9548 64.725
    endloop
  endfacet
  facet normal 1 0 0
    outer loop
      vertex 5.6005 -14.3111 61.996
      vertex 5.6005 -15.3748 61.0802
      vertex 5.6005 -15.134 60.8634
    endloop
  endfacet
  facet normal 1 0 0
    outer loop
      vertex 5.6005 -14.3111 61.996
      vertex 5.6005 -15.134 60.8634
      vertex 5.6005 -14.8533 60.7014
    endloop
  endfacet
  facet normal 1 0 0
    outer loop
      vertex 5.6005 -14.7423 64.025
      vertex 5.6005 -16.0738 64.4576
      vertex 5.6005 -14.8741 63.729
    endloop
  endfacet
  facet normal 1 -0 0
    outer loop
      vertex 5.6005 -16.2056 64.1616
      vertex 5.6005 -14.8741 63.729
      vertex 5.6005 -16.0738 64.4576
    endloop
  endfacet
  facet normal 1 0 0
    outer loop
      vertex 5.6005 -14.5519 62.2128
      vertex 5.6005 -15.7827 61.5382
      vertex 5.6005 -15.5923 61.2761
    endloop
  endfacet
  facet normal 1 0 0
    outer loop
      vertex 5.6005 -14.5519 62.2128
      vertex 5.6005 -15.5923 61.2761
      vertex 5.6005 -15.3748 61.0802
    endloop
  endfacet
  facet normal 1 -0 0
    outer loop
      vertex 5.6005 -16.273 63.8446
      vertex 5.6005 -14.8741 63.729
      vertex 5.6005 -16.2056 64.1616
    endloop
  endfacet
  facet normal 1 0 0
    outer loop
      vertex 5.6005 -14.8741 63.729
      vertex 5.6005 -16.273 63.8446
      vertex 5.6005 -14.9415 63.412
    endloop
  endfacet
  facet normal 1 0 0
    outer loop
      vertex 5.6005 -14.7423 62.475
      vertex 5.6005 -16.0738 62.0424
      vertex 5.6005 -15.9548 61.775
    endloop
  endfacet
  facet normal 1 0 0
    outer loop
      vertex 5.6005 -14.7423 62.475
      vertex 5.6005 -15.9548 61.775
      vertex 5.6005 -15.7827 61.5382
    endloop
  endfacet
  facet normal 1 -0 0
    outer loop
      vertex 5.6005 -16.3338 63.5584
      vertex 5.6005 -14.9415 63.412
      vertex 5.6005 -16.273 63.8446
    endloop
  endfacet
  facet normal 1 0 0
    outer loop
      vertex 5.6005 -14.9415 63.412
      vertex 5.6005 -16.3338 63.5584
      vertex 5.6005 -14.9415 63.088
    endloop
  endfacet
  facet normal 1 0 0
    outer loop
      vertex 5.6005 -14.8741 62.771
      vertex 5.6005 -16.273 62.6554
      vertex 5.6005 -16.2056 62.3384
    endloop
  endfacet
  facet normal 1 0 0
    outer loop
      vertex 5.6005 -14.8741 62.771
      vertex 5.6005 -16.2056 62.3384
      vertex 5.6005 -16.0738 62.0424
    endloop
  endfacet
  facet normal 1 0 0
    outer loop
      vertex 5.6005 -16.3338 62.9416
      vertex 5.6005 -14.9415 63.088
      vertex 5.6005 -16.3338 63.5584
    endloop
  endfacet
  facet normal 1 0 0
    outer loop
      vertex 5.6005 -14.9415 63.088
      vertex 5.6005 -16.3338 62.9416
      vertex 5.6005 -16.273 62.6554
    endloop
  endfacet
  facet normal 0.999089 0.0389862 -0.0173499
    outer loop
      vertex 5.6005 10.9548 61.775
      vertex 5.4011 12.8272 54.5
      vertex 5.6005 11.0738 62.0424
    endloop
  endfacet
  facet normal 0.999091 0.0389215 -0.0173666
    outer loop
      vertex 5.4011 12.8272 54.5
      vertex 5.6005 10.9548 61.775
      vertex 5.40715 12.6719 54.5
    endloop
  endfacet
  facet normal -0.999568 -0.0196411 -0.0218777
    outer loop
      vertex -1.82803 -16.5441 54.25
      vertex -2.0005 -15.3748 61.0802
      vertex -1.83218 -16.3329 54.25
    endloop
  endfacet
  facet normal -0.999567 -0.0196965 -0.0218682
    outer loop
      vertex -2.0005 -15.3748 61.0802
      vertex -1.82803 -16.5441 54.25
      vertex -2.0005 -15.5923 61.2761
    endloop
  endfacet
  facet normal -0.944025 -0.31374 0.1019
    outer loop
      vertex -0.788383 -22.7413 55.2682
      vertex -2.0005 -16.2056 64.1616
      vertex -0.851223 -22.5098 55.3988
    endloop
  endfacet
  facet normal -0.89212 -0.413418 0.182228
    outer loop
      vertex -0.788233 -22.7418 55.2678
      vertex -2.0005 -16.2056 64.1616
      vertex -0.788383 -22.7413 55.2682
    endloop
  endfacet
  facet normal -0.94744 -0.305409 0.0953094
    outer loop
      vertex -2.0005 -16.2056 64.1616
      vertex -0.788233 -22.7418 55.2678
      vertex -0.750999 -22.9401 55.0025
    endloop
  endfacet
  facet normal 0.999596 -0.0142125 -0.0246262
    outer loop
      vertex 5.43117 -16.0174 54.5
      vertex 5.6005 -14.8533 60.7014
      vertex 5.6005 -15.134 60.8634
    endloop
  endfacet
  facet normal 0.999595 -0.0142477 -0.0246196
    outer loop
      vertex 5.6005 -14.8533 60.7014
      vertex 5.43117 -16.0174 54.5
      vertex 5.43496 -15.7515 54.5
    endloop
  endfacet
  facet normal 0.523243 0.570322 0.633206
    outer loop
      vertex 5.6005 10.5923 65.2239
      vertex 4.251 22.4879 55.6248
      vertex 5.6005 10.3748 65.4198
    endloop
  endfacet
  facet normal 0 -0.808928 0.587908
    outer loop
      vertex -2.0005 -15.9548 64.725
      vertex 5.6005 -15.7827 64.9618
      vertex -2.0005 -15.7827 64.9618
    endloop
  endfacet
  facet normal 0 -0.808928 0.587908
    outer loop
      vertex 5.6005 -15.7827 64.9618
      vertex -2.0005 -15.9548 64.725
      vertex 5.6005 -15.9548 64.725
    endloop
  endfacet
  facet normal -0.991662 0.126051 0.0267781
    outer loop
      vertex -2.0005 11.273 63.8446
      vertex -0.908941 21.5774 55.7626
      vertex -2.0005 11.3338 63.5584
    endloop
  endfacet
  facet normal -0.991651 0.126121 0.0268688
    outer loop
      vertex -0.908941 21.5774 55.7626
      vertex -2.0005 11.273 63.8446
      vertex -0.90418 21.6146 55.7637
    endloop
  endfacet
  facet normal -0.999699 -0.00507247 -0.0240112
    outer loop
      vertex -1.84883 -14.9611 54.25
      vertex -2.0005 -14.0133 60.3645
      vertex -1.84907 -14.9138 54.25
    endloop
  endfacet
  facet normal 0 -0.308839 0.951114
    outer loop
      vertex -2.0005 -14.0133 66.1355
      vertex 5.6005 -14.2917 66.0451
      vertex 5.6005 -14.0133 66.1355
    endloop
  endfacet
  facet normal 0 -0.308839 0.951114
    outer loop
      vertex 5.6005 -14.2917 66.0451
      vertex -2.0005 -14.0133 66.1355
      vertex -2.0005 -14.2917 66.0451
    endloop
  endfacet
  facet normal 0.99928 -0.0307025 -0.0223035
    outer loop
      vertex 5.41381 -16.7461 54.5
      vertex 5.6005 -15.5923 61.2761
      vertex 5.6005 -15.7827 61.5382
    endloop
  endfacet
  facet normal 0.99928 -0.0306922 -0.0223053
    outer loop
      vertex 5.6005 -15.5923 61.2761
      vertex 5.41381 -16.7461 54.5
      vertex 5.41983 -16.5501 54.5
    endloop
  endfacet
  facet normal -0.99168 0.12594 0.0266336
    outer loop
      vertex -2.0005 11.273 63.8446
      vertex -0.899233 21.6533 55.7649
      vertex -0.90418 21.6146 55.7637
    endloop
  endfacet
  facet normal -0.991659 0.126071 0.0268051
    outer loop
      vertex -0.899233 21.6533 55.7649
      vertex -2.0005 11.273 63.8446
      vertex -2.0005 11.2056 64.1616
    endloop
  endfacet
  facet normal -0.999502 0.025528 -0.0185448
    outer loop
      vertex -2.0005 10.7827 61.5382
      vertex -1.81654 12.6908 54.25
      vertex -1.8215 12.4966 54.25
    endloop
  endfacet
  facet normal -0.999502 0.0255197 -0.018547
    outer loop
      vertex -1.81654 12.6908 54.25
      vertex -2.0005 10.7827 61.5382
      vertex -2.0005 10.9548 61.775
    endloop
  endfacet
  facet normal 0.999652 0.0108473 -0.0240575
    outer loop
      vertex 5.4389 11.0634 54.5
      vertex 5.43839 11.1104 54.5
      vertex 5.6005 9.59987 60.555
    endloop
  endfacet
  facet normal 0.999495 -0.0212719 -0.0236174
    outer loop
      vertex 5.42085 -16.5102 54.5
      vertex 5.6005 -15.3748 61.0802
      vertex 5.6005 -15.5923 61.2761
    endloop
  endfacet
  facet normal 0.999495 -0.0212799 -0.023616
    outer loop
      vertex 5.6005 -15.3748 61.0802
      vertex 5.42085 -16.5102 54.5
      vertex 5.42537 -16.2979 54.5
    endloop
  endfacet
  facet normal 0.993487 0.113947 9.8653e-07
    outer loop
      vertex 5.6005 11.3338 62.9416
      vertex 5.00237 16.5489 54.5
      vertex 4.45512 21.3203 55.658
    endloop
  endfacet
  facet normal 0.993487 0.113946 -0
    outer loop
      vertex 5.6005 11.3338 62.9416
      vertex 4.45512 21.3203 55.658
      vertex 5.6005 11.3338 63.5584
    endloop
  endfacet
  facet normal 0.993487 0.113944 -6.00702e-07
    outer loop
      vertex 5.00237 16.5489 54.5
      vertex 5.6005 11.3338 62.9416
      vertex 5.37796 13.2741 54.5
    endloop
  endfacet
  facet normal 0.87394 -0.444007 0.197703
    outer loop
      vertex 5.6005 -16.0738 64.4576
      vertex 4.251 -22.9401 55.0025
      vertex 5.6005 -16.2056 64.1616
    endloop
  endfacet
  facet normal -0.984499 0.16033 0.0711042
    outer loop
      vertex -2.0005 11.2056 64.1616
      vertex -0.847767 22.0211 55.7347
      vertex -0.851392 21.9972 55.7384
    endloop
  endfacet
  facet normal -0.984414 0.160658 0.0715362
    outer loop
      vertex -0.847767 22.0211 55.7347
      vertex -2.0005 11.2056 64.1616
      vertex -2.0005 11.0738 64.4576
    endloop
  endfacet
  facet normal -0.984401 0.160712 0.0716056
    outer loop
      vertex -2.0005 11.0738 64.4576
      vertex -0.844711 22.0412 55.7316
      vertex -0.847767 22.0211 55.7347
    endloop
  endfacet
  facet normal -0.984426 0.160612 0.0714764
    outer loop
      vertex -0.844711 22.0412 55.7316
      vertex -2.0005 11.0738 64.4576
      vertex -2.0005 10.9548 64.725
    endloop
  endfacet
  facet normal 0.999635 0.0135104 -0.0233913
    outer loop
      vertex 5.6005 9.59987 60.555
      vertex 5.43496 11.3648 54.5
      vertex 5.6005 9.85334 60.7014
    endloop
  endfacet
  facet normal 0.999635 0.0134778 -0.0234009
    outer loop
      vertex 5.43496 11.3648 54.5
      vertex 5.6005 9.59987 60.555
      vertex 5.43839 11.1104 54.5
    endloop
  endfacet
  facet normal 0 -0.499856 0.866109
    outer loop
      vertex -2.0005 -14.8533 65.7986
      vertex 5.6005 -15.134 65.6366
      vertex 5.6005 -14.8533 65.7986
    endloop
  endfacet
  facet normal 0 -0.499856 0.866109
    outer loop
      vertex 5.6005 -15.134 65.6366
      vertex -2.0005 -14.8533 65.7986
      vertex -2.0005 -15.134 65.6366
    endloop
  endfacet
  facet normal 0 -0.308905 0.951093
    outer loop
      vertex -2.0005 -14.2917 66.0451
      vertex 5.6005 -14.5999 65.945
      vertex 5.6005 -14.2917 66.0451
    endloop
  endfacet
  facet normal 0 -0.308905 0.951093
    outer loop
      vertex 5.6005 -14.5999 65.945
      vertex -2.0005 -14.2917 66.0451
      vertex -2.0005 -14.5999 65.945
    endloop
  endfacet
  facet normal 0.998155 0.0593862 -0.0126159
    outer loop
      vertex 5.6005 11.273 62.6554
      vertex 5.37962 13.253 54.5
      vertex 5.6005 11.3338 62.9416
    endloop
  endfacet
  facet normal 0.998156 0.0593804 -0.0126173
    outer loop
      vertex 5.37962 13.253 54.5
      vertex 5.6005 11.273 62.6554
      vertex 5.38592 13.1471 54.5
    endloop
  endfacet
  facet normal -0.999382 -0.0284391 -0.020652
    outer loop
      vertex -1.81654 -16.9547 54.25
      vertex -2.0005 -15.7827 61.5382
      vertex -1.8215 -16.7804 54.25
    endloop
  endfacet
  facet normal -0.999383 -0.0284202 -0.020655
    outer loop
      vertex -2.0005 -15.7827 61.5382
      vertex -1.81654 -16.9547 54.25
      vertex -2.0005 -15.9548 61.775
    endloop
  endfacet
  facet normal -1 0 0
    outer loop
      vertex -2.0005 9.94151 63.088
      vertex -2.0005 11.3338 62.9416
      vertex -2.0005 11.273 62.6554
    endloop
  endfacet
  facet normal -1 0 0
    outer loop
      vertex -2.0005 11.3338 62.9416
      vertex -2.0005 9.94151 63.088
      vertex -2.0005 11.3338 63.5584
    endloop
  endfacet
  facet normal -1 0 0
    outer loop
      vertex -2.0005 9.87414 62.771
      vertex -2.0005 11.273 62.6554
      vertex -2.0005 11.2056 62.3384
    endloop
  endfacet
  facet normal -1 0 0
    outer loop
      vertex -2.0005 9.94151 63.412
      vertex -2.0005 11.3338 63.5584
      vertex -2.0005 9.94151 63.088
    endloop
  endfacet
  facet normal -1 0 0
    outer loop
      vertex -2.0005 9.87414 62.771
      vertex -2.0005 11.2056 62.3384
      vertex -2.0005 11.0738 62.0424
    endloop
  endfacet
  facet normal -1 -0 0
    outer loop
      vertex -2.0005 11.3338 63.5584
      vertex -2.0005 9.94151 63.412
      vertex -2.0005 11.273 63.8446
    endloop
  endfacet
  facet normal -1 0 0
    outer loop
      vertex -2.0005 9.74234 62.475
      vertex -2.0005 11.0738 62.0424
      vertex -2.0005 10.9548 61.775
    endloop
  endfacet
  facet normal -1 0 0
    outer loop
      vertex -2.0005 9.87414 63.729
      vertex -2.0005 11.273 63.8446
      vertex -2.0005 9.94151 63.412
    endloop
  endfacet
  facet normal -1 0 0
    outer loop
      vertex -2.0005 9.74234 62.475
      vertex -2.0005 10.9548 61.775
      vertex -2.0005 10.7827 61.5382
    endloop
  endfacet
  facet normal -1 -0 0
    outer loop
      vertex -2.0005 11.273 63.8446
      vertex -2.0005 9.87414 63.729
      vertex -2.0005 11.2056 64.1616
    endloop
  endfacet
  facet normal -1 0 0
    outer loop
      vertex -2.0005 9.55187 62.2128
      vertex -2.0005 10.7827 61.5382
      vertex -2.0005 10.5923 61.2761
    endloop
  endfacet
  facet normal -1 -0 0
    outer loop
      vertex -2.0005 11.2056 64.1616
      vertex -2.0005 9.87414 63.729
      vertex -2.0005 11.0738 64.4576
    endloop
  endfacet
  facet normal -1 0 0
    outer loop
      vertex -2.0005 9.55187 62.2128
      vertex -2.0005 10.5923 61.2761
      vertex -2.0005 10.3748 61.0802
    endloop
  endfacet
  facet normal -1 0 0
    outer loop
      vertex -2.0005 9.74234 64.025
      vertex -2.0005 11.0738 64.4576
      vertex -2.0005 9.87414 63.729
    endloop
  endfacet
  facet normal -1 0 0
    outer loop
      vertex -2.0005 9.31107 61.996
      vertex -2.0005 10.3748 61.0802
      vertex -2.0005 10.134 60.8634
    endloop
  endfacet
  facet normal -1 -0 0
    outer loop
      vertex -2.0005 11.0738 64.4576
      vertex -2.0005 9.74234 64.025
      vertex -2.0005 10.9548 64.725
    endloop
  endfacet
  facet normal -1 -0 0
    outer loop
      vertex -2.0005 10.9548 64.725
      vertex -2.0005 9.74234 64.025
      vertex -2.0005 10.7827 64.9618
    endloop
  endfacet
  facet normal -1 0 0
    outer loop
      vertex -2.0005 11.273 62.6554
      vertex -2.0005 9.87414 62.771
      vertex -2.0005 9.94151 63.088
    endloop
  endfacet
  facet normal -1 0 0
    outer loop
      vertex -2.0005 9.31107 61.996
      vertex -2.0005 10.134 60.8634
      vertex -2.0005 9.85334 60.7014
    endloop
  endfacet
  facet normal -1 0 0
    outer loop
      vertex -2.0005 11.0738 62.0424
      vertex -2.0005 9.74234 62.475
      vertex -2.0005 9.87414 62.771
    endloop
  endfacet
  facet normal -1 0 0
    outer loop
      vertex -2.0005 9.03044 61.834
      vertex -2.0005 9.85334 60.7014
      vertex -2.0005 9.59987 60.555
    endloop
  endfacet
  facet normal -1 0 0
    outer loop
      vertex -2.0005 10.7827 61.5382
      vertex -2.0005 9.55187 62.2128
      vertex -2.0005 9.74234 62.475
    endloop
  endfacet
  facet normal -1 0 0
    outer loop
      vertex -2.0005 10.3748 61.0802
      vertex -2.0005 9.31107 61.996
      vertex -2.0005 9.55187 62.2128
    endloop
  endfacet
  facet normal -1 0 0
    outer loop
      vertex -2.0005 9.03044 61.834
      vertex -2.0005 9.59987 60.555
      vertex -2.0005 9.29169 60.4549
    endloop
  endfacet
  facet normal -1 0 0
    outer loop
      vertex -2.0005 9.85334 60.7014
      vertex -2.0005 9.03044 61.834
      vertex -2.0005 9.31107 61.996
    endloop
  endfacet
  facet normal -1 0 0
    outer loop
      vertex -2.0005 8.72226 61.7339
      vertex -2.0005 9.29169 60.4549
      vertex -2.0005 9.01334 60.3645
    endloop
  endfacet
  facet normal -1 0 0
    outer loop
      vertex -2.0005 8.72226 61.7339
      vertex -2.0005 9.01334 60.3645
      vertex -2.0005 8.72226 60.3339
    endloop
  endfacet
  facet normal -1 0 0
    outer loop
      vertex -2.0005 9.29169 60.4549
      vertex -2.0005 8.72226 61.7339
      vertex -2.0005 9.03044 61.834
    endloop
  endfacet
  facet normal -1 0 0
    outer loop
      vertex -2.0005 8.4 61.7
      vertex -2.0005 8.72226 60.3339
      vertex -2.0005 8.4 60.3
    endloop
  endfacet
  facet normal -1 0 0
    outer loop
      vertex -2.0005 8.72226 60.3339
      vertex -2.0005 8.4 61.7
      vertex -2.0005 8.72226 61.7339
    endloop
  endfacet
  facet normal -1 0 0
    outer loop
      vertex -2.0005 8.4 60.3
      vertex -2.0005 0.6 61.7
      vertex -2.0005 8.4 61.7
    endloop
  endfacet
  facet normal -1 0 0
    outer loop
      vertex -2.0005 -5.6 61.7
      vertex -2.0005 0.6 61.7
      vertex -2.0005 8.4 60.3
    endloop
  endfacet
  facet normal -1 0 0
    outer loop
      vertex -2.0005 -0.941508 63.088
      vertex -2.0005 -4.05849 63.088
      vertex -2.0005 -0.941508 63.412
    endloop
  endfacet
  facet normal -1 0 0
    outer loop
      vertex -2.0005 -0.874137 62.771
      vertex -2.0005 -4.05849 63.088
      vertex -2.0005 -0.941508 63.088
    endloop
  endfacet
  facet normal -1 0 0
    outer loop
      vertex -2.0005 -4.12586 62.771
      vertex -2.0005 -0.874137 62.771
      vertex -2.0005 -0.742339 62.475
    endloop
  endfacet
  facet normal -1 0 0
    outer loop
      vertex -2.0005 -4.25766 62.475
      vertex -2.0005 -0.742339 62.475
      vertex -2.0005 -0.551874 62.2128
    endloop
  endfacet
  facet normal -1 0 0
    outer loop
      vertex -2.0005 -4.44813 62.2128
      vertex -2.0005 -0.551874 62.2128
      vertex -2.0005 -0.311067 61.996
    endloop
  endfacet
  facet normal -1 0 0
    outer loop
      vertex -2.0005 -4.68893 61.996
      vertex -2.0005 -0.311067 61.996
      vertex -2.0005 -0.0304413 61.834
    endloop
  endfacet
  facet normal -1 0 0
    outer loop
      vertex -2.0005 -4.96956 61.834
      vertex -2.0005 -0.0304413 61.834
      vertex -2.0005 0.277738 61.7339
    endloop
  endfacet
  facet normal -1 0 0
    outer loop
      vertex -2.0005 -0.874137 62.771
      vertex -2.0005 -4.12586 62.771
      vertex -2.0005 -4.05849 63.088
    endloop
  endfacet
  facet normal -1 0 0
    outer loop
      vertex -2.0005 -0.742339 62.475
      vertex -2.0005 -4.25766 62.475
      vertex -2.0005 -4.12586 62.771
    endloop
  endfacet
  facet normal -1 0 0
    outer loop
      vertex -2.0005 0.6 61.7
      vertex -2.0005 -5.6 61.7
      vertex -2.0005 0.277738 61.7339
    endloop
  endfacet
  facet normal -1 0 0
    outer loop
      vertex -2.0005 -0.551874 62.2128
      vertex -2.0005 -4.44813 62.2128
      vertex -2.0005 -4.25766 62.475
    endloop
  endfacet
  facet normal -1 0 0
    outer loop
      vertex -2.0005 -0.311067 61.996
      vertex -2.0005 -4.68893 61.996
      vertex -2.0005 -4.44813 62.2128
    endloop
  endfacet
  facet normal -1 0 0
    outer loop
      vertex -2.0005 -0.0304413 61.834
      vertex -2.0005 -4.96956 61.834
      vertex -2.0005 -4.68893 61.996
    endloop
  endfacet
  facet normal -1 0 0
    outer loop
      vertex -2.0005 0.277738 61.7339
      vertex -2.0005 -5.27774 61.7339
      vertex -2.0005 -4.96956 61.834
    endloop
  endfacet
  facet normal -1 -0 0
    outer loop
      vertex -2.0005 0.277738 61.7339
      vertex -2.0005 -5.6 61.7
      vertex -2.0005 -5.27774 61.7339
    endloop
  endfacet
  facet normal -1 0 0
    outer loop
      vertex -2.0005 -13.4 60.3
      vertex -2.0005 -5.6 61.7
      vertex -2.0005 8.4 60.3
    endloop
  endfacet
  facet normal -1 0 0
    outer loop
      vertex -2.0005 -13.4 60.3
      vertex -2.0005 -13.4 61.7
      vertex -2.0005 -5.6 61.7
    endloop
  endfacet
  facet normal -1 0 0
    outer loop
      vertex -2.0005 -13.7223 60.3339
      vertex -2.0005 -13.4 61.7
      vertex -2.0005 -13.4 60.3
    endloop
  endfacet
  facet normal -1 0 0
    outer loop
      vertex -2.0005 -13.7223 60.3339
      vertex -2.0005 -13.7223 61.7339
      vertex -2.0005 -13.4 61.7
    endloop
  endfacet
  facet normal -1 0 0
    outer loop
      vertex -2.0005 -14.0133 60.3645
      vertex -2.0005 -13.7223 61.7339
      vertex -2.0005 -13.7223 60.3339
    endloop
  endfacet
  facet normal -1 0 0
    outer loop
      vertex -2.0005 -14.2917 60.4549
      vertex -2.0005 -13.7223 61.7339
      vertex -2.0005 -14.0133 60.3645
    endloop
  endfacet
  facet normal -1 -0 0
    outer loop
      vertex -2.0005 -13.7223 61.7339
      vertex -2.0005 -14.2917 60.4549
      vertex -2.0005 -14.0304 61.834
    endloop
  endfacet
  facet normal -1 0 0
    outer loop
      vertex -2.0005 -14.5999 60.555
      vertex -2.0005 -14.0304 61.834
      vertex -2.0005 -14.2917 60.4549
    endloop
  endfacet
  facet normal -1 0 0
    outer loop
      vertex -2.0005 -14.8533 60.7014
      vertex -2.0005 -14.0304 61.834
      vertex -2.0005 -14.5999 60.555
    endloop
  endfacet
  facet normal -1 -0 0
    outer loop
      vertex -2.0005 -14.0304 61.834
      vertex -2.0005 -14.8533 60.7014
      vertex -2.0005 -14.3111 61.996
    endloop
  endfacet
  facet normal -1 0 0
    outer loop
      vertex -2.0005 -15.134 60.8634
      vertex -2.0005 -14.3111 61.996
      vertex -2.0005 -14.8533 60.7014
    endloop
  endfacet
  facet normal -1 0 0
    outer loop
      vertex -2.0005 -15.3748 61.0802
      vertex -2.0005 -14.3111 61.996
      vertex -2.0005 -15.134 60.8634
    endloop
  endfacet
  facet normal -1 -0 0
    outer loop
      vertex -2.0005 -14.3111 61.996
      vertex -2.0005 -15.3748 61.0802
      vertex -2.0005 -14.5519 62.2128
    endloop
  endfacet
  facet normal -1 0 0
    outer loop
      vertex -2.0005 -15.5923 61.2761
      vertex -2.0005 -14.5519 62.2128
      vertex -2.0005 -15.3748 61.0802
    endloop
  endfacet
  facet normal -1 -0 0
    outer loop
      vertex -2.0005 -14.5519 62.2128
      vertex -2.0005 -15.7827 61.5382
      vertex -2.0005 -14.7423 62.475
    endloop
  endfacet
  facet normal -1 0 0
    outer loop
      vertex -2.0005 -15.7827 61.5382
      vertex -2.0005 -14.5519 62.2128
      vertex -2.0005 -15.5923 61.2761
    endloop
  endfacet
  facet normal -1 0 0
    outer loop
      vertex -2.0005 9.55187 64.2872
      vertex -2.0005 10.7827 64.9618
      vertex -2.0005 9.74234 64.025
    endloop
  endfacet
  facet normal -1 -0 0
    outer loop
      vertex -2.0005 10.7827 64.9618
      vertex -2.0005 9.55187 64.2872
      vertex -2.0005 10.5923 65.2239
    endloop
  endfacet
  facet normal -1 -0 0
    outer loop
      vertex -2.0005 10.5923 65.2239
      vertex -2.0005 9.55187 64.2872
      vertex -2.0005 10.3748 65.4198
    endloop
  endfacet
  facet normal -1 0 0
    outer loop
      vertex -2.0005 9.31107 64.504
      vertex -2.0005 10.3748 65.4198
      vertex -2.0005 9.55187 64.2872
    endloop
  endfacet
  facet normal -1 -0 0
    outer loop
      vertex -2.0005 10.3748 65.4198
      vertex -2.0005 9.31107 64.504
      vertex -2.0005 10.134 65.6366
    endloop
  endfacet
  facet normal -1 -0 0
    outer loop
      vertex -2.0005 10.134 65.6366
      vertex -2.0005 9.31107 64.504
      vertex -2.0005 9.85334 65.7986
    endloop
  endfacet
  facet normal -1 0 0
    outer loop
      vertex -2.0005 9.03044 64.666
      vertex -2.0005 9.85334 65.7986
      vertex -2.0005 9.31107 64.504
    endloop
  endfacet
  facet normal -1 -0 0
    outer loop
      vertex -2.0005 9.85334 65.7986
      vertex -2.0005 9.03044 64.666
      vertex -2.0005 9.59987 65.945
    endloop
  endfacet
  facet normal -1 -0 0
    outer loop
      vertex -2.0005 9.59987 65.945
      vertex -2.0005 9.03044 64.666
      vertex -2.0005 9.29169 66.0451
    endloop
  endfacet
  facet normal -1 0 0
    outer loop
      vertex -2.0005 8.72226 64.7661
      vertex -2.0005 9.29169 66.0451
      vertex -2.0005 9.03044 64.666
    endloop
  endfacet
  facet normal -1 -0 0
    outer loop
      vertex -2.0005 9.29169 66.0451
      vertex -2.0005 8.72226 64.7661
      vertex -2.0005 9.01334 66.1355
    endloop
  endfacet
  facet normal -1 0 0
    outer loop
      vertex -2.0005 8.72226 64.7661
      vertex -2.0005 8.72226 66.1661
      vertex -2.0005 9.01334 66.1355
    endloop
  endfacet
  facet normal -1 0 0
    outer loop
      vertex -2.0005 8.4 64.8
      vertex -2.0005 8.72226 66.1661
      vertex -2.0005 8.72226 64.7661
    endloop
  endfacet
  facet normal -1 0 0
    outer loop
      vertex -2.0005 8.4 64.8
      vertex -2.0005 8.4 66.2
      vertex -2.0005 8.72226 66.1661
    endloop
  endfacet
  facet normal -1 0 0
    outer loop
      vertex -2.0005 0.6 64.8
      vertex -2.0005 8.4 66.2
      vertex -2.0005 8.4 64.8
    endloop
  endfacet
  facet normal -1 0 0
    outer loop
      vertex -2.0005 -5.6 64.8
      vertex -2.0005 0.6 64.8
      vertex -2.0005 0.277738 64.7661
    endloop
  endfacet
  facet normal -1 0 0
    outer loop
      vertex -2.0005 -4.05849 63.412
      vertex -2.0005 -0.941508 63.412
      vertex -2.0005 -4.05849 63.088
    endloop
  endfacet
  facet normal -1 0 0
    outer loop
      vertex -2.0005 -0.941508 63.412
      vertex -2.0005 -4.05849 63.412
      vertex -2.0005 -0.874137 63.729
    endloop
  endfacet
  facet normal -1 0 0
    outer loop
      vertex -2.0005 -4.12586 63.729
      vertex -2.0005 -0.874137 63.729
      vertex -2.0005 -4.05849 63.412
    endloop
  endfacet
  facet normal -1 0 0
    outer loop
      vertex -2.0005 -0.874137 63.729
      vertex -2.0005 -4.12586 63.729
      vertex -2.0005 -0.742339 64.025
    endloop
  endfacet
  facet normal -1 0 0
    outer loop
      vertex -2.0005 -4.25766 64.025
      vertex -2.0005 -0.742339 64.025
      vertex -2.0005 -4.12586 63.729
    endloop
  endfacet
  facet normal -1 0 0
    outer loop
      vertex -2.0005 -0.742339 64.025
      vertex -2.0005 -4.25766 64.025
      vertex -2.0005 -0.551874 64.2872
    endloop
  endfacet
  facet normal -1 0 0
    outer loop
      vertex -2.0005 -4.44813 64.2872
      vertex -2.0005 -0.551874 64.2872
      vertex -2.0005 -4.25766 64.025
    endloop
  endfacet
  facet normal -1 0 0
    outer loop
      vertex -2.0005 -0.551874 64.2872
      vertex -2.0005 -4.44813 64.2872
      vertex -2.0005 -0.311067 64.504
    endloop
  endfacet
  facet normal -1 0 0
    outer loop
      vertex -2.0005 -4.68893 64.504
      vertex -2.0005 -0.311067 64.504
      vertex -2.0005 -4.44813 64.2872
    endloop
  endfacet
  facet normal -1 0 0
    outer loop
      vertex -2.0005 -0.311067 64.504
      vertex -2.0005 -4.68893 64.504
      vertex -2.0005 -0.0304413 64.666
    endloop
  endfacet
  facet normal -1 0 0
    outer loop
      vertex -2.0005 -4.96956 64.666
      vertex -2.0005 -0.0304413 64.666
      vertex -2.0005 -4.68893 64.504
    endloop
  endfacet
  facet normal -1 0 0
    outer loop
      vertex -2.0005 -0.0304413 64.666
      vertex -2.0005 -4.96956 64.666
      vertex -2.0005 0.277738 64.7661
    endloop
  endfacet
  facet normal -1 0 0
    outer loop
      vertex -2.0005 -5.27774 64.7661
      vertex -2.0005 0.277738 64.7661
      vertex -2.0005 -4.96956 64.666
    endloop
  endfacet
  facet normal -1 0 0
    outer loop
      vertex -2.0005 -5.6 64.8
      vertex -2.0005 0.277738 64.7661
      vertex -2.0005 -5.27774 64.7661
    endloop
  endfacet
  facet normal -1 0 0
    outer loop
      vertex -2.0005 0.6 64.8
      vertex -2.0005 -5.6 64.8
      vertex -2.0005 8.4 66.2
    endloop
  endfacet
  facet normal -1 0 0
    outer loop
      vertex -2.0005 -13.4 66.2
      vertex -2.0005 -5.6 64.8
      vertex -2.0005 -13.4 64.8
    endloop
  endfacet
  facet normal -1 0 0
    outer loop
      vertex -2.0005 -5.6 64.8
      vertex -2.0005 -13.4 66.2
      vertex -2.0005 8.4 66.2
    endloop
  endfacet
  facet normal -1 0 0
    outer loop
      vertex -2.0005 -13.7223 66.1661
      vertex -2.0005 -13.4 64.8
      vertex -2.0005 -13.7223 64.7661
    endloop
  endfacet
  facet normal -1 0 0
    outer loop
      vertex -2.0005 -13.4 64.8
      vertex -2.0005 -13.7223 66.1661
      vertex -2.0005 -13.4 66.2
    endloop
  endfacet
  facet normal -1 0 0
    outer loop
      vertex -2.0005 -13.7223 64.7661
      vertex -2.0005 -14.0133 66.1355
      vertex -2.0005 -13.7223 66.1661
    endloop
  endfacet
  facet normal -1 0 0
    outer loop
      vertex -2.0005 -14.2917 66.0451
      vertex -2.0005 -13.7223 64.7661
      vertex -2.0005 -14.0304 64.666
    endloop
  endfacet
  facet normal -1 0 0
    outer loop
      vertex -2.0005 -13.7223 64.7661
      vertex -2.0005 -14.2917 66.0451
      vertex -2.0005 -14.0133 66.1355
    endloop
  endfacet
  facet normal -1 0 0
    outer loop
      vertex -2.0005 -14.8533 65.7986
      vertex -2.0005 -14.0304 64.666
      vertex -2.0005 -14.3111 64.504
    endloop
  endfacet
  facet normal -1 0 0
    outer loop
      vertex -2.0005 -15.3748 65.4198
      vertex -2.0005 -14.3111 64.504
      vertex -2.0005 -14.5519 64.2872
    endloop
  endfacet
  facet normal -1 0 0
    outer loop
      vertex -2.0005 -14.0304 64.666
      vertex -2.0005 -14.5999 65.945
      vertex -2.0005 -14.2917 66.0451
    endloop
  endfacet
  facet normal -1 0 0
    outer loop
      vertex -2.0005 -15.7827 64.9618
      vertex -2.0005 -14.5519 64.2872
      vertex -2.0005 -14.7423 64.025
    endloop
  endfacet
  facet normal -1 0 0
    outer loop
      vertex -2.0005 -14.0304 64.666
      vertex -2.0005 -14.8533 65.7986
      vertex -2.0005 -14.5999 65.945
    endloop
  endfacet
  facet normal -1 0 0
    outer loop
      vertex -2.0005 -16.0738 64.4576
      vertex -2.0005 -14.7423 64.025
      vertex -2.0005 -14.8741 63.729
    endloop
  endfacet
  facet normal -1 0 0
    outer loop
      vertex -2.0005 -16.273 63.8446
      vertex -2.0005 -14.8741 63.729
      vertex -2.0005 -14.9415 63.412
    endloop
  endfacet
  facet normal -1 0 0
    outer loop
      vertex -2.0005 -15.9548 61.775
      vertex -2.0005 -14.7423 62.475
      vertex -2.0005 -15.7827 61.5382
    endloop
  endfacet
  facet normal -1 0 0
    outer loop
      vertex -2.0005 -16.0738 62.0424
      vertex -2.0005 -14.7423 62.475
      vertex -2.0005 -15.9548 61.775
    endloop
  endfacet
  facet normal -1 0 0
    outer loop
      vertex -2.0005 -14.3111 64.504
      vertex -2.0005 -15.3748 65.4198
      vertex -2.0005 -15.134 65.6366
    endloop
  endfacet
  facet normal -1 0 0
    outer loop
      vertex -2.0005 -14.3111 64.504
      vertex -2.0005 -15.134 65.6366
      vertex -2.0005 -14.8533 65.7986
    endloop
  endfacet
  facet normal -1 -0 0
    outer loop
      vertex -2.0005 -14.7423 62.475
      vertex -2.0005 -16.0738 62.0424
      vertex -2.0005 -14.8741 62.771
    endloop
  endfacet
  facet normal -1 0 0
    outer loop
      vertex -2.0005 -16.2056 62.3384
      vertex -2.0005 -14.8741 62.771
      vertex -2.0005 -16.0738 62.0424
    endloop
  endfacet
  facet normal -1 0 0
    outer loop
      vertex -2.0005 -14.5519 64.2872
      vertex -2.0005 -15.7827 64.9618
      vertex -2.0005 -15.5923 65.2239
    endloop
  endfacet
  facet normal -1 0 0
    outer loop
      vertex -2.0005 -14.5519 64.2872
      vertex -2.0005 -15.5923 65.2239
      vertex -2.0005 -15.3748 65.4198
    endloop
  endfacet
  facet normal -1 0 0
    outer loop
      vertex -2.0005 -16.273 62.6554
      vertex -2.0005 -14.8741 62.771
      vertex -2.0005 -16.2056 62.3384
    endloop
  endfacet
  facet normal -1 -0 0
    outer loop
      vertex -2.0005 -14.8741 62.771
      vertex -2.0005 -16.273 62.6554
      vertex -2.0005 -14.9415 63.088
    endloop
  endfacet
  facet normal -1 0 0
    outer loop
      vertex -2.0005 -14.7423 64.025
      vertex -2.0005 -16.0738 64.4576
      vertex -2.0005 -15.9548 64.725
    endloop
  endfacet
  facet normal -1 0 0
    outer loop
      vertex -2.0005 -14.7423 64.025
      vertex -2.0005 -15.9548 64.725
      vertex -2.0005 -15.7827 64.9618
    endloop
  endfacet
  facet normal -1 0 0
    outer loop
      vertex -2.0005 -16.3338 62.9416
      vertex -2.0005 -14.9415 63.088
      vertex -2.0005 -16.273 62.6554
    endloop
  endfacet
  facet normal -1 -0 0
    outer loop
      vertex -2.0005 -14.9415 63.088
      vertex -2.0005 -16.3338 62.9416
      vertex -2.0005 -14.9415 63.412
    endloop
  endfacet
  facet normal -1 0 0
    outer loop
      vertex -2.0005 -14.8741 63.729
      vertex -2.0005 -16.273 63.8446
      vertex -2.0005 -16.2056 64.1616
    endloop
  endfacet
  facet normal -1 0 0
    outer loop
      vertex -2.0005 -14.8741 63.729
      vertex -2.0005 -16.2056 64.1616
      vertex -2.0005 -16.0738 64.4576
    endloop
  endfacet
  facet normal -1 0 0
    outer loop
      vertex -2.0005 -16.3338 63.5584
      vertex -2.0005 -14.9415 63.412
      vertex -2.0005 -16.3338 62.9416
    endloop
  endfacet
  facet normal -1 0 0
    outer loop
      vertex -2.0005 -14.9415 63.412
      vertex -2.0005 -16.3338 63.5584
      vertex -2.0005 -16.273 63.8446
    endloop
  endfacet
  facet normal -0.998932 -0.0422276 -0.0187719
    outer loop
      vertex -1.80975 -17.122 54.25
      vertex -2.0005 -15.9548 61.775
      vertex -1.81533 -16.99 54.25
    endloop
  endfacet
  facet normal -0.998933 -0.0421934 -0.0187772
    outer loop
      vertex -2.0005 -15.9548 61.775
      vertex -1.80975 -17.122 54.25
      vertex -2.0005 -16.0738 62.0424
    endloop
  endfacet
  facet normal -0.999678 -0.0102095 -0.023246
    outer loop
      vertex -1.84421 -15.5474 54.25
      vertex -2.0005 -14.5999 60.555
      vertex -1.84469 -15.5004 54.25
    endloop
  endfacet
  facet normal -0.999382 -0.028444 -0.0206509
    outer loop
      vertex -1.8215 -16.7804 54.25
      vertex -2.0005 -15.5923 61.2761
      vertex -1.82705 -16.5854 54.25
    endloop
  endfacet
  facet normal -0.999382 -0.0284306 -0.0206531
    outer loop
      vertex -2.0005 -15.5923 61.2761
      vertex -1.8215 -16.7804 54.25
      vertex -2.0005 -15.7827 61.5382
    endloop
  endfacet
  facet normal -0 0.308923 0.951087
    outer loop
      vertex -2.0005 9.59987 65.945
      vertex 5.6005 9.29169 66.0451
      vertex 5.6005 9.59987 65.945
    endloop
  endfacet
  facet normal 0 0.308923 0.951087
    outer loop
      vertex 5.6005 9.29169 66.0451
      vertex -2.0005 9.59987 65.945
      vertex -2.0005 9.29169 66.0451
    endloop
  endfacet
  facet normal -0.999491 -0.0237167 -0.0213217
    outer loop
      vertex -1.82705 -16.5854 54.25
      vertex -2.0005 -15.5923 61.2761
      vertex -1.82803 -16.5441 54.25
    endloop
  endfacet
  facet normal -0.999619 -0.0161801 -0.0223823
    outer loop
      vertex -1.83683 -16.0972 54.25
      vertex -2.0005 -15.134 60.8634
      vertex -1.83756 -16.0521 54.25
    endloop
  endfacet
  facet normal -0.55124 0.558262 0.620063
    outer loop
      vertex -2.0005 10.3748 65.4198
      vertex -2.0005 10.134 65.6366
      vertex -0.750999 22.4879 55.6248
    endloop
  endfacet
  facet normal 0.996973 -0.0760483 -0.0161693
    outer loop
      vertex 5.38592 -17.3521 54.5
      vertex 5.6005 -16.2056 62.3384
      vertex 5.6005 -16.273 62.6554
    endloop
  endfacet
  facet normal 0.99697 -0.076093 -0.0161626
    outer loop
      vertex 5.6005 -16.2056 62.3384
      vertex 5.38592 -17.3521 54.5
      vertex 5.39298 -17.2596 54.5
    endloop
  endfacet
  facet normal 0.998765 0.0472259 -0.0154592
    outer loop
      vertex 5.39446 12.9972 54.5
      vertex 5.39298 13.0285 54.5
      vertex 5.6005 11.2056 62.3384
    endloop
  endfacet
  facet normal 0.999419 0.0275681 -0.0200266
    outer loop
      vertex 5.6005 10.5923 61.2761
      vertex 5.41381 12.4379 54.5
      vertex 5.6005 10.7827 61.5382
    endloop
  endfacet
  facet normal 0.99942 0.0275481 -0.020032
    outer loop
      vertex 5.41381 12.4379 54.5
      vertex 5.6005 10.5923 61.2761
      vertex 5.41983 12.2195 54.5
    endloop
  endfacet
  facet normal 0 -0.810189 0.586169
    outer loop
      vertex 4.251 -22.7467 55.3374
      vertex -2.0005 -15.9548 64.725
      vertex -0.750999 -22.7467 55.3374
    endloop
  endfacet
  facet normal 0 -0.810189 0.586169
    outer loop
      vertex -2.0005 -15.9548 64.725
      vertex 4.251 -22.7467 55.3374
      vertex 5.6005 -15.9548 64.725
    endloop
  endfacet
  facet normal 0.998157 0.0593623 -0.0126215
    outer loop
      vertex 5.6005 11.2056 62.3384
      vertex 5.38592 13.1471 54.5
      vertex 5.6005 11.273 62.6554
    endloop
  endfacet
  facet normal 0.998154 0.0594179 -0.0126077
    outer loop
      vertex 5.38592 13.1471 54.5
      vertex 5.6005 11.2056 62.3384
      vertex 5.39298 13.0285 54.5
    endloop
  endfacet
  facet normal -0.999653 -0.0131873 -0.0227979
    outer loop
      vertex -1.84104 -15.7877 54.25
      vertex -2.0005 -14.5999 60.555
      vertex -1.84421 -15.5474 54.25
    endloop
  endfacet
  facet normal -0.999653 -0.0131729 -0.0228006
    outer loop
      vertex -2.0005 -14.5999 60.555
      vertex -1.84104 -15.7877 54.25
      vertex -2.0005 -14.8533 60.7014
    endloop
  endfacet
  facet normal -0.889055 -0.418216 0.186219
    outer loop
      vertex -2.0005 -16.0738 64.4576
      vertex -2.0005 -16.2056 64.1616
      vertex -0.750999 -22.9401 55.0025
    endloop
  endfacet
  facet normal 0.874138 -0.443722 0.197468
    outer loop
      vertex 5.6005 -15.9548 64.725
      vertex 4.251 -22.9401 55.0025
      vertex 5.6005 -16.0738 64.4576
    endloop
  endfacet
  facet normal 0.980685 -0.195594 0
    outer loop
      vertex 4.44088 -22.148 55.4487
      vertex 5.6005 -16.3338 62.9416
      vertex 5.6005 -16.3338 63.5584
    endloop
  endfacet
  facet normal 0.980684 -0.1956 1.12576e-06
    outer loop
      vertex 5.6005 -16.3338 62.9416
      vertex 5.00237 -19.3327 54.5
      vertex 5.37796 -17.4496 54.5
    endloop
  endfacet
  facet normal 0.980686 -0.19559 -2.55412e-06
    outer loop
      vertex 5.6005 -16.3338 62.9416
      vertex 4.5918 -21.3913 55.3688
      vertex 5.00237 -19.3327 54.5
    endloop
  endfacet
  facet normal 0.980683 -0.195602 5.65243e-06
    outer loop
      vertex 5.6005 -16.3338 62.9416
      vertex 4.51477 -21.7775 55.4521
      vertex 4.5918 -21.3913 55.3688
    endloop
  endfacet
  facet normal 0.980595 -0.196045 0.000340154
    outer loop
      vertex 5.6005 -16.3338 62.9416
      vertex 4.51367 -21.783 55.4533
      vertex 4.51477 -21.7775 55.4521
    endloop
  endfacet
  facet normal 0.980685 -0.195594 -8.4964e-07
    outer loop
      vertex 5.6005 -16.3338 62.9416
      vertex 4.44161 -22.1443 55.4497
      vertex 4.51367 -21.783 55.4533
    endloop
  endfacet
  facet normal 0.981191 -0.193027 -0.00207026
    outer loop
      vertex 5.6005 -16.3338 62.9416
      vertex 4.44088 -22.148 55.4487
      vertex 4.44161 -22.1443 55.4497
    endloop
  endfacet
  facet normal 0.980671 -0.195666 5.39747e-05
    outer loop
      vertex 4.44088 -22.148 55.4487
      vertex 5.6005 -16.3338 63.5584
      vertex 4.42063 -22.2495 55.42
    endloop
  endfacet
  facet normal 0.993785 -0.110717 -0.011564
    outer loop
      vertex 5.6005 -16.3338 62.9416
      vertex 5.37796 -17.4496 54.5
      vertex 5.37962 -17.4347 54.5
    endloop
  endfacet
  facet normal -0.998429 -0.0532996 -0.0173075
    outer loop
      vertex -1.80223 -17.2932 54.25
      vertex -2.0005 -16.2056 62.3384
      vertex -1.80365 -17.2666 54.25
    endloop
  endfacet
  facet normal 0.998756 -0.0455604 -0.0202756
    outer loop
      vertex 5.4011 -17.0884 54.5
      vertex 5.6005 -15.9548 61.775
      vertex 5.6005 -16.0738 62.0424
    endloop
  endfacet
  facet normal 0.998758 -0.0455007 -0.0202849
    outer loop
      vertex 5.6005 -15.9548 61.775
      vertex 5.4011 -17.0884 54.5
      vertex 5.40715 -16.9556 54.5
    endloop
  endfacet
  facet normal 0.998757 -0.0455434 -0.0202791
    outer loop
      vertex 5.39446 -17.2338 54.5
      vertex 5.6005 -16.0738 62.0424
      vertex 5.6005 -16.2056 62.3384
    endloop
  endfacet
  facet normal 0.998754 -0.0456102 -0.0202688
    outer loop
      vertex 5.6005 -16.0738 62.0424
      vertex 5.39446 -17.2338 54.5
      vertex 5.4011 -17.0884 54.5
    endloop
  endfacet
  facet normal -0.994653 -0.102716 -0.0107018
    outer loop
      vertex -1.78835 -17.4826 54.25
      vertex -2.0005 -16.3338 62.9416
      vertex -1.78993 -17.4673 54.25
    endloop
  endfacet
  facet normal 0 -0.104523 -0.994522
    outer loop
      vertex -1.73848 19.25 54.25
      vertex 1.74975 19.6658 54.2063
      vertex 1.74975 19.25 54.25
    endloop
  endfacet
  facet normal -0 -0.104523 -0.994522
    outer loop
      vertex 1.74975 19.6658 54.2063
      vertex -1.73848 19.25 54.25
      vertex -1.76194 19.6658 54.2063
    endloop
  endfacet
  facet normal -1.65121e-06 0.309048 0.951047
    outer loop
      vertex -3.69443 -19.6658 11.7937
      vertex -23.683 -20.0635 11.9229
      vertex -3.72069 -20 11.9023
    endloop
  endfacet
  facet normal -0 0.308973 0.951071
    outer loop
      vertex -24.083 -19.6658 11.7937
      vertex -23.683 -20.0635 11.9229
      vertex -3.69443 -19.6658 11.7937
    endloop
  endfacet
  facet normal 0.00162408 0.310449 0.950589
    outer loop
      vertex -23.683 -20.0635 11.9229
      vertex -24.083 -19.6658 11.7937
      vertex -24.0035 -19.7593 11.8241
    endloop
  endfacet
  facet normal -0.00280672 0.307041 0.951692
    outer loop
      vertex -24.0035 -19.7593 11.8241
      vertex -24.083 -19.6658 11.7937
      vertex -24.0455 -19.7166 11.8102
    endloop
  endfacet
  facet normal 0 0.308578 0.951199
    outer loop
      vertex -3.71234 -20.0635 11.9229
      vertex -3.72069 -20 11.9023
      vertex -23.683 -20.0635 11.9229
    endloop
  endfacet
  facet normal 0 0 1
    outer loop
      vertex -0.390217 16.2873 11.75
      vertex -16.5368 8.45809 11.75
      vertex -0.390217 -16.2873 11.75
    endloop
  endfacet
  facet normal 0 0 1
    outer loop
      vertex -0.390217 -16.2873 11.75
      vertex -16.2919 -9.21182 11.75
      vertex -16.2091 -10 11.75
    endloop
  endfacet
  facet normal -0 0 1
    outer loop
      vertex -16.5368 -8.45809 11.75
      vertex -0.390217 -16.2873 11.75
      vertex -16.5368 8.45809 11.75
    endloop
  endfacet
  facet normal 0 0 1
    outer loop
      vertex -0.390217 -16.2873 11.75
      vertex -16.5368 -8.45809 11.75
      vertex -16.2919 -9.21182 11.75
    endloop
  endfacet
  facet normal -0 0 1
    outer loop
      vertex -16.9331 7.77175 11.75
      vertex -16.5368 -8.45809 11.75
      vertex -16.5368 8.45809 11.75
    endloop
  endfacet
  facet normal 0 0 1
    outer loop
      vertex -16.9331 7.77175 11.75
      vertex -16.9331 -7.77175 11.75
      vertex -16.5368 -8.45809 11.75
    endloop
  endfacet
  facet normal -0 0 1
    outer loop
      vertex -17.4634 7.18279 11.75
      vertex -16.9331 -7.77175 11.75
      vertex -16.9331 7.77175 11.75
    endloop
  endfacet
  facet normal 0 0 1
    outer loop
      vertex -17.4634 7.18279 11.75
      vertex -17.4634 -7.18279 11.75
      vertex -16.9331 -7.77175 11.75
    endloop
  endfacet
  facet normal -0 0 1
    outer loop
      vertex -18.1045 6.71696 11.75
      vertex -17.4634 -7.18279 11.75
      vertex -17.4634 7.18279 11.75
    endloop
  endfacet
  facet normal 0 0 1
    outer loop
      vertex -18.1045 6.71696 11.75
      vertex -18.1045 -6.71696 11.75
      vertex -17.4634 -7.18279 11.75
    endloop
  endfacet
  facet normal -0 0 1
    outer loop
      vertex -18.8285 6.39461 11.75
      vertex -18.1045 -6.71696 11.75
      vertex -18.1045 6.71696 11.75
    endloop
  endfacet
  facet normal 0 0 1
    outer loop
      vertex -18.8285 6.39461 11.75
      vertex -18.8285 -6.39461 11.75
      vertex -18.1045 -6.71696 11.75
    endloop
  endfacet
  facet normal -0 0 1
    outer loop
      vertex -19.6037 6.22984 11.75
      vertex -18.8285 -6.39461 11.75
      vertex -18.8285 6.39461 11.75
    endloop
  endfacet
  facet normal 0 0 1
    outer loop
      vertex -19.6037 6.22984 11.75
      vertex -19.6037 -6.22984 11.75
      vertex -18.8285 -6.39461 11.75
    endloop
  endfacet
  facet normal -0 0 1
    outer loop
      vertex -20.3963 6.22984 11.75
      vertex -19.6037 -6.22984 11.75
      vertex -19.6037 6.22984 11.75
    endloop
  endfacet
  facet normal 0 0 1
    outer loop
      vertex -20.3963 6.22984 11.75
      vertex -20.3963 -6.22984 11.75
      vertex -19.6037 -6.22984 11.75
    endloop
  endfacet
  facet normal 0 0 1
    outer loop
      vertex -21.1715 6.39461 11.75
      vertex -20.3963 -6.22984 11.75
      vertex -20.3963 6.22984 11.75
    endloop
  endfacet
  facet normal 0 0 1
    outer loop
      vertex -21.1715 6.39461 11.75
      vertex -21.1715 -6.39461 11.75
      vertex -20.3963 -6.22984 11.75
    endloop
  endfacet
  facet normal 0 0 1
    outer loop
      vertex -21.8955 6.71696 11.75
      vertex -21.1715 -6.39461 11.75
      vertex -21.1715 6.39461 11.75
    endloop
  endfacet
  facet normal 0 0 1
    outer loop
      vertex -21.8955 6.71696 11.75
      vertex -21.8955 -6.71696 11.75
      vertex -21.1715 -6.39461 11.75
    endloop
  endfacet
  facet normal 0 0 1
    outer loop
      vertex -22.5366 7.18279 11.75
      vertex -21.8955 -6.71696 11.75
      vertex -21.8955 6.71696 11.75
    endloop
  endfacet
  facet normal 0 0 1
    outer loop
      vertex -22.5366 7.18279 11.75
      vertex -22.5366 -7.18279 11.75
      vertex -21.8955 -6.71696 11.75
    endloop
  endfacet
  facet normal 0 0 1
    outer loop
      vertex -23.0669 7.77175 11.75
      vertex -22.5366 -7.18279 11.75
      vertex -22.5366 7.18279 11.75
    endloop
  endfacet
  facet normal 0 0 1
    outer loop
      vertex -23.0669 7.77175 11.75
      vertex -23.0669 -7.77175 11.75
      vertex -22.5366 -7.18279 11.75
    endloop
  endfacet
  facet normal 0 0 1
    outer loop
      vertex -23.4632 8.45809 11.75
      vertex -23.0669 -7.77175 11.75
      vertex -23.0669 7.77175 11.75
    endloop
  endfacet
  facet normal 0 0 1
    outer loop
      vertex -23.4632 8.45809 11.75
      vertex -23.4632 -8.45809 11.75
      vertex -23.0669 -7.77175 11.75
    endloop
  endfacet
  facet normal 0 0 1
    outer loop
      vertex -23.7081 9.21182 11.75
      vertex -23.4632 -8.45809 11.75
      vertex -23.4632 8.45809 11.75
    endloop
  endfacet
  facet normal 0 0 1
    outer loop
      vertex -23.7081 9.21182 11.75
      vertex -23.7081 -9.21182 11.75
      vertex -23.4632 -8.45809 11.75
    endloop
  endfacet
  facet normal 0 0 1
    outer loop
      vertex -23.7909 10 11.75
      vertex -23.7081 -9.21182 11.75
      vertex -23.7081 9.21182 11.75
    endloop
  endfacet
  facet normal 0 0 1
    outer loop
      vertex -23.7081 -9.21182 11.75
      vertex -23.7909 10 11.75
      vertex -23.7909 -10 11.75
    endloop
  endfacet
  facet normal -0 0 1
    outer loop
      vertex 1.1536 16.4496 11.75
      vertex 1.74975 -16.715 11.75
      vertex 1.74975 16.715 11.75
    endloop
  endfacet
  facet normal 0 0 1
    outer loop
      vertex 1.1536 16.4496 11.75
      vertex 1.1536 -16.4496 11.75
      vertex 1.74975 -16.715 11.75
    endloop
  endfacet
  facet normal -0 0 1
    outer loop
      vertex 0.390217 16.2873 11.75
      vertex 1.1536 -16.4496 11.75
      vertex 1.1536 16.4496 11.75
    endloop
  endfacet
  facet normal 0 0 1
    outer loop
      vertex 0.390217 16.2873 11.75
      vertex 0.390217 -16.2873 11.75
      vertex 1.1536 -16.4496 11.75
    endloop
  endfacet
  facet normal -0 0 1
    outer loop
      vertex -0.390217 16.2873 11.75
      vertex 0.390217 -16.2873 11.75
      vertex 0.390217 16.2873 11.75
    endloop
  endfacet
  facet normal 0 0 1
    outer loop
      vertex -0.390217 16.2873 11.75
      vertex -0.390217 -16.2873 11.75
      vertex 0.390217 -16.2873 11.75
    endloop
  endfacet
  facet normal 0 0 1
    outer loop
      vertex -1.86656 16.767 11.75
      vertex -16.2919 9.21182 11.75
      vertex -1.1536 16.4496 11.75
    endloop
  endfacet
  facet normal 0 0 1
    outer loop
      vertex -16.5368 8.45809 11.75
      vertex -1.1536 16.4496 11.75
      vertex -16.2919 9.21182 11.75
    endloop
  endfacet
  facet normal 0 0 1
    outer loop
      vertex -16.2919 9.21182 11.75
      vertex -1.86656 16.767 11.75
      vertex -16.2091 10 11.75
    endloop
  endfacet
  facet normal 0 0 1
    outer loop
      vertex -1.1536 16.4496 11.75
      vertex -16.5368 8.45809 11.75
      vertex -0.390217 16.2873 11.75
    endloop
  endfacet
  facet normal 0 0 1
    outer loop
      vertex -16.2091 10 11.75
      vertex -1.86656 16.767 11.75
      vertex -2.49794 17.2258 11.75
    endloop
  endfacet
  facet normal 0 0 1
    outer loop
      vertex -0.390217 -16.2873 11.75
      vertex -16.2091 -10 11.75
      vertex -1.1536 -16.4496 11.75
    endloop
  endfacet
  facet normal 0 0 1
    outer loop
      vertex -16.2919 10.7882 11.75
      vertex -2.49794 17.2258 11.75
      vertex -3.02016 17.8057 11.75
    endloop
  endfacet
  facet normal 0 0 1
    outer loop
      vertex -1.1536 -16.4496 11.75
      vertex -16.2091 -10 11.75
      vertex -1.86656 -16.767 11.75
    endloop
  endfacet
  facet normal 0 0 1
    outer loop
      vertex -16.5368 11.5419 11.75
      vertex -3.02016 17.8057 11.75
      vertex -3.41037 18.4816 11.75
    endloop
  endfacet
  facet normal 0 0 1
    outer loop
      vertex -1.86656 -16.767 11.75
      vertex -16.2091 -10 11.75
      vertex -2.49794 -17.2258 11.75
    endloop
  endfacet
  facet normal 0 0 1
    outer loop
      vertex -16.9331 12.2283 11.75
      vertex -3.41037 18.4816 11.75
      vertex -3.65154 19.2238 11.75
    endloop
  endfacet
  facet normal -0 0 1
    outer loop
      vertex -16.2919 -10.7882 11.75
      vertex -2.49794 -17.2258 11.75
      vertex -16.2091 -10 11.75
    endloop
  endfacet
  facet normal 0 0 1
    outer loop
      vertex -17.4634 12.8172 11.75
      vertex -3.65154 19.2238 11.75
      vertex -3.65429 19.25 11.75
    endloop
  endfacet
  facet normal 0 0 1
    outer loop
      vertex -2.49794 -17.2258 11.75
      vertex -16.2919 -10.7882 11.75
      vertex -3.02016 -17.8057 11.75
    endloop
  endfacet
  facet normal -0 0 1
    outer loop
      vertex -16.5368 -11.5419 11.75
      vertex -3.02016 -17.8057 11.75
      vertex -16.2919 -10.7882 11.75
    endloop
  endfacet
  facet normal 0 0 1
    outer loop
      vertex -2.49794 17.2258 11.75
      vertex -16.2919 10.7882 11.75
      vertex -16.2091 10 11.75
    endloop
  endfacet
  facet normal 0 0 1
    outer loop
      vertex -3.02016 17.8057 11.75
      vertex -16.5368 11.5419 11.75
      vertex -16.2919 10.7882 11.75
    endloop
  endfacet
  facet normal 0 0 1
    outer loop
      vertex -3.41037 18.4816 11.75
      vertex -16.9331 12.2283 11.75
      vertex -16.5368 11.5419 11.75
    endloop
  endfacet
  facet normal 0 0 1
    outer loop
      vertex -3.65154 19.2238 11.75
      vertex -17.4634 12.8172 11.75
      vertex -16.9331 12.2283 11.75
    endloop
  endfacet
  facet normal 0 0 1
    outer loop
      vertex -3.65429 19.25 11.75
      vertex -18.1045 13.283 11.75
      vertex -17.4634 12.8172 11.75
    endloop
  endfacet
  facet normal 0 0 1
    outer loop
      vertex -3.65429 19.25 11.75
      vertex -18.8285 13.6054 11.75
      vertex -18.1045 13.283 11.75
    endloop
  endfacet
  facet normal -0 0 1
    outer loop
      vertex -24.336 19.25 11.75
      vertex -18.8285 13.6054 11.75
      vertex -3.65429 19.25 11.75
    endloop
  endfacet
  facet normal 0 0 1
    outer loop
      vertex -18.8285 13.6054 11.75
      vertex -24.336 19.25 11.75
      vertex -19.6037 13.7702 11.75
    endloop
  endfacet
  facet normal 0 0 1
    outer loop
      vertex -19.6037 13.7702 11.75
      vertex -24.336 19.25 11.75
      vertex -20.3963 13.7702 11.75
    endloop
  endfacet
  facet normal 0 0 1
    outer loop
      vertex -23.7081 10.7882 11.75
      vertex -24.5489 18.2404 11.75
      vertex -23.7909 10 11.75
    endloop
  endfacet
  facet normal 0 0 1
    outer loop
      vertex -23.4632 11.5419 11.75
      vertex -24.5489 18.2404 11.75
      vertex -23.7081 10.7882 11.75
    endloop
  endfacet
  facet normal 0 0 1
    outer loop
      vertex -23.0669 12.2283 11.75
      vertex -24.5489 18.2404 11.75
      vertex -23.4632 11.5419 11.75
    endloop
  endfacet
  facet normal 0 0 1
    outer loop
      vertex -22.5366 12.8172 11.75
      vertex -24.5489 18.2404 11.75
      vertex -23.0669 12.2283 11.75
    endloop
  endfacet
  facet normal 0 0 1
    outer loop
      vertex -21.8955 13.283 11.75
      vertex -24.5489 18.2404 11.75
      vertex -22.5366 12.8172 11.75
    endloop
  endfacet
  facet normal 0 0 1
    outer loop
      vertex -21.1715 13.6054 11.75
      vertex -24.5489 18.2404 11.75
      vertex -21.8955 13.283 11.75
    endloop
  endfacet
  facet normal 0 0 1
    outer loop
      vertex -20.3963 13.7702 11.75
      vertex -24.5489 18.2404 11.75
      vertex -21.1715 13.6054 11.75
    endloop
  endfacet
  facet normal -0 0 1
    outer loop
      vertex -24.5489 18.2404 11.75
      vertex -20.3963 13.7702 11.75
      vertex -24.336 19.25 11.75
    endloop
  endfacet
  facet normal 0 0 1
    outer loop
      vertex -3.02016 -17.8057 11.75
      vertex -16.5368 -11.5419 11.75
      vertex -3.41037 -18.4816 11.75
    endloop
  endfacet
  facet normal -0 0 1
    outer loop
      vertex -16.9331 -12.2283 11.75
      vertex -3.41037 -18.4816 11.75
      vertex -16.5368 -11.5419 11.75
    endloop
  endfacet
  facet normal 0 0 1
    outer loop
      vertex -3.41037 -18.4816 11.75
      vertex -16.9331 -12.2283 11.75
      vertex -3.65154 -19.2238 11.75
    endloop
  endfacet
  facet normal -0 0 1
    outer loop
      vertex -17.4634 -12.8172 11.75
      vertex -3.65154 -19.2238 11.75
      vertex -16.9331 -12.2283 11.75
    endloop
  endfacet
  facet normal 0 0 1
    outer loop
      vertex -3.65154 -19.2238 11.75
      vertex -17.4634 -12.8172 11.75
      vertex -3.65429 -19.25 11.75
    endloop
  endfacet
  facet normal -0 0 1
    outer loop
      vertex -18.1045 -13.283 11.75
      vertex -3.65429 -19.25 11.75
      vertex -17.4634 -12.8172 11.75
    endloop
  endfacet
  facet normal -0 0 1
    outer loop
      vertex -18.8285 -13.6054 11.75
      vertex -3.65429 -19.25 11.75
      vertex -18.1045 -13.283 11.75
    endloop
  endfacet
  facet normal 0 0 1
    outer loop
      vertex -24.336 -19.25 11.75
      vertex -18.8285 -13.6054 11.75
      vertex -19.6037 -13.7702 11.75
    endloop
  endfacet
  facet normal 0 0 1
    outer loop
      vertex -24.336 -19.25 11.75
      vertex -19.6037 -13.7702 11.75
      vertex -20.3963 -13.7702 11.75
    endloop
  endfacet
  facet normal 0 0 1
    outer loop
      vertex -24.5489 -18.2404 11.75
      vertex -20.3963 -13.7702 11.75
      vertex -21.1715 -13.6054 11.75
    endloop
  endfacet
  facet normal 0 0 1
    outer loop
      vertex -18.8285 -13.6054 11.75
      vertex -24.336 -19.25 11.75
      vertex -3.65429 -19.25 11.75
    endloop
  endfacet
  facet normal 0 0 1
    outer loop
      vertex -24.5489 -18.2404 11.75
      vertex -21.1715 -13.6054 11.75
      vertex -21.8955 -13.283 11.75
    endloop
  endfacet
  facet normal 0 0 1
    outer loop
      vertex -24.5489 -18.2404 11.75
      vertex -21.8955 -13.283 11.75
      vertex -22.5366 -12.8172 11.75
    endloop
  endfacet
  facet normal 0 0 1
    outer loop
      vertex -24.5489 -18.2404 11.75
      vertex -22.5366 -12.8172 11.75
      vertex -23.0669 -12.2283 11.75
    endloop
  endfacet
  facet normal 0 0 1
    outer loop
      vertex -24.5489 -18.2404 11.75
      vertex -23.0669 -12.2283 11.75
      vertex -23.4632 -11.5419 11.75
    endloop
  endfacet
  facet normal 0 0 1
    outer loop
      vertex -24.5489 -18.2404 11.75
      vertex -23.4632 -11.5419 11.75
      vertex -23.7081 -10.7882 11.75
    endloop
  endfacet
  facet normal 0 0 1
    outer loop
      vertex -24.5489 -18.2404 11.75
      vertex -23.7081 -10.7882 11.75
      vertex -23.7909 -10 11.75
    endloop
  endfacet
  facet normal 0 0 1
    outer loop
      vertex -23.7909 10 11.75
      vertex -24.5489 18.2404 11.75
      vertex -23.7909 -10 11.75
    endloop
  endfacet
  facet normal 0 0 1
    outer loop
      vertex -24.5489 18.2404 11.75
      vertex -24.336 19.25 11.75
      vertex -24.346 19.2232 11.75
    endloop
  endfacet
  facet normal 0 0 1
    outer loop
      vertex -24.5489 -18.2404 11.75
      vertex -23.7909 -10 11.75
      vertex -24.5489 18.2404 11.75
    endloop
  endfacet
  facet normal 0 0 1
    outer loop
      vertex -24.5037 18.671 11.75
      vertex -24.346 19.2232 11.75
      vertex -24.4797 18.8118 11.75
    endloop
  endfacet
  facet normal 0 0 1
    outer loop
      vertex -20.3963 -13.7702 11.75
      vertex -24.5489 -18.2404 11.75
      vertex -24.336 -19.25 11.75
    endloop
  endfacet
  facet normal 0 0 1
    outer loop
      vertex -24.5037 18.671 11.75
      vertex -24.4797 18.8118 11.75
      vertex -24.4956 18.7431 11.75
    endloop
  endfacet
  facet normal 0 0 1
    outer loop
      vertex -24.346 19.2232 11.75
      vertex -24.5037 18.671 11.75
      vertex -24.5489 18.2404 11.75
    endloop
  endfacet
  facet normal 0 0 1
    outer loop
      vertex -24.336 -19.25 11.75
      vertex -24.5489 -18.2404 11.75
      vertex -24.346 -19.2232 11.75
    endloop
  endfacet
  facet normal 0 0 1
    outer loop
      vertex -24.4797 -18.8118 11.75
      vertex -24.5037 -18.671 11.75
      vertex -24.4956 -18.7431 11.75
    endloop
  endfacet
  facet normal -0 -0 1
    outer loop
      vertex -24.5037 -18.671 11.75
      vertex -24.346 -19.2232 11.75
      vertex -24.5489 -18.2404 11.75
    endloop
  endfacet
  facet normal 0 0 1
    outer loop
      vertex -24.346 -19.2232 11.75
      vertex -24.5037 -18.671 11.75
      vertex -24.4797 -18.8118 11.75
    endloop
  endfacet
  facet normal 0 0.809074 0.587706
    outer loop
      vertex -3.59565 -20.7643 12.4503
      vertex -21.7134 -20.982 12.75
      vertex -3.49931 -20.982 12.75
    endloop
  endfacet
  facet normal -1.34147e-05 0.80946 0.587175
    outer loop
      vertex -3.60173 -20.7363 12.4117
      vertex -21.7134 -20.982 12.75
      vertex -3.59565 -20.7643 12.4503
    endloop
  endfacet
  facet normal 0 0.809119 0.587645
    outer loop
      vertex -21.7134 -20.982 12.75
      vertex -3.60173 -20.7363 12.4117
      vertex -22.3407 -20.7363 12.4117
    endloop
  endfacet
  facet normal 0 -0.978155 0.207879
    outer loop
      vertex -3.41146 21.1521 13.132
      vertex -20.8821 21.239 13.5409
      vertex -21.22 21.1521 13.132
    endloop
  endfacet
  facet normal 0 -0.978155 0.207879
    outer loop
      vertex -20.8821 21.239 13.5409
      vertex -3.41146 21.1521 13.132
      vertex -3.34832 21.239 13.5409
    endloop
  endfacet
  facet normal 0 1 0
    outer loop
      vertex 1.74975 -21.239 52.4591
      vertex -5.24479 -21.239 47.6331
      vertex -2.69346 -21.239 52.4591
    endloop
  endfacet
  facet normal 0 1 0
    outer loop
      vertex 1.74975 -21.239 52.4591
      vertex -7.35452 -21.239 43.5788
      vertex -5.24479 -21.239 47.6331
    endloop
  endfacet
  facet normal 0 1 -0
    outer loop
      vertex 1.74975 -21.239 17.499
      vertex -7.35452 -21.239 43.5788
      vertex 1.74975 -21.239 52.4591
    endloop
  endfacet
  facet normal 0 1 0
    outer loop
      vertex -7.35452 -21.239 43.5788
      vertex 1.74975 -21.239 17.499
      vertex -8.23246 -21.239 41.8683
    endloop
  endfacet
  facet normal 0 1 0
    outer loop
      vertex -8.23246 -21.239 41.8683
      vertex 1.74975 -21.239 17.499
      vertex -9.94293 -21.239 38.5157
    endloop
  endfacet
  facet normal 0 1 0
    outer loop
      vertex -9.94293 -21.239 38.5157
      vertex 1.74975 -21.239 17.499
      vertex -11.1655 -21.239 36.0557
    endloop
  endfacet
  facet normal 0 1 -0
    outer loop
      vertex -3.01058 -21.239 17.499
      vertex -11.1655 -21.239 36.0557
      vertex 1.74975 -21.239 17.499
    endloop
  endfacet
  facet normal 0 1 0
    outer loop
      vertex -11.1655 -21.239 36.0557
      vertex -3.01058 -21.239 17.499
      vertex -12.3412 -21.239 33.6805
    endloop
  endfacet
  facet normal 0 1 0
    outer loop
      vertex -12.3412 -21.239 33.6805
      vertex -3.01058 -21.239 17.499
      vertex -13.1862 -21.239 31.9111
    endloop
  endfacet
  facet normal 0 1 0
    outer loop
      vertex -13.1862 -21.239 31.9111
      vertex -3.01058 -21.239 17.499
      vertex -14.4047 -21.239 29.3306
    endloop
  endfacet
  facet normal 0 1 0
    outer loop
      vertex -14.4047 -21.239 29.3306
      vertex -3.01058 -21.239 17.499
      vertex -14.8874 -21.239 28.2379
    endloop
  endfacet
  facet normal 0 1 0
    outer loop
      vertex -14.8874 -21.239 28.2379
      vertex -3.01058 -21.239 17.499
      vertex -15.9749 -21.239 25.7697
    endloop
  endfacet
  facet normal 0 1 0
    outer loop
      vertex -20.8821 -21.239 13.5409
      vertex -3.01058 -21.239 17.499
      vertex -3.34832 -21.239 13.5409
    endloop
  endfacet
  facet normal 0 1 0
    outer loop
      vertex -3.01058 -21.239 17.499
      vertex -20.8821 -21.239 13.5409
      vertex -15.9749 -21.239 25.7697
    endloop
  endfacet
  facet normal 0 -0.809074 0.587706
    outer loop
      vertex -21.7134 20.982 12.75
      vertex -3.59565 20.7643 12.4503
      vertex -3.49931 20.982 12.75
    endloop
  endfacet
  facet normal 0 -0.809119 0.587645
    outer loop
      vertex -3.60173 20.7363 12.4117
      vertex -21.7134 20.982 12.75
      vertex -22.3407 20.7363 12.4117
    endloop
  endfacet
  facet normal -1.34147e-05 -0.80946 0.587175
    outer loop
      vertex -21.7134 20.982 12.75
      vertex -3.60173 20.7363 12.4117
      vertex -3.59565 20.7643 12.4503
    endloop
  endfacet
  facet normal 0 0.500074 0.865982
    outer loop
      vertex -3.71234 -20.0635 11.9229
      vertex -23.0744 -20.4256 12.132
      vertex -3.65722 -20.4256 12.132
    endloop
  endfacet
  facet normal -0 0.500074 0.865982
    outer loop
      vertex -23.683 -20.0635 11.9229
      vertex -23.0744 -20.4256 12.132
      vertex -3.71234 -20.0635 11.9229
    endloop
  endfacet
  facet normal 0.00260058 0.503347 0.86408
    outer loop
      vertex -23.6085 -20.1159 11.9532
      vertex -23.0744 -20.4256 12.132
      vertex -23.683 -20.0635 11.9229
    endloop
  endfacet
  facet normal 2.28659e-05 0.500018 0.866015
    outer loop
      vertex -23.0744 -20.4256 12.132
      vertex -23.6085 -20.1159 11.9532
      vertex -23.1825 -20.3771 12.104
    endloop
  endfacet
  facet normal 5.79615e-05 0.500642 0.865654
    outer loop
      vertex -23.6085 -20.1159 11.9532
      vertex -23.683 -20.0635 11.9229
      vertex -23.656 -20.0865 11.9362
    endloop
  endfacet
  facet normal 0 0.978155 -0.207879
    outer loop
      vertex 1.74975 -21.239 52.4591
      vertex -2.48021 -21.1521 52.868
      vertex 1.74975 -21.1521 52.868
    endloop
  endfacet
  facet normal -1.17458e-05 0.97813 -0.207995
    outer loop
      vertex -2.48021 -21.1521 52.868
      vertex 1.74975 -21.239 52.4591
      vertex -2.59051 -21.1958 52.6625
    endloop
  endfacet
  facet normal -3.27487e-07 0.978179 -0.207762
    outer loop
      vertex -2.59051 -21.1958 52.6625
      vertex 1.74975 -21.239 52.4591
      vertex -2.65184 -21.2215 52.5415
    endloop
  endfacet
  facet normal 0 0.978183 -0.207745
    outer loop
      vertex -2.65184 -21.2215 52.5415
      vertex 1.74975 -21.239 52.4591
      vertex -2.69346 -21.239 52.4591
    endloop
  endfacet
  facet normal 0 -0.500074 -0.865982
    outer loop
      vertex -1.83129 20.0635 54.0771
      vertex 1.74975 20.4256 53.868
      vertex 1.74975 20.0635 54.0771
    endloop
  endfacet
  facet normal -0 -0.500074 -0.865982
    outer loop
      vertex 1.74975 20.4256 53.868
      vertex -1.83129 20.0635 54.0771
      vertex -1.94349 20.4256 53.868
    endloop
  endfacet
  facet normal -0 -0.913525 -0.406782
    outer loop
      vertex 1.74975 21.1521 52.868
      vertex -2.2752 20.982 53.25
      vertex -2.48021 21.1521 52.868
    endloop
  endfacet
  facet normal 0 -0.913525 -0.406782
    outer loop
      vertex -2.2752 20.982 53.25
      vertex 1.74975 21.1521 52.868
      vertex 1.74975 20.982 53.25
    endloop
  endfacet
  facet normal 0 0.913525 0.406782
    outer loop
      vertex -3.49931 -20.982 12.75
      vertex -21.22 -21.1521 13.132
      vertex -3.41146 -21.1521 13.132
    endloop
  endfacet
  facet normal 0 0.913525 0.406782
    outer loop
      vertex -21.22 -21.1521 13.132
      vertex -3.49931 -20.982 12.75
      vertex -21.7134 -20.982 12.75
    endloop
  endfacet
  facet normal -1 0 0
    outer loop
      vertex 1.74975 -17.3096 48.1154
      vertex 1.74975 -19.25 54.25
      vertex 1.74975 -17.35 48.5
    endloop
  endfacet
  facet normal -1 0 0
    outer loop
      vertex 1.74975 -17.3096 17.8846
      vertex 1.74975 -21.239 52.4591
      vertex 1.74975 -19.25 54.25
    endloop
  endfacet
  facet normal -1 0 0
    outer loop
      vertex 1.74975 -19.25 54.25
      vertex 1.74975 -21.239 52.4591
      vertex 1.74975 -19.6658 54.2063
    endloop
  endfacet
  facet normal -1 0 0
    outer loop
      vertex 1.74975 -19.6658 54.2063
      vertex 1.74975 -21.239 52.4591
      vertex 1.74975 -20.0635 54.0771
    endloop
  endfacet
  facet normal -1 0 0
    outer loop
      vertex 1.74975 -20.0635 54.0771
      vertex 1.74975 -21.239 52.4591
      vertex 1.74975 -20.4256 53.868
    endloop
  endfacet
  facet normal -1 0 0
    outer loop
      vertex 1.74975 -20.4256 53.868
      vertex 1.74975 -21.239 52.4591
      vertex 1.74975 -20.7363 53.5883
    endloop
  endfacet
  facet normal -1 0 0
    outer loop
      vertex 1.74975 -20.7363 53.5883
      vertex 1.74975 -21.239 52.4591
      vertex 1.74975 -20.982 53.25
    endloop
  endfacet
  facet normal -1 0 0
    outer loop
      vertex 1.74975 -21.239 17.499
      vertex 1.74975 -17.35 17.5
      vertex 1.74975 -17.3499 17.499
    endloop
  endfacet
  facet normal -1 -0 0
    outer loop
      vertex 1.74975 -17.3096 17.8846
      vertex 1.74975 -21.239 17.499
      vertex 1.74975 -21.239 52.4591
    endloop
  endfacet
  facet normal -1 0 0
    outer loop
      vertex 1.74975 -20.982 53.25
      vertex 1.74975 -21.239 52.4591
      vertex 1.74975 -21.1521 52.868
    endloop
  endfacet
  facet normal -1 0 0
    outer loop
      vertex 1.74975 -14.575 19.1021
      vertex 1.74975 -10.9217 25.0649
      vertex 1.74975 -14.2621 18.8748
    endloop
  endfacet
  facet normal -1 0 0
    outer loop
      vertex 1.74975 -13.5 33
      vertex 1.74975 -13.6904 48.1154
      vertex 1.74975 -13.65 48.5
    endloop
  endfacet
  facet normal -1 0 0
    outer loop
      vertex 1.74975 -14.9283 19.2595
      vertex 1.74975 -10.9217 25.0649
      vertex 1.74975 -14.575 19.1021
    endloop
  endfacet
  facet normal -1 0 0
    outer loop
      vertex 1.74975 -13.5 33
      vertex 1.74975 -13.8099 47.7475
      vertex 1.74975 -13.6904 48.1154
    endloop
  endfacet
  facet normal -1 0 0
    outer loop
      vertex 1.74975 -15.3066 19.3399
      vertex 1.74975 -10.9217 25.0649
      vertex 1.74975 -14.9283 19.2595
    endloop
  endfacet
  facet normal -1 0 0
    outer loop
      vertex 1.74975 -13.5 33
      vertex 1.74975 -14.0033 47.4126
      vertex 1.74975 -13.8099 47.7475
    endloop
  endfacet
  facet normal -1 -0 0
    outer loop
      vertex 1.74975 -10.9217 25.0649
      vertex 1.74975 -15.3066 19.3399
      vertex 1.74975 -12.3329 27.5091
    endloop
  endfacet
  facet normal -1 0 0
    outer loop
      vertex 1.74975 -13.5 33
      vertex 1.74975 -14.2621 47.1252
      vertex 1.74975 -14.0033 47.4126
    endloop
  endfacet
  facet normal -1 0 0
    outer loop
      vertex 1.74975 -15.6934 19.3399
      vertex 1.74975 -12.3329 27.5091
      vertex 1.74975 -15.3066 19.3399
    endloop
  endfacet
  facet normal -1 0 0
    outer loop
      vertex 1.74975 -13.5 33
      vertex 1.74975 -14.575 46.8979
      vertex 1.74975 -14.2621 47.1252
    endloop
  endfacet
  facet normal -1 0 0
    outer loop
      vertex 1.74975 -16.0717 19.2595
      vertex 1.74975 -12.3329 27.5091
      vertex 1.74975 -15.6934 19.3399
    endloop
  endfacet
  facet normal -1 0 0
    outer loop
      vertex 1.74975 -13.5 33
      vertex 1.74975 -14.9283 46.7405
      vertex 1.74975 -14.575 46.8979
    endloop
  endfacet
  facet normal -1 0 0
    outer loop
      vertex 1.74975 -16.425 19.1021
      vertex 1.74975 -12.3329 27.5091
      vertex 1.74975 -16.0717 19.2595
    endloop
  endfacet
  facet normal -1 0 0
    outer loop
      vertex 1.74975 -13.5 33
      vertex 1.74975 -15.3066 46.6601
      vertex 1.74975 -14.9283 46.7405
    endloop
  endfacet
  facet normal -1 -0 0
    outer loop
      vertex 1.74975 -12.3329 27.5091
      vertex 1.74975 -16.425 19.1021
      vertex 1.74975 -13.205 30.1932
    endloop
  endfacet
  facet normal -1 0 0
    outer loop
      vertex 1.74975 -13.5 33
      vertex 1.74975 -15.6934 46.6601
      vertex 1.74975 -15.3066 46.6601
    endloop
  endfacet
  facet normal -1 0 0
    outer loop
      vertex 1.74975 -16.7379 18.8748
      vertex 1.74975 -13.205 30.1932
      vertex 1.74975 -16.425 19.1021
    endloop
  endfacet
  facet normal -1 0 0
    outer loop
      vertex 1.74975 -13.5 33
      vertex 1.74975 -16.0717 46.7405
      vertex 1.74975 -15.6934 46.6601
    endloop
  endfacet
  facet normal -1 0 0
    outer loop
      vertex 1.74975 -16.9967 18.5874
      vertex 1.74975 -13.205 30.1932
      vertex 1.74975 -16.7379 18.8748
    endloop
  endfacet
  facet normal -1 0 0
    outer loop
      vertex 1.74975 -13.5 33
      vertex 1.74975 -16.425 46.8979
      vertex 1.74975 -16.0717 46.7405
    endloop
  endfacet
  facet normal -1 -0 0
    outer loop
      vertex 1.74975 -13.205 30.1932
      vertex 1.74975 -16.9967 18.5874
      vertex 1.74975 -13.5 33
    endloop
  endfacet
  facet normal -1 0 0
    outer loop
      vertex 1.74975 -13.5 33
      vertex 1.74975 -16.7379 47.1252
      vertex 1.74975 -16.425 46.8979
    endloop
  endfacet
  facet normal -1 0 0
    outer loop
      vertex 1.74975 -17.1901 18.2525
      vertex 1.74975 -13.5 33
      vertex 1.74975 -16.9967 18.5874
    endloop
  endfacet
  facet normal -1 0 0
    outer loop
      vertex 1.74975 -13.5 33
      vertex 1.74975 -16.9967 47.4126
      vertex 1.74975 -16.7379 47.1252
    endloop
  endfacet
  facet normal -1 0 0
    outer loop
      vertex 1.74975 -17.1901 47.7475
      vertex 1.74975 -13.5 33
      vertex 1.74975 -17.1901 18.2525
    endloop
  endfacet
  facet normal -1 0 0
    outer loop
      vertex 1.74975 -13.5 33
      vertex 1.74975 -17.1901 47.7475
      vertex 1.74975 -16.9967 47.4126
    endloop
  endfacet
  facet normal -1 0 0
    outer loop
      vertex 1.74975 -17.3096 17.8846
      vertex 1.74975 -17.1901 47.7475
      vertex 1.74975 -17.1901 18.2525
    endloop
  endfacet
  facet normal -1 0 0
    outer loop
      vertex 1.74975 -17.3096 17.8846
      vertex 1.74975 -17.3096 48.1154
      vertex 1.74975 -17.1901 47.7475
    endloop
  endfacet
  facet normal -1 0 0
    outer loop
      vertex 1.74975 -21.239 17.499
      vertex 1.74975 -17.3096 17.8846
      vertex 1.74975 -17.35 17.5
    endloop
  endfacet
  facet normal -1 0 0
    outer loop
      vertex 1.74975 -17.3096 17.8846
      vertex 1.74975 -19.25 54.25
      vertex 1.74975 -17.3096 48.1154
    endloop
  endfacet
  facet normal -1 0 0
    outer loop
      vertex 1.74975 16.9693 14.613
      vertex 1.74975 16.9967 16.4126
      vertex 1.74975 17.1821 16.7337
    endloop
  endfacet
  facet normal -1 0 0
    outer loop
      vertex 1.74975 16.9693 14.613
      vertex 1.74975 16.7379 16.1252
      vertex 1.74975 16.9967 16.4126
    endloop
  endfacet
  facet normal -1 0 0
    outer loop
      vertex 1.74975 15.3066 15.6601
      vertex 1.74975 16.9693 14.613
      vertex 1.74975 16.715 11.75
    endloop
  endfacet
  facet normal -1 0 0
    outer loop
      vertex 1.74975 16.9693 14.613
      vertex 1.74975 16.425 15.8979
      vertex 1.74975 16.7379 16.1252
    endloop
  endfacet
  facet normal -1 0 0
    outer loop
      vertex 1.74975 16.9693 14.613
      vertex 1.74975 16.0717 15.7405
      vertex 1.74975 16.425 15.8979
    endloop
  endfacet
  facet normal -1 0 0
    outer loop
      vertex 1.74975 16.9693 14.613
      vertex 1.74975 15.6934 15.6601
      vertex 1.74975 16.0717 15.7405
    endloop
  endfacet
  facet normal -1 0 0
    outer loop
      vertex 1.74975 16.9693 14.613
      vertex 1.74975 15.3066 15.6601
      vertex 1.74975 15.6934 15.6601
    endloop
  endfacet
  facet normal -1 0 0
    outer loop
      vertex 1.74975 16.715 11.75
      vertex 1.74975 14.9283 15.7405
      vertex 1.74975 15.3066 15.6601
    endloop
  endfacet
  facet normal -1 0 0
    outer loop
      vertex 1.74975 16.715 11.75
      vertex 1.74975 14.575 15.8979
      vertex 1.74975 14.9283 15.7405
    endloop
  endfacet
  facet normal -1 0 0
    outer loop
      vertex 1.74975 16.715 11.75
      vertex 1.74975 14.2621 16.1252
      vertex 1.74975 14.575 15.8979
    endloop
  endfacet
  facet normal -1 0 0
    outer loop
      vertex 1.74975 16.715 11.75
      vertex 1.74975 14.0033 16.4126
      vertex 1.74975 14.2621 16.1252
    endloop
  endfacet
  facet normal -1 0 0
    outer loop
      vertex 1.74975 9.03326 43.0325
      vertex 1.74975 14.2621 47.1252
      vertex 1.74975 10.9217 40.9351
    endloop
  endfacet
  facet normal -1 0 0
    outer loop
      vertex 1.74975 13.6904 17.8846
      vertex 1.74975 13.205 30.1932
      vertex 1.74975 13.5 33
    endloop
  endfacet
  facet normal -1 0 0
    outer loop
      vertex 1.74975 13.6904 17.8846
      vertex 1.74975 12.3329 27.5091
      vertex 1.74975 13.205 30.1932
    endloop
  endfacet
  facet normal -1 0 0
    outer loop
      vertex 1.74975 6.75 21.3087
      vertex 1.74975 13.65 17.5
      vertex 1.74975 13.6904 17.1154
    endloop
  endfacet
  facet normal -1 0 0
    outer loop
      vertex 1.74975 13.6904 17.8846
      vertex 1.74975 10.9217 25.0649
      vertex 1.74975 12.3329 27.5091
    endloop
  endfacet
  facet normal -1 0 0
    outer loop
      vertex 1.74975 4.17173 20.1607
      vertex 1.74975 13.6904 17.1154
      vertex 1.74975 13.8099 16.7475
    endloop
  endfacet
  facet normal -1 0 0
    outer loop
      vertex 1.74975 13.6904 17.8846
      vertex 1.74975 9.03326 22.9675
      vertex 1.74975 10.9217 25.0649
    endloop
  endfacet
  facet normal -1 0 0
    outer loop
      vertex 1.74975 4.17173 20.1607
      vertex 1.74975 13.8099 16.7475
      vertex 1.74975 14.0033 16.4126
    endloop
  endfacet
  facet normal -1 0 0
    outer loop
      vertex 1.74975 4.17173 20.1607
      vertex 1.74975 14.0033 16.4126
      vertex 1.74975 16.715 11.75
    endloop
  endfacet
  facet normal -1 0 0
    outer loop
      vertex 1.74975 13.6904 17.8846
      vertex 1.74975 6.75 21.3087
      vertex 1.74975 9.03326 22.9675
    endloop
  endfacet
  facet normal -1 0 0
    outer loop
      vertex 1.74975 13.6904 17.1154
      vertex 1.74975 4.17173 20.1607
      vertex 1.74975 6.75 21.3087
    endloop
  endfacet
  facet normal -1 0 0
    outer loop
      vertex 1.74975 16.715 11.75
      vertex 1.74975 1.41113 19.574
      vertex 1.74975 4.17173 20.1607
    endloop
  endfacet
  facet normal -1 0 0
    outer loop
      vertex 1.74975 16.715 11.75
      vertex 1.74975 -1.41113 19.574
      vertex 1.74975 1.41113 19.574
    endloop
  endfacet
  facet normal -1 0 0
    outer loop
      vertex 1.74975 -16.715 11.75
      vertex 1.74975 -1.41113 19.574
      vertex 1.74975 16.715 11.75
    endloop
  endfacet
  facet normal -1 0 0
    outer loop
      vertex 1.74975 -14.2621 18.8748
      vertex 1.74975 -9.03326 22.9675
      vertex 1.74975 -14.0033 18.5874
    endloop
  endfacet
  facet normal -1 0 0
    outer loop
      vertex 1.74975 -14.0033 18.5874
      vertex 1.74975 -9.03326 22.9675
      vertex 1.74975 -13.8099 18.2525
    endloop
  endfacet
  facet normal -1 0 0
    outer loop
      vertex 1.74975 -13.8099 18.2525
      vertex 1.74975 -9.03326 22.9675
      vertex 1.74975 -13.6904 17.8846
    endloop
  endfacet
  facet normal -1 -0 0
    outer loop
      vertex 1.74975 -6.75 21.3087
      vertex 1.74975 -13.6904 17.8846
      vertex 1.74975 -9.03326 22.9675
    endloop
  endfacet
  facet normal -1 0 0
    outer loop
      vertex 1.74975 -13.6904 17.8846
      vertex 1.74975 -6.75 21.3087
      vertex 1.74975 -13.65 17.5
    endloop
  endfacet
  facet normal -1 0 0
    outer loop
      vertex 1.74975 -13.6904 17.1154
      vertex 1.74975 -6.75 21.3087
      vertex 1.74975 -4.17173 20.1607
    endloop
  endfacet
  facet normal -1 -0 0
    outer loop
      vertex 1.74975 -1.41113 19.574
      vertex 1.74975 -16.715 11.75
      vertex 1.74975 -4.17173 20.1607
    endloop
  endfacet
  facet normal -1 0 0
    outer loop
      vertex 1.74975 -6.75 21.3087
      vertex 1.74975 -13.6904 17.1154
      vertex 1.74975 -13.65 17.5
    endloop
  endfacet
  facet normal -1 0 0
    outer loop
      vertex 1.74975 -4.17173 20.1607
      vertex 1.74975 -13.8099 16.7475
      vertex 1.74975 -13.6904 17.1154
    endloop
  endfacet
  facet normal -1 0 0
    outer loop
      vertex 1.74975 -4.17173 20.1607
      vertex 1.74975 -14.0033 16.4126
      vertex 1.74975 -13.8099 16.7475
    endloop
  endfacet
  facet normal -1 0 0
    outer loop
      vertex 1.74975 -4.17173 20.1607
      vertex 1.74975 -16.715 11.75
      vertex 1.74975 -14.0033 16.4126
    endloop
  endfacet
  facet normal -1 0 0
    outer loop
      vertex 1.74975 -14.0033 16.4126
      vertex 1.74975 -16.715 11.75
      vertex 1.74975 -14.2621 16.1252
    endloop
  endfacet
  facet normal -1 0 0
    outer loop
      vertex 1.74975 -14.2621 16.1252
      vertex 1.74975 -16.715 11.75
      vertex 1.74975 -14.575 15.8979
    endloop
  endfacet
  facet normal -1 0 0
    outer loop
      vertex 1.74975 -14.575 15.8979
      vertex 1.74975 -16.715 11.75
      vertex 1.74975 -14.9283 15.7405
    endloop
  endfacet
  facet normal -1 0 0
    outer loop
      vertex 1.74975 -14.9283 15.7405
      vertex 1.74975 -16.715 11.75
      vertex 1.74975 -15.3066 15.6601
    endloop
  endfacet
  facet normal -1 0 0
    outer loop
      vertex 1.74975 -16.9693 14.613
      vertex 1.74975 -15.3066 15.6601
      vertex 1.74975 -16.715 11.75
    endloop
  endfacet
  facet normal -1 -0 0
    outer loop
      vertex 1.74975 -15.3066 15.6601
      vertex 1.74975 -16.9693 14.613
      vertex 1.74975 -15.6934 15.6601
    endloop
  endfacet
  facet normal -1 -0 0
    outer loop
      vertex 1.74975 -15.6934 15.6601
      vertex 1.74975 -16.9693 14.613
      vertex 1.74975 -16.0717 15.7405
    endloop
  endfacet
  facet normal -1 -0 0
    outer loop
      vertex 1.74975 -16.0717 15.7405
      vertex 1.74975 -16.9693 14.613
      vertex 1.74975 -16.425 15.8979
    endloop
  endfacet
  facet normal -1 -0 0
    outer loop
      vertex 1.74975 -16.425 15.8979
      vertex 1.74975 -16.9693 14.613
      vertex 1.74975 -16.7379 16.1252
    endloop
  endfacet
  facet normal -1 0 0
    outer loop
      vertex 1.74975 -16.9693 14.613
      vertex 1.74975 -16.9967 16.4126
      vertex 1.74975 -16.7379 16.1252
    endloop
  endfacet
  facet normal -1 -0 -0
    outer loop
      vertex 1.74975 -16.9967 16.4126
      vertex 1.74975 -16.9693 14.613
      vertex 1.74975 -17.1821 16.7337
    endloop
  endfacet
  facet normal -1 0 0
    outer loop
      vertex 1.74975 17.1901 18.2525
      vertex 1.74975 21.239 17.499
      vertex 1.74975 17.3096 17.8846
    endloop
  endfacet
  facet normal -1 0 0
    outer loop
      vertex 1.74975 21.239 17.499
      vertex 1.74975 17.3096 48.1154
      vertex 1.74975 17.35 48.5
    endloop
  endfacet
  facet normal -1 0 0
    outer loop
      vertex 1.74975 16.9967 18.5874
      vertex 1.74975 21.239 17.499
      vertex 1.74975 17.1901 18.2525
    endloop
  endfacet
  facet normal -1 0 0
    outer loop
      vertex 1.74975 21.239 17.499
      vertex 1.74975 17.1901 47.7475
      vertex 1.74975 17.3096 48.1154
    endloop
  endfacet
  facet normal -1 0 0
    outer loop
      vertex 1.74975 16.7379 18.8748
      vertex 1.74975 21.239 17.499
      vertex 1.74975 16.9967 18.5874
    endloop
  endfacet
  facet normal -1 0 0
    outer loop
      vertex 1.74975 21.239 17.499
      vertex 1.74975 16.9967 47.4126
      vertex 1.74975 17.1901 47.7475
    endloop
  endfacet
  facet normal -1 0 0
    outer loop
      vertex 1.74975 16.425 19.1021
      vertex 1.74975 21.239 17.499
      vertex 1.74975 16.7379 18.8748
    endloop
  endfacet
  facet normal -1 0 0
    outer loop
      vertex 1.74975 13.5 33
      vertex 1.74975 16.9967 47.4126
      vertex 1.74975 21.239 17.499
    endloop
  endfacet
  facet normal -1 0 0
    outer loop
      vertex 1.74975 13.5 33
      vertex 1.74975 21.239 17.499
      vertex 1.74975 16.425 19.1021
    endloop
  endfacet
  facet normal -1 0 0
    outer loop
      vertex 1.74975 13.205 35.8068
      vertex 1.74975 16.9967 47.4126
      vertex 1.74975 13.5 33
    endloop
  endfacet
  facet normal -1 0 0
    outer loop
      vertex 1.74975 13.5 33
      vertex 1.74975 16.425 19.1021
      vertex 1.74975 16.0717 19.2595
    endloop
  endfacet
  facet normal -1 0 0
    outer loop
      vertex 1.74975 16.9967 47.4126
      vertex 1.74975 13.205 35.8068
      vertex 1.74975 16.7379 47.1252
    endloop
  endfacet
  facet normal -1 0 0
    outer loop
      vertex 1.74975 13.5 33
      vertex 1.74975 16.0717 19.2595
      vertex 1.74975 15.6934 19.3399
    endloop
  endfacet
  facet normal -1 0 0
    outer loop
      vertex 1.74975 16.7379 47.1252
      vertex 1.74975 13.205 35.8068
      vertex 1.74975 16.425 46.8979
    endloop
  endfacet
  facet normal -1 0 0
    outer loop
      vertex 1.74975 13.5 33
      vertex 1.74975 15.6934 19.3399
      vertex 1.74975 15.3066 19.3399
    endloop
  endfacet
  facet normal -1 0 0
    outer loop
      vertex 1.74975 12.3329 38.4909
      vertex 1.74975 16.425 46.8979
      vertex 1.74975 13.205 35.8068
    endloop
  endfacet
  facet normal -1 0 0
    outer loop
      vertex 1.74975 13.5 33
      vertex 1.74975 15.3066 19.3399
      vertex 1.74975 14.9283 19.2595
    endloop
  endfacet
  facet normal -1 0 0
    outer loop
      vertex 1.74975 16.425 46.8979
      vertex 1.74975 12.3329 38.4909
      vertex 1.74975 16.0717 46.7405
    endloop
  endfacet
  facet normal -1 0 0
    outer loop
      vertex 1.74975 13.5 33
      vertex 1.74975 14.9283 19.2595
      vertex 1.74975 14.575 19.1021
    endloop
  endfacet
  facet normal -1 0 0
    outer loop
      vertex 1.74975 16.0717 46.7405
      vertex 1.74975 12.3329 38.4909
      vertex 1.74975 15.6934 46.6601
    endloop
  endfacet
  facet normal -1 0 0
    outer loop
      vertex 1.74975 13.5 33
      vertex 1.74975 14.575 19.1021
      vertex 1.74975 14.2621 18.8748
    endloop
  endfacet
  facet normal -1 -0 0
    outer loop
      vertex 1.74975 15.6934 46.6601
      vertex 1.74975 12.3329 38.4909
      vertex 1.74975 15.3066 46.6601
    endloop
  endfacet
  facet normal -1 0 0
    outer loop
      vertex 1.74975 13.5 33
      vertex 1.74975 14.2621 18.8748
      vertex 1.74975 14.0033 18.5874
    endloop
  endfacet
  facet normal -1 0 0
    outer loop
      vertex 1.74975 10.9217 40.9351
      vertex 1.74975 15.3066 46.6601
      vertex 1.74975 12.3329 38.4909
    endloop
  endfacet
  facet normal -1 0 0
    outer loop
      vertex 1.74975 13.5 33
      vertex 1.74975 14.0033 18.5874
      vertex 1.74975 13.8099 18.2525
    endloop
  endfacet
  facet normal -1 -0 0
    outer loop
      vertex 1.74975 15.3066 46.6601
      vertex 1.74975 10.9217 40.9351
      vertex 1.74975 14.9283 46.7405
    endloop
  endfacet
  facet normal -1 0 0
    outer loop
      vertex 1.74975 13.5 33
      vertex 1.74975 13.8099 18.2525
      vertex 1.74975 13.6904 17.8846
    endloop
  endfacet
  facet normal -1 -0 0
    outer loop
      vertex 1.74975 14.9283 46.7405
      vertex 1.74975 10.9217 40.9351
      vertex 1.74975 14.575 46.8979
    endloop
  endfacet
  facet normal -1 0 0
    outer loop
      vertex 1.74975 6.75 21.3087
      vertex 1.74975 13.6904 17.8846
      vertex 1.74975 13.65 17.5
    endloop
  endfacet
  facet normal -1 -0 0
    outer loop
      vertex 1.74975 14.575 46.8979
      vertex 1.74975 10.9217 40.9351
      vertex 1.74975 14.2621 47.1252
    endloop
  endfacet
  facet normal -1 0 0
    outer loop
      vertex 1.74975 17.35 48.5
      vertex 1.74975 21.239 52.4591
      vertex 1.74975 21.239 17.499
    endloop
  endfacet
  facet normal -1 0 0
    outer loop
      vertex 1.74975 17.3096 48.8846
      vertex 1.74975 21.239 52.4591
      vertex 1.74975 17.35 48.5
    endloop
  endfacet
  facet normal -1 0 0
    outer loop
      vertex 1.74975 17.1901 49.2525
      vertex 1.74975 21.239 52.4591
      vertex 1.74975 17.3096 48.8846
    endloop
  endfacet
  facet normal -1 0 0
    outer loop
      vertex 1.74975 16.9967 49.5874
      vertex 1.74975 21.239 52.4591
      vertex 1.74975 17.1901 49.2525
    endloop
  endfacet
  facet normal -1 0 0
    outer loop
      vertex 1.74975 16.7379 49.8748
      vertex 1.74975 21.239 52.4591
      vertex 1.74975 16.9967 49.5874
    endloop
  endfacet
  facet normal -1 0 -0
    outer loop
      vertex 1.74975 19.25 54.25
      vertex 1.74975 21.239 52.4591
      vertex 1.74975 16.7379 49.8748
    endloop
  endfacet
  facet normal -1 0 0
    outer loop
      vertex 1.74975 21.239 52.4591
      vertex 1.74975 19.25 54.25
      vertex 1.74975 21.1521 52.868
    endloop
  endfacet
  facet normal -1 0 0
    outer loop
      vertex 1.74975 17.3096 17.8846
      vertex 1.74975 21.239 17.499
      vertex 1.74975 17.35 17.5
    endloop
  endfacet
  facet normal -1 0 -0
    outer loop
      vertex 1.74975 17.35 17.5
      vertex 1.74975 21.239 17.499
      vertex 1.74975 17.3499 17.499
    endloop
  endfacet
  facet normal -1 0 0
    outer loop
      vertex 1.74975 20.982 53.25
      vertex 1.74975 19.25 54.25
      vertex 1.74975 20.7363 53.5883
    endloop
  endfacet
  facet normal -1 0 0
    outer loop
      vertex 1.74975 20.7363 53.5883
      vertex 1.74975 19.25 54.25
      vertex 1.74975 20.4256 53.868
    endloop
  endfacet
  facet normal -1 0 0
    outer loop
      vertex 1.74975 20.4256 53.868
      vertex 1.74975 19.25 54.25
      vertex 1.74975 20.0635 54.0771
    endloop
  endfacet
  facet normal -1 0 0
    outer loop
      vertex 1.74975 20.0635 54.0771
      vertex 1.74975 19.25 54.25
      vertex 1.74975 19.6658 54.2063
    endloop
  endfacet
  facet normal -1 0 0
    outer loop
      vertex 1.74975 21.1521 52.868
      vertex 1.74975 19.25 54.25
      vertex 1.74975 20.982 53.25
    endloop
  endfacet
  facet normal -1 0 0
    outer loop
      vertex 1.74975 16.425 50.1021
      vertex 1.74975 19.25 54.25
      vertex 1.74975 16.7379 49.8748
    endloop
  endfacet
  facet normal -1 0 0
    outer loop
      vertex 1.74975 16.0717 50.2595
      vertex 1.74975 19.25 54.25
      vertex 1.74975 16.425 50.1021
    endloop
  endfacet
  facet normal -1 0 0
    outer loop
      vertex 1.74975 15.6934 50.3399
      vertex 1.74975 19.25 54.25
      vertex 1.74975 16.0717 50.2595
    endloop
  endfacet
  facet normal -1 0 0
    outer loop
      vertex 1.74975 15.3066 50.3399
      vertex 1.74975 19.25 54.25
      vertex 1.74975 15.6934 50.3399
    endloop
  endfacet
  facet normal -1 0 0
    outer loop
      vertex 1.74975 14.9283 50.2595
      vertex 1.74975 19.25 54.25
      vertex 1.74975 15.3066 50.3399
    endloop
  endfacet
  facet normal -1 0 0
    outer loop
      vertex 1.74975 14.575 50.1021
      vertex 1.74975 19.25 54.25
      vertex 1.74975 14.9283 50.2595
    endloop
  endfacet
  facet normal -1 0 0
    outer loop
      vertex 1.74975 1.41113 46.426
      vertex 1.74975 14.575 50.1021
      vertex 1.74975 14.2621 49.8748
    endloop
  endfacet
  facet normal -1 -0 0
    outer loop
      vertex 1.74975 14.2621 47.1252
      vertex 1.74975 9.03326 43.0325
      vertex 1.74975 14.0033 47.4126
    endloop
  endfacet
  facet normal -1 -0 0
    outer loop
      vertex 1.74975 14.0033 47.4126
      vertex 1.74975 9.03326 43.0325
      vertex 1.74975 13.8099 47.7475
    endloop
  endfacet
  facet normal -1 -0 0
    outer loop
      vertex 1.74975 13.8099 47.7475
      vertex 1.74975 9.03326 43.0325
      vertex 1.74975 13.6904 48.1154
    endloop
  endfacet
  facet normal -1 0 0
    outer loop
      vertex 1.74975 6.75 44.6913
      vertex 1.74975 13.6904 48.1154
      vertex 1.74975 9.03326 43.0325
    endloop
  endfacet
  facet normal -1 -0 0
    outer loop
      vertex 1.74975 13.6904 48.1154
      vertex 1.74975 6.75 44.6913
      vertex 1.74975 13.65 48.5
    endloop
  endfacet
  facet normal -1 -0 0
    outer loop
      vertex 1.74975 13.65 48.5
      vertex 1.74975 6.75 44.6913
      vertex 1.74975 13.6904 48.8846
    endloop
  endfacet
  facet normal -1 0 0
    outer loop
      vertex 1.74975 4.17173 45.8393
      vertex 1.74975 13.6904 48.8846
      vertex 1.74975 6.75 44.6913
    endloop
  endfacet
  facet normal -1 -0 0
    outer loop
      vertex 1.74975 13.6904 48.8846
      vertex 1.74975 4.17173 45.8393
      vertex 1.74975 13.8099 49.2525
    endloop
  endfacet
  facet normal -1 -0 0
    outer loop
      vertex 1.74975 13.8099 49.2525
      vertex 1.74975 4.17173 45.8393
      vertex 1.74975 14.0033 49.5874
    endloop
  endfacet
  facet normal -1 -0 0
    outer loop
      vertex 1.74975 14.0033 49.5874
      vertex 1.74975 4.17173 45.8393
      vertex 1.74975 14.2621 49.8748
    endloop
  endfacet
  facet normal -1 0 0
    outer loop
      vertex 1.74975 1.41113 46.426
      vertex 1.74975 14.2621 49.8748
      vertex 1.74975 4.17173 45.8393
    endloop
  endfacet
  facet normal -1 -0 0
    outer loop
      vertex 1.74975 14.575 50.1021
      vertex 1.74975 1.41113 46.426
      vertex 1.74975 19.25 54.25
    endloop
  endfacet
  facet normal -1 0 0
    outer loop
      vertex 1.74975 -1.41113 46.426
      vertex 1.74975 19.25 54.25
      vertex 1.74975 1.41113 46.426
    endloop
  endfacet
  facet normal -1 0 0
    outer loop
      vertex 1.74975 -14.2621 49.8748
      vertex 1.74975 -1.41113 46.426
      vertex 1.74975 -4.17173 45.8393
    endloop
  endfacet
  facet normal -1 -0 0
    outer loop
      vertex 1.74975 -9.03326 22.9675
      vertex 1.74975 -14.2621 18.8748
      vertex 1.74975 -10.9217 25.0649
    endloop
  endfacet
  facet normal -1 0 0
    outer loop
      vertex 1.74975 -13.65 48.5
      vertex 1.74975 -13.205 35.8068
      vertex 1.74975 -13.5 33
    endloop
  endfacet
  facet normal -1 0 0
    outer loop
      vertex 1.74975 -13.65 48.5
      vertex 1.74975 -12.3329 38.4909
      vertex 1.74975 -13.205 35.8068
    endloop
  endfacet
  facet normal -1 0 0
    outer loop
      vertex 1.74975 -13.65 48.5
      vertex 1.74975 -10.9217 40.9351
      vertex 1.74975 -12.3329 38.4909
    endloop
  endfacet
  facet normal -1 0 0
    outer loop
      vertex 1.74975 -13.65 48.5
      vertex 1.74975 -9.03326 43.0325
      vertex 1.74975 -10.9217 40.9351
    endloop
  endfacet
  facet normal -1 0 0
    outer loop
      vertex 1.74975 -13.65 48.5
      vertex 1.74975 -6.75 44.6913
      vertex 1.74975 -9.03326 43.0325
    endloop
  endfacet
  facet normal -1 0 0
    outer loop
      vertex 1.74975 -13.6904 48.8846
      vertex 1.74975 -6.75 44.6913
      vertex 1.74975 -13.65 48.5
    endloop
  endfacet
  facet normal -1 0 0
    outer loop
      vertex 1.74975 -6.75 44.6913
      vertex 1.74975 -13.6904 48.8846
      vertex 1.74975 -4.17173 45.8393
    endloop
  endfacet
  facet normal -1 0 0
    outer loop
      vertex 1.74975 -13.8099 49.2525
      vertex 1.74975 -4.17173 45.8393
      vertex 1.74975 -13.6904 48.8846
    endloop
  endfacet
  facet normal -1 0 0
    outer loop
      vertex 1.74975 -14.0033 49.5874
      vertex 1.74975 -4.17173 45.8393
      vertex 1.74975 -13.8099 49.2525
    endloop
  endfacet
  facet normal -1 0 0
    outer loop
      vertex 1.74975 -14.2621 49.8748
      vertex 1.74975 -4.17173 45.8393
      vertex 1.74975 -14.0033 49.5874
    endloop
  endfacet
  facet normal -1 0 0
    outer loop
      vertex 1.74975 -1.41113 46.426
      vertex 1.74975 -14.2621 49.8748
      vertex 1.74975 -14.575 50.1021
    endloop
  endfacet
  facet normal -1 0 0
    outer loop
      vertex 1.74975 -19.25 54.25
      vertex 1.74975 -1.41113 46.426
      vertex 1.74975 -14.575 50.1021
    endloop
  endfacet
  facet normal -1 0 0
    outer loop
      vertex 1.74975 -19.25 54.25
      vertex 1.74975 -14.575 50.1021
      vertex 1.74975 -14.9283 50.2595
    endloop
  endfacet
  facet normal -1 0 0
    outer loop
      vertex 1.74975 -19.25 54.25
      vertex 1.74975 -14.9283 50.2595
      vertex 1.74975 -15.3066 50.3399
    endloop
  endfacet
  facet normal -1 0 0
    outer loop
      vertex 1.74975 -19.25 54.25
      vertex 1.74975 -15.3066 50.3399
      vertex 1.74975 -15.6934 50.3399
    endloop
  endfacet
  facet normal -1 0 0
    outer loop
      vertex 1.74975 -1.41113 46.426
      vertex 1.74975 -19.25 54.25
      vertex 1.74975 19.25 54.25
    endloop
  endfacet
  facet normal -1 0 0
    outer loop
      vertex 1.74975 -16.0717 50.2595
      vertex 1.74975 -19.25 54.25
      vertex 1.74975 -15.6934 50.3399
    endloop
  endfacet
  facet normal -1 0 0
    outer loop
      vertex 1.74975 -16.425 50.1021
      vertex 1.74975 -19.25 54.25
      vertex 1.74975 -16.0717 50.2595
    endloop
  endfacet
  facet normal -1 0 0
    outer loop
      vertex 1.74975 -16.7379 49.8748
      vertex 1.74975 -19.25 54.25
      vertex 1.74975 -16.425 50.1021
    endloop
  endfacet
  facet normal -1 0 0
    outer loop
      vertex 1.74975 -16.9967 49.5874
      vertex 1.74975 -19.25 54.25
      vertex 1.74975 -16.7379 49.8748
    endloop
  endfacet
  facet normal -1 0 0
    outer loop
      vertex 1.74975 -17.1901 49.2525
      vertex 1.74975 -19.25 54.25
      vertex 1.74975 -16.9967 49.5874
    endloop
  endfacet
  facet normal -1 0 0
    outer loop
      vertex 1.74975 -17.3096 48.8846
      vertex 1.74975 -19.25 54.25
      vertex 1.74975 -17.1901 49.2525
    endloop
  endfacet
  facet normal -1 0 0
    outer loop
      vertex 1.74975 -19.25 54.25
      vertex 1.74975 -17.3096 48.8846
      vertex 1.74975 -17.35 48.5
    endloop
  endfacet
  facet normal -1.17458e-05 -0.97813 -0.207995
    outer loop
      vertex 1.74975 21.239 52.4591
      vertex -2.48021 21.1521 52.868
      vertex -2.59051 21.1958 52.6625
    endloop
  endfacet
  facet normal -3.27487e-07 -0.978179 -0.207762
    outer loop
      vertex 1.74975 21.239 52.4591
      vertex -2.59051 21.1958 52.6625
      vertex -2.65184 21.2215 52.5415
    endloop
  endfacet
  facet normal -0 -0.978183 -0.207745
    outer loop
      vertex 1.74975 21.239 52.4591
      vertex -2.65184 21.2215 52.5415
      vertex -2.69346 21.239 52.4591
    endloop
  endfacet
  facet normal 0 -0.978155 -0.207879
    outer loop
      vertex -2.48021 21.1521 52.868
      vertex 1.74975 21.239 52.4591
      vertex 1.74975 21.1521 52.868
    endloop
  endfacet
  facet normal 0 0 -1
    outer loop
      vertex -1.73848 -17.7527 54.25
      vertex -1.79573 -17.3852 54.25
      vertex 1.74975 -19.25 54.25
    endloop
  endfacet
  facet normal 0 0 -1
    outer loop
      vertex 1.74975 -19.25 54.25
      vertex -1.85048 9.96604 54.25
      vertex -1.73848 13.8011 54.25
    endloop
  endfacet
  facet normal 0 0 -1
    outer loop
      vertex -1.79573 -17.3852 54.25
      vertex -1.78835 -17.4826 54.25
      vertex -1.78993 -17.4673 54.25
    endloop
  endfacet
  facet normal 0 0 -1
    outer loop
      vertex -1.73848 13.8011 54.25
      vertex -1.79573 13.2046 54.25
      vertex -1.78835 13.3316 54.25
    endloop
  endfacet
  facet normal 0 0 -1
    outer loop
      vertex -1.80365 -17.2666 54.25
      vertex 1.74975 -19.25 54.25
      vertex -1.79573 -17.3852 54.25
    endloop
  endfacet
  facet normal 0 0 -1
    outer loop
      vertex -1.78835 13.3316 54.25
      vertex -1.79573 13.2046 54.25
      vertex -1.78993 13.3099 54.25
    endloop
  endfacet
  facet normal 0 0 -1
    outer loop
      vertex -1.80365 -17.2666 54.25
      vertex -1.79573 -17.3852 54.25
      vertex -1.80223 -17.2932 54.25
    endloop
  endfacet
  facet normal 0 0 -1
    outer loop
      vertex -1.73848 13.8011 54.25
      vertex -1.80223 13.0866 54.25
      vertex -1.79573 13.2046 54.25
    endloop
  endfacet
  facet normal 0 0 -1
    outer loop
      vertex 1.74975 -19.25 54.25
      vertex -1.80365 -17.2666 54.25
      vertex -1.80975 -17.122 54.25
    endloop
  endfacet
  facet normal 0 0 -1
    outer loop
      vertex -1.73848 13.8011 54.25
      vertex -1.80365 13.0543 54.25
      vertex -1.80223 13.0866 54.25
    endloop
  endfacet
  facet normal 0 0 -1
    outer loop
      vertex 1.74975 -19.25 54.25
      vertex -1.80975 -17.122 54.25
      vertex -1.81533 -16.99 54.25
    endloop
  endfacet
  facet normal 0 0 -1
    outer loop
      vertex -1.73848 13.8011 54.25
      vertex -1.80975 12.8853 54.25
      vertex -1.80365 13.0543 54.25
    endloop
  endfacet
  facet normal 0 0 -1
    outer loop
      vertex 1.74975 -19.25 54.25
      vertex -1.81533 -16.99 54.25
      vertex -1.81654 -16.9547 54.25
    endloop
  endfacet
  facet normal 0 0 -1
    outer loop
      vertex -1.73848 13.8011 54.25
      vertex -1.81533 12.7309 54.25
      vertex -1.80975 12.8853 54.25
    endloop
  endfacet
  facet normal 0 0 -1
    outer loop
      vertex 1.74975 -19.25 54.25
      vertex -1.81654 -16.9547 54.25
      vertex -1.8215 -16.7804 54.25
    endloop
  endfacet
  facet normal 0 0 -1
    outer loop
      vertex -1.73848 13.8011 54.25
      vertex -1.81654 12.6908 54.25
      vertex -1.81533 12.7309 54.25
    endloop
  endfacet
  facet normal 0 0 -1
    outer loop
      vertex 1.74975 -19.25 54.25
      vertex -1.8215 -16.7804 54.25
      vertex -1.82705 -16.5854 54.25
    endloop
  endfacet
  facet normal 0 0 -1
    outer loop
      vertex -1.73848 13.8011 54.25
      vertex -1.8215 12.4966 54.25
      vertex -1.81654 12.6908 54.25
    endloop
  endfacet
  facet normal 0 0 -1
    outer loop
      vertex 1.74975 -19.25 54.25
      vertex -1.82705 -16.5854 54.25
      vertex -1.82803 -16.5441 54.25
    endloop
  endfacet
  facet normal 0 0 -1
    outer loop
      vertex -1.73848 13.8011 54.25
      vertex -1.82705 12.2795 54.25
      vertex -1.8215 12.4966 54.25
    endloop
  endfacet
  facet normal 0 0 -1
    outer loop
      vertex 1.74975 -19.25 54.25
      vertex -1.82803 -16.5441 54.25
      vertex -1.83218 -16.3329 54.25
    endloop
  endfacet
  facet normal 0 0 -1
    outer loop
      vertex -1.73848 13.8011 54.25
      vertex -1.82803 12.2343 54.25
      vertex -1.82705 12.2795 54.25
    endloop
  endfacet
  facet normal 0 0 -1
    outer loop
      vertex 1.74975 -19.25 54.25
      vertex -1.83218 -16.3329 54.25
      vertex -1.83683 -16.0972 54.25
    endloop
  endfacet
  facet normal 0 0 -1
    outer loop
      vertex -1.73848 13.8011 54.25
      vertex -1.83218 12.0065 54.25
      vertex -1.82803 12.2343 54.25
    endloop
  endfacet
  facet normal 0 0 -1
    outer loop
      vertex 1.74975 -19.25 54.25
      vertex -1.83683 -16.0972 54.25
      vertex -1.83756 -16.0521 54.25
    endloop
  endfacet
  facet normal 0 0 -1
    outer loop
      vertex -1.73848 13.8011 54.25
      vertex -1.83683 11.7522 54.25
      vertex -1.83218 12.0065 54.25
    endloop
  endfacet
  facet normal 0 0 -1
    outer loop
      vertex 1.74975 -19.25 54.25
      vertex -1.83756 -16.0521 54.25
      vertex -1.84104 -15.7877 54.25
    endloop
  endfacet
  facet normal 0 0 -1
    outer loop
      vertex -1.73848 13.8011 54.25
      vertex -1.83756 11.7041 54.25
      vertex -1.83683 11.7522 54.25
    endloop
  endfacet
  facet normal 0 0 -1
    outer loop
      vertex 1.74975 -19.25 54.25
      vertex -1.84104 -15.7877 54.25
      vertex -1.84421 -15.5474 54.25
    endloop
  endfacet
  facet normal 0 0 -1
    outer loop
      vertex -1.73848 13.8011 54.25
      vertex -1.84104 11.4258 54.25
      vertex -1.83756 11.7041 54.25
    endloop
  endfacet
  facet normal 0 0 -1
    outer loop
      vertex 1.74975 -19.25 54.25
      vertex -1.84421 -15.5474 54.25
      vertex -1.84469 -15.5004 54.25
    endloop
  endfacet
  facet normal 0 0 -1
    outer loop
      vertex -1.73848 13.8011 54.25
      vertex -1.84421 11.1728 54.25
      vertex -1.84104 11.4258 54.25
    endloop
  endfacet
  facet normal 0 0 -1
    outer loop
      vertex 1.74975 -19.25 54.25
      vertex -1.84469 -15.5004 54.25
      vertex -1.84687 -15.2176 54.25
    endloop
  endfacet
  facet normal 0 0 -1
    outer loop
      vertex -1.73848 13.8011 54.25
      vertex -1.84469 11.1238 54.25
      vertex -1.84421 11.1728 54.25
    endloop
  endfacet
  facet normal 0 0 -1
    outer loop
      vertex 1.74975 -19.25 54.25
      vertex -1.84687 -15.2176 54.25
      vertex -1.84883 -14.9611 54.25
    endloop
  endfacet
  facet normal 0 0 -1
    outer loop
      vertex -1.73848 13.8011 54.25
      vertex -1.84687 10.8323 54.25
      vertex -1.84469 11.1238 54.25
    endloop
  endfacet
  facet normal 0 0 -1
    outer loop
      vertex 1.74975 -19.25 54.25
      vertex -1.84883 -14.9611 54.25
      vertex -1.84907 -14.9138 54.25
    endloop
  endfacet
  facet normal 0 0 -1
    outer loop
      vertex -1.73848 13.8011 54.25
      vertex -1.84883 10.568 54.25
      vertex -1.84687 10.8323 54.25
    endloop
  endfacet
  facet normal 0 0 -1
    outer loop
      vertex 1.74975 -19.25 54.25
      vertex -1.84907 -14.9138 54.25
      vertex -1.84974 -14.6539 54.25
    endloop
  endfacet
  facet normal 0 0 -1
    outer loop
      vertex -1.73848 13.8011 54.25
      vertex -1.84907 10.5197 54.25
      vertex -1.84883 10.568 54.25
    endloop
  endfacet
  facet normal 0 0 -1
    outer loop
      vertex 1.74975 -19.25 54.25
      vertex -1.84974 -14.6539 54.25
      vertex -1.85048 -14.3657 54.25
    endloop
  endfacet
  facet normal 0 0 -1
    outer loop
      vertex -1.73848 13.8011 54.25
      vertex -1.84974 10.2571 54.25
      vertex -1.84907 10.5197 54.25
    endloop
  endfacet
  facet normal 0 0 -1
    outer loop
      vertex 1.74975 -19.25 54.25
      vertex -1.85048 -14.3657 54.25
      vertex -1.85048 9.96604 54.25
    endloop
  endfacet
  facet normal 0 0 -1
    outer loop
      vertex -1.73848 13.8011 54.25
      vertex -1.85048 9.96604 54.25
      vertex -1.84974 10.2571 54.25
    endloop
  endfacet
  facet normal 0 0 -1
    outer loop
      vertex -1.73848 -17.7527 54.25
      vertex 1.74975 -19.25 54.25
      vertex -1.73848 -19.25 54.25
    endloop
  endfacet
  facet normal 0 0 -1
    outer loop
      vertex -1.79573 -17.3852 54.25
      vertex -1.73848 -17.7527 54.25
      vertex -1.78835 -17.4826 54.25
    endloop
  endfacet
  facet normal 0 0 -1
    outer loop
      vertex 1.74975 -19.25 54.25
      vertex -1.73848 13.8011 54.25
      vertex 1.74975 19.25 54.25
    endloop
  endfacet
  facet normal -0 0 -1
    outer loop
      vertex 1.74975 19.25 54.25
      vertex -1.73848 13.8011 54.25
      vertex -1.73848 19.25 54.25
    endloop
  endfacet
  facet normal 0 -0.669057 -0.743211
    outer loop
      vertex -1.94349 20.4256 53.868
      vertex 1.74975 20.7363 53.5883
      vertex 1.74975 20.4256 53.868
    endloop
  endfacet
  facet normal -0 -0.669057 -0.743211
    outer loop
      vertex 1.74975 20.7363 53.5883
      vertex -1.94349 20.4256 53.868
      vertex -2.09365 20.7363 53.5883
    endloop
  endfacet
  facet normal 0 0.308973 -0.951071
    outer loop
      vertex 1.74975 -20.0635 54.0771
      vertex -1.76194 -19.6658 54.2063
      vertex 1.74975 -19.6658 54.2063
    endloop
  endfacet
  facet normal 0 0.308973 -0.951071
    outer loop
      vertex -1.76194 -19.6658 54.2063
      vertex 1.74975 -20.0635 54.0771
      vertex -1.83129 -20.0635 54.0771
    endloop
  endfacet
  facet normal 0 0.669057 0.743211
    outer loop
      vertex -3.65722 -20.4256 12.132
      vertex -22.3407 -20.7363 12.4117
      vertex -3.60173 -20.7363 12.4117
    endloop
  endfacet
  facet normal 0 0.669057 0.743211
    outer loop
      vertex -22.3407 -20.7363 12.4117
      vertex -3.65722 -20.4256 12.132
      vertex -23.0744 -20.4256 12.132
    endloop
  endfacet
  facet normal 0 -1 -0
    outer loop
      vertex -15.428 21.239 27.011
      vertex -15.9749 21.239 25.7697
      vertex -13.0409 21.239 27.011
    endloop
  endfacet
  facet normal 0 -1 0
    outer loop
      vertex -5.24479 21.239 47.6331
      vertex 1.74975 21.239 52.4591
      vertex -2.69346 21.239 52.4591
    endloop
  endfacet
  facet normal 0 -1 0
    outer loop
      vertex -7.35452 21.239 43.5788
      vertex 1.74975 21.239 52.4591
      vertex -5.24479 21.239 47.6331
    endloop
  endfacet
  facet normal 0 -1 0
    outer loop
      vertex 1.74975 21.239 17.499
      vertex -7.35452 21.239 43.5788
      vertex -8.23246 21.239 41.8683
    endloop
  endfacet
  facet normal 0 -1 0
    outer loop
      vertex 1.74975 21.239 17.499
      vertex -8.23246 21.239 41.8683
      vertex -9.94293 21.239 38.5157
    endloop
  endfacet
  facet normal 0 -1 0
    outer loop
      vertex -11.25 21.239 29
      vertex -9.94293 21.239 38.5157
      vertex -11.1655 21.239 36.0557
    endloop
  endfacet
  facet normal 0 -1 0
    outer loop
      vertex -11.25 21.239 29
      vertex -11.1655 21.239 36.0557
      vertex -11.25 21.239 35.885
    endloop
  endfacet
  facet normal 0 -1 -0
    outer loop
      vertex -9.94293 21.239 38.5157
      vertex -11.25 21.239 29
      vertex 1.74975 21.239 17.499
    endloop
  endfacet
  facet normal 0 -1 0
    outer loop
      vertex -3.01058 21.239 17.499
      vertex -11.25 21.239 29
      vertex -11.2937 21.239 28.5842
    endloop
  endfacet
  facet normal 0 -1 0
    outer loop
      vertex -3.01058 21.239 17.499
      vertex -11.2937 21.239 28.5842
      vertex -11.4229 21.239 28.1865
    endloop
  endfacet
  facet normal 0 -1 0
    outer loop
      vertex -3.01058 21.239 17.499
      vertex -13.0409 21.239 27.011
      vertex -15.9749 21.239 25.7697
    endloop
  endfacet
  facet normal 0 -1 0
    outer loop
      vertex -13.0409 21.239 27.011
      vertex -3.01058 21.239 17.499
      vertex -12.632 21.239 27.0979
    endloop
  endfacet
  facet normal 0 -1 0
    outer loop
      vertex -3.01058 21.239 17.499
      vertex -12.25 21.239 27.268
      vertex -12.632 21.239 27.0979
    endloop
  endfacet
  facet normal 0 -1 0
    outer loop
      vertex -3.01058 21.239 17.499
      vertex -11.9117 21.239 27.5137
      vertex -12.25 21.239 27.268
    endloop
  endfacet
  facet normal 0 -1 0
    outer loop
      vertex -3.01058 21.239 17.499
      vertex -11.632 21.239 27.8244
      vertex -11.9117 21.239 27.5137
    endloop
  endfacet
  facet normal 0 -1 0
    outer loop
      vertex -3.01058 21.239 17.499
      vertex -11.4229 21.239 28.1865
      vertex -11.632 21.239 27.8244
    endloop
  endfacet
  facet normal 0 -1 0
    outer loop
      vertex -11.25 21.239 29
      vertex -3.01058 21.239 17.499
      vertex 1.74975 21.239 17.499
    endloop
  endfacet
  facet normal 0 -1 0
    outer loop
      vertex -7.35452 21.239 43.5788
      vertex 1.74975 21.239 17.499
      vertex 1.74975 21.239 52.4591
    endloop
  endfacet
  facet normal 0 -1 0
    outer loop
      vertex -20.8821 21.239 13.5409
      vertex -3.01058 21.239 17.499
      vertex -15.9749 21.239 25.7697
    endloop
  endfacet
  facet normal 0 -1 0
    outer loop
      vertex -3.01058 21.239 17.499
      vertex -20.8821 21.239 13.5409
      vertex -3.34832 21.239 13.5409
    endloop
  endfacet
  facet normal 0 0.104523 0.994522
    outer loop
      vertex -3.65429 -19.25 11.75
      vertex -24.083 -19.6658 11.7937
      vertex -3.69443 -19.6658 11.7937
    endloop
  endfacet
  facet normal -0 0.104523 0.994522
    outer loop
      vertex -24.336 -19.25 11.75
      vertex -24.083 -19.6658 11.7937
      vertex -3.65429 -19.25 11.75
    endloop
  endfacet
  facet normal 0.00213752 0.105809 0.994384
    outer loop
      vertex -24.083 -19.6658 11.7937
      vertex -24.336 -19.25 11.75
      vertex -24.2885 -19.3393 11.7594
    endloop
  endfacet
  facet normal -0.0122872 0.0982105 0.99509
    outer loop
      vertex -24.2885 -19.3393 11.7594
      vertex -24.336 -19.25 11.75
      vertex -24.3209 -19.2856 11.7537
    endloop
  endfacet
  facet normal -0 -0.809119 -0.587645
    outer loop
      vertex 1.74975 20.982 53.25
      vertex -2.09365 20.7363 53.5883
      vertex -2.2752 20.982 53.25
    endloop
  endfacet
  facet normal 0 -0.809119 -0.587645
    outer loop
      vertex -2.09365 20.7363 53.5883
      vertex 1.74975 20.982 53.25
      vertex 1.74975 20.7363 53.5883
    endloop
  endfacet
  facet normal 0 0.978155 0.207879
    outer loop
      vertex -3.41146 -21.1521 13.132
      vertex -20.8821 -21.239 13.5409
      vertex -3.34832 -21.239 13.5409
    endloop
  endfacet
  facet normal 0 0.978155 0.207879
    outer loop
      vertex -20.8821 -21.239 13.5409
      vertex -3.41146 -21.1521 13.132
      vertex -21.22 -21.1521 13.132
    endloop
  endfacet
  facet normal 0 0.669057 -0.743211
    outer loop
      vertex 1.74975 -20.7363 53.5883
      vertex -1.94349 -20.4256 53.868
      vertex 1.74975 -20.4256 53.868
    endloop
  endfacet
  facet normal 0 0.669057 -0.743211
    outer loop
      vertex -1.94349 -20.4256 53.868
      vertex 1.74975 -20.7363 53.5883
      vertex -2.09365 -20.7363 53.5883
    endloop
  endfacet
  facet normal 0 0.809119 -0.587645
    outer loop
      vertex 1.74975 -20.982 53.25
      vertex -2.09365 -20.7363 53.5883
      vertex 1.74975 -20.7363 53.5883
    endloop
  endfacet
  facet normal 0 0.809119 -0.587645
    outer loop
      vertex -2.09365 -20.7363 53.5883
      vertex 1.74975 -20.982 53.25
      vertex -2.2752 -20.982 53.25
    endloop
  endfacet
  facet normal 0 -0.308973 -0.951071
    outer loop
      vertex -1.76194 19.6658 54.2063
      vertex 1.74975 20.0635 54.0771
      vertex 1.74975 19.6658 54.2063
    endloop
  endfacet
  facet normal -0 -0.308973 -0.951071
    outer loop
      vertex 1.74975 20.0635 54.0771
      vertex -1.76194 19.6658 54.2063
      vertex -1.83129 20.0635 54.0771
    endloop
  endfacet
  facet normal 0 -0.913525 0.406782
    outer loop
      vertex -3.49931 20.982 12.75
      vertex -21.22 21.1521 13.132
      vertex -21.7134 20.982 12.75
    endloop
  endfacet
  facet normal 0 -0.913525 0.406782
    outer loop
      vertex -21.22 21.1521 13.132
      vertex -3.49931 20.982 12.75
      vertex -3.41146 21.1521 13.132
    endloop
  endfacet
  facet normal 0 0.104523 -0.994522
    outer loop
      vertex 1.74975 -19.6658 54.2063
      vertex -1.73848 -19.25 54.25
      vertex 1.74975 -19.25 54.25
    endloop
  endfacet
  facet normal 0 0.104523 -0.994522
    outer loop
      vertex -1.73848 -19.25 54.25
      vertex 1.74975 -19.6658 54.2063
      vertex -1.76194 -19.6658 54.2063
    endloop
  endfacet
  facet normal 0 -0.500074 0.865982
    outer loop
      vertex -23.0744 20.4256 12.132
      vertex -3.71234 20.0635 11.9229
      vertex -3.65722 20.4256 12.132
    endloop
  endfacet
  facet normal 2.28659e-05 -0.500018 0.866015
    outer loop
      vertex -23.6085 20.1159 11.9532
      vertex -23.0744 20.4256 12.132
      vertex -23.1825 20.3771 12.104
    endloop
  endfacet
  facet normal 0.00260058 -0.503347 0.86408
    outer loop
      vertex -23.0744 20.4256 12.132
      vertex -23.6085 20.1159 11.9532
      vertex -23.683 20.0635 11.9229
    endloop
  endfacet
  facet normal 5.79615e-05 -0.500642 0.865654
    outer loop
      vertex -23.683 20.0635 11.9229
      vertex -23.6085 20.1159 11.9532
      vertex -23.656 20.0865 11.9362
    endloop
  endfacet
  facet normal 0 -0.500074 0.865982
    outer loop
      vertex -23.0744 20.4256 12.132
      vertex -23.683 20.0635 11.9229
      vertex -3.71234 20.0635 11.9229
    endloop
  endfacet
  facet normal 0 -0.669057 0.743211
    outer loop
      vertex -22.3407 20.7363 12.4117
      vertex -3.65722 20.4256 12.132
      vertex -3.60173 20.7363 12.4117
    endloop
  endfacet
  facet normal 0 -0.669057 0.743211
    outer loop
      vertex -3.65722 20.4256 12.132
      vertex -22.3407 20.7363 12.4117
      vertex -23.0744 20.4256 12.132
    endloop
  endfacet
  facet normal 0 0.500074 -0.865982
    outer loop
      vertex 1.74975 -20.4256 53.868
      vertex -1.83129 -20.0635 54.0771
      vertex 1.74975 -20.0635 54.0771
    endloop
  endfacet
  facet normal 0 0.500074 -0.865982
    outer loop
      vertex -1.83129 -20.0635 54.0771
      vertex 1.74975 -20.4256 53.868
      vertex -1.94349 -20.4256 53.868
    endloop
  endfacet
  facet normal 0 -0.104523 0.994522
    outer loop
      vertex -24.083 19.6658 11.7937
      vertex -3.65429 19.25 11.75
      vertex -3.69443 19.6658 11.7937
    endloop
  endfacet
  facet normal 0.00213752 -0.105809 0.994384
    outer loop
      vertex -24.336 19.25 11.75
      vertex -24.083 19.6658 11.7937
      vertex -24.2885 19.3393 11.7594
    endloop
  endfacet
  facet normal -0.0122872 -0.0982105 0.99509
    outer loop
      vertex -24.336 19.25 11.75
      vertex -24.2885 19.3393 11.7594
      vertex -24.3209 19.2856 11.7537
    endloop
  endfacet
  facet normal 0 -0.104523 0.994522
    outer loop
      vertex -24.083 19.6658 11.7937
      vertex -24.336 19.25 11.75
      vertex -3.65429 19.25 11.75
    endloop
  endfacet
  facet normal 0 -0.308578 0.951199
    outer loop
      vertex -3.71234 20.0635 11.9229
      vertex -23.683 20.0635 11.9229
      vertex -3.72069 20 11.9023
    endloop
  endfacet
  facet normal -1.65121e-06 -0.309048 0.951047
    outer loop
      vertex -23.683 20.0635 11.9229
      vertex -3.69443 19.6658 11.7937
      vertex -3.72069 20 11.9023
    endloop
  endfacet
  facet normal 0.00162408 -0.310449 0.950589
    outer loop
      vertex -24.083 19.6658 11.7937
      vertex -23.683 20.0635 11.9229
      vertex -24.0035 19.7593 11.8241
    endloop
  endfacet
  facet normal -0.00280672 -0.307041 0.951692
    outer loop
      vertex -24.083 19.6658 11.7937
      vertex -24.0035 19.7593 11.8241
      vertex -24.0455 19.7166 11.8102
    endloop
  endfacet
  facet normal 0 -0.308973 0.951071
    outer loop
      vertex -23.683 20.0635 11.9229
      vertex -24.083 19.6658 11.7937
      vertex -3.69443 19.6658 11.7937
    endloop
  endfacet
  facet normal 0 0.913525 -0.406782
    outer loop
      vertex 1.74975 -21.1521 52.868
      vertex -2.2752 -20.982 53.25
      vertex 1.74975 -20.982 53.25
    endloop
  endfacet
  facet normal 0 0.913525 -0.406782
    outer loop
      vertex -2.2752 -20.982 53.25
      vertex 1.74975 -21.1521 52.868
      vertex -2.48021 -21.1521 52.868
    endloop
  endfacet
  facet normal -0.587645 0 0.809119
    outer loop
      vertex -12.25 22.8009 27.268
      vertex -11.9117 21.239 27.5137
      vertex -11.9117 22.9207 27.5137
    endloop
  endfacet
  facet normal -0.587645 0 0.809119
    outer loop
      vertex -11.9117 21.239 27.5137
      vertex -12.25 22.8009 27.268
      vertex -12.25 21.239 27.268
    endloop
  endfacet
  facet normal -0.207879 0 0.978155
    outer loop
      vertex -13.0409 22.457 27.011
      vertex -12.632 21.239 27.0979
      vertex -12.632 22.644 27.0979
    endloop
  endfacet
  facet normal -0.207879 0 0.978155
    outer loop
      vertex -12.632 21.239 27.0979
      vertex -13.0409 22.457 27.011
      vertex -13.0409 21.239 27.011
    endloop
  endfacet
  facet normal -0 0 1
    outer loop
      vertex -15.3203 21.3173 27.011
      vertex -13.0409 21.239 27.011
      vertex -13.0409 22.457 27.011
    endloop
  endfacet
  facet normal 0 0 1
    outer loop
      vertex -13.0409 21.239 27.011
      vertex -15.3203 21.3173 27.011
      vertex -15.428 21.239 27.011
    endloop
  endfacet
  facet normal -0.406782 0 0.913525
    outer loop
      vertex -12.632 22.644 27.0979
      vertex -12.25 21.239 27.268
      vertex -12.25 22.8009 27.268
    endloop
  endfacet
  facet normal -0.406782 0 0.913525
    outer loop
      vertex -12.25 21.239 27.268
      vertex -12.632 22.644 27.0979
      vertex -12.632 21.239 27.0979
    endloop
  endfacet
  facet normal -1 0 0
    outer loop
      vertex -11.25 21.239 29
      vertex -11.25 21.8041 34.7283
      vertex -11.25 22.9534 29
    endloop
  endfacet
  facet normal -1 0 0
    outer loop
      vertex -11.25 21.239 35.885
      vertex -11.25 21.8041 34.7283
      vertex -11.25 21.239 29
    endloop
  endfacet
  facet normal -1 0 0
    outer loop
      vertex -11.25 21.8041 34.7283
      vertex -11.25 21.239 35.885
      vertex -11.25 21.7075 35.03
    endloop
  endfacet
  facet normal -1 -0 -0
    outer loop
      vertex -11.25 21.5039 35.5065
      vertex -11.25 21.7075 35.03
      vertex -11.25 21.239 35.885
    endloop
  endfacet
  facet normal -1 0 0
    outer loop
      vertex -11.25 21.7075 35.03
      vertex -11.25 21.5039 35.5065
      vertex -11.25 21.6321 35.2621
    endloop
  endfacet
  facet normal -1 0 0
    outer loop
      vertex -11.25 21.5039 35.5065
      vertex -11.25 21.239 35.885
      vertex -11.25 21.381 35.7194
    endloop
  endfacet
  facet normal -0.994522 0 0.104523
    outer loop
      vertex -11.2937 21.239 28.5842
      vertex -11.25 22.9534 29
      vertex -11.2937 23.015 28.5842
    endloop
  endfacet
  facet normal -0.994522 0 0.104523
    outer loop
      vertex -11.25 22.9534 29
      vertex -11.2937 21.239 28.5842
      vertex -11.25 21.239 29
    endloop
  endfacet
  facet normal -0.743211 0 0.669057
    outer loop
      vertex -11.632 21.239 27.8244
      vertex -11.9117 22.9207 27.5137
      vertex -11.9117 21.239 27.5137
    endloop
  endfacet
  facet normal -0.743211 0 0.669057
    outer loop
      vertex -11.9117 22.9207 27.5137
      vertex -11.632 21.239 27.8244
      vertex -11.632 22.9983 27.8244
    endloop
  endfacet
  facet normal -0.865982 0 0.500074
    outer loop
      vertex -11.4229 21.239 28.1865
      vertex -11.632 22.9983 27.8244
      vertex -11.632 21.239 27.8244
    endloop
  endfacet
  facet normal -0.865982 0 0.500074
    outer loop
      vertex -11.632 22.9983 27.8244
      vertex -11.4229 21.239 28.1865
      vertex -11.4229 23.0301 28.1865
    endloop
  endfacet
  facet normal -0.951071 0 0.308973
    outer loop
      vertex -11.4229 21.239 28.1865
      vertex -11.2937 23.015 28.5842
      vertex -11.4229 23.0301 28.1865
    endloop
  endfacet
  facet normal -0.951071 0 0.308973
    outer loop
      vertex -11.2937 23.015 28.5842
      vertex -11.4229 21.239 28.1865
      vertex -11.2937 21.239 28.5842
    endloop
  endfacet
  facet normal 0 0 1
    outer loop
      vertex 8.25 23.5 7.5
      vertex 4.25025 23.5 7.5
      vertex 8.25 -0.591211 7.5
    endloop
  endfacet
  facet normal -0 0 1
    outer loop
      vertex 23.9908 -9.15173 7.5
      vertex 27.2146 -17.9334 7.5
      vertex 23.9908 9.15173 7.5
    endloop
  endfacet
  facet normal 0 0 1
    outer loop
      vertex 27.2146 -17.9334 7.5
      vertex 23.9908 -9.15173 7.5
      vertex 24.0799 -10 7.5
    endloop
  endfacet
  facet normal -0 0 1
    outer loop
      vertex 23.7272 8.34054 7.5
      vertex 23.9908 -9.15173 7.5
      vertex 23.9908 9.15173 7.5
    endloop
  endfacet
  facet normal 0 0 1
    outer loop
      vertex 23.7272 8.34054 7.5
      vertex 23.7272 -8.34054 7.5
      vertex 23.9908 -9.15173 7.5
    endloop
  endfacet
  facet normal -0 0 1
    outer loop
      vertex 23.3007 7.60188 7.5
      vertex 23.7272 -8.34054 7.5
      vertex 23.7272 8.34054 7.5
    endloop
  endfacet
  facet normal 0 0 1
    outer loop
      vertex 23.3007 7.60188 7.5
      vertex 23.3007 -7.60188 7.5
      vertex 23.7272 -8.34054 7.5
    endloop
  endfacet
  facet normal -0 0 1
    outer loop
      vertex 22.73 6.96802 7.5
      vertex 23.3007 -7.60188 7.5
      vertex 23.3007 7.60188 7.5
    endloop
  endfacet
  facet normal 0 0 1
    outer loop
      vertex 22.73 6.96802 7.5
      vertex 22.73 -6.96802 7.5
      vertex 23.3007 -7.60188 7.5
    endloop
  endfacet
  facet normal -0 0 1
    outer loop
      vertex 22.04 6.46667 7.5
      vertex 22.73 -6.96802 7.5
      vertex 22.73 6.96802 7.5
    endloop
  endfacet
  facet normal 0 0 1
    outer loop
      vertex 22.04 6.46667 7.5
      vertex 22.04 -6.46667 7.5
      vertex 22.73 -6.96802 7.5
    endloop
  endfacet
  facet normal -0 0 1
    outer loop
      vertex 21.2608 6.11975 7.5
      vertex 22.04 -6.46667 7.5
      vertex 22.04 6.46667 7.5
    endloop
  endfacet
  facet normal 0 0 1
    outer loop
      vertex 21.2608 6.11975 7.5
      vertex 21.2608 -6.11975 7.5
      vertex 22.04 -6.46667 7.5
    endloop
  endfacet
  facet normal 0 0 1
    outer loop
      vertex 16.25 -0.591211 7.5
      vertex 21.2608 6.11975 7.5
      vertex 20.4265 5.94242 7.5
    endloop
  endfacet
  facet normal 0 0 1
    outer loop
      vertex 21.2608 6.11975 7.5
      vertex 16.25 -0.591211 7.5
      vertex 21.2608 -6.11975 7.5
    endloop
  endfacet
  facet normal 0 0 1
    outer loop
      vertex 16.25 -0.591211 7.5
      vertex 20.4265 5.94242 7.5
      vertex 19.5735 5.94242 7.5
    endloop
  endfacet
  facet normal 0 0 1
    outer loop
      vertex 21.2608 -6.11975 7.5
      vertex 16.25 -0.591211 7.5
      vertex 20.4265 -5.94242 7.5
    endloop
  endfacet
  facet normal 0 0 1
    outer loop
      vertex 16.25 -0.591211 7.5
      vertex 19.5735 5.94242 7.5
      vertex 18.7392 6.11975 7.5
    endloop
  endfacet
  facet normal 0 0 1
    outer loop
      vertex 20.4265 -5.94242 7.5
      vertex 16.25 -0.591211 7.5
      vertex 19.5735 -5.94242 7.5
    endloop
  endfacet
  facet normal 0 0 1
    outer loop
      vertex 16.25 -0.591211 7.5
      vertex 18.7392 6.11975 7.5
      vertex 17.96 6.46667 7.5
    endloop
  endfacet
  facet normal 0 0 1
    outer loop
      vertex 19.5735 -5.94242 7.5
      vertex 16.25 -0.591211 7.5
      vertex 18.7392 -6.11975 7.5
    endloop
  endfacet
  facet normal 0 0 1
    outer loop
      vertex 16.25 -0.591211 7.5
      vertex 17.96 6.46667 7.5
      vertex 17.27 6.96802 7.5
    endloop
  endfacet
  facet normal 0 0 1
    outer loop
      vertex 18.7392 -6.11975 7.5
      vertex 16.25 -0.591211 7.5
      vertex 17.96 -6.46667 7.5
    endloop
  endfacet
  facet normal 0 0 1
    outer loop
      vertex 16.25 -0.591211 7.5
      vertex 17.27 6.96802 7.5
      vertex 16.6993 7.60188 7.5
    endloop
  endfacet
  facet normal 0 0 1
    outer loop
      vertex 17.96 -6.46667 7.5
      vertex 16.25 -0.591211 7.5
      vertex 17.27 -6.96802 7.5
    endloop
  endfacet
  facet normal 0 0 1
    outer loop
      vertex 16.25 -0.591211 7.5
      vertex 16.6993 7.60188 7.5
      vertex 16.2728 8.34054 7.5
    endloop
  endfacet
  facet normal 0 0 1
    outer loop
      vertex 17.27 -6.96802 7.5
      vertex 16.25 -0.591211 7.5
      vertex 16.6993 -7.60188 7.5
    endloop
  endfacet
  facet normal 0 0 1
    outer loop
      vertex 16.25 -0.591211 7.5
      vertex 16.2728 8.34054 7.5
      vertex 16.25 8.4107 7.5
    endloop
  endfacet
  facet normal -0 0 1
    outer loop
      vertex 8.25 -0.591211 7.5
      vertex 16.6993 -7.60188 7.5
      vertex 16.25 -0.591211 7.5
    endloop
  endfacet
  facet normal 0 0 1
    outer loop
      vertex 16.6993 -7.60188 7.5
      vertex 8.25 -0.591211 7.5
      vertex 16.2728 -8.34054 7.5
    endloop
  endfacet
  facet normal 0 0 1
    outer loop
      vertex 16.2728 -8.34054 7.5
      vertex 8.25 -0.591211 7.5
      vertex 16.0092 -9.15173 7.5
    endloop
  endfacet
  facet normal 0 0 1
    outer loop
      vertex 16.0092 -9.15173 7.5
      vertex 8.25 -0.591211 7.5
      vertex 15.9201 -10 7.5
    endloop
  endfacet
  facet normal 0 0 1
    outer loop
      vertex 27.2146 17.9334 7.5
      vertex 23.9908 10.8483 7.5
      vertex 24.0799 10 7.5
    endloop
  endfacet
  facet normal 0 0 1
    outer loop
      vertex 27.2146 17.9334 7.5
      vertex 23.7272 11.6595 7.5
      vertex 23.9908 10.8483 7.5
    endloop
  endfacet
  facet normal 0 0 1
    outer loop
      vertex 27.2146 17.9334 7.5
      vertex 23.3007 12.3981 7.5
      vertex 23.7272 11.6595 7.5
    endloop
  endfacet
  facet normal 0 0 1
    outer loop
      vertex 27.2146 17.9334 7.5
      vertex 22.73 13.032 7.5
      vertex 23.3007 12.3981 7.5
    endloop
  endfacet
  facet normal 0 0 1
    outer loop
      vertex 27.2146 17.9334 7.5
      vertex 22.04 13.5333 7.5
      vertex 22.73 13.032 7.5
    endloop
  endfacet
  facet normal 0 0 1
    outer loop
      vertex 26.0059 20.0868 7.5
      vertex 21.2608 13.8802 7.5
      vertex 22.04 13.5333 7.5
    endloop
  endfacet
  facet normal 0 0 1
    outer loop
      vertex 26.0059 20.0868 7.5
      vertex 20.4265 14.0576 7.5
      vertex 21.2608 13.8802 7.5
    endloop
  endfacet
  facet normal 0 0 1
    outer loop
      vertex 19.1795 23.5 7.5
      vertex 20.4265 14.0576 7.5
      vertex 26.0059 20.0868 7.5
    endloop
  endfacet
  facet normal 0 0 1
    outer loop
      vertex 20.4265 14.0576 7.5
      vertex 19.1795 23.5 7.5
      vertex 19.5735 14.0576 7.5
    endloop
  endfacet
  facet normal 0 0 1
    outer loop
      vertex 19.1795 23.5 7.5
      vertex 18.7392 13.8802 7.5
      vertex 19.5735 14.0576 7.5
    endloop
  endfacet
  facet normal -0 0 1
    outer loop
      vertex 16.25 23.5 7.5
      vertex 18.7392 13.8802 7.5
      vertex 19.1795 23.5 7.5
    endloop
  endfacet
  facet normal 0 0 1
    outer loop
      vertex 18.7392 13.8802 7.5
      vertex 16.25 23.5 7.5
      vertex 17.96 13.5333 7.5
    endloop
  endfacet
  facet normal 0 0 1
    outer loop
      vertex 17.96 13.5333 7.5
      vertex 16.25 23.5 7.5
      vertex 17.27 13.032 7.5
    endloop
  endfacet
  facet normal 0 0 1
    outer loop
      vertex 17.27 13.032 7.5
      vertex 16.25 23.5 7.5
      vertex 16.6993 12.3981 7.5
    endloop
  endfacet
  facet normal 0 0 1
    outer loop
      vertex 16.6993 12.3981 7.5
      vertex 16.25 23.5 7.5
      vertex 16.2728 11.6595 7.5
    endloop
  endfacet
  facet normal 0 0 1
    outer loop
      vertex 16.2728 11.6595 7.5
      vertex 16.25 23.5 7.5
      vertex 16.25 11.5893 7.5
    endloop
  endfacet
  facet normal 0 0 1
    outer loop
      vertex 26.0059 20.0868 7.5
      vertex 27.2146 17.9334 7.5
      vertex 27.2104 17.9757 7.5
    endloop
  endfacet
  facet normal 0 0 1
    outer loop
      vertex 23.9908 9.15173 7.5
      vertex 27.2146 17.9334 7.5
      vertex 24.0799 10 7.5
    endloop
  endfacet
  facet normal 0 0 1
    outer loop
      vertex 26.0059 20.0868 7.5
      vertex 27.2104 17.9757 7.5
      vertex 27.1609 18.4475 7.5
    endloop
  endfacet
  facet normal 0 0 1
    outer loop
      vertex 27.2146 17.9334 7.5
      vertex 23.9908 9.15173 7.5
      vertex 27.2146 -17.9334 7.5
    endloop
  endfacet
  facet normal 0 0 1
    outer loop
      vertex 27.0061 18.9387 7.5
      vertex 27.1609 18.4475 7.5
      vertex 27.1527 18.4877 7.5
    endloop
  endfacet
  facet normal -0 0 1
    outer loop
      vertex 23.9908 -10.8483 7.5
      vertex 27.2146 -17.9334 7.5
      vertex 24.0799 -10 7.5
    endloop
  endfacet
  facet normal 0 0 1
    outer loop
      vertex 27.1609 18.4475 7.5
      vertex 27.0061 18.9387 7.5
      vertex 26.0059 20.0868 7.5
    endloop
  endfacet
  facet normal -0 0 1
    outer loop
      vertex 23.7272 -11.6595 7.5
      vertex 27.2146 -17.9334 7.5
      vertex 23.9908 -10.8483 7.5
    endloop
  endfacet
  facet normal 0 0 1
    outer loop
      vertex 26.9791 19.0063 7.5
      vertex 27.0061 18.9387 7.5
      vertex 26.9942 18.9751 7.5
    endloop
  endfacet
  facet normal -0 0 1
    outer loop
      vertex 23.3007 -12.3981 7.5
      vertex 27.2146 -17.9334 7.5
      vertex 23.7272 -11.6595 7.5
    endloop
  endfacet
  facet normal 0 0 1
    outer loop
      vertex 26.7423 19.4165 7.5
      vertex 27.0061 18.9387 7.5
      vertex 26.9791 19.0063 7.5
    endloop
  endfacet
  facet normal -0 0 1
    outer loop
      vertex 22.73 -13.032 7.5
      vertex 27.2146 -17.9334 7.5
      vertex 23.3007 -12.3981 7.5
    endloop
  endfacet
  facet normal 0 0 1
    outer loop
      vertex 27.0061 18.9387 7.5
      vertex 26.7423 19.4165 7.5
      vertex 26.0059 20.0868 7.5
    endloop
  endfacet
  facet normal -0 0 1
    outer loop
      vertex 22.04 -13.5333 7.5
      vertex 27.2146 -17.9334 7.5
      vertex 22.73 -13.032 7.5
    endloop
  endfacet
  facet normal 0 0 1
    outer loop
      vertex 26.0059 20.0868 7.5
      vertex 26.7423 19.4165 7.5
      vertex 26.7246 19.4408 7.5
    endloop
  endfacet
  facet normal -0 0 1
    outer loop
      vertex 21.2608 -13.8802 7.5
      vertex 27.2146 -17.9334 7.5
      vertex 22.04 -13.5333 7.5
    endloop
  endfacet
  facet normal 0 -0 1
    outer loop
      vertex 26.6713 -19.5 7.5
      vertex 27.2146 -17.9334 7.5
      vertex 21.2608 -13.8802 7.5
    endloop
  endfacet
  facet normal 0 0 1
    outer loop
      vertex 26.3885 19.8088 7.5
      vertex 26.7246 19.4408 7.5
      vertex 26.4079 19.7925 7.5
    endloop
  endfacet
  facet normal 0 0 1
    outer loop
      vertex 26.7246 19.4408 7.5
      vertex 26.3885 19.8088 7.5
      vertex 26.0059 20.0868 7.5
    endloop
  endfacet
  facet normal 0 0 1
    outer loop
      vertex 22.04 13.5333 7.5
      vertex 27.2146 17.9334 7.5
      vertex 26.0059 20.0868 7.5
    endloop
  endfacet
  facet normal 0 0 1
    outer loop
      vertex 27.2104 -17.9757 7.5
      vertex 26.6713 -19.5 7.5
      vertex 27.1609 -18.4475 7.5
    endloop
  endfacet
  facet normal 0 -0 1
    outer loop
      vertex 27.0061 -18.9387 7.5
      vertex 27.1609 -18.4475 7.5
      vertex 26.6713 -19.5 7.5
    endloop
  endfacet
  facet normal 0 0 1
    outer loop
      vertex 27.1609 -18.4475 7.5
      vertex 27.0061 -18.9387 7.5
      vertex 27.1527 -18.4877 7.5
    endloop
  endfacet
  facet normal 0 -0 1
    outer loop
      vertex 26.9791 -19.0063 7.5
      vertex 27.0061 -18.9387 7.5
      vertex 26.6713 -19.5 7.5
    endloop
  endfacet
  facet normal 0 0 1
    outer loop
      vertex 27.0061 -18.9387 7.5
      vertex 26.9791 -19.0063 7.5
      vertex 26.9942 -18.9751 7.5
    endloop
  endfacet
  facet normal 0 0 1
    outer loop
      vertex 26.9791 -19.0063 7.5
      vertex 26.6713 -19.5 7.5
      vertex 26.7423 -19.4165 7.5
    endloop
  endfacet
  facet normal 0 0 1
    outer loop
      vertex 26.7423 -19.4165 7.5
      vertex 26.6713 -19.5 7.5
      vertex 26.7246 -19.4408 7.5
    endloop
  endfacet
  facet normal 0 0 1
    outer loop
      vertex 27.2146 -17.9334 7.5
      vertex 26.6713 -19.5 7.5
      vertex 27.2104 -17.9757 7.5
    endloop
  endfacet
  facet normal -0 0 1
    outer loop
      vertex 20.4265 -14.0576 7.5
      vertex 26.6713 -19.5 7.5
      vertex 21.2608 -13.8802 7.5
    endloop
  endfacet
  facet normal -0 0 1
    outer loop
      vertex 19.5735 -14.0576 7.5
      vertex 26.6713 -19.5 7.5
      vertex 20.4265 -14.0576 7.5
    endloop
  endfacet
  facet normal 0 0 1
    outer loop
      vertex 18.7392 -13.8802 7.5
      vertex 26.6713 -19.5 7.5
      vertex 19.5735 -14.0576 7.5
    endloop
  endfacet
  facet normal 0 0 1
    outer loop
      vertex 4.25025 -19.5 7.5
      vertex 18.7392 -13.8802 7.5
      vertex 17.96 -13.5333 7.5
    endloop
  endfacet
  facet normal 0 0 1
    outer loop
      vertex 4.25025 -19.5 7.5
      vertex 15.9201 -10 7.5
      vertex 8.25 -0.591211 7.5
    endloop
  endfacet
  facet normal 0 0 1
    outer loop
      vertex 15.9201 -10 7.5
      vertex 4.25025 -19.5 7.5
      vertex 16.0092 -10.8483 7.5
    endloop
  endfacet
  facet normal 0 0 1
    outer loop
      vertex 16.0092 -10.8483 7.5
      vertex 4.25025 -19.5 7.5
      vertex 16.2728 -11.6595 7.5
    endloop
  endfacet
  facet normal 0 0 1
    outer loop
      vertex 18.7392 -13.8802 7.5
      vertex 4.25025 -19.5 7.5
      vertex 26.6713 -19.5 7.5
    endloop
  endfacet
  facet normal 0 0 1
    outer loop
      vertex 17.27 -13.032 7.5
      vertex 4.25025 -19.5 7.5
      vertex 17.96 -13.5333 7.5
    endloop
  endfacet
  facet normal 0 0 1
    outer loop
      vertex 16.6993 -12.3981 7.5
      vertex 4.25025 -19.5 7.5
      vertex 17.27 -13.032 7.5
    endloop
  endfacet
  facet normal 0 0 1
    outer loop
      vertex 16.2728 -11.6595 7.5
      vertex 4.25025 -19.5 7.5
      vertex 16.6993 -12.3981 7.5
    endloop
  endfacet
  facet normal 0 0 1
    outer loop
      vertex 4.25025 -19.5 7.5
      vertex 8.25 -0.591211 7.5
      vertex 4.25025 23.5 7.5
    endloop
  endfacet
  facet normal 0 0.104759 -0.994498
    outer loop
      vertex 4.25025 -19.7079 54.4781
      vertex 5.00237 -19.5 54.5
      vertex 5.0127 -19.7079 54.4781
    endloop
  endfacet
  facet normal 0 0.104759 -0.994498
    outer loop
      vertex 5.00237 -19.5 54.5
      vertex 4.25025 -19.7079 54.4781
      vertex 4.25025 -19.5 54.5
    endloop
  endfacet
  facet normal 0 0.499791 -0.866146
    outer loop
      vertex 4.25025 -20.0878 54.309
      vertex 5.04323 -19.9067 54.4135
      vertex 5.09263 -20.0878 54.309
    endloop
  endfacet
  facet normal 0 0.499791 -0.866146
    outer loop
      vertex 5.04323 -19.9067 54.4135
      vertex 4.25025 -20.0878 54.309
      vertex 4.25025 -19.9067 54.4135
    endloop
  endfacet
  facet normal 0 -0.499863 0.866104
    outer loop
      vertex 16.25 23.9067 7.58646
      vertex 17.9398 24.0878 7.69098
      vertex 16.25 24.0878 7.69098
    endloop
  endfacet
  facet normal 0 -0.499863 0.866104
    outer loop
      vertex 17.9398 24.0878 7.69098
      vertex 16.25 23.9067 7.58646
      vertex 18.337 23.9067 7.58646
    endloop
  endfacet
  facet normal 0 -0.499863 0.866104
    outer loop
      vertex 4.25025 24.0878 7.69098
      vertex 8.25 23.9067 7.58646
      vertex 8.25 24.0878 7.69098
    endloop
  endfacet
  facet normal 0 -0.499863 0.866104
    outer loop
      vertex 8.25 23.9067 7.58646
      vertex 4.25025 24.0878 7.69098
      vertex 4.25025 23.9067 7.58646
    endloop
  endfacet
  facet normal 0 0.913436 -0.406981
    outer loop
      vertex 4.25025 -20.4511 53.809
      vertex 5.23867 -20.366 54
      vertex 5.32893 -20.4511 53.809
    endloop
  endfacet
  facet normal 0 0.913436 -0.406981
    outer loop
      vertex 5.23867 -20.366 54
      vertex 4.25025 -20.4511 53.809
      vertex 4.25025 -20.366 54
    endloop
  endfacet
  facet normal 0 -0.104523 0.994522
    outer loop
      vertex 4.25025 23.7079 7.52185
      vertex 8.25 23.5 7.5
      vertex 8.25 23.7079 7.52185
    endloop
  endfacet
  facet normal 0 -0.104523 0.994522
    outer loop
      vertex 8.25 23.5 7.5
      vertex 4.25025 23.7079 7.52185
      vertex 4.25025 23.5 7.5
    endloop
  endfacet
  facet normal 0 -0.104523 0.994522
    outer loop
      vertex 16.25 23.5 7.5
      vertex 18.7563 23.7079 7.52185
      vertex 16.25 23.7079 7.52185
    endloop
  endfacet
  facet normal 0 -0.104523 0.994522
    outer loop
      vertex 18.7563 23.7079 7.52185
      vertex 16.25 23.5 7.5
      vertex 19.1795 23.5 7.5
    endloop
  endfacet
  facet normal -0 0.104523 0.994522
    outer loop
      vertex 4.25025 -19.5 7.5
      vertex 26.4752 -19.7079 7.52185
      vertex 26.6713 -19.5 7.5
    endloop
  endfacet
  facet normal 0 0.104523 0.994522
    outer loop
      vertex 26.4752 -19.7079 7.52185
      vertex 4.25025 -19.5 7.5
      vertex 4.25025 -19.7079 7.52185
    endloop
  endfacet
  facet normal 0 -0.913421 0.407017
    outer loop
      vertex 16.25 24.366 8
      vertex 17.0456 24.4511 8.19098
      vertex 16.25 24.4511 8.19098
    endloop
  endfacet
  facet normal 0 -0.913421 0.407017
    outer loop
      vertex 17.0456 24.4511 8.19098
      vertex 16.25 24.366 8
      vertex 17.2797 24.366 8
    endloop
  endfacet
  facet normal 0 -0.913421 0.407017
    outer loop
      vertex 4.25025 24.366 8
      vertex 8.25 24.4511 8.19098
      vertex 4.25025 24.4511 8.19098
    endloop
  endfacet
  facet normal 0 -0.913421 0.407017
    outer loop
      vertex 8.25 24.4511 8.19098
      vertex 4.25025 24.366 8
      vertex 8.25 24.366 8
    endloop
  endfacet
  facet normal 0 0 -1
    outer loop
      vertex 4.25025 -19.5 54.5
      vertex 5.00237 -19.3327 54.5
      vertex 5.00237 -19.5 54.5
    endloop
  endfacet
  facet normal -0 0 -1
    outer loop
      vertex 5.00237 -19.3327 54.5
      vertex 4.25025 -19.5 54.5
      vertex 5.00237 16.5489 54.5
    endloop
  endfacet
  facet normal 0 0 -1
    outer loop
      vertex 4.25025 23.0772 54.5
      vertex 5.00237 16.5489 54.5
      vertex 4.25025 -19.5 54.5
    endloop
  endfacet
  facet normal 0 0 -1
    outer loop
      vertex 5.00237 16.5489 54.5
      vertex 4.25025 23.0772 54.5
      vertex 5.00237 21.3285 54.5
    endloop
  endfacet
  facet normal 0 0 -1
    outer loop
      vertex 5.00237 21.3285 54.5
      vertex 4.25025 23.0772 54.5
      vertex 4.96542 21.702 54.5
    endloop
  endfacet
  facet normal 0 0 -1
    outer loop
      vertex 4.96542 21.702 54.5
      vertex 4.25025 23.0772 54.5
      vertex 4.96388 21.7167 54.5
    endloop
  endfacet
  facet normal -0 -0 -1
    outer loop
      vertex 4.88734 22.0845 54.5
      vertex 4.96388 21.7167 54.5
      vertex 4.25025 23.0772 54.5
    endloop
  endfacet
  facet normal 0 0 -1
    outer loop
      vertex 4.96388 21.7167 54.5
      vertex 4.88734 22.0845 54.5
      vertex 4.89143 22.0719 54.5
    endloop
  endfacet
  facet normal 0 0 -1
    outer loop
      vertex 4.88734 22.0845 54.5
      vertex 4.25025 23.0772 54.5
      vertex 4.78258 22.4058 54.5
    endloop
  endfacet
  facet normal 0 0 -1
    outer loop
      vertex 4.78258 22.4058 54.5
      vertex 4.25025 23.0772 54.5
      vertex 4.64886 22.6812 54.5
    endloop
  endfacet
  facet normal 0 0 -1
    outer loop
      vertex 4.64886 22.6812 54.5
      vertex 4.25025 23.0772 54.5
      vertex 4.64471 22.6884 54.5
    endloop
  endfacet
  facet normal 0 0 -1
    outer loop
      vertex 4.64471 22.6884 54.5
      vertex 4.25025 23.0772 54.5
      vertex 4.48872 22.903 54.5
    endloop
  endfacet
  facet normal 0 0 -1
    outer loop
      vertex 4.48872 22.903 54.5
      vertex 4.25025 23.0772 54.5
      vertex 4.48537 22.9068 54.5
    endloop
  endfacet
  facet normal 0 0 -1
    outer loop
      vertex 4.48537 22.9068 54.5
      vertex 4.25025 23.0772 54.5
      vertex 4.31423 23.0503 54.5
    endloop
  endfacet
  facet normal 0 0 -1
    outer loop
      vertex 4.31423 23.0503 54.5
      vertex 4.25025 23.0772 54.5
      vertex 4.31314 23.0511 54.5
    endloop
  endfacet
  facet normal 0 0 -1
    outer loop
      vertex 4.31314 23.0511 54.5
      vertex 4.25025 23.0772 54.5
      vertex 4.26246 23.0764 54.5
    endloop
  endfacet
  facet normal -0 -0 -1
    outer loop
      vertex 4.25991 23.0772 54.5
      vertex 4.26246 23.0764 54.5
      vertex 4.25025 23.0772 54.5
    endloop
  endfacet
  facet normal 0 0 -1
    outer loop
      vertex 4.26246 23.0764 54.5
      vertex 4.25991 23.0772 54.5
      vertex 4.26123 23.077 54.5
    endloop
  endfacet
  facet normal 0 0 -1
    outer loop
      vertex 5.00237 -19.3327 54.5
      vertex 5.44517 -14.3258 54.5
      vertex 5.44437 -14.6156 54.5
    endloop
  endfacet
  facet normal -0 0 -1
    outer loop
      vertex 5.44517 -14.3258 54.5
      vertex 5.00237 -19.3327 54.5
      vertex 5.44517 9.90133 54.5
    endloop
  endfacet
  facet normal 0 0 -1
    outer loop
      vertex 5.00237 -19.3327 54.5
      vertex 5.44437 -14.6156 54.5
      vertex 5.44364 -14.877 54.5
    endloop
  endfacet
  facet normal 0 0 -1
    outer loop
      vertex 5.00237 16.5489 54.5
      vertex 5.44517 9.90133 54.5
      vertex 5.00237 -19.3327 54.5
    endloop
  endfacet
  facet normal 0 0 -1
    outer loop
      vertex 5.00237 -19.3327 54.5
      vertex 5.44364 -14.877 54.5
      vertex 5.44339 -14.9224 54.5
    endloop
  endfacet
  facet normal 0 0 -1
    outer loop
      vertex 5.44517 9.90133 54.5
      vertex 5.00237 16.5489 54.5
      vertex 5.44437 10.1941 54.5
    endloop
  endfacet
  facet normal 0 0 -1
    outer loop
      vertex 5.00237 -19.3327 54.5
      vertex 5.44339 -14.9224 54.5
      vertex 5.44125 -15.1802 54.5
    endloop
  endfacet
  facet normal 0 0 -1
    outer loop
      vertex 5.44437 10.1941 54.5
      vertex 5.00237 16.5489 54.5
      vertex 5.44364 10.4581 54.5
    endloop
  endfacet
  facet normal 0 0 -1
    outer loop
      vertex 5.00237 -19.3327 54.5
      vertex 5.44125 -15.1802 54.5
      vertex 5.4389 -15.4647 54.5
    endloop
  endfacet
  facet normal 0 0 -1
    outer loop
      vertex 5.44364 10.4581 54.5
      vertex 5.00237 16.5489 54.5
      vertex 5.44339 10.5045 54.5
    endloop
  endfacet
  facet normal 0 0 -1
    outer loop
      vertex 5.00237 -19.3327 54.5
      vertex 5.4389 -15.4647 54.5
      vertex 5.43839 -15.5098 54.5
    endloop
  endfacet
  facet normal 0 0 -1
    outer loop
      vertex 5.44339 10.5045 54.5
      vertex 5.00237 16.5489 54.5
      vertex 5.44125 10.7703 54.5
    endloop
  endfacet
  facet normal 0 0 -1
    outer loop
      vertex 5.00237 -19.3327 54.5
      vertex 5.43839 -15.5098 54.5
      vertex 5.43496 -15.7515 54.5
    endloop
  endfacet
  facet normal 0 0 -1
    outer loop
      vertex 5.44125 10.7703 54.5
      vertex 5.00237 16.5489 54.5
      vertex 5.4389 11.0634 54.5
    endloop
  endfacet
  facet normal 0 0 -1
    outer loop
      vertex 5.00237 -19.3327 54.5
      vertex 5.43496 -15.7515 54.5
      vertex 5.43117 -16.0174 54.5
    endloop
  endfacet
  facet normal 0 0 -1
    outer loop
      vertex 5.4389 11.0634 54.5
      vertex 5.00237 16.5489 54.5
      vertex 5.43839 11.1104 54.5
    endloop
  endfacet
  facet normal 0 0 -1
    outer loop
      vertex 5.00237 -19.3327 54.5
      vertex 5.43117 -16.0174 54.5
      vertex 5.43041 -16.0608 54.5
    endloop
  endfacet
  facet normal 0 0 -1
    outer loop
      vertex 5.43839 11.1104 54.5
      vertex 5.00237 16.5489 54.5
      vertex 5.43496 11.3648 54.5
    endloop
  endfacet
  facet normal 0 0 -1
    outer loop
      vertex 5.00237 -19.3327 54.5
      vertex 5.43041 -16.0608 54.5
      vertex 5.42537 -16.2979 54.5
    endloop
  endfacet
  facet normal 0 0 -1
    outer loop
      vertex 5.43496 11.3648 54.5
      vertex 5.00237 16.5489 54.5
      vertex 5.43117 11.6448 54.5
    endloop
  endfacet
  facet normal 0 0 -1
    outer loop
      vertex 5.00237 -19.3327 54.5
      vertex 5.42537 -16.2979 54.5
      vertex 5.42085 -16.5102 54.5
    endloop
  endfacet
  facet normal 0 0 -1
    outer loop
      vertex 5.43117 11.6448 54.5
      vertex 5.00237 16.5489 54.5
      vertex 5.43041 11.691 54.5
    endloop
  endfacet
  facet normal 0 0 -1
    outer loop
      vertex 5.00237 -19.3327 54.5
      vertex 5.42085 -16.5102 54.5
      vertex 5.41983 -16.5501 54.5
    endloop
  endfacet
  facet normal 0 0 -1
    outer loop
      vertex 5.43041 11.691 54.5
      vertex 5.00237 16.5489 54.5
      vertex 5.42537 11.9467 54.5
    endloop
  endfacet
  facet normal 0 0 -1
    outer loop
      vertex 5.00237 -19.3327 54.5
      vertex 5.41983 -16.5501 54.5
      vertex 5.41381 -16.7461 54.5
    endloop
  endfacet
  facet normal 0 0 -1
    outer loop
      vertex 5.42537 11.9467 54.5
      vertex 5.00237 16.5489 54.5
      vertex 5.42085 12.1759 54.5
    endloop
  endfacet
  facet normal 0 0 -1
    outer loop
      vertex 5.00237 -19.3327 54.5
      vertex 5.41381 -16.7461 54.5
      vertex 5.40842 -16.9215 54.5
    endloop
  endfacet
  facet normal 0 0 -1
    outer loop
      vertex 5.42085 12.1759 54.5
      vertex 5.00237 16.5489 54.5
      vertex 5.41983 12.2195 54.5
    endloop
  endfacet
  facet normal 0 0 -1
    outer loop
      vertex 5.00237 -19.3327 54.5
      vertex 5.40842 -16.9215 54.5
      vertex 5.40715 -16.9556 54.5
    endloop
  endfacet
  facet normal 0 0 -1
    outer loop
      vertex 5.41983 12.2195 54.5
      vertex 5.00237 16.5489 54.5
      vertex 5.41381 12.4379 54.5
    endloop
  endfacet
  facet normal 0 0 -1
    outer loop
      vertex 5.00237 -19.3327 54.5
      vertex 5.40715 -16.9556 54.5
      vertex 5.4011 -17.0884 54.5
    endloop
  endfacet
  facet normal 0 0 -1
    outer loop
      vertex 5.41381 12.4379 54.5
      vertex 5.00237 16.5489 54.5
      vertex 5.40842 12.6332 54.5
    endloop
  endfacet
  facet normal 0 0 -1
    outer loop
      vertex 5.38592 -17.3521 54.5
      vertex 5.4011 -17.0884 54.5
      vertex 5.39446 -17.2338 54.5
    endloop
  endfacet
  facet normal 0 0 -1
    outer loop
      vertex 5.40842 12.6332 54.5
      vertex 5.00237 16.5489 54.5
      vertex 5.40715 12.6719 54.5
    endloop
  endfacet
  facet normal 0 0 -1
    outer loop
      vertex 5.38592 -17.3521 54.5
      vertex 5.39446 -17.2338 54.5
      vertex 5.39298 -17.2596 54.5
    endloop
  endfacet
  facet normal 0 0 -1
    outer loop
      vertex 5.40715 12.6719 54.5
      vertex 5.00237 16.5489 54.5
      vertex 5.4011 12.8272 54.5
    endloop
  endfacet
  facet normal 0 0 -1
    outer loop
      vertex 5.4011 -17.0884 54.5
      vertex 5.38592 -17.3521 54.5
      vertex 5.00237 -19.3327 54.5
    endloop
  endfacet
  facet normal 0 0 -1
    outer loop
      vertex 5.4011 12.8272 54.5
      vertex 5.00237 16.5489 54.5
      vertex 5.39446 12.9972 54.5
    endloop
  endfacet
  facet normal 0 0 -1
    outer loop
      vertex 5.37796 -17.4496 54.5
      vertex 5.38592 -17.3521 54.5
      vertex 5.37962 -17.4347 54.5
    endloop
  endfacet
  facet normal 0 0 -1
    outer loop
      vertex 5.39446 12.9972 54.5
      vertex 5.00237 16.5489 54.5
      vertex 5.39298 13.0285 54.5
    endloop
  endfacet
  facet normal 0 0 -1
    outer loop
      vertex 5.38592 -17.3521 54.5
      vertex 5.37796 -17.4496 54.5
      vertex 5.00237 -19.3327 54.5
    endloop
  endfacet
  facet normal 0 0 -1
    outer loop
      vertex 5.39298 13.0285 54.5
      vertex 5.00237 16.5489 54.5
      vertex 5.38592 13.1471 54.5
    endloop
  endfacet
  facet normal -0 -0 -1
    outer loop
      vertex 5.37796 13.2741 54.5
      vertex 5.38592 13.1471 54.5
      vertex 5.00237 16.5489 54.5
    endloop
  endfacet
  facet normal 0 0 -1
    outer loop
      vertex 5.38592 13.1471 54.5
      vertex 5.37796 13.2741 54.5
      vertex 5.37962 13.253 54.5
    endloop
  endfacet
  facet normal 0 0.978214 -0.207601
    outer loop
      vertex 4.25025 -20.4945 53.6045
      vertex 5.32893 -20.4511 53.809
      vertex 5.42557 -20.4945 53.6045
    endloop
  endfacet
  facet normal 0 0.978214 -0.207601
    outer loop
      vertex 5.32893 -20.4511 53.809
      vertex 4.25025 -20.4945 53.6045
      vertex 4.25025 -20.4511 53.809
    endloop
  endfacet
  facet normal 0 1 0
    outer loop
      vertex 24.5196 -20.4945 9.5
      vertex 24.8901 -20.4945 8.39547
      vertex 8.15025 -20.4945 9.5
    endloop
  endfacet
  facet normal 0 1 0
    outer loop
      vertex 8.15025 -20.4945 47.8392
      vertex 4.25025 -20.4945 53.6045
      vertex 5.42557 -20.4945 53.6045
    endloop
  endfacet
  facet normal 0 1 0
    outer loop
      vertex 4.25025 -20.4945 8.39547
      vertex 8.15025 -20.4945 47.8392
      vertex 8.15025 -20.4945 9.5
    endloop
  endfacet
  facet normal 0 1 0
    outer loop
      vertex 8.15025 -20.4945 47.8392
      vertex 4.25025 -20.4945 8.39547
      vertex 4.25025 -20.4945 53.6045
    endloop
  endfacet
  facet normal 0 1 0
    outer loop
      vertex 4.25025 -20.4945 8.39547
      vertex 8.15025 -20.4945 9.5
      vertex 24.8901 -20.4945 8.39547
    endloop
  endfacet
  facet normal 0.00281503 0.306359 0.951912
    outer loop
      vertex 26.4752 -19.7079 7.52185
      vertex 26.3623 -19.8126 7.55588
      vertex 26.3844 -19.7959 7.55044
    endloop
  endfacet
  facet normal -0.000114198 0.309218 0.950991
    outer loop
      vertex 26.4752 -19.7079 7.52185
      vertex 26.2213 -19.9067 7.58646
      vertex 26.3623 -19.8126 7.55588
    endloop
  endfacet
  facet normal -0 0.309086 0.951034
    outer loop
      vertex 4.25025 -19.7079 7.52185
      vertex 26.2213 -19.9067 7.58646
      vertex 26.4752 -19.7079 7.52185
    endloop
  endfacet
  facet normal 0 0.309086 0.951034
    outer loop
      vertex 26.2213 -19.9067 7.58646
      vertex 4.25025 -19.7079 7.52185
      vertex 4.25025 -19.9067 7.58646
    endloop
  endfacet
  facet normal -0 0.499863 0.866104
    outer loop
      vertex 4.25025 -19.9067 7.58646
      vertex 25.933 -20.0878 7.69098
      vertex 26.2213 -19.9067 7.58646
    endloop
  endfacet
  facet normal 0 0.499863 0.866104
    outer loop
      vertex 25.933 -20.0878 7.69098
      vertex 4.25025 -19.9067 7.58646
      vertex 4.25025 -20.0878 7.69098
    endloop
  endfacet
  facet normal 0 -1 0
    outer loop
      vertex 4.25025 24.4945 43.7058
      vertex 5.09475 24.4945 43.5293
      vertex 4.97409 24.4945 43.7058
    endloop
  endfacet
  facet normal 0 -1 0
    outer loop
      vertex 4.25025 24.4945 43.7058
      vertex 5.22737 24.4945 43.1672
      vertex 5.09475 24.4945 43.5293
    endloop
  endfacet
  facet normal 0 -1 0
    outer loop
      vertex 4.25025 24.4945 43.7058
      vertex 8.15025 24.4945 34.4528
      vertex 5.22737 24.4945 43.1672
    endloop
  endfacet
  facet normal 0 -1 0
    outer loop
      vertex 4.25025 24.4945 8.39547
      vertex 8.15025 24.4945 34.4528
      vertex 4.25025 24.4945 43.7058
    endloop
  endfacet
  facet normal 0 -1 -0
    outer loop
      vertex 8.15025 24.4945 34.4528
      vertex 4.25025 24.4945 8.39547
      vertex 8.15025 24.4945 9.5
    endloop
  endfacet
  facet normal 0 -1 0
    outer loop
      vertex 8.25 24.4945 8.39547
      vertex 8.15025 24.4945 9.5
      vertex 4.25025 24.4945 8.39547
    endloop
  endfacet
  facet normal 0 -1 0
    outer loop
      vertex 8.15025 24.4945 9.5
      vertex 8.25 24.4945 8.39547
      vertex 8.25 24.4945 9.5
    endloop
  endfacet
  facet normal 0 -1 0
    outer loop
      vertex 16.25 24.4945 8.39547
      vertex 16.5196 24.4945 9.5
      vertex 16.25 24.4945 9.5
    endloop
  endfacet
  facet normal 0 -1 -0
    outer loop
      vertex 16.5196 24.4945 9.5
      vertex 16.25 24.4945 8.39547
      vertex 16.8901 24.4945 8.39547
    endloop
  endfacet
  facet normal 0 -0.309086 0.951034
    outer loop
      vertex 16.25 23.7079 7.52185
      vertex 18.337 23.9067 7.58646
      vertex 16.25 23.9067 7.58646
    endloop
  endfacet
  facet normal 0 -0.309086 0.951034
    outer loop
      vertex 18.337 23.9067 7.58646
      vertex 16.25 23.7079 7.52185
      vertex 18.7563 23.7079 7.52185
    endloop
  endfacet
  facet normal 0 -0.309086 0.951034
    outer loop
      vertex 4.25025 23.9067 7.58646
      vertex 8.25 23.7079 7.52185
      vertex 8.25 23.9067 7.58646
    endloop
  endfacet
  facet normal 0 -0.309086 0.951034
    outer loop
      vertex 8.25 23.7079 7.52185
      vertex 4.25025 23.9067 7.58646
      vertex 4.25025 23.7079 7.52185
    endloop
  endfacet
  facet normal 0 -0.808972 0.587847
    outer loop
      vertex 16.25 24.2431 7.83087
      vertex 17.2797 24.366 8
      vertex 16.25 24.366 8
    endloop
  endfacet
  facet normal 0 -0.808972 0.587847
    outer loop
      vertex 17.2797 24.366 8
      vertex 16.25 24.2431 7.83087
      vertex 17.5822 24.2431 7.83087
    endloop
  endfacet
  facet normal 0 -0.808972 0.587847
    outer loop
      vertex 4.25025 24.2431 7.83087
      vertex 8.25 24.366 8
      vertex 4.25025 24.366 8
    endloop
  endfacet
  facet normal 0 -0.808972 0.587847
    outer loop
      vertex 8.25 24.366 8
      vertex 4.25025 24.2431 7.83087
      vertex 8.25 24.2431 7.83087
    endloop
  endfacet
  facet normal 0.00224302 0.666478 0.745521
    outer loop
      vertex 25.933 -20.0878 7.69098
      vertex 25.5822 -20.2431 7.83087
      vertex 25.9129 -20.0995 7.7015
    endloop
  endfacet
  facet normal -0 0.669282 0.743009
    outer loop
      vertex 4.25025 -20.0878 7.69098
      vertex 25.5822 -20.2431 7.83087
      vertex 25.933 -20.0878 7.69098
    endloop
  endfacet
  facet normal 0 0.669282 0.743009
    outer loop
      vertex 25.5822 -20.2431 7.83087
      vertex 4.25025 -20.0878 7.69098
      vertex 4.25025 -20.2431 7.83087
    endloop
  endfacet
  facet normal -0 0.808972 0.587847
    outer loop
      vertex 4.25025 -20.2431 7.83087
      vertex 25.2797 -20.366 8
      vertex 25.5822 -20.2431 7.83087
    endloop
  endfacet
  facet normal 0 0.808972 0.587847
    outer loop
      vertex 25.2797 -20.366 8
      vertex 4.25025 -20.2431 7.83087
      vertex 4.25025 -20.366 8
    endloop
  endfacet
  facet normal 0 -0.669282 0.743009
    outer loop
      vertex 16.25 24.0878 7.69098
      vertex 17.5822 24.2431 7.83087
      vertex 16.25 24.2431 7.83087
    endloop
  endfacet
  facet normal 0 -0.669282 0.743009
    outer loop
      vertex 17.5822 24.2431 7.83087
      vertex 16.25 24.0878 7.69098
      vertex 17.9398 24.0878 7.69098
    endloop
  endfacet
  facet normal 0 -0.669282 0.743009
    outer loop
      vertex 4.25025 24.2431 7.83087
      vertex 8.25 24.0878 7.69098
      vertex 8.25 24.2431 7.83087
    endloop
  endfacet
  facet normal 0 -0.669282 0.743009
    outer loop
      vertex 8.25 24.0878 7.69098
      vertex 4.25025 24.2431 7.83087
      vertex 4.25025 24.0878 7.69098
    endloop
  endfacet
  facet normal 0 -0.978211 0.207611
    outer loop
      vertex 4.25025 24.4511 8.19098
      vertex 8.25 24.4945 8.39547
      vertex 4.25025 24.4945 8.39547
    endloop
  endfacet
  facet normal 0 -0.978211 0.207611
    outer loop
      vertex 8.25 24.4945 8.39547
      vertex 4.25025 24.4511 8.19098
      vertex 8.25 24.4511 8.19098
    endloop
  endfacet
  facet normal 0 -0.978211 0.207611
    outer loop
      vertex 16.25 24.4511 8.19098
      vertex 16.8901 24.4945 8.39547
      vertex 16.25 24.4945 8.39547
    endloop
  endfacet
  facet normal 0 -0.978211 0.207611
    outer loop
      vertex 16.8901 24.4945 8.39547
      vertex 16.25 24.4511 8.19098
      vertex 17.0456 24.4511 8.19098
    endloop
  endfacet
  facet normal -0 0.978211 0.207611
    outer loop
      vertex 4.25025 -20.4511 8.19098
      vertex 24.8901 -20.4945 8.39547
      vertex 25.0456 -20.4511 8.19098
    endloop
  endfacet
  facet normal 0 0.978211 0.207611
    outer loop
      vertex 24.8901 -20.4945 8.39547
      vertex 4.25025 -20.4511 8.19098
      vertex 4.25025 -20.4945 8.39547
    endloop
  endfacet
  facet normal -0 0.913421 0.407017
    outer loop
      vertex 4.25025 -20.366 8
      vertex 25.0456 -20.4511 8.19098
      vertex 25.2797 -20.366 8
    endloop
  endfacet
  facet normal 0 0.913421 0.407017
    outer loop
      vertex 25.0456 -20.4511 8.19098
      vertex 4.25025 -20.366 8
      vertex 4.25025 -20.4511 8.19098
    endloop
  endfacet
  facet normal 1 -0 0
    outer loop
      vertex 4.25025 -14.575 46.8979
      vertex 4.25025 -10.9217 40.9351
      vertex 4.25025 -14.2621 47.1252
    endloop
  endfacet
  facet normal 1 0 0
    outer loop
      vertex 4.25025 -13.5 33
      vertex 4.25025 -13.6904 17.8846
      vertex 4.25025 -13.65 17.5
    endloop
  endfacet
  facet normal 1 -0 0
    outer loop
      vertex 4.25025 -14.9283 46.7405
      vertex 4.25025 -10.9217 40.9351
      vertex 4.25025 -14.575 46.8979
    endloop
  endfacet
  facet normal 1 0 0
    outer loop
      vertex 4.25025 -13.5 33
      vertex 4.25025 -13.8099 18.2525
      vertex 4.25025 -13.6904 17.8846
    endloop
  endfacet
  facet normal 1 -0 0
    outer loop
      vertex 4.25025 -15.3066 46.6601
      vertex 4.25025 -10.9217 40.9351
      vertex 4.25025 -14.9283 46.7405
    endloop
  endfacet
  facet normal 1 0 0
    outer loop
      vertex 4.25025 -13.5 33
      vertex 4.25025 -14.0033 18.5874
      vertex 4.25025 -13.8099 18.2525
    endloop
  endfacet
  facet normal 1 0 0
    outer loop
      vertex 4.25025 -10.9217 40.9351
      vertex 4.25025 -15.3066 46.6601
      vertex 4.25025 -12.3329 38.4909
    endloop
  endfacet
  facet normal 1 0 0
    outer loop
      vertex 4.25025 -13.5 33
      vertex 4.25025 -14.2621 18.8748
      vertex 4.25025 -14.0033 18.5874
    endloop
  endfacet
  facet normal 1 -0 0
    outer loop
      vertex 4.25025 -15.6934 46.6601
      vertex 4.25025 -12.3329 38.4909
      vertex 4.25025 -15.3066 46.6601
    endloop
  endfacet
  facet normal 1 0 0
    outer loop
      vertex 4.25025 -13.5 33
      vertex 4.25025 -14.575 19.1021
      vertex 4.25025 -14.2621 18.8748
    endloop
  endfacet
  facet normal 1 0 0
    outer loop
      vertex 4.25025 -16.0717 46.7405
      vertex 4.25025 -12.3329 38.4909
      vertex 4.25025 -15.6934 46.6601
    endloop
  endfacet
  facet normal 1 0 0
    outer loop
      vertex 4.25025 -13.5 33
      vertex 4.25025 -14.9283 19.2595
      vertex 4.25025 -14.575 19.1021
    endloop
  endfacet
  facet normal 1 0 0
    outer loop
      vertex 4.25025 -16.425 46.8979
      vertex 4.25025 -12.3329 38.4909
      vertex 4.25025 -16.0717 46.7405
    endloop
  endfacet
  facet normal 1 0 0
    outer loop
      vertex 4.25025 -13.5 33
      vertex 4.25025 -15.3066 19.3399
      vertex 4.25025 -14.9283 19.2595
    endloop
  endfacet
  facet normal 1 0 0
    outer loop
      vertex 4.25025 -12.3329 38.4909
      vertex 4.25025 -16.425 46.8979
      vertex 4.25025 -13.205 35.8068
    endloop
  endfacet
  facet normal 1 0 0
    outer loop
      vertex 4.25025 -13.5 33
      vertex 4.25025 -15.6934 19.3399
      vertex 4.25025 -15.3066 19.3399
    endloop
  endfacet
  facet normal 1 0 0
    outer loop
      vertex 4.25025 -16.7379 47.1252
      vertex 4.25025 -13.205 35.8068
      vertex 4.25025 -16.425 46.8979
    endloop
  endfacet
  facet normal 1 0 0
    outer loop
      vertex 4.25025 -13.5 33
      vertex 4.25025 -16.0717 19.2595
      vertex 4.25025 -15.6934 19.3399
    endloop
  endfacet
  facet normal 1 0 0
    outer loop
      vertex 4.25025 -16.9967 47.4126
      vertex 4.25025 -13.205 35.8068
      vertex 4.25025 -16.7379 47.1252
    endloop
  endfacet
  facet normal 1 0 0
    outer loop
      vertex 4.25025 -13.5 33
      vertex 4.25025 -16.425 19.1021
      vertex 4.25025 -16.0717 19.2595
    endloop
  endfacet
  facet normal 1 0 0
    outer loop
      vertex 4.25025 -13.205 35.8068
      vertex 4.25025 -16.9967 47.4126
      vertex 4.25025 -13.5 33
    endloop
  endfacet
  facet normal 1 0 0
    outer loop
      vertex 4.25025 -13.5 33
      vertex 4.25025 -16.7379 18.8748
      vertex 4.25025 -16.425 19.1021
    endloop
  endfacet
  facet normal 1 0 0
    outer loop
      vertex 4.25025 -17.1901 47.7475
      vertex 4.25025 -13.5 33
      vertex 4.25025 -16.9967 47.4126
    endloop
  endfacet
  facet normal 1 0 0
    outer loop
      vertex 4.25025 -13.5 33
      vertex 4.25025 -16.9967 18.5874
      vertex 4.25025 -16.7379 18.8748
    endloop
  endfacet
  facet normal 1 0 0
    outer loop
      vertex 4.25025 -17.1901 18.2525
      vertex 4.25025 -13.5 33
      vertex 4.25025 -17.1901 47.7475
    endloop
  endfacet
  facet normal 1 0 0
    outer loop
      vertex 4.25025 -13.5 33
      vertex 4.25025 -17.1901 18.2525
      vertex 4.25025 -16.9967 18.5874
    endloop
  endfacet
  facet normal 1 0 0
    outer loop
      vertex 4.25025 -20.4945 53.6045
      vertex 4.25025 -17.1901 47.7475
      vertex 4.25025 -17.3096 48.1154
    endloop
  endfacet
  facet normal 1 0 0
    outer loop
      vertex 4.25025 -17.1901 47.7475
      vertex 4.25025 -20.4945 53.6045
      vertex 4.25025 -17.1901 18.2525
    endloop
  endfacet
  facet normal 1 0 0
    outer loop
      vertex 4.25025 -20.4945 53.6045
      vertex 4.25025 -17.3096 48.1154
      vertex 4.25025 -17.35 48.5
    endloop
  endfacet
  facet normal 1 0 0
    outer loop
      vertex 4.25025 -17.1901 18.2525
      vertex 4.25025 -20.4945 53.6045
      vertex 4.25025 -17.3096 17.8846
    endloop
  endfacet
  facet normal 1 -0 0
    outer loop
      vertex 4.25025 17.1901 47.7475
      vertex 4.25025 24.4945 43.7058
      vertex 4.25025 17.3096 48.1154
    endloop
  endfacet
  facet normal 1 0 0
    outer loop
      vertex 4.25025 24.4945 43.7058
      vertex 4.25025 17.3096 17.8846
      vertex 4.25025 17.35 17.5
    endloop
  endfacet
  facet normal 1 -0 0
    outer loop
      vertex 4.25025 16.9967 47.4126
      vertex 4.25025 24.4945 43.7058
      vertex 4.25025 17.1901 47.7475
    endloop
  endfacet
  facet normal 1 0 0
    outer loop
      vertex 4.25025 24.4945 43.7058
      vertex 4.25025 17.1901 18.2525
      vertex 4.25025 17.3096 17.8846
    endloop
  endfacet
  facet normal 1 -0 0
    outer loop
      vertex 4.25025 16.7379 47.1252
      vertex 4.25025 24.4945 43.7058
      vertex 4.25025 16.9967 47.4126
    endloop
  endfacet
  facet normal 1 0 0
    outer loop
      vertex 4.25025 13.205 30.1932
      vertex 4.25025 24.4945 43.7058
      vertex 4.25025 13.5 33
    endloop
  endfacet
  facet normal 1 -0 0
    outer loop
      vertex 4.25025 16.425 46.8979
      vertex 4.25025 24.4945 43.7058
      vertex 4.25025 16.7379 47.1252
    endloop
  endfacet
  facet normal 1 0 0
    outer loop
      vertex 4.25025 24.4945 43.7058
      vertex 4.25025 16.9967 18.5874
      vertex 4.25025 17.1901 18.2525
    endloop
  endfacet
  facet normal 1 -0 0
    outer loop
      vertex 4.25025 16.0717 46.7405
      vertex 4.25025 24.4945 43.7058
      vertex 4.25025 16.425 46.8979
    endloop
  endfacet
  facet normal 1 0 0
    outer loop
      vertex 4.25025 24.4945 43.7058
      vertex 4.25025 13.205 30.1932
      vertex 4.25025 16.9967 18.5874
    endloop
  endfacet
  facet normal 1 0 0
    outer loop
      vertex 4.25025 24.4945 43.7058
      vertex 4.25025 16.0717 46.7405
      vertex 4.25025 12.3329 38.4909
    endloop
  endfacet
  facet normal 1 0 0
    outer loop
      vertex 4.25025 16.9967 18.5874
      vertex 4.25025 13.205 30.1932
      vertex 4.25025 16.7379 18.8748
    endloop
  endfacet
  facet normal 1 0 0
    outer loop
      vertex 4.25025 12.3329 38.4909
      vertex 4.25025 16.0717 46.7405
      vertex 4.25025 15.6934 46.6601
    endloop
  endfacet
  facet normal 1 0 0
    outer loop
      vertex 4.25025 16.7379 18.8748
      vertex 4.25025 13.205 30.1932
      vertex 4.25025 16.425 19.1021
    endloop
  endfacet
  facet normal 1 0 0
    outer loop
      vertex 4.25025 12.3329 38.4909
      vertex 4.25025 15.6934 46.6601
      vertex 4.25025 15.3066 46.6601
    endloop
  endfacet
  facet normal 1 -0 0
    outer loop
      vertex 4.25025 12.3329 27.5091
      vertex 4.25025 16.425 19.1021
      vertex 4.25025 13.205 30.1932
    endloop
  endfacet
  facet normal 1 0 0
    outer loop
      vertex 4.25025 10.9217 40.9351
      vertex 4.25025 15.3066 46.6601
      vertex 4.25025 14.9283 46.7405
    endloop
  endfacet
  facet normal 1 0 0
    outer loop
      vertex 4.25025 16.425 19.1021
      vertex 4.25025 12.3329 27.5091
      vertex 4.25025 16.0717 19.2595
    endloop
  endfacet
  facet normal 1 0 0
    outer loop
      vertex 4.25025 10.9217 40.9351
      vertex 4.25025 14.9283 46.7405
      vertex 4.25025 14.575 46.8979
    endloop
  endfacet
  facet normal 1 0 0
    outer loop
      vertex 4.25025 16.0717 19.2595
      vertex 4.25025 12.3329 27.5091
      vertex 4.25025 15.6934 19.3399
    endloop
  endfacet
  facet normal 1 0 0
    outer loop
      vertex 4.25025 10.9217 40.9351
      vertex 4.25025 14.575 46.8979
      vertex 4.25025 14.2621 47.1252
    endloop
  endfacet
  facet normal 1 0 0
    outer loop
      vertex 4.25025 15.6934 19.3399
      vertex 4.25025 12.3329 27.5091
      vertex 4.25025 15.3066 19.3399
    endloop
  endfacet
  facet normal 1 0 0
    outer loop
      vertex 4.25025 9.03326 43.0325
      vertex 4.25025 14.2621 47.1252
      vertex 4.25025 14.0033 47.4126
    endloop
  endfacet
  facet normal 1 -0 0
    outer loop
      vertex 4.25025 10.9217 25.0649
      vertex 4.25025 15.3066 19.3399
      vertex 4.25025 12.3329 27.5091
    endloop
  endfacet
  facet normal 1 0 0
    outer loop
      vertex 4.25025 9.03326 43.0325
      vertex 4.25025 14.0033 47.4126
      vertex 4.25025 13.8099 47.7475
    endloop
  endfacet
  facet normal 1 0 0
    outer loop
      vertex 4.25025 15.3066 19.3399
      vertex 4.25025 10.9217 25.0649
      vertex 4.25025 14.9283 19.2595
    endloop
  endfacet
  facet normal 1 0 0
    outer loop
      vertex 4.25025 9.03326 43.0325
      vertex 4.25025 13.8099 47.7475
      vertex 4.25025 13.6904 48.1154
    endloop
  endfacet
  facet normal 1 0 0
    outer loop
      vertex 4.25025 14.9283 19.2595
      vertex 4.25025 10.9217 25.0649
      vertex 4.25025 14.575 19.1021
    endloop
  endfacet
  facet normal 1 0 0
    outer loop
      vertex 4.25025 6.75 44.6913
      vertex 4.25025 13.6904 48.1154
      vertex 4.25025 13.65 48.5
    endloop
  endfacet
  facet normal 1 0 0
    outer loop
      vertex 4.25025 14.575 19.1021
      vertex 4.25025 10.9217 25.0649
      vertex 4.25025 14.2621 18.8748
    endloop
  endfacet
  facet normal 1 0 0
    outer loop
      vertex 4.25025 23.0772 54.5
      vertex 4.25025 17.3096 48.8846
      vertex 4.25025 17.35 48.5
    endloop
  endfacet
  facet normal 1 0 0
    outer loop
      vertex 4.25025 23.0772 54.5
      vertex 4.25025 17.1901 49.2525
      vertex 4.25025 17.3096 48.8846
    endloop
  endfacet
  facet normal 1 0 0
    outer loop
      vertex 4.25025 23.0772 54.5
      vertex 4.25025 16.9967 49.5874
      vertex 4.25025 17.1901 49.2525
    endloop
  endfacet
  facet normal 1 0 0
    outer loop
      vertex 4.25025 23.0772 54.5
      vertex 4.25025 16.7379 49.8748
      vertex 4.25025 16.9967 49.5874
    endloop
  endfacet
  facet normal 1 0 0
    outer loop
      vertex 4.25025 23.0772 54.5
      vertex 4.25025 16.425 50.1021
      vertex 4.25025 16.7379 49.8748
    endloop
  endfacet
  facet normal 1 0 0
    outer loop
      vertex 4.25025 23.0772 54.5
      vertex 4.25025 16.0717 50.2595
      vertex 4.25025 16.425 50.1021
    endloop
  endfacet
  facet normal 1 0 0
    outer loop
      vertex 4.25025 23.0772 54.5
      vertex 4.25025 15.6934 50.3399
      vertex 4.25025 16.0717 50.2595
    endloop
  endfacet
  facet normal 1 0 0
    outer loop
      vertex 4.25025 23.0772 54.5
      vertex 4.25025 15.3066 50.3399
      vertex 4.25025 15.6934 50.3399
    endloop
  endfacet
  facet normal 1 0 0
    outer loop
      vertex 4.25025 23.0772 54.5
      vertex 4.25025 14.9283 50.2595
      vertex 4.25025 15.3066 50.3399
    endloop
  endfacet
  facet normal 1 -0 0
    outer loop
      vertex 4.25025 -19.5 54.5
      vertex 4.25025 14.9283 50.2595
      vertex 4.25025 23.0772 54.5
    endloop
  endfacet
  facet normal 1 -0 0
    outer loop
      vertex 4.25025 9.03326 22.9675
      vertex 4.25025 14.2621 18.8748
      vertex 4.25025 10.9217 25.0649
    endloop
  endfacet
  facet normal 1 0 0
    outer loop
      vertex 4.25025 24.4945 43.7058
      vertex 4.25025 13.205 35.8068
      vertex 4.25025 13.5 33
    endloop
  endfacet
  facet normal 1 0 0
    outer loop
      vertex 4.25025 24.4945 43.7058
      vertex 4.25025 12.3329 38.4909
      vertex 4.25025 13.205 35.8068
    endloop
  endfacet
  facet normal 1 0 0
    outer loop
      vertex 4.25025 6.75 44.6913
      vertex 4.25025 13.65 48.5
      vertex 4.25025 13.6904 48.8846
    endloop
  endfacet
  facet normal 1 0 0
    outer loop
      vertex 4.25025 15.3066 46.6601
      vertex 4.25025 10.9217 40.9351
      vertex 4.25025 12.3329 38.4909
    endloop
  endfacet
  facet normal 1 0 0
    outer loop
      vertex 4.25025 4.17173 45.8393
      vertex 4.25025 13.6904 48.8846
      vertex 4.25025 13.8099 49.2525
    endloop
  endfacet
  facet normal 1 0 0
    outer loop
      vertex 4.25025 14.2621 47.1252
      vertex 4.25025 9.03326 43.0325
      vertex 4.25025 10.9217 40.9351
    endloop
  endfacet
  facet normal 1 0 0
    outer loop
      vertex 4.25025 4.17173 45.8393
      vertex 4.25025 13.8099 49.2525
      vertex 4.25025 14.0033 49.5874
    endloop
  endfacet
  facet normal 1 0 0
    outer loop
      vertex 4.25025 13.6904 48.1154
      vertex 4.25025 6.75 44.6913
      vertex 4.25025 9.03326 43.0325
    endloop
  endfacet
  facet normal 1 0 0
    outer loop
      vertex 4.25025 4.17173 45.8393
      vertex 4.25025 14.0033 49.5874
      vertex 4.25025 14.2621 49.8748
    endloop
  endfacet
  facet normal 1 0 0
    outer loop
      vertex 4.25025 1.41113 46.426
      vertex 4.25025 14.2621 49.8748
      vertex 4.25025 14.575 50.1021
    endloop
  endfacet
  facet normal 1 0 0
    outer loop
      vertex 4.25025 13.6904 48.8846
      vertex 4.25025 4.17173 45.8393
      vertex 4.25025 6.75 44.6913
    endloop
  endfacet
  facet normal 1 0 0
    outer loop
      vertex 4.25025 14.9283 50.2595
      vertex 4.25025 -19.5 54.5
      vertex 4.25025 14.575 50.1021
    endloop
  endfacet
  facet normal 1 0 0
    outer loop
      vertex 4.25025 14.2621 49.8748
      vertex 4.25025 1.41113 46.426
      vertex 4.25025 4.17173 45.8393
    endloop
  endfacet
  facet normal 1 0 0
    outer loop
      vertex 4.25025 14.575 50.1021
      vertex 4.25025 -19.5 54.5
      vertex 4.25025 1.41113 46.426
    endloop
  endfacet
  facet normal 1 0 0
    outer loop
      vertex 4.25025 1.41113 46.426
      vertex 4.25025 -19.5 54.5
      vertex 4.25025 -1.41113 46.426
    endloop
  endfacet
  facet normal 1 -0 0
    outer loop
      vertex 4.25025 -14.2621 47.1252
      vertex 4.25025 -9.03326 43.0325
      vertex 4.25025 -14.0033 47.4126
    endloop
  endfacet
  facet normal 1 -0 0
    outer loop
      vertex 4.25025 -14.0033 47.4126
      vertex 4.25025 -9.03326 43.0325
      vertex 4.25025 -13.8099 47.7475
    endloop
  endfacet
  facet normal 1 -0 0
    outer loop
      vertex 4.25025 -13.8099 47.7475
      vertex 4.25025 -9.03326 43.0325
      vertex 4.25025 -13.6904 48.1154
    endloop
  endfacet
  facet normal 1 0 0
    outer loop
      vertex 4.25025 -6.75 44.6913
      vertex 4.25025 -13.6904 48.1154
      vertex 4.25025 -9.03326 43.0325
    endloop
  endfacet
  facet normal 1 -0 0
    outer loop
      vertex 4.25025 -13.6904 48.1154
      vertex 4.25025 -6.75 44.6913
      vertex 4.25025 -13.65 48.5
    endloop
  endfacet
  facet normal 1 0 0
    outer loop
      vertex 4.25025 -13.6904 48.8846
      vertex 4.25025 -6.75 44.6913
      vertex 4.25025 -4.17173 45.8393
    endloop
  endfacet
  facet normal 1 -0 -0
    outer loop
      vertex 4.25025 -14.575 50.1021
      vertex 4.25025 -1.41113 46.426
      vertex 4.25025 -19.5 54.5
    endloop
  endfacet
  facet normal 1 0 0
    outer loop
      vertex 4.25025 -6.75 44.6913
      vertex 4.25025 -13.6904 48.8846
      vertex 4.25025 -13.65 48.5
    endloop
  endfacet
  facet normal 1 0 0
    outer loop
      vertex 4.25025 -4.17173 45.8393
      vertex 4.25025 -13.8099 49.2525
      vertex 4.25025 -13.6904 48.8846
    endloop
  endfacet
  facet normal 1 0 0
    outer loop
      vertex 4.25025 -4.17173 45.8393
      vertex 4.25025 -14.0033 49.5874
      vertex 4.25025 -13.8099 49.2525
    endloop
  endfacet
  facet normal 1 0 0
    outer loop
      vertex 4.25025 -4.17173 45.8393
      vertex 4.25025 -14.2621 49.8748
      vertex 4.25025 -14.0033 49.5874
    endloop
  endfacet
  facet normal 1 0 0
    outer loop
      vertex 4.25025 -1.41113 46.426
      vertex 4.25025 -14.2621 49.8748
      vertex 4.25025 -4.17173 45.8393
    endloop
  endfacet
  facet normal 1 -0 -0
    outer loop
      vertex 4.25025 -14.2621 49.8748
      vertex 4.25025 -1.41113 46.426
      vertex 4.25025 -14.575 50.1021
    endloop
  endfacet
  facet normal 1 0 0
    outer loop
      vertex 4.25025 -14.575 50.1021
      vertex 4.25025 -19.5 54.5
      vertex 4.25025 -14.9283 50.2595
    endloop
  endfacet
  facet normal 1 0 0
    outer loop
      vertex 4.25025 -14.9283 50.2595
      vertex 4.25025 -19.5 54.5
      vertex 4.25025 -15.3066 50.3399
    endloop
  endfacet
  facet normal 1 0 0
    outer loop
      vertex 4.25025 -17.3096 48.8846
      vertex 4.25025 -20.4945 53.6045
      vertex 4.25025 -17.35 48.5
    endloop
  endfacet
  facet normal 1 0 0
    outer loop
      vertex 4.25025 -17.1901 49.2525
      vertex 4.25025 -20.4945 53.6045
      vertex 4.25025 -17.3096 48.8846
    endloop
  endfacet
  facet normal 1 0 0
    outer loop
      vertex 4.25025 -16.9967 49.5874
      vertex 4.25025 -20.4945 53.6045
      vertex 4.25025 -17.1901 49.2525
    endloop
  endfacet
  facet normal 1 0 0
    outer loop
      vertex 4.25025 -16.7379 49.8748
      vertex 4.25025 -20.4945 53.6045
      vertex 4.25025 -16.9967 49.5874
    endloop
  endfacet
  facet normal 1 -0 0
    outer loop
      vertex 4.25025 -20.4945 53.6045
      vertex 4.25025 -16.7379 49.8748
      vertex 4.25025 -19.5 54.5
    endloop
  endfacet
  facet normal 1 0 0
    outer loop
      vertex 4.25025 -16.425 50.1021
      vertex 4.25025 -19.5 54.5
      vertex 4.25025 -16.7379 49.8748
    endloop
  endfacet
  facet normal 1 0 0
    outer loop
      vertex 4.25025 -16.0717 50.2595
      vertex 4.25025 -19.5 54.5
      vertex 4.25025 -16.425 50.1021
    endloop
  endfacet
  facet normal 1 0 0
    outer loop
      vertex 4.25025 -15.6934 50.3399
      vertex 4.25025 -19.5 54.5
      vertex 4.25025 -16.0717 50.2595
    endloop
  endfacet
  facet normal 1 0 0
    outer loop
      vertex 4.25025 -15.3066 50.3399
      vertex 4.25025 -19.5 54.5
      vertex 4.25025 -15.6934 50.3399
    endloop
  endfacet
  facet normal 1 -0 0
    outer loop
      vertex 4.25025 17.35 17.5
      vertex 4.25025 24.4945 8.39547
      vertex 4.25025 24.4945 43.7058
    endloop
  endfacet
  facet normal 1 -0 0
    outer loop
      vertex 4.25025 17.3096 17.1154
      vertex 4.25025 24.4945 8.39547
      vertex 4.25025 17.35 17.5
    endloop
  endfacet
  facet normal 1 -0 0
    outer loop
      vertex 4.25025 17.1901 16.7475
      vertex 4.25025 24.4945 8.39547
      vertex 4.25025 17.3096 17.1154
    endloop
  endfacet
  facet normal 1 -0 0
    outer loop
      vertex 4.25025 16.9967 16.4126
      vertex 4.25025 24.4945 8.39547
      vertex 4.25025 17.1901 16.7475
    endloop
  endfacet
  facet normal 1 -0 0
    outer loop
      vertex 4.25025 16.7379 16.1252
      vertex 4.25025 24.4945 8.39547
      vertex 4.25025 16.9967 16.4126
    endloop
  endfacet
  facet normal 1 0 -0
    outer loop
      vertex 4.25025 23.5 7.5
      vertex 4.25025 24.4945 8.39547
      vertex 4.25025 16.7379 16.1252
    endloop
  endfacet
  facet normal 1 0 0
    outer loop
      vertex 4.25025 24.4511 8.19098
      vertex 4.25025 23.5 7.5
      vertex 4.25025 24.366 8
    endloop
  endfacet
  facet normal 1 -0 0
    outer loop
      vertex 4.25025 17.35 48.5
      vertex 4.25025 24.4945 43.7058
      vertex 4.25025 23.0772 54.5
    endloop
  endfacet
  facet normal 1 -0 0
    outer loop
      vertex 4.25025 17.3096 48.1154
      vertex 4.25025 24.4945 43.7058
      vertex 4.25025 17.35 48.5
    endloop
  endfacet
  facet normal 1 0 0
    outer loop
      vertex 4.25025 24.366 8
      vertex 4.25025 23.5 7.5
      vertex 4.25025 24.2431 7.83087
    endloop
  endfacet
  facet normal 1 0 0
    outer loop
      vertex 4.25025 24.0878 7.69098
      vertex 4.25025 23.5 7.5
      vertex 4.25025 23.9067 7.58646
    endloop
  endfacet
  facet normal 1 0 0
    outer loop
      vertex 4.25025 23.9067 7.58646
      vertex 4.25025 23.5 7.5
      vertex 4.25025 23.7079 7.52185
    endloop
  endfacet
  facet normal 1 0 0
    outer loop
      vertex 4.25025 24.2431 7.83087
      vertex 4.25025 23.5 7.5
      vertex 4.25025 24.0878 7.69098
    endloop
  endfacet
  facet normal 1 0 0
    outer loop
      vertex 4.25025 24.4945 8.39547
      vertex 4.25025 23.5 7.5
      vertex 4.25025 24.4511 8.19098
    endloop
  endfacet
  facet normal 1 -0 0
    outer loop
      vertex 4.25025 16.425 15.8979
      vertex 4.25025 23.5 7.5
      vertex 4.25025 16.7379 16.1252
    endloop
  endfacet
  facet normal 1 -0 0
    outer loop
      vertex 4.25025 16.0717 15.7405
      vertex 4.25025 23.5 7.5
      vertex 4.25025 16.425 15.8979
    endloop
  endfacet
  facet normal 1 -0 0
    outer loop
      vertex 4.25025 15.6934 15.6601
      vertex 4.25025 23.5 7.5
      vertex 4.25025 16.0717 15.7405
    endloop
  endfacet
  facet normal 1 -0 0
    outer loop
      vertex 4.25025 15.3066 15.6601
      vertex 4.25025 23.5 7.5
      vertex 4.25025 15.6934 15.6601
    endloop
  endfacet
  facet normal 1 0 0
    outer loop
      vertex 4.25025 14.9283 15.7405
      vertex 4.25025 23.5 7.5
      vertex 4.25025 15.3066 15.6601
    endloop
  endfacet
  facet normal 1 0 0
    outer loop
      vertex 4.25025 14.575 15.8979
      vertex 4.25025 23.5 7.5
      vertex 4.25025 14.9283 15.7405
    endloop
  endfacet
  facet normal 1 0 0
    outer loop
      vertex 4.25025 1.41113 19.574
      vertex 4.25025 14.575 15.8979
      vertex 4.25025 14.2621 16.1252
    endloop
  endfacet
  facet normal 1 0 0
    outer loop
      vertex 4.25025 14.2621 18.8748
      vertex 4.25025 9.03326 22.9675
      vertex 4.25025 14.0033 18.5874
    endloop
  endfacet
  facet normal 1 0 0
    outer loop
      vertex 4.25025 14.0033 18.5874
      vertex 4.25025 9.03326 22.9675
      vertex 4.25025 13.8099 18.2525
    endloop
  endfacet
  facet normal 1 0 0
    outer loop
      vertex 4.25025 13.8099 18.2525
      vertex 4.25025 9.03326 22.9675
      vertex 4.25025 13.6904 17.8846
    endloop
  endfacet
  facet normal 1 -0 0
    outer loop
      vertex 4.25025 6.75 21.3087
      vertex 4.25025 13.6904 17.8846
      vertex 4.25025 9.03326 22.9675
    endloop
  endfacet
  facet normal 1 0 0
    outer loop
      vertex 4.25025 13.6904 17.8846
      vertex 4.25025 6.75 21.3087
      vertex 4.25025 13.65 17.5
    endloop
  endfacet
  facet normal 1 0 0
    outer loop
      vertex 4.25025 13.65 17.5
      vertex 4.25025 6.75 21.3087
      vertex 4.25025 13.6904 17.1154
    endloop
  endfacet
  facet normal 1 -0 0
    outer loop
      vertex 4.25025 4.17173 20.1607
      vertex 4.25025 13.6904 17.1154
      vertex 4.25025 6.75 21.3087
    endloop
  endfacet
  facet normal 1 0 0
    outer loop
      vertex 4.25025 13.6904 17.1154
      vertex 4.25025 4.17173 20.1607
      vertex 4.25025 13.8099 16.7475
    endloop
  endfacet
  facet normal 1 0 0
    outer loop
      vertex 4.25025 13.8099 16.7475
      vertex 4.25025 4.17173 20.1607
      vertex 4.25025 14.0033 16.4126
    endloop
  endfacet
  facet normal 1 0 0
    outer loop
      vertex 4.25025 14.0033 16.4126
      vertex 4.25025 4.17173 20.1607
      vertex 4.25025 14.2621 16.1252
    endloop
  endfacet
  facet normal 1 -0 0
    outer loop
      vertex 4.25025 1.41113 19.574
      vertex 4.25025 14.2621 16.1252
      vertex 4.25025 4.17173 20.1607
    endloop
  endfacet
  facet normal 1 0 0
    outer loop
      vertex 4.25025 14.575 15.8979
      vertex 4.25025 1.41113 19.574
      vertex 4.25025 -19.5 7.5
    endloop
  endfacet
  facet normal 1 0 0
    outer loop
      vertex 4.25025 -19.5 7.5
      vertex 4.25025 1.41113 19.574
      vertex 4.25025 -1.41113 19.574
    endloop
  endfacet
  facet normal 1 0 0
    outer loop
      vertex 4.25025 -14.2621 16.1252
      vertex 4.25025 -1.41113 19.574
      vertex 4.25025 -4.17173 20.1607
    endloop
  endfacet
  facet normal 1 0 0
    outer loop
      vertex 4.25025 -13.6904 17.1154
      vertex 4.25025 -4.17173 20.1607
      vertex 4.25025 -6.75 21.3087
    endloop
  endfacet
  facet normal 1 0 0
    outer loop
      vertex 4.25025 -9.03326 43.0325
      vertex 4.25025 -14.2621 47.1252
      vertex 4.25025 -10.9217 40.9351
    endloop
  endfacet
  facet normal 1 0 0
    outer loop
      vertex 4.25025 -13.65 17.5
      vertex 4.25025 -13.205 30.1932
      vertex 4.25025 -13.5 33
    endloop
  endfacet
  facet normal 1 0 0
    outer loop
      vertex 4.25025 -13.65 17.5
      vertex 4.25025 -12.3329 27.5091
      vertex 4.25025 -13.205 30.1932
    endloop
  endfacet
  facet normal 1 0 0
    outer loop
      vertex 4.25025 -13.65 17.5
      vertex 4.25025 -10.9217 25.0649
      vertex 4.25025 -12.3329 27.5091
    endloop
  endfacet
  facet normal 1 0 0
    outer loop
      vertex 4.25025 -13.65 17.5
      vertex 4.25025 -9.03326 22.9675
      vertex 4.25025 -10.9217 25.0649
    endloop
  endfacet
  facet normal 1 0 0
    outer loop
      vertex 4.25025 -13.65 17.5
      vertex 4.25025 -6.75 21.3087
      vertex 4.25025 -9.03326 22.9675
    endloop
  endfacet
  facet normal 1 0 0
    outer loop
      vertex 4.25025 -13.6904 17.1154
      vertex 4.25025 -6.75 21.3087
      vertex 4.25025 -13.65 17.5
    endloop
  endfacet
  facet normal 1 0 0
    outer loop
      vertex 4.25025 -4.17173 20.1607
      vertex 4.25025 -13.6904 17.1154
      vertex 4.25025 -13.8099 16.7475
    endloop
  endfacet
  facet normal 1 0 0
    outer loop
      vertex 4.25025 -4.17173 20.1607
      vertex 4.25025 -13.8099 16.7475
      vertex 4.25025 -14.0033 16.4126
    endloop
  endfacet
  facet normal 1 0 0
    outer loop
      vertex 4.25025 -4.17173 20.1607
      vertex 4.25025 -14.0033 16.4126
      vertex 4.25025 -14.2621 16.1252
    endloop
  endfacet
  facet normal 1 0 0
    outer loop
      vertex 4.25025 -1.41113 19.574
      vertex 4.25025 -14.2621 16.1252
      vertex 4.25025 -19.5 7.5
    endloop
  endfacet
  facet normal 1 0 0
    outer loop
      vertex 4.25025 -19.5 7.5
      vertex 4.25025 -14.2621 16.1252
      vertex 4.25025 -14.575 15.8979
    endloop
  endfacet
  facet normal 1 0 0
    outer loop
      vertex 4.25025 -19.5 7.5
      vertex 4.25025 -14.575 15.8979
      vertex 4.25025 -14.9283 15.7405
    endloop
  endfacet
  facet normal 1 0 0
    outer loop
      vertex 4.25025 -19.5 7.5
      vertex 4.25025 -14.9283 15.7405
      vertex 4.25025 -15.3066 15.6601
    endloop
  endfacet
  facet normal 1 0 0
    outer loop
      vertex 4.25025 -19.5 7.5
      vertex 4.25025 -15.3066 15.6601
      vertex 4.25025 -15.6934 15.6601
    endloop
  endfacet
  facet normal 1 0 0
    outer loop
      vertex 4.25025 14.575 15.8979
      vertex 4.25025 -19.5 7.5
      vertex 4.25025 23.5 7.5
    endloop
  endfacet
  facet normal 1 0 0
    outer loop
      vertex 4.25025 -16.0717 15.7405
      vertex 4.25025 -19.5 7.5
      vertex 4.25025 -15.6934 15.6601
    endloop
  endfacet
  facet normal 1 0 0
    outer loop
      vertex 4.25025 -20.4945 8.39547
      vertex 4.25025 -16.0717 15.7405
      vertex 4.25025 -16.425 15.8979
    endloop
  endfacet
  facet normal 1 0 0
    outer loop
      vertex 4.25025 -20.4945 8.39547
      vertex 4.25025 -16.425 15.8979
      vertex 4.25025 -16.7379 16.1252
    endloop
  endfacet
  facet normal 1 0 0
    outer loop
      vertex 4.25025 -20.4945 8.39547
      vertex 4.25025 -16.7379 16.1252
      vertex 4.25025 -16.9967 16.4126
    endloop
  endfacet
  facet normal 1 0 0
    outer loop
      vertex 4.25025 -20.4945 8.39547
      vertex 4.25025 -16.9967 16.4126
      vertex 4.25025 -17.1901 16.7475
    endloop
  endfacet
  facet normal 1 0 0
    outer loop
      vertex 4.25025 -20.4945 8.39547
      vertex 4.25025 -17.1901 16.7475
      vertex 4.25025 -17.3096 17.1154
    endloop
  endfacet
  facet normal 1 0 0
    outer loop
      vertex 4.25025 -20.4945 8.39547
      vertex 4.25025 -17.3096 17.1154
      vertex 4.25025 -17.35 17.5
    endloop
  endfacet
  facet normal 1 0 0
    outer loop
      vertex 4.25025 -20.4945 8.39547
      vertex 4.25025 -17.3096 17.8846
      vertex 4.25025 -20.4945 53.6045
    endloop
  endfacet
  facet normal 1 0 0
    outer loop
      vertex 4.25025 -20.4945 53.6045
      vertex 4.25025 -19.5 54.5
      vertex 4.25025 -19.7079 54.4781
    endloop
  endfacet
  facet normal 1 0 0
    outer loop
      vertex 4.25025 -17.3096 17.8846
      vertex 4.25025 -20.4945 8.39547
      vertex 4.25025 -17.35 17.5
    endloop
  endfacet
  facet normal 1 0 0
    outer loop
      vertex 4.25025 -20.4945 53.6045
      vertex 4.25025 -19.7079 54.4781
      vertex 4.25025 -19.9067 54.4135
    endloop
  endfacet
  facet normal 1 0 0
    outer loop
      vertex 4.25025 -16.0717 15.7405
      vertex 4.25025 -20.4945 8.39547
      vertex 4.25025 -19.5 7.5
    endloop
  endfacet
  facet normal 1 0 0
    outer loop
      vertex 4.25025 -20.4945 53.6045
      vertex 4.25025 -19.9067 54.4135
      vertex 4.25025 -20.0878 54.309
    endloop
  endfacet
  facet normal 1 0 0
    outer loop
      vertex 4.25025 -19.5 7.5
      vertex 4.25025 -20.4945 8.39547
      vertex 4.25025 -19.7079 7.52185
    endloop
  endfacet
  facet normal 1 0 0
    outer loop
      vertex 4.25025 -20.4945 53.6045
      vertex 4.25025 -20.0878 54.309
      vertex 4.25025 -20.2431 54.1691
    endloop
  endfacet
  facet normal 1 0 0
    outer loop
      vertex 4.25025 -19.7079 7.52185
      vertex 4.25025 -20.4945 8.39547
      vertex 4.25025 -19.9067 7.58646
    endloop
  endfacet
  facet normal 1 0 0
    outer loop
      vertex 4.25025 -20.4945 53.6045
      vertex 4.25025 -20.2431 54.1691
      vertex 4.25025 -20.366 54
    endloop
  endfacet
  facet normal 1 0 0
    outer loop
      vertex 4.25025 -19.9067 7.58646
      vertex 4.25025 -20.4945 8.39547
      vertex 4.25025 -20.0878 7.69098
    endloop
  endfacet
  facet normal 1 0 0
    outer loop
      vertex 4.25025 -20.4945 53.6045
      vertex 4.25025 -20.366 54
      vertex 4.25025 -20.4511 53.809
    endloop
  endfacet
  facet normal 1 0 0
    outer loop
      vertex 4.25025 -20.0878 7.69098
      vertex 4.25025 -20.4945 8.39547
      vertex 4.25025 -20.2431 7.83087
    endloop
  endfacet
  facet normal 1 0 0
    outer loop
      vertex 4.25025 -20.2431 7.83087
      vertex 4.25025 -20.4945 8.39547
      vertex 4.25025 -20.366 8
    endloop
  endfacet
  facet normal 1 0 0
    outer loop
      vertex 4.25025 -20.366 8
      vertex 4.25025 -20.4945 8.39547
      vertex 4.25025 -20.4511 8.19098
    endloop
  endfacet
  facet normal 0 0.309043 -0.951048
    outer loop
      vertex 4.25025 -19.9067 54.4135
      vertex 5.0127 -19.7079 54.4781
      vertex 5.04323 -19.9067 54.4135
    endloop
  endfacet
  facet normal 0 0.309043 -0.951048
    outer loop
      vertex 5.0127 -19.7079 54.4781
      vertex 4.25025 -19.9067 54.4135
      vertex 4.25025 -19.7079 54.4781
    endloop
  endfacet
  facet normal 0 0.669308 -0.742985
    outer loop
      vertex 4.25025 -20.2431 54.1691
      vertex 5.09263 -20.0878 54.309
      vertex 5.15874 -20.2431 54.1691
    endloop
  endfacet
  facet normal 0 0.669308 -0.742985
    outer loop
      vertex 5.09263 -20.0878 54.309
      vertex 4.25025 -20.2431 54.1691
      vertex 4.25025 -20.0878 54.309
    endloop
  endfacet
  facet normal 0 0.808922 -0.587916
    outer loop
      vertex 4.25025 -20.366 54
      vertex 5.15874 -20.2431 54.1691
      vertex 5.23867 -20.366 54
    endloop
  endfacet
  facet normal 0 0.808922 -0.587916
    outer loop
      vertex 5.15874 -20.2431 54.1691
      vertex 4.25025 -20.366 54
      vertex 4.25025 -20.2431 54.1691
    endloop
  endfacet
  facet normal 0 0 1
    outer loop
      vertex 24.5196 -20.4945 9.5
      vertex 8.15025 -20.4945 9.5
      vertex 8.15025 -28.6792 9.5
    endloop
  endfacet
  facet normal 0 0 1
    outer loop
      vertex 16.5196 24.4945 9.5
      vertex 16.25 24.6293 9.5
      vertex 16.25 24.4945 9.5
    endloop
  endfacet
  facet normal 0 0 1
    outer loop
      vertex 8.15025 24.4945 9.5
      vertex 8.25 28.6293 9.5
      vertex 8.15025 28.6792 9.5
    endloop
  endfacet
  facet normal 0 0 1
    outer loop
      vertex 8.25 28.6293 9.5
      vertex 8.15025 24.4945 9.5
      vertex 8.25 24.4945 9.5
    endloop
  endfacet
  facet normal 1 0 0
    outer loop
      vertex 8.15025 28.6792 9.5
      vertex 8.15025 24.4945 34.4528
      vertex 8.15025 24.4945 9.5
    endloop
  endfacet
  facet normal 1 0 0
    outer loop
      vertex 8.15025 -21.1685 47.771
      vertex 8.15025 -20.4945 47.8392
      vertex 8.15025 -20.8474 47.8392
    endloop
  endfacet
  facet normal 1 0 0
    outer loop
      vertex 8.15025 -20.4945 47.8392
      vertex 8.15025 -21.1685 47.771
      vertex 8.15025 -22.3329 46.7606
    endloop
  endfacet
  facet normal 1 0 0
    outer loop
      vertex 8.15025 -21.6204 47.5667
      vertex 8.15025 -21.1685 47.771
      vertex 8.15025 -21.2474 47.7532
    endloop
  endfacet
  facet normal 1 0 0
    outer loop
      vertex 8.15025 -21.6204 47.5667
      vertex 8.15025 -21.2474 47.7532
      vertex 8.15025 -21.5472 47.6197
    endloop
  endfacet
  facet normal 1 0 0
    outer loop
      vertex 8.15025 -21.1685 47.771
      vertex 8.15025 -21.6204 47.5667
      vertex 8.15025 -22.3329 46.7606
    endloop
  endfacet
  facet normal 1 0 0
    outer loop
      vertex 8.15025 -22.105 47.1304
      vertex 8.15025 -21.6204 47.5667
      vertex 8.15025 -21.8856 47.374
    endloop
  endfacet
  facet normal 1 0 0
    outer loop
      vertex 8.15025 -22.3329 46.7606
      vertex 8.15025 -21.6204 47.5667
      vertex 8.15025 -22.105 47.1304
    endloop
  endfacet
  facet normal 1 0 0
    outer loop
      vertex 8.15025 -22.3329 46.7606
      vertex 8.15025 -22.105 47.1304
      vertex 8.15025 -22.1693 47.044
    endloop
  endfacet
  facet normal 1 0 0
    outer loop
      vertex 8.15025 -20.4945 47.8392
      vertex 8.15025 -22.3329 46.7606
      vertex 8.15025 -22.487 46.3325
    endloop
  endfacet
  facet normal 1 0 0
    outer loop
      vertex 8.15025 -22.487 46.3325
      vertex 8.15025 -22.3329 46.7606
      vertex 8.15025 -22.3861 46.6428
    endloop
  endfacet
  facet normal 1 0 0
    outer loop
      vertex 8.15025 -20.4945 47.8392
      vertex 8.15025 -22.487 46.3325
      vertex 8.15025 -22.5267 46.1865
    endloop
  endfacet
  facet normal 1 0 0
    outer loop
      vertex 8.15025 -20.4945 47.8392
      vertex 8.15025 -22.5267 46.1865
      vertex 8.15025 -20.4945 9.5
    endloop
  endfacet
  facet normal 1 0 0
    outer loop
      vertex 8.15025 -20.4945 9.5
      vertex 8.15025 -22.5267 46.1865
      vertex 8.15025 -28.6792 9.5
    endloop
  endfacet
  facet normal 0 0 -1
    outer loop
      vertex 1.74975 -15.6934 50.3399
      vertex 4.25025 -15.3066 50.3399
      vertex 4.25025 -15.6934 50.3399
    endloop
  endfacet
  facet normal -0 0 -1
    outer loop
      vertex 4.25025 -15.3066 50.3399
      vertex 1.74975 -15.6934 50.3399
      vertex 1.74975 -15.3066 50.3399
    endloop
  endfacet
  facet normal 0 0.951085 -0.308928
    outer loop
      vertex 4.25025 -17.3096 48.8846
      vertex 1.74975 -17.1901 49.2525
      vertex 4.25025 -17.1901 49.2525
    endloop
  endfacet
  facet normal 0 0.951085 -0.308928
    outer loop
      vertex 1.74975 -17.1901 49.2525
      vertex 4.25025 -17.3096 48.8846
      vertex 1.74975 -17.3096 48.8846
    endloop
  endfacet
  facet normal 0 0.994528 -0.104469
    outer loop
      vertex 4.25025 -17.35 48.5
      vertex 1.74975 -17.3096 48.8846
      vertex 4.25025 -17.3096 48.8846
    endloop
  endfacet
  facet normal 0 0.994528 -0.104469
    outer loop
      vertex 1.74975 -17.3096 48.8846
      vertex 4.25025 -17.35 48.5
      vertex 1.74975 -17.35 48.5
    endloop
  endfacet
  facet normal 0 0.743114 0.669165
    outer loop
      vertex 4.25025 -16.7379 47.1252
      vertex 1.74975 -16.9967 47.4126
      vertex 4.25025 -16.9967 47.4126
    endloop
  endfacet
  facet normal 0 0.743114 0.669165
    outer loop
      vertex 1.74975 -16.9967 47.4126
      vertex 4.25025 -16.7379 47.1252
      vertex 1.74975 -16.7379 47.1252
    endloop
  endfacet
  facet normal 0 0.743114 -0.669165
    outer loop
      vertex 4.25025 -16.9967 49.5874
      vertex 1.74975 -16.7379 49.8748
      vertex 4.25025 -16.7379 49.8748
    endloop
  endfacet
  facet normal 0 0.743114 -0.669165
    outer loop
      vertex 1.74975 -16.7379 49.8748
      vertex 4.25025 -16.9967 49.5874
      vertex 1.74975 -16.9967 49.5874
    endloop
  endfacet
  facet normal -0 0 1
    outer loop
      vertex 1.74975 -15.3066 46.6601
      vertex 4.25025 -15.6934 46.6601
      vertex 4.25025 -15.3066 46.6601
    endloop
  endfacet
  facet normal 0 0 1
    outer loop
      vertex 4.25025 -15.6934 46.6601
      vertex 1.74975 -15.3066 46.6601
      vertex 1.74975 -15.6934 46.6601
    endloop
  endfacet
  facet normal 0 -0.865975 0.500088
    outer loop
      vertex 1.74975 -14.0033 47.4126
      vertex 4.25025 -13.8099 47.7475
      vertex 1.74975 -13.8099 47.7475
    endloop
  endfacet
  facet normal 0 -0.865975 0.500088
    outer loop
      vertex 4.25025 -13.8099 47.7475
      vertex 1.74975 -14.0033 47.4126
      vertex 4.25025 -14.0033 47.4126
    endloop
  endfacet
  facet normal 0 -0.406954 0.913449
    outer loop
      vertex 1.74975 -14.575 46.8979
      vertex 4.25025 -14.9283 46.7405
      vertex 4.25025 -14.575 46.8979
    endloop
  endfacet
  facet normal 0 -0.406954 0.913449
    outer loop
      vertex 4.25025 -14.9283 46.7405
      vertex 1.74975 -14.575 46.8979
      vertex 1.74975 -14.9283 46.7405
    endloop
  endfacet
  facet normal 0 0.865975 -0.500088
    outer loop
      vertex 4.25025 -17.1901 49.2525
      vertex 1.74975 -16.9967 49.5874
      vertex 4.25025 -16.9967 49.5874
    endloop
  endfacet
  facet normal 0 0.865975 -0.500088
    outer loop
      vertex 1.74975 -16.9967 49.5874
      vertex 4.25025 -17.1901 49.2525
      vertex 1.74975 -17.1901 49.2525
    endloop
  endfacet
  facet normal 0 0.994528 0.104469
    outer loop
      vertex 4.25025 -17.3096 48.1154
      vertex 1.74975 -17.35 48.5
      vertex 4.25025 -17.35 48.5
    endloop
  endfacet
  facet normal 0 0.994528 0.104469
    outer loop
      vertex 1.74975 -17.35 48.5
      vertex 4.25025 -17.3096 48.1154
      vertex 1.74975 -17.3096 48.1154
    endloop
  endfacet
  facet normal 0 0.587726 -0.80906
    outer loop
      vertex 1.74975 -16.7379 49.8748
      vertex 4.25025 -16.425 50.1021
      vertex 4.25025 -16.7379 49.8748
    endloop
  endfacet
  facet normal 0 0.587726 -0.80906
    outer loop
      vertex 4.25025 -16.425 50.1021
      vertex 1.74975 -16.7379 49.8748
      vertex 1.74975 -16.425 50.1021
    endloop
  endfacet
  facet normal 0 0.406954 -0.913449
    outer loop
      vertex 1.74975 -16.425 50.1021
      vertex 4.25025 -16.0717 50.2595
      vertex 4.25025 -16.425 50.1021
    endloop
  endfacet
  facet normal 0 0.406954 -0.913449
    outer loop
      vertex 4.25025 -16.0717 50.2595
      vertex 1.74975 -16.425 50.1021
      vertex 1.74975 -16.0717 50.2595
    endloop
  endfacet
  facet normal -0 0.207887 0.978153
    outer loop
      vertex 1.74975 -15.6934 46.6601
      vertex 4.25025 -16.0717 46.7405
      vertex 4.25025 -15.6934 46.6601
    endloop
  endfacet
  facet normal 0 0.207887 0.978153
    outer loop
      vertex 4.25025 -16.0717 46.7405
      vertex 1.74975 -15.6934 46.6601
      vertex 1.74975 -16.0717 46.7405
    endloop
  endfacet
  facet normal -0 0.587726 0.80906
    outer loop
      vertex 1.74975 -16.425 46.8979
      vertex 4.25025 -16.7379 47.1252
      vertex 4.25025 -16.425 46.8979
    endloop
  endfacet
  facet normal 0 0.587726 0.80906
    outer loop
      vertex 4.25025 -16.7379 47.1252
      vertex 1.74975 -16.425 46.8979
      vertex 1.74975 -16.7379 47.1252
    endloop
  endfacet
  facet normal 0 0.865975 0.500088
    outer loop
      vertex 4.25025 -16.9967 47.4126
      vertex 1.74975 -17.1901 47.7475
      vertex 4.25025 -17.1901 47.7475
    endloop
  endfacet
  facet normal 0 0.865975 0.500088
    outer loop
      vertex 1.74975 -17.1901 47.7475
      vertex 4.25025 -16.9967 47.4126
      vertex 1.74975 -16.9967 47.4126
    endloop
  endfacet
  facet normal 0 -0.994528 -0.104469
    outer loop
      vertex 1.74975 -13.65 48.5
      vertex 4.25025 -13.6904 48.8846
      vertex 1.74975 -13.6904 48.8846
    endloop
  endfacet
  facet normal 0 -0.994528 -0.104469
    outer loop
      vertex 4.25025 -13.6904 48.8846
      vertex 1.74975 -13.65 48.5
      vertex 4.25025 -13.65 48.5
    endloop
  endfacet
  facet normal 0 -0.207887 0.978153
    outer loop
      vertex 1.74975 -14.9283 46.7405
      vertex 4.25025 -15.3066 46.6601
      vertex 4.25025 -14.9283 46.7405
    endloop
  endfacet
  facet normal 0 -0.207887 0.978153
    outer loop
      vertex 4.25025 -15.3066 46.6601
      vertex 1.74975 -14.9283 46.7405
      vertex 1.74975 -15.3066 46.6601
    endloop
  endfacet
  facet normal 0 -0.865975 -0.500088
    outer loop
      vertex 1.74975 -13.8099 49.2525
      vertex 4.25025 -14.0033 49.5874
      vertex 1.74975 -14.0033 49.5874
    endloop
  endfacet
  facet normal 0 -0.865975 -0.500088
    outer loop
      vertex 4.25025 -14.0033 49.5874
      vertex 1.74975 -13.8099 49.2525
      vertex 4.25025 -13.8099 49.2525
    endloop
  endfacet
  facet normal -0 0.406954 0.913449
    outer loop
      vertex 1.74975 -16.0717 46.7405
      vertex 4.25025 -16.425 46.8979
      vertex 4.25025 -16.0717 46.7405
    endloop
  endfacet
  facet normal 0 0.406954 0.913449
    outer loop
      vertex 4.25025 -16.425 46.8979
      vertex 1.74975 -16.0717 46.7405
      vertex 1.74975 -16.425 46.8979
    endloop
  endfacet
  facet normal 0 -0.951085 0.308928
    outer loop
      vertex 1.74975 -13.8099 47.7475
      vertex 4.25025 -13.6904 48.1154
      vertex 1.74975 -13.6904 48.1154
    endloop
  endfacet
  facet normal 0 -0.951085 0.308928
    outer loop
      vertex 4.25025 -13.6904 48.1154
      vertex 1.74975 -13.8099 47.7475
      vertex 4.25025 -13.8099 47.7475
    endloop
  endfacet
  facet normal 0 0.951085 0.308928
    outer loop
      vertex 4.25025 -17.1901 47.7475
      vertex 1.74975 -17.3096 48.1154
      vertex 4.25025 -17.3096 48.1154
    endloop
  endfacet
  facet normal 0 0.951085 0.308928
    outer loop
      vertex 1.74975 -17.3096 48.1154
      vertex 4.25025 -17.1901 47.7475
      vertex 1.74975 -17.1901 47.7475
    endloop
  endfacet
  facet normal 0 -0.743114 -0.669165
    outer loop
      vertex 1.74975 -14.0033 49.5874
      vertex 4.25025 -14.2621 49.8748
      vertex 1.74975 -14.2621 49.8748
    endloop
  endfacet
  facet normal 0 -0.743114 -0.669165
    outer loop
      vertex 4.25025 -14.2621 49.8748
      vertex 1.74975 -14.0033 49.5874
      vertex 4.25025 -14.0033 49.5874
    endloop
  endfacet
  facet normal 0 -0.587726 -0.80906
    outer loop
      vertex 1.74975 -14.575 50.1021
      vertex 4.25025 -14.2621 49.8748
      vertex 4.25025 -14.575 50.1021
    endloop
  endfacet
  facet normal -0 -0.587726 -0.80906
    outer loop
      vertex 4.25025 -14.2621 49.8748
      vertex 1.74975 -14.575 50.1021
      vertex 1.74975 -14.2621 49.8748
    endloop
  endfacet
  facet normal 0 0.207887 -0.978153
    outer loop
      vertex 1.74975 -16.0717 50.2595
      vertex 4.25025 -15.6934 50.3399
      vertex 4.25025 -16.0717 50.2595
    endloop
  endfacet
  facet normal 0 0.207887 -0.978153
    outer loop
      vertex 4.25025 -15.6934 50.3399
      vertex 1.74975 -16.0717 50.2595
      vertex 1.74975 -15.6934 50.3399
    endloop
  endfacet
  facet normal 0 -0.951085 -0.308928
    outer loop
      vertex 1.74975 -13.6904 48.8846
      vertex 4.25025 -13.8099 49.2525
      vertex 1.74975 -13.8099 49.2525
    endloop
  endfacet
  facet normal 0 -0.951085 -0.308928
    outer loop
      vertex 4.25025 -13.8099 49.2525
      vertex 1.74975 -13.6904 48.8846
      vertex 4.25025 -13.6904 48.8846
    endloop
  endfacet
  facet normal 0 -0.406954 -0.913449
    outer loop
      vertex 1.74975 -14.9283 50.2595
      vertex 4.25025 -14.575 50.1021
      vertex 4.25025 -14.9283 50.2595
    endloop
  endfacet
  facet normal -0 -0.406954 -0.913449
    outer loop
      vertex 4.25025 -14.575 50.1021
      vertex 1.74975 -14.9283 50.2595
      vertex 1.74975 -14.575 50.1021
    endloop
  endfacet
  facet normal 0 -0.207887 -0.978153
    outer loop
      vertex 1.74975 -15.3066 50.3399
      vertex 4.25025 -14.9283 50.2595
      vertex 4.25025 -15.3066 50.3399
    endloop
  endfacet
  facet normal -0 -0.207887 -0.978153
    outer loop
      vertex 4.25025 -14.9283 50.2595
      vertex 1.74975 -15.3066 50.3399
      vertex 1.74975 -14.9283 50.2595
    endloop
  endfacet
  facet normal 0 -0.587726 0.80906
    outer loop
      vertex 1.74975 -14.2621 47.1252
      vertex 4.25025 -14.575 46.8979
      vertex 4.25025 -14.2621 47.1252
    endloop
  endfacet
  facet normal 0 -0.587726 0.80906
    outer loop
      vertex 4.25025 -14.575 46.8979
      vertex 1.74975 -14.2621 47.1252
      vertex 1.74975 -14.575 46.8979
    endloop
  endfacet
  facet normal 0 -0.743114 0.669165
    outer loop
      vertex 1.74975 -14.2621 47.1252
      vertex 4.25025 -14.0033 47.4126
      vertex 1.74975 -14.0033 47.4126
    endloop
  endfacet
  facet normal 0 -0.743114 0.669165
    outer loop
      vertex 4.25025 -14.0033 47.4126
      vertex 1.74975 -14.2621 47.1252
      vertex 4.25025 -14.2621 47.1252
    endloop
  endfacet
  facet normal 0 -0.994528 0.104469
    outer loop
      vertex 1.74975 -13.6904 48.1154
      vertex 4.25025 -13.65 48.5
      vertex 1.74975 -13.65 48.5
    endloop
  endfacet
  facet normal 0 -0.994528 0.104469
    outer loop
      vertex 4.25025 -13.65 48.5
      vertex 1.74975 -13.6904 48.1154
      vertex 4.25025 -13.6904 48.1154
    endloop
  endfacet
  facet normal 0 0 -1
    outer loop
      vertex 1.74975 15.3066 50.3399
      vertex 4.25025 15.6934 50.3399
      vertex 4.25025 15.3066 50.3399
    endloop
  endfacet
  facet normal -0 0 -1
    outer loop
      vertex 4.25025 15.6934 50.3399
      vertex 1.74975 15.3066 50.3399
      vertex 1.74975 15.6934 50.3399
    endloop
  endfacet
  facet normal 0 0.951085 -0.308928
    outer loop
      vertex 4.25025 13.6904 48.8846
      vertex 1.74975 13.8099 49.2525
      vertex 4.25025 13.8099 49.2525
    endloop
  endfacet
  facet normal 0 0.951085 -0.308928
    outer loop
      vertex 1.74975 13.8099 49.2525
      vertex 4.25025 13.6904 48.8846
      vertex 1.74975 13.6904 48.8846
    endloop
  endfacet
  facet normal 0 0.994528 -0.104469
    outer loop
      vertex 4.25025 13.65 48.5
      vertex 1.74975 13.6904 48.8846
      vertex 4.25025 13.6904 48.8846
    endloop
  endfacet
  facet normal 0 0.994528 -0.104469
    outer loop
      vertex 1.74975 13.6904 48.8846
      vertex 4.25025 13.65 48.5
      vertex 1.74975 13.65 48.5
    endloop
  endfacet
  facet normal 0 0.743114 0.669165
    outer loop
      vertex 4.25025 14.2621 47.1252
      vertex 1.74975 14.0033 47.4126
      vertex 4.25025 14.0033 47.4126
    endloop
  endfacet
  facet normal 0 0.743114 0.669165
    outer loop
      vertex 1.74975 14.0033 47.4126
      vertex 4.25025 14.2621 47.1252
      vertex 1.74975 14.2621 47.1252
    endloop
  endfacet
  facet normal 0 0.743114 -0.669165
    outer loop
      vertex 4.25025 14.0033 49.5874
      vertex 1.74975 14.2621 49.8748
      vertex 4.25025 14.2621 49.8748
    endloop
  endfacet
  facet normal 0 0.743114 -0.669165
    outer loop
      vertex 1.74975 14.2621 49.8748
      vertex 4.25025 14.0033 49.5874
      vertex 1.74975 14.0033 49.5874
    endloop
  endfacet
  facet normal -0 0 1
    outer loop
      vertex 1.74975 15.6934 46.6601
      vertex 4.25025 15.3066 46.6601
      vertex 4.25025 15.6934 46.6601
    endloop
  endfacet
  facet normal 0 0 1
    outer loop
      vertex 4.25025 15.3066 46.6601
      vertex 1.74975 15.6934 46.6601
      vertex 1.74975 15.3066 46.6601
    endloop
  endfacet
  facet normal 0 -0.865975 0.500088
    outer loop
      vertex 1.74975 16.9967 47.4126
      vertex 4.25025 17.1901 47.7475
      vertex 1.74975 17.1901 47.7475
    endloop
  endfacet
  facet normal 0 -0.865975 0.500088
    outer loop
      vertex 4.25025 17.1901 47.7475
      vertex 1.74975 16.9967 47.4126
      vertex 4.25025 16.9967 47.4126
    endloop
  endfacet
  facet normal 0 -0.406954 0.913449
    outer loop
      vertex 1.74975 16.425 46.8979
      vertex 4.25025 16.0717 46.7405
      vertex 4.25025 16.425 46.8979
    endloop
  endfacet
  facet normal 0 -0.406954 0.913449
    outer loop
      vertex 4.25025 16.0717 46.7405
      vertex 1.74975 16.425 46.8979
      vertex 1.74975 16.0717 46.7405
    endloop
  endfacet
  facet normal 0 0.865975 -0.500088
    outer loop
      vertex 4.25025 13.8099 49.2525
      vertex 1.74975 14.0033 49.5874
      vertex 4.25025 14.0033 49.5874
    endloop
  endfacet
  facet normal 0 0.865975 -0.500088
    outer loop
      vertex 1.74975 14.0033 49.5874
      vertex 4.25025 13.8099 49.2525
      vertex 1.74975 13.8099 49.2525
    endloop
  endfacet
  facet normal 0 0.994528 0.104469
    outer loop
      vertex 4.25025 13.6904 48.1154
      vertex 1.74975 13.65 48.5
      vertex 4.25025 13.65 48.5
    endloop
  endfacet
  facet normal 0 0.994528 0.104469
    outer loop
      vertex 1.74975 13.65 48.5
      vertex 4.25025 13.6904 48.1154
      vertex 1.74975 13.6904 48.1154
    endloop
  endfacet
  facet normal 0 0.587726 -0.80906
    outer loop
      vertex 1.74975 14.2621 49.8748
      vertex 4.25025 14.575 50.1021
      vertex 4.25025 14.2621 49.8748
    endloop
  endfacet
  facet normal 0 0.587726 -0.80906
    outer loop
      vertex 4.25025 14.575 50.1021
      vertex 1.74975 14.2621 49.8748
      vertex 1.74975 14.575 50.1021
    endloop
  endfacet
  facet normal 0 0.406954 -0.913449
    outer loop
      vertex 1.74975 14.575 50.1021
      vertex 4.25025 14.9283 50.2595
      vertex 4.25025 14.575 50.1021
    endloop
  endfacet
  facet normal 0 0.406954 -0.913449
    outer loop
      vertex 4.25025 14.9283 50.2595
      vertex 1.74975 14.575 50.1021
      vertex 1.74975 14.9283 50.2595
    endloop
  endfacet
  facet normal -0 0.207887 0.978153
    outer loop
      vertex 1.74975 15.3066 46.6601
      vertex 4.25025 14.9283 46.7405
      vertex 4.25025 15.3066 46.6601
    endloop
  endfacet
  facet normal 0 0.207887 0.978153
    outer loop
      vertex 4.25025 14.9283 46.7405
      vertex 1.74975 15.3066 46.6601
      vertex 1.74975 14.9283 46.7405
    endloop
  endfacet
  facet normal -0 0.587726 0.80906
    outer loop
      vertex 1.74975 14.575 46.8979
      vertex 4.25025 14.2621 47.1252
      vertex 4.25025 14.575 46.8979
    endloop
  endfacet
  facet normal 0 0.587726 0.80906
    outer loop
      vertex 4.25025 14.2621 47.1252
      vertex 1.74975 14.575 46.8979
      vertex 1.74975 14.2621 47.1252
    endloop
  endfacet
  facet normal 0 0.865975 0.500088
    outer loop
      vertex 4.25025 14.0033 47.4126
      vertex 1.74975 13.8099 47.7475
      vertex 4.25025 13.8099 47.7475
    endloop
  endfacet
  facet normal 0 0.865975 0.500088
    outer loop
      vertex 1.74975 13.8099 47.7475
      vertex 4.25025 14.0033 47.4126
      vertex 1.74975 14.0033 47.4126
    endloop
  endfacet
  facet normal 0 -0.994528 -0.104469
    outer loop
      vertex 1.74975 17.35 48.5
      vertex 4.25025 17.3096 48.8846
      vertex 1.74975 17.3096 48.8846
    endloop
  endfacet
  facet normal 0 -0.994528 -0.104469
    outer loop
      vertex 4.25025 17.3096 48.8846
      vertex 1.74975 17.35 48.5
      vertex 4.25025 17.35 48.5
    endloop
  endfacet
  facet normal 0 -0.207887 0.978153
    outer loop
      vertex 1.74975 16.0717 46.7405
      vertex 4.25025 15.6934 46.6601
      vertex 4.25025 16.0717 46.7405
    endloop
  endfacet
  facet normal 0 -0.207887 0.978153
    outer loop
      vertex 4.25025 15.6934 46.6601
      vertex 1.74975 16.0717 46.7405
      vertex 1.74975 15.6934 46.6601
    endloop
  endfacet
  facet normal 0 -0.865975 -0.500088
    outer loop
      vertex 1.74975 17.1901 49.2525
      vertex 4.25025 16.9967 49.5874
      vertex 1.74975 16.9967 49.5874
    endloop
  endfacet
  facet normal 0 -0.865975 -0.500088
    outer loop
      vertex 4.25025 16.9967 49.5874
      vertex 1.74975 17.1901 49.2525
      vertex 4.25025 17.1901 49.2525
    endloop
  endfacet
  facet normal -0 0.406954 0.913449
    outer loop
      vertex 1.74975 14.9283 46.7405
      vertex 4.25025 14.575 46.8979
      vertex 4.25025 14.9283 46.7405
    endloop
  endfacet
  facet normal 0 0.406954 0.913449
    outer loop
      vertex 4.25025 14.575 46.8979
      vertex 1.74975 14.9283 46.7405
      vertex 1.74975 14.575 46.8979
    endloop
  endfacet
  facet normal 0 -0.951085 0.308928
    outer loop
      vertex 1.74975 17.1901 47.7475
      vertex 4.25025 17.3096 48.1154
      vertex 1.74975 17.3096 48.1154
    endloop
  endfacet
  facet normal 0 -0.951085 0.308928
    outer loop
      vertex 4.25025 17.3096 48.1154
      vertex 1.74975 17.1901 47.7475
      vertex 4.25025 17.1901 47.7475
    endloop
  endfacet
  facet normal 0 0.951085 0.308928
    outer loop
      vertex 4.25025 13.8099 47.7475
      vertex 1.74975 13.6904 48.1154
      vertex 4.25025 13.6904 48.1154
    endloop
  endfacet
  facet normal 0 0.951085 0.308928
    outer loop
      vertex 1.74975 13.6904 48.1154
      vertex 4.25025 13.8099 47.7475
      vertex 1.74975 13.8099 47.7475
    endloop
  endfacet
  facet normal 0 -0.743114 -0.669165
    outer loop
      vertex 1.74975 16.9967 49.5874
      vertex 4.25025 16.7379 49.8748
      vertex 1.74975 16.7379 49.8748
    endloop
  endfacet
  facet normal 0 -0.743114 -0.669165
    outer loop
      vertex 4.25025 16.7379 49.8748
      vertex 1.74975 16.9967 49.5874
      vertex 4.25025 16.9967 49.5874
    endloop
  endfacet
  facet normal 0 -0.587726 -0.80906
    outer loop
      vertex 1.74975 16.425 50.1021
      vertex 4.25025 16.7379 49.8748
      vertex 4.25025 16.425 50.1021
    endloop
  endfacet
  facet normal -0 -0.587726 -0.80906
    outer loop
      vertex 4.25025 16.7379 49.8748
      vertex 1.74975 16.425 50.1021
      vertex 1.74975 16.7379 49.8748
    endloop
  endfacet
  facet normal 0 0.207887 -0.978153
    outer loop
      vertex 1.74975 14.9283 50.2595
      vertex 4.25025 15.3066 50.3399
      vertex 4.25025 14.9283 50.2595
    endloop
  endfacet
  facet normal 0 0.207887 -0.978153
    outer loop
      vertex 4.25025 15.3066 50.3399
      vertex 1.74975 14.9283 50.2595
      vertex 1.74975 15.3066 50.3399
    endloop
  endfacet
  facet normal 0 -0.951085 -0.308928
    outer loop
      vertex 1.74975 17.3096 48.8846
      vertex 4.25025 17.1901 49.2525
      vertex 1.74975 17.1901 49.2525
    endloop
  endfacet
  facet normal 0 -0.951085 -0.308928
    outer loop
      vertex 4.25025 17.1901 49.2525
      vertex 1.74975 17.3096 48.8846
      vertex 4.25025 17.3096 48.8846
    endloop
  endfacet
  facet normal 0 -0.406954 -0.913449
    outer loop
      vertex 1.74975 16.0717 50.2595
      vertex 4.25025 16.425 50.1021
      vertex 4.25025 16.0717 50.2595
    endloop
  endfacet
  facet normal -0 -0.406954 -0.913449
    outer loop
      vertex 4.25025 16.425 50.1021
      vertex 1.74975 16.0717 50.2595
      vertex 1.74975 16.425 50.1021
    endloop
  endfacet
  facet normal 0 -0.207887 -0.978153
    outer loop
      vertex 1.74975 15.6934 50.3399
      vertex 4.25025 16.0717 50.2595
      vertex 4.25025 15.6934 50.3399
    endloop
  endfacet
  facet normal -0 -0.207887 -0.978153
    outer loop
      vertex 4.25025 16.0717 50.2595
      vertex 1.74975 15.6934 50.3399
      vertex 1.74975 16.0717 50.2595
    endloop
  endfacet
  facet normal 0 -0.587726 0.80906
    outer loop
      vertex 1.74975 16.7379 47.1252
      vertex 4.25025 16.425 46.8979
      vertex 4.25025 16.7379 47.1252
    endloop
  endfacet
  facet normal 0 -0.587726 0.80906
    outer loop
      vertex 4.25025 16.425 46.8979
      vertex 1.74975 16.7379 47.1252
      vertex 1.74975 16.425 46.8979
    endloop
  endfacet
  facet normal 0 -0.743114 0.669165
    outer loop
      vertex 1.74975 16.7379 47.1252
      vertex 4.25025 16.9967 47.4126
      vertex 1.74975 16.9967 47.4126
    endloop
  endfacet
  facet normal 0 -0.743114 0.669165
    outer loop
      vertex 4.25025 16.9967 47.4126
      vertex 1.74975 16.7379 47.1252
      vertex 4.25025 16.7379 47.1252
    endloop
  endfacet
  facet normal 0 -0.994528 0.104469
    outer loop
      vertex 1.74975 17.3096 48.1154
      vertex 4.25025 17.35 48.5
      vertex 1.74975 17.35 48.5
    endloop
  endfacet
  facet normal 0 -0.994528 0.104469
    outer loop
      vertex 4.25025 17.35 48.5
      vertex 1.74975 17.3096 48.1154
      vertex 4.25025 17.3096 48.1154
    endloop
  endfacet
  facet normal 0 0.865975 -0.500088
    outer loop
      vertex 4.25025 13.8099 18.2525
      vertex 1.74975 14.0033 18.5874
      vertex 4.25025 14.0033 18.5874
    endloop
  endfacet
  facet normal 0 0.865975 -0.500088
    outer loop
      vertex 1.74975 14.0033 18.5874
      vertex 4.25025 13.8099 18.2525
      vertex 1.74975 13.8099 18.2525
    endloop
  endfacet
  facet normal 0 0.951085 -0.308928
    outer loop
      vertex 4.25025 13.6904 17.8846
      vertex 1.74975 13.8099 18.2525
      vertex 4.25025 13.8099 18.2525
    endloop
  endfacet
  facet normal 0 0.951085 -0.308928
    outer loop
      vertex 1.74975 13.8099 18.2525
      vertex 4.25025 13.6904 17.8846
      vertex 1.74975 13.6904 17.8846
    endloop
  endfacet
  facet normal 0 0.994528 -0.104469
    outer loop
      vertex 4.25025 13.65 17.5
      vertex 1.74975 13.6904 17.8846
      vertex 4.25025 13.6904 17.8846
    endloop
  endfacet
  facet normal 0 0.994528 -0.104469
    outer loop
      vertex 1.74975 13.6904 17.8846
      vertex 4.25025 13.65 17.5
      vertex 1.74975 13.65 17.5
    endloop
  endfacet
  facet normal 0 0.994528 0.104469
    outer loop
      vertex 4.25025 13.6904 17.1154
      vertex 1.74975 13.65 17.5
      vertex 4.25025 13.65 17.5
    endloop
  endfacet
  facet normal 0 0.994528 0.104469
    outer loop
      vertex 1.74975 13.65 17.5
      vertex 4.25025 13.6904 17.1154
      vertex 1.74975 13.6904 17.1154
    endloop
  endfacet
  facet normal 0 0.406954 -0.913449
    outer loop
      vertex 1.74975 14.575 19.1021
      vertex 4.25025 14.9283 19.2595
      vertex 4.25025 14.575 19.1021
    endloop
  endfacet
  facet normal 0 0.406954 -0.913449
    outer loop
      vertex 4.25025 14.9283 19.2595
      vertex 1.74975 14.575 19.1021
      vertex 1.74975 14.9283 19.2595
    endloop
  endfacet
  facet normal -0 0.207887 0.978153
    outer loop
      vertex 1.74975 15.3066 15.6601
      vertex 4.25025 14.9283 15.7405
      vertex 4.25025 15.3066 15.6601
    endloop
  endfacet
  facet normal 0 0.207887 0.978153
    outer loop
      vertex 4.25025 14.9283 15.7405
      vertex 1.74975 15.3066 15.6601
      vertex 1.74975 14.9283 15.7405
    endloop
  endfacet
  facet normal -0 0 1
    outer loop
      vertex 1.74975 15.6934 15.6601
      vertex 4.25025 15.3066 15.6601
      vertex 4.25025 15.6934 15.6601
    endloop
  endfacet
  facet normal 0 0 1
    outer loop
      vertex 4.25025 15.3066 15.6601
      vertex 1.74975 15.6934 15.6601
      vertex 1.74975 15.3066 15.6601
    endloop
  endfacet
  facet normal 0 0.743114 0.669165
    outer loop
      vertex 4.25025 14.2621 16.1252
      vertex 1.74975 14.0033 16.4126
      vertex 4.25025 14.0033 16.4126
    endloop
  endfacet
  facet normal 0 0.743114 0.669165
    outer loop
      vertex 1.74975 14.0033 16.4126
      vertex 4.25025 14.2621 16.1252
      vertex 1.74975 14.2621 16.1252
    endloop
  endfacet
  facet normal 0 -0.743114 -0.669165
    outer loop
      vertex 1.74975 16.9967 18.5874
      vertex 4.25025 16.7379 18.8748
      vertex 1.74975 16.7379 18.8748
    endloop
  endfacet
  facet normal 0 -0.743114 -0.669165
    outer loop
      vertex 4.25025 16.7379 18.8748
      vertex 1.74975 16.9967 18.5874
      vertex 4.25025 16.9967 18.5874
    endloop
  endfacet
  facet normal 0 -0.865975 -0.500088
    outer loop
      vertex 1.74975 17.1901 18.2525
      vertex 4.25025 16.9967 18.5874
      vertex 1.74975 16.9967 18.5874
    endloop
  endfacet
  facet normal 0 -0.865975 -0.500088
    outer loop
      vertex 4.25025 16.9967 18.5874
      vertex 1.74975 17.1901 18.2525
      vertex 4.25025 17.1901 18.2525
    endloop
  endfacet
  facet normal 0 -0.994528 -0.104469
    outer loop
      vertex 1.74975 17.35 17.5
      vertex 4.25025 17.3096 17.8846
      vertex 1.74975 17.3096 17.8846
    endloop
  endfacet
  facet normal 0 -0.994528 -0.104469
    outer loop
      vertex 4.25025 17.3096 17.8846
      vertex 1.74975 17.35 17.5
      vertex 4.25025 17.35 17.5
    endloop
  endfacet
  facet normal 0 -0.207887 -0.978153
    outer loop
      vertex 1.74975 15.6934 19.3399
      vertex 4.25025 16.0717 19.2595
      vertex 4.25025 15.6934 19.3399
    endloop
  endfacet
  facet normal -0 -0.207887 -0.978153
    outer loop
      vertex 4.25025 16.0717 19.2595
      vertex 1.74975 15.6934 19.3399
      vertex 1.74975 16.0717 19.2595
    endloop
  endfacet
  facet normal 0 -0.951085 0.308928
    outer loop
      vertex 4.25025 17.1901 16.7475
      vertex 1.87254 17.3096 17.1154
      vertex 1.75883 17.1901 16.7475
    endloop
  endfacet
  facet normal 0 -0.951085 0.308928
    outer loop
      vertex 1.87254 17.3096 17.1154
      vertex 4.25025 17.1901 16.7475
      vertex 4.25025 17.3096 17.1154
    endloop
  endfacet
  facet normal -0 0.406954 0.913449
    outer loop
      vertex 1.74975 14.9283 15.7405
      vertex 4.25025 14.575 15.8979
      vertex 4.25025 14.9283 15.7405
    endloop
  endfacet
  facet normal 0 0.406954 0.913449
    outer loop
      vertex 4.25025 14.575 15.8979
      vertex 1.74975 14.9283 15.7405
      vertex 1.74975 14.575 15.8979
    endloop
  endfacet
  facet normal 0 -0.406954 -0.913449
    outer loop
      vertex 1.74975 16.0717 19.2595
      vertex 4.25025 16.425 19.1021
      vertex 4.25025 16.0717 19.2595
    endloop
  endfacet
  facet normal -0 -0.406954 -0.913449
    outer loop
      vertex 4.25025 16.425 19.1021
      vertex 1.74975 16.0717 19.2595
      vertex 1.74975 16.425 19.1021
    endloop
  endfacet
  facet normal 0 0.951085 0.308928
    outer loop
      vertex 4.25025 13.8099 16.7475
      vertex 1.74975 13.6904 17.1154
      vertex 4.25025 13.6904 17.1154
    endloop
  endfacet
  facet normal 0 0.951085 0.308928
    outer loop
      vertex 1.74975 13.6904 17.1154
      vertex 4.25025 13.8099 16.7475
      vertex 1.74975 13.8099 16.7475
    endloop
  endfacet
  facet normal 0 -0.207887 0.978153
    outer loop
      vertex 1.74975 16.0717 15.7405
      vertex 4.25025 15.6934 15.6601
      vertex 4.25025 16.0717 15.7405
    endloop
  endfacet
  facet normal 0 -0.207887 0.978153
    outer loop
      vertex 4.25025 15.6934 15.6601
      vertex 1.74975 16.0717 15.7405
      vertex 1.74975 15.6934 15.6601
    endloop
  endfacet
  facet normal 0 -0.995037 0.0995037
    outer loop
      vertex 1.87507 17.3499 17.499
      vertex 1.74975 17.35 17.5
      vertex 1.74975 17.3499 17.499
    endloop
  endfacet
  facet normal 0 -0.995037 0.0995037
    outer loop
      vertex 1.74975 17.35 17.5
      vertex 1.87507 17.3499 17.499
      vertex 4.25025 17.35 17.5
    endloop
  endfacet
  facet normal -2.1176e-06 -0.994527 0.104482
    outer loop
      vertex 1.87254 17.3096 17.1154
      vertex 4.25025 17.35 17.5
      vertex 1.87507 17.3499 17.499
    endloop
  endfacet
  facet normal 0 -0.994528 0.104469
    outer loop
      vertex 4.25025 17.35 17.5
      vertex 1.87254 17.3096 17.1154
      vertex 4.25025 17.3096 17.1154
    endloop
  endfacet
  facet normal 0 -0.587726 -0.80906
    outer loop
      vertex 1.74975 16.425 19.1021
      vertex 4.25025 16.7379 18.8748
      vertex 4.25025 16.425 19.1021
    endloop
  endfacet
  facet normal -0 -0.587726 -0.80906
    outer loop
      vertex 4.25025 16.7379 18.8748
      vertex 1.74975 16.425 19.1021
      vertex 1.74975 16.7379 18.8748
    endloop
  endfacet
  facet normal 0 -0.951085 -0.308928
    outer loop
      vertex 1.74975 17.3096 17.8846
      vertex 4.25025 17.1901 18.2525
      vertex 1.74975 17.1901 18.2525
    endloop
  endfacet
  facet normal 0 -0.951085 -0.308928
    outer loop
      vertex 4.25025 17.1901 18.2525
      vertex 1.74975 17.3096 17.8846
      vertex 4.25025 17.3096 17.8846
    endloop
  endfacet
  facet normal 0 0.865975 0.500088
    outer loop
      vertex 4.25025 14.0033 16.4126
      vertex 1.74975 13.8099 16.7475
      vertex 4.25025 13.8099 16.7475
    endloop
  endfacet
  facet normal 0 0.865975 0.500088
    outer loop
      vertex 1.74975 13.8099 16.7475
      vertex 4.25025 14.0033 16.4126
      vertex 1.74975 14.0033 16.4126
    endloop
  endfacet
  facet normal 0 0.587726 -0.80906
    outer loop
      vertex 1.74975 14.2621 18.8748
      vertex 4.25025 14.575 19.1021
      vertex 4.25025 14.2621 18.8748
    endloop
  endfacet
  facet normal 0 0.587726 -0.80906
    outer loop
      vertex 4.25025 14.575 19.1021
      vertex 1.74975 14.2621 18.8748
      vertex 1.74975 14.575 19.1021
    endloop
  endfacet
  facet normal 0 0.743114 -0.669165
    outer loop
      vertex 4.25025 14.0033 18.5874
      vertex 1.74975 14.2621 18.8748
      vertex 4.25025 14.2621 18.8748
    endloop
  endfacet
  facet normal 0 0.743114 -0.669165
    outer loop
      vertex 1.74975 14.2621 18.8748
      vertex 4.25025 14.0033 18.5874
      vertex 1.74975 14.0033 18.5874
    endloop
  endfacet
  facet normal -0 0.587726 0.80906
    outer loop
      vertex 1.74975 14.575 15.8979
      vertex 4.25025 14.2621 16.1252
      vertex 4.25025 14.575 15.8979
    endloop
  endfacet
  facet normal 0 0.587726 0.80906
    outer loop
      vertex 4.25025 14.2621 16.1252
      vertex 1.74975 14.575 15.8979
      vertex 1.74975 14.2621 16.1252
    endloop
  endfacet
  facet normal 0 -0.406954 0.913449
    outer loop
      vertex 1.74975 16.425 15.8979
      vertex 4.25025 16.0717 15.7405
      vertex 4.25025 16.425 15.8979
    endloop
  endfacet
  facet normal 0 -0.406954 0.913449
    outer loop
      vertex 4.25025 16.0717 15.7405
      vertex 1.74975 16.425 15.8979
      vertex 1.74975 16.0717 15.7405
    endloop
  endfacet
  facet normal 0.00305343 -0.866006 0.500024
    outer loop
      vertex 1.74975 16.9967 16.4126
      vertex 1.75883 17.1901 16.7475
      vertex 1.74975 17.1821 16.7337
    endloop
  endfacet
  facet normal 0 -0.865975 0.500088
    outer loop
      vertex 4.25025 16.9967 16.4126
      vertex 1.75883 17.1901 16.7475
      vertex 1.74975 16.9967 16.4126
    endloop
  endfacet
  facet normal 0 -0.865975 0.500088
    outer loop
      vertex 1.75883 17.1901 16.7475
      vertex 4.25025 16.9967 16.4126
      vertex 4.25025 17.1901 16.7475
    endloop
  endfacet
  facet normal 0 -0.743114 0.669165
    outer loop
      vertex 1.74975 16.7379 16.1252
      vertex 4.25025 16.9967 16.4126
      vertex 1.74975 16.9967 16.4126
    endloop
  endfacet
  facet normal 0 -0.743114 0.669165
    outer loop
      vertex 4.25025 16.9967 16.4126
      vertex 1.74975 16.7379 16.1252
      vertex 4.25025 16.7379 16.1252
    endloop
  endfacet
  facet normal 0 0 -1
    outer loop
      vertex 1.74975 15.3066 19.3399
      vertex 4.25025 15.6934 19.3399
      vertex 4.25025 15.3066 19.3399
    endloop
  endfacet
  facet normal -0 0 -1
    outer loop
      vertex 4.25025 15.6934 19.3399
      vertex 1.74975 15.3066 19.3399
      vertex 1.74975 15.6934 19.3399
    endloop
  endfacet
  facet normal 0 0.207887 -0.978153
    outer loop
      vertex 1.74975 14.9283 19.2595
      vertex 4.25025 15.3066 19.3399
      vertex 4.25025 14.9283 19.2595
    endloop
  endfacet
  facet normal 0 0.207887 -0.978153
    outer loop
      vertex 4.25025 15.3066 19.3399
      vertex 1.74975 14.9283 19.2595
      vertex 1.74975 15.3066 19.3399
    endloop
  endfacet
  facet normal 0 -0.587726 0.80906
    outer loop
      vertex 1.74975 16.7379 16.1252
      vertex 4.25025 16.425 15.8979
      vertex 4.25025 16.7379 16.1252
    endloop
  endfacet
  facet normal 0 -0.587726 0.80906
    outer loop
      vertex 4.25025 16.425 15.8979
      vertex 1.74975 16.7379 16.1252
      vertex 1.74975 16.425 15.8979
    endloop
  endfacet
  facet normal 0 0.865975 -0.500088
    outer loop
      vertex 4.25025 -17.1901 18.2525
      vertex 1.74975 -16.9967 18.5874
      vertex 4.25025 -16.9967 18.5874
    endloop
  endfacet
  facet normal 0 0.865975 -0.500088
    outer loop
      vertex 1.74975 -16.9967 18.5874
      vertex 4.25025 -17.1901 18.2525
      vertex 1.74975 -17.1901 18.2525
    endloop
  endfacet
  facet normal 0 0.951085 -0.308928
    outer loop
      vertex 4.25025 -17.3096 17.8846
      vertex 1.74975 -17.1901 18.2525
      vertex 4.25025 -17.1901 18.2525
    endloop
  endfacet
  facet normal 0 0.951085 -0.308928
    outer loop
      vertex 1.74975 -17.1901 18.2525
      vertex 4.25025 -17.3096 17.8846
      vertex 1.74975 -17.3096 17.8846
    endloop
  endfacet
  facet normal 0 0.994528 -0.104469
    outer loop
      vertex 4.25025 -17.35 17.5
      vertex 1.74975 -17.3096 17.8846
      vertex 4.25025 -17.3096 17.8846
    endloop
  endfacet
  facet normal 0 0.994528 -0.104469
    outer loop
      vertex 1.74975 -17.3096 17.8846
      vertex 4.25025 -17.35 17.5
      vertex 1.74975 -17.35 17.5
    endloop
  endfacet
  facet normal 0 0.995037 0.0995037
    outer loop
      vertex 4.25025 -17.35 17.5
      vertex 1.87507 -17.3499 17.499
      vertex 1.74975 -17.35 17.5
    endloop
  endfacet
  facet normal -2.11209e-06 0.994528 0.104469
    outer loop
      vertex 4.25025 -17.3096 17.1154
      vertex 1.87507 -17.3499 17.499
      vertex 4.25025 -17.35 17.5
    endloop
  endfacet
  facet normal 0 0.994527 0.104482
    outer loop
      vertex 1.87507 -17.3499 17.499
      vertex 4.25025 -17.3096 17.1154
      vertex 1.87254 -17.3096 17.1154
    endloop
  endfacet
  facet normal 0 0.995037 0.0995037
    outer loop
      vertex 1.74975 -17.35 17.5
      vertex 1.87507 -17.3499 17.499
      vertex 1.74975 -17.3499 17.499
    endloop
  endfacet
  facet normal 0 0.406954 -0.913449
    outer loop
      vertex 1.74975 -16.425 19.1021
      vertex 4.25025 -16.0717 19.2595
      vertex 4.25025 -16.425 19.1021
    endloop
  endfacet
  facet normal 0 0.406954 -0.913449
    outer loop
      vertex 4.25025 -16.0717 19.2595
      vertex 1.74975 -16.425 19.1021
      vertex 1.74975 -16.0717 19.2595
    endloop
  endfacet
  facet normal -0 0.207887 0.978153
    outer loop
      vertex 1.74975 -15.6934 15.6601
      vertex 4.25025 -16.0717 15.7405
      vertex 4.25025 -15.6934 15.6601
    endloop
  endfacet
  facet normal 0 0.207887 0.978153
    outer loop
      vertex 4.25025 -16.0717 15.7405
      vertex 1.74975 -15.6934 15.6601
      vertex 1.74975 -16.0717 15.7405
    endloop
  endfacet
  facet normal -0 0 1
    outer loop
      vertex 1.74975 -15.3066 15.6601
      vertex 4.25025 -15.6934 15.6601
      vertex 4.25025 -15.3066 15.6601
    endloop
  endfacet
  facet normal 0 0 1
    outer loop
      vertex 4.25025 -15.6934 15.6601
      vertex 1.74975 -15.3066 15.6601
      vertex 1.74975 -15.6934 15.6601
    endloop
  endfacet
  facet normal 0 -0.743114 -0.669165
    outer loop
      vertex 1.74975 -14.0033 18.5874
      vertex 4.25025 -14.2621 18.8748
      vertex 1.74975 -14.2621 18.8748
    endloop
  endfacet
  facet normal 0 -0.743114 -0.669165
    outer loop
      vertex 4.25025 -14.2621 18.8748
      vertex 1.74975 -14.0033 18.5874
      vertex 4.25025 -14.0033 18.5874
    endloop
  endfacet
  facet normal 0 -0.865975 -0.500088
    outer loop
      vertex 1.74975 -13.8099 18.2525
      vertex 4.25025 -14.0033 18.5874
      vertex 1.74975 -14.0033 18.5874
    endloop
  endfacet
  facet normal 0 -0.865975 -0.500088
    outer loop
      vertex 4.25025 -14.0033 18.5874
      vertex 1.74975 -13.8099 18.2525
      vertex 4.25025 -13.8099 18.2525
    endloop
  endfacet
  facet normal 0 -0.994528 -0.104469
    outer loop
      vertex 1.74975 -13.65 17.5
      vertex 4.25025 -13.6904 17.8846
      vertex 1.74975 -13.6904 17.8846
    endloop
  endfacet
  facet normal 0 -0.994528 -0.104469
    outer loop
      vertex 4.25025 -13.6904 17.8846
      vertex 1.74975 -13.65 17.5
      vertex 4.25025 -13.65 17.5
    endloop
  endfacet
  facet normal 0 -0.207887 -0.978153
    outer loop
      vertex 1.74975 -15.3066 19.3399
      vertex 4.25025 -14.9283 19.2595
      vertex 4.25025 -15.3066 19.3399
    endloop
  endfacet
  facet normal -0 -0.207887 -0.978153
    outer loop
      vertex 4.25025 -14.9283 19.2595
      vertex 1.74975 -15.3066 19.3399
      vertex 1.74975 -14.9283 19.2595
    endloop
  endfacet
  facet normal 0 -0.951085 0.308928
    outer loop
      vertex 1.74975 -13.8099 16.7475
      vertex 4.25025 -13.6904 17.1154
      vertex 1.74975 -13.6904 17.1154
    endloop
  endfacet
  facet normal 0 -0.951085 0.308928
    outer loop
      vertex 4.25025 -13.6904 17.1154
      vertex 1.74975 -13.8099 16.7475
      vertex 4.25025 -13.8099 16.7475
    endloop
  endfacet
  facet normal -0 0.406954 0.913449
    outer loop
      vertex 1.74975 -16.0717 15.7405
      vertex 4.25025 -16.425 15.8979
      vertex 4.25025 -16.0717 15.7405
    endloop
  endfacet
  facet normal 0 0.406954 0.913449
    outer loop
      vertex 4.25025 -16.425 15.8979
      vertex 1.74975 -16.0717 15.7405
      vertex 1.74975 -16.425 15.8979
    endloop
  endfacet
  facet normal 0 -0.406954 -0.913449
    outer loop
      vertex 1.74975 -14.9283 19.2595
      vertex 4.25025 -14.575 19.1021
      vertex 4.25025 -14.9283 19.2595
    endloop
  endfacet
  facet normal -0 -0.406954 -0.913449
    outer loop
      vertex 4.25025 -14.575 19.1021
      vertex 1.74975 -14.9283 19.2595
      vertex 1.74975 -14.575 19.1021
    endloop
  endfacet
  facet normal 0 0.951085 0.308928
    outer loop
      vertex 4.25025 -17.1901 16.7475
      vertex 1.87254 -17.3096 17.1154
      vertex 4.25025 -17.3096 17.1154
    endloop
  endfacet
  facet normal 0 0.951085 0.308928
    outer loop
      vertex 1.87254 -17.3096 17.1154
      vertex 4.25025 -17.1901 16.7475
      vertex 1.75883 -17.1901 16.7475
    endloop
  endfacet
  facet normal 0 -0.207887 0.978153
    outer loop
      vertex 1.74975 -14.9283 15.7405
      vertex 4.25025 -15.3066 15.6601
      vertex 4.25025 -14.9283 15.7405
    endloop
  endfacet
  facet normal 0 -0.207887 0.978153
    outer loop
      vertex 4.25025 -15.3066 15.6601
      vertex 1.74975 -14.9283 15.7405
      vertex 1.74975 -15.3066 15.6601
    endloop
  endfacet
  facet normal 0 -0.994528 0.104469
    outer loop
      vertex 1.74975 -13.6904 17.1154
      vertex 4.25025 -13.65 17.5
      vertex 1.74975 -13.65 17.5
    endloop
  endfacet
  facet normal 0 -0.994528 0.104469
    outer loop
      vertex 4.25025 -13.65 17.5
      vertex 1.74975 -13.6904 17.1154
      vertex 4.25025 -13.6904 17.1154
    endloop
  endfacet
  facet normal 0 -0.587726 -0.80906
    outer loop
      vertex 1.74975 -14.575 19.1021
      vertex 4.25025 -14.2621 18.8748
      vertex 4.25025 -14.575 19.1021
    endloop
  endfacet
  facet normal -0 -0.587726 -0.80906
    outer loop
      vertex 4.25025 -14.2621 18.8748
      vertex 1.74975 -14.575 19.1021
      vertex 1.74975 -14.2621 18.8748
    endloop
  endfacet
  facet normal 0 -0.951085 -0.308928
    outer loop
      vertex 1.74975 -13.6904 17.8846
      vertex 4.25025 -13.8099 18.2525
      vertex 1.74975 -13.8099 18.2525
    endloop
  endfacet
  facet normal 0 -0.951085 -0.308928
    outer loop
      vertex 4.25025 -13.8099 18.2525
      vertex 1.74975 -13.6904 17.8846
      vertex 4.25025 -13.6904 17.8846
    endloop
  endfacet
  facet normal 0 0.865975 0.500088
    outer loop
      vertex 4.25025 -16.9967 16.4126
      vertex 1.75883 -17.1901 16.7475
      vertex 4.25025 -17.1901 16.7475
    endloop
  endfacet
  facet normal -0 0.865975 0.500088
    outer loop
      vertex 1.74975 -16.9967 16.4126
      vertex 1.75883 -17.1901 16.7475
      vertex 4.25025 -16.9967 16.4126
    endloop
  endfacet
  facet normal 0.00305343 0.866006 0.500024
    outer loop
      vertex 1.75883 -17.1901 16.7475
      vertex 1.74975 -16.9967 16.4126
      vertex 1.74975 -17.1821 16.7337
    endloop
  endfacet
  facet normal 0 0.587726 -0.80906
    outer loop
      vertex 1.74975 -16.7379 18.8748
      vertex 4.25025 -16.425 19.1021
      vertex 4.25025 -16.7379 18.8748
    endloop
  endfacet
  facet normal 0 0.587726 -0.80906
    outer loop
      vertex 4.25025 -16.425 19.1021
      vertex 1.74975 -16.7379 18.8748
      vertex 1.74975 -16.425 19.1021
    endloop
  endfacet
  facet normal 0 0.743114 -0.669165
    outer loop
      vertex 4.25025 -16.9967 18.5874
      vertex 1.74975 -16.7379 18.8748
      vertex 4.25025 -16.7379 18.8748
    endloop
  endfacet
  facet normal 0 0.743114 -0.669165
    outer loop
      vertex 1.74975 -16.7379 18.8748
      vertex 4.25025 -16.9967 18.5874
      vertex 1.74975 -16.9967 18.5874
    endloop
  endfacet
  facet normal -0 0.587726 0.80906
    outer loop
      vertex 1.74975 -16.425 15.8979
      vertex 4.25025 -16.7379 16.1252
      vertex 4.25025 -16.425 15.8979
    endloop
  endfacet
  facet normal 0 0.587726 0.80906
    outer loop
      vertex 4.25025 -16.7379 16.1252
      vertex 1.74975 -16.425 15.8979
      vertex 1.74975 -16.7379 16.1252
    endloop
  endfacet
  facet normal 0 -0.406954 0.913449
    outer loop
      vertex 1.74975 -14.575 15.8979
      vertex 4.25025 -14.9283 15.7405
      vertex 4.25025 -14.575 15.8979
    endloop
  endfacet
  facet normal 0 -0.406954 0.913449
    outer loop
      vertex 4.25025 -14.9283 15.7405
      vertex 1.74975 -14.575 15.8979
      vertex 1.74975 -14.9283 15.7405
    endloop
  endfacet
  facet normal 0 0.743114 0.669165
    outer loop
      vertex 4.25025 -16.7379 16.1252
      vertex 1.74975 -16.9967 16.4126
      vertex 4.25025 -16.9967 16.4126
    endloop
  endfacet
  facet normal 0 0.743114 0.669165
    outer loop
      vertex 1.74975 -16.9967 16.4126
      vertex 4.25025 -16.7379 16.1252
      vertex 1.74975 -16.7379 16.1252
    endloop
  endfacet
  facet normal 0 -0.865975 0.500088
    outer loop
      vertex 1.74975 -14.0033 16.4126
      vertex 4.25025 -13.8099 16.7475
      vertex 1.74975 -13.8099 16.7475
    endloop
  endfacet
  facet normal 0 -0.865975 0.500088
    outer loop
      vertex 4.25025 -13.8099 16.7475
      vertex 1.74975 -14.0033 16.4126
      vertex 4.25025 -14.0033 16.4126
    endloop
  endfacet
  facet normal 0 -0.743114 0.669165
    outer loop
      vertex 1.74975 -14.2621 16.1252
      vertex 4.25025 -14.0033 16.4126
      vertex 1.74975 -14.0033 16.4126
    endloop
  endfacet
  facet normal 0 -0.743114 0.669165
    outer loop
      vertex 4.25025 -14.0033 16.4126
      vertex 1.74975 -14.2621 16.1252
      vertex 4.25025 -14.2621 16.1252
    endloop
  endfacet
  facet normal 0 0 -1
    outer loop
      vertex 1.74975 -15.6934 19.3399
      vertex 4.25025 -15.3066 19.3399
      vertex 4.25025 -15.6934 19.3399
    endloop
  endfacet
  facet normal -0 0 -1
    outer loop
      vertex 4.25025 -15.3066 19.3399
      vertex 1.74975 -15.6934 19.3399
      vertex 1.74975 -15.3066 19.3399
    endloop
  endfacet
  facet normal 0 0.207887 -0.978153
    outer loop
      vertex 1.74975 -16.0717 19.2595
      vertex 4.25025 -15.6934 19.3399
      vertex 4.25025 -16.0717 19.2595
    endloop
  endfacet
  facet normal 0 0.207887 -0.978153
    outer loop
      vertex 4.25025 -15.6934 19.3399
      vertex 1.74975 -16.0717 19.2595
      vertex 1.74975 -15.6934 19.3399
    endloop
  endfacet
  facet normal 0 -0.587726 0.80906
    outer loop
      vertex 1.74975 -14.2621 16.1252
      vertex 4.25025 -14.575 15.8979
      vertex 4.25025 -14.2621 16.1252
    endloop
  endfacet
  facet normal 0 -0.587726 0.80906
    outer loop
      vertex 4.25025 -14.575 15.8979
      vertex 1.74975 -14.2621 16.1252
      vertex 1.74975 -14.575 15.8979
    endloop
  endfacet
  facet normal 0 -0.40676 0.913535
    outer loop
      vertex 1.74975 6.75 21.3087
      vertex 4.25025 4.17173 20.1607
      vertex 4.25025 6.75 21.3087
    endloop
  endfacet
  facet normal 0 -0.40676 0.913535
    outer loop
      vertex 4.25025 4.17173 20.1607
      vertex 1.74975 6.75 21.3087
      vertex 1.74975 4.17173 20.1607
    endloop
  endfacet
  facet normal 0 0.951058 -0.309012
    outer loop
      vertex 4.25025 -13.205 35.8068
      vertex 1.74975 -12.3329 38.4909
      vertex 4.25025 -12.3329 38.4909
    endloop
  endfacet
  facet normal 0 0.951058 -0.309012
    outer loop
      vertex 1.74975 -12.3329 38.4909
      vertex 4.25025 -13.205 35.8068
      vertex 1.74975 -13.205 35.8068
    endloop
  endfacet
  facet normal 0 0.994522 -0.104526
    outer loop
      vertex 4.25025 -13.5 33
      vertex 1.74975 -13.205 35.8068
      vertex 4.25025 -13.205 35.8068
    endloop
  endfacet
  facet normal 0 0.994522 -0.104526
    outer loop
      vertex 1.74975 -13.205 35.8068
      vertex 4.25025 -13.5 33
      vertex 1.74975 -13.5 33
    endloop
  endfacet
  facet normal 0 0.866019 -0.500011
    outer loop
      vertex 4.25025 -12.3329 38.4909
      vertex 1.74975 -10.9217 40.9351
      vertex 4.25025 -10.9217 40.9351
    endloop
  endfacet
  facet normal 0 0.866019 -0.500011
    outer loop
      vertex 1.74975 -10.9217 40.9351
      vertex 4.25025 -12.3329 38.4909
      vertex 1.74975 -12.3329 38.4909
    endloop
  endfacet
  facet normal 0 -0.743157 0.669117
    outer loop
      vertex 1.74975 9.03326 22.9675
      vertex 4.25025 10.9217 25.0649
      vertex 1.74975 10.9217 25.0649
    endloop
  endfacet
  facet normal 0 -0.743157 0.669117
    outer loop
      vertex 4.25025 10.9217 25.0649
      vertex 1.74975 9.03326 22.9675
      vertex 4.25025 9.03326 22.9675
    endloop
  endfacet
  facet normal 0 0.994522 0.104526
    outer loop
      vertex 4.25025 -13.205 30.1932
      vertex 1.74975 -13.5 33
      vertex 4.25025 -13.5 33
    endloop
  endfacet
  facet normal 0 0.994522 0.104526
    outer loop
      vertex 1.74975 -13.5 33
      vertex 4.25025 -13.205 30.1932
      vertex 1.74975 -13.205 30.1932
    endloop
  endfacet
  facet normal 0 0.866019 0.500011
    outer loop
      vertex 4.25025 -10.9217 25.0649
      vertex 1.74975 -12.3329 27.5091
      vertex 4.25025 -12.3329 27.5091
    endloop
  endfacet
  facet normal 0 0.866019 0.500011
    outer loop
      vertex 1.74975 -12.3329 27.5091
      vertex 4.25025 -10.9217 25.0649
      vertex 1.74975 -10.9217 25.0649
    endloop
  endfacet
  facet normal 0 0.40676 -0.913535
    outer loop
      vertex 1.74975 -6.75 44.6913
      vertex 4.25025 -4.17173 45.8393
      vertex 4.25025 -6.75 44.6913
    endloop
  endfacet
  facet normal 0 0.40676 -0.913535
    outer loop
      vertex 4.25025 -4.17173 45.8393
      vertex 1.74975 -6.75 44.6913
      vertex 1.74975 -4.17173 45.8393
    endloop
  endfacet
  facet normal 0 -0.951058 0.309012
    outer loop
      vertex 1.74975 12.3329 27.5091
      vertex 4.25025 13.205 30.1932
      vertex 1.74975 13.205 30.1932
    endloop
  endfacet
  facet normal 0 -0.951058 0.309012
    outer loop
      vertex 4.25025 13.205 30.1932
      vertex 1.74975 12.3329 27.5091
      vertex 4.25025 12.3329 27.5091
    endloop
  endfacet
  facet normal 0 -0.587765 -0.809031
    outer loop
      vertex 1.74975 6.75 44.6913
      vertex 4.25025 9.03326 43.0325
      vertex 4.25025 6.75 44.6913
    endloop
  endfacet
  facet normal -0 -0.587765 -0.809031
    outer loop
      vertex 4.25025 9.03326 43.0325
      vertex 1.74975 6.75 44.6913
      vertex 1.74975 9.03326 43.0325
    endloop
  endfacet
  facet normal 0 0.587765 -0.809031
    outer loop
      vertex 1.74975 -9.03326 43.0325
      vertex 4.25025 -6.75 44.6913
      vertex 4.25025 -9.03326 43.0325
    endloop
  endfacet
  facet normal 0 0.587765 -0.809031
    outer loop
      vertex 4.25025 -6.75 44.6913
      vertex 1.74975 -9.03326 43.0325
      vertex 1.74975 -6.75 44.6913
    endloop
  endfacet
  facet normal 0 -0.994522 -0.104526
    outer loop
      vertex 1.74975 13.5 33
      vertex 4.25025 13.205 35.8068
      vertex 1.74975 13.205 35.8068
    endloop
  endfacet
  facet normal 0 -0.994522 -0.104526
    outer loop
      vertex 4.25025 13.205 35.8068
      vertex 1.74975 13.5 33
      vertex 4.25025 13.5 33
    endloop
  endfacet
  facet normal -0 0.207883 0.978154
    outer loop
      vertex 1.74975 -1.41113 19.574
      vertex 4.25025 -4.17173 20.1607
      vertex 4.25025 -1.41113 19.574
    endloop
  endfacet
  facet normal 0 0.207883 0.978154
    outer loop
      vertex 4.25025 -4.17173 20.1607
      vertex 1.74975 -1.41113 19.574
      vertex 1.74975 -4.17173 20.1607
    endloop
  endfacet
  facet normal 0 -0.994522 0.104526
    outer loop
      vertex 1.74975 13.205 30.1932
      vertex 4.25025 13.5 33
      vertex 1.74975 13.5 33
    endloop
  endfacet
  facet normal 0 -0.994522 0.104526
    outer loop
      vertex 4.25025 13.5 33
      vertex 1.74975 13.205 30.1932
      vertex 4.25025 13.205 30.1932
    endloop
  endfacet
  facet normal 0 0.743157 0.669117
    outer loop
      vertex 4.25025 -9.03326 22.9675
      vertex 1.74975 -10.9217 25.0649
      vertex 4.25025 -10.9217 25.0649
    endloop
  endfacet
  facet normal 0 0.743157 0.669117
    outer loop
      vertex 1.74975 -10.9217 25.0649
      vertex 4.25025 -9.03326 22.9675
      vertex 1.74975 -9.03326 22.9675
    endloop
  endfacet
  facet normal -0 0 1
    outer loop
      vertex 1.74975 1.41113 19.574
      vertex 4.25025 -1.41113 19.574
      vertex 4.25025 1.41113 19.574
    endloop
  endfacet
  facet normal 0 0 1
    outer loop
      vertex 4.25025 -1.41113 19.574
      vertex 1.74975 1.41113 19.574
      vertex 1.74975 -1.41113 19.574
    endloop
  endfacet
  facet normal 0 -0.951058 -0.309012
    outer loop
      vertex 1.74975 13.205 35.8068
      vertex 4.25025 12.3329 38.4909
      vertex 1.74975 12.3329 38.4909
    endloop
  endfacet
  facet normal 0 -0.951058 -0.309012
    outer loop
      vertex 4.25025 12.3329 38.4909
      vertex 1.74975 13.205 35.8068
      vertex 4.25025 13.205 35.8068
    endloop
  endfacet
  facet normal 0 -0.207883 -0.978154
    outer loop
      vertex 1.74975 1.41113 46.426
      vertex 4.25025 4.17173 45.8393
      vertex 4.25025 1.41113 46.426
    endloop
  endfacet
  facet normal -0 -0.207883 -0.978154
    outer loop
      vertex 4.25025 4.17173 45.8393
      vertex 1.74975 1.41113 46.426
      vertex 1.74975 4.17173 45.8393
    endloop
  endfacet
  facet normal 0 0.207883 -0.978154
    outer loop
      vertex 1.74975 -4.17173 45.8393
      vertex 4.25025 -1.41113 46.426
      vertex 4.25025 -4.17173 45.8393
    endloop
  endfacet
  facet normal 0 0.207883 -0.978154
    outer loop
      vertex 4.25025 -1.41113 46.426
      vertex 1.74975 -4.17173 45.8393
      vertex 1.74975 -1.41113 46.426
    endloop
  endfacet
  facet normal 0 -0.40676 -0.913535
    outer loop
      vertex 1.74975 4.17173 45.8393
      vertex 4.25025 6.75 44.6913
      vertex 4.25025 4.17173 45.8393
    endloop
  endfacet
  facet normal -0 -0.40676 -0.913535
    outer loop
      vertex 4.25025 6.75 44.6913
      vertex 1.74975 4.17173 45.8393
      vertex 1.74975 6.75 44.6913
    endloop
  endfacet
  facet normal -0 0.40676 0.913535
    outer loop
      vertex 1.74975 -4.17173 20.1607
      vertex 4.25025 -6.75 21.3087
      vertex 4.25025 -4.17173 20.1607
    endloop
  endfacet
  facet normal 0 0.40676 0.913535
    outer loop
      vertex 4.25025 -6.75 21.3087
      vertex 1.74975 -4.17173 20.1607
      vertex 1.74975 -6.75 21.3087
    endloop
  endfacet
  facet normal 0 0.951058 0.309012
    outer loop
      vertex 4.25025 -12.3329 27.5091
      vertex 1.74975 -13.205 30.1932
      vertex 4.25025 -13.205 30.1932
    endloop
  endfacet
  facet normal 0 0.951058 0.309012
    outer loop
      vertex 1.74975 -13.205 30.1932
      vertex 4.25025 -12.3329 27.5091
      vertex 1.74975 -12.3329 27.5091
    endloop
  endfacet
  facet normal 0 -0.743157 -0.669117
    outer loop
      vertex 1.74975 10.9217 40.9351
      vertex 4.25025 9.03326 43.0325
      vertex 1.74975 9.03326 43.0325
    endloop
  endfacet
  facet normal 0 -0.743157 -0.669117
    outer loop
      vertex 4.25025 9.03326 43.0325
      vertex 1.74975 10.9217 40.9351
      vertex 4.25025 10.9217 40.9351
    endloop
  endfacet
  facet normal 0 -0.207883 0.978154
    outer loop
      vertex 1.74975 4.17173 20.1607
      vertex 4.25025 1.41113 19.574
      vertex 4.25025 4.17173 20.1607
    endloop
  endfacet
  facet normal 0 -0.207883 0.978154
    outer loop
      vertex 4.25025 1.41113 19.574
      vertex 1.74975 4.17173 20.1607
      vertex 1.74975 1.41113 19.574
    endloop
  endfacet
  facet normal 0 -0.866019 0.500011
    outer loop
      vertex 1.74975 10.9217 25.0649
      vertex 4.25025 12.3329 27.5091
      vertex 1.74975 12.3329 27.5091
    endloop
  endfacet
  facet normal 0 -0.866019 0.500011
    outer loop
      vertex 4.25025 12.3329 27.5091
      vertex 1.74975 10.9217 25.0649
      vertex 4.25025 10.9217 25.0649
    endloop
  endfacet
  facet normal 0 0.743157 -0.669117
    outer loop
      vertex 4.25025 -10.9217 40.9351
      vertex 1.74975 -9.03326 43.0325
      vertex 4.25025 -9.03326 43.0325
    endloop
  endfacet
  facet normal 0 0.743157 -0.669117
    outer loop
      vertex 1.74975 -9.03326 43.0325
      vertex 4.25025 -10.9217 40.9351
      vertex 1.74975 -10.9217 40.9351
    endloop
  endfacet
  facet normal 0 -0.866019 -0.500011
    outer loop
      vertex 1.74975 12.3329 38.4909
      vertex 4.25025 10.9217 40.9351
      vertex 1.74975 10.9217 40.9351
    endloop
  endfacet
  facet normal 0 -0.866019 -0.500011
    outer loop
      vertex 4.25025 10.9217 40.9351
      vertex 1.74975 12.3329 38.4909
      vertex 4.25025 12.3329 38.4909
    endloop
  endfacet
  facet normal -0 0.587765 0.809031
    outer loop
      vertex 1.74975 -6.75 21.3087
      vertex 4.25025 -9.03326 22.9675
      vertex 4.25025 -6.75 21.3087
    endloop
  endfacet
  facet normal 0 0.587765 0.809031
    outer loop
      vertex 4.25025 -9.03326 22.9675
      vertex 1.74975 -6.75 21.3087
      vertex 1.74975 -9.03326 22.9675
    endloop
  endfacet
  facet normal 0 0 -1
    outer loop
      vertex 1.74975 -1.41113 46.426
      vertex 4.25025 1.41113 46.426
      vertex 4.25025 -1.41113 46.426
    endloop
  endfacet
  facet normal -0 0 -1
    outer loop
      vertex 4.25025 1.41113 46.426
      vertex 1.74975 -1.41113 46.426
      vertex 1.74975 1.41113 46.426
    endloop
  endfacet
  facet normal 0 -0.587765 0.809031
    outer loop
      vertex 1.74975 9.03326 22.9675
      vertex 4.25025 6.75 21.3087
      vertex 4.25025 9.03326 22.9675
    endloop
  endfacet
  facet normal 0 -0.587765 0.809031
    outer loop
      vertex 4.25025 6.75 21.3087
      vertex 1.74975 9.03326 22.9675
      vertex 1.74975 6.75 21.3087
    endloop
  endfacet
  facet normal 0 -0.80906 -0.587726
    outer loop
      vertex -2.0005 9.74234 64.025
      vertex 5.6005 9.55187 64.2872
      vertex -2.0005 9.55187 64.2872
    endloop
  endfacet
  facet normal 0 -0.80906 -0.587726
    outer loop
      vertex 5.6005 9.55187 64.2872
      vertex -2.0005 9.74234 64.025
      vertex 5.6005 9.74234 64.025
    endloop
  endfacet
  facet normal 0 0.809068 0.587716
    outer loop
      vertex 5.6005 -0.551874 62.2128
      vertex -2.0005 -0.742339 62.475
      vertex 5.6005 -0.742339 62.475
    endloop
  endfacet
  facet normal 0 0.809068 0.587716
    outer loop
      vertex -2.0005 -0.742339 62.475
      vertex 5.6005 -0.551874 62.2128
      vertex -2.0005 -0.551874 62.2128
    endloop
  endfacet
  facet normal -0 0.104617 0.994513
    outer loop
      vertex -2.0005 0.6 61.7
      vertex 5.6005 0.277738 61.7339
      vertex 5.6005 0.6 61.7
    endloop
  endfacet
  facet normal 0 0.104617 0.994513
    outer loop
      vertex 5.6005 0.277738 61.7339
      vertex -2.0005 0.6 61.7
      vertex -2.0005 0.277738 61.7339
    endloop
  endfacet
  facet normal 0 0.104617 -0.994513
    outer loop
      vertex -2.0005 0.277738 64.7661
      vertex 5.6005 0.6 64.8
      vertex 5.6005 0.277738 64.7661
    endloop
  endfacet
  facet normal 0 0.104617 -0.994513
    outer loop
      vertex 5.6005 0.6 64.8
      vertex -2.0005 0.277738 64.7661
      vertex -2.0005 0.6 64.8
    endloop
  endfacet
  facet normal -0 0 1
    outer loop
      vertex -2.0005 8.4 61.7
      vertex 5.6005 0.6 61.7
      vertex 5.6005 8.4 61.7
    endloop
  endfacet
  facet normal 0 0 1
    outer loop
      vertex 5.6005 0.6 61.7
      vertex -2.0005 8.4 61.7
      vertex -2.0005 0.6 61.7
    endloop
  endfacet
  facet normal 0 0 -1
    outer loop
      vertex -2.0005 0.6 64.8
      vertex 5.6005 8.4 64.8
      vertex 5.6005 0.6 64.8
    endloop
  endfacet
  facet normal -0 0 -1
    outer loop
      vertex 5.6005 8.4 64.8
      vertex -2.0005 0.6 64.8
      vertex -2.0005 8.4 64.8
    endloop
  endfacet
  facet normal 0 -0.104617 -0.994513
    outer loop
      vertex -2.0005 8.4 64.8
      vertex 5.6005 8.72226 64.7661
      vertex 5.6005 8.4 64.8
    endloop
  endfacet
  facet normal -0 -0.104617 -0.994513
    outer loop
      vertex 5.6005 8.72226 64.7661
      vertex -2.0005 8.4 64.8
      vertex -2.0005 8.72226 64.7661
    endloop
  endfacet
  facet normal 0 -0.308923 0.951087
    outer loop
      vertex -2.0005 9.03044 61.834
      vertex 5.6005 8.72226 61.7339
      vertex 5.6005 9.03044 61.834
    endloop
  endfacet
  facet normal 0 -0.308923 0.951087
    outer loop
      vertex 5.6005 8.72226 61.7339
      vertex -2.0005 9.03044 61.834
      vertex -2.0005 8.72226 61.7339
    endloop
  endfacet
  facet normal 0 -0.104617 0.994513
    outer loop
      vertex -2.0005 8.72226 61.7339
      vertex 5.6005 8.4 61.7
      vertex 5.6005 8.72226 61.7339
    endloop
  endfacet
  facet normal 0 -0.104617 0.994513
    outer loop
      vertex 5.6005 8.4 61.7
      vertex -2.0005 8.72226 61.7339
      vertex -2.0005 8.4 61.7
    endloop
  endfacet
  facet normal 0 0.308923 -0.951087
    outer loop
      vertex -2.0005 -0.0304413 64.666
      vertex 5.6005 0.277738 64.7661
      vertex 5.6005 -0.0304413 64.666
    endloop
  endfacet
  facet normal 0 0.308923 -0.951087
    outer loop
      vertex 5.6005 0.277738 64.7661
      vertex -2.0005 -0.0304413 64.666
      vertex -2.0005 0.277738 64.7661
    endloop
  endfacet
  facet normal 0 -0.978154 0.207881
    outer loop
      vertex -2.0005 9.87414 62.771
      vertex 5.6005 9.94151 63.088
      vertex -2.0005 9.94151 63.088
    endloop
  endfacet
  facet normal 0 -0.978154 0.207881
    outer loop
      vertex 5.6005 9.94151 63.088
      vertex -2.0005 9.87414 62.771
      vertex 5.6005 9.87414 62.771
    endloop
  endfacet
  facet normal 0 -1 0
    outer loop
      vertex -2.0005 9.94151 63.088
      vertex 5.6005 9.94151 63.412
      vertex -2.0005 9.94151 63.412
    endloop
  endfacet
  facet normal 0 -1 -0
    outer loop
      vertex 5.6005 9.94151 63.412
      vertex -2.0005 9.94151 63.088
      vertex 5.6005 9.94151 63.088
    endloop
  endfacet
  facet normal 0 0.66909 -0.743181
    outer loop
      vertex -2.0005 -0.551874 64.2872
      vertex 5.6005 -0.311067 64.504
      vertex 5.6005 -0.551874 64.2872
    endloop
  endfacet
  facet normal 0 0.66909 -0.743181
    outer loop
      vertex 5.6005 -0.311067 64.504
      vertex -2.0005 -0.551874 64.2872
      vertex -2.0005 -0.311067 64.504
    endloop
  endfacet
  facet normal 0 -0.669101 0.743171
    outer loop
      vertex -2.0005 9.55187 62.2128
      vertex 5.6005 9.31107 61.996
      vertex 5.6005 9.55187 62.2128
    endloop
  endfacet
  facet normal 0 -0.669101 0.743171
    outer loop
      vertex 5.6005 9.31107 61.996
      vertex -2.0005 9.55187 62.2128
      vertex -2.0005 9.31107 61.996
    endloop
  endfacet
  facet normal 0 -0.669101 -0.743171
    outer loop
      vertex -2.0005 9.31107 64.504
      vertex 5.6005 9.55187 64.2872
      vertex 5.6005 9.31107 64.504
    endloop
  endfacet
  facet normal -0 -0.669101 -0.743171
    outer loop
      vertex 5.6005 9.55187 64.2872
      vertex -2.0005 9.31107 64.504
      vertex -2.0005 9.55187 64.2872
    endloop
  endfacet
  facet normal 0 -0.80906 0.587726
    outer loop
      vertex -2.0005 9.55187 62.2128
      vertex 5.6005 9.74234 62.475
      vertex -2.0005 9.74234 62.475
    endloop
  endfacet
  facet normal 0 -0.80906 0.587726
    outer loop
      vertex 5.6005 9.74234 62.475
      vertex -2.0005 9.55187 62.2128
      vertex 5.6005 9.55187 62.2128
    endloop
  endfacet
  facet normal -0 0.308923 0.951087
    outer loop
      vertex -2.0005 0.277738 61.7339
      vertex 5.6005 -0.0304413 61.834
      vertex 5.6005 0.277738 61.7339
    endloop
  endfacet
  facet normal 0 0.308923 0.951087
    outer loop
      vertex 5.6005 -0.0304413 61.834
      vertex -2.0005 0.277738 61.7339
      vertex -2.0005 -0.0304413 61.834
    endloop
  endfacet
  facet normal -0 0.66909 0.743181
    outer loop
      vertex -2.0005 -0.311067 61.996
      vertex 5.6005 -0.551874 62.2128
      vertex 5.6005 -0.311067 61.996
    endloop
  endfacet
  facet normal 0 0.66909 0.743181
    outer loop
      vertex 5.6005 -0.551874 62.2128
      vertex -2.0005 -0.311067 61.996
      vertex -2.0005 -0.551874 62.2128
    endloop
  endfacet
  facet normal 0 -0.49995 0.866055
    outer loop
      vertex -2.0005 9.31107 61.996
      vertex 5.6005 9.03044 61.834
      vertex 5.6005 9.31107 61.996
    endloop
  endfacet
  facet normal 0 -0.49995 0.866055
    outer loop
      vertex 5.6005 9.03044 61.834
      vertex -2.0005 9.31107 61.996
      vertex -2.0005 9.03044 61.834
    endloop
  endfacet
  facet normal 0 -0.978154 -0.207881
    outer loop
      vertex -2.0005 9.94151 63.412
      vertex 5.6005 9.87414 63.729
      vertex -2.0005 9.87414 63.729
    endloop
  endfacet
  facet normal 0 -0.978154 -0.207881
    outer loop
      vertex 5.6005 9.87414 63.729
      vertex -2.0005 9.94151 63.412
      vertex 5.6005 9.94151 63.412
    endloop
  endfacet
  facet normal 0 0.913534 -0.406763
    outer loop
      vertex 5.6005 -0.874137 63.729
      vertex -2.0005 -0.742339 64.025
      vertex 5.6005 -0.742339 64.025
    endloop
  endfacet
  facet normal 0 0.913534 -0.406763
    outer loop
      vertex -2.0005 -0.742339 64.025
      vertex 5.6005 -0.874137 63.729
      vertex -2.0005 -0.874137 63.729
    endloop
  endfacet
  facet normal 0 0.913534 0.406763
    outer loop
      vertex 5.6005 -0.742339 62.475
      vertex -2.0005 -0.874137 62.771
      vertex 5.6005 -0.874137 62.771
    endloop
  endfacet
  facet normal 0 0.913534 0.406763
    outer loop
      vertex -2.0005 -0.874137 62.771
      vertex 5.6005 -0.742339 62.475
      vertex -2.0005 -0.742339 62.475
    endloop
  endfacet
  facet normal 0 -0.913531 -0.406768
    outer loop
      vertex -2.0005 9.87414 63.729
      vertex 5.6005 9.74234 64.025
      vertex -2.0005 9.74234 64.025
    endloop
  endfacet
  facet normal 0 -0.913531 -0.406768
    outer loop
      vertex 5.6005 9.74234 64.025
      vertex -2.0005 9.87414 63.729
      vertex 5.6005 9.87414 63.729
    endloop
  endfacet
  facet normal 0 0.809068 -0.587716
    outer loop
      vertex 5.6005 -0.742339 64.025
      vertex -2.0005 -0.551874 64.2872
      vertex 5.6005 -0.551874 64.2872
    endloop
  endfacet
  facet normal 0 0.809068 -0.587716
    outer loop
      vertex -2.0005 -0.551874 64.2872
      vertex 5.6005 -0.742339 64.025
      vertex -2.0005 -0.742339 64.025
    endloop
  endfacet
  facet normal 0 0.978154 -0.207884
    outer loop
      vertex 5.6005 -0.941508 63.412
      vertex -2.0005 -0.874137 63.729
      vertex 5.6005 -0.874137 63.729
    endloop
  endfacet
  facet normal 0 0.978154 -0.207884
    outer loop
      vertex -2.0005 -0.874137 63.729
      vertex 5.6005 -0.941508 63.412
      vertex -2.0005 -0.941508 63.412
    endloop
  endfacet
  facet normal -0 0.499955 0.866051
    outer loop
      vertex -2.0005 -0.0304413 61.834
      vertex 5.6005 -0.311067 61.996
      vertex 5.6005 -0.0304413 61.834
    endloop
  endfacet
  facet normal 0 0.499955 0.866051
    outer loop
      vertex 5.6005 -0.311067 61.996
      vertex -2.0005 -0.0304413 61.834
      vertex -2.0005 -0.311067 61.996
    endloop
  endfacet
  facet normal 0 1 -0
    outer loop
      vertex 5.6005 -0.941508 63.088
      vertex -2.0005 -0.941508 63.412
      vertex 5.6005 -0.941508 63.412
    endloop
  endfacet
  facet normal 0 1 0
    outer loop
      vertex -2.0005 -0.941508 63.412
      vertex 5.6005 -0.941508 63.088
      vertex -2.0005 -0.941508 63.088
    endloop
  endfacet
  facet normal 0 0.978154 0.207884
    outer loop
      vertex 5.6005 -0.874137 62.771
      vertex -2.0005 -0.941508 63.088
      vertex 5.6005 -0.941508 63.088
    endloop
  endfacet
  facet normal 0 0.978154 0.207884
    outer loop
      vertex -2.0005 -0.941508 63.088
      vertex 5.6005 -0.874137 62.771
      vertex -2.0005 -0.874137 62.771
    endloop
  endfacet
  facet normal 0 -0.913531 0.406768
    outer loop
      vertex -2.0005 9.74234 62.475
      vertex 5.6005 9.87414 62.771
      vertex -2.0005 9.87414 62.771
    endloop
  endfacet
  facet normal 0 -0.913531 0.406768
    outer loop
      vertex 5.6005 9.87414 62.771
      vertex -2.0005 9.74234 62.475
      vertex 5.6005 9.74234 62.475
    endloop
  endfacet
  facet normal 0 0.499955 -0.866051
    outer loop
      vertex -2.0005 -0.311067 64.504
      vertex 5.6005 -0.0304413 64.666
      vertex 5.6005 -0.311067 64.504
    endloop
  endfacet
  facet normal 0 0.499955 -0.866051
    outer loop
      vertex 5.6005 -0.0304413 64.666
      vertex -2.0005 -0.311067 64.504
      vertex -2.0005 -0.0304413 64.666
    endloop
  endfacet
  facet normal 0 -0.308923 -0.951087
    outer loop
      vertex -2.0005 8.72226 64.7661
      vertex 5.6005 9.03044 64.666
      vertex 5.6005 8.72226 64.7661
    endloop
  endfacet
  facet normal -0 -0.308923 -0.951087
    outer loop
      vertex 5.6005 9.03044 64.666
      vertex -2.0005 8.72226 64.7661
      vertex -2.0005 9.03044 64.666
    endloop
  endfacet
  facet normal 0 -0.49995 -0.866055
    outer loop
      vertex -2.0005 9.03044 64.666
      vertex 5.6005 9.31107 64.504
      vertex 5.6005 9.03044 64.666
    endloop
  endfacet
  facet normal -0 -0.49995 -0.866055
    outer loop
      vertex 5.6005 9.31107 64.504
      vertex -2.0005 9.03044 64.666
      vertex -2.0005 9.31107 64.504
    endloop
  endfacet
  facet normal 0 -0.80906 -0.587726
    outer loop
      vertex -2.0005 -4.25766 64.025
      vertex 5.6005 -4.44813 64.2872
      vertex -2.0005 -4.44813 64.2872
    endloop
  endfacet
  facet normal 0 -0.80906 -0.587726
    outer loop
      vertex 5.6005 -4.44813 64.2872
      vertex -2.0005 -4.25766 64.025
      vertex 5.6005 -4.25766 64.025
    endloop
  endfacet
  facet normal 0 0.809163 0.587584
    outer loop
      vertex 5.6005 -14.5519 62.2128
      vertex -2.0005 -14.7423 62.475
      vertex 5.6005 -14.7423 62.475
    endloop
  endfacet
  facet normal 0 0.809163 0.587584
    outer loop
      vertex -2.0005 -14.7423 62.475
      vertex 5.6005 -14.5519 62.2128
      vertex -2.0005 -14.5519 62.2128
    endloop
  endfacet
  facet normal -0 0.104604 0.994514
    outer loop
      vertex -2.0005 -13.4 61.7
      vertex 5.6005 -13.7223 61.7339
      vertex 5.6005 -13.4 61.7
    endloop
  endfacet
  facet normal 0 0.104604 0.994514
    outer loop
      vertex 5.6005 -13.7223 61.7339
      vertex -2.0005 -13.4 61.7
      vertex -2.0005 -13.7223 61.7339
    endloop
  endfacet
  facet normal 0 0.104604 -0.994514
    outer loop
      vertex -2.0005 -13.7223 64.7661
      vertex 5.6005 -13.4 64.8
      vertex 5.6005 -13.7223 64.7661
    endloop
  endfacet
  facet normal 0 0.104604 -0.994514
    outer loop
      vertex 5.6005 -13.4 64.8
      vertex -2.0005 -13.7223 64.7661
      vertex -2.0005 -13.4 64.8
    endloop
  endfacet
  facet normal 0 0.809163 -0.587584
    outer loop
      vertex 5.6005 -14.7423 64.025
      vertex -2.0005 -14.5519 64.2872
      vertex 5.6005 -14.5519 64.2872
    endloop
  endfacet
  facet normal 0 0.809163 -0.587584
    outer loop
      vertex -2.0005 -14.5519 64.2872
      vertex 5.6005 -14.7423 64.025
      vertex -2.0005 -14.7423 64.025
    endloop
  endfacet
  facet normal -0 0 1
    outer loop
      vertex -2.0005 -5.6 61.7
      vertex 5.6005 -13.4 61.7
      vertex 5.6005 -5.6 61.7
    endloop
  endfacet
  facet normal 0 0 1
    outer loop
      vertex 5.6005 -13.4 61.7
      vertex -2.0005 -5.6 61.7
      vertex -2.0005 -13.4 61.7
    endloop
  endfacet
  facet normal 0 0 -1
    outer loop
      vertex -2.0005 -13.4 64.8
      vertex 5.6005 -5.6 64.8
      vertex 5.6005 -13.4 64.8
    endloop
  endfacet
  facet normal -0 0 -1
    outer loop
      vertex 5.6005 -5.6 64.8
      vertex -2.0005 -13.4 64.8
      vertex -2.0005 -5.6 64.8
    endloop
  endfacet
  facet normal 0 -0.104617 -0.994513
    outer loop
      vertex -2.0005 -5.6 64.8
      vertex 5.6005 -5.27774 64.7661
      vertex 5.6005 -5.6 64.8
    endloop
  endfacet
  facet normal -0 -0.104617 -0.994513
    outer loop
      vertex 5.6005 -5.27774 64.7661
      vertex -2.0005 -5.6 64.8
      vertex -2.0005 -5.27774 64.7661
    endloop
  endfacet
  facet normal 0 -0.308923 0.951087
    outer loop
      vertex -2.0005 -4.96956 61.834
      vertex 5.6005 -5.27774 61.7339
      vertex 5.6005 -4.96956 61.834
    endloop
  endfacet
  facet normal 0 -0.308923 0.951087
    outer loop
      vertex 5.6005 -5.27774 61.7339
      vertex -2.0005 -4.96956 61.834
      vertex -2.0005 -5.27774 61.7339
    endloop
  endfacet
  facet normal 0 -0.104617 0.994513
    outer loop
      vertex -2.0005 -5.27774 61.7339
      vertex 5.6005 -5.6 61.7
      vertex 5.6005 -5.27774 61.7339
    endloop
  endfacet
  facet normal 0 -0.104617 0.994513
    outer loop
      vertex 5.6005 -5.6 61.7
      vertex -2.0005 -5.27774 61.7339
      vertex -2.0005 -5.6 61.7
    endloop
  endfacet
  facet normal 0 0.308995 -0.951064
    outer loop
      vertex -2.0005 -14.0304 64.666
      vertex 5.6005 -13.7223 64.7661
      vertex 5.6005 -14.0304 64.666
    endloop
  endfacet
  facet normal 0 0.308995 -0.951064
    outer loop
      vertex 5.6005 -13.7223 64.7661
      vertex -2.0005 -14.0304 64.666
      vertex -2.0005 -13.7223 64.7661
    endloop
  endfacet
  facet normal 0 -0.978154 0.207881
    outer loop
      vertex -2.0005 -4.12586 62.771
      vertex 5.6005 -4.05849 63.088
      vertex -2.0005 -4.05849 63.088
    endloop
  endfacet
  facet normal 0 -0.978154 0.207881
    outer loop
      vertex 5.6005 -4.05849 63.088
      vertex -2.0005 -4.12586 62.771
      vertex 5.6005 -4.12586 62.771
    endloop
  endfacet
  facet normal 0 -1 0
    outer loop
      vertex -2.0005 -4.05849 63.088
      vertex 5.6005 -4.05849 63.412
      vertex -2.0005 -4.05849 63.412
    endloop
  endfacet
  facet normal 0 -1 -0
    outer loop
      vertex 5.6005 -4.05849 63.412
      vertex -2.0005 -4.05849 63.088
      vertex 5.6005 -4.05849 63.088
    endloop
  endfacet
  facet normal 0 0.669101 -0.743171
    outer loop
      vertex -2.0005 -14.5519 64.2872
      vertex 5.6005 -14.3111 64.504
      vertex 5.6005 -14.5519 64.2872
    endloop
  endfacet
  facet normal 0 0.669101 -0.743171
    outer loop
      vertex 5.6005 -14.3111 64.504
      vertex -2.0005 -14.5519 64.2872
      vertex -2.0005 -14.3111 64.504
    endloop
  endfacet
  facet normal 0 -0.669101 0.743171
    outer loop
      vertex -2.0005 -4.44813 62.2128
      vertex 5.6005 -4.68893 61.996
      vertex 5.6005 -4.44813 62.2128
    endloop
  endfacet
  facet normal 0 -0.669101 0.743171
    outer loop
      vertex 5.6005 -4.68893 61.996
      vertex -2.0005 -4.44813 62.2128
      vertex -2.0005 -4.68893 61.996
    endloop
  endfacet
  facet normal 0 -0.669101 -0.743171
    outer loop
      vertex -2.0005 -4.68893 64.504
      vertex 5.6005 -4.44813 64.2872
      vertex 5.6005 -4.68893 64.504
    endloop
  endfacet
  facet normal -0 -0.669101 -0.743171
    outer loop
      vertex 5.6005 -4.44813 64.2872
      vertex -2.0005 -4.68893 64.504
      vertex -2.0005 -4.44813 64.2872
    endloop
  endfacet
  facet normal 0 -0.80906 0.587726
    outer loop
      vertex -2.0005 -4.44813 62.2128
      vertex 5.6005 -4.25766 62.475
      vertex -2.0005 -4.25766 62.475
    endloop
  endfacet
  facet normal 0 -0.80906 0.587726
    outer loop
      vertex 5.6005 -4.25766 62.475
      vertex -2.0005 -4.44813 62.2128
      vertex 5.6005 -4.44813 62.2128
    endloop
  endfacet
  facet normal -0 0.308995 0.951064
    outer loop
      vertex -2.0005 -13.7223 61.7339
      vertex 5.6005 -14.0304 61.834
      vertex 5.6005 -13.7223 61.7339
    endloop
  endfacet
  facet normal 0 0.308995 0.951064
    outer loop
      vertex 5.6005 -14.0304 61.834
      vertex -2.0005 -13.7223 61.7339
      vertex -2.0005 -14.0304 61.834
    endloop
  endfacet
  facet normal -0 0.669101 0.743171
    outer loop
      vertex -2.0005 -14.3111 61.996
      vertex 5.6005 -14.5519 62.2128
      vertex 5.6005 -14.3111 61.996
    endloop
  endfacet
  facet normal 0 0.669101 0.743171
    outer loop
      vertex 5.6005 -14.5519 62.2128
      vertex -2.0005 -14.3111 61.996
      vertex -2.0005 -14.5519 62.2128
    endloop
  endfacet
  facet normal 0 -0.49995 0.866055
    outer loop
      vertex -2.0005 -4.68893 61.996
      vertex 5.6005 -4.96956 61.834
      vertex 5.6005 -4.68893 61.996
    endloop
  endfacet
  facet normal 0 -0.49995 0.866055
    outer loop
      vertex 5.6005 -4.96956 61.834
      vertex -2.0005 -4.68893 61.996
      vertex -2.0005 -4.96956 61.834
    endloop
  endfacet
  facet normal 0 -0.978154 -0.207881
    outer loop
      vertex -2.0005 -4.05849 63.412
      vertex 5.6005 -4.12586 63.729
      vertex -2.0005 -4.12586 63.729
    endloop
  endfacet
  facet normal 0 -0.978154 -0.207881
    outer loop
      vertex 5.6005 -4.12586 63.729
      vertex -2.0005 -4.05849 63.412
      vertex 5.6005 -4.05849 63.412
    endloop
  endfacet
  facet normal 0 0.913531 -0.406768
    outer loop
      vertex 5.6005 -14.8741 63.729
      vertex -2.0005 -14.7423 64.025
      vertex 5.6005 -14.7423 64.025
    endloop
  endfacet
  facet normal 0 0.913531 -0.406768
    outer loop
      vertex -2.0005 -14.7423 64.025
      vertex 5.6005 -14.8741 63.729
      vertex -2.0005 -14.8741 63.729
    endloop
  endfacet
  facet normal 0 0.913531 0.406768
    outer loop
      vertex 5.6005 -14.7423 62.475
      vertex -2.0005 -14.8741 62.771
      vertex 5.6005 -14.8741 62.771
    endloop
  endfacet
  facet normal 0 0.913531 0.406768
    outer loop
      vertex -2.0005 -14.8741 62.771
      vertex 5.6005 -14.7423 62.475
      vertex -2.0005 -14.7423 62.475
    endloop
  endfacet
  facet normal 0 -0.913531 -0.406768
    outer loop
      vertex -2.0005 -4.12586 63.729
      vertex 5.6005 -4.25766 64.025
      vertex -2.0005 -4.25766 64.025
    endloop
  endfacet
  facet normal 0 -0.913531 -0.406768
    outer loop
      vertex 5.6005 -4.25766 64.025
      vertex -2.0005 -4.12586 63.729
      vertex 5.6005 -4.12586 63.729
    endloop
  endfacet
  facet normal 0 0.978135 -0.207969
    outer loop
      vertex 5.6005 -14.9415 63.412
      vertex -2.0005 -14.8741 63.729
      vertex 5.6005 -14.8741 63.729
    endloop
  endfacet
  facet normal 0 0.978135 -0.207969
    outer loop
      vertex -2.0005 -14.8741 63.729
      vertex 5.6005 -14.9415 63.412
      vertex -2.0005 -14.9415 63.412
    endloop
  endfacet
  facet normal -0 0.499856 0.866109
    outer loop
      vertex -2.0005 -14.0304 61.834
      vertex 5.6005 -14.3111 61.996
      vertex 5.6005 -14.0304 61.834
    endloop
  endfacet
  facet normal 0 0.499856 0.866109
    outer loop
      vertex 5.6005 -14.3111 61.996
      vertex -2.0005 -14.0304 61.834
      vertex -2.0005 -14.3111 61.996
    endloop
  endfacet
  facet normal 0 1 -0
    outer loop
      vertex 5.6005 -14.9415 63.088
      vertex -2.0005 -14.9415 63.412
      vertex 5.6005 -14.9415 63.412
    endloop
  endfacet
  facet normal 0 1 0
    outer loop
      vertex -2.0005 -14.9415 63.412
      vertex 5.6005 -14.9415 63.088
      vertex -2.0005 -14.9415 63.088
    endloop
  endfacet
  facet normal 0 0.978135 0.207969
    outer loop
      vertex 5.6005 -14.8741 62.771
      vertex -2.0005 -14.9415 63.088
      vertex 5.6005 -14.9415 63.088
    endloop
  endfacet
  facet normal 0 0.978135 0.207969
    outer loop
      vertex -2.0005 -14.9415 63.088
      vertex 5.6005 -14.8741 62.771
      vertex -2.0005 -14.8741 62.771
    endloop
  endfacet
  facet normal 0 -0.913531 0.406768
    outer loop
      vertex -2.0005 -4.25766 62.475
      vertex 5.6005 -4.12586 62.771
      vertex -2.0005 -4.12586 62.771
    endloop
  endfacet
  facet normal 0 -0.913531 0.406768
    outer loop
      vertex 5.6005 -4.12586 62.771
      vertex -2.0005 -4.25766 62.475
      vertex 5.6005 -4.25766 62.475
    endloop
  endfacet
  facet normal 0 0.499856 -0.866109
    outer loop
      vertex -2.0005 -14.3111 64.504
      vertex 5.6005 -14.0304 64.666
      vertex 5.6005 -14.3111 64.504
    endloop
  endfacet
  facet normal 0 0.499856 -0.866109
    outer loop
      vertex 5.6005 -14.0304 64.666
      vertex -2.0005 -14.3111 64.504
      vertex -2.0005 -14.0304 64.666
    endloop
  endfacet
  facet normal 0 -0.308923 -0.951087
    outer loop
      vertex -2.0005 -5.27774 64.7661
      vertex 5.6005 -4.96956 64.666
      vertex 5.6005 -5.27774 64.7661
    endloop
  endfacet
  facet normal -0 -0.308923 -0.951087
    outer loop
      vertex 5.6005 -4.96956 64.666
      vertex -2.0005 -5.27774 64.7661
      vertex -2.0005 -4.96956 64.666
    endloop
  endfacet
  facet normal 0 -0.49995 -0.866055
    outer loop
      vertex -2.0005 -4.96956 64.666
      vertex 5.6005 -4.68893 64.504
      vertex 5.6005 -4.96956 64.666
    endloop
  endfacet
  facet normal -0 -0.49995 -0.866055
    outer loop
      vertex 5.6005 -4.68893 64.504
      vertex -2.0005 -4.96956 64.666
      vertex -2.0005 -4.68893 64.504
    endloop
  endfacet
  facet normal -1.76123e-05 -0.500012 0.866019
    outer loop
      vertex 14.6452 26.6679 2.12868
      vertex 16.25 24.0098 0.59401
      vertex 16.25 25.9363 1.70631
    endloop
  endfacet
  facet normal 1.30543e-05 -0.499998 0.866027
    outer loop
      vertex 16.25 24.0098 0.59401
      vertex 14.6452 26.6679 2.12868
      vertex 15.5504 23.2328 0.145422
    endloop
  endfacet
  facet normal -0.00292103 -0.500575 0.865688
    outer loop
      vertex 15.5504 23.2328 0.145422
      vertex 14.6452 26.6679 2.12868
      vertex 15.5476 23.228 0.142637
    endloop
  endfacet
  facet normal 0 -0.500003 0.866024
    outer loop
      vertex 8.25 23.228 0.142637
      vertex 14.6452 26.6679 2.12868
      vertex 8.25 26.6679 2.12868
    endloop
  endfacet
  facet normal 0 -0.500003 0.866024
    outer loop
      vertex 14.6452 26.6679 2.12868
      vertex 8.25 23.228 0.142637
      vertex 15.5476 23.228 0.142637
    endloop
  endfacet
  facet normal -1 -0 0
    outer loop
      vertex 16.25 15.9902 4.499
      vertex 16.25 11.5497 -1.0848
      vertex 16.25 11.5895 7.499
    endloop
  endfacet
  facet normal -1 0 0
    outer loop
      vertex 16.25 7.772 0.142637
      vertex 16.25 11.5895 7.499
      vertex 16.25 11.5497 -1.0848
    endloop
  endfacet
  facet normal -1 -0 0
    outer loop
      vertex 16.25 11.5895 7.499
      vertex 16.25 7.772 0.142637
      vertex 16.25 8.41048 7.499
    endloop
  endfacet
  facet normal -1 -0 0
    outer loop
      vertex 16.25 15.9902 -1.44848
      vertex 16.25 15.5 -1.5
      vertex 16.25 15.9902 4.499
    endloop
  endfacet
  facet normal -1 0 0
    outer loop
      vertex 16.25 25.9363 1.70631
      vertex 16.25 24.4945 8.39547
      vertex 16.25 24.6293 9.5
    endloop
  endfacet
  facet normal -1 0 0
    outer loop
      vertex 16.25 25.9363 1.70631
      vertex 16.25 24.4511 8.19098
      vertex 16.25 24.4945 8.39547
    endloop
  endfacet
  facet normal -1 0 0
    outer loop
      vertex 16.25 25.9363 1.70631
      vertex 16.25 24.366 8
      vertex 16.25 24.4511 8.19098
    endloop
  endfacet
  facet normal -1 0 0
    outer loop
      vertex 16.25 24.0098 4.499
      vertex 16.25 24.366 8
      vertex 16.25 25.9363 1.70631
    endloop
  endfacet
  facet normal -1 0 0
    outer loop
      vertex 16.25 24.366 8
      vertex 16.25 24.0098 4.499
      vertex 16.25 24.2431 7.83087
    endloop
  endfacet
  facet normal -1 0 0
    outer loop
      vertex 16.25 24.0098 4.499
      vertex 16.25 25.9363 1.70631
      vertex 16.25 24.0098 0.59401
    endloop
  endfacet
  facet normal -1 0 0
    outer loop
      vertex 16.25 24.2431 7.83087
      vertex 16.25 24.0098 4.499
      vertex 16.25 24.0878 7.69098
    endloop
  endfacet
  facet normal -1 0 0
    outer loop
      vertex 16.25 24.0098 4.499
      vertex 16.25 23.9067 7.58646
      vertex 16.25 24.0878 7.69098
    endloop
  endfacet
  facet normal -1 0 0
    outer loop
      vertex 16.25 24.0098 4.499
      vertex 16.25 23.7079 7.52185
      vertex 16.25 23.9067 7.58646
    endloop
  endfacet
  facet normal -1 0 0
    outer loop
      vertex 16.25 24.0098 4.499
      vertex 16.25 23.5 7.5
      vertex 16.25 23.7079 7.52185
    endloop
  endfacet
  facet normal -1 0 0
    outer loop
      vertex 16.25 15.9902 4.499
      vertex 16.25 23.5 7.5
      vertex 16.25 24.0098 4.499
    endloop
  endfacet
  facet normal -1 0 0
    outer loop
      vertex 16.25 11.5497 -1.0848
      vertex 16.25 15.9902 4.499
      vertex 16.25 15.5 -1.5
    endloop
  endfacet
  facet normal -1 0 0
    outer loop
      vertex 16.25 11.5893 7.5
      vertex 16.25 15.9902 4.499
      vertex 16.25 11.5895 7.499
    endloop
  endfacet
  facet normal -1 0 0
    outer loop
      vertex 16.25 15.9902 4.499
      vertex 16.25 11.5893 7.5
      vertex 16.25 23.5 7.5
    endloop
  endfacet
  facet normal -1 -0 0
    outer loop
      vertex 16.25 24.6293 9.5
      vertex 16.25 24.4945 8.39547
      vertex 16.25 24.4945 9.5
    endloop
  endfacet
  facet normal -1 0 0
    outer loop
      vertex 16.25 4.33208 2.12868
      vertex 16.25 8.41048 7.499
      vertex 16.25 7.772 0.142637
    endloop
  endfacet
  facet normal -1 0 0
    outer loop
      vertex 16.25 1.38025 4.78652
      vertex 16.25 8.41048 7.499
      vertex 16.25 4.33208 2.12868
    endloop
  endfacet
  facet normal -1 -0 0
    outer loop
      vertex 16.25 8.41048 7.499
      vertex 16.25 1.38025 4.78652
      vertex 16.25 8.4107 7.5
    endloop
  endfacet
  facet normal -1 -0 0
    outer loop
      vertex 16.25 8.4107 7.5
      vertex 16.25 1.38025 4.78652
      vertex 16.25 -0.591211 7.5
    endloop
  endfacet
  facet normal 1.04224e-05 -0.104524 0.994522
    outer loop
      vertex 15.5504 16.7672 -1.36681
      vertex 16.25 15.5 -1.5
      vertex 16.25 15.9902 -1.44848
    endloop
  endfacet
  facet normal 9.78539e-07 -0.104536 0.994521
    outer loop
      vertex 8.25 15.5 -1.5
      vertex 15.5504 16.7672 -1.36681
      vertex 14.9755 17.7629 -1.26215
    endloop
  endfacet
  facet normal 0 -0.104544 0.99452
    outer loop
      vertex 8.25 19.4503 -1.0848
      vertex 14.6202 18.8565 -1.14722
      vertex 14.5578 19.4503 -1.0848
    endloop
  endfacet
  facet normal 1.26334e-06 -0.10453 0.994522
    outer loop
      vertex 8.25 15.5 -1.5
      vertex 14.6202 18.8565 -1.14722
      vertex 8.25 19.4503 -1.0848
    endloop
  endfacet
  facet normal -4.59084e-06 -0.104519 0.994523
    outer loop
      vertex 14.6202 18.8565 -1.14722
      vertex 8.25 15.5 -1.5
      vertex 14.9755 17.7629 -1.26215
    endloop
  endfacet
  facet normal 0 -0.10453 0.994522
    outer loop
      vertex 15.5504 16.7672 -1.36681
      vertex 8.25 15.5 -1.5
      vertex 16.25 15.5 -1.5
    endloop
  endfacet
  facet normal -0.000167269 -0.669124 0.743151
    outer loop
      vertex 8.25 26.6679 2.12868
      vertex 8.51744 29.3298 4.52548
      vertex 8.25 29.4337 4.61897
    endloop
  endfacet
  facet normal 0 -0.669133 0.743143
    outer loop
      vertex 8.51744 29.3298 4.52548
      vertex 8.25 26.6679 2.12868
      vertex 14.6452 26.6679 2.12868
    endloop
  endfacet
  facet normal -0 0.669131 0.743145
    outer loop
      vertex 8.25 4.33208 2.12868
      vertex 16.25 1.38025 4.78652
      vertex 16.25 4.33208 2.12868
    endloop
  endfacet
  facet normal 0 0.669131 0.743145
    outer loop
      vertex 16.25 1.38025 4.78652
      vertex 8.25 4.33208 2.12868
      vertex 8.25 1.38025 4.78652
    endloop
  endfacet
  facet normal -0 0.10453 0.994522
    outer loop
      vertex 8.25 15.5 -1.5
      vertex 16.25 11.5497 -1.0848
      vertex 16.25 15.5 -1.5
    endloop
  endfacet
  facet normal 0 0.10453 0.994522
    outer loop
      vertex 16.25 11.5497 -1.0848
      vertex 8.25 15.5 -1.5
      vertex 8.25 11.5497 -1.0848
    endloop
  endfacet
  facet normal 0 0.809017 0.587786
    outer loop
      vertex 16.25 1.38025 4.78652
      vertex 8.25 -0.591211 7.5
      vertex 16.25 -0.591211 7.5
    endloop
  endfacet
  facet normal 0 0.809017 0.587786
    outer loop
      vertex 8.25 -0.591211 7.5
      vertex 16.25 1.38025 4.78652
      vertex 8.25 1.38025 4.78652
    endloop
  endfacet
  facet normal 8.80841e-08 -0.309014 0.951057
    outer loop
      vertex 8.25 19.4503 -1.0848
      vertex 14.6202 21.1435 -0.534652
      vertex 8.25 23.228 0.142637
    endloop
  endfacet
  facet normal 4.36672e-06 -0.309002 0.951061
    outer loop
      vertex 14.9755 22.2371 -0.17934
      vertex 8.25 23.228 0.142637
      vertex 14.6202 21.1435 -0.534652
    endloop
  endfacet
  facet normal 0 -0.309029 0.951053
    outer loop
      vertex 8.25 23.228 0.142637
      vertex 14.9755 22.2371 -0.17934
      vertex 15.5476 23.228 0.142637
    endloop
  endfacet
  facet normal 1.91022e-06 -0.30902 0.951055
    outer loop
      vertex 14.6202 21.1435 -0.534652
      vertex 8.25 19.4503 -1.0848
      vertex 14.5 20 -0.906202
    endloop
  endfacet
  facet normal 0 -0.309001 0.951062
    outer loop
      vertex 14.5 20 -0.906202
      vertex 8.25 19.4503 -1.0848
      vertex 14.5578 19.4503 -1.0848
    endloop
  endfacet
  facet normal 1 -0 0
    outer loop
      vertex 8.25 24.4945 8.39547
      vertex 8.25 28.9368 7.66659
      vertex 8.25 28.6293 9.5
    endloop
  endfacet
  facet normal 1 -0 0
    outer loop
      vertex 8.25 24.2431 7.83087
      vertex 8.25 28.9368 7.66659
      vertex 8.25 24.366 8
    endloop
  endfacet
  facet normal 1 0 0
    outer loop
      vertex 8.25 24.4945 8.39547
      vertex 8.25 28.6293 9.5
      vertex 8.25 24.4945 9.5
    endloop
  endfacet
  facet normal 1 0 0
    outer loop
      vertex 8.25 28.9368 7.66659
      vertex 8.25 24.4945 8.39547
      vertex 8.25 24.4511 8.19098
    endloop
  endfacet
  facet normal 1 0 0
    outer loop
      vertex 8.25 28.9368 7.66659
      vertex 8.25 24.4511 8.19098
      vertex 8.25 24.366 8
    endloop
  endfacet
  facet normal 1 0 0
    outer loop
      vertex 8.25 28.9368 7.66659
      vertex 8.25 24.2431 7.83087
      vertex 8.25 29.4337 4.61897
    endloop
  endfacet
  facet normal 1 -0 0
    outer loop
      vertex 8.25 24.0878 7.69098
      vertex 8.25 29.4337 4.61897
      vertex 8.25 24.2431 7.83087
    endloop
  endfacet
  facet normal 1 0 0
    outer loop
      vertex 8.25 29.4337 4.61897
      vertex 8.25 24.0878 7.69098
      vertex 8.25 26.6679 2.12868
    endloop
  endfacet
  facet normal 1 -0 0
    outer loop
      vertex 8.25 23.9067 7.58646
      vertex 8.25 26.6679 2.12868
      vertex 8.25 24.0878 7.69098
    endloop
  endfacet
  facet normal 1 -0 0
    outer loop
      vertex 8.25 23.7079 7.52185
      vertex 8.25 26.6679 2.12868
      vertex 8.25 23.9067 7.58646
    endloop
  endfacet
  facet normal 1 -0 0
    outer loop
      vertex 8.25 23.5 7.5
      vertex 8.25 26.6679 2.12868
      vertex 8.25 23.7079 7.52185
    endloop
  endfacet
  facet normal 1 0 0
    outer loop
      vertex 8.25 23.5 7.5
      vertex 8.25 23.228 0.142637
      vertex 8.25 26.6679 2.12868
    endloop
  endfacet
  facet normal 1 0 0
    outer loop
      vertex 8.25 23.5 7.5
      vertex 8.25 19.4503 -1.0848
      vertex 8.25 23.228 0.142637
    endloop
  endfacet
  facet normal 1 0 0
    outer loop
      vertex 8.25 23.5 7.5
      vertex 8.25 15.5 -1.5
      vertex 8.25 19.4503 -1.0848
    endloop
  endfacet
  facet normal 1 0 0
    outer loop
      vertex 8.25 23.5 7.5
      vertex 8.25 11.5497 -1.0848
      vertex 8.25 15.5 -1.5
    endloop
  endfacet
  facet normal 1 0 0
    outer loop
      vertex 8.25 23.5 7.5
      vertex 8.25 7.772 0.142637
      vertex 8.25 11.5497 -1.0848
    endloop
  endfacet
  facet normal 1 0 0
    outer loop
      vertex 8.25 23.5 7.5
      vertex 8.25 4.33208 2.12868
      vertex 8.25 7.772 0.142637
    endloop
  endfacet
  facet normal 1 0 0
    outer loop
      vertex 8.25 23.5 7.5
      vertex 8.25 1.38025 4.78652
      vertex 8.25 4.33208 2.12868
    endloop
  endfacet
  facet normal 1 0 -0
    outer loop
      vertex 8.25 1.38025 4.78652
      vertex 8.25 23.5 7.5
      vertex 8.25 -0.591211 7.5
    endloop
  endfacet
  facet normal -0 0.500001 0.866025
    outer loop
      vertex 8.25 7.772 0.142637
      vertex 16.25 4.33208 2.12868
      vertex 16.25 7.772 0.142637
    endloop
  endfacet
  facet normal 0 0.500001 0.866025
    outer loop
      vertex 16.25 4.33208 2.12868
      vertex 8.25 7.772 0.142637
      vertex 8.25 4.33208 2.12868
    endloop
  endfacet
  facet normal -0 0.309014 0.951057
    outer loop
      vertex 8.25 11.5497 -1.0848
      vertex 16.25 7.772 0.142637
      vertex 16.25 11.5497 -1.0848
    endloop
  endfacet
  facet normal 0 0.309014 0.951057
    outer loop
      vertex 16.25 7.772 0.142637
      vertex 8.25 11.5497 -1.0848
      vertex 8.25 7.772 0.142637
    endloop
  endfacet
  facet normal -0.991263 -0.104186 -0.0808877
    outer loop
      vertex 4.08 20 7.499
      vertex 3.19267 20.6786 17.499
      vertex 3.99084 20.8483 7.499
    endloop
  endfacet
  facet normal -0.991262 -0.104195 -0.080887
    outer loop
      vertex 3.19267 20.6786 17.499
      vertex 4.08 20 7.499
      vertex 3.264 20 17.499
    endloop
  endfacet
  facet normal 0.405378 -0.910563 -0.0808889
    outer loop
      vertex -1.26079 23.8803 7.499
      vertex -1.632 22.8267 17.499
      vertex -2.04 23.5334 7.499
    endloop
  endfacet
  facet normal 0.405352 -0.910575 -0.0808911
    outer loop
      vertex -1.632 22.8267 17.499
      vertex -1.26079 23.8803 7.499
      vertex -1.00863 23.1042 17.499
    endloop
  endfacet
  facet normal -0.585878 -0.806352 -0.0808887
    outer loop
      vertex 2.04 23.5334 7.499
      vertex 2.18404 22.4256 17.499
      vertex 1.632 22.8267 17.499
    endloop
  endfacet
  facet normal -0.585897 -0.806339 -0.0808869
    outer loop
      vertex 2.18404 22.4256 17.499
      vertex 2.04 23.5334 7.499
      vertex 2.73005 23.032 7.499
    endloop
  endfacet
  facet normal 0.863192 -0.498354 -0.0808905
    outer loop
      vertex -2.64063 21.9185 17.499
      vertex -3.72727 21.6595 7.499
      vertex -3.30079 22.3982 7.499
    endloop
  endfacet
  facet normal 0.863173 -0.498388 -0.0808876
    outer loop
      vertex -3.72727 21.6595 7.499
      vertex -2.64063 21.9185 17.499
      vertex -2.98181 21.3276 17.499
    endloop
  endfacet
  facet normal 0 -0.996724 -0.0808841
    outer loop
      vertex -0.426476 24.0576 7.499
      vertex 0.34118 23.2461 17.499
      vertex -0.34118 23.2461 17.499
    endloop
  endfacet
  facet normal 0 -0.996724 -0.0808841
    outer loop
      vertex 0.34118 23.2461 17.499
      vertex -0.426476 24.0576 7.499
      vertex 0.426476 24.0576 7.499
    endloop
  endfacet
  facet normal 0.991309 -0.103754 -0.0808819
    outer loop
      vertex -3.60173 20.7363 12.4117
      vertex -3.99084 20.8483 7.499
      vertex -3.59565 20.7643 12.4503
    endloop
  endfacet
  facet normal 0.99126 -0.104218 -0.0808886
    outer loop
      vertex -3.65722 20.4256 12.132
      vertex -3.99084 20.8483 7.499
      vertex -3.60173 20.7363 12.4117
    endloop
  endfacet
  facet normal 0.991263 -0.104185 -0.0808858
    outer loop
      vertex -3.71234 20.0635 11.9229
      vertex -3.99084 20.8483 7.499
      vertex -3.65722 20.4256 12.132
    endloop
  endfacet
  facet normal 0.991272 -0.104112 -0.0808736
    outer loop
      vertex -3.72069 20 11.9023
      vertex -3.99084 20.8483 7.499
      vertex -3.71234 20.0635 11.9229
    endloop
  endfacet
  facet normal 0.991263 -0.104186 -0.0808872
    outer loop
      vertex -3.99084 20.8483 7.499
      vertex -3.72069 20 11.9023
      vertex -4.08 20 7.499
    endloop
  endfacet
  facet normal -0.405296 0.910601 -0.0808822
    outer loop
      vertex 2.04 16.4666 7.499
      vertex 1.74975 16.715 11.75
      vertex 1.74975 16.9693 14.613
    endloop
  endfacet
  facet normal -0.405378 0.910564 -0.0808857
    outer loop
      vertex 1.26079 16.1197 7.499
      vertex 1.74975 16.715 11.75
      vertex 2.04 16.4666 7.499
    endloop
  endfacet
  facet normal -0.405374 0.910565 -0.0808863
    outer loop
      vertex 1.74975 16.715 11.75
      vertex 1.26079 16.1197 7.499
      vertex 1.1536 16.4496 11.75
    endloop
  endfacet
  facet normal 0.740673 -0.666979 -0.0808871
    outer loop
      vertex -2.18404 22.4256 17.499
      vertex -3.30079 22.3982 7.499
      vertex -2.73005 23.032 7.499
    endloop
  endfacet
  facet normal 0.740713 -0.666934 -0.0808917
    outer loop
      vertex -3.30079 22.3982 7.499
      vertex -2.18404 22.4256 17.499
      vertex -2.64063 21.9185 17.499
    endloop
  endfacet
  facet normal 0.585897 -0.806339 -0.0808869
    outer loop
      vertex -2.04 23.5334 7.499
      vertex -2.18404 22.4256 17.499
      vertex -2.73005 23.032 7.499
    endloop
  endfacet
  facet normal 0.585878 -0.806352 -0.0808887
    outer loop
      vertex -2.18404 22.4256 17.499
      vertex -2.04 23.5334 7.499
      vertex -1.632 22.8267 17.499
    endloop
  endfacet
  facet normal 0.863199 0.498341 -0.0808901
    outer loop
      vertex -3.02016 17.8057 11.75
      vertex -3.72727 18.3405 7.499
      vertex -3.41037 18.4816 11.75
    endloop
  endfacet
  facet normal 0.863192 0.498354 -0.0808873
    outer loop
      vertex -3.72727 18.3405 7.499
      vertex -3.02016 17.8057 11.75
      vertex -3.30079 17.6018 7.499
    endloop
  endfacet
  facet normal -0.405352 -0.910575 -0.0808911
    outer loop
      vertex 1.26079 23.8803 7.499
      vertex 1.632 22.8267 17.499
      vertex 1.00863 23.1042 17.499
    endloop
  endfacet
  facet normal -0.405378 -0.910563 -0.0808889
    outer loop
      vertex 1.632 22.8267 17.499
      vertex 1.26079 23.8803 7.499
      vertex 2.04 23.5334 7.499
    endloop
  endfacet
  facet normal -0.947946 0.307987 -0.0808887
    outer loop
      vertex 3.99084 19.1517 7.499
      vertex 2.98181 18.6724 17.499
      vertex 3.19267 19.3214 17.499
    endloop
  endfacet
  facet normal -0.947942 0.307999 -0.0808878
    outer loop
      vertex 2.98181 18.6724 17.499
      vertex 3.99084 19.1517 7.499
      vertex 3.72727 18.3405 7.499
    endloop
  endfacet
  facet normal 0.947935 0.308021 -0.0808851
    outer loop
      vertex -3.41037 18.4816 11.75
      vertex -3.99084 19.1517 7.499
      vertex -3.65154 19.2238 11.75
    endloop
  endfacet
  facet normal 0.947942 0.307999 -0.0808895
    outer loop
      vertex -3.99084 19.1517 7.499
      vertex -3.41037 18.4816 11.75
      vertex -3.72727 18.3405 7.499
    endloop
  endfacet
  facet normal 0.947996 -0.307831 -0.0808914
    outer loop
      vertex -3.34832 21.239 13.5409
      vertex -2.98181 21.3276 17.499
      vertex -3.01058 21.239 17.499
    endloop
  endfacet
  facet normal 0.947969 -0.307915 -0.080887
    outer loop
      vertex -2.98181 21.3276 17.499
      vertex -3.34832 21.239 13.5409
      vertex -3.72727 21.6595 7.499
    endloop
  endfacet
  facet normal 0.947912 -0.308089 -0.0808955
    outer loop
      vertex -3.41146 21.1521 13.132
      vertex -3.72727 21.6595 7.499
      vertex -3.34832 21.239 13.5409
    endloop
  endfacet
  facet normal 0.947962 -0.307939 -0.0808848
    outer loop
      vertex -3.49931 20.982 12.75
      vertex -3.72727 21.6595 7.499
      vertex -3.41146 21.1521 13.132
    endloop
  endfacet
  facet normal 0.947906 -0.308105 -0.0809038
    outer loop
      vertex -3.59565 20.7643 12.4503
      vertex -3.72727 21.6595 7.499
      vertex -3.49931 20.982 12.75
    endloop
  endfacet
  facet normal 0.947942 -0.307999 -0.0808857
    outer loop
      vertex -3.72727 21.6595 7.499
      vertex -3.59565 20.7643 12.4503
      vertex -3.99084 20.8483 7.499
    endloop
  endfacet
  facet normal -0.207187 0.974952 -0.0808857
    outer loop
      vertex 0.426476 15.9424 7.499
      vertex 1.1536 16.4496 11.75
      vertex 1.26079 16.1197 7.499
    endloop
  endfacet
  facet normal -0.207277 0.974934 -0.0808681
    outer loop
      vertex 1.1536 16.4496 11.75
      vertex 0.426476 15.9424 7.499
      vertex 0.390217 16.2873 11.75
    endloop
  endfacet
  facet normal 0 0.996725 -0.0808681
    outer loop
      vertex 0.426476 15.9424 7.499
      vertex -0.390217 16.2873 11.75
      vertex 0.390217 16.2873 11.75
    endloop
  endfacet
  facet normal 0 0.996725 -0.0808681
    outer loop
      vertex -0.390217 16.2873 11.75
      vertex 0.426476 15.9424 7.499
      vertex -0.426476 15.9424 7.499
    endloop
  endfacet
  facet normal 0.207187 -0.974951 -0.0808904
    outer loop
      vertex -0.426476 24.0576 7.499
      vertex -1.00863 23.1042 17.499
      vertex -1.26079 23.8803 7.499
    endloop
  endfacet
  facet normal 0.207271 -0.974934 -0.0808838
    outer loop
      vertex -1.00863 23.1042 17.499
      vertex -0.426476 24.0576 7.499
      vertex -0.34118 23.2461 17.499
    endloop
  endfacet
  facet normal 0.585923 0.80632 -0.0808847
    outer loop
      vertex -2.04 16.4666 7.499
      vertex -2.49794 17.2258 11.75
      vertex -1.86656 16.767 11.75
    endloop
  endfacet
  facet normal 0.585897 0.806338 -0.0808907
    outer loop
      vertex -2.49794 17.2258 11.75
      vertex -2.04 16.4666 7.499
      vertex -2.73005 16.968 7.499
    endloop
  endfacet
  facet normal 0.740662 0.666991 -0.0808872
    outer loop
      vertex -2.49794 17.2258 11.75
      vertex -3.30079 17.6018 7.499
      vertex -3.02016 17.8057 11.75
    endloop
  endfacet
  facet normal 0.740672 0.666979 -0.0808903
    outer loop
      vertex -3.30079 17.6018 7.499
      vertex -2.49794 17.2258 11.75
      vertex -2.73005 16.968 7.499
    endloop
  endfacet
  facet normal -0.207271 -0.974934 -0.0808838
    outer loop
      vertex 0.426476 24.0576 7.499
      vertex 1.00863 23.1042 17.499
      vertex 0.34118 23.2461 17.499
    endloop
  endfacet
  facet normal -0.207187 -0.974951 -0.0808904
    outer loop
      vertex 1.00863 23.1042 17.499
      vertex 0.426476 24.0576 7.499
      vertex 1.26079 23.8803 7.499
    endloop
  endfacet
  facet normal -0.740713 0.666934 -0.0808917
    outer loop
      vertex 3.30079 17.6018 7.499
      vertex 2.18404 17.5744 17.499
      vertex 2.64063 18.0815 17.499
    endloop
  endfacet
  facet normal -0.740673 0.666979 -0.0808871
    outer loop
      vertex 2.18404 17.5744 17.499
      vertex 3.30079 17.6018 7.499
      vertex 2.73005 16.968 7.499
    endloop
  endfacet
  facet normal -0.585896 0.806344 -0.0808481
    outer loop
      vertex 2.18404 17.5744 17.499
      vertex 1.87254 17.3096 17.1154
      vertex 1.87507 17.3499 17.499
    endloop
  endfacet
  facet normal -0.585926 0.806325 -0.0808106
    outer loop
      vertex 2.18404 17.5744 17.499
      vertex 1.75883 17.1901 16.7475
      vertex 1.87254 17.3096 17.1154
    endloop
  endfacet
  facet normal -0.586921 0.805599 -0.0808372
    outer loop
      vertex 1.75883 17.1901 16.7475
      vertex 1.74975 16.9693 14.613
      vertex 1.74975 17.1821 16.7337
    endloop
  endfacet
  facet normal -0.585797 0.806407 -0.0809256
    outer loop
      vertex 2.18404 17.5744 17.499
      vertex 1.74975 16.9693 14.613
      vertex 1.75883 17.1901 16.7475
    endloop
  endfacet
  facet normal -0.585926 0.806317 -0.0808872
    outer loop
      vertex 2.73005 16.968 7.499
      vertex 1.74975 16.9693 14.613
      vertex 2.18404 17.5744 17.499
    endloop
  endfacet
  facet normal -0.585897 0.806339 -0.0808832
    outer loop
      vertex 1.74975 16.9693 14.613
      vertex 2.73005 16.968 7.499
      vertex 2.04 16.4666 7.499
    endloop
  endfacet
  facet normal 0.207277 0.974934 -0.0808681
    outer loop
      vertex -0.426476 15.9424 7.499
      vertex -1.1536 16.4496 11.75
      vertex -0.390217 16.2873 11.75
    endloop
  endfacet
  facet normal 0.207187 0.974952 -0.0808857
    outer loop
      vertex -1.1536 16.4496 11.75
      vertex -0.426476 15.9424 7.499
      vertex -1.26079 16.1197 7.499
    endloop
  endfacet
  facet normal -0.863173 0.498388 -0.0808876
    outer loop
      vertex 3.72727 18.3405 7.499
      vertex 2.64063 18.0815 17.499
      vertex 2.98181 18.6724 17.499
    endloop
  endfacet
  facet normal -0.863192 0.498354 -0.0808905
    outer loop
      vertex 2.64063 18.0815 17.499
      vertex 3.72727 18.3405 7.499
      vertex 3.30079 17.6018 7.499
    endloop
  endfacet
  facet normal -0.740673 -0.666979 -0.0808871
    outer loop
      vertex 3.30079 22.3982 7.499
      vertex 2.18404 22.4256 17.499
      vertex 2.73005 23.032 7.499
    endloop
  endfacet
  facet normal -0.740713 -0.666934 -0.0808917
    outer loop
      vertex 2.18404 22.4256 17.499
      vertex 3.30079 22.3982 7.499
      vertex 2.64063 21.9185 17.499
    endloop
  endfacet
  facet normal -0.991262 0.104195 -0.080887
    outer loop
      vertex 4.08 20 7.499
      vertex 3.19267 19.3214 17.499
      vertex 3.264 20 17.499
    endloop
  endfacet
  facet normal -0.991263 0.104186 -0.0808877
    outer loop
      vertex 3.19267 19.3214 17.499
      vertex 4.08 20 7.499
      vertex 3.99084 19.1517 7.499
    endloop
  endfacet
  facet normal -0.863192 -0.498354 -0.0808905
    outer loop
      vertex 3.72727 21.6595 7.499
      vertex 2.64063 21.9185 17.499
      vertex 3.30079 22.3982 7.499
    endloop
  endfacet
  facet normal -0.863173 -0.498388 -0.0808876
    outer loop
      vertex 2.64063 21.9185 17.499
      vertex 3.72727 21.6595 7.499
      vertex 2.98181 21.3276 17.499
    endloop
  endfacet
  facet normal -0.947942 -0.307999 -0.0808878
    outer loop
      vertex 3.99084 20.8483 7.499
      vertex 2.98181 21.3276 17.499
      vertex 3.72727 21.6595 7.499
    endloop
  endfacet
  facet normal -0.947946 -0.307987 -0.0808887
    outer loop
      vertex 2.98181 21.3276 17.499
      vertex 3.99084 20.8483 7.499
      vertex 3.19267 20.6786 17.499
    endloop
  endfacet
  facet normal 0.405372 0.910566 -0.0808863
    outer loop
      vertex -1.26079 16.1197 7.499
      vertex -1.86656 16.767 11.75
      vertex -1.1536 16.4496 11.75
    endloop
  endfacet
  facet normal 0.405378 0.910564 -0.080885
    outer loop
      vertex -1.86656 16.767 11.75
      vertex -1.26079 16.1197 7.499
      vertex -2.04 16.4666 7.499
    endloop
  endfacet
  facet normal 0.991264 0.104174 -0.0808873
    outer loop
      vertex -3.69443 19.6658 11.7937
      vertex -4.08 20 7.499
      vertex -3.72069 20 11.9023
    endloop
  endfacet
  facet normal 0.991262 0.104194 -0.0808856
    outer loop
      vertex -3.65429 19.25 11.75
      vertex -4.08 20 7.499
      vertex -3.69443 19.6658 11.7937
    endloop
  endfacet
  facet normal 0.991278 0.104046 -0.0808851
    outer loop
      vertex -3.99084 19.1517 7.499
      vertex -3.65429 19.25 11.75
      vertex -3.65154 19.2238 11.75
    endloop
  endfacet
  facet normal 0.991263 0.104186 -0.0808871
    outer loop
      vertex -3.65429 19.25 11.75
      vertex -3.99084 19.1517 7.499
      vertex -4.08 20 7.499
    endloop
  endfacet
  facet normal 0 0 1
    outer loop
      vertex -2.04 16.4666 7.499
      vertex -3.30079 17.6018 7.499
      vertex -2.73005 16.968 7.499
    endloop
  endfacet
  facet normal 0 0 1
    outer loop
      vertex -2.04 16.4666 7.499
      vertex -3.72727 18.3405 7.499
      vertex -3.30079 17.6018 7.499
    endloop
  endfacet
  facet normal 0 0 1
    outer loop
      vertex -2.04 16.4666 7.499
      vertex -3.99084 19.1517 7.499
      vertex -3.72727 18.3405 7.499
    endloop
  endfacet
  facet normal -0 -0 1
    outer loop
      vertex -3.99084 19.1517 7.499
      vertex -2.04 16.4666 7.499
      vertex -4.08 20 7.499
    endloop
  endfacet
  facet normal 0 0 1
    outer loop
      vertex 2.04 16.4666 7.499
      vertex 0.426476 15.9424 7.499
      vertex 1.26079 16.1197 7.499
    endloop
  endfacet
  facet normal 0 0 1
    outer loop
      vertex 2.04 16.4666 7.499
      vertex -0.426476 15.9424 7.499
      vertex 0.426476 15.9424 7.499
    endloop
  endfacet
  facet normal 0 0 1
    outer loop
      vertex 2.04 16.4666 7.499
      vertex -1.26079 16.1197 7.499
      vertex -0.426476 15.9424 7.499
    endloop
  endfacet
  facet normal 0 -0 1
    outer loop
      vertex -1.26079 16.1197 7.499
      vertex 2.04 16.4666 7.499
      vertex -2.04 16.4666 7.499
    endloop
  endfacet
  facet normal 0 0 1
    outer loop
      vertex -3.30079 22.3982 7.499
      vertex -2.04 23.5334 7.499
      vertex -2.73005 23.032 7.499
    endloop
  endfacet
  facet normal 0 0 1
    outer loop
      vertex -3.72727 21.6595 7.499
      vertex -2.04 23.5334 7.499
      vertex -3.30079 22.3982 7.499
    endloop
  endfacet
  facet normal 0 0 1
    outer loop
      vertex -3.99084 20.8483 7.499
      vertex -2.04 23.5334 7.499
      vertex -3.72727 21.6595 7.499
    endloop
  endfacet
  facet normal 0 0 1
    outer loop
      vertex -2.04 23.5334 7.499
      vertex -3.99084 20.8483 7.499
      vertex -4.08 20 7.499
    endloop
  endfacet
  facet normal 0 0 1
    outer loop
      vertex 4.08 20 7.499
      vertex 3.72727 18.3405 7.499
      vertex 3.99084 19.1517 7.499
    endloop
  endfacet
  facet normal 0 0 1
    outer loop
      vertex 4.08 20 7.499
      vertex 3.30079 17.6018 7.499
      vertex 3.72727 18.3405 7.499
    endloop
  endfacet
  facet normal 0 0 1
    outer loop
      vertex 4.08 20 7.499
      vertex 2.73005 16.968 7.499
      vertex 3.30079 17.6018 7.499
    endloop
  endfacet
  facet normal 0 -0 1
    outer loop
      vertex 2.73005 16.968 7.499
      vertex 4.08 20 7.499
      vertex 2.04 16.4666 7.499
    endloop
  endfacet
  facet normal 0 0 1
    outer loop
      vertex 0.426476 24.0576 7.499
      vertex 2.04 23.5334 7.499
      vertex 1.26079 23.8803 7.499
    endloop
  endfacet
  facet normal -0 0 1
    outer loop
      vertex -0.426476 24.0576 7.499
      vertex 2.04 23.5334 7.499
      vertex 0.426476 24.0576 7.499
    endloop
  endfacet
  facet normal -0 0 1
    outer loop
      vertex -1.26079 23.8803 7.499
      vertex 2.04 23.5334 7.499
      vertex -0.426476 24.0576 7.499
    endloop
  endfacet
  facet normal 0 0 1
    outer loop
      vertex 2.04 23.5334 7.499
      vertex -1.26079 23.8803 7.499
      vertex -2.04 23.5334 7.499
    endloop
  endfacet
  facet normal 0 0 1
    outer loop
      vertex 3.72727 21.6595 7.499
      vertex 4.08 20 7.499
      vertex 3.99084 20.8483 7.499
    endloop
  endfacet
  facet normal 0 0 1
    outer loop
      vertex 3.30079 22.3982 7.499
      vertex 4.08 20 7.499
      vertex 3.72727 21.6595 7.499
    endloop
  endfacet
  facet normal 0 0 1
    outer loop
      vertex 2.73005 23.032 7.499
      vertex 4.08 20 7.499
      vertex 3.30079 22.3982 7.499
    endloop
  endfacet
  facet normal 0 0 1
    outer loop
      vertex 4.08 20 7.499
      vertex 2.73005 23.032 7.499
      vertex 2.04 23.5334 7.499
    endloop
  endfacet
  facet normal 0 0 -1
    outer loop
      vertex 1.74975 21.239 17.499
      vertex 3.264 20 17.499
      vertex 3.19267 19.3214 17.499
    endloop
  endfacet
  facet normal 0 0 -1
    outer loop
      vertex 1.74975 21.239 17.499
      vertex 3.19267 19.3214 17.499
      vertex 2.98181 18.6724 17.499
    endloop
  endfacet
  facet normal 0 0 -1
    outer loop
      vertex 3.264 20 17.499
      vertex 1.74975 21.239 17.499
      vertex 3.19267 20.6786 17.499
    endloop
  endfacet
  facet normal 0 0 -1
    outer loop
      vertex 1.74975 21.239 17.499
      vertex 2.98181 18.6724 17.499
      vertex 2.64063 18.0815 17.499
    endloop
  endfacet
  facet normal 0 0 -1
    outer loop
      vertex 3.19267 20.6786 17.499
      vertex 1.74975 21.239 17.499
      vertex 2.98181 21.3276 17.499
    endloop
  endfacet
  facet normal 0 0 -1
    outer loop
      vertex 1.74975 17.3499 17.499
      vertex 2.64063 18.0815 17.499
      vertex 2.18404 17.5744 17.499
    endloop
  endfacet
  facet normal -0 0 -1
    outer loop
      vertex 2.98181 21.3276 17.499
      vertex 1.74975 21.239 17.499
      vertex 2.64063 21.9185 17.499
    endloop
  endfacet
  facet normal 0 0 -1
    outer loop
      vertex 1.74975 17.3499 17.499
      vertex 2.18404 17.5744 17.499
      vertex 1.87507 17.3499 17.499
    endloop
  endfacet
  facet normal -0 0 -1
    outer loop
      vertex 2.64063 18.0815 17.499
      vertex 1.74975 17.3499 17.499
      vertex 1.74975 21.239 17.499
    endloop
  endfacet
  facet normal -0 0 -1
    outer loop
      vertex 2.64063 21.9185 17.499
      vertex 1.74975 21.239 17.499
      vertex 2.18404 22.4256 17.499
    endloop
  endfacet
  facet normal 0 0 -1
    outer loop
      vertex 1.74975 21.239 17.499
      vertex 1.632 22.8267 17.499
      vertex 2.18404 22.4256 17.499
    endloop
  endfacet
  facet normal 0 0 -1
    outer loop
      vertex 1.74975 21.239 17.499
      vertex 1.00863 23.1042 17.499
      vertex 1.632 22.8267 17.499
    endloop
  endfacet
  facet normal 0 0 -1
    outer loop
      vertex 1.74975 21.239 17.499
      vertex 0.34118 23.2461 17.499
      vertex 1.00863 23.1042 17.499
    endloop
  endfacet
  facet normal 0 0 -1
    outer loop
      vertex 1.74975 21.239 17.499
      vertex -0.34118 23.2461 17.499
      vertex 0.34118 23.2461 17.499
    endloop
  endfacet
  facet normal 0 0 -1
    outer loop
      vertex 1.74975 21.239 17.499
      vertex -1.00863 23.1042 17.499
      vertex -0.34118 23.2461 17.499
    endloop
  endfacet
  facet normal 0 0 -1
    outer loop
      vertex 1.74975 21.239 17.499
      vertex -1.632 22.8267 17.499
      vertex -1.00863 23.1042 17.499
    endloop
  endfacet
  facet normal 0 0 -1
    outer loop
      vertex 1.74975 21.239 17.499
      vertex -2.18404 22.4256 17.499
      vertex -1.632 22.8267 17.499
    endloop
  endfacet
  facet normal 0 0 -1
    outer loop
      vertex 1.74975 21.239 17.499
      vertex -2.64063 21.9185 17.499
      vertex -2.18404 22.4256 17.499
    endloop
  endfacet
  facet normal 0 0 -1
    outer loop
      vertex -3.01058 21.239 17.499
      vertex -2.64063 21.9185 17.499
      vertex 1.74975 21.239 17.499
    endloop
  endfacet
  facet normal 0 0 -1
    outer loop
      vertex -2.64063 21.9185 17.499
      vertex -3.01058 21.239 17.499
      vertex -2.98181 21.3276 17.499
    endloop
  endfacet
  facet normal 0 1 -0
    outer loop
      vertex 2.04 16.4666 2.499
      vertex -2.04 16.4666 7.499
      vertex 2.04 16.4666 7.499
    endloop
  endfacet
  facet normal 0 1 0
    outer loop
      vertex -2.04 16.4666 7.499
      vertex 2.04 16.4666 2.499
      vertex -2.04 16.4666 2.499
    endloop
  endfacet
  facet normal -0.866026 0.499998 0
    outer loop
      vertex 2.04 16.4666 2.499
      vertex 4.08 20 7.499
      vertex 4.08 20 2.499
    endloop
  endfacet
  facet normal -0.866026 0.499998 0
    outer loop
      vertex 4.08 20 7.499
      vertex 2.04 16.4666 2.499
      vertex 2.04 16.4666 7.499
    endloop
  endfacet
  facet normal 0 -1 0
    outer loop
      vertex -2.04 23.5334 2.499
      vertex 2.04 23.5334 7.499
      vertex -2.04 23.5334 7.499
    endloop
  endfacet
  facet normal 0 -1 -0
    outer loop
      vertex 2.04 23.5334 7.499
      vertex -2.04 23.5334 2.499
      vertex 2.04 23.5334 2.499
    endloop
  endfacet
  facet normal -0.866026 -0.499998 0
    outer loop
      vertex 4.08 20 2.499
      vertex 2.04 23.5334 7.499
      vertex 2.04 23.5334 2.499
    endloop
  endfacet
  facet normal -0.866026 -0.499998 0
    outer loop
      vertex 2.04 23.5334 7.499
      vertex 4.08 20 2.499
      vertex 4.08 20 7.499
    endloop
  endfacet
  facet normal 0.866026 -0.499998 0
    outer loop
      vertex -4.08 20 7.499
      vertex -2.04 23.5334 2.499
      vertex -2.04 23.5334 7.499
    endloop
  endfacet
  facet normal 0.866026 -0.499998 0
    outer loop
      vertex -2.04 23.5334 2.499
      vertex -4.08 20 7.499
      vertex -4.08 20 2.499
    endloop
  endfacet
  facet normal 0.866026 0.499998 0
    outer loop
      vertex -2.04 16.4666 7.499
      vertex -4.08 20 2.499
      vertex -4.08 20 7.499
    endloop
  endfacet
  facet normal 0.866026 0.499998 0
    outer loop
      vertex -4.08 20 2.499
      vertex -2.04 16.4666 7.499
      vertex -2.04 16.4666 2.499
    endloop
  endfacet
  facet normal 0 0 1
    outer loop
      vertex 4.08 20 2.499
      vertex 2.49428 20.5302 2.499
      vertex 2.55 20 2.499
    endloop
  endfacet
  facet normal 0 0 1
    outer loop
      vertex 4.08 20 2.499
      vertex 2.32954 21.0372 2.499
      vertex 2.49428 20.5302 2.499
    endloop
  endfacet
  facet normal 0 0 1
    outer loop
      vertex 4.08 20 2.499
      vertex 2.06299 21.4989 2.499
      vertex 2.32954 21.0372 2.499
    endloop
  endfacet
  facet normal 0 0 1
    outer loop
      vertex 2.04 23.5334 2.499
      vertex 2.06299 21.4989 2.499
      vertex 4.08 20 2.499
    endloop
  endfacet
  facet normal 0 0 1
    outer loop
      vertex 2.04 23.5334 2.499
      vertex 1.70628 21.895 2.499
      vertex 2.06299 21.4989 2.499
    endloop
  endfacet
  facet normal 0 0 1
    outer loop
      vertex 2.04 23.5334 2.499
      vertex 1.275 22.2084 2.499
      vertex 1.70628 21.895 2.499
    endloop
  endfacet
  facet normal 0 0 1
    outer loop
      vertex 2.04 23.5334 2.499
      vertex 0.787992 22.4252 2.499
      vertex 1.275 22.2084 2.499
    endloop
  endfacet
  facet normal 0 0 1
    outer loop
      vertex 2.04 23.5334 2.499
      vertex 0.266547 22.536 2.499
      vertex 0.787992 22.4252 2.499
    endloop
  endfacet
  facet normal 0 0 1
    outer loop
      vertex 2.04 23.5334 2.499
      vertex -0.266547 22.536 2.499
      vertex 0.266547 22.536 2.499
    endloop
  endfacet
  facet normal -0 0 1
    outer loop
      vertex -2.04 23.5334 2.499
      vertex -0.266547 22.536 2.499
      vertex 2.04 23.5334 2.499
    endloop
  endfacet
  facet normal 0 0 1
    outer loop
      vertex -0.266547 22.536 2.499
      vertex -2.04 23.5334 2.499
      vertex -0.787992 22.4252 2.499
    endloop
  endfacet
  facet normal 0 0 1
    outer loop
      vertex -2.04 23.5334 2.499
      vertex -1.275 22.2084 2.499
      vertex -0.787992 22.4252 2.499
    endloop
  endfacet
  facet normal 0 0 1
    outer loop
      vertex -2.04 23.5334 2.499
      vertex -1.70628 21.895 2.499
      vertex -1.275 22.2084 2.499
    endloop
  endfacet
  facet normal 0 0 1
    outer loop
      vertex -2.04 23.5334 2.499
      vertex -2.06299 21.4989 2.499
      vertex -1.70628 21.895 2.499
    endloop
  endfacet
  facet normal 0 0 1
    outer loop
      vertex -2.04 23.5334 2.499
      vertex -2.32954 21.0372 2.499
      vertex -2.06299 21.4989 2.499
    endloop
  endfacet
  facet normal 0 0 1
    outer loop
      vertex -4.08 20 2.499
      vertex -2.32954 21.0372 2.499
      vertex -2.04 23.5334 2.499
    endloop
  endfacet
  facet normal 0 0 1
    outer loop
      vertex -2.49428 20.5302 2.499
      vertex -4.08 20 2.499
      vertex -2.55 20 2.499
    endloop
  endfacet
  facet normal 0 0 1
    outer loop
      vertex -2.32954 21.0372 2.499
      vertex -4.08 20 2.499
      vertex -2.49428 20.5302 2.499
    endloop
  endfacet
  facet normal 0 0 1
    outer loop
      vertex 2.49428 19.4698 2.499
      vertex 4.08 20 2.499
      vertex 2.55 20 2.499
    endloop
  endfacet
  facet normal 0 0 1
    outer loop
      vertex 2.32954 18.9628 2.499
      vertex 4.08 20 2.499
      vertex 2.49428 19.4698 2.499
    endloop
  endfacet
  facet normal 0 0 1
    outer loop
      vertex 2.06299 18.5011 2.499
      vertex 4.08 20 2.499
      vertex 2.32954 18.9628 2.499
    endloop
  endfacet
  facet normal -0 0 1
    outer loop
      vertex 2.06299 18.5011 2.499
      vertex 2.04 16.4666 2.499
      vertex 4.08 20 2.499
    endloop
  endfacet
  facet normal -0 0 1
    outer loop
      vertex 1.70628 18.105 2.499
      vertex 2.04 16.4666 2.499
      vertex 2.06299 18.5011 2.499
    endloop
  endfacet
  facet normal -0 0 1
    outer loop
      vertex 1.275 17.7916 2.499
      vertex 2.04 16.4666 2.499
      vertex 1.70628 18.105 2.499
    endloop
  endfacet
  facet normal -0 0 1
    outer loop
      vertex 0.787992 17.5748 2.499
      vertex 2.04 16.4666 2.499
      vertex 1.275 17.7916 2.499
    endloop
  endfacet
  facet normal -0 0 1
    outer loop
      vertex 0.266547 17.464 2.499
      vertex 2.04 16.4666 2.499
      vertex 0.787992 17.5748 2.499
    endloop
  endfacet
  facet normal -0 0 1
    outer loop
      vertex -0.266547 17.464 2.499
      vertex 2.04 16.4666 2.499
      vertex 0.266547 17.464 2.499
    endloop
  endfacet
  facet normal 0 0 1
    outer loop
      vertex -2.04 16.4666 2.499
      vertex -0.266547 17.464 2.499
      vertex -0.787992 17.5748 2.499
    endloop
  endfacet
  facet normal 0 0 1
    outer loop
      vertex -0.266547 17.464 2.499
      vertex -2.04 16.4666 2.499
      vertex 2.04 16.4666 2.499
    endloop
  endfacet
  facet normal 0 0 1
    outer loop
      vertex -1.275 17.7916 2.499
      vertex -2.04 16.4666 2.499
      vertex -0.787992 17.5748 2.499
    endloop
  endfacet
  facet normal 0 0 1
    outer loop
      vertex -1.70628 18.105 2.499
      vertex -2.04 16.4666 2.499
      vertex -1.275 17.7916 2.499
    endloop
  endfacet
  facet normal 0 0 1
    outer loop
      vertex -2.06299 18.5011 2.499
      vertex -2.04 16.4666 2.499
      vertex -1.70628 18.105 2.499
    endloop
  endfacet
  facet normal 0 0 1
    outer loop
      vertex -2.32954 18.9628 2.499
      vertex -2.04 16.4666 2.499
      vertex -2.06299 18.5011 2.499
    endloop
  endfacet
  facet normal 0 0 1
    outer loop
      vertex -4.08 20 2.499
      vertex -2.32954 18.9628 2.499
      vertex -2.49428 19.4698 2.499
    endloop
  endfacet
  facet normal 0 0 1
    outer loop
      vertex -2.32954 18.9628 2.499
      vertex -4.08 20 2.499
      vertex -2.04 16.4666 2.499
    endloop
  endfacet
  facet normal -0 0 1
    outer loop
      vertex -4.08 20 2.499
      vertex -2.49428 19.4698 2.499
      vertex -2.55 20 2.499
    endloop
  endfacet
  facet normal 0.866036 0.499982 0
    outer loop
      vertex -2.06299 18.5011 2.499
      vertex -2.32954 18.9628 -1.5005
      vertex -2.32954 18.9628 2.499
    endloop
  endfacet
  facet normal 0.866036 0.499982 0
    outer loop
      vertex -2.32954 18.9628 -1.5005
      vertex -2.06299 18.5011 2.499
      vertex -2.06299 18.5011 -1.5005
    endloop
  endfacet
  facet normal -0.951053 -0.309027 0
    outer loop
      vertex 2.49428 20.5302 -1.5005
      vertex 2.32954 21.0372 2.499
      vertex 2.32954 21.0372 -1.5005
    endloop
  endfacet
  facet normal -0.951053 -0.309027 0
    outer loop
      vertex 2.32954 21.0372 2.499
      vertex 2.49428 20.5302 -1.5005
      vertex 2.49428 20.5302 2.499
    endloop
  endfacet
  facet normal -0.994523 -0.104517 0
    outer loop
      vertex 2.55 20 -1.5005
      vertex 2.49428 20.5302 2.499
      vertex 2.49428 20.5302 -1.5005
    endloop
  endfacet
  facet normal -0.994523 -0.104517 0
    outer loop
      vertex 2.49428 20.5302 2.499
      vertex 2.55 20 -1.5005
      vertex 2.55 20 2.499
    endloop
  endfacet
  facet normal -0.866036 -0.499982 0
    outer loop
      vertex 2.32954 21.0372 -1.5005
      vertex 2.06299 21.4989 2.499
      vertex 2.06299 21.4989 -1.5005
    endloop
  endfacet
  facet normal -0.866036 -0.499982 0
    outer loop
      vertex 2.06299 21.4989 2.499
      vertex 2.32954 21.0372 -1.5005
      vertex 2.32954 21.0372 2.499
    endloop
  endfacet
  facet normal -0.207846 0.978162 0
    outer loop
      vertex 0.787992 17.5748 -1.5005
      vertex 0.266547 17.464 2.499
      vertex 0.787992 17.5748 2.499
    endloop
  endfacet
  facet normal -0.207846 0.978162 0
    outer loop
      vertex 0.266547 17.464 2.499
      vertex 0.787992 17.5748 -1.5005
      vertex 0.266547 17.464 -1.5005
    endloop
  endfacet
  facet normal 0.207846 -0.978162 0
    outer loop
      vertex -0.787992 22.4252 -1.5005
      vertex -0.266547 22.536 2.499
      vertex -0.787992 22.4252 2.499
    endloop
  endfacet
  facet normal 0.207846 -0.978162 0
    outer loop
      vertex -0.266547 22.536 2.499
      vertex -0.787992 22.4252 -1.5005
      vertex -0.266547 22.536 -1.5005
    endloop
  endfacet
  facet normal -0.40669 -0.913566 0
    outer loop
      vertex 0.787992 22.4252 -1.5005
      vertex 1.275 22.2084 2.499
      vertex 0.787992 22.4252 2.499
    endloop
  endfacet
  facet normal -0.40669 -0.913566 -0
    outer loop
      vertex 1.275 22.2084 2.499
      vertex 0.787992 22.4252 -1.5005
      vertex 1.275 22.2084 -1.5005
    endloop
  endfacet
  facet normal 0.994523 0.104517 0
    outer loop
      vertex -2.49428 19.4698 2.499
      vertex -2.55 20 -1.5005
      vertex -2.55 20 2.499
    endloop
  endfacet
  facet normal 0.994523 0.104517 0
    outer loop
      vertex -2.55 20 -1.5005
      vertex -2.49428 19.4698 2.499
      vertex -2.49428 19.4698 -1.5005
    endloop
  endfacet
  facet normal -0.994523 0.104517 0
    outer loop
      vertex 2.49428 19.4698 -1.5005
      vertex 2.55 20 2.499
      vertex 2.55 20 -1.5005
    endloop
  endfacet
  facet normal -0.994523 0.104517 0
    outer loop
      vertex 2.55 20 2.499
      vertex 2.49428 19.4698 -1.5005
      vertex 2.49428 19.4698 2.499
    endloop
  endfacet
  facet normal 0.994523 -0.104517 0
    outer loop
      vertex -2.55 20 2.499
      vertex -2.49428 20.5302 -1.5005
      vertex -2.49428 20.5302 2.499
    endloop
  endfacet
  facet normal 0.994523 -0.104517 0
    outer loop
      vertex -2.49428 20.5302 -1.5005
      vertex -2.55 20 2.499
      vertex -2.55 20 -1.5005
    endloop
  endfacet
  facet normal -0.866036 0.499982 0
    outer loop
      vertex 2.06299 18.5011 -1.5005
      vertex 2.32954 18.9628 2.499
      vertex 2.32954 18.9628 -1.5005
    endloop
  endfacet
  facet normal -0.866036 0.499982 0
    outer loop
      vertex 2.32954 18.9628 2.499
      vertex 2.06299 18.5011 -1.5005
      vertex 2.06299 18.5011 2.499
    endloop
  endfacet
  facet normal 0.587855 0.808966 -0
    outer loop
      vertex -1.275 17.7916 -1.5005
      vertex -1.70628 18.105 2.499
      vertex -1.275 17.7916 2.499
    endloop
  endfacet
  facet normal 0.587855 0.808966 0
    outer loop
      vertex -1.70628 18.105 2.499
      vertex -1.275 17.7916 -1.5005
      vertex -1.70628 18.105 -1.5005
    endloop
  endfacet
  facet normal -0.951053 0.309027 0
    outer loop
      vertex 2.32954 18.9628 -1.5005
      vertex 2.49428 19.4698 2.499
      vertex 2.49428 19.4698 -1.5005
    endloop
  endfacet
  facet normal -0.951053 0.309027 0
    outer loop
      vertex 2.49428 19.4698 2.499
      vertex 2.32954 18.9628 -1.5005
      vertex 2.32954 18.9628 2.499
    endloop
  endfacet
  facet normal 0.743089 -0.669193 0
    outer loop
      vertex -2.06299 21.4989 2.499
      vertex -1.70628 21.895 -1.5005
      vertex -1.70628 21.895 2.499
    endloop
  endfacet
  facet normal 0.743089 -0.669193 0
    outer loop
      vertex -1.70628 21.895 -1.5005
      vertex -2.06299 21.4989 2.499
      vertex -2.06299 21.4989 -1.5005
    endloop
  endfacet
  facet normal -0.587855 -0.808966 0
    outer loop
      vertex 1.275 22.2084 -1.5005
      vertex 1.70628 21.895 2.499
      vertex 1.275 22.2084 2.499
    endloop
  endfacet
  facet normal -0.587855 -0.808966 -0
    outer loop
      vertex 1.70628 21.895 2.499
      vertex 1.275 22.2084 -1.5005
      vertex 1.70628 21.895 -1.5005
    endloop
  endfacet
  facet normal 0.40669 0.913566 -0
    outer loop
      vertex -0.787992 17.5748 -1.5005
      vertex -1.275 17.7916 2.499
      vertex -0.787992 17.5748 2.499
    endloop
  endfacet
  facet normal 0.40669 0.913566 0
    outer loop
      vertex -1.275 17.7916 2.499
      vertex -0.787992 17.5748 -1.5005
      vertex -1.275 17.7916 -1.5005
    endloop
  endfacet
  facet normal -0.40669 0.913566 0
    outer loop
      vertex 1.275 17.7916 -1.5005
      vertex 0.787992 17.5748 2.499
      vertex 1.275 17.7916 2.499
    endloop
  endfacet
  facet normal -0.40669 0.913566 0
    outer loop
      vertex 0.787992 17.5748 2.499
      vertex 1.275 17.7916 -1.5005
      vertex 0.787992 17.5748 -1.5005
    endloop
  endfacet
  facet normal 0 -1 0
    outer loop
      vertex -0.266547 22.536 -1.5005
      vertex 0.266547 22.536 2.499
      vertex -0.266547 22.536 2.499
    endloop
  endfacet
  facet normal 0 -1 -0
    outer loop
      vertex 0.266547 22.536 2.499
      vertex -0.266547 22.536 -1.5005
      vertex 0.266547 22.536 -1.5005
    endloop
  endfacet
  facet normal 0.587855 -0.808966 0
    outer loop
      vertex -1.70628 21.895 -1.5005
      vertex -1.275 22.2084 2.499
      vertex -1.70628 21.895 2.499
    endloop
  endfacet
  facet normal 0.587855 -0.808966 0
    outer loop
      vertex -1.275 22.2084 2.499
      vertex -1.70628 21.895 -1.5005
      vertex -1.275 22.2084 -1.5005
    endloop
  endfacet
  facet normal 0 1 -0
    outer loop
      vertex 0.266547 17.464 -1.5005
      vertex -0.266547 17.464 2.499
      vertex 0.266547 17.464 2.499
    endloop
  endfacet
  facet normal 0 1 0
    outer loop
      vertex -0.266547 17.464 2.499
      vertex 0.266547 17.464 -1.5005
      vertex -0.266547 17.464 -1.5005
    endloop
  endfacet
  facet normal 0.951053 0.309027 0
    outer loop
      vertex -2.32954 18.9628 2.499
      vertex -2.49428 19.4698 -1.5005
      vertex -2.49428 19.4698 2.499
    endloop
  endfacet
  facet normal 0.951053 0.309027 0
    outer loop
      vertex -2.49428 19.4698 -1.5005
      vertex -2.32954 18.9628 2.499
      vertex -2.32954 18.9628 -1.5005
    endloop
  endfacet
  facet normal -0.587855 0.808966 0
    outer loop
      vertex 1.70628 18.105 -1.5005
      vertex 1.275 17.7916 2.499
      vertex 1.70628 18.105 2.499
    endloop
  endfacet
  facet normal -0.587855 0.808966 0
    outer loop
      vertex 1.275 17.7916 2.499
      vertex 1.70628 18.105 -1.5005
      vertex 1.275 17.7916 -1.5005
    endloop
  endfacet
  facet normal 0.40669 -0.913566 0
    outer loop
      vertex -1.275 22.2084 -1.5005
      vertex -0.787992 22.4252 2.499
      vertex -1.275 22.2084 2.499
    endloop
  endfacet
  facet normal 0.40669 -0.913566 0
    outer loop
      vertex -0.787992 22.4252 2.499
      vertex -1.275 22.2084 -1.5005
      vertex -0.787992 22.4252 -1.5005
    endloop
  endfacet
  facet normal -0.207846 -0.978162 0
    outer loop
      vertex 0.266547 22.536 -1.5005
      vertex 0.787992 22.4252 2.499
      vertex 0.266547 22.536 2.499
    endloop
  endfacet
  facet normal -0.207846 -0.978162 -0
    outer loop
      vertex 0.787992 22.4252 2.499
      vertex 0.266547 22.536 -1.5005
      vertex 0.787992 22.4252 -1.5005
    endloop
  endfacet
  facet normal -0.743089 -0.669193 0
    outer loop
      vertex 2.06299 21.4989 -1.5005
      vertex 1.70628 21.895 2.499
      vertex 1.70628 21.895 -1.5005
    endloop
  endfacet
  facet normal -0.743089 -0.669193 0
    outer loop
      vertex 1.70628 21.895 2.499
      vertex 2.06299 21.4989 -1.5005
      vertex 2.06299 21.4989 2.499
    endloop
  endfacet
  facet normal 0.743089 0.669193 0
    outer loop
      vertex -1.70628 18.105 2.499
      vertex -2.06299 18.5011 -1.5005
      vertex -2.06299 18.5011 2.499
    endloop
  endfacet
  facet normal 0.743089 0.669193 0
    outer loop
      vertex -2.06299 18.5011 -1.5005
      vertex -1.70628 18.105 2.499
      vertex -1.70628 18.105 -1.5005
    endloop
  endfacet
  facet normal 0.866036 -0.499982 0
    outer loop
      vertex -2.32954 21.0372 2.499
      vertex -2.06299 21.4989 -1.5005
      vertex -2.06299 21.4989 2.499
    endloop
  endfacet
  facet normal 0.866036 -0.499982 0
    outer loop
      vertex -2.06299 21.4989 -1.5005
      vertex -2.32954 21.0372 2.499
      vertex -2.32954 21.0372 -1.5005
    endloop
  endfacet
  facet normal 0.207846 0.978162 -0
    outer loop
      vertex -0.266547 17.464 -1.5005
      vertex -0.787992 17.5748 2.499
      vertex -0.266547 17.464 2.499
    endloop
  endfacet
  facet normal 0.207846 0.978162 0
    outer loop
      vertex -0.787992 17.5748 2.499
      vertex -0.266547 17.464 -1.5005
      vertex -0.787992 17.5748 -1.5005
    endloop
  endfacet
  facet normal -0.743089 0.669193 0
    outer loop
      vertex 1.70628 18.105 -1.5005
      vertex 2.06299 18.5011 2.499
      vertex 2.06299 18.5011 -1.5005
    endloop
  endfacet
  facet normal -0.743089 0.669193 0
    outer loop
      vertex 2.06299 18.5011 2.499
      vertex 1.70628 18.105 -1.5005
      vertex 1.70628 18.105 2.499
    endloop
  endfacet
  facet normal 0.951053 -0.309027 0
    outer loop
      vertex -2.49428 20.5302 2.499
      vertex -2.32954 21.0372 -1.5005
      vertex -2.32954 21.0372 2.499
    endloop
  endfacet
  facet normal 0.951053 -0.309027 0
    outer loop
      vertex -2.32954 21.0372 -1.5005
      vertex -2.49428 20.5302 2.499
      vertex -2.49428 20.5302 -1.5005
    endloop
  endfacet
  facet normal -0.991263 -0.104186 -0.0808877
    outer loop
      vertex 4.08 -20 7.499
      vertex 3.19267 -19.3214 17.499
      vertex 3.99084 -19.1517 7.499
    endloop
  endfacet
  facet normal -0.991262 -0.104195 -0.080887
    outer loop
      vertex 3.19267 -19.3214 17.499
      vertex 4.08 -20 7.499
      vertex 3.264 -20 17.499
    endloop
  endfacet
  facet normal 0.405378 -0.910564 -0.080885
    outer loop
      vertex -1.26079 -16.1197 7.499
      vertex -1.86656 -16.767 11.75
      vertex -2.04 -16.4666 7.499
    endloop
  endfacet
  facet normal 0.405372 -0.910566 -0.0808863
    outer loop
      vertex -1.86656 -16.767 11.75
      vertex -1.26079 -16.1197 7.499
      vertex -1.1536 -16.4496 11.75
    endloop
  endfacet
  facet normal -0.585896 -0.806344 -0.0808481
    outer loop
      vertex 1.87254 -17.3096 17.1154
      vertex 2.18404 -17.5744 17.499
      vertex 1.87507 -17.3499 17.499
    endloop
  endfacet
  facet normal -0.585926 -0.806325 -0.0808106
    outer loop
      vertex 1.75883 -17.1901 16.7475
      vertex 2.18404 -17.5744 17.499
      vertex 1.87254 -17.3096 17.1154
    endloop
  endfacet
  facet normal -0.586921 -0.805599 -0.0808372
    outer loop
      vertex 1.74975 -16.9693 14.613
      vertex 1.75883 -17.1901 16.7475
      vertex 1.74975 -17.1821 16.7337
    endloop
  endfacet
  facet normal -0.585797 -0.806407 -0.0809256
    outer loop
      vertex 1.74975 -16.9693 14.613
      vertex 2.18404 -17.5744 17.499
      vertex 1.75883 -17.1901 16.7475
    endloop
  endfacet
  facet normal -0.585897 -0.806339 -0.0808832
    outer loop
      vertex 2.73005 -16.968 7.499
      vertex 1.74975 -16.9693 14.613
      vertex 2.04 -16.4666 7.499
    endloop
  endfacet
  facet normal -0.585926 -0.806317 -0.0808872
    outer loop
      vertex 1.74975 -16.9693 14.613
      vertex 2.73005 -16.968 7.499
      vertex 2.18404 -17.5744 17.499
    endloop
  endfacet
  facet normal 0.863192 -0.498354 -0.0808873
    outer loop
      vertex -3.02016 -17.8057 11.75
      vertex -3.72727 -18.3405 7.499
      vertex -3.30079 -17.6018 7.499
    endloop
  endfacet
  facet normal 0.863199 -0.498341 -0.0808901
    outer loop
      vertex -3.72727 -18.3405 7.499
      vertex -3.02016 -17.8057 11.75
      vertex -3.41037 -18.4816 11.75
    endloop
  endfacet
  facet normal 0 -0.996725 -0.0808681
    outer loop
      vertex -0.426476 -15.9424 7.499
      vertex 0.390217 -16.2873 11.75
      vertex -0.390217 -16.2873 11.75
    endloop
  endfacet
  facet normal 0 -0.996725 -0.0808681
    outer loop
      vertex 0.390217 -16.2873 11.75
      vertex -0.426476 -15.9424 7.499
      vertex 0.426476 -15.9424 7.499
    endloop
  endfacet
  facet normal 0.991278 -0.104046 -0.0808851
    outer loop
      vertex -3.65429 -19.25 11.75
      vertex -3.99084 -19.1517 7.499
      vertex -3.65154 -19.2238 11.75
    endloop
  endfacet
  facet normal 0.991262 -0.104194 -0.0808856
    outer loop
      vertex -4.08 -20 7.499
      vertex -3.65429 -19.25 11.75
      vertex -3.69443 -19.6658 11.7937
    endloop
  endfacet
  facet normal 0.991264 -0.104174 -0.0808873
    outer loop
      vertex -4.08 -20 7.499
      vertex -3.69443 -19.6658 11.7937
      vertex -3.72069 -20 11.9023
    endloop
  endfacet
  facet normal 0.991263 -0.104186 -0.0808871
    outer loop
      vertex -3.65429 -19.25 11.75
      vertex -4.08 -20 7.499
      vertex -3.99084 -19.1517 7.499
    endloop
  endfacet
  facet normal -0.405378 0.910563 -0.0808889
    outer loop
      vertex 1.26079 -23.8803 7.499
      vertex 1.632 -22.8267 17.499
      vertex 2.04 -23.5334 7.499
    endloop
  endfacet
  facet normal -0.405352 0.910575 -0.0808911
    outer loop
      vertex 1.632 -22.8267 17.499
      vertex 1.26079 -23.8803 7.499
      vertex 1.00863 -23.1042 17.499
    endloop
  endfacet
  facet normal 0.740672 -0.666979 -0.0808903
    outer loop
      vertex -2.49794 -17.2258 11.75
      vertex -3.30079 -17.6018 7.499
      vertex -2.73005 -16.968 7.499
    endloop
  endfacet
  facet normal 0.740662 -0.666991 -0.0808872
    outer loop
      vertex -3.30079 -17.6018 7.499
      vertex -2.49794 -17.2258 11.75
      vertex -3.02016 -17.8057 11.75
    endloop
  endfacet
  facet normal 0.585897 -0.806338 -0.0808907
    outer loop
      vertex -2.04 -16.4666 7.499
      vertex -2.49794 -17.2258 11.75
      vertex -2.73005 -16.968 7.499
    endloop
  endfacet
  facet normal 0.585923 -0.80632 -0.0808847
    outer loop
      vertex -2.49794 -17.2258 11.75
      vertex -2.04 -16.4666 7.499
      vertex -1.86656 -16.767 11.75
    endloop
  endfacet
  facet normal 0.863173 0.498388 -0.0808876
    outer loop
      vertex -2.64063 -21.9185 17.499
      vertex -3.72727 -21.6595 7.499
      vertex -2.98181 -21.3276 17.499
    endloop
  endfacet
  facet normal 0.863192 0.498354 -0.0808905
    outer loop
      vertex -3.72727 -21.6595 7.499
      vertex -2.64063 -21.9185 17.499
      vertex -3.30079 -22.3982 7.499
    endloop
  endfacet
  facet normal -0.405374 -0.910565 -0.0808863
    outer loop
      vertex 1.1536 -16.4496 11.75
      vertex 1.26079 -16.1197 7.499
      vertex 1.74975 -16.715 11.75
    endloop
  endfacet
  facet normal -0.405296 -0.910601 -0.0808822
    outer loop
      vertex 1.74975 -16.715 11.75
      vertex 2.04 -16.4666 7.499
      vertex 1.74975 -16.9693 14.613
    endloop
  endfacet
  facet normal -0.405378 -0.910564 -0.0808857
    outer loop
      vertex 2.04 -16.4666 7.499
      vertex 1.74975 -16.715 11.75
      vertex 1.26079 -16.1197 7.499
    endloop
  endfacet
  facet normal -0.947946 0.307987 -0.0808887
    outer loop
      vertex 3.99084 -20.8483 7.499
      vertex 2.98181 -21.3276 17.499
      vertex 3.19267 -20.6786 17.499
    endloop
  endfacet
  facet normal -0.947942 0.307999 -0.0808878
    outer loop
      vertex 2.98181 -21.3276 17.499
      vertex 3.99084 -20.8483 7.499
      vertex 3.72727 -21.6595 7.499
    endloop
  endfacet
  facet normal 0.947996 0.307831 -0.0808914
    outer loop
      vertex -3.01058 -21.239 17.499
      vertex -2.98181 -21.3276 17.499
      vertex -3.34832 -21.239 13.5409
    endloop
  endfacet
  facet normal 0.947906 0.308105 -0.0809038
    outer loop
      vertex -3.72727 -21.6595 7.499
      vertex -3.59565 -20.7643 12.4503
      vertex -3.49931 -20.982 12.75
    endloop
  endfacet
  facet normal 0.947962 0.307939 -0.0808848
    outer loop
      vertex -3.72727 -21.6595 7.499
      vertex -3.49931 -20.982 12.75
      vertex -3.41146 -21.1521 13.132
    endloop
  endfacet
  facet normal 0.947912 0.308089 -0.0808955
    outer loop
      vertex -3.72727 -21.6595 7.499
      vertex -3.41146 -21.1521 13.132
      vertex -3.34832 -21.239 13.5409
    endloop
  endfacet
  facet normal 0.947942 0.307999 -0.0808857
    outer loop
      vertex -3.59565 -20.7643 12.4503
      vertex -3.72727 -21.6595 7.499
      vertex -3.99084 -20.8483 7.499
    endloop
  endfacet
  facet normal 0.947969 0.307915 -0.080887
    outer loop
      vertex -3.72727 -21.6595 7.499
      vertex -3.34832 -21.239 13.5409
      vertex -2.98181 -21.3276 17.499
    endloop
  endfacet
  facet normal 0.947942 -0.307999 -0.0808895
    outer loop
      vertex -3.41037 -18.4816 11.75
      vertex -3.99084 -19.1517 7.499
      vertex -3.72727 -18.3405 7.499
    endloop
  endfacet
  facet normal 0.947935 -0.308021 -0.0808851
    outer loop
      vertex -3.99084 -19.1517 7.499
      vertex -3.41037 -18.4816 11.75
      vertex -3.65154 -19.2238 11.75
    endloop
  endfacet
  facet normal -0.207187 0.974951 -0.0808904
    outer loop
      vertex 0.426476 -24.0576 7.499
      vertex 1.00863 -23.1042 17.499
      vertex 1.26079 -23.8803 7.499
    endloop
  endfacet
  facet normal -0.207271 0.974934 -0.0808838
    outer loop
      vertex 1.00863 -23.1042 17.499
      vertex 0.426476 -24.0576 7.499
      vertex 0.34118 -23.2461 17.499
    endloop
  endfacet
  facet normal 0 0.996724 -0.0808841
    outer loop
      vertex 0.426476 -24.0576 7.499
      vertex -0.34118 -23.2461 17.499
      vertex 0.34118 -23.2461 17.499
    endloop
  endfacet
  facet normal 0 0.996724 -0.0808841
    outer loop
      vertex -0.34118 -23.2461 17.499
      vertex 0.426476 -24.0576 7.499
      vertex -0.426476 -24.0576 7.499
    endloop
  endfacet
  facet normal 0.207187 -0.974952 -0.0808857
    outer loop
      vertex -0.426476 -15.9424 7.499
      vertex -1.1536 -16.4496 11.75
      vertex -1.26079 -16.1197 7.499
    endloop
  endfacet
  facet normal 0.207277 -0.974934 -0.0808681
    outer loop
      vertex -1.1536 -16.4496 11.75
      vertex -0.426476 -15.9424 7.499
      vertex -0.390217 -16.2873 11.75
    endloop
  endfacet
  facet normal 0.585878 0.806352 -0.0808887
    outer loop
      vertex -2.04 -23.5334 7.499
      vertex -2.18404 -22.4256 17.499
      vertex -1.632 -22.8267 17.499
    endloop
  endfacet
  facet normal 0.585897 0.806339 -0.0808869
    outer loop
      vertex -2.18404 -22.4256 17.499
      vertex -2.04 -23.5334 7.499
      vertex -2.73005 -23.032 7.499
    endloop
  endfacet
  facet normal 0.740713 0.666934 -0.0808917
    outer loop
      vertex -2.18404 -22.4256 17.499
      vertex -3.30079 -22.3982 7.499
      vertex -2.64063 -21.9185 17.499
    endloop
  endfacet
  facet normal 0.740673 0.666979 -0.0808871
    outer loop
      vertex -3.30079 -22.3982 7.499
      vertex -2.18404 -22.4256 17.499
      vertex -2.73005 -23.032 7.499
    endloop
  endfacet
  facet normal -0.207277 -0.974934 -0.0808681
    outer loop
      vertex 0.426476 -15.9424 7.499
      vertex 1.1536 -16.4496 11.75
      vertex 0.390217 -16.2873 11.75
    endloop
  endfacet
  facet normal -0.207187 -0.974952 -0.0808857
    outer loop
      vertex 1.1536 -16.4496 11.75
      vertex 0.426476 -15.9424 7.499
      vertex 1.26079 -16.1197 7.499
    endloop
  endfacet
  facet normal -0.740713 0.666934 -0.0808917
    outer loop
      vertex 3.30079 -22.3982 7.499
      vertex 2.18404 -22.4256 17.499
      vertex 2.64063 -21.9185 17.499
    endloop
  endfacet
  facet normal -0.740673 0.666979 -0.0808871
    outer loop
      vertex 2.18404 -22.4256 17.499
      vertex 3.30079 -22.3982 7.499
      vertex 2.73005 -23.032 7.499
    endloop
  endfacet
  facet normal -0.585897 0.806339 -0.0808869
    outer loop
      vertex 2.04 -23.5334 7.499
      vertex 2.18404 -22.4256 17.499
      vertex 2.73005 -23.032 7.499
    endloop
  endfacet
  facet normal -0.585878 0.806352 -0.0808887
    outer loop
      vertex 2.18404 -22.4256 17.499
      vertex 2.04 -23.5334 7.499
      vertex 1.632 -22.8267 17.499
    endloop
  endfacet
  facet normal 0.207271 0.974934 -0.0808838
    outer loop
      vertex -0.426476 -24.0576 7.499
      vertex -1.00863 -23.1042 17.499
      vertex -0.34118 -23.2461 17.499
    endloop
  endfacet
  facet normal 0.207187 0.974951 -0.0808904
    outer loop
      vertex -1.00863 -23.1042 17.499
      vertex -0.426476 -24.0576 7.499
      vertex -1.26079 -23.8803 7.499
    endloop
  endfacet
  facet normal -0.863173 0.498388 -0.0808876
    outer loop
      vertex 3.72727 -21.6595 7.499
      vertex 2.64063 -21.9185 17.499
      vertex 2.98181 -21.3276 17.499
    endloop
  endfacet
  facet normal -0.863192 0.498354 -0.0808905
    outer loop
      vertex 2.64063 -21.9185 17.499
      vertex 3.72727 -21.6595 7.499
      vertex 3.30079 -22.3982 7.499
    endloop
  endfacet
  facet normal -0.740673 -0.666979 -0.0808871
    outer loop
      vertex 3.30079 -17.6018 7.499
      vertex 2.18404 -17.5744 17.499
      vertex 2.73005 -16.968 7.499
    endloop
  endfacet
  facet normal -0.740713 -0.666934 -0.0808917
    outer loop
      vertex 2.18404 -17.5744 17.499
      vertex 3.30079 -17.6018 7.499
      vertex 2.64063 -18.0815 17.499
    endloop
  endfacet
  facet normal -0.991262 0.104195 -0.080887
    outer loop
      vertex 4.08 -20 7.499
      vertex 3.19267 -20.6786 17.499
      vertex 3.264 -20 17.499
    endloop
  endfacet
  facet normal -0.991263 0.104186 -0.0808877
    outer loop
      vertex 3.19267 -20.6786 17.499
      vertex 4.08 -20 7.499
      vertex 3.99084 -20.8483 7.499
    endloop
  endfacet
  facet normal -0.863192 -0.498354 -0.0808905
    outer loop
      vertex 3.72727 -18.3405 7.499
      vertex 2.64063 -18.0815 17.499
      vertex 3.30079 -17.6018 7.499
    endloop
  endfacet
  facet normal -0.863173 -0.498388 -0.0808876
    outer loop
      vertex 2.64063 -18.0815 17.499
      vertex 3.72727 -18.3405 7.499
      vertex 2.98181 -18.6724 17.499
    endloop
  endfacet
  facet normal -0.947942 -0.307999 -0.0808878
    outer loop
      vertex 3.99084 -19.1517 7.499
      vertex 2.98181 -18.6724 17.499
      vertex 3.72727 -18.3405 7.499
    endloop
  endfacet
  facet normal -0.947946 -0.307987 -0.0808887
    outer loop
      vertex 2.98181 -18.6724 17.499
      vertex 3.99084 -19.1517 7.499
      vertex 3.19267 -19.3214 17.499
    endloop
  endfacet
  facet normal 0.405352 0.910575 -0.0808911
    outer loop
      vertex -1.26079 -23.8803 7.499
      vertex -1.632 -22.8267 17.499
      vertex -1.00863 -23.1042 17.499
    endloop
  endfacet
  facet normal 0.405378 0.910563 -0.0808889
    outer loop
      vertex -1.632 -22.8267 17.499
      vertex -1.26079 -23.8803 7.499
      vertex -2.04 -23.5334 7.499
    endloop
  endfacet
  facet normal 0.991272 0.104112 -0.0808736
    outer loop
      vertex -3.99084 -20.8483 7.499
      vertex -3.72069 -20 11.9023
      vertex -3.71234 -20.0635 11.9229
    endloop
  endfacet
  facet normal 0.991263 0.104185 -0.0808858
    outer loop
      vertex -3.99084 -20.8483 7.499
      vertex -3.71234 -20.0635 11.9229
      vertex -3.65722 -20.4256 12.132
    endloop
  endfacet
  facet normal 0.99126 0.104218 -0.0808886
    outer loop
      vertex -3.99084 -20.8483 7.499
      vertex -3.65722 -20.4256 12.132
      vertex -3.60173 -20.7363 12.4117
    endloop
  endfacet
  facet normal 0.991309 0.103754 -0.0808819
    outer loop
      vertex -3.99084 -20.8483 7.499
      vertex -3.60173 -20.7363 12.4117
      vertex -3.59565 -20.7643 12.4503
    endloop
  endfacet
  facet normal 0.991263 0.104186 -0.0808872
    outer loop
      vertex -3.72069 -20 11.9023
      vertex -3.99084 -20.8483 7.499
      vertex -4.08 -20 7.499
    endloop
  endfacet
  facet normal 0 0 1
    outer loop
      vertex -2.04 -23.5334 7.499
      vertex -3.30079 -22.3982 7.499
      vertex -2.73005 -23.032 7.499
    endloop
  endfacet
  facet normal 0 0 1
    outer loop
      vertex -2.04 -23.5334 7.499
      vertex -3.72727 -21.6595 7.499
      vertex -3.30079 -22.3982 7.499
    endloop
  endfacet
  facet normal 0 0 1
    outer loop
      vertex -2.04 -23.5334 7.499
      vertex -3.99084 -20.8483 7.499
      vertex -3.72727 -21.6595 7.499
    endloop
  endfacet
  facet normal -0 -0 1
    outer loop
      vertex -3.99084 -20.8483 7.499
      vertex -2.04 -23.5334 7.499
      vertex -4.08 -20 7.499
    endloop
  endfacet
  facet normal 0 0 1
    outer loop
      vertex 2.04 -23.5334 7.499
      vertex 0.426476 -24.0576 7.499
      vertex 1.26079 -23.8803 7.499
    endloop
  endfacet
  facet normal 0 0 1
    outer loop
      vertex 2.04 -23.5334 7.499
      vertex -0.426476 -24.0576 7.499
      vertex 0.426476 -24.0576 7.499
    endloop
  endfacet
  facet normal 0 0 1
    outer loop
      vertex 2.04 -23.5334 7.499
      vertex -1.26079 -23.8803 7.499
      vertex -0.426476 -24.0576 7.499
    endloop
  endfacet
  facet normal 0 -0 1
    outer loop
      vertex -1.26079 -23.8803 7.499
      vertex 2.04 -23.5334 7.499
      vertex -2.04 -23.5334 7.499
    endloop
  endfacet
  facet normal 0 0 1
    outer loop
      vertex -3.30079 -17.6018 7.499
      vertex -2.04 -16.4666 7.499
      vertex -2.73005 -16.968 7.499
    endloop
  endfacet
  facet normal 0 0 1
    outer loop
      vertex -3.72727 -18.3405 7.499
      vertex -2.04 -16.4666 7.499
      vertex -3.30079 -17.6018 7.499
    endloop
  endfacet
  facet normal 0 0 1
    outer loop
      vertex -3.99084 -19.1517 7.499
      vertex -2.04 -16.4666 7.499
      vertex -3.72727 -18.3405 7.499
    endloop
  endfacet
  facet normal 0 0 1
    outer loop
      vertex -2.04 -16.4666 7.499
      vertex -3.99084 -19.1517 7.499
      vertex -4.08 -20 7.499
    endloop
  endfacet
  facet normal 0 0 1
    outer loop
      vertex 4.08 -20 7.499
      vertex 3.72727 -21.6595 7.499
      vertex 3.99084 -20.8483 7.499
    endloop
  endfacet
  facet normal 0 0 1
    outer loop
      vertex 4.08 -20 7.499
      vertex 3.30079 -22.3982 7.499
      vertex 3.72727 -21.6595 7.499
    endloop
  endfacet
  facet normal 0 0 1
    outer loop
      vertex 4.08 -20 7.499
      vertex 2.73005 -23.032 7.499
      vertex 3.30079 -22.3982 7.499
    endloop
  endfacet
  facet normal 0 -0 1
    outer loop
      vertex 2.73005 -23.032 7.499
      vertex 4.08 -20 7.499
      vertex 2.04 -23.5334 7.499
    endloop
  endfacet
  facet normal 0 0 1
    outer loop
      vertex 0.426476 -15.9424 7.499
      vertex 2.04 -16.4666 7.499
      vertex 1.26079 -16.1197 7.499
    endloop
  endfacet
  facet normal -0 0 1
    outer loop
      vertex -0.426476 -15.9424 7.499
      vertex 2.04 -16.4666 7.499
      vertex 0.426476 -15.9424 7.499
    endloop
  endfacet
  facet normal -0 0 1
    outer loop
      vertex -1.26079 -16.1197 7.499
      vertex 2.04 -16.4666 7.499
      vertex -0.426476 -15.9424 7.499
    endloop
  endfacet
  facet normal 0 0 1
    outer loop
      vertex 2.04 -16.4666 7.499
      vertex -1.26079 -16.1197 7.499
      vertex -2.04 -16.4666 7.499
    endloop
  endfacet
  facet normal 0 0 1
    outer loop
      vertex 3.72727 -18.3405 7.499
      vertex 4.08 -20 7.499
      vertex 3.99084 -19.1517 7.499
    endloop
  endfacet
  facet normal 0 0 1
    outer loop
      vertex 3.30079 -17.6018 7.499
      vertex 4.08 -20 7.499
      vertex 3.72727 -18.3405 7.499
    endloop
  endfacet
  facet normal 0 0 1
    outer loop
      vertex 2.73005 -16.968 7.499
      vertex 4.08 -20 7.499
      vertex 3.30079 -17.6018 7.499
    endloop
  endfacet
  facet normal 0 0 1
    outer loop
      vertex 4.08 -20 7.499
      vertex 2.73005 -16.968 7.499
      vertex 2.04 -16.4666 7.499
    endloop
  endfacet
  facet normal 0 0 -1
    outer loop
      vertex 1.74975 -21.239 17.499
      vertex 3.264 -20 17.499
      vertex 3.19267 -20.6786 17.499
    endloop
  endfacet
  facet normal 0 0 -1
    outer loop
      vertex 1.74975 -21.239 17.499
      vertex 3.19267 -20.6786 17.499
      vertex 2.98181 -21.3276 17.499
    endloop
  endfacet
  facet normal -0 0 -1
    outer loop
      vertex 3.264 -20 17.499
      vertex 1.74975 -21.239 17.499
      vertex 3.19267 -19.3214 17.499
    endloop
  endfacet
  facet normal 0 0 -1
    outer loop
      vertex 1.74975 -21.239 17.499
      vertex 2.98181 -21.3276 17.499
      vertex 2.64063 -21.9185 17.499
    endloop
  endfacet
  facet normal -0 0 -1
    outer loop
      vertex 3.19267 -19.3214 17.499
      vertex 1.74975 -21.239 17.499
      vertex 2.98181 -18.6724 17.499
    endloop
  endfacet
  facet normal 0 0 -1
    outer loop
      vertex 1.74975 -21.239 17.499
      vertex 2.64063 -21.9185 17.499
      vertex 2.18404 -22.4256 17.499
    endloop
  endfacet
  facet normal -0 0 -1
    outer loop
      vertex 2.98181 -18.6724 17.499
      vertex 1.74975 -21.239 17.499
      vertex 2.64063 -18.0815 17.499
    endloop
  endfacet
  facet normal 0 0 -1
    outer loop
      vertex 1.74975 -17.3499 17.499
      vertex 2.64063 -18.0815 17.499
      vertex 1.74975 -21.239 17.499
    endloop
  endfacet
  facet normal 0 0 -1
    outer loop
      vertex 2.64063 -18.0815 17.499
      vertex 1.74975 -17.3499 17.499
      vertex 2.18404 -17.5744 17.499
    endloop
  endfacet
  facet normal 0 0 -1
    outer loop
      vertex 1.632 -22.8267 17.499
      vertex 1.74975 -21.239 17.499
      vertex 2.18404 -22.4256 17.499
    endloop
  endfacet
  facet normal 0 0 -1
    outer loop
      vertex 1.00863 -23.1042 17.499
      vertex 1.74975 -21.239 17.499
      vertex 1.632 -22.8267 17.499
    endloop
  endfacet
  facet normal 0 0 -1
    outer loop
      vertex 0.34118 -23.2461 17.499
      vertex 1.74975 -21.239 17.499
      vertex 1.00863 -23.1042 17.499
    endloop
  endfacet
  facet normal 0 0 -1
    outer loop
      vertex -0.34118 -23.2461 17.499
      vertex 1.74975 -21.239 17.499
      vertex 0.34118 -23.2461 17.499
    endloop
  endfacet
  facet normal 0 0 -1
    outer loop
      vertex -1.00863 -23.1042 17.499
      vertex 1.74975 -21.239 17.499
      vertex -0.34118 -23.2461 17.499
    endloop
  endfacet
  facet normal 0 0 -1
    outer loop
      vertex -1.632 -22.8267 17.499
      vertex 1.74975 -21.239 17.499
      vertex -1.00863 -23.1042 17.499
    endloop
  endfacet
  facet normal 0 0 -1
    outer loop
      vertex -2.18404 -22.4256 17.499
      vertex 1.74975 -21.239 17.499
      vertex -1.632 -22.8267 17.499
    endloop
  endfacet
  facet normal 0 0 -1
    outer loop
      vertex -2.64063 -21.9185 17.499
      vertex 1.74975 -21.239 17.499
      vertex -2.18404 -22.4256 17.499
    endloop
  endfacet
  facet normal 0 0 -1
    outer loop
      vertex -3.01058 -21.239 17.499
      vertex -2.64063 -21.9185 17.499
      vertex -2.98181 -21.3276 17.499
    endloop
  endfacet
  facet normal 0 0 -1
    outer loop
      vertex -2.64063 -21.9185 17.499
      vertex -3.01058 -21.239 17.499
      vertex 1.74975 -21.239 17.499
    endloop
  endfacet
  facet normal 0 0 -1
    outer loop
      vertex 2.18404 -17.5744 17.499
      vertex 1.74975 -17.3499 17.499
      vertex 1.87507 -17.3499 17.499
    endloop
  endfacet
  facet normal 0 1 -0
    outer loop
      vertex 2.04 -23.5334 2.499
      vertex -2.04 -23.5334 7.499
      vertex 2.04 -23.5334 7.499
    endloop
  endfacet
  facet normal 0 1 0
    outer loop
      vertex -2.04 -23.5334 7.499
      vertex 2.04 -23.5334 2.499
      vertex -2.04 -23.5334 2.499
    endloop
  endfacet
  facet normal -0.866026 0.499998 0
    outer loop
      vertex 2.04 -23.5334 2.499
      vertex 4.08 -20 7.499
      vertex 4.08 -20 2.499
    endloop
  endfacet
  facet normal -0.866026 0.499998 0
    outer loop
      vertex 4.08 -20 7.499
      vertex 2.04 -23.5334 2.499
      vertex 2.04 -23.5334 7.499
    endloop
  endfacet
  facet normal 0 -1 0
    outer loop
      vertex -2.04 -16.4666 2.499
      vertex 2.04 -16.4666 7.499
      vertex -2.04 -16.4666 7.499
    endloop
  endfacet
  facet normal 0 -1 -0
    outer loop
      vertex 2.04 -16.4666 7.499
      vertex -2.04 -16.4666 2.499
      vertex 2.04 -16.4666 2.499
    endloop
  endfacet
  facet normal -0.866026 -0.499998 0
    outer loop
      vertex 4.08 -20 2.499
      vertex 2.04 -16.4666 7.499
      vertex 2.04 -16.4666 2.499
    endloop
  endfacet
  facet normal -0.866026 -0.499998 0
    outer loop
      vertex 2.04 -16.4666 7.499
      vertex 4.08 -20 2.499
      vertex 4.08 -20 7.499
    endloop
  endfacet
  facet normal 0.866026 -0.499998 0
    outer loop
      vertex -4.08 -20 7.499
      vertex -2.04 -16.4666 2.499
      vertex -2.04 -16.4666 7.499
    endloop
  endfacet
  facet normal 0.866026 -0.499998 0
    outer loop
      vertex -2.04 -16.4666 2.499
      vertex -4.08 -20 7.499
      vertex -4.08 -20 2.499
    endloop
  endfacet
  facet normal 0.866026 0.499998 0
    outer loop
      vertex -2.04 -23.5334 7.499
      vertex -4.08 -20 2.499
      vertex -4.08 -20 7.499
    endloop
  endfacet
  facet normal 0.866026 0.499998 0
    outer loop
      vertex -4.08 -20 2.499
      vertex -2.04 -23.5334 7.499
      vertex -2.04 -23.5334 2.499
    endloop
  endfacet
  facet normal 0 0 1
    outer loop
      vertex 4.08 -20 2.499
      vertex 2.49428 -19.4698 2.499
      vertex 2.55 -20 2.499
    endloop
  endfacet
  facet normal 0 0 1
    outer loop
      vertex 4.08 -20 2.499
      vertex 2.32954 -18.9628 2.499
      vertex 2.49428 -19.4698 2.499
    endloop
  endfacet
  facet normal 0 0 1
    outer loop
      vertex 4.08 -20 2.499
      vertex 2.06299 -18.5011 2.499
      vertex 2.32954 -18.9628 2.499
    endloop
  endfacet
  facet normal 0 0 1
    outer loop
      vertex 2.04 -16.4666 2.499
      vertex 2.06299 -18.5011 2.499
      vertex 4.08 -20 2.499
    endloop
  endfacet
  facet normal 0 0 1
    outer loop
      vertex 2.04 -16.4666 2.499
      vertex 1.70628 -18.105 2.499
      vertex 2.06299 -18.5011 2.499
    endloop
  endfacet
  facet normal 0 0 1
    outer loop
      vertex 2.04 -16.4666 2.499
      vertex 1.275 -17.7916 2.499
      vertex 1.70628 -18.105 2.499
    endloop
  endfacet
  facet normal 0 0 1
    outer loop
      vertex 2.04 -16.4666 2.499
      vertex 0.787992 -17.5748 2.499
      vertex 1.275 -17.7916 2.499
    endloop
  endfacet
  facet normal 0 0 1
    outer loop
      vertex 2.04 -16.4666 2.499
      vertex 0.266547 -17.464 2.499
      vertex 0.787992 -17.5748 2.499
    endloop
  endfacet
  facet normal 0 0 1
    outer loop
      vertex 2.04 -16.4666 2.499
      vertex -0.266547 -17.464 2.499
      vertex 0.266547 -17.464 2.499
    endloop
  endfacet
  facet normal -0 0 1
    outer loop
      vertex -2.04 -16.4666 2.499
      vertex -0.266547 -17.464 2.499
      vertex 2.04 -16.4666 2.499
    endloop
  endfacet
  facet normal 0 0 1
    outer loop
      vertex -0.266547 -17.464 2.499
      vertex -2.04 -16.4666 2.499
      vertex -0.787992 -17.5748 2.499
    endloop
  endfacet
  facet normal 0 0 1
    outer loop
      vertex -2.04 -16.4666 2.499
      vertex -1.275 -17.7916 2.499
      vertex -0.787992 -17.5748 2.499
    endloop
  endfacet
  facet normal 0 0 1
    outer loop
      vertex -2.04 -16.4666 2.499
      vertex -1.70628 -18.105 2.499
      vertex -1.275 -17.7916 2.499
    endloop
  endfacet
  facet normal 0 0 1
    outer loop
      vertex -2.04 -16.4666 2.499
      vertex -2.06299 -18.5011 2.499
      vertex -1.70628 -18.105 2.499
    endloop
  endfacet
  facet normal 0 0 1
    outer loop
      vertex -2.04 -16.4666 2.499
      vertex -2.32954 -18.9628 2.499
      vertex -2.06299 -18.5011 2.499
    endloop
  endfacet
  facet normal 0 0 1
    outer loop
      vertex -4.08 -20 2.499
      vertex -2.32954 -18.9628 2.499
      vertex -2.04 -16.4666 2.499
    endloop
  endfacet
  facet normal 0 0 1
    outer loop
      vertex -2.49428 -19.4698 2.499
      vertex -4.08 -20 2.499
      vertex -2.55 -20 2.499
    endloop
  endfacet
  facet normal 0 0 1
    outer loop
      vertex -2.32954 -18.9628 2.499
      vertex -4.08 -20 2.499
      vertex -2.49428 -19.4698 2.499
    endloop
  endfacet
  facet normal 0 0 1
    outer loop
      vertex 2.49428 -20.5302 2.499
      vertex 4.08 -20 2.499
      vertex 2.55 -20 2.499
    endloop
  endfacet
  facet normal 0 0 1
    outer loop
      vertex 2.32954 -21.0372 2.499
      vertex 4.08 -20 2.499
      vertex 2.49428 -20.5302 2.499
    endloop
  endfacet
  facet normal 0 0 1
    outer loop
      vertex 2.06299 -21.4989 2.499
      vertex 4.08 -20 2.499
      vertex 2.32954 -21.0372 2.499
    endloop
  endfacet
  facet normal -0 0 1
    outer loop
      vertex 2.06299 -21.4989 2.499
      vertex 2.04 -23.5334 2.499
      vertex 4.08 -20 2.499
    endloop
  endfacet
  facet normal -0 0 1
    outer loop
      vertex 1.70628 -21.895 2.499
      vertex 2.04 -23.5334 2.499
      vertex 2.06299 -21.4989 2.499
    endloop
  endfacet
  facet normal -0 0 1
    outer loop
      vertex 1.275 -22.2084 2.499
      vertex 2.04 -23.5334 2.499
      vertex 1.70628 -21.895 2.499
    endloop
  endfacet
  facet normal -0 0 1
    outer loop
      vertex 0.787992 -22.4252 2.499
      vertex 2.04 -23.5334 2.499
      vertex 1.275 -22.2084 2.499
    endloop
  endfacet
  facet normal -0 0 1
    outer loop
      vertex 0.266547 -22.536 2.499
      vertex 2.04 -23.5334 2.499
      vertex 0.787992 -22.4252 2.499
    endloop
  endfacet
  facet normal -0 0 1
    outer loop
      vertex -0.266547 -22.536 2.499
      vertex 2.04 -23.5334 2.499
      vertex 0.266547 -22.536 2.499
    endloop
  endfacet
  facet normal 0 0 1
    outer loop
      vertex -2.04 -23.5334 2.499
      vertex -0.266547 -22.536 2.499
      vertex -0.787992 -22.4252 2.499
    endloop
  endfacet
  facet normal 0 0 1
    outer loop
      vertex -0.266547 -22.536 2.499
      vertex -2.04 -23.5334 2.499
      vertex 2.04 -23.5334 2.499
    endloop
  endfacet
  facet normal 0 0 1
    outer loop
      vertex -1.275 -22.2084 2.499
      vertex -2.04 -23.5334 2.499
      vertex -0.787992 -22.4252 2.499
    endloop
  endfacet
  facet normal 0 0 1
    outer loop
      vertex -1.70628 -21.895 2.499
      vertex -2.04 -23.5334 2.499
      vertex -1.275 -22.2084 2.499
    endloop
  endfacet
  facet normal 0 0 1
    outer loop
      vertex -2.06299 -21.4989 2.499
      vertex -2.04 -23.5334 2.499
      vertex -1.70628 -21.895 2.499
    endloop
  endfacet
  facet normal 0 0 1
    outer loop
      vertex -2.32954 -21.0372 2.499
      vertex -2.04 -23.5334 2.499
      vertex -2.06299 -21.4989 2.499
    endloop
  endfacet
  facet normal 0 0 1
    outer loop
      vertex -4.08 -20 2.499
      vertex -2.32954 -21.0372 2.499
      vertex -2.49428 -20.5302 2.499
    endloop
  endfacet
  facet normal 0 0 1
    outer loop
      vertex -2.32954 -21.0372 2.499
      vertex -4.08 -20 2.499
      vertex -2.04 -23.5334 2.499
    endloop
  endfacet
  facet normal -0 0 1
    outer loop
      vertex -4.08 -20 2.499
      vertex -2.49428 -20.5302 2.499
      vertex -2.55 -20 2.499
    endloop
  endfacet
  facet normal 0.866036 0.499982 0
    outer loop
      vertex -2.06299 -21.4989 2.499
      vertex -2.32954 -21.0372 -1.5005
      vertex -2.32954 -21.0372 2.499
    endloop
  endfacet
  facet normal 0.866036 0.499982 0
    outer loop
      vertex -2.32954 -21.0372 -1.5005
      vertex -2.06299 -21.4989 2.499
      vertex -2.06299 -21.4989 -1.5005
    endloop
  endfacet
  facet normal -0.951053 -0.309027 0
    outer loop
      vertex 2.49428 -19.4698 -1.5005
      vertex 2.32954 -18.9628 2.499
      vertex 2.32954 -18.9628 -1.5005
    endloop
  endfacet
  facet normal -0.951053 -0.309027 0
    outer loop
      vertex 2.32954 -18.9628 2.499
      vertex 2.49428 -19.4698 -1.5005
      vertex 2.49428 -19.4698 2.499
    endloop
  endfacet
  facet normal -0.994523 -0.104517 0
    outer loop
      vertex 2.55 -20 -1.5005
      vertex 2.49428 -19.4698 2.499
      vertex 2.49428 -19.4698 -1.5005
    endloop
  endfacet
  facet normal -0.994523 -0.104517 0
    outer loop
      vertex 2.49428 -19.4698 2.499
      vertex 2.55 -20 -1.5005
      vertex 2.55 -20 2.499
    endloop
  endfacet
  facet normal -0.866036 -0.499982 0
    outer loop
      vertex 2.32954 -18.9628 -1.5005
      vertex 2.06299 -18.5011 2.499
      vertex 2.06299 -18.5011 -1.5005
    endloop
  endfacet
  facet normal -0.866036 -0.499982 0
    outer loop
      vertex 2.06299 -18.5011 2.499
      vertex 2.32954 -18.9628 -1.5005
      vertex 2.32954 -18.9628 2.499
    endloop
  endfacet
  facet normal -0.207846 0.978162 0
    outer loop
      vertex 0.787992 -22.4252 -1.5005
      vertex 0.266547 -22.536 2.499
      vertex 0.787992 -22.4252 2.499
    endloop
  endfacet
  facet normal -0.207846 0.978162 0
    outer loop
      vertex 0.266547 -22.536 2.499
      vertex 0.787992 -22.4252 -1.5005
      vertex 0.266547 -22.536 -1.5005
    endloop
  endfacet
  facet normal 0.207846 -0.978162 0
    outer loop
      vertex -0.787992 -17.5748 -1.5005
      vertex -0.266547 -17.464 2.499
      vertex -0.787992 -17.5748 2.499
    endloop
  endfacet
  facet normal 0.207846 -0.978162 0
    outer loop
      vertex -0.266547 -17.464 2.499
      vertex -0.787992 -17.5748 -1.5005
      vertex -0.266547 -17.464 -1.5005
    endloop
  endfacet
  facet normal -0.40669 -0.913566 0
    outer loop
      vertex 0.787992 -17.5748 -1.5005
      vertex 1.275 -17.7916 2.499
      vertex 0.787992 -17.5748 2.499
    endloop
  endfacet
  facet normal -0.40669 -0.913566 -0
    outer loop
      vertex 1.275 -17.7916 2.499
      vertex 0.787992 -17.5748 -1.5005
      vertex 1.275 -17.7916 -1.5005
    endloop
  endfacet
  facet normal 0.994523 0.104517 0
    outer loop
      vertex -2.49428 -20.5302 2.499
      vertex -2.55 -20 -1.5005
      vertex -2.55 -20 2.499
    endloop
  endfacet
  facet normal 0.994523 0.104517 0
    outer loop
      vertex -2.55 -20 -1.5005
      vertex -2.49428 -20.5302 2.499
      vertex -2.49428 -20.5302 -1.5005
    endloop
  endfacet
  facet normal -0.994523 0.104517 0
    outer loop
      vertex 2.49428 -20.5302 -1.5005
      vertex 2.55 -20 2.499
      vertex 2.55 -20 -1.5005
    endloop
  endfacet
  facet normal -0.994523 0.104517 0
    outer loop
      vertex 2.55 -20 2.499
      vertex 2.49428 -20.5302 -1.5005
      vertex 2.49428 -20.5302 2.499
    endloop
  endfacet
  facet normal 0.994523 -0.104517 0
    outer loop
      vertex -2.55 -20 2.499
      vertex -2.49428 -19.4698 -1.5005
      vertex -2.49428 -19.4698 2.499
    endloop
  endfacet
  facet normal 0.994523 -0.104517 0
    outer loop
      vertex -2.49428 -19.4698 -1.5005
      vertex -2.55 -20 2.499
      vertex -2.55 -20 -1.5005
    endloop
  endfacet
  facet normal -0.866036 0.499982 0
    outer loop
      vertex 2.06299 -21.4989 -1.5005
      vertex 2.32954 -21.0372 2.499
      vertex 2.32954 -21.0372 -1.5005
    endloop
  endfacet
  facet normal -0.866036 0.499982 0
    outer loop
      vertex 2.32954 -21.0372 2.499
      vertex 2.06299 -21.4989 -1.5005
      vertex 2.06299 -21.4989 2.499
    endloop
  endfacet
  facet normal 0.587855 0.808966 -0
    outer loop
      vertex -1.275 -22.2084 -1.5005
      vertex -1.70628 -21.895 2.499
      vertex -1.275 -22.2084 2.499
    endloop
  endfacet
  facet normal 0.587855 0.808966 0
    outer loop
      vertex -1.70628 -21.895 2.499
      vertex -1.275 -22.2084 -1.5005
      vertex -1.70628 -21.895 -1.5005
    endloop
  endfacet
  facet normal -0.951053 0.309027 0
    outer loop
      vertex 2.32954 -21.0372 -1.5005
      vertex 2.49428 -20.5302 2.499
      vertex 2.49428 -20.5302 -1.5005
    endloop
  endfacet
  facet normal -0.951053 0.309027 0
    outer loop
      vertex 2.49428 -20.5302 2.499
      vertex 2.32954 -21.0372 -1.5005
      vertex 2.32954 -21.0372 2.499
    endloop
  endfacet
  facet normal 0.743089 -0.669193 0
    outer loop
      vertex -2.06299 -18.5011 2.499
      vertex -1.70628 -18.105 -1.5005
      vertex -1.70628 -18.105 2.499
    endloop
  endfacet
  facet normal 0.743089 -0.669193 0
    outer loop
      vertex -1.70628 -18.105 -1.5005
      vertex -2.06299 -18.5011 2.499
      vertex -2.06299 -18.5011 -1.5005
    endloop
  endfacet
  facet normal -0.587855 -0.808966 0
    outer loop
      vertex 1.275 -17.7916 -1.5005
      vertex 1.70628 -18.105 2.499
      vertex 1.275 -17.7916 2.499
    endloop
  endfacet
  facet normal -0.587855 -0.808966 -0
    outer loop
      vertex 1.70628 -18.105 2.499
      vertex 1.275 -17.7916 -1.5005
      vertex 1.70628 -18.105 -1.5005
    endloop
  endfacet
  facet normal 0.40669 0.913566 -0
    outer loop
      vertex -0.787992 -22.4252 -1.5005
      vertex -1.275 -22.2084 2.499
      vertex -0.787992 -22.4252 2.499
    endloop
  endfacet
  facet normal 0.40669 0.913566 0
    outer loop
      vertex -1.275 -22.2084 2.499
      vertex -0.787992 -22.4252 -1.5005
      vertex -1.275 -22.2084 -1.5005
    endloop
  endfacet
  facet normal -0.40669 0.913566 0
    outer loop
      vertex 1.275 -22.2084 -1.5005
      vertex 0.787992 -22.4252 2.499
      vertex 1.275 -22.2084 2.499
    endloop
  endfacet
  facet normal -0.40669 0.913566 0
    outer loop
      vertex 0.787992 -22.4252 2.499
      vertex 1.275 -22.2084 -1.5005
      vertex 0.787992 -22.4252 -1.5005
    endloop
  endfacet
  facet normal 0 -1 0
    outer loop
      vertex -0.266547 -17.464 -1.5005
      vertex 0.266547 -17.464 2.499
      vertex -0.266547 -17.464 2.499
    endloop
  endfacet
  facet normal 0 -1 -0
    outer loop
      vertex 0.266547 -17.464 2.499
      vertex -0.266547 -17.464 -1.5005
      vertex 0.266547 -17.464 -1.5005
    endloop
  endfacet
  facet normal 0.587855 -0.808966 0
    outer loop
      vertex -1.70628 -18.105 -1.5005
      vertex -1.275 -17.7916 2.499
      vertex -1.70628 -18.105 2.499
    endloop
  endfacet
  facet normal 0.587855 -0.808966 0
    outer loop
      vertex -1.275 -17.7916 2.499
      vertex -1.70628 -18.105 -1.5005
      vertex -1.275 -17.7916 -1.5005
    endloop
  endfacet
  facet normal 0 1 -0
    outer loop
      vertex 0.266547 -22.536 -1.5005
      vertex -0.266547 -22.536 2.499
      vertex 0.266547 -22.536 2.499
    endloop
  endfacet
  facet normal 0 1 0
    outer loop
      vertex -0.266547 -22.536 2.499
      vertex 0.266547 -22.536 -1.5005
      vertex -0.266547 -22.536 -1.5005
    endloop
  endfacet
  facet normal 0.951053 0.309027 0
    outer loop
      vertex -2.32954 -21.0372 2.499
      vertex -2.49428 -20.5302 -1.5005
      vertex -2.49428 -20.5302 2.499
    endloop
  endfacet
  facet normal 0.951053 0.309027 0
    outer loop
      vertex -2.49428 -20.5302 -1.5005
      vertex -2.32954 -21.0372 2.499
      vertex -2.32954 -21.0372 -1.5005
    endloop
  endfacet
  facet normal -0.587855 0.808966 0
    outer loop
      vertex 1.70628 -21.895 -1.5005
      vertex 1.275 -22.2084 2.499
      vertex 1.70628 -21.895 2.499
    endloop
  endfacet
  facet normal -0.587855 0.808966 0
    outer loop
      vertex 1.275 -22.2084 2.499
      vertex 1.70628 -21.895 -1.5005
      vertex 1.275 -22.2084 -1.5005
    endloop
  endfacet
  facet normal 0.40669 -0.913566 0
    outer loop
      vertex -1.275 -17.7916 -1.5005
      vertex -0.787992 -17.5748 2.499
      vertex -1.275 -17.7916 2.499
    endloop
  endfacet
  facet normal 0.40669 -0.913566 0
    outer loop
      vertex -0.787992 -17.5748 2.499
      vertex -1.275 -17.7916 -1.5005
      vertex -0.787992 -17.5748 -1.5005
    endloop
  endfacet
  facet normal -0.207846 -0.978162 0
    outer loop
      vertex 0.266547 -17.464 -1.5005
      vertex 0.787992 -17.5748 2.499
      vertex 0.266547 -17.464 2.499
    endloop
  endfacet
  facet normal -0.207846 -0.978162 -0
    outer loop
      vertex 0.787992 -17.5748 2.499
      vertex 0.266547 -17.464 -1.5005
      vertex 0.787992 -17.5748 -1.5005
    endloop
  endfacet
  facet normal -0.743089 -0.669193 0
    outer loop
      vertex 2.06299 -18.5011 -1.5005
      vertex 1.70628 -18.105 2.499
      vertex 1.70628 -18.105 -1.5005
    endloop
  endfacet
  facet normal -0.743089 -0.669193 0
    outer loop
      vertex 1.70628 -18.105 2.499
      vertex 2.06299 -18.5011 -1.5005
      vertex 2.06299 -18.5011 2.499
    endloop
  endfacet
  facet normal 0.743089 0.669193 0
    outer loop
      vertex -1.70628 -21.895 2.499
      vertex -2.06299 -21.4989 -1.5005
      vertex -2.06299 -21.4989 2.499
    endloop
  endfacet
  facet normal 0.743089 0.669193 0
    outer loop
      vertex -2.06299 -21.4989 -1.5005
      vertex -1.70628 -21.895 2.499
      vertex -1.70628 -21.895 -1.5005
    endloop
  endfacet
  facet normal 0.866036 -0.499982 0
    outer loop
      vertex -2.32954 -18.9628 2.499
      vertex -2.06299 -18.5011 -1.5005
      vertex -2.06299 -18.5011 2.499
    endloop
  endfacet
  facet normal 0.866036 -0.499982 0
    outer loop
      vertex -2.06299 -18.5011 -1.5005
      vertex -2.32954 -18.9628 2.499
      vertex -2.32954 -18.9628 -1.5005
    endloop
  endfacet
  facet normal 0.207846 0.978162 -0
    outer loop
      vertex -0.266547 -22.536 -1.5005
      vertex -0.787992 -22.4252 2.499
      vertex -0.266547 -22.536 2.499
    endloop
  endfacet
  facet normal 0.207846 0.978162 0
    outer loop
      vertex -0.787992 -22.4252 2.499
      vertex -0.266547 -22.536 -1.5005
      vertex -0.787992 -22.4252 -1.5005
    endloop
  endfacet
  facet normal -0.743089 0.669193 0
    outer loop
      vertex 1.70628 -21.895 -1.5005
      vertex 2.06299 -21.4989 2.499
      vertex 2.06299 -21.4989 -1.5005
    endloop
  endfacet
  facet normal -0.743089 0.669193 0
    outer loop
      vertex 2.06299 -21.4989 2.499
      vertex 1.70628 -21.895 -1.5005
      vertex 1.70628 -21.895 2.499
    endloop
  endfacet
  facet normal 0.951053 -0.309027 0
    outer loop
      vertex -2.49428 -19.4698 2.499
      vertex -2.32954 -18.9628 -1.5005
      vertex -2.32954 -18.9628 2.499
    endloop
  endfacet
  facet normal 0.951053 -0.309027 0
    outer loop
      vertex -2.32954 -18.9628 -1.5005
      vertex -2.49428 -19.4698 2.499
      vertex -2.49428 -19.4698 -1.5005
    endloop
  endfacet
  facet normal -0.207897 0.978151 0
    outer loop
      vertex -19.212 7.57481 -1.5005
      vertex -19.7335 7.46397 2.499
      vertex -19.212 7.57481 2.499
    endloop
  endfacet
  facet normal -0.207897 0.978151 0
    outer loop
      vertex -19.7335 7.46397 2.499
      vertex -19.212 7.57481 -1.5005
      vertex -19.7335 7.46397 -1.5005
    endloop
  endfacet
  facet normal -0.95102 -0.309128 0
    outer loop
      vertex -17.5057 10.5302 -1.5005
      vertex -17.6705 11.0372 2.499
      vertex -17.6705 11.0372 -1.5005
    endloop
  endfacet
  facet normal -0.95102 -0.309128 0
    outer loop
      vertex -17.6705 11.0372 2.499
      vertex -17.5057 10.5302 -1.5005
      vertex -17.5057 10.5302 2.499
    endloop
  endfacet
  facet normal -0.994527 -0.10448 0
    outer loop
      vertex -17.45 10 -1.5005
      vertex -17.5057 10.5302 2.499
      vertex -17.5057 10.5302 -1.5005
    endloop
  endfacet
  facet normal -0.994527 -0.10448 0
    outer loop
      vertex -17.5057 10.5302 2.499
      vertex -17.45 10 -1.5005
      vertex -17.45 10 2.499
    endloop
  endfacet
  facet normal -0.866076 -0.499912 0
    outer loop
      vertex -17.6705 11.0372 -1.5005
      vertex -17.937 11.4989 2.499
      vertex -17.937 11.4989 -1.5005
    endloop
  endfacet
  facet normal -0.866076 -0.499912 0
    outer loop
      vertex -17.937 11.4989 2.499
      vertex -17.6705 11.0372 -1.5005
      vertex -17.6705 11.0372 2.499
    endloop
  endfacet
  facet normal -0.994527 0.104484 0
    outer loop
      vertex -17.5057 9.46982 -1.5005
      vertex -17.45 10 2.499
      vertex -17.45 10 -1.5005
    endloop
  endfacet
  facet normal -0.994527 0.104484 0
    outer loop
      vertex -17.45 10 2.499
      vertex -17.5057 9.46982 -1.5005
      vertex -17.5057 9.46982 2.499
    endloop
  endfacet
  facet normal 0.406695 -0.913564 0
    outer loop
      vertex -21.275 12.2084 -1.5005
      vertex -20.788 12.4252 2.499
      vertex -21.275 12.2084 2.499
    endloop
  endfacet
  facet normal 0.406695 -0.913564 0
    outer loop
      vertex -20.788 12.4252 2.499
      vertex -21.275 12.2084 -1.5005
      vertex -20.788 12.4252 -1.5005
    endloop
  endfacet
  facet normal -0.587837 -0.808979 0
    outer loop
      vertex -18.725 12.2084 -1.5005
      vertex -18.2937 11.895 2.499
      vertex -18.725 12.2084 2.499
    endloop
  endfacet
  facet normal -0.587837 -0.808979 -0
    outer loop
      vertex -18.2937 11.895 2.499
      vertex -18.725 12.2084 -1.5005
      vertex -18.2937 11.895 -1.5005
    endloop
  endfacet
  facet normal 0.994527 -0.10448 0
    outer loop
      vertex -22.55 10 2.499
      vertex -22.4943 10.5302 -1.5005
      vertex -22.4943 10.5302 2.499
    endloop
  endfacet
  facet normal 0.994527 -0.10448 0
    outer loop
      vertex -22.4943 10.5302 -1.5005
      vertex -22.55 10 2.499
      vertex -22.55 10 -1.5005
    endloop
  endfacet
  facet normal 0 -1 0
    outer loop
      vertex -20.2665 12.536 -1.5005
      vertex -19.7335 12.536 2.499
      vertex -20.2665 12.536 2.499
    endloop
  endfacet
  facet normal 0 -1 -0
    outer loop
      vertex -19.7335 12.536 2.499
      vertex -20.2665 12.536 -1.5005
      vertex -19.7335 12.536 -1.5005
    endloop
  endfacet
  facet normal 0.743098 -0.669182 0
    outer loop
      vertex -22.063 11.4989 2.499
      vertex -21.7063 11.895 -1.5005
      vertex -21.7063 11.895 2.499
    endloop
  endfacet
  facet normal 0.743098 -0.669182 0
    outer loop
      vertex -21.7063 11.895 -1.5005
      vertex -22.063 11.4989 2.499
      vertex -22.063 11.4989 -1.5005
    endloop
  endfacet
  facet normal -0.95102 0.309128 0
    outer loop
      vertex -17.6705 8.96282 -1.5005
      vertex -17.5057 9.46982 2.499
      vertex -17.5057 9.46982 -1.5005
    endloop
  endfacet
  facet normal -0.95102 0.309128 0
    outer loop
      vertex -17.5057 9.46982 2.499
      vertex -17.6705 8.96282 -1.5005
      vertex -17.6705 8.96282 2.499
    endloop
  endfacet
  facet normal -0.743157 0.669117 0
    outer loop
      vertex -18.2937 8.10498 -1.5005
      vertex -17.937 8.50115 2.499
      vertex -17.937 8.50115 -1.5005
    endloop
  endfacet
  facet normal -0.743157 0.669117 0
    outer loop
      vertex -17.937 8.50115 2.499
      vertex -18.2937 8.10498 -1.5005
      vertex -18.2937 8.10498 2.499
    endloop
  endfacet
  facet normal -0.866062 0.499936 0
    outer loop
      vertex -17.937 8.50115 -1.5005
      vertex -17.6705 8.96282 2.499
      vertex -17.6705 8.96282 -1.5005
    endloop
  endfacet
  facet normal -0.866062 0.499936 0
    outer loop
      vertex -17.6705 8.96282 2.499
      vertex -17.937 8.50115 -1.5005
      vertex -17.937 8.50115 2.499
    endloop
  endfacet
  facet normal 0.866076 -0.499912 0
    outer loop
      vertex -22.3295 11.0372 2.499
      vertex -22.063 11.4989 -1.5005
      vertex -22.063 11.4989 2.499
    endloop
  endfacet
  facet normal 0.866076 -0.499912 0
    outer loop
      vertex -22.063 11.4989 -1.5005
      vertex -22.3295 11.0372 2.499
      vertex -22.3295 11.0372 -1.5005
    endloop
  endfacet
  facet normal 0.406727 0.91355 -0
    outer loop
      vertex -20.788 7.57481 -1.5005
      vertex -21.275 7.79163 2.499
      vertex -20.788 7.57481 2.499
    endloop
  endfacet
  facet normal 0.406727 0.91355 0
    outer loop
      vertex -21.275 7.79163 2.499
      vertex -20.788 7.57481 -1.5005
      vertex -21.275 7.79163 -1.5005
    endloop
  endfacet
  facet normal -0.406727 0.91355 0
    outer loop
      vertex -18.725 7.79163 -1.5005
      vertex -19.212 7.57481 2.499
      vertex -18.725 7.79163 2.499
    endloop
  endfacet
  facet normal -0.406727 0.91355 0
    outer loop
      vertex -19.212 7.57481 2.499
      vertex -18.725 7.79163 -1.5005
      vertex -19.212 7.57481 -1.5005
    endloop
  endfacet
  facet normal -0.743098 -0.669182 0
    outer loop
      vertex -17.937 11.4989 -1.5005
      vertex -18.2937 11.895 2.499
      vertex -18.2937 11.895 -1.5005
    endloop
  endfacet
  facet normal -0.743098 -0.669182 0
    outer loop
      vertex -18.2937 11.895 2.499
      vertex -17.937 11.4989 -1.5005
      vertex -17.937 11.4989 2.499
    endloop
  endfacet
  facet normal 0.587776 0.809024 -0
    outer loop
      vertex -21.275 7.79163 -1.5005
      vertex -21.7063 8.10498 2.499
      vertex -21.275 7.79163 2.499
    endloop
  endfacet
  facet normal 0.587776 0.809024 0
    outer loop
      vertex -21.7063 8.10498 2.499
      vertex -21.275 7.79163 -1.5005
      vertex -21.7063 8.10498 -1.5005
    endloop
  endfacet
  facet normal -0.406695 -0.913564 0
    outer loop
      vertex -19.212 12.4252 -1.5005
      vertex -18.725 12.2084 2.499
      vertex -19.212 12.4252 2.499
    endloop
  endfacet
  facet normal -0.406695 -0.913564 -0
    outer loop
      vertex -18.725 12.2084 2.499
      vertex -19.212 12.4252 -1.5005
      vertex -18.725 12.2084 -1.5005
    endloop
  endfacet
  facet normal -0.207825 -0.978166 0
    outer loop
      vertex -19.7335 12.536 -1.5005
      vertex -19.212 12.4252 2.499
      vertex -19.7335 12.536 2.499
    endloop
  endfacet
  facet normal -0.207825 -0.978166 -0
    outer loop
      vertex -19.212 12.4252 2.499
      vertex -19.7335 12.536 -1.5005
      vertex -19.212 12.4252 -1.5005
    endloop
  endfacet
  facet normal 0.743157 0.669117 0
    outer loop
      vertex -21.7063 8.10498 2.499
      vertex -22.063 8.50115 -1.5005
      vertex -22.063 8.50115 2.499
    endloop
  endfacet
  facet normal 0.743157 0.669117 0
    outer loop
      vertex -22.063 8.50115 -1.5005
      vertex -21.7063 8.10498 2.499
      vertex -21.7063 8.10498 -1.5005
    endloop
  endfacet
  facet normal -0.587776 0.809024 0
    outer loop
      vertex -18.2937 8.10498 -1.5005
      vertex -18.725 7.79163 2.499
      vertex -18.2937 8.10498 2.499
    endloop
  endfacet
  facet normal -0.587776 0.809024 0
    outer loop
      vertex -18.725 7.79163 2.499
      vertex -18.2937 8.10498 -1.5005
      vertex -18.725 7.79163 -1.5005
    endloop
  endfacet
  facet normal 0.587837 -0.808979 0
    outer loop
      vertex -21.7063 11.895 -1.5005
      vertex -21.275 12.2084 2.499
      vertex -21.7063 11.895 2.499
    endloop
  endfacet
  facet normal 0.587837 -0.808979 0
    outer loop
      vertex -21.275 12.2084 2.499
      vertex -21.7063 11.895 -1.5005
      vertex -21.275 12.2084 -1.5005
    endloop
  endfacet
  facet normal 0.994527 0.104484 0
    outer loop
      vertex -22.4943 9.46982 2.499
      vertex -22.55 10 -1.5005
      vertex -22.55 10 2.499
    endloop
  endfacet
  facet normal 0.994527 0.104484 0
    outer loop
      vertex -22.55 10 -1.5005
      vertex -22.4943 9.46982 2.499
      vertex -22.4943 9.46982 -1.5005
    endloop
  endfacet
  facet normal 0 1 -0
    outer loop
      vertex -19.7335 7.46397 -1.5005
      vertex -20.2665 7.46397 2.499
      vertex -19.7335 7.46397 2.499
    endloop
  endfacet
  facet normal 0 1 0
    outer loop
      vertex -20.2665 7.46397 2.499
      vertex -19.7335 7.46397 -1.5005
      vertex -20.2665 7.46397 -1.5005
    endloop
  endfacet
  facet normal 0 0 1
    outer loop
      vertex -16.4666 12.04 2.499
      vertex -17.45 10 2.499
      vertex -16.4666 7.96 2.499
    endloop
  endfacet
  facet normal 0 0 1
    outer loop
      vertex -16.4666 12.04 2.499
      vertex -17.5057 10.5302 2.499
      vertex -17.45 10 2.499
    endloop
  endfacet
  facet normal 0 0 1
    outer loop
      vertex -16.4666 12.04 2.499
      vertex -17.6705 11.0372 2.499
      vertex -17.5057 10.5302 2.499
    endloop
  endfacet
  facet normal 0 0 1
    outer loop
      vertex -16.4666 12.04 2.499
      vertex -17.937 11.4989 2.499
      vertex -17.6705 11.0372 2.499
    endloop
  endfacet
  facet normal 0 0 1
    outer loop
      vertex -16.4666 12.04 2.499
      vertex -18.2937 11.895 2.499
      vertex -17.937 11.4989 2.499
    endloop
  endfacet
  facet normal 0 0 1
    outer loop
      vertex -16.4666 12.04 2.499
      vertex -18.725 12.2084 2.499
      vertex -18.2937 11.895 2.499
    endloop
  endfacet
  facet normal 0 0 1
    outer loop
      vertex -20 14.08 2.499
      vertex -18.725 12.2084 2.499
      vertex -16.4666 12.04 2.499
    endloop
  endfacet
  facet normal 0 0 1
    outer loop
      vertex -18.725 12.2084 2.499
      vertex -20 14.08 2.499
      vertex -19.212 12.4252 2.499
    endloop
  endfacet
  facet normal 0 0 1
    outer loop
      vertex -19.212 12.4252 2.499
      vertex -20 14.08 2.499
      vertex -19.7335 12.536 2.499
    endloop
  endfacet
  facet normal 0 0 1
    outer loop
      vertex -20 14.08 2.499
      vertex -20.2665 12.536 2.499
      vertex -19.7335 12.536 2.499
    endloop
  endfacet
  facet normal 0 0 1
    outer loop
      vertex -20 14.08 2.499
      vertex -20.788 12.4252 2.499
      vertex -20.2665 12.536 2.499
    endloop
  endfacet
  facet normal 0 0 1
    outer loop
      vertex -20 14.08 2.499
      vertex -21.275 12.2084 2.499
      vertex -20.788 12.4252 2.499
    endloop
  endfacet
  facet normal 0 0 1
    outer loop
      vertex -23.5334 12.04 2.499
      vertex -21.275 12.2084 2.499
      vertex -20 14.08 2.499
    endloop
  endfacet
  facet normal 0 0 1
    outer loop
      vertex -21.275 12.2084 2.499
      vertex -23.5334 12.04 2.499
      vertex -21.7063 11.895 2.499
    endloop
  endfacet
  facet normal 0 0 1
    outer loop
      vertex -22.4943 10.5302 2.499
      vertex -23.5334 12.04 2.499
      vertex -22.55 10 2.499
    endloop
  endfacet
  facet normal 0 0 1
    outer loop
      vertex -22.3295 11.0372 2.499
      vertex -23.5334 12.04 2.499
      vertex -22.4943 10.5302 2.499
    endloop
  endfacet
  facet normal 0 0 1
    outer loop
      vertex -22.063 11.4989 2.499
      vertex -23.5334 12.04 2.499
      vertex -22.3295 11.0372 2.499
    endloop
  endfacet
  facet normal 0 0 1
    outer loop
      vertex -21.7063 11.895 2.499
      vertex -23.5334 12.04 2.499
      vertex -22.063 11.4989 2.499
    endloop
  endfacet
  facet normal -0 0 1
    outer loop
      vertex -17.5057 9.46982 2.499
      vertex -16.4666 7.96 2.499
      vertex -17.45 10 2.499
    endloop
  endfacet
  facet normal -0 0 1
    outer loop
      vertex -17.6705 8.96282 2.499
      vertex -16.4666 7.96 2.499
      vertex -17.5057 9.46982 2.499
    endloop
  endfacet
  facet normal -0 0 1
    outer loop
      vertex -17.937 8.50115 2.499
      vertex -16.4666 7.96 2.499
      vertex -17.6705 8.96282 2.499
    endloop
  endfacet
  facet normal -0 0 1
    outer loop
      vertex -18.2937 8.10498 2.499
      vertex -16.4666 7.96 2.499
      vertex -17.937 8.50115 2.499
    endloop
  endfacet
  facet normal 0 0 1
    outer loop
      vertex -18.725 7.79163 2.499
      vertex -16.4666 7.96 2.499
      vertex -18.2937 8.10498 2.499
    endloop
  endfacet
  facet normal 0 0 1
    outer loop
      vertex -20 5.92 2.499
      vertex -18.725 7.79163 2.499
      vertex -19.212 7.57481 2.499
    endloop
  endfacet
  facet normal 0 0 1
    outer loop
      vertex -20 5.92 2.499
      vertex -19.212 7.57481 2.499
      vertex -19.7335 7.46397 2.499
    endloop
  endfacet
  facet normal -0 0 1
    outer loop
      vertex -18.725 7.79163 2.499
      vertex -20 5.92 2.499
      vertex -16.4666 7.96 2.499
    endloop
  endfacet
  facet normal -0 0 1
    outer loop
      vertex -20.2665 7.46397 2.499
      vertex -20 5.92 2.499
      vertex -19.7335 7.46397 2.499
    endloop
  endfacet
  facet normal 0 0 1
    outer loop
      vertex -20.788 7.57481 2.499
      vertex -20 5.92 2.499
      vertex -20.2665 7.46397 2.499
    endloop
  endfacet
  facet normal 0 0 1
    outer loop
      vertex -21.275 7.79163 2.499
      vertex -20 5.92 2.499
      vertex -20.788 7.57481 2.499
    endloop
  endfacet
  facet normal -0 0 1
    outer loop
      vertex -23.5334 7.96 2.499
      vertex -21.275 7.79163 2.499
      vertex -21.7063 8.10498 2.499
    endloop
  endfacet
  facet normal 0 0 1
    outer loop
      vertex -23.5334 7.96 2.499
      vertex -21.7063 8.10498 2.499
      vertex -22.063 8.50115 2.499
    endloop
  endfacet
  facet normal 0 0 1
    outer loop
      vertex -23.5334 7.96 2.499
      vertex -22.55 10 2.499
      vertex -23.5334 12.04 2.499
    endloop
  endfacet
  facet normal 0 0 1
    outer loop
      vertex -22.55 10 2.499
      vertex -23.5334 7.96 2.499
      vertex -22.4943 9.46982 2.499
    endloop
  endfacet
  facet normal 0 0 1
    outer loop
      vertex -21.275 7.79163 2.499
      vertex -23.5334 7.96 2.499
      vertex -20 5.92 2.499
    endloop
  endfacet
  facet normal 0 0 1
    outer loop
      vertex -22.3295 8.96282 2.499
      vertex -23.5334 7.96 2.499
      vertex -22.063 8.50115 2.499
    endloop
  endfacet
  facet normal 0 0 1
    outer loop
      vertex -22.4943 9.46982 2.499
      vertex -23.5334 7.96 2.499
      vertex -22.3295 8.96282 2.499
    endloop
  endfacet
  facet normal 0.95102 0.309128 0
    outer loop
      vertex -22.3295 8.96282 2.499
      vertex -22.4943 9.46982 -1.5005
      vertex -22.4943 9.46982 2.499
    endloop
  endfacet
  facet normal 0.95102 0.309128 0
    outer loop
      vertex -22.4943 9.46982 -1.5005
      vertex -22.3295 8.96282 2.499
      vertex -22.3295 8.96282 -1.5005
    endloop
  endfacet
  facet normal 0.207825 -0.978166 0
    outer loop
      vertex -20.788 12.4252 -1.5005
      vertex -20.2665 12.536 2.499
      vertex -20.788 12.4252 2.499
    endloop
  endfacet
  facet normal 0.207825 -0.978166 0
    outer loop
      vertex -20.2665 12.536 2.499
      vertex -20.788 12.4252 -1.5005
      vertex -20.2665 12.536 -1.5005
    endloop
  endfacet
  facet normal 0.866062 0.499936 0
    outer loop
      vertex -22.063 8.50115 2.499
      vertex -22.3295 8.96282 -1.5005
      vertex -22.3295 8.96282 2.499
    endloop
  endfacet
  facet normal 0.866062 0.499936 0
    outer loop
      vertex -22.3295 8.96282 -1.5005
      vertex -22.063 8.50115 2.499
      vertex -22.063 8.50115 -1.5005
    endloop
  endfacet
  facet normal 0.95102 -0.309128 0
    outer loop
      vertex -22.4943 10.5302 2.499
      vertex -22.3295 11.0372 -1.5005
      vertex -22.3295 11.0372 2.499
    endloop
  endfacet
  facet normal 0.95102 -0.309128 0
    outer loop
      vertex -22.3295 11.0372 -1.5005
      vertex -22.4943 10.5302 2.499
      vertex -22.4943 10.5302 -1.5005
    endloop
  endfacet
  facet normal 0.207897 0.978151 -0
    outer loop
      vertex -20.2665 7.46397 -1.5005
      vertex -20.788 7.57481 2.499
      vertex -20.2665 7.46397 2.499
    endloop
  endfacet
  facet normal 0.207897 0.978151 0
    outer loop
      vertex -20.788 7.57481 2.499
      vertex -20.2665 7.46397 -1.5005
      vertex -20.788 7.57481 -1.5005
    endloop
  endfacet
  facet normal 0.866076 0.499912 0
    outer loop
      vertex -22.063 -11.4989 2.499
      vertex -22.3295 -11.0372 -1.5005
      vertex -22.3295 -11.0372 2.499
    endloop
  endfacet
  facet normal 0.866076 0.499912 0
    outer loop
      vertex -22.3295 -11.0372 -1.5005
      vertex -22.063 -11.4989 2.499
      vertex -22.063 -11.4989 -1.5005
    endloop
  endfacet
  facet normal -0.95102 -0.309128 0
    outer loop
      vertex -17.5057 -9.46982 -1.5005
      vertex -17.6705 -8.96282 2.499
      vertex -17.6705 -8.96282 -1.5005
    endloop
  endfacet
  facet normal -0.95102 -0.309128 0
    outer loop
      vertex -17.6705 -8.96282 2.499
      vertex -17.5057 -9.46982 -1.5005
      vertex -17.5057 -9.46982 2.499
    endloop
  endfacet
  facet normal -0.994527 -0.104484 0
    outer loop
      vertex -17.45 -10 -1.5005
      vertex -17.5057 -9.46982 2.499
      vertex -17.5057 -9.46982 -1.5005
    endloop
  endfacet
  facet normal -0.994527 -0.104484 0
    outer loop
      vertex -17.5057 -9.46982 2.499
      vertex -17.45 -10 -1.5005
      vertex -17.45 -10 2.499
    endloop
  endfacet
  facet normal -0.866062 -0.499936 0
    outer loop
      vertex -17.6705 -8.96282 -1.5005
      vertex -17.937 -8.50115 2.499
      vertex -17.937 -8.50115 -1.5005
    endloop
  endfacet
  facet normal -0.866062 -0.499936 0
    outer loop
      vertex -17.937 -8.50115 2.499
      vertex -17.6705 -8.96282 -1.5005
      vertex -17.6705 -8.96282 2.499
    endloop
  endfacet
  facet normal -0.207825 0.978166 0
    outer loop
      vertex -19.212 -12.4252 -1.5005
      vertex -19.7335 -12.536 2.499
      vertex -19.212 -12.4252 2.499
    endloop
  endfacet
  facet normal -0.207825 0.978166 0
    outer loop
      vertex -19.7335 -12.536 2.499
      vertex -19.212 -12.4252 -1.5005
      vertex -19.7335 -12.536 -1.5005
    endloop
  endfacet
  facet normal 0.207897 -0.978151 0
    outer loop
      vertex -20.788 -7.57481 -1.5005
      vertex -20.2665 -7.46397 2.499
      vertex -20.788 -7.57481 2.499
    endloop
  endfacet
  facet normal 0.207897 -0.978151 0
    outer loop
      vertex -20.2665 -7.46397 2.499
      vertex -20.788 -7.57481 -1.5005
      vertex -20.2665 -7.46397 -1.5005
    endloop
  endfacet
  facet normal -0.406727 -0.91355 0
    outer loop
      vertex -19.212 -7.57481 -1.5005
      vertex -18.725 -7.79163 2.499
      vertex -19.212 -7.57481 2.499
    endloop
  endfacet
  facet normal -0.406727 -0.91355 -0
    outer loop
      vertex -18.725 -7.79163 2.499
      vertex -19.212 -7.57481 -1.5005
      vertex -18.725 -7.79163 -1.5005
    endloop
  endfacet
  facet normal 0.994527 0.10448 0
    outer loop
      vertex -22.4943 -10.5302 2.499
      vertex -22.55 -10 -1.5005
      vertex -22.55 -10 2.499
    endloop
  endfacet
  facet normal 0.994527 0.10448 0
    outer loop
      vertex -22.55 -10 -1.5005
      vertex -22.4943 -10.5302 2.499
      vertex -22.4943 -10.5302 -1.5005
    endloop
  endfacet
  facet normal -0.994527 0.10448 0
    outer loop
      vertex -17.5057 -10.5302 -1.5005
      vertex -17.45 -10 2.499
      vertex -17.45 -10 -1.5005
    endloop
  endfacet
  facet normal -0.994527 0.10448 0
    outer loop
      vertex -17.45 -10 2.499
      vertex -17.5057 -10.5302 -1.5005
      vertex -17.5057 -10.5302 2.499
    endloop
  endfacet
  facet normal 0.994527 -0.104484 0
    outer loop
      vertex -22.55 -10 2.499
      vertex -22.4943 -9.46982 -1.5005
      vertex -22.4943 -9.46982 2.499
    endloop
  endfacet
  facet normal 0.994527 -0.104484 0
    outer loop
      vertex -22.4943 -9.46982 -1.5005
      vertex -22.55 -10 2.499
      vertex -22.55 -10 -1.5005
    endloop
  endfacet
  facet normal -0.866076 0.499912 0
    outer loop
      vertex -17.937 -11.4989 -1.5005
      vertex -17.6705 -11.0372 2.499
      vertex -17.6705 -11.0372 -1.5005
    endloop
  endfacet
  facet normal -0.866076 0.499912 0
    outer loop
      vertex -17.6705 -11.0372 2.499
      vertex -17.937 -11.4989 -1.5005
      vertex -17.937 -11.4989 2.499
    endloop
  endfacet
  facet normal 0.587837 0.808979 -0
    outer loop
      vertex -21.275 -12.2084 -1.5005
      vertex -21.7063 -11.895 2.499
      vertex -21.275 -12.2084 2.499
    endloop
  endfacet
  facet normal 0.587837 0.808979 0
    outer loop
      vertex -21.7063 -11.895 2.499
      vertex -21.275 -12.2084 -1.5005
      vertex -21.7063 -11.895 -1.5005
    endloop
  endfacet
  facet normal 0.743157 -0.669117 0
    outer loop
      vertex -22.063 -8.50115 2.499
      vertex -21.7063 -8.10498 -1.5005
      vertex -21.7063 -8.10498 2.499
    endloop
  endfacet
  facet normal 0.743157 -0.669117 0
    outer loop
      vertex -21.7063 -8.10498 -1.5005
      vertex -22.063 -8.50115 2.499
      vertex -22.063 -8.50115 -1.5005
    endloop
  endfacet
  facet normal -0.587776 -0.809024 0
    outer loop
      vertex -18.725 -7.79163 -1.5005
      vertex -18.2937 -8.10498 2.499
      vertex -18.725 -7.79163 2.499
    endloop
  endfacet
  facet normal -0.587776 -0.809024 -0
    outer loop
      vertex -18.2937 -8.10498 2.499
      vertex -18.725 -7.79163 -1.5005
      vertex -18.2937 -8.10498 -1.5005
    endloop
  endfacet
  facet normal -0.406695 0.913564 0
    outer loop
      vertex -18.725 -12.2084 -1.5005
      vertex -19.212 -12.4252 2.499
      vertex -18.725 -12.2084 2.499
    endloop
  endfacet
  facet normal -0.406695 0.913564 0
    outer loop
      vertex -19.212 -12.4252 2.499
      vertex -18.725 -12.2084 -1.5005
      vertex -19.212 -12.4252 -1.5005
    endloop
  endfacet
  facet normal 0 -1 0
    outer loop
      vertex -20.2665 -7.46397 -1.5005
      vertex -19.7335 -7.46397 2.499
      vertex -20.2665 -7.46397 2.499
    endloop
  endfacet
  facet normal 0 -1 -0
    outer loop
      vertex -19.7335 -7.46397 2.499
      vertex -20.2665 -7.46397 -1.5005
      vertex -19.7335 -7.46397 -1.5005
    endloop
  endfacet
  facet normal 0.587776 -0.809024 0
    outer loop
      vertex -21.7063 -8.10498 -1.5005
      vertex -21.275 -7.79163 2.499
      vertex -21.7063 -8.10498 2.499
    endloop
  endfacet
  facet normal 0.587776 -0.809024 0
    outer loop
      vertex -21.275 -7.79163 2.499
      vertex -21.7063 -8.10498 -1.5005
      vertex -21.275 -7.79163 -1.5005
    endloop
  endfacet
  facet normal 0 1 -0
    outer loop
      vertex -19.7335 -12.536 -1.5005
      vertex -20.2665 -12.536 2.499
      vertex -19.7335 -12.536 2.499
    endloop
  endfacet
  facet normal 0 1 0
    outer loop
      vertex -20.2665 -12.536 2.499
      vertex -19.7335 -12.536 -1.5005
      vertex -20.2665 -12.536 -1.5005
    endloop
  endfacet
  facet normal -0.95102 0.309128 0
    outer loop
      vertex -17.6705 -11.0372 -1.5005
      vertex -17.5057 -10.5302 2.499
      vertex -17.5057 -10.5302 -1.5005
    endloop
  endfacet
  facet normal -0.95102 0.309128 0
    outer loop
      vertex -17.5057 -10.5302 2.499
      vertex -17.6705 -11.0372 -1.5005
      vertex -17.6705 -11.0372 2.499
    endloop
  endfacet
  facet normal 0.95102 0.309128 0
    outer loop
      vertex -22.3295 -11.0372 2.499
      vertex -22.4943 -10.5302 -1.5005
      vertex -22.4943 -10.5302 2.499
    endloop
  endfacet
  facet normal 0.95102 0.309128 0
    outer loop
      vertex -22.4943 -10.5302 -1.5005
      vertex -22.3295 -11.0372 2.499
      vertex -22.3295 -11.0372 -1.5005
    endloop
  endfacet
  facet normal -0.587837 0.808979 0
    outer loop
      vertex -18.2937 -11.895 -1.5005
      vertex -18.725 -12.2084 2.499
      vertex -18.2937 -11.895 2.499
    endloop
  endfacet
  facet normal -0.587837 0.808979 0
    outer loop
      vertex -18.725 -12.2084 2.499
      vertex -18.2937 -11.895 -1.5005
      vertex -18.725 -12.2084 -1.5005
    endloop
  endfacet
  facet normal 0.406727 -0.91355 0
    outer loop
      vertex -21.275 -7.79163 -1.5005
      vertex -20.788 -7.57481 2.499
      vertex -21.275 -7.79163 2.499
    endloop
  endfacet
  facet normal 0.406727 -0.91355 0
    outer loop
      vertex -20.788 -7.57481 2.499
      vertex -21.275 -7.79163 -1.5005
      vertex -20.788 -7.57481 -1.5005
    endloop
  endfacet
  facet normal -0.207897 -0.978151 0
    outer loop
      vertex -19.7335 -7.46397 -1.5005
      vertex -19.212 -7.57481 2.499
      vertex -19.7335 -7.46397 2.499
    endloop
  endfacet
  facet normal -0.207897 -0.978151 -0
    outer loop
      vertex -19.212 -7.57481 2.499
      vertex -19.7335 -7.46397 -1.5005
      vertex -19.212 -7.57481 -1.5005
    endloop
  endfacet
  facet normal -0.743157 -0.669117 0
    outer loop
      vertex -17.937 -8.50115 -1.5005
      vertex -18.2937 -8.10498 2.499
      vertex -18.2937 -8.10498 -1.5005
    endloop
  endfacet
  facet normal -0.743157 -0.669117 0
    outer loop
      vertex -18.2937 -8.10498 2.499
      vertex -17.937 -8.50115 -1.5005
      vertex -17.937 -8.50115 2.499
    endloop
  endfacet
  facet normal 0 0 1
    outer loop
      vertex -16.4666 -7.96 2.499
      vertex -17.45 -10 2.499
      vertex -16.4666 -12.04 2.499
    endloop
  endfacet
  facet normal 0 0 1
    outer loop
      vertex -16.4666 -7.96 2.499
      vertex -17.5057 -9.46982 2.499
      vertex -17.45 -10 2.499
    endloop
  endfacet
  facet normal 0 0 1
    outer loop
      vertex -16.4666 -7.96 2.499
      vertex -17.6705 -8.96282 2.499
      vertex -17.5057 -9.46982 2.499
    endloop
  endfacet
  facet normal 0 0 1
    outer loop
      vertex -16.4666 -7.96 2.499
      vertex -17.937 -8.50115 2.499
      vertex -17.6705 -8.96282 2.499
    endloop
  endfacet
  facet normal 0 0 1
    outer loop
      vertex -16.4666 -7.96 2.499
      vertex -18.2937 -8.10498 2.499
      vertex -17.937 -8.50115 2.499
    endloop
  endfacet
  facet normal 0 0 1
    outer loop
      vertex -16.4666 -7.96 2.499
      vertex -18.725 -7.79163 2.499
      vertex -18.2937 -8.10498 2.499
    endloop
  endfacet
  facet normal 0 0 1
    outer loop
      vertex -20 -5.92 2.499
      vertex -18.725 -7.79163 2.499
      vertex -16.4666 -7.96 2.499
    endloop
  endfacet
  facet normal 0 0 1
    outer loop
      vertex -18.725 -7.79163 2.499
      vertex -20 -5.92 2.499
      vertex -19.212 -7.57481 2.499
    endloop
  endfacet
  facet normal 0 0 1
    outer loop
      vertex -19.212 -7.57481 2.499
      vertex -20 -5.92 2.499
      vertex -19.7335 -7.46397 2.499
    endloop
  endfacet
  facet normal 0 0 1
    outer loop
      vertex -20 -5.92 2.499
      vertex -20.2665 -7.46397 2.499
      vertex -19.7335 -7.46397 2.499
    endloop
  endfacet
  facet normal 0 0 1
    outer loop
      vertex -20 -5.92 2.499
      vertex -20.788 -7.57481 2.499
      vertex -20.2665 -7.46397 2.499
    endloop
  endfacet
  facet normal 0 0 1
    outer loop
      vertex -20 -5.92 2.499
      vertex -21.275 -7.79163 2.499
      vertex -20.788 -7.57481 2.499
    endloop
  endfacet
  facet normal 0 0 1
    outer loop
      vertex -23.5334 -7.96 2.499
      vertex -21.275 -7.79163 2.499
      vertex -20 -5.92 2.499
    endloop
  endfacet
  facet normal 0 0 1
    outer loop
      vertex -21.275 -7.79163 2.499
      vertex -23.5334 -7.96 2.499
      vertex -21.7063 -8.10498 2.499
    endloop
  endfacet
  facet normal 0 0 1
    outer loop
      vertex -22.4943 -9.46982 2.499
      vertex -23.5334 -7.96 2.499
      vertex -22.55 -10 2.499
    endloop
  endfacet
  facet normal 0 0 1
    outer loop
      vertex -22.3295 -8.96282 2.499
      vertex -23.5334 -7.96 2.499
      vertex -22.4943 -9.46982 2.499
    endloop
  endfacet
  facet normal 0 0 1
    outer loop
      vertex -22.063 -8.50115 2.499
      vertex -23.5334 -7.96 2.499
      vertex -22.3295 -8.96282 2.499
    endloop
  endfacet
  facet normal 0 0 1
    outer loop
      vertex -21.7063 -8.10498 2.499
      vertex -23.5334 -7.96 2.499
      vertex -22.063 -8.50115 2.499
    endloop
  endfacet
  facet normal -0 0 1
    outer loop
      vertex -17.5057 -10.5302 2.499
      vertex -16.4666 -12.04 2.499
      vertex -17.45 -10 2.499
    endloop
  endfacet
  facet normal -0 0 1
    outer loop
      vertex -17.6705 -11.0372 2.499
      vertex -16.4666 -12.04 2.499
      vertex -17.5057 -10.5302 2.499
    endloop
  endfacet
  facet normal -0 0 1
    outer loop
      vertex -17.937 -11.4989 2.499
      vertex -16.4666 -12.04 2.499
      vertex -17.6705 -11.0372 2.499
    endloop
  endfacet
  facet normal -0 0 1
    outer loop
      vertex -18.2937 -11.895 2.499
      vertex -16.4666 -12.04 2.499
      vertex -17.937 -11.4989 2.499
    endloop
  endfacet
  facet normal 0 0 1
    outer loop
      vertex -18.725 -12.2084 2.499
      vertex -16.4666 -12.04 2.499
      vertex -18.2937 -11.895 2.499
    endloop
  endfacet
  facet normal 0 0 1
    outer loop
      vertex -20 -14.08 2.499
      vertex -18.725 -12.2084 2.499
      vertex -19.212 -12.4252 2.499
    endloop
  endfacet
  facet normal 0 0 1
    outer loop
      vertex -20 -14.08 2.499
      vertex -19.212 -12.4252 2.499
      vertex -19.7335 -12.536 2.499
    endloop
  endfacet
  facet normal -0 0 1
    outer loop
      vertex -18.725 -12.2084 2.499
      vertex -20 -14.08 2.499
      vertex -16.4666 -12.04 2.499
    endloop
  endfacet
  facet normal -0 0 1
    outer loop
      vertex -20.2665 -12.536 2.499
      vertex -20 -14.08 2.499
      vertex -19.7335 -12.536 2.499
    endloop
  endfacet
  facet normal 0 0 1
    outer loop
      vertex -20.788 -12.4252 2.499
      vertex -20 -14.08 2.499
      vertex -20.2665 -12.536 2.499
    endloop
  endfacet
  facet normal 0 0 1
    outer loop
      vertex -21.275 -12.2084 2.499
      vertex -20 -14.08 2.499
      vertex -20.788 -12.4252 2.499
    endloop
  endfacet
  facet normal -0 0 1
    outer loop
      vertex -23.5334 -12.04 2.499
      vertex -21.275 -12.2084 2.499
      vertex -21.7063 -11.895 2.499
    endloop
  endfacet
  facet normal 0 0 1
    outer loop
      vertex -23.5334 -12.04 2.499
      vertex -21.7063 -11.895 2.499
      vertex -22.063 -11.4989 2.499
    endloop
  endfacet
  facet normal 0 0 1
    outer loop
      vertex -23.5334 -12.04 2.499
      vertex -22.55 -10 2.499
      vertex -23.5334 -7.96 2.499
    endloop
  endfacet
  facet normal 0 0 1
    outer loop
      vertex -22.55 -10 2.499
      vertex -23.5334 -12.04 2.499
      vertex -22.4943 -10.5302 2.499
    endloop
  endfacet
  facet normal 0 0 1
    outer loop
      vertex -21.275 -12.2084 2.499
      vertex -23.5334 -12.04 2.499
      vertex -20 -14.08 2.499
    endloop
  endfacet
  facet normal 0 0 1
    outer loop
      vertex -22.3295 -11.0372 2.499
      vertex -23.5334 -12.04 2.499
      vertex -22.063 -11.4989 2.499
    endloop
  endfacet
  facet normal 0 0 1
    outer loop
      vertex -22.4943 -10.5302 2.499
      vertex -23.5334 -12.04 2.499
      vertex -22.3295 -11.0372 2.499
    endloop
  endfacet
  facet normal 0.743098 0.669182 0
    outer loop
      vertex -21.7063 -11.895 2.499
      vertex -22.063 -11.4989 -1.5005
      vertex -22.063 -11.4989 2.499
    endloop
  endfacet
  facet normal 0.743098 0.669182 0
    outer loop
      vertex -22.063 -11.4989 -1.5005
      vertex -21.7063 -11.895 2.499
      vertex -21.7063 -11.895 -1.5005
    endloop
  endfacet
  facet normal 0.866062 -0.499936 0
    outer loop
      vertex -22.3295 -8.96282 2.499
      vertex -22.063 -8.50115 -1.5005
      vertex -22.063 -8.50115 2.499
    endloop
  endfacet
  facet normal 0.866062 -0.499936 0
    outer loop
      vertex -22.063 -8.50115 -1.5005
      vertex -22.3295 -8.96282 2.499
      vertex -22.3295 -8.96282 -1.5005
    endloop
  endfacet
  facet normal 0.207825 0.978166 -0
    outer loop
      vertex -20.2665 -12.536 -1.5005
      vertex -20.788 -12.4252 2.499
      vertex -20.2665 -12.536 2.499
    endloop
  endfacet
  facet normal 0.207825 0.978166 0
    outer loop
      vertex -20.788 -12.4252 2.499
      vertex -20.2665 -12.536 -1.5005
      vertex -20.788 -12.4252 -1.5005
    endloop
  endfacet
  facet normal -0.743098 0.669182 0
    outer loop
      vertex -18.2937 -11.895 -1.5005
      vertex -17.937 -11.4989 2.499
      vertex -17.937 -11.4989 -1.5005
    endloop
  endfacet
  facet normal -0.743098 0.669182 0
    outer loop
      vertex -17.937 -11.4989 2.499
      vertex -18.2937 -11.895 -1.5005
      vertex -18.2937 -11.895 2.499
    endloop
  endfacet
  facet normal 0.95102 -0.309128 0
    outer loop
      vertex -22.4943 -9.46982 2.499
      vertex -22.3295 -8.96282 -1.5005
      vertex -22.3295 -8.96282 2.499
    endloop
  endfacet
  facet normal 0.95102 -0.309128 0
    outer loop
      vertex -22.3295 -8.96282 -1.5005
      vertex -22.4943 -9.46982 2.499
      vertex -22.4943 -9.46982 -1.5005
    endloop
  endfacet
  facet normal 0.406695 0.913564 -0
    outer loop
      vertex -20.788 -12.4252 -1.5005
      vertex -21.275 -12.2084 2.499
      vertex -20.788 -12.4252 2.499
    endloop
  endfacet
  facet normal 0.406695 0.913564 0
    outer loop
      vertex -21.275 -12.2084 2.499
      vertex -20.788 -12.4252 -1.5005
      vertex -21.275 -12.2084 -1.5005
    endloop
  endfacet
  facet normal 0.500948 -0.865477 0
    outer loop
      vertex -23.5334 12.04 2.499
      vertex -23.4947 12.0624 7.499
      vertex -23.5334 12.04 7.499
    endloop
  endfacet
  facet normal 0.499977 -0.866039 1.00316e-05
    outer loop
      vertex -23.4947 12.0624 7.499
      vertex -23.5334 12.04 2.499
      vertex -20.0387 14.0576 7.499
    endloop
  endfacet
  facet normal 0.499998 -0.866026 -9.81173e-06
    outer loop
      vertex -20 14.08 2.499
      vertex -20.0387 14.0576 7.499
      vertex -23.5334 12.04 2.499
    endloop
  endfacet
  facet normal 0.500948 -0.865477 0
    outer loop
      vertex -20.0387 14.0576 7.499
      vertex -20 14.08 2.499
      vertex -20 14.08 7.499
    endloop
  endfacet
  facet normal -0.500948 -0.865477 0
    outer loop
      vertex -20 14.08 2.499
      vertex -19.9613 14.0576 7.499
      vertex -20 14.08 7.499
    endloop
  endfacet
  facet normal -0.499977 -0.866039 -1.00316e-05
    outer loop
      vertex -19.9613 14.0576 7.499
      vertex -20 14.08 2.499
      vertex -16.5053 12.0624 7.499
    endloop
  endfacet
  facet normal -0.499998 -0.866026 9.81173e-06
    outer loop
      vertex -16.4666 12.04 2.499
      vertex -16.5053 12.0624 7.499
      vertex -20 14.08 2.499
    endloop
  endfacet
  facet normal -0.500948 -0.865477 0
    outer loop
      vertex -16.5053 12.0624 7.499
      vertex -16.4666 12.04 2.499
      vertex -16.4666 12.04 7.499
    endloop
  endfacet
  facet normal 1 -0 0
    outer loop
      vertex -23.5334 11.9953 7.499
      vertex -23.5334 12.04 2.499
      vertex -23.5334 12.04 7.499
    endloop
  endfacet
  facet normal 1 -0 0
    outer loop
      vertex -23.5334 8.0047 7.499
      vertex -23.5334 12.04 2.499
      vertex -23.5334 11.9953 7.499
    endloop
  endfacet
  facet normal 1 0 0
    outer loop
      vertex -23.5334 7.96 2.499
      vertex -23.5334 8.0047 7.499
      vertex -23.5334 7.96 7.499
    endloop
  endfacet
  facet normal 1 0 0
    outer loop
      vertex -23.5334 8.0047 7.499
      vertex -23.5334 7.96 2.499
      vertex -23.5334 12.04 2.499
    endloop
  endfacet
  facet normal 0 -0 -1
    outer loop
      vertex -20 14.08 7.499
      vertex -19.9613 14.0576 7.499
      vertex -20.0387 14.0576 7.499
    endloop
  endfacet
  facet normal -0 0 -1
    outer loop
      vertex -19.9613 5.94235 7.499
      vertex -20 5.92 7.499
      vertex -20.0387 5.94235 7.499
    endloop
  endfacet
  facet normal 0 0 -1
    outer loop
      vertex -23.5334 12.04 7.499
      vertex -23.4947 12.0624 7.499
      vertex -23.5334 11.9953 7.499
    endloop
  endfacet
  facet normal 0 0 -1
    outer loop
      vertex -23.5334 8.0047 7.499
      vertex -23.4947 7.93765 7.499
      vertex -23.5334 7.96 7.499
    endloop
  endfacet
  facet normal 0 -0 -1
    outer loop
      vertex -16.4666 8.0047 7.499
      vertex -16.4666 7.96 7.499
      vertex -16.5053 7.93765 7.499
    endloop
  endfacet
  facet normal -0 -0 -1
    outer loop
      vertex -16.4666 12.04 7.499
      vertex -16.4666 11.9953 7.499
      vertex -16.5053 12.0624 7.499
    endloop
  endfacet
  facet normal 0 0 1
    outer loop
      vertex -16.4666 11.9953 7.499
      vertex -15.92 10 7.499
      vertex -16.0092 10.8483 7.499
    endloop
  endfacet
  facet normal 0 0 1
    outer loop
      vertex -16.4666 11.9953 7.499
      vertex -16.0092 10.8483 7.499
      vertex -16.2727 11.6595 7.499
    endloop
  endfacet
  facet normal 0 0 1
    outer loop
      vertex -15.92 10 7.499
      vertex -16.4666 11.9953 7.499
      vertex -16.0092 9.15172 7.499
    endloop
  endfacet
  facet normal 0 0 1
    outer loop
      vertex -16.4666 8.0047 7.499
      vertex -16.0092 9.15172 7.499
      vertex -16.4666 11.9953 7.499
    endloop
  endfacet
  facet normal 0 0 1
    outer loop
      vertex -16.0092 9.15172 7.499
      vertex -16.4666 8.0047 7.499
      vertex -16.2727 8.34051 7.499
    endloop
  endfacet
  facet normal 0 0 1
    outer loop
      vertex -16.5053 7.93765 7.499
      vertex -17.2699 6.96797 7.499
      vertex -16.6992 7.60184 7.499
    endloop
  endfacet
  facet normal 0 0 1
    outer loop
      vertex -16.5053 7.93765 7.499
      vertex -17.96 6.46662 7.499
      vertex -17.2699 6.96797 7.499
    endloop
  endfacet
  facet normal 0 0 1
    outer loop
      vertex -16.5053 7.93765 7.499
      vertex -18.7392 6.11969 7.499
      vertex -17.96 6.46662 7.499
    endloop
  endfacet
  facet normal 0 0 1
    outer loop
      vertex -19.9613 5.94235 7.499
      vertex -18.7392 6.11969 7.499
      vertex -16.5053 7.93765 7.499
    endloop
  endfacet
  facet normal 0 0 1
    outer loop
      vertex -18.7392 6.11969 7.499
      vertex -19.9613 5.94235 7.499
      vertex -19.5735 5.94235 7.499
    endloop
  endfacet
  facet normal 0 0 1
    outer loop
      vertex -20.0387 5.94235 7.499
      vertex -21.2608 6.11969 7.499
      vertex -20.4265 5.94235 7.499
    endloop
  endfacet
  facet normal 0 0 1
    outer loop
      vertex -20.0387 5.94235 7.499
      vertex -22.04 6.46662 7.499
      vertex -21.2608 6.11969 7.499
    endloop
  endfacet
  facet normal 0 0 1
    outer loop
      vertex -20.0387 5.94235 7.499
      vertex -22.7301 6.96797 7.499
      vertex -22.04 6.46662 7.499
    endloop
  endfacet
  facet normal 0 0 1
    outer loop
      vertex -23.4947 7.93765 7.499
      vertex -22.7301 6.96797 7.499
      vertex -20.0387 5.94235 7.499
    endloop
  endfacet
  facet normal 0 0 1
    outer loop
      vertex -22.7301 6.96797 7.499
      vertex -23.4947 7.93765 7.499
      vertex -23.3008 7.60184 7.499
    endloop
  endfacet
  facet normal 0 0 1
    outer loop
      vertex -21.2608 13.8803 7.499
      vertex -20.0387 14.0576 7.499
      vertex -20.4265 14.0576 7.499
    endloop
  endfacet
  facet normal 0 0 1
    outer loop
      vertex -22.04 13.5334 7.499
      vertex -20.0387 14.0576 7.499
      vertex -21.2608 13.8803 7.499
    endloop
  endfacet
  facet normal 0 0 1
    outer loop
      vertex -22.7301 13.032 7.499
      vertex -20.0387 14.0576 7.499
      vertex -22.04 13.5334 7.499
    endloop
  endfacet
  facet normal 0 0 1
    outer loop
      vertex -23.4947 12.0624 7.499
      vertex -22.7301 13.032 7.499
      vertex -23.3008 12.3982 7.499
    endloop
  endfacet
  facet normal -0 0 1
    outer loop
      vertex -22.7301 13.032 7.499
      vertex -23.4947 12.0624 7.499
      vertex -20.0387 14.0576 7.499
    endloop
  endfacet
  facet normal 0 0 1
    outer loop
      vertex -17.2699 13.032 7.499
      vertex -16.5053 12.0624 7.499
      vertex -16.6992 12.3982 7.499
    endloop
  endfacet
  facet normal 0 0 1
    outer loop
      vertex -17.96 13.5334 7.499
      vertex -16.5053 12.0624 7.499
      vertex -17.2699 13.032 7.499
    endloop
  endfacet
  facet normal 0 0 1
    outer loop
      vertex -18.7392 13.8803 7.499
      vertex -16.5053 12.0624 7.499
      vertex -17.96 13.5334 7.499
    endloop
  endfacet
  facet normal -0 0 1
    outer loop
      vertex -19.9613 14.0576 7.499
      vertex -18.7392 13.8803 7.499
      vertex -19.5735 14.0576 7.499
    endloop
  endfacet
  facet normal 0 0 1
    outer loop
      vertex -18.7392 13.8803 7.499
      vertex -19.9613 14.0576 7.499
      vertex -16.5053 12.0624 7.499
    endloop
  endfacet
  facet normal 0 0 1
    outer loop
      vertex -23.9908 10.8483 7.499
      vertex -23.5334 11.9953 7.499
      vertex -23.7273 11.6595 7.499
    endloop
  endfacet
  facet normal 0 0 1
    outer loop
      vertex -23.5334 11.9953 7.499
      vertex -23.9908 10.8483 7.499
      vertex -23.5334 8.0047 7.499
    endloop
  endfacet
  facet normal -0 0 1
    outer loop
      vertex -24.08 10 7.499
      vertex -23.5334 8.0047 7.499
      vertex -23.9908 10.8483 7.499
    endloop
  endfacet
  facet normal 0 0 1
    outer loop
      vertex -23.5334 8.0047 7.499
      vertex -23.9908 9.15172 7.499
      vertex -23.7273 8.34051 7.499
    endloop
  endfacet
  facet normal 0 0 1
    outer loop
      vertex -23.5334 8.0047 7.499
      vertex -24.08 10 7.499
      vertex -23.9908 9.15172 7.499
    endloop
  endfacet
  facet normal -0.50011 0.865962 0
    outer loop
      vertex -16.4666 7.96 2.499
      vertex -16.5053 7.93765 7.499
      vertex -16.4666 7.96 7.499
    endloop
  endfacet
  facet normal -0.499996 0.866028 1.17726e-06
    outer loop
      vertex -16.5053 7.93765 7.499
      vertex -16.4666 7.96 2.499
      vertex -19.9613 5.94235 7.499
    endloop
  endfacet
  facet normal -0.499998 0.866026 -1.15147e-06
    outer loop
      vertex -20 5.92 2.499
      vertex -19.9613 5.94235 7.499
      vertex -16.4666 7.96 2.499
    endloop
  endfacet
  facet normal -0.50011 0.865962 0
    outer loop
      vertex -19.9613 5.94235 7.499
      vertex -20 5.92 2.499
      vertex -20 5.92 7.499
    endloop
  endfacet
  facet normal -1 0 0
    outer loop
      vertex -16.4666 12.04 2.499
      vertex -16.4666 11.9953 7.499
      vertex -16.4666 12.04 7.499
    endloop
  endfacet
  facet normal -1 0 0
    outer loop
      vertex -16.4666 12.04 2.499
      vertex -16.4666 8.0047 7.499
      vertex -16.4666 11.9953 7.499
    endloop
  endfacet
  facet normal -1 0 0
    outer loop
      vertex -16.4666 7.96 2.499
      vertex -16.4666 8.0047 7.499
      vertex -16.4666 12.04 2.499
    endloop
  endfacet
  facet normal -1 -0 0
    outer loop
      vertex -16.4666 8.0047 7.499
      vertex -16.4666 7.96 2.499
      vertex -16.4666 7.96 7.499
    endloop
  endfacet
  facet normal 0.50011 0.865962 -0
    outer loop
      vertex -20 5.92 2.499
      vertex -20.0387 5.94235 7.499
      vertex -20 5.92 7.499
    endloop
  endfacet
  facet normal 0.499996 0.866028 -1.17726e-06
    outer loop
      vertex -20.0387 5.94235 7.499
      vertex -20 5.92 2.499
      vertex -23.4947 7.93765 7.499
    endloop
  endfacet
  facet normal 0.499998 0.866026 1.15147e-06
    outer loop
      vertex -23.5334 7.96 2.499
      vertex -23.4947 7.93765 7.499
      vertex -20 5.92 2.499
    endloop
  endfacet
  facet normal 0.50011 0.865962 0
    outer loop
      vertex -23.4947 7.93765 7.499
      vertex -23.5334 7.96 2.499
      vertex -23.5334 7.96 7.499
    endloop
  endfacet
  facet normal 0.50011 -0.865962 0
    outer loop
      vertex -23.5334 -7.96 2.499
      vertex -23.4947 -7.93765 7.499
      vertex -23.5334 -7.96 7.499
    endloop
  endfacet
  facet normal 0.499996 -0.866028 1.17726e-06
    outer loop
      vertex -23.4947 -7.93765 7.499
      vertex -23.5334 -7.96 2.499
      vertex -20.0387 -5.94235 7.499
    endloop
  endfacet
  facet normal 0.499998 -0.866026 -1.15147e-06
    outer loop
      vertex -20 -5.92 2.499
      vertex -20.0387 -5.94235 7.499
      vertex -23.5334 -7.96 2.499
    endloop
  endfacet
  facet normal 0.50011 -0.865962 0
    outer loop
      vertex -20.0387 -5.94235 7.499
      vertex -20 -5.92 2.499
      vertex -20 -5.92 7.499
    endloop
  endfacet
  facet normal -0.50011 -0.865962 0
    outer loop
      vertex -20 -5.92 2.499
      vertex -19.9613 -5.94235 7.499
      vertex -20 -5.92 7.499
    endloop
  endfacet
  facet normal -0.499996 -0.866028 -1.17726e-06
    outer loop
      vertex -19.9613 -5.94235 7.499
      vertex -20 -5.92 2.499
      vertex -16.5053 -7.93765 7.499
    endloop
  endfacet
  facet normal -0.499998 -0.866026 1.15147e-06
    outer loop
      vertex -16.4666 -7.96 2.499
      vertex -16.5053 -7.93765 7.499
      vertex -20 -5.92 2.499
    endloop
  endfacet
  facet normal -0.50011 -0.865962 0
    outer loop
      vertex -16.5053 -7.93765 7.499
      vertex -16.4666 -7.96 2.499
      vertex -16.4666 -7.96 7.499
    endloop
  endfacet
  facet normal 1 -0 0
    outer loop
      vertex -23.5334 -8.0047 7.499
      vertex -23.5334 -7.96 2.499
      vertex -23.5334 -7.96 7.499
    endloop
  endfacet
  facet normal 1 -0 0
    outer loop
      vertex -23.5334 -11.9953 7.499
      vertex -23.5334 -7.96 2.499
      vertex -23.5334 -8.0047 7.499
    endloop
  endfacet
  facet normal 1 0 0
    outer loop
      vertex -23.5334 -12.04 2.499
      vertex -23.5334 -11.9953 7.499
      vertex -23.5334 -12.04 7.499
    endloop
  endfacet
  facet normal 1 0 0
    outer loop
      vertex -23.5334 -11.9953 7.499
      vertex -23.5334 -12.04 2.499
      vertex -23.5334 -7.96 2.499
    endloop
  endfacet
  facet normal 0 -0 -1
    outer loop
      vertex -20 -5.92 7.499
      vertex -19.9613 -5.94235 7.499
      vertex -20.0387 -5.94235 7.499
    endloop
  endfacet
  facet normal -0 0 -1
    outer loop
      vertex -19.9613 -14.0576 7.499
      vertex -20 -14.08 7.499
      vertex -20.0387 -14.0576 7.499
    endloop
  endfacet
  facet normal 0 0 -1
    outer loop
      vertex -23.5334 -7.96 7.499
      vertex -23.4947 -7.93765 7.499
      vertex -23.5334 -8.0047 7.499
    endloop
  endfacet
  facet normal 0 0 -1
    outer loop
      vertex -23.5334 -11.9953 7.499
      vertex -23.4947 -12.0624 7.499
      vertex -23.5334 -12.04 7.499
    endloop
  endfacet
  facet normal 0 -0 -1
    outer loop
      vertex -16.4666 -11.9953 7.499
      vertex -16.4666 -12.04 7.499
      vertex -16.5053 -12.0624 7.499
    endloop
  endfacet
  facet normal -0 -0 -1
    outer loop
      vertex -16.4666 -7.96 7.499
      vertex -16.4666 -8.0047 7.499
      vertex -16.5053 -7.93765 7.499
    endloop
  endfacet
  facet normal 0 0 1
    outer loop
      vertex -16.4666 -8.0047 7.499
      vertex -15.92 -10 7.499
      vertex -16.0092 -9.15172 7.499
    endloop
  endfacet
  facet normal 0 0 1
    outer loop
      vertex -16.4666 -8.0047 7.499
      vertex -16.0092 -9.15172 7.499
      vertex -16.2727 -8.34051 7.499
    endloop
  endfacet
  facet normal 0 0 1
    outer loop
      vertex -15.92 -10 7.499
      vertex -16.4666 -8.0047 7.499
      vertex -16.0092 -10.8483 7.499
    endloop
  endfacet
  facet normal 0 0 1
    outer loop
      vertex -16.4666 -11.9953 7.499
      vertex -16.0092 -10.8483 7.499
      vertex -16.4666 -8.0047 7.499
    endloop
  endfacet
  facet normal 0 0 1
    outer loop
      vertex -16.0092 -10.8483 7.499
      vertex -16.4666 -11.9953 7.499
      vertex -16.2727 -11.6595 7.499
    endloop
  endfacet
  facet normal 0 0 1
    outer loop
      vertex -21.2608 -6.11969 7.499
      vertex -20.0387 -5.94235 7.499
      vertex -20.4265 -5.94235 7.499
    endloop
  endfacet
  facet normal 0 0 1
    outer loop
      vertex -22.04 -6.46662 7.499
      vertex -20.0387 -5.94235 7.499
      vertex -21.2608 -6.11969 7.499
    endloop
  endfacet
  facet normal 0 0 1
    outer loop
      vertex -22.7301 -6.96797 7.499
      vertex -20.0387 -5.94235 7.499
      vertex -22.04 -6.46662 7.499
    endloop
  endfacet
  facet normal 0 0 1
    outer loop
      vertex -23.4947 -7.93765 7.499
      vertex -22.7301 -6.96797 7.499
      vertex -23.3008 -7.60184 7.499
    endloop
  endfacet
  facet normal -0 0 1
    outer loop
      vertex -22.7301 -6.96797 7.499
      vertex -23.4947 -7.93765 7.499
      vertex -20.0387 -5.94235 7.499
    endloop
  endfacet
  facet normal 0 0 1
    outer loop
      vertex -17.2699 -6.96797 7.499
      vertex -16.5053 -7.93765 7.499
      vertex -16.6992 -7.60184 7.499
    endloop
  endfacet
  facet normal 0 0 1
    outer loop
      vertex -17.96 -6.46662 7.499
      vertex -16.5053 -7.93765 7.499
      vertex -17.2699 -6.96797 7.499
    endloop
  endfacet
  facet normal 0 0 1
    outer loop
      vertex -18.7392 -6.11969 7.499
      vertex -16.5053 -7.93765 7.499
      vertex -17.96 -6.46662 7.499
    endloop
  endfacet
  facet normal -0 0 1
    outer loop
      vertex -19.9613 -5.94235 7.499
      vertex -18.7392 -6.11969 7.499
      vertex -19.5735 -5.94235 7.499
    endloop
  endfacet
  facet normal 0 0 1
    outer loop
      vertex -18.7392 -6.11969 7.499
      vertex -19.9613 -5.94235 7.499
      vertex -16.5053 -7.93765 7.499
    endloop
  endfacet
  facet normal 0 0 1
    outer loop
      vertex -23.9908 -9.15172 7.499
      vertex -23.5334 -8.0047 7.499
      vertex -23.7273 -8.34051 7.499
    endloop
  endfacet
  facet normal 0 0 1
    outer loop
      vertex -23.5334 -8.0047 7.499
      vertex -23.9908 -9.15172 7.499
      vertex -23.5334 -11.9953 7.499
    endloop
  endfacet
  facet normal -0 0 1
    outer loop
      vertex -24.08 -10 7.499
      vertex -23.5334 -11.9953 7.499
      vertex -23.9908 -9.15172 7.499
    endloop
  endfacet
  facet normal 0 0 1
    outer loop
      vertex -23.5334 -11.9953 7.499
      vertex -23.9908 -10.8483 7.499
      vertex -23.7273 -11.6595 7.499
    endloop
  endfacet
  facet normal 0 0 1
    outer loop
      vertex -23.5334 -11.9953 7.499
      vertex -24.08 -10 7.499
      vertex -23.9908 -10.8483 7.499
    endloop
  endfacet
  facet normal 0 0 1
    outer loop
      vertex -16.5053 -12.0624 7.499
      vertex -17.2699 -13.032 7.499
      vertex -16.6992 -12.3982 7.499
    endloop
  endfacet
  facet normal 0 0 1
    outer loop
      vertex -16.5053 -12.0624 7.499
      vertex -17.96 -13.5334 7.499
      vertex -17.2699 -13.032 7.499
    endloop
  endfacet
  facet normal 0 0 1
    outer loop
      vertex -16.5053 -12.0624 7.499
      vertex -18.7392 -13.8803 7.499
      vertex -17.96 -13.5334 7.499
    endloop
  endfacet
  facet normal 0 0 1
    outer loop
      vertex -19.9613 -14.0576 7.499
      vertex -18.7392 -13.8803 7.499
      vertex -16.5053 -12.0624 7.499
    endloop
  endfacet
  facet normal 0 0 1
    outer loop
      vertex -18.7392 -13.8803 7.499
      vertex -19.9613 -14.0576 7.499
      vertex -19.5735 -14.0576 7.499
    endloop
  endfacet
  facet normal 0 0 1
    outer loop
      vertex -20.0387 -14.0576 7.499
      vertex -21.2608 -13.8803 7.499
      vertex -20.4265 -14.0576 7.499
    endloop
  endfacet
  facet normal 0 0 1
    outer loop
      vertex -20.0387 -14.0576 7.499
      vertex -22.04 -13.5334 7.499
      vertex -21.2608 -13.8803 7.499
    endloop
  endfacet
  facet normal 0 0 1
    outer loop
      vertex -20.0387 -14.0576 7.499
      vertex -22.7301 -13.032 7.499
      vertex -22.04 -13.5334 7.499
    endloop
  endfacet
  facet normal 0 0 1
    outer loop
      vertex -23.4947 -12.0624 7.499
      vertex -22.7301 -13.032 7.499
      vertex -20.0387 -14.0576 7.499
    endloop
  endfacet
  facet normal 0 0 1
    outer loop
      vertex -22.7301 -13.032 7.499
      vertex -23.4947 -12.0624 7.499
      vertex -23.3008 -12.3982 7.499
    endloop
  endfacet
  facet normal -0.500948 0.865477 0
    outer loop
      vertex -16.4666 -12.04 2.499
      vertex -16.5053 -12.0624 7.499
      vertex -16.4666 -12.04 7.499
    endloop
  endfacet
  facet normal -0.499977 0.866039 1.00316e-05
    outer loop
      vertex -16.5053 -12.0624 7.499
      vertex -16.4666 -12.04 2.499
      vertex -19.9613 -14.0576 7.499
    endloop
  endfacet
  facet normal -0.499998 0.866026 -9.81173e-06
    outer loop
      vertex -20 -14.08 2.499
      vertex -19.9613 -14.0576 7.499
      vertex -16.4666 -12.04 2.499
    endloop
  endfacet
  facet normal -0.500948 0.865477 0
    outer loop
      vertex -19.9613 -14.0576 7.499
      vertex -20 -14.08 2.499
      vertex -20 -14.08 7.499
    endloop
  endfacet
  facet normal -1 0 0
    outer loop
      vertex -16.4666 -7.96 2.499
      vertex -16.4666 -8.0047 7.499
      vertex -16.4666 -7.96 7.499
    endloop
  endfacet
  facet normal -1 0 0
    outer loop
      vertex -16.4666 -7.96 2.499
      vertex -16.4666 -11.9953 7.499
      vertex -16.4666 -8.0047 7.499
    endloop
  endfacet
  facet normal -1 0 0
    outer loop
      vertex -16.4666 -12.04 2.499
      vertex -16.4666 -11.9953 7.499
      vertex -16.4666 -7.96 2.499
    endloop
  endfacet
  facet normal -1 -0 0
    outer loop
      vertex -16.4666 -11.9953 7.499
      vertex -16.4666 -12.04 2.499
      vertex -16.4666 -12.04 7.499
    endloop
  endfacet
  facet normal 0.500948 0.865477 -0
    outer loop
      vertex -20 -14.08 2.499
      vertex -20.0387 -14.0576 7.499
      vertex -20 -14.08 7.499
    endloop
  endfacet
  facet normal 0.499977 0.866039 -1.00316e-05
    outer loop
      vertex -20.0387 -14.0576 7.499
      vertex -20 -14.08 2.499
      vertex -23.4947 -12.0624 7.499
    endloop
  endfacet
  facet normal 0.499998 0.866026 9.81173e-06
    outer loop
      vertex -23.5334 -12.04 2.499
      vertex -23.4947 -12.0624 7.499
      vertex -20 -14.08 2.499
    endloop
  endfacet
  facet normal 0.500948 0.865477 0
    outer loop
      vertex -23.4947 -12.0624 7.499
      vertex -23.5334 -12.04 2.499
      vertex -23.5334 -12.04 7.499
    endloop
  endfacet
  facet normal -0.992251 -0.104337 -0.0674618
    outer loop
      vertex -15.92 10 7.499
      vertex -16.2919 10.7882 11.75
      vertex -16.0092 10.8483 7.499
    endloop
  endfacet
  facet normal -0.992261 -0.104236 -0.0674812
    outer loop
      vertex -16.2919 10.7882 11.75
      vertex -15.92 10 7.499
      vertex -16.2091 10 11.75
    endloop
  endfacet
  facet normal -0.405817 0.91146 -0.0674701
    outer loop
      vertex -18.7392 6.11969 7.499
      vertex -18.1045 6.71696 11.75
      vertex -17.96 6.46662 7.499
    endloop
  endfacet
  facet normal -0.405814 0.911462 -0.0674708
    outer loop
      vertex -18.1045 6.71696 11.75
      vertex -18.7392 6.11969 7.499
      vertex -18.8285 6.39461 11.75
    endloop
  endfacet
  facet normal -0 -0.997722 -0.0674536
    outer loop
      vertex -20.0387 14.0576 7.499
      vertex -20.3963 13.7702 11.75
      vertex -20.4265 14.0576 7.499
    endloop
  endfacet
  facet normal 0 -0.997722 -0.0674536
    outer loop
      vertex -20.3963 13.7702 11.75
      vertex -20.0387 14.0576 7.499
      vertex -19.6037 13.7702 11.75
    endloop
  endfacet
  facet normal -0 -0.997722 -0.0674536
    outer loop
      vertex -19.9613 14.0576 7.499
      vertex -19.6037 13.7702 11.75
      vertex -20.0387 14.0576 7.499
    endloop
  endfacet
  facet normal 0 -0.997722 -0.0674536
    outer loop
      vertex -19.6037 13.7702 11.75
      vertex -19.9613 14.0576 7.499
      vertex -19.5735 14.0576 7.499
    endloop
  endfacet
  facet normal -0.586457 -0.807165 -0.0674799
    outer loop
      vertex -17.96 13.5334 7.499
      vertex -17.4634 12.8172 11.75
      vertex -18.1045 13.283 11.75
    endloop
  endfacet
  facet normal -0.586455 -0.807166 -0.0674802
    outer loop
      vertex -17.4634 12.8172 11.75
      vertex -17.96 13.5334 7.499
      vertex -17.2699 13.032 7.499
    endloop
  endfacet
  facet normal 0.948914 -0.308233 -0.0674798
    outer loop
      vertex -23.4632 11.5419 11.75
      vertex -23.9908 10.8483 7.499
      vertex -23.7273 11.6595 7.499
    endloop
  endfacet
  facet normal 0.948887 -0.308322 -0.0674619
    outer loop
      vertex -23.9908 10.8483 7.499
      vertex -23.4632 11.5419 11.75
      vertex -23.7081 10.7882 11.75
    endloop
  endfacet
  facet normal 0.586482 0.807147 -0.0674683
    outer loop
      vertex -22.04 6.46662 7.499
      vertex -22.5366 7.18279 11.75
      vertex -21.8955 6.71696 11.75
    endloop
  endfacet
  facet normal 0.586417 0.807193 -0.0674836
    outer loop
      vertex -22.5366 7.18279 11.75
      vertex -22.04 6.46662 7.499
      vertex -22.7301 6.96797 7.499
    endloop
  endfacet
  facet normal -0.20747 -0.975913 -0.0674531
    outer loop
      vertex -19.5735 14.0576 7.499
      vertex -18.8285 13.6054 11.75
      vertex -19.6037 13.7702 11.75
    endloop
  endfacet
  facet normal -0.207398 -0.975927 -0.0674672
    outer loop
      vertex -18.8285 13.6054 11.75
      vertex -19.5735 14.0576 7.499
      vertex -18.7392 13.8803 7.499
    endloop
  endfacet
  facet normal -0.864029 0.498899 -0.0674784
    outer loop
      vertex -16.4666 8.0047 7.499
      vertex -16.5368 8.45809 11.75
      vertex -16.2727 8.34051 7.499
    endloop
  endfacet
  facet normal -0.864114 0.49875 -0.0674959
    outer loop
      vertex -16.9331 7.77175 11.75
      vertex -16.4666 8.0047 7.499
      vertex -16.5053 7.93765 7.499
    endloop
  endfacet
  facet normal -0.864029 0.498899 -0.0674784
    outer loop
      vertex -16.4666 8.0047 7.499
      vertex -16.9331 7.77175 11.75
      vertex -16.5368 8.45809 11.75
    endloop
  endfacet
  facet normal -0.864029 0.498899 -0.0674816
    outer loop
      vertex -16.9331 7.77175 11.75
      vertex -16.5053 7.93765 7.499
      vertex -16.6992 7.60184 7.499
    endloop
  endfacet
  facet normal -0.586417 0.807193 -0.0674836
    outer loop
      vertex -17.96 6.46662 7.499
      vertex -17.4634 7.18279 11.75
      vertex -17.2699 6.96797 7.499
    endloop
  endfacet
  facet normal -0.586482 0.807147 -0.0674683
    outer loop
      vertex -17.4634 7.18279 11.75
      vertex -17.96 6.46662 7.499
      vertex -18.1045 6.71696 11.75
    endloop
  endfacet
  facet normal 0.99226 0.104239 -0.0674812
    outer loop
      vertex -23.7081 9.21182 11.75
      vertex -24.08 10 7.499
      vertex -23.7909 10 11.75
    endloop
  endfacet
  facet normal 0.992251 0.104339 -0.0674618
    outer loop
      vertex -24.08 10 7.499
      vertex -23.7081 9.21182 11.75
      vertex -23.9908 9.15172 7.499
    endloop
  endfacet
  facet normal 0.405788 -0.911473 -0.0674827
    outer loop
      vertex -21.2608 13.8803 7.499
      vertex -21.8955 13.283 11.75
      vertex -22.04 13.5334 7.499
    endloop
  endfacet
  facet normal 0.405867 -0.911439 -0.0674661
    outer loop
      vertex -21.8955 13.283 11.75
      vertex -21.2608 13.8803 7.499
      vertex -21.1715 13.6054 11.75
    endloop
  endfacet
  facet normal 0.864023 -0.49891 -0.0674805
    outer loop
      vertex -23.0669 12.2283 11.75
      vertex -23.4947 12.0624 7.499
      vertex -23.3008 12.3982 7.499
    endloop
  endfacet
  facet normal 0.864273 -0.49847 -0.0675229
    outer loop
      vertex -23.0669 12.2283 11.75
      vertex -23.5334 11.9953 7.499
      vertex -23.4947 12.0624 7.499
    endloop
  endfacet
  facet normal 0.864048 -0.498867 -0.0674764
    outer loop
      vertex -23.4632 11.5419 11.75
      vertex -23.5334 11.9953 7.499
      vertex -23.0669 12.2283 11.75
    endloop
  endfacet
  facet normal 0.864023 -0.49891 -0.0674806
    outer loop
      vertex -23.5334 11.9953 7.499
      vertex -23.4632 11.5419 11.75
      vertex -23.7273 11.6595 7.499
    endloop
  endfacet
  facet normal -0.741452 0.667604 -0.0674802
    outer loop
      vertex -16.6992 7.60184 7.499
      vertex -17.4634 7.18279 11.75
      vertex -16.9331 7.77175 11.75
    endloop
  endfacet
  facet normal -0.741473 0.66758 -0.0674864
    outer loop
      vertex -17.4634 7.18279 11.75
      vertex -16.6992 7.60184 7.499
      vertex -17.2699 6.96797 7.499
    endloop
  endfacet
  facet normal -0.948891 0.308311 -0.067462
    outer loop
      vertex -16.0092 9.15172 7.499
      vertex -16.5368 8.45809 11.75
      vertex -16.2919 9.21182 11.75
    endloop
  endfacet
  facet normal -0.948916 0.30823 -0.0674783
    outer loop
      vertex -16.5368 8.45809 11.75
      vertex -16.0092 9.15172 7.499
      vertex -16.2727 8.34051 7.499
    endloop
  endfacet
  facet normal 0.405814 0.911462 -0.0674708
    outer loop
      vertex -21.2608 6.11969 7.499
      vertex -21.8955 6.71696 11.75
      vertex -21.1715 6.39461 11.75
    endloop
  endfacet
  facet normal 0.405817 0.91146 -0.0674701
    outer loop
      vertex -21.8955 6.71696 11.75
      vertex -21.2608 6.11969 7.499
      vertex -22.04 6.46662 7.499
    endloop
  endfacet
  facet normal 0.992261 -0.104236 -0.0674812
    outer loop
      vertex -24.08 10 7.499
      vertex -23.7081 10.7882 11.75
      vertex -23.7909 10 11.75
    endloop
  endfacet
  facet normal 0.992251 -0.104337 -0.0674618
    outer loop
      vertex -23.7081 10.7882 11.75
      vertex -24.08 10 7.499
      vertex -23.9908 10.8483 7.499
    endloop
  endfacet
  facet normal -0.405867 -0.911439 -0.0674661
    outer loop
      vertex -18.7392 13.8803 7.499
      vertex -18.1045 13.283 11.75
      vertex -18.8285 13.6054 11.75
    endloop
  endfacet
  facet normal -0.405788 -0.911473 -0.0674827
    outer loop
      vertex -18.1045 13.283 11.75
      vertex -18.7392 13.8803 7.499
      vertex -17.96 13.5334 7.499
    endloop
  endfacet
  facet normal 0.207398 -0.975927 -0.0674672
    outer loop
      vertex -20.4265 14.0576 7.499
      vertex -21.1715 13.6054 11.75
      vertex -21.2608 13.8803 7.499
    endloop
  endfacet
  facet normal 0.20747 -0.975913 -0.0674531
    outer loop
      vertex -21.1715 13.6054 11.75
      vertex -20.4265 14.0576 7.499
      vertex -20.3963 13.7702 11.75
    endloop
  endfacet
  facet normal 0.864029 0.498899 -0.0674784
    outer loop
      vertex -23.4632 8.45809 11.75
      vertex -23.5334 8.0047 7.499
      vertex -23.7273 8.34051 7.499
    endloop
  endfacet
  facet normal 0.864029 0.498899 -0.0674784
    outer loop
      vertex -23.0669 7.77175 11.75
      vertex -23.5334 8.0047 7.499
      vertex -23.4632 8.45809 11.75
    endloop
  endfacet
  facet normal 0.864114 0.49875 -0.0674959
    outer loop
      vertex -23.5334 8.0047 7.499
      vertex -23.0669 7.77175 11.75
      vertex -23.4947 7.93765 7.499
    endloop
  endfacet
  facet normal 0.864029 0.498899 -0.0674816
    outer loop
      vertex -23.4947 7.93765 7.499
      vertex -23.0669 7.77175 11.75
      vertex -23.3008 7.60184 7.499
    endloop
  endfacet
  facet normal 0.741437 -0.667621 -0.0674836
    outer loop
      vertex -22.5366 12.8172 11.75
      vertex -23.3008 12.3982 7.499
      vertex -22.7301 13.032 7.499
    endloop
  endfacet
  facet normal 0.741418 -0.667642 -0.0674783
    outer loop
      vertex -23.3008 12.3982 7.499
      vertex -22.5366 12.8172 11.75
      vertex -23.0669 12.2283 11.75
    endloop
  endfacet
  facet normal 0.586455 -0.807166 -0.0674802
    outer loop
      vertex -22.04 13.5334 7.499
      vertex -22.5366 12.8172 11.75
      vertex -22.7301 13.032 7.499
    endloop
  endfacet
  facet normal 0.586457 -0.807165 -0.0674799
    outer loop
      vertex -22.5366 12.8172 11.75
      vertex -22.04 13.5334 7.499
      vertex -21.8955 13.283 11.75
    endloop
  endfacet
  facet normal 0.948891 0.308311 -0.067462
    outer loop
      vertex -23.4632 8.45809 11.75
      vertex -23.9908 9.15172 7.499
      vertex -23.7081 9.21182 11.75
    endloop
  endfacet
  facet normal 0.948916 0.30823 -0.0674783
    outer loop
      vertex -23.9908 9.15172 7.499
      vertex -23.4632 8.45809 11.75
      vertex -23.7273 8.34051 7.499
    endloop
  endfacet
  facet normal 0 0.997721 -0.0674747
    outer loop
      vertex -19.9613 5.94235 7.499
      vertex -19.6037 6.22984 11.75
      vertex -19.5735 5.94235 7.499
    endloop
  endfacet
  facet normal 0 0.997721 -0.0674747
    outer loop
      vertex -19.6037 6.22984 11.75
      vertex -19.9613 5.94235 7.499
      vertex -20.3963 6.22984 11.75
    endloop
  endfacet
  facet normal 0 0.997721 -0.0674747
    outer loop
      vertex -20.0387 5.94235 7.499
      vertex -20.3963 6.22984 11.75
      vertex -19.9613 5.94235 7.499
    endloop
  endfacet
  facet normal 0 0.997721 -0.0674747
    outer loop
      vertex -20.3963 6.22984 11.75
      vertex -20.0387 5.94235 7.499
      vertex -20.4265 5.94235 7.499
    endloop
  endfacet
  facet normal -0.207442 0.975918 -0.0674721
    outer loop
      vertex -19.5735 5.94235 7.499
      vertex -18.8285 6.39461 11.75
      vertex -18.7392 6.11969 7.499
    endloop
  endfacet
  facet normal -0.207433 0.975919 -0.0674739
    outer loop
      vertex -18.8285 6.39461 11.75
      vertex -19.5735 5.94235 7.499
      vertex -19.6037 6.22984 11.75
    endloop
  endfacet
  facet normal 0.741452 0.667604 -0.0674802
    outer loop
      vertex -22.5366 7.18279 11.75
      vertex -23.3008 7.60184 7.499
      vertex -23.0669 7.77175 11.75
    endloop
  endfacet
  facet normal 0.741473 0.66758 -0.0674864
    outer loop
      vertex -23.3008 7.60184 7.499
      vertex -22.5366 7.18279 11.75
      vertex -22.7301 6.96797 7.499
    endloop
  endfacet
  facet normal -0.741437 -0.667621 -0.0674836
    outer loop
      vertex -16.6992 12.3982 7.499
      vertex -17.4634 12.8172 11.75
      vertex -17.2699 13.032 7.499
    endloop
  endfacet
  facet normal -0.741418 -0.667642 -0.0674783
    outer loop
      vertex -17.4634 12.8172 11.75
      vertex -16.6992 12.3982 7.499
      vertex -16.9331 12.2283 11.75
    endloop
  endfacet
  facet normal -0.99226 0.104239 -0.0674812
    outer loop
      vertex -15.92 10 7.499
      vertex -16.2919 9.21182 11.75
      vertex -16.2091 10 11.75
    endloop
  endfacet
  facet normal -0.992251 0.104339 -0.0674618
    outer loop
      vertex -16.2919 9.21182 11.75
      vertex -15.92 10 7.499
      vertex -16.0092 9.15172 7.499
    endloop
  endfacet
  facet normal -0.864023 -0.49891 -0.0674805
    outer loop
      vertex -16.5053 12.0624 7.499
      vertex -16.9331 12.2283 11.75
      vertex -16.6992 12.3982 7.499
    endloop
  endfacet
  facet normal -0.864273 -0.49847 -0.0675229
    outer loop
      vertex -16.4666 11.9953 7.499
      vertex -16.9331 12.2283 11.75
      vertex -16.5053 12.0624 7.499
    endloop
  endfacet
  facet normal -0.864023 -0.49891 -0.0674806
    outer loop
      vertex -16.5368 11.5419 11.75
      vertex -16.4666 11.9953 7.499
      vertex -16.2727 11.6595 7.499
    endloop
  endfacet
  facet normal -0.864048 -0.498867 -0.0674764
    outer loop
      vertex -16.4666 11.9953 7.499
      vertex -16.5368 11.5419 11.75
      vertex -16.9331 12.2283 11.75
    endloop
  endfacet
  facet normal -0.948914 -0.308233 -0.0674798
    outer loop
      vertex -16.0092 10.8483 7.499
      vertex -16.5368 11.5419 11.75
      vertex -16.2727 11.6595 7.499
    endloop
  endfacet
  facet normal -0.948887 -0.308322 -0.0674619
    outer loop
      vertex -16.5368 11.5419 11.75
      vertex -16.0092 10.8483 7.499
      vertex -16.2919 10.7882 11.75
    endloop
  endfacet
  facet normal 0.207433 0.975919 -0.0674739
    outer loop
      vertex -20.4265 5.94235 7.499
      vertex -21.1715 6.39461 11.75
      vertex -20.3963 6.22984 11.75
    endloop
  endfacet
  facet normal 0.207442 0.975918 -0.0674721
    outer loop
      vertex -21.1715 6.39461 11.75
      vertex -20.4265 5.94235 7.499
      vertex -21.2608 6.11969 7.499
    endloop
  endfacet
  facet normal -0.992251 -0.104339 -0.0674618
    outer loop
      vertex -15.92 -10 7.499
      vertex -16.2919 -9.21182 11.75
      vertex -16.0092 -9.15172 7.499
    endloop
  endfacet
  facet normal -0.99226 -0.104239 -0.0674812
    outer loop
      vertex -16.2919 -9.21182 11.75
      vertex -15.92 -10 7.499
      vertex -16.2091 -10 11.75
    endloop
  endfacet
  facet normal 0.405817 -0.91146 -0.0674701
    outer loop
      vertex -21.2608 -6.11969 7.499
      vertex -21.8955 -6.71696 11.75
      vertex -22.04 -6.46662 7.499
    endloop
  endfacet
  facet normal 0.405814 -0.911462 -0.0674708
    outer loop
      vertex -21.8955 -6.71696 11.75
      vertex -21.2608 -6.11969 7.499
      vertex -21.1715 -6.39461 11.75
    endloop
  endfacet
  facet normal -0.586482 -0.807147 -0.0674683
    outer loop
      vertex -17.96 -6.46662 7.499
      vertex -17.4634 -7.18279 11.75
      vertex -18.1045 -6.71696 11.75
    endloop
  endfacet
  facet normal -0.586417 -0.807193 -0.0674836
    outer loop
      vertex -17.4634 -7.18279 11.75
      vertex -17.96 -6.46662 7.499
      vertex -17.2699 -6.96797 7.499
    endloop
  endfacet
  facet normal 0.864029 -0.498899 -0.0674816
    outer loop
      vertex -23.0669 -7.77175 11.75
      vertex -23.4947 -7.93765 7.499
      vertex -23.3008 -7.60184 7.499
    endloop
  endfacet
  facet normal 0.864114 -0.49875 -0.0674959
    outer loop
      vertex -23.0669 -7.77175 11.75
      vertex -23.5334 -8.0047 7.499
      vertex -23.4947 -7.93765 7.499
    endloop
  endfacet
  facet normal 0.864029 -0.498899 -0.0674784
    outer loop
      vertex -23.4632 -8.45809 11.75
      vertex -23.5334 -8.0047 7.499
      vertex -23.0669 -7.77175 11.75
    endloop
  endfacet
  facet normal 0.864029 -0.498899 -0.0674784
    outer loop
      vertex -23.5334 -8.0047 7.499
      vertex -23.4632 -8.45809 11.75
      vertex -23.7273 -8.34051 7.499
    endloop
  endfacet
  facet normal -0 -0.997721 -0.0674747
    outer loop
      vertex -20.0387 -5.94235 7.499
      vertex -20.3963 -6.22984 11.75
      vertex -20.4265 -5.94235 7.499
    endloop
  endfacet
  facet normal 0 -0.997721 -0.0674747
    outer loop
      vertex -20.3963 -6.22984 11.75
      vertex -20.0387 -5.94235 7.499
      vertex -19.6037 -6.22984 11.75
    endloop
  endfacet
  facet normal -0 -0.997721 -0.0674747
    outer loop
      vertex -19.9613 -5.94235 7.499
      vertex -19.6037 -6.22984 11.75
      vertex -20.0387 -5.94235 7.499
    endloop
  endfacet
  facet normal 0 -0.997721 -0.0674747
    outer loop
      vertex -19.6037 -6.22984 11.75
      vertex -19.9613 -5.94235 7.499
      vertex -19.5735 -5.94235 7.499
    endloop
  endfacet
  facet normal 0.99226 -0.104239 -0.0674812
    outer loop
      vertex -24.08 -10 7.499
      vertex -23.7081 -9.21182 11.75
      vertex -23.7909 -10 11.75
    endloop
  endfacet
  facet normal 0.992251 -0.104339 -0.0674618
    outer loop
      vertex -23.7081 -9.21182 11.75
      vertex -24.08 -10 7.499
      vertex -23.9908 -9.15172 7.499
    endloop
  endfacet
  facet normal -0.405788 0.911473 -0.0674827
    outer loop
      vertex -18.7392 -13.8803 7.499
      vertex -18.1045 -13.283 11.75
      vertex -17.96 -13.5334 7.499
    endloop
  endfacet
  facet normal -0.405867 0.911439 -0.0674661
    outer loop
      vertex -18.1045 -13.283 11.75
      vertex -18.7392 -13.8803 7.499
      vertex -18.8285 -13.6054 11.75
    endloop
  endfacet
  facet normal 0.741473 -0.66758 -0.0674864
    outer loop
      vertex -22.5366 -7.18279 11.75
      vertex -23.3008 -7.60184 7.499
      vertex -22.7301 -6.96797 7.499
    endloop
  endfacet
  facet normal 0.741452 -0.667604 -0.0674802
    outer loop
      vertex -23.3008 -7.60184 7.499
      vertex -22.5366 -7.18279 11.75
      vertex -23.0669 -7.77175 11.75
    endloop
  endfacet
  facet normal 0.586417 -0.807193 -0.0674836
    outer loop
      vertex -22.04 -6.46662 7.499
      vertex -22.5366 -7.18279 11.75
      vertex -22.7301 -6.96797 7.499
    endloop
  endfacet
  facet normal 0.586482 -0.807147 -0.0674683
    outer loop
      vertex -22.5366 -7.18279 11.75
      vertex -22.04 -6.46662 7.499
      vertex -21.8955 -6.71696 11.75
    endloop
  endfacet
  facet normal 0.864023 0.49891 -0.0674806
    outer loop
      vertex -23.4632 -11.5419 11.75
      vertex -23.5334 -11.9953 7.499
      vertex -23.7273 -11.6595 7.499
    endloop
  endfacet
  facet normal 0.864048 0.498867 -0.0674764
    outer loop
      vertex -23.0669 -12.2283 11.75
      vertex -23.5334 -11.9953 7.499
      vertex -23.4632 -11.5419 11.75
    endloop
  endfacet
  facet normal 0.864273 0.49847 -0.0675229
    outer loop
      vertex -23.5334 -11.9953 7.499
      vertex -23.0669 -12.2283 11.75
      vertex -23.4947 -12.0624 7.499
    endloop
  endfacet
  facet normal 0.864023 0.49891 -0.0674805
    outer loop
      vertex -23.4947 -12.0624 7.499
      vertex -23.0669 -12.2283 11.75
      vertex -23.3008 -12.3982 7.499
    endloop
  endfacet
  facet normal -0.405814 -0.911462 -0.0674708
    outer loop
      vertex -18.7392 -6.11969 7.499
      vertex -18.1045 -6.71696 11.75
      vertex -18.8285 -6.39461 11.75
    endloop
  endfacet
  facet normal -0.405817 -0.91146 -0.0674701
    outer loop
      vertex -18.1045 -6.71696 11.75
      vertex -18.7392 -6.11969 7.499
      vertex -17.96 -6.46662 7.499
    endloop
  endfacet
  facet normal -0.948887 0.308322 -0.0674619
    outer loop
      vertex -16.0092 -10.8483 7.499
      vertex -16.5368 -11.5419 11.75
      vertex -16.2919 -10.7882 11.75
    endloop
  endfacet
  facet normal -0.948914 0.308233 -0.0674798
    outer loop
      vertex -16.5368 -11.5419 11.75
      vertex -16.0092 -10.8483 7.499
      vertex -16.2727 -11.6595 7.499
    endloop
  endfacet
  facet normal 0.948887 0.308322 -0.0674619
    outer loop
      vertex -23.4632 -11.5419 11.75
      vertex -23.9908 -10.8483 7.499
      vertex -23.7081 -10.7882 11.75
    endloop
  endfacet
  facet normal 0.948914 0.308233 -0.0674798
    outer loop
      vertex -23.9908 -10.8483 7.499
      vertex -23.4632 -11.5419 11.75
      vertex -23.7273 -11.6595 7.499
    endloop
  endfacet
  facet normal 0.948916 -0.30823 -0.0674783
    outer loop
      vertex -23.4632 -8.45809 11.75
      vertex -23.9908 -9.15172 7.499
      vertex -23.7273 -8.34051 7.499
    endloop
  endfacet
  facet normal 0.948891 -0.308311 -0.067462
    outer loop
      vertex -23.9908 -9.15172 7.499
      vertex -23.4632 -8.45809 11.75
      vertex -23.7081 -9.21182 11.75
    endloop
  endfacet
  facet normal -0.207398 0.975927 -0.0674672
    outer loop
      vertex -19.5735 -14.0576 7.499
      vertex -18.8285 -13.6054 11.75
      vertex -18.7392 -13.8803 7.499
    endloop
  endfacet
  facet normal -0.20747 0.975913 -0.0674531
    outer loop
      vertex -18.8285 -13.6054 11.75
      vertex -19.5735 -14.0576 7.499
      vertex -19.6037 -13.7702 11.75
    endloop
  endfacet
  facet normal 0 0.997722 -0.0674536
    outer loop
      vertex -19.9613 -14.0576 7.499
      vertex -19.6037 -13.7702 11.75
      vertex -19.5735 -14.0576 7.499
    endloop
  endfacet
  facet normal 0 0.997722 -0.0674536
    outer loop
      vertex -19.6037 -13.7702 11.75
      vertex -19.9613 -14.0576 7.499
      vertex -20.3963 -13.7702 11.75
    endloop
  endfacet
  facet normal 0 0.997722 -0.0674536
    outer loop
      vertex -20.0387 -14.0576 7.499
      vertex -20.3963 -13.7702 11.75
      vertex -19.9613 -14.0576 7.499
    endloop
  endfacet
  facet normal 0 0.997722 -0.0674536
    outer loop
      vertex -20.3963 -13.7702 11.75
      vertex -20.0387 -14.0576 7.499
      vertex -20.4265 -14.0576 7.499
    endloop
  endfacet
  facet normal 0.207442 -0.975918 -0.0674721
    outer loop
      vertex -20.4265 -5.94235 7.499
      vertex -21.1715 -6.39461 11.75
      vertex -21.2608 -6.11969 7.499
    endloop
  endfacet
  facet normal 0.207433 -0.975919 -0.0674739
    outer loop
      vertex -21.1715 -6.39461 11.75
      vertex -20.4265 -5.94235 7.499
      vertex -20.3963 -6.22984 11.75
    endloop
  endfacet
  facet normal 0.586457 0.807165 -0.0674799
    outer loop
      vertex -22.04 -13.5334 7.499
      vertex -22.5366 -12.8172 11.75
      vertex -21.8955 -13.283 11.75
    endloop
  endfacet
  facet normal 0.586455 0.807166 -0.0674802
    outer loop
      vertex -22.5366 -12.8172 11.75
      vertex -22.04 -13.5334 7.499
      vertex -22.7301 -13.032 7.499
    endloop
  endfacet
  facet normal 0.741418 0.667642 -0.0674783
    outer loop
      vertex -22.5366 -12.8172 11.75
      vertex -23.3008 -12.3982 7.499
      vertex -23.0669 -12.2283 11.75
    endloop
  endfacet
  facet normal 0.741437 0.667621 -0.0674836
    outer loop
      vertex -23.3008 -12.3982 7.499
      vertex -22.5366 -12.8172 11.75
      vertex -22.7301 -13.032 7.499
    endloop
  endfacet
  facet normal -0.207433 -0.975919 -0.0674739
    outer loop
      vertex -19.5735 -5.94235 7.499
      vertex -18.8285 -6.39461 11.75
      vertex -19.6037 -6.22984 11.75
    endloop
  endfacet
  facet normal -0.207442 -0.975918 -0.0674721
    outer loop
      vertex -18.8285 -6.39461 11.75
      vertex -19.5735 -5.94235 7.499
      vertex -18.7392 -6.11969 7.499
    endloop
  endfacet
  facet normal -0.741418 0.667642 -0.0674783
    outer loop
      vertex -16.6992 -12.3982 7.499
      vertex -17.4634 -12.8172 11.75
      vertex -16.9331 -12.2283 11.75
    endloop
  endfacet
  facet normal -0.741437 0.667621 -0.0674836
    outer loop
      vertex -17.4634 -12.8172 11.75
      vertex -16.6992 -12.3982 7.499
      vertex -17.2699 -13.032 7.499
    endloop
  endfacet
  facet normal -0.586455 0.807166 -0.0674802
    outer loop
      vertex -17.96 -13.5334 7.499
      vertex -17.4634 -12.8172 11.75
      vertex -17.2699 -13.032 7.499
    endloop
  endfacet
  facet normal -0.586457 0.807165 -0.0674799
    outer loop
      vertex -17.4634 -12.8172 11.75
      vertex -17.96 -13.5334 7.499
      vertex -18.1045 -13.283 11.75
    endloop
  endfacet
  facet normal 0.20747 0.975913 -0.0674531
    outer loop
      vertex -20.4265 -14.0576 7.499
      vertex -21.1715 -13.6054 11.75
      vertex -20.3963 -13.7702 11.75
    endloop
  endfacet
  facet normal 0.207398 0.975927 -0.0674672
    outer loop
      vertex -21.1715 -13.6054 11.75
      vertex -20.4265 -14.0576 7.499
      vertex -21.2608 -13.8803 7.499
    endloop
  endfacet
  facet normal -0.864023 0.49891 -0.0674806
    outer loop
      vertex -16.4666 -11.9953 7.499
      vertex -16.5368 -11.5419 11.75
      vertex -16.2727 -11.6595 7.499
    endloop
  endfacet
  facet normal -0.864273 0.49847 -0.0675229
    outer loop
      vertex -16.9331 -12.2283 11.75
      vertex -16.4666 -11.9953 7.499
      vertex -16.5053 -12.0624 7.499
    endloop
  endfacet
  facet normal -0.864048 0.498867 -0.0674764
    outer loop
      vertex -16.4666 -11.9953 7.499
      vertex -16.9331 -12.2283 11.75
      vertex -16.5368 -11.5419 11.75
    endloop
  endfacet
  facet normal -0.864023 0.49891 -0.0674805
    outer loop
      vertex -16.9331 -12.2283 11.75
      vertex -16.5053 -12.0624 7.499
      vertex -16.6992 -12.3982 7.499
    endloop
  endfacet
  facet normal -0.741473 -0.66758 -0.0674864
    outer loop
      vertex -16.6992 -7.60184 7.499
      vertex -17.4634 -7.18279 11.75
      vertex -17.2699 -6.96797 7.499
    endloop
  endfacet
  facet normal -0.741452 -0.667604 -0.0674802
    outer loop
      vertex -17.4634 -7.18279 11.75
      vertex -16.6992 -7.60184 7.499
      vertex -16.9331 -7.77175 11.75
    endloop
  endfacet
  facet normal -0.992261 0.104236 -0.0674812
    outer loop
      vertex -15.92 -10 7.499
      vertex -16.2919 -10.7882 11.75
      vertex -16.2091 -10 11.75
    endloop
  endfacet
  facet normal -0.992251 0.104337 -0.0674618
    outer loop
      vertex -16.2919 -10.7882 11.75
      vertex -15.92 -10 7.499
      vertex -16.0092 -10.8483 7.499
    endloop
  endfacet
  facet normal -0.864029 -0.498899 -0.0674816
    outer loop
      vertex -16.5053 -7.93765 7.499
      vertex -16.9331 -7.77175 11.75
      vertex -16.6992 -7.60184 7.499
    endloop
  endfacet
  facet normal -0.864114 -0.49875 -0.0674959
    outer loop
      vertex -16.4666 -8.0047 7.499
      vertex -16.9331 -7.77175 11.75
      vertex -16.5053 -7.93765 7.499
    endloop
  endfacet
  facet normal -0.864029 -0.498899 -0.0674784
    outer loop
      vertex -16.5368 -8.45809 11.75
      vertex -16.4666 -8.0047 7.499
      vertex -16.2727 -8.34051 7.499
    endloop
  endfacet
  facet normal -0.864029 -0.498899 -0.0674784
    outer loop
      vertex -16.4666 -8.0047 7.499
      vertex -16.5368 -8.45809 11.75
      vertex -16.9331 -7.77175 11.75
    endloop
  endfacet
  facet normal -0.948916 -0.30823 -0.0674783
    outer loop
      vertex -16.0092 -9.15172 7.499
      vertex -16.5368 -8.45809 11.75
      vertex -16.2727 -8.34051 7.499
    endloop
  endfacet
  facet normal -0.948891 -0.308311 -0.067462
    outer loop
      vertex -16.5368 -8.45809 11.75
      vertex -16.0092 -9.15172 7.499
      vertex -16.2919 -9.21182 11.75
    endloop
  endfacet
  facet normal 0.405867 0.911439 -0.0674661
    outer loop
      vertex -21.2608 -13.8803 7.499
      vertex -21.8955 -13.283 11.75
      vertex -21.1715 -13.6054 11.75
    endloop
  endfacet
  facet normal 0.405788 0.911473 -0.0674827
    outer loop
      vertex -21.8955 -13.283 11.75
      vertex -21.2608 -13.8803 7.499
      vertex -22.04 -13.5334 7.499
    endloop
  endfacet
  facet normal 0.992261 0.104236 -0.0674812
    outer loop
      vertex -23.7081 -10.7882 11.75
      vertex -24.08 -10 7.499
      vertex -23.7909 -10 11.75
    endloop
  endfacet
  facet normal 0.992251 0.104337 -0.0674618
    outer loop
      vertex -24.08 -10 7.499
      vertex -23.7081 -10.7882 11.75
      vertex -23.9908 -10.8483 7.499
    endloop
  endfacet
  facet normal -0.207897 0.978151 0
    outer loop
      vertex 20.788 7.57481 -1.5005
      vertex 20.2665 7.46397 2.499
      vertex 20.788 7.57481 2.499
    endloop
  endfacet
  facet normal -0.207897 0.978151 0
    outer loop
      vertex 20.2665 7.46397 2.499
      vertex 20.788 7.57481 -1.5005
      vertex 20.2665 7.46397 -1.5005
    endloop
  endfacet
  facet normal -0.95102 -0.309128 0
    outer loop
      vertex 22.4943 10.5302 -1.5005
      vertex 22.3295 11.0372 2.499
      vertex 22.3295 11.0372 -1.5005
    endloop
  endfacet
  facet normal -0.95102 -0.309128 0
    outer loop
      vertex 22.3295 11.0372 2.499
      vertex 22.4943 10.5302 -1.5005
      vertex 22.4943 10.5302 2.499
    endloop
  endfacet
  facet normal -0.994527 -0.10448 0
    outer loop
      vertex 22.55 10 -1.5005
      vertex 22.4943 10.5302 2.499
      vertex 22.4943 10.5302 -1.5005
    endloop
  endfacet
  facet normal -0.994527 -0.10448 0
    outer loop
      vertex 22.4943 10.5302 2.499
      vertex 22.55 10 -1.5005
      vertex 22.55 10 2.499
    endloop
  endfacet
  facet normal -0.866076 -0.499912 0
    outer loop
      vertex 22.3295 11.0372 -1.5005
      vertex 22.063 11.4989 2.499
      vertex 22.063 11.4989 -1.5005
    endloop
  endfacet
  facet normal -0.866076 -0.499912 0
    outer loop
      vertex 22.063 11.4989 2.499
      vertex 22.3295 11.0372 -1.5005
      vertex 22.3295 11.0372 2.499
    endloop
  endfacet
  facet normal -0.994527 0.104484 0
    outer loop
      vertex 22.4943 9.46982 -1.5005
      vertex 22.55 10 2.499
      vertex 22.55 10 -1.5005
    endloop
  endfacet
  facet normal -0.994527 0.104484 0
    outer loop
      vertex 22.55 10 2.499
      vertex 22.4943 9.46982 -1.5005
      vertex 22.4943 9.46982 2.499
    endloop
  endfacet
  facet normal 0.406695 -0.913564 0
    outer loop
      vertex 18.725 12.2084 -1.5005
      vertex 19.212 12.4252 2.499
      vertex 18.725 12.2084 2.499
    endloop
  endfacet
  facet normal 0.406695 -0.913564 0
    outer loop
      vertex 19.212 12.4252 2.499
      vertex 18.725 12.2084 -1.5005
      vertex 19.212 12.4252 -1.5005
    endloop
  endfacet
  facet normal -0.587837 -0.808979 0
    outer loop
      vertex 21.275 12.2084 -1.5005
      vertex 21.7063 11.895 2.499
      vertex 21.275 12.2084 2.499
    endloop
  endfacet
  facet normal -0.587837 -0.808979 -0
    outer loop
      vertex 21.7063 11.895 2.499
      vertex 21.275 12.2084 -1.5005
      vertex 21.7063 11.895 -1.5005
    endloop
  endfacet
  facet normal 0.994527 -0.10448 0
    outer loop
      vertex 17.45 10 2.499
      vertex 17.5057 10.5302 -1.5005
      vertex 17.5057 10.5302 2.499
    endloop
  endfacet
  facet normal 0.994527 -0.10448 0
    outer loop
      vertex 17.5057 10.5302 -1.5005
      vertex 17.45 10 2.499
      vertex 17.45 10 -1.5005
    endloop
  endfacet
  facet normal 0 -1 0
    outer loop
      vertex 19.7335 12.536 -1.5005
      vertex 20.2665 12.536 2.499
      vertex 19.7335 12.536 2.499
    endloop
  endfacet
  facet normal 0 -1 -0
    outer loop
      vertex 20.2665 12.536 2.499
      vertex 19.7335 12.536 -1.5005
      vertex 20.2665 12.536 -1.5005
    endloop
  endfacet
  facet normal 0.743098 -0.669182 0
    outer loop
      vertex 17.937 11.4989 2.499
      vertex 18.2937 11.895 -1.5005
      vertex 18.2937 11.895 2.499
    endloop
  endfacet
  facet normal 0.743098 -0.669182 0
    outer loop
      vertex 18.2937 11.895 -1.5005
      vertex 17.937 11.4989 2.499
      vertex 17.937 11.4989 -1.5005
    endloop
  endfacet
  facet normal -0.95102 0.309128 0
    outer loop
      vertex 22.3295 8.96282 -1.5005
      vertex 22.4943 9.46982 2.499
      vertex 22.4943 9.46982 -1.5005
    endloop
  endfacet
  facet normal -0.95102 0.309128 0
    outer loop
      vertex 22.4943 9.46982 2.499
      vertex 22.3295 8.96282 -1.5005
      vertex 22.3295 8.96282 2.499
    endloop
  endfacet
  facet normal -0.743157 0.669117 0
    outer loop
      vertex 21.7063 8.10498 -1.5005
      vertex 22.063 8.50115 2.499
      vertex 22.063 8.50115 -1.5005
    endloop
  endfacet
  facet normal -0.743157 0.669117 0
    outer loop
      vertex 22.063 8.50115 2.499
      vertex 21.7063 8.10498 -1.5005
      vertex 21.7063 8.10498 2.499
    endloop
  endfacet
  facet normal -0.866062 0.499936 0
    outer loop
      vertex 22.063 8.50115 -1.5005
      vertex 22.3295 8.96282 2.499
      vertex 22.3295 8.96282 -1.5005
    endloop
  endfacet
  facet normal -0.866062 0.499936 0
    outer loop
      vertex 22.3295 8.96282 2.499
      vertex 22.063 8.50115 -1.5005
      vertex 22.063 8.50115 2.499
    endloop
  endfacet
  facet normal 0.866076 -0.499912 0
    outer loop
      vertex 17.6705 11.0372 2.499
      vertex 17.937 11.4989 -1.5005
      vertex 17.937 11.4989 2.499
    endloop
  endfacet
  facet normal 0.866076 -0.499912 0
    outer loop
      vertex 17.937 11.4989 -1.5005
      vertex 17.6705 11.0372 2.499
      vertex 17.6705 11.0372 -1.5005
    endloop
  endfacet
  facet normal 0.406727 0.91355 -0
    outer loop
      vertex 19.212 7.57481 -1.5005
      vertex 18.725 7.79163 2.499
      vertex 19.212 7.57481 2.499
    endloop
  endfacet
  facet normal 0.406727 0.91355 0
    outer loop
      vertex 18.725 7.79163 2.499
      vertex 19.212 7.57481 -1.5005
      vertex 18.725 7.79163 -1.5005
    endloop
  endfacet
  facet normal -0.406727 0.91355 0
    outer loop
      vertex 21.275 7.79163 -1.5005
      vertex 20.788 7.57481 2.499
      vertex 21.275 7.79163 2.499
    endloop
  endfacet
  facet normal -0.406727 0.91355 0
    outer loop
      vertex 20.788 7.57481 2.499
      vertex 21.275 7.79163 -1.5005
      vertex 20.788 7.57481 -1.5005
    endloop
  endfacet
  facet normal -0.743098 -0.669182 0
    outer loop
      vertex 22.063 11.4989 -1.5005
      vertex 21.7063 11.895 2.499
      vertex 21.7063 11.895 -1.5005
    endloop
  endfacet
  facet normal -0.743098 -0.669182 0
    outer loop
      vertex 21.7063 11.895 2.499
      vertex 22.063 11.4989 -1.5005
      vertex 22.063 11.4989 2.499
    endloop
  endfacet
  facet normal 0.587776 0.809024 -0
    outer loop
      vertex 18.725 7.79163 -1.5005
      vertex 18.2937 8.10498 2.499
      vertex 18.725 7.79163 2.499
    endloop
  endfacet
  facet normal 0.587776 0.809024 0
    outer loop
      vertex 18.2937 8.10498 2.499
      vertex 18.725 7.79163 -1.5005
      vertex 18.2937 8.10498 -1.5005
    endloop
  endfacet
  facet normal -0.406695 -0.913564 0
    outer loop
      vertex 20.788 12.4252 -1.5005
      vertex 21.275 12.2084 2.499
      vertex 20.788 12.4252 2.499
    endloop
  endfacet
  facet normal -0.406695 -0.913564 -0
    outer loop
      vertex 21.275 12.2084 2.499
      vertex 20.788 12.4252 -1.5005
      vertex 21.275 12.2084 -1.5005
    endloop
  endfacet
  facet normal -0.207825 -0.978166 0
    outer loop
      vertex 20.2665 12.536 -1.5005
      vertex 20.788 12.4252 2.499
      vertex 20.2665 12.536 2.499
    endloop
  endfacet
  facet normal -0.207825 -0.978166 -0
    outer loop
      vertex 20.788 12.4252 2.499
      vertex 20.2665 12.536 -1.5005
      vertex 20.788 12.4252 -1.5005
    endloop
  endfacet
  facet normal 0.743157 0.669117 0
    outer loop
      vertex 18.2937 8.10498 2.499
      vertex 17.937 8.50115 -1.5005
      vertex 17.937 8.50115 2.499
    endloop
  endfacet
  facet normal 0.743157 0.669117 0
    outer loop
      vertex 17.937 8.50115 -1.5005
      vertex 18.2937 8.10498 2.499
      vertex 18.2937 8.10498 -1.5005
    endloop
  endfacet
  facet normal -0.587776 0.809024 0
    outer loop
      vertex 21.7063 8.10498 -1.5005
      vertex 21.275 7.79163 2.499
      vertex 21.7063 8.10498 2.499
    endloop
  endfacet
  facet normal -0.587776 0.809024 0
    outer loop
      vertex 21.275 7.79163 2.499
      vertex 21.7063 8.10498 -1.5005
      vertex 21.275 7.79163 -1.5005
    endloop
  endfacet
  facet normal 0.587837 -0.808979 0
    outer loop
      vertex 18.2937 11.895 -1.5005
      vertex 18.725 12.2084 2.499
      vertex 18.2937 11.895 2.499
    endloop
  endfacet
  facet normal 0.587837 -0.808979 0
    outer loop
      vertex 18.725 12.2084 2.499
      vertex 18.2937 11.895 -1.5005
      vertex 18.725 12.2084 -1.5005
    endloop
  endfacet
  facet normal 0.994527 0.104484 0
    outer loop
      vertex 17.5057 9.46982 2.499
      vertex 17.45 10 -1.5005
      vertex 17.45 10 2.499
    endloop
  endfacet
  facet normal 0.994527 0.104484 0
    outer loop
      vertex 17.45 10 -1.5005
      vertex 17.5057 9.46982 2.499
      vertex 17.5057 9.46982 -1.5005
    endloop
  endfacet
  facet normal 0 1 -0
    outer loop
      vertex 20.2665 7.46397 -1.5005
      vertex 19.7335 7.46397 2.499
      vertex 20.2665 7.46397 2.499
    endloop
  endfacet
  facet normal 0 1 0
    outer loop
      vertex 19.7335 7.46397 2.499
      vertex 20.2665 7.46397 -1.5005
      vertex 19.7335 7.46397 -1.5005
    endloop
  endfacet
  facet normal 0 0 1
    outer loop
      vertex 23.5334 12.04 2.499
      vertex 22.55 10 2.499
      vertex 23.5334 7.96 2.499
    endloop
  endfacet
  facet normal 0 0 1
    outer loop
      vertex 23.5334 12.04 2.499
      vertex 22.4943 10.5302 2.499
      vertex 22.55 10 2.499
    endloop
  endfacet
  facet normal 0 0 1
    outer loop
      vertex 23.5334 12.04 2.499
      vertex 22.3295 11.0372 2.499
      vertex 22.4943 10.5302 2.499
    endloop
  endfacet
  facet normal 0 0 1
    outer loop
      vertex 23.5334 12.04 2.499
      vertex 22.063 11.4989 2.499
      vertex 22.3295 11.0372 2.499
    endloop
  endfacet
  facet normal 0 0 1
    outer loop
      vertex 23.5334 12.04 2.499
      vertex 21.7063 11.895 2.499
      vertex 22.063 11.4989 2.499
    endloop
  endfacet
  facet normal 0 0 1
    outer loop
      vertex 23.5334 12.04 2.499
      vertex 21.275 12.2084 2.499
      vertex 21.7063 11.895 2.499
    endloop
  endfacet
  facet normal 0 0 1
    outer loop
      vertex 20 14.08 2.499
      vertex 21.275 12.2084 2.499
      vertex 23.5334 12.04 2.499
    endloop
  endfacet
  facet normal 0 0 1
    outer loop
      vertex 21.275 12.2084 2.499
      vertex 20 14.08 2.499
      vertex 20.788 12.4252 2.499
    endloop
  endfacet
  facet normal 0 0 1
    outer loop
      vertex 20.788 12.4252 2.499
      vertex 20 14.08 2.499
      vertex 20.2665 12.536 2.499
    endloop
  endfacet
  facet normal 0 0 1
    outer loop
      vertex 20 14.08 2.499
      vertex 19.7335 12.536 2.499
      vertex 20.2665 12.536 2.499
    endloop
  endfacet
  facet normal 0 0 1
    outer loop
      vertex 20 14.08 2.499
      vertex 19.212 12.4252 2.499
      vertex 19.7335 12.536 2.499
    endloop
  endfacet
  facet normal 0 0 1
    outer loop
      vertex 20 14.08 2.499
      vertex 18.725 12.2084 2.499
      vertex 19.212 12.4252 2.499
    endloop
  endfacet
  facet normal 0 0 1
    outer loop
      vertex 16.4666 12.04 2.499
      vertex 18.725 12.2084 2.499
      vertex 20 14.08 2.499
    endloop
  endfacet
  facet normal 0 0 1
    outer loop
      vertex 18.725 12.2084 2.499
      vertex 16.4666 12.04 2.499
      vertex 18.2937 11.895 2.499
    endloop
  endfacet
  facet normal 0 0 1
    outer loop
      vertex 17.5057 10.5302 2.499
      vertex 16.4666 12.04 2.499
      vertex 17.45 10 2.499
    endloop
  endfacet
  facet normal 0 0 1
    outer loop
      vertex 17.6705 11.0372 2.499
      vertex 16.4666 12.04 2.499
      vertex 17.5057 10.5302 2.499
    endloop
  endfacet
  facet normal 0 0 1
    outer loop
      vertex 17.937 11.4989 2.499
      vertex 16.4666 12.04 2.499
      vertex 17.6705 11.0372 2.499
    endloop
  endfacet
  facet normal 0 0 1
    outer loop
      vertex 18.2937 11.895 2.499
      vertex 16.4666 12.04 2.499
      vertex 17.937 11.4989 2.499
    endloop
  endfacet
  facet normal -0 0 1
    outer loop
      vertex 22.4943 9.46982 2.499
      vertex 23.5334 7.96 2.499
      vertex 22.55 10 2.499
    endloop
  endfacet
  facet normal -0 0 1
    outer loop
      vertex 22.3295 8.96282 2.499
      vertex 23.5334 7.96 2.499
      vertex 22.4943 9.46982 2.499
    endloop
  endfacet
  facet normal -0 0 1
    outer loop
      vertex 22.063 8.50115 2.499
      vertex 23.5334 7.96 2.499
      vertex 22.3295 8.96282 2.499
    endloop
  endfacet
  facet normal -0 0 1
    outer loop
      vertex 21.7063 8.10498 2.499
      vertex 23.5334 7.96 2.499
      vertex 22.063 8.50115 2.499
    endloop
  endfacet
  facet normal 0 0 1
    outer loop
      vertex 21.275 7.79163 2.499
      vertex 23.5334 7.96 2.499
      vertex 21.7063 8.10498 2.499
    endloop
  endfacet
  facet normal 0 0 1
    outer loop
      vertex 20 5.92 2.499
      vertex 21.275 7.79163 2.499
      vertex 20.788 7.57481 2.499
    endloop
  endfacet
  facet normal 0 0 1
    outer loop
      vertex 20 5.92 2.499
      vertex 20.788 7.57481 2.499
      vertex 20.2665 7.46397 2.499
    endloop
  endfacet
  facet normal -0 0 1
    outer loop
      vertex 21.275 7.79163 2.499
      vertex 20 5.92 2.499
      vertex 23.5334 7.96 2.499
    endloop
  endfacet
  facet normal -0 0 1
    outer loop
      vertex 19.7335 7.46397 2.499
      vertex 20 5.92 2.499
      vertex 20.2665 7.46397 2.499
    endloop
  endfacet
  facet normal 0 0 1
    outer loop
      vertex 19.212 7.57481 2.499
      vertex 20 5.92 2.499
      vertex 19.7335 7.46397 2.499
    endloop
  endfacet
  facet normal 0 0 1
    outer loop
      vertex 18.725 7.79163 2.499
      vertex 20 5.92 2.499
      vertex 19.212 7.57481 2.499
    endloop
  endfacet
  facet normal -0 0 1
    outer loop
      vertex 16.4666 7.96 2.499
      vertex 18.725 7.79163 2.499
      vertex 18.2937 8.10498 2.499
    endloop
  endfacet
  facet normal 0 0 1
    outer loop
      vertex 16.4666 7.96 2.499
      vertex 18.2937 8.10498 2.499
      vertex 17.937 8.50115 2.499
    endloop
  endfacet
  facet normal 0 0 1
    outer loop
      vertex 16.4666 7.96 2.499
      vertex 17.45 10 2.499
      vertex 16.4666 12.04 2.499
    endloop
  endfacet
  facet normal 0 0 1
    outer loop
      vertex 17.45 10 2.499
      vertex 16.4666 7.96 2.499
      vertex 17.5057 9.46982 2.499
    endloop
  endfacet
  facet normal 0 0 1
    outer loop
      vertex 18.725 7.79163 2.499
      vertex 16.4666 7.96 2.499
      vertex 20 5.92 2.499
    endloop
  endfacet
  facet normal 0 0 1
    outer loop
      vertex 17.6705 8.96282 2.499
      vertex 16.4666 7.96 2.499
      vertex 17.937 8.50115 2.499
    endloop
  endfacet
  facet normal 0 0 1
    outer loop
      vertex 17.5057 9.46982 2.499
      vertex 16.4666 7.96 2.499
      vertex 17.6705 8.96282 2.499
    endloop
  endfacet
  facet normal 0.95102 0.309128 0
    outer loop
      vertex 17.6705 8.96282 2.499
      vertex 17.5057 9.46982 -1.5005
      vertex 17.5057 9.46982 2.499
    endloop
  endfacet
  facet normal 0.95102 0.309128 0
    outer loop
      vertex 17.5057 9.46982 -1.5005
      vertex 17.6705 8.96282 2.499
      vertex 17.6705 8.96282 -1.5005
    endloop
  endfacet
  facet normal 0.207825 -0.978166 0
    outer loop
      vertex 19.212 12.4252 -1.5005
      vertex 19.7335 12.536 2.499
      vertex 19.212 12.4252 2.499
    endloop
  endfacet
  facet normal 0.207825 -0.978166 0
    outer loop
      vertex 19.7335 12.536 2.499
      vertex 19.212 12.4252 -1.5005
      vertex 19.7335 12.536 -1.5005
    endloop
  endfacet
  facet normal 0.866062 0.499936 0
    outer loop
      vertex 17.937 8.50115 2.499
      vertex 17.6705 8.96282 -1.5005
      vertex 17.6705 8.96282 2.499
    endloop
  endfacet
  facet normal 0.866062 0.499936 0
    outer loop
      vertex 17.6705 8.96282 -1.5005
      vertex 17.937 8.50115 2.499
      vertex 17.937 8.50115 -1.5005
    endloop
  endfacet
  facet normal 0.95102 -0.309128 0
    outer loop
      vertex 17.5057 10.5302 2.499
      vertex 17.6705 11.0372 -1.5005
      vertex 17.6705 11.0372 2.499
    endloop
  endfacet
  facet normal 0.95102 -0.309128 0
    outer loop
      vertex 17.6705 11.0372 -1.5005
      vertex 17.5057 10.5302 2.499
      vertex 17.5057 10.5302 -1.5005
    endloop
  endfacet
  facet normal 0.207897 0.978151 -0
    outer loop
      vertex 19.7335 7.46397 -1.5005
      vertex 19.212 7.57481 2.499
      vertex 19.7335 7.46397 2.499
    endloop
  endfacet
  facet normal 0.207897 0.978151 0
    outer loop
      vertex 19.212 7.57481 2.499
      vertex 19.7335 7.46397 -1.5005
      vertex 19.212 7.57481 -1.5005
    endloop
  endfacet
  facet normal 0.866076 0.499912 0
    outer loop
      vertex 17.937 -11.4989 2.499
      vertex 17.6705 -11.0372 -1.5005
      vertex 17.6705 -11.0372 2.499
    endloop
  endfacet
  facet normal 0.866076 0.499912 0
    outer loop
      vertex 17.6705 -11.0372 -1.5005
      vertex 17.937 -11.4989 2.499
      vertex 17.937 -11.4989 -1.5005
    endloop
  endfacet
  facet normal -0.95102 -0.309128 0
    outer loop
      vertex 22.4943 -9.46982 -1.5005
      vertex 22.3295 -8.96282 2.499
      vertex 22.3295 -8.96282 -1.5005
    endloop
  endfacet
  facet normal -0.95102 -0.309128 0
    outer loop
      vertex 22.3295 -8.96282 2.499
      vertex 22.4943 -9.46982 -1.5005
      vertex 22.4943 -9.46982 2.499
    endloop
  endfacet
  facet normal -0.994527 -0.104484 0
    outer loop
      vertex 22.55 -10 -1.5005
      vertex 22.4943 -9.46982 2.499
      vertex 22.4943 -9.46982 -1.5005
    endloop
  endfacet
  facet normal -0.994527 -0.104484 0
    outer loop
      vertex 22.4943 -9.46982 2.499
      vertex 22.55 -10 -1.5005
      vertex 22.55 -10 2.499
    endloop
  endfacet
  facet normal -0.866062 -0.499936 0
    outer loop
      vertex 22.3295 -8.96282 -1.5005
      vertex 22.063 -8.50115 2.499
      vertex 22.063 -8.50115 -1.5005
    endloop
  endfacet
  facet normal -0.866062 -0.499936 0
    outer loop
      vertex 22.063 -8.50115 2.499
      vertex 22.3295 -8.96282 -1.5005
      vertex 22.3295 -8.96282 2.499
    endloop
  endfacet
  facet normal -0.207825 0.978166 0
    outer loop
      vertex 20.788 -12.4252 -1.5005
      vertex 20.2665 -12.536 2.499
      vertex 20.788 -12.4252 2.499
    endloop
  endfacet
  facet normal -0.207825 0.978166 0
    outer loop
      vertex 20.2665 -12.536 2.499
      vertex 20.788 -12.4252 -1.5005
      vertex 20.2665 -12.536 -1.5005
    endloop
  endfacet
  facet normal 0.207897 -0.978151 0
    outer loop
      vertex 19.212 -7.57481 -1.5005
      vertex 19.7335 -7.46397 2.499
      vertex 19.212 -7.57481 2.499
    endloop
  endfacet
  facet normal 0.207897 -0.978151 0
    outer loop
      vertex 19.7335 -7.46397 2.499
      vertex 19.212 -7.57481 -1.5005
      vertex 19.7335 -7.46397 -1.5005
    endloop
  endfacet
  facet normal -0.406727 -0.91355 0
    outer loop
      vertex 20.788 -7.57481 -1.5005
      vertex 21.275 -7.79163 2.499
      vertex 20.788 -7.57481 2.499
    endloop
  endfacet
  facet normal -0.406727 -0.91355 -0
    outer loop
      vertex 21.275 -7.79163 2.499
      vertex 20.788 -7.57481 -1.5005
      vertex 21.275 -7.79163 -1.5005
    endloop
  endfacet
  facet normal 0.994527 0.10448 0
    outer loop
      vertex 17.5057 -10.5302 2.499
      vertex 17.45 -10 -1.5005
      vertex 17.45 -10 2.499
    endloop
  endfacet
  facet normal 0.994527 0.10448 0
    outer loop
      vertex 17.45 -10 -1.5005
      vertex 17.5057 -10.5302 2.499
      vertex 17.5057 -10.5302 -1.5005
    endloop
  endfacet
  facet normal -0.994527 0.10448 0
    outer loop
      vertex 22.4943 -10.5302 -1.5005
      vertex 22.55 -10 2.499
      vertex 22.55 -10 -1.5005
    endloop
  endfacet
  facet normal -0.994527 0.10448 0
    outer loop
      vertex 22.55 -10 2.499
      vertex 22.4943 -10.5302 -1.5005
      vertex 22.4943 -10.5302 2.499
    endloop
  endfacet
  facet normal 0.994527 -0.104484 0
    outer loop
      vertex 17.45 -10 2.499
      vertex 17.5057 -9.46982 -1.5005
      vertex 17.5057 -9.46982 2.499
    endloop
  endfacet
  facet normal 0.994527 -0.104484 0
    outer loop
      vertex 17.5057 -9.46982 -1.5005
      vertex 17.45 -10 2.499
      vertex 17.45 -10 -1.5005
    endloop
  endfacet
  facet normal -0.866076 0.499912 0
    outer loop
      vertex 22.063 -11.4989 -1.5005
      vertex 22.3295 -11.0372 2.499
      vertex 22.3295 -11.0372 -1.5005
    endloop
  endfacet
  facet normal -0.866076 0.499912 0
    outer loop
      vertex 22.3295 -11.0372 2.499
      vertex 22.063 -11.4989 -1.5005
      vertex 22.063 -11.4989 2.499
    endloop
  endfacet
  facet normal 0.587837 0.808979 -0
    outer loop
      vertex 18.725 -12.2084 -1.5005
      vertex 18.2937 -11.895 2.499
      vertex 18.725 -12.2084 2.499
    endloop
  endfacet
  facet normal 0.587837 0.808979 0
    outer loop
      vertex 18.2937 -11.895 2.499
      vertex 18.725 -12.2084 -1.5005
      vertex 18.2937 -11.895 -1.5005
    endloop
  endfacet
  facet normal 0.743157 -0.669117 0
    outer loop
      vertex 17.937 -8.50115 2.499
      vertex 18.2937 -8.10498 -1.5005
      vertex 18.2937 -8.10498 2.499
    endloop
  endfacet
  facet normal 0.743157 -0.669117 0
    outer loop
      vertex 18.2937 -8.10498 -1.5005
      vertex 17.937 -8.50115 2.499
      vertex 17.937 -8.50115 -1.5005
    endloop
  endfacet
  facet normal -0.587776 -0.809024 0
    outer loop
      vertex 21.275 -7.79163 -1.5005
      vertex 21.7063 -8.10498 2.499
      vertex 21.275 -7.79163 2.499
    endloop
  endfacet
  facet normal -0.587776 -0.809024 -0
    outer loop
      vertex 21.7063 -8.10498 2.499
      vertex 21.275 -7.79163 -1.5005
      vertex 21.7063 -8.10498 -1.5005
    endloop
  endfacet
  facet normal -0.406695 0.913564 0
    outer loop
      vertex 21.275 -12.2084 -1.5005
      vertex 20.788 -12.4252 2.499
      vertex 21.275 -12.2084 2.499
    endloop
  endfacet
  facet normal -0.406695 0.913564 0
    outer loop
      vertex 20.788 -12.4252 2.499
      vertex 21.275 -12.2084 -1.5005
      vertex 20.788 -12.4252 -1.5005
    endloop
  endfacet
  facet normal 0 -1 0
    outer loop
      vertex 19.7335 -7.46397 -1.5005
      vertex 20.2665 -7.46397 2.499
      vertex 19.7335 -7.46397 2.499
    endloop
  endfacet
  facet normal 0 -1 -0
    outer loop
      vertex 20.2665 -7.46397 2.499
      vertex 19.7335 -7.46397 -1.5005
      vertex 20.2665 -7.46397 -1.5005
    endloop
  endfacet
  facet normal 0.587776 -0.809024 0
    outer loop
      vertex 18.2937 -8.10498 -1.5005
      vertex 18.725 -7.79163 2.499
      vertex 18.2937 -8.10498 2.499
    endloop
  endfacet
  facet normal 0.587776 -0.809024 0
    outer loop
      vertex 18.725 -7.79163 2.499
      vertex 18.2937 -8.10498 -1.5005
      vertex 18.725 -7.79163 -1.5005
    endloop
  endfacet
  facet normal 0 1 -0
    outer loop
      vertex 20.2665 -12.536 -1.5005
      vertex 19.7335 -12.536 2.499
      vertex 20.2665 -12.536 2.499
    endloop
  endfacet
  facet normal 0 1 0
    outer loop
      vertex 19.7335 -12.536 2.499
      vertex 20.2665 -12.536 -1.5005
      vertex 19.7335 -12.536 -1.5005
    endloop
  endfacet
  facet normal -0.95102 0.309128 0
    outer loop
      vertex 22.3295 -11.0372 -1.5005
      vertex 22.4943 -10.5302 2.499
      vertex 22.4943 -10.5302 -1.5005
    endloop
  endfacet
  facet normal -0.95102 0.309128 0
    outer loop
      vertex 22.4943 -10.5302 2.499
      vertex 22.3295 -11.0372 -1.5005
      vertex 22.3295 -11.0372 2.499
    endloop
  endfacet
  facet normal 0.95102 0.309128 0
    outer loop
      vertex 17.6705 -11.0372 2.499
      vertex 17.5057 -10.5302 -1.5005
      vertex 17.5057 -10.5302 2.499
    endloop
  endfacet
  facet normal 0.95102 0.309128 0
    outer loop
      vertex 17.5057 -10.5302 -1.5005
      vertex 17.6705 -11.0372 2.499
      vertex 17.6705 -11.0372 -1.5005
    endloop
  endfacet
  facet normal -0.587837 0.808979 0
    outer loop
      vertex 21.7063 -11.895 -1.5005
      vertex 21.275 -12.2084 2.499
      vertex 21.7063 -11.895 2.499
    endloop
  endfacet
  facet normal -0.587837 0.808979 0
    outer loop
      vertex 21.275 -12.2084 2.499
      vertex 21.7063 -11.895 -1.5005
      vertex 21.275 -12.2084 -1.5005
    endloop
  endfacet
  facet normal 0.406727 -0.91355 0
    outer loop
      vertex 18.725 -7.79163 -1.5005
      vertex 19.212 -7.57481 2.499
      vertex 18.725 -7.79163 2.499
    endloop
  endfacet
  facet normal 0.406727 -0.91355 0
    outer loop
      vertex 19.212 -7.57481 2.499
      vertex 18.725 -7.79163 -1.5005
      vertex 19.212 -7.57481 -1.5005
    endloop
  endfacet
  facet normal -0.207897 -0.978151 0
    outer loop
      vertex 20.2665 -7.46397 -1.5005
      vertex 20.788 -7.57481 2.499
      vertex 20.2665 -7.46397 2.499
    endloop
  endfacet
  facet normal -0.207897 -0.978151 -0
    outer loop
      vertex 20.788 -7.57481 2.499
      vertex 20.2665 -7.46397 -1.5005
      vertex 20.788 -7.57481 -1.5005
    endloop
  endfacet
  facet normal -0.743157 -0.669117 0
    outer loop
      vertex 22.063 -8.50115 -1.5005
      vertex 21.7063 -8.10498 2.499
      vertex 21.7063 -8.10498 -1.5005
    endloop
  endfacet
  facet normal -0.743157 -0.669117 0
    outer loop
      vertex 21.7063 -8.10498 2.499
      vertex 22.063 -8.50115 -1.5005
      vertex 22.063 -8.50115 2.499
    endloop
  endfacet
  facet normal 0 0 1
    outer loop
      vertex 23.5334 -7.96 2.499
      vertex 22.55 -10 2.499
      vertex 23.5334 -12.04 2.499
    endloop
  endfacet
  facet normal 0 0 1
    outer loop
      vertex 23.5334 -7.96 2.499
      vertex 22.4943 -9.46982 2.499
      vertex 22.55 -10 2.499
    endloop
  endfacet
  facet normal 0 0 1
    outer loop
      vertex 23.5334 -7.96 2.499
      vertex 22.3295 -8.96282 2.499
      vertex 22.4943 -9.46982 2.499
    endloop
  endfacet
  facet normal 0 0 1
    outer loop
      vertex 23.5334 -7.96 2.499
      vertex 22.063 -8.50115 2.499
      vertex 22.3295 -8.96282 2.499
    endloop
  endfacet
  facet normal 0 0 1
    outer loop
      vertex 23.5334 -7.96 2.499
      vertex 21.7063 -8.10498 2.499
      vertex 22.063 -8.50115 2.499
    endloop
  endfacet
  facet normal 0 0 1
    outer loop
      vertex 23.5334 -7.96 2.499
      vertex 21.275 -7.79163 2.499
      vertex 21.7063 -8.10498 2.499
    endloop
  endfacet
  facet normal 0 0 1
    outer loop
      vertex 20 -5.92 2.499
      vertex 21.275 -7.79163 2.499
      vertex 23.5334 -7.96 2.499
    endloop
  endfacet
  facet normal 0 0 1
    outer loop
      vertex 21.275 -7.79163 2.499
      vertex 20 -5.92 2.499
      vertex 20.788 -7.57481 2.499
    endloop
  endfacet
  facet normal 0 0 1
    outer loop
      vertex 20.788 -7.57481 2.499
      vertex 20 -5.92 2.499
      vertex 20.2665 -7.46397 2.499
    endloop
  endfacet
  facet normal 0 0 1
    outer loop
      vertex 20 -5.92 2.499
      vertex 19.7335 -7.46397 2.499
      vertex 20.2665 -7.46397 2.499
    endloop
  endfacet
  facet normal 0 0 1
    outer loop
      vertex 20 -5.92 2.499
      vertex 19.212 -7.57481 2.499
      vertex 19.7335 -7.46397 2.499
    endloop
  endfacet
  facet normal 0 0 1
    outer loop
      vertex 20 -5.92 2.499
      vertex 18.725 -7.79163 2.499
      vertex 19.212 -7.57481 2.499
    endloop
  endfacet
  facet normal 0 0 1
    outer loop
      vertex 16.4666 -7.96 2.499
      vertex 18.725 -7.79163 2.499
      vertex 20 -5.92 2.499
    endloop
  endfacet
  facet normal 0 0 1
    outer loop
      vertex 18.725 -7.79163 2.499
      vertex 16.4666 -7.96 2.499
      vertex 18.2937 -8.10498 2.499
    endloop
  endfacet
  facet normal 0 0 1
    outer loop
      vertex 17.5057 -9.46982 2.499
      vertex 16.4666 -7.96 2.499
      vertex 17.45 -10 2.499
    endloop
  endfacet
  facet normal 0 0 1
    outer loop
      vertex 17.6705 -8.96282 2.499
      vertex 16.4666 -7.96 2.499
      vertex 17.5057 -9.46982 2.499
    endloop
  endfacet
  facet normal 0 0 1
    outer loop
      vertex 17.937 -8.50115 2.499
      vertex 16.4666 -7.96 2.499
      vertex 17.6705 -8.96282 2.499
    endloop
  endfacet
  facet normal 0 0 1
    outer loop
      vertex 18.2937 -8.10498 2.499
      vertex 16.4666 -7.96 2.499
      vertex 17.937 -8.50115 2.499
    endloop
  endfacet
  facet normal -0 0 1
    outer loop
      vertex 22.4943 -10.5302 2.499
      vertex 23.5334 -12.04 2.499
      vertex 22.55 -10 2.499
    endloop
  endfacet
  facet normal -0 0 1
    outer loop
      vertex 22.3295 -11.0372 2.499
      vertex 23.5334 -12.04 2.499
      vertex 22.4943 -10.5302 2.499
    endloop
  endfacet
  facet normal -0 0 1
    outer loop
      vertex 22.063 -11.4989 2.499
      vertex 23.5334 -12.04 2.499
      vertex 22.3295 -11.0372 2.499
    endloop
  endfacet
  facet normal -0 0 1
    outer loop
      vertex 21.7063 -11.895 2.499
      vertex 23.5334 -12.04 2.499
      vertex 22.063 -11.4989 2.499
    endloop
  endfacet
  facet normal 0 0 1
    outer loop
      vertex 21.275 -12.2084 2.499
      vertex 23.5334 -12.04 2.499
      vertex 21.7063 -11.895 2.499
    endloop
  endfacet
  facet normal 0 0 1
    outer loop
      vertex 20 -14.08 2.499
      vertex 21.275 -12.2084 2.499
      vertex 20.788 -12.4252 2.499
    endloop
  endfacet
  facet normal 0 0 1
    outer loop
      vertex 20 -14.08 2.499
      vertex 20.788 -12.4252 2.499
      vertex 20.2665 -12.536 2.499
    endloop
  endfacet
  facet normal -0 0 1
    outer loop
      vertex 21.275 -12.2084 2.499
      vertex 20 -14.08 2.499
      vertex 23.5334 -12.04 2.499
    endloop
  endfacet
  facet normal -0 0 1
    outer loop
      vertex 19.7335 -12.536 2.499
      vertex 20 -14.08 2.499
      vertex 20.2665 -12.536 2.499
    endloop
  endfacet
  facet normal 0 0 1
    outer loop
      vertex 19.212 -12.4252 2.499
      vertex 20 -14.08 2.499
      vertex 19.7335 -12.536 2.499
    endloop
  endfacet
  facet normal 0 0 1
    outer loop
      vertex 18.725 -12.2084 2.499
      vertex 20 -14.08 2.499
      vertex 19.212 -12.4252 2.499
    endloop
  endfacet
  facet normal -0 0 1
    outer loop
      vertex 16.4666 -12.04 2.499
      vertex 18.725 -12.2084 2.499
      vertex 18.2937 -11.895 2.499
    endloop
  endfacet
  facet normal 0 0 1
    outer loop
      vertex 16.4666 -12.04 2.499
      vertex 18.2937 -11.895 2.499
      vertex 17.937 -11.4989 2.499
    endloop
  endfacet
  facet normal 0 0 1
    outer loop
      vertex 16.4666 -12.04 2.499
      vertex 17.45 -10 2.499
      vertex 16.4666 -7.96 2.499
    endloop
  endfacet
  facet normal 0 0 1
    outer loop
      vertex 17.45 -10 2.499
      vertex 16.4666 -12.04 2.499
      vertex 17.5057 -10.5302 2.499
    endloop
  endfacet
  facet normal 0 0 1
    outer loop
      vertex 18.725 -12.2084 2.499
      vertex 16.4666 -12.04 2.499
      vertex 20 -14.08 2.499
    endloop
  endfacet
  facet normal 0 0 1
    outer loop
      vertex 17.6705 -11.0372 2.499
      vertex 16.4666 -12.04 2.499
      vertex 17.937 -11.4989 2.499
    endloop
  endfacet
  facet normal 0 0 1
    outer loop
      vertex 17.5057 -10.5302 2.499
      vertex 16.4666 -12.04 2.499
      vertex 17.6705 -11.0372 2.499
    endloop
  endfacet
  facet normal 0.743098 0.669182 0
    outer loop
      vertex 18.2937 -11.895 2.499
      vertex 17.937 -11.4989 -1.5005
      vertex 17.937 -11.4989 2.499
    endloop
  endfacet
  facet normal 0.743098 0.669182 0
    outer loop
      vertex 17.937 -11.4989 -1.5005
      vertex 18.2937 -11.895 2.499
      vertex 18.2937 -11.895 -1.5005
    endloop
  endfacet
  facet normal 0.866062 -0.499936 0
    outer loop
      vertex 17.6705 -8.96282 2.499
      vertex 17.937 -8.50115 -1.5005
      vertex 17.937 -8.50115 2.499
    endloop
  endfacet
  facet normal 0.866062 -0.499936 0
    outer loop
      vertex 17.937 -8.50115 -1.5005
      vertex 17.6705 -8.96282 2.499
      vertex 17.6705 -8.96282 -1.5005
    endloop
  endfacet
  facet normal 0.207825 0.978166 -0
    outer loop
      vertex 19.7335 -12.536 -1.5005
      vertex 19.212 -12.4252 2.499
      vertex 19.7335 -12.536 2.499
    endloop
  endfacet
  facet normal 0.207825 0.978166 0
    outer loop
      vertex 19.212 -12.4252 2.499
      vertex 19.7335 -12.536 -1.5005
      vertex 19.212 -12.4252 -1.5005
    endloop
  endfacet
  facet normal -0.743098 0.669182 0
    outer loop
      vertex 21.7063 -11.895 -1.5005
      vertex 22.063 -11.4989 2.499
      vertex 22.063 -11.4989 -1.5005
    endloop
  endfacet
  facet normal -0.743098 0.669182 0
    outer loop
      vertex 22.063 -11.4989 2.499
      vertex 21.7063 -11.895 -1.5005
      vertex 21.7063 -11.895 2.499
    endloop
  endfacet
  facet normal 0.95102 -0.309128 0
    outer loop
      vertex 17.5057 -9.46982 2.499
      vertex 17.6705 -8.96282 -1.5005
      vertex 17.6705 -8.96282 2.499
    endloop
  endfacet
  facet normal 0.95102 -0.309128 0
    outer loop
      vertex 17.6705 -8.96282 -1.5005
      vertex 17.5057 -9.46982 2.499
      vertex 17.5057 -9.46982 -1.5005
    endloop
  endfacet
  facet normal 0.406695 0.913564 -0
    outer loop
      vertex 19.212 -12.4252 -1.5005
      vertex 18.725 -12.2084 2.499
      vertex 19.212 -12.4252 2.499
    endloop
  endfacet
  facet normal 0.406695 0.913564 0
    outer loop
      vertex 18.725 -12.2084 2.499
      vertex 19.212 -12.4252 -1.5005
      vertex 18.725 -12.2084 -1.5005
    endloop
  endfacet
  facet normal 0.500948 -0.865477 0
    outer loop
      vertex 16.4666 12.04 2.499
      vertex 16.5053 12.0624 7.499
      vertex 16.4666 12.04 7.499
    endloop
  endfacet
  facet normal 0.499977 -0.866039 1.00316e-05
    outer loop
      vertex 16.5053 12.0624 7.499
      vertex 16.4666 12.04 2.499
      vertex 19.9613 14.0576 7.499
    endloop
  endfacet
  facet normal 0.499998 -0.866026 -9.81173e-06
    outer loop
      vertex 20 14.08 2.499
      vertex 19.9613 14.0576 7.499
      vertex 16.4666 12.04 2.499
    endloop
  endfacet
  facet normal 0.500948 -0.865477 0
    outer loop
      vertex 19.9613 14.0576 7.499
      vertex 20 14.08 2.499
      vertex 20 14.08 7.499
    endloop
  endfacet
  facet normal -0.500948 -0.865477 0
    outer loop
      vertex 20 14.08 2.499
      vertex 20.0387 14.0576 7.499
      vertex 20 14.08 7.499
    endloop
  endfacet
  facet normal -0.499977 -0.866039 -1.00316e-05
    outer loop
      vertex 20.0387 14.0576 7.499
      vertex 20 14.08 2.499
      vertex 23.4947 12.0624 7.499
    endloop
  endfacet
  facet normal -0.499998 -0.866026 9.81173e-06
    outer loop
      vertex 23.5334 12.04 2.499
      vertex 23.4947 12.0624 7.499
      vertex 20 14.08 2.499
    endloop
  endfacet
  facet normal -0.500948 -0.865477 0
    outer loop
      vertex 23.4947 12.0624 7.499
      vertex 23.5334 12.04 2.499
      vertex 23.5334 12.04 7.499
    endloop
  endfacet
  facet normal 1 -0 0
    outer loop
      vertex 16.4666 11.9953 7.499
      vertex 16.4666 12.04 2.499
      vertex 16.4666 12.04 7.499
    endloop
  endfacet
  facet normal 1 -0 0
    outer loop
      vertex 16.4666 8.0047 7.499
      vertex 16.4666 12.04 2.499
      vertex 16.4666 11.9953 7.499
    endloop
  endfacet
  facet normal 1 0 0
    outer loop
      vertex 16.4666 7.96 2.499
      vertex 16.4666 8.0047 7.499
      vertex 16.4666 7.96 7.499
    endloop
  endfacet
  facet normal 1 0 0
    outer loop
      vertex 16.4666 8.0047 7.499
      vertex 16.4666 7.96 2.499
      vertex 16.4666 12.04 2.499
    endloop
  endfacet
  facet normal 0 -0 -1
    outer loop
      vertex 20 14.08 7.499
      vertex 20.0387 14.0576 7.499
      vertex 19.9613 14.0576 7.499
    endloop
  endfacet
  facet normal -0 0 -1
    outer loop
      vertex 20.0387 5.94235 7.499
      vertex 20 5.92 7.499
      vertex 19.9613 5.94235 7.499
    endloop
  endfacet
  facet normal 0 0 -1
    outer loop
      vertex 16.4666 12.04 7.499
      vertex 16.5053 12.0624 7.499
      vertex 16.4666 11.9953 7.499
    endloop
  endfacet
  facet normal 0 0 -1
    outer loop
      vertex 16.4666 8.0047 7.499
      vertex 16.5053 7.93765 7.499
      vertex 16.4666 7.96 7.499
    endloop
  endfacet
  facet normal 0 -0 -1
    outer loop
      vertex 23.5334 8.0047 7.499
      vertex 23.5334 7.96 7.499
      vertex 23.4947 7.93765 7.499
    endloop
  endfacet
  facet normal -0 -0 -1
    outer loop
      vertex 23.5334 12.04 7.499
      vertex 23.5334 11.9953 7.499
      vertex 23.4947 12.0624 7.499
    endloop
  endfacet
  facet normal 0 0 1
    outer loop
      vertex 23.5334 11.9953 7.499
      vertex 24.08 10 7.499
      vertex 23.9908 10.8483 7.499
    endloop
  endfacet
  facet normal 0 0 1
    outer loop
      vertex 23.5334 11.9953 7.499
      vertex 23.9908 10.8483 7.499
      vertex 23.7273 11.6595 7.499
    endloop
  endfacet
  facet normal 0 0 1
    outer loop
      vertex 24.08 10 7.499
      vertex 23.5334 11.9953 7.499
      vertex 23.9908 9.15172 7.499
    endloop
  endfacet
  facet normal 0 0 1
    outer loop
      vertex 23.5334 8.0047 7.499
      vertex 23.9908 9.15172 7.499
      vertex 23.5334 11.9953 7.499
    endloop
  endfacet
  facet normal 0 0 1
    outer loop
      vertex 23.9908 9.15172 7.499
      vertex 23.5334 8.0047 7.499
      vertex 23.7273 8.34051 7.499
    endloop
  endfacet
  facet normal 0 0 1
    outer loop
      vertex 23.4947 7.93765 7.499
      vertex 22.7301 6.96797 7.499
      vertex 23.3008 7.60184 7.499
    endloop
  endfacet
  facet normal 0 0 1
    outer loop
      vertex 23.4947 7.93765 7.499
      vertex 22.04 6.46662 7.499
      vertex 22.7301 6.96797 7.499
    endloop
  endfacet
  facet normal 0 0 1
    outer loop
      vertex 23.4947 7.93765 7.499
      vertex 21.2608 6.11969 7.499
      vertex 22.04 6.46662 7.499
    endloop
  endfacet
  facet normal 0 0 1
    outer loop
      vertex 20.0387 5.94235 7.499
      vertex 21.2608 6.11969 7.499
      vertex 23.4947 7.93765 7.499
    endloop
  endfacet
  facet normal 0 0 1
    outer loop
      vertex 21.2608 6.11969 7.499
      vertex 20.0387 5.94235 7.499
      vertex 20.4265 5.94235 7.499
    endloop
  endfacet
  facet normal 0 0 1
    outer loop
      vertex 19.9613 5.94235 7.499
      vertex 18.7392 6.11969 7.499
      vertex 19.5735 5.94235 7.499
    endloop
  endfacet
  facet normal 0 0 1
    outer loop
      vertex 19.9613 5.94235 7.499
      vertex 17.96 6.46662 7.499
      vertex 18.7392 6.11969 7.499
    endloop
  endfacet
  facet normal 0 0 1
    outer loop
      vertex 19.9613 5.94235 7.499
      vertex 17.2699 6.96797 7.499
      vertex 17.96 6.46662 7.499
    endloop
  endfacet
  facet normal 0 0 1
    outer loop
      vertex 16.5053 7.93765 7.499
      vertex 17.2699 6.96797 7.499
      vertex 19.9613 5.94235 7.499
    endloop
  endfacet
  facet normal 0 0 1
    outer loop
      vertex 17.2699 6.96797 7.499
      vertex 16.5053 7.93765 7.499
      vertex 16.6992 7.60184 7.499
    endloop
  endfacet
  facet normal 0 0 1
    outer loop
      vertex 18.7392 13.8803 7.499
      vertex 19.9613 14.0576 7.499
      vertex 19.5735 14.0576 7.499
    endloop
  endfacet
  facet normal 0 0 1
    outer loop
      vertex 17.96 13.5334 7.499
      vertex 19.9613 14.0576 7.499
      vertex 18.7392 13.8803 7.499
    endloop
  endfacet
  facet normal 0 0 1
    outer loop
      vertex 17.2699 13.032 7.499
      vertex 19.9613 14.0576 7.499
      vertex 17.96 13.5334 7.499
    endloop
  endfacet
  facet normal 0 0 1
    outer loop
      vertex 16.5053 12.0624 7.499
      vertex 17.2699 13.032 7.499
      vertex 16.6992 12.3982 7.499
    endloop
  endfacet
  facet normal -0 0 1
    outer loop
      vertex 17.2699 13.032 7.499
      vertex 16.5053 12.0624 7.499
      vertex 19.9613 14.0576 7.499
    endloop
  endfacet
  facet normal 0 0 1
    outer loop
      vertex 22.7301 13.032 7.499
      vertex 23.4947 12.0624 7.499
      vertex 23.3008 12.3982 7.499
    endloop
  endfacet
  facet normal 0 0 1
    outer loop
      vertex 22.04 13.5334 7.499
      vertex 23.4947 12.0624 7.499
      vertex 22.7301 13.032 7.499
    endloop
  endfacet
  facet normal 0 0 1
    outer loop
      vertex 21.2608 13.8803 7.499
      vertex 23.4947 12.0624 7.499
      vertex 22.04 13.5334 7.499
    endloop
  endfacet
  facet normal -0 0 1
    outer loop
      vertex 20.0387 14.0576 7.499
      vertex 21.2608 13.8803 7.499
      vertex 20.4265 14.0576 7.499
    endloop
  endfacet
  facet normal 0 0 1
    outer loop
      vertex 21.2608 13.8803 7.499
      vertex 20.0387 14.0576 7.499
      vertex 23.4947 12.0624 7.499
    endloop
  endfacet
  facet normal 0 0 1
    outer loop
      vertex 16.25 11.5895 7.499
      vertex 16.4666 11.9953 7.499
      vertex 16.2727 11.6595 7.499
    endloop
  endfacet
  facet normal 0 0 1
    outer loop
      vertex 16.4666 11.9953 7.499
      vertex 16.25 11.5895 7.499
      vertex 16.4666 8.0047 7.499
    endloop
  endfacet
  facet normal -0 0 1
    outer loop
      vertex 16.25 8.41048 7.499
      vertex 16.4666 8.0047 7.499
      vertex 16.25 11.5895 7.499
    endloop
  endfacet
  facet normal 0 0 1
    outer loop
      vertex 16.4666 8.0047 7.499
      vertex 16.25 8.41048 7.499
      vertex 16.2727 8.34051 7.499
    endloop
  endfacet
  facet normal -0.50011 0.865962 0
    outer loop
      vertex 23.5334 7.96 2.499
      vertex 23.4947 7.93765 7.499
      vertex 23.5334 7.96 7.499
    endloop
  endfacet
  facet normal -0.499996 0.866028 1.17726e-06
    outer loop
      vertex 23.4947 7.93765 7.499
      vertex 23.5334 7.96 2.499
      vertex 20.0387 5.94235 7.499
    endloop
  endfacet
  facet normal -0.499998 0.866026 -1.15147e-06
    outer loop
      vertex 20 5.92 2.499
      vertex 20.0387 5.94235 7.499
      vertex 23.5334 7.96 2.499
    endloop
  endfacet
  facet normal -0.50011 0.865962 0
    outer loop
      vertex 20.0387 5.94235 7.499
      vertex 20 5.92 2.499
      vertex 20 5.92 7.499
    endloop
  endfacet
  facet normal -1 0 0
    outer loop
      vertex 23.5334 12.04 2.499
      vertex 23.5334 11.9953 7.499
      vertex 23.5334 12.04 7.499
    endloop
  endfacet
  facet normal -1 0 0
    outer loop
      vertex 23.5334 12.04 2.499
      vertex 23.5334 8.0047 7.499
      vertex 23.5334 11.9953 7.499
    endloop
  endfacet
  facet normal -1 0 0
    outer loop
      vertex 23.5334 7.96 2.499
      vertex 23.5334 8.0047 7.499
      vertex 23.5334 12.04 2.499
    endloop
  endfacet
  facet normal -1 -0 0
    outer loop
      vertex 23.5334 8.0047 7.499
      vertex 23.5334 7.96 2.499
      vertex 23.5334 7.96 7.499
    endloop
  endfacet
  facet normal 0.50011 0.865962 -0
    outer loop
      vertex 20 5.92 2.499
      vertex 19.9613 5.94235 7.499
      vertex 20 5.92 7.499
    endloop
  endfacet
  facet normal 0.499996 0.866028 -1.17726e-06
    outer loop
      vertex 19.9613 5.94235 7.499
      vertex 20 5.92 2.499
      vertex 16.5053 7.93765 7.499
    endloop
  endfacet
  facet normal 0.499998 0.866026 1.15147e-06
    outer loop
      vertex 16.4666 7.96 2.499
      vertex 16.5053 7.93765 7.499
      vertex 20 5.92 2.499
    endloop
  endfacet
  facet normal 0.50011 0.865962 0
    outer loop
      vertex 16.5053 7.93765 7.499
      vertex 16.4666 7.96 2.499
      vertex 16.4666 7.96 7.499
    endloop
  endfacet
  facet normal 0.50011 -0.865962 0
    outer loop
      vertex 16.4666 -7.96 2.499
      vertex 16.5053 -7.93765 7.499
      vertex 16.4666 -7.96 7.499
    endloop
  endfacet
  facet normal 0.499996 -0.866028 1.17726e-06
    outer loop
      vertex 16.5053 -7.93765 7.499
      vertex 16.4666 -7.96 2.499
      vertex 19.9613 -5.94235 7.499
    endloop
  endfacet
  facet normal 0.499998 -0.866026 -1.15147e-06
    outer loop
      vertex 20 -5.92 2.499
      vertex 19.9613 -5.94235 7.499
      vertex 16.4666 -7.96 2.499
    endloop
  endfacet
  facet normal 0.50011 -0.865962 0
    outer loop
      vertex 19.9613 -5.94235 7.499
      vertex 20 -5.92 2.499
      vertex 20 -5.92 7.499
    endloop
  endfacet
  facet normal -0.50011 -0.865962 0
    outer loop
      vertex 20 -5.92 2.499
      vertex 20.0387 -5.94235 7.499
      vertex 20 -5.92 7.499
    endloop
  endfacet
  facet normal -0.499996 -0.866028 -1.17726e-06
    outer loop
      vertex 20.0387 -5.94235 7.499
      vertex 20 -5.92 2.499
      vertex 23.4947 -7.93765 7.499
    endloop
  endfacet
  facet normal -0.499998 -0.866026 1.15147e-06
    outer loop
      vertex 23.5334 -7.96 2.499
      vertex 23.4947 -7.93765 7.499
      vertex 20 -5.92 2.499
    endloop
  endfacet
  facet normal -0.50011 -0.865962 0
    outer loop
      vertex 23.4947 -7.93765 7.499
      vertex 23.5334 -7.96 2.499
      vertex 23.5334 -7.96 7.499
    endloop
  endfacet
  facet normal 1 -0 0
    outer loop
      vertex 16.4666 -8.0047 7.499
      vertex 16.4666 -7.96 2.499
      vertex 16.4666 -7.96 7.499
    endloop
  endfacet
  facet normal 1 -0 0
    outer loop
      vertex 16.4666 -11.9953 7.499
      vertex 16.4666 -7.96 2.499
      vertex 16.4666 -8.0047 7.499
    endloop
  endfacet
  facet normal 1 0 0
    outer loop
      vertex 16.4666 -12.04 2.499
      vertex 16.4666 -11.9953 7.499
      vertex 16.4666 -12.04 7.499
    endloop
  endfacet
  facet normal 1 0 0
    outer loop
      vertex 16.4666 -11.9953 7.499
      vertex 16.4666 -12.04 2.499
      vertex 16.4666 -7.96 2.499
    endloop
  endfacet
  facet normal 0 -0 -1
    outer loop
      vertex 20 -5.92 7.499
      vertex 20.0387 -5.94235 7.499
      vertex 19.9613 -5.94235 7.499
    endloop
  endfacet
  facet normal -0 0 -1
    outer loop
      vertex 20.0387 -14.0576 7.499
      vertex 20 -14.08 7.499
      vertex 19.9613 -14.0576 7.499
    endloop
  endfacet
  facet normal 0 0 -1
    outer loop
      vertex 16.4666 -7.96 7.499
      vertex 16.5053 -7.93765 7.499
      vertex 16.4666 -8.0047 7.499
    endloop
  endfacet
  facet normal 0 0 -1
    outer loop
      vertex 16.4666 -11.9953 7.499
      vertex 16.5053 -12.0624 7.499
      vertex 16.4666 -12.04 7.499
    endloop
  endfacet
  facet normal 0 -0 -1
    outer loop
      vertex 23.5334 -11.9953 7.499
      vertex 23.5334 -12.04 7.499
      vertex 23.4947 -12.0624 7.499
    endloop
  endfacet
  facet normal -0 -0 -1
    outer loop
      vertex 23.5334 -7.96 7.499
      vertex 23.5334 -8.0047 7.499
      vertex 23.4947 -7.93765 7.499
    endloop
  endfacet
  facet normal 0 0 1
    outer loop
      vertex 23.5334 -8.0047 7.499
      vertex 24.08 -10 7.499
      vertex 23.9908 -9.15172 7.499
    endloop
  endfacet
  facet normal 0 0 1
    outer loop
      vertex 23.5334 -8.0047 7.499
      vertex 23.9908 -9.15172 7.499
      vertex 23.7273 -8.34051 7.499
    endloop
  endfacet
  facet normal 0 0 1
    outer loop
      vertex 24.08 -10 7.499
      vertex 23.5334 -8.0047 7.499
      vertex 23.9908 -10.8483 7.499
    endloop
  endfacet
  facet normal 0 0 1
    outer loop
      vertex 23.5334 -11.9953 7.499
      vertex 23.9908 -10.8483 7.499
      vertex 23.5334 -8.0047 7.499
    endloop
  endfacet
  facet normal 0 0 1
    outer loop
      vertex 23.9908 -10.8483 7.499
      vertex 23.5334 -11.9953 7.499
      vertex 23.7273 -11.6595 7.499
    endloop
  endfacet
  facet normal 0 0 1
    outer loop
      vertex 18.7392 -6.11969 7.499
      vertex 19.9613 -5.94235 7.499
      vertex 19.5735 -5.94235 7.499
    endloop
  endfacet
  facet normal 0 0 1
    outer loop
      vertex 17.96 -6.46662 7.499
      vertex 19.9613 -5.94235 7.499
      vertex 18.7392 -6.11969 7.499
    endloop
  endfacet
  facet normal 0 0 1
    outer loop
      vertex 17.2699 -6.96797 7.499
      vertex 19.9613 -5.94235 7.499
      vertex 17.96 -6.46662 7.499
    endloop
  endfacet
  facet normal 0 0 1
    outer loop
      vertex 16.5053 -7.93765 7.499
      vertex 17.2699 -6.96797 7.499
      vertex 16.6992 -7.60184 7.499
    endloop
  endfacet
  facet normal -0 0 1
    outer loop
      vertex 17.2699 -6.96797 7.499
      vertex 16.5053 -7.93765 7.499
      vertex 19.9613 -5.94235 7.499
    endloop
  endfacet
  facet normal 0 0 1
    outer loop
      vertex 22.7301 -6.96797 7.499
      vertex 23.4947 -7.93765 7.499
      vertex 23.3008 -7.60184 7.499
    endloop
  endfacet
  facet normal 0 0 1
    outer loop
      vertex 22.04 -6.46662 7.499
      vertex 23.4947 -7.93765 7.499
      vertex 22.7301 -6.96797 7.499
    endloop
  endfacet
  facet normal 0 0 1
    outer loop
      vertex 21.2608 -6.11969 7.499
      vertex 23.4947 -7.93765 7.499
      vertex 22.04 -6.46662 7.499
    endloop
  endfacet
  facet normal -0 0 1
    outer loop
      vertex 20.0387 -5.94235 7.499
      vertex 21.2608 -6.11969 7.499
      vertex 20.4265 -5.94235 7.499
    endloop
  endfacet
  facet normal 0 0 1
    outer loop
      vertex 21.2608 -6.11969 7.499
      vertex 20.0387 -5.94235 7.499
      vertex 23.4947 -7.93765 7.499
    endloop
  endfacet
  facet normal 0 0 1
    outer loop
      vertex 16.0092 -9.15172 7.499
      vertex 16.4666 -8.0047 7.499
      vertex 16.2727 -8.34051 7.499
    endloop
  endfacet
  facet normal 0 0 1
    outer loop
      vertex 16.4666 -8.0047 7.499
      vertex 16.0092 -9.15172 7.499
      vertex 16.4666 -11.9953 7.499
    endloop
  endfacet
  facet normal -0 0 1
    outer loop
      vertex 15.92 -10 7.499
      vertex 16.4666 -11.9953 7.499
      vertex 16.0092 -9.15172 7.499
    endloop
  endfacet
  facet normal 0 0 1
    outer loop
      vertex 16.4666 -11.9953 7.499
      vertex 16.0092 -10.8483 7.499
      vertex 16.2727 -11.6595 7.499
    endloop
  endfacet
  facet normal 0 0 1
    outer loop
      vertex 16.4666 -11.9953 7.499
      vertex 15.92 -10 7.499
      vertex 16.0092 -10.8483 7.499
    endloop
  endfacet
  facet normal 0 0 1
    outer loop
      vertex 23.4947 -12.0624 7.499
      vertex 22.7301 -13.032 7.499
      vertex 23.3008 -12.3982 7.499
    endloop
  endfacet
  facet normal 0 0 1
    outer loop
      vertex 23.4947 -12.0624 7.499
      vertex 22.04 -13.5334 7.499
      vertex 22.7301 -13.032 7.499
    endloop
  endfacet
  facet normal 0 0 1
    outer loop
      vertex 23.4947 -12.0624 7.499
      vertex 21.2608 -13.8803 7.499
      vertex 22.04 -13.5334 7.499
    endloop
  endfacet
  facet normal 0 0 1
    outer loop
      vertex 20.0387 -14.0576 7.499
      vertex 21.2608 -13.8803 7.499
      vertex 23.4947 -12.0624 7.499
    endloop
  endfacet
  facet normal 0 0 1
    outer loop
      vertex 21.2608 -13.8803 7.499
      vertex 20.0387 -14.0576 7.499
      vertex 20.4265 -14.0576 7.499
    endloop
  endfacet
  facet normal 0 0 1
    outer loop
      vertex 19.9613 -14.0576 7.499
      vertex 18.7392 -13.8803 7.499
      vertex 19.5735 -14.0576 7.499
    endloop
  endfacet
  facet normal 0 0 1
    outer loop
      vertex 19.9613 -14.0576 7.499
      vertex 17.96 -13.5334 7.499
      vertex 18.7392 -13.8803 7.499
    endloop
  endfacet
  facet normal 0 0 1
    outer loop
      vertex 19.9613 -14.0576 7.499
      vertex 17.2699 -13.032 7.499
      vertex 17.96 -13.5334 7.499
    endloop
  endfacet
  facet normal 0 0 1
    outer loop
      vertex 16.5053 -12.0624 7.499
      vertex 17.2699 -13.032 7.499
      vertex 19.9613 -14.0576 7.499
    endloop
  endfacet
  facet normal 0 0 1
    outer loop
      vertex 17.2699 -13.032 7.499
      vertex 16.5053 -12.0624 7.499
      vertex 16.6992 -12.3982 7.499
    endloop
  endfacet
  facet normal -0.500948 0.865477 0
    outer loop
      vertex 23.5334 -12.04 2.499
      vertex 23.4947 -12.0624 7.499
      vertex 23.5334 -12.04 7.499
    endloop
  endfacet
  facet normal -0.499977 0.866039 1.00316e-05
    outer loop
      vertex 23.4947 -12.0624 7.499
      vertex 23.5334 -12.04 2.499
      vertex 20.0387 -14.0576 7.499
    endloop
  endfacet
  facet normal -0.499998 0.866026 -9.81173e-06
    outer loop
      vertex 20 -14.08 2.499
      vertex 20.0387 -14.0576 7.499
      vertex 23.5334 -12.04 2.499
    endloop
  endfacet
  facet normal -0.500948 0.865477 0
    outer loop
      vertex 20.0387 -14.0576 7.499
      vertex 20 -14.08 2.499
      vertex 20 -14.08 7.499
    endloop
  endfacet
  facet normal -1 0 0
    outer loop
      vertex 23.5334 -7.96 2.499
      vertex 23.5334 -8.0047 7.499
      vertex 23.5334 -7.96 7.499
    endloop
  endfacet
  facet normal -1 0 0
    outer loop
      vertex 23.5334 -7.96 2.499
      vertex 23.5334 -11.9953 7.499
      vertex 23.5334 -8.0047 7.499
    endloop
  endfacet
  facet normal -1 0 0
    outer loop
      vertex 23.5334 -12.04 2.499
      vertex 23.5334 -11.9953 7.499
      vertex 23.5334 -7.96 2.499
    endloop
  endfacet
  facet normal -1 -0 0
    outer loop
      vertex 23.5334 -11.9953 7.499
      vertex 23.5334 -12.04 2.499
      vertex 23.5334 -12.04 7.499
    endloop
  endfacet
  facet normal 0.500948 0.865477 -0
    outer loop
      vertex 20 -14.08 2.499
      vertex 19.9613 -14.0576 7.499
      vertex 20 -14.08 7.499
    endloop
  endfacet
  facet normal 0.499977 0.866039 -1.00316e-05
    outer loop
      vertex 19.9613 -14.0576 7.499
      vertex 20 -14.08 2.499
      vertex 16.5053 -12.0624 7.499
    endloop
  endfacet
  facet normal 0.499998 0.866026 9.81173e-06
    outer loop
      vertex 16.4666 -12.04 2.499
      vertex 16.5053 -12.0624 7.499
      vertex 20 -14.08 2.499
    endloop
  endfacet
  facet normal 0.500948 0.865477 0
    outer loop
      vertex 16.5053 -12.0624 7.499
      vertex 16.4666 -12.04 2.499
      vertex 16.4666 -12.04 7.499
    endloop
  endfacet
  facet normal -0.994517 -0.104575 0
    outer loop
      vertex 24.08 10 7.499
      vertex 23.9908 10.8483 7.5
      vertex 23.9908 10.8483 7.499
    endloop
  endfacet
  facet normal -0.989647 -0.103946 -0.0989647
    outer loop
      vertex 23.9908 10.8483 7.5
      vertex 24.08 10 7.499
      vertex 24.0799 10 7.5
    endloop
  endfacet
  facet normal -0.406321 0.912591 -0.0456295
    outer loop
      vertex 21.2608 6.11969 7.499
      vertex 22.04 6.46667 7.5
      vertex 22.04 6.46662 7.499
    endloop
  endfacet
  facet normal -0.406125 0.912177 -0.0547306
    outer loop
      vertex 22.04 6.46667 7.5
      vertex 21.2608 6.11969 7.499
      vertex 21.2608 6.11975 7.5
    endloop
  endfacet
  facet normal 0 -1 0
    outer loop
      vertex 19.9613 14.0576 7.499
      vertex 19.5735 14.0576 7.5
      vertex 19.5735 14.0576 7.499
    endloop
  endfacet
  facet normal 0 -1 0
    outer loop
      vertex 19.5735 14.0576 7.5
      vertex 19.9613 14.0576 7.499
      vertex 20.4265 14.0576 7.5
    endloop
  endfacet
  facet normal 0 -1 0
    outer loop
      vertex 20.0387 14.0576 7.499
      vertex 20.4265 14.0576 7.5
      vertex 19.9613 14.0576 7.499
    endloop
  endfacet
  facet normal 0 -1 -0
    outer loop
      vertex 20.4265 14.0576 7.5
      vertex 20.0387 14.0576 7.499
      vertex 20.4265 14.0576 7.499
    endloop
  endfacet
  facet normal -0.58586 -0.80639 -0.080639
    outer loop
      vertex 22.04 13.5334 7.499
      vertex 22.73 13.032 7.5
      vertex 22.04 13.5333 7.5
    endloop
  endfacet
  facet normal -0.586782 -0.807616 -0.0586782
    outer loop
      vertex 22.73 13.032 7.5
      vertex 22.04 13.5334 7.499
      vertex 22.7301 13.032 7.499
    endloop
  endfacet
  facet normal 0.946959 -0.307085 -0.0946959
    outer loop
      vertex 16.2728 11.6595 7.5
      vertex 16.25 11.5895 7.499
      vertex 16.2727 11.6595 7.499
    endloop
  endfacet
  facet normal 0.949284 -0.308314 -0.0616629
    outer loop
      vertex 16.25 11.5895 7.499
      vertex 16.2728 11.6595 7.5
      vertex 16.25 11.5893 7.5
    endloop
  endfacet
  facet normal 0.587332 0.808336 -0.0404168
    outer loop
      vertex 17.96 6.46662 7.499
      vertex 17.27 6.96802 7.5
      vertex 17.96 6.46667 7.5
    endloop
  endfacet
  facet normal 0.584884 0.805084 -0.0987426
    outer loop
      vertex 17.27 6.96802 7.5
      vertex 17.96 6.46662 7.499
      vertex 17.2699 6.96797 7.499
    endloop
  endfacet
  facet normal -0.207984 -0.978132 0
    outer loop
      vertex 20.4265 14.0576 7.499
      vertex 21.2608 13.8802 7.5
      vertex 20.4265 14.0576 7.5
    endloop
  endfacet
  facet normal -0.206884 -0.97351 -0.097351
    outer loop
      vertex 21.2608 13.8802 7.5
      vertex 20.4265 14.0576 7.499
      vertex 21.2608 13.8803 7.499
    endloop
  endfacet
  facet normal -0.861568 0.497478 -0.101081
    outer loop
      vertex 23.5334 8.0047 7.499
      vertex 23.7272 8.34054 7.5
      vertex 23.7273 8.34051 7.499
    endloop
  endfacet
  facet normal -0.865556 0.499582 -0.0350869
    outer loop
      vertex 23.4947 7.93765 7.499
      vertex 23.7272 8.34054 7.5
      vertex 23.5334 8.0047 7.499
    endloop
  endfacet
  facet normal -0.860782 0.497013 -0.109698
    outer loop
      vertex 23.4947 7.93765 7.499
      vertex 23.3007 7.60188 7.5
      vertex 23.7272 8.34054 7.5
    endloop
  endfacet
  facet normal -0.861124 0.497221 -0.106001
    outer loop
      vertex 23.3007 7.60188 7.5
      vertex 23.4947 7.93765 7.499
      vertex 23.3008 7.60184 7.499
    endloop
  endfacet
  facet normal -0.584884 0.805084 -0.0987426
    outer loop
      vertex 22.04 6.46662 7.499
      vertex 22.73 6.96802 7.5
      vertex 22.7301 6.96797 7.499
    endloop
  endfacet
  facet normal -0.587332 0.808336 -0.0404168
    outer loop
      vertex 22.73 6.96802 7.5
      vertex 22.04 6.46662 7.499
      vertex 22.04 6.46667 7.5
    endloop
  endfacet
  facet normal 0.405028 -0.909767 -0.0909767
    outer loop
      vertex 18.7392 13.8803 7.499
      vertex 17.96 13.5333 7.5
      vertex 17.96 13.5334 7.499
    endloop
  endfacet
  facet normal 0.405028 -0.909767 -0.0909767
    outer loop
      vertex 17.96 13.5333 7.5
      vertex 18.7392 13.8803 7.499
      vertex 18.7392 13.8802 7.5
    endloop
  endfacet
  facet normal 0.858028 -0.495448 -0.135348
    outer loop
      vertex 16.6993 12.3981 7.5
      vertex 16.5053 12.0624 7.499
      vertex 16.6992 12.3982 7.499
    endloop
  endfacet
  facet normal 0.821829 -0.473991 -0.316116
    outer loop
      vertex 16.6993 12.3981 7.5
      vertex 16.4666 11.9953 7.499
      vertex 16.5053 12.0624 7.499
    endloop
  endfacet
  facet normal 0.86239 -0.497982 -0.0910962
    outer loop
      vertex 16.2728 11.6595 7.5
      vertex 16.4666 11.9953 7.499
      vertex 16.6993 12.3981 7.5
    endloop
  endfacet
  facet normal 0.862767 -0.498185 -0.0862767
    outer loop
      vertex 16.4666 11.9953 7.499
      vertex 16.2728 11.6595 7.5
      vertex 16.2727 11.6595 7.499
    endloop
  endfacet
  facet normal -0.739395 0.665719 -0.100568
    outer loop
      vertex 23.3008 7.60184 7.499
      vertex 22.73 6.96802 7.5
      vertex 23.3007 7.60188 7.5
    endloop
  endfacet
  facet normal -0.738889 0.665253 -0.107152
    outer loop
      vertex 22.73 6.96802 7.5
      vertex 23.3008 7.60184 7.499
      vertex 22.7301 6.96797 7.499
    endloop
  endfacet
  facet normal -0.951042 0.309046 -0.00309046
    outer loop
      vertex 23.9908 9.15172 7.499
      vertex 23.7272 8.34054 7.5
      vertex 23.9908 9.15173 7.5
    endloop
  endfacet
  facet normal -0.945945 0.307265 -0.103812
    outer loop
      vertex 23.7272 8.34054 7.5
      vertex 23.9908 9.15172 7.499
      vertex 23.7273 8.34051 7.499
    endloop
  endfacet
  facet normal 0.406125 0.912177 -0.0547306
    outer loop
      vertex 18.7392 6.11969 7.499
      vertex 17.96 6.46667 7.5
      vertex 18.7392 6.11975 7.5
    endloop
  endfacet
  facet normal 0.406321 0.912591 -0.0456295
    outer loop
      vertex 17.96 6.46667 7.5
      vertex 18.7392 6.11969 7.499
      vertex 17.96 6.46662 7.499
    endloop
  endfacet
  facet normal -0.405028 -0.909767 -0.0909767
    outer loop
      vertex 21.2608 13.8803 7.499
      vertex 22.04 13.5333 7.5
      vertex 21.2608 13.8802 7.5
    endloop
  endfacet
  facet normal -0.405028 -0.909767 -0.0909767
    outer loop
      vertex 22.04 13.5333 7.5
      vertex 21.2608 13.8803 7.499
      vertex 22.04 13.5334 7.499
    endloop
  endfacet
  facet normal 0.206884 -0.97351 -0.097351
    outer loop
      vertex 19.5735 14.0576 7.499
      vertex 18.7392 13.8802 7.5
      vertex 18.7392 13.8803 7.499
    endloop
  endfacet
  facet normal 0.207984 -0.978132 0
    outer loop
      vertex 18.7392 13.8802 7.5
      vertex 19.5735 14.0576 7.499
      vertex 19.5735 14.0576 7.5
    endloop
  endfacet
  facet normal 0.861568 0.497478 -0.101081
    outer loop
      vertex 16.2728 8.34054 7.5
      vertex 16.4666 8.0047 7.499
      vertex 16.2727 8.34051 7.499
    endloop
  endfacet
  facet normal 0.865556 0.499582 -0.0350869
    outer loop
      vertex 16.2728 8.34054 7.5
      vertex 16.5053 7.93765 7.499
      vertex 16.4666 8.0047 7.499
    endloop
  endfacet
  facet normal 0.860782 0.497013 -0.109698
    outer loop
      vertex 16.6993 7.60188 7.5
      vertex 16.5053 7.93765 7.499
      vertex 16.2728 8.34054 7.5
    endloop
  endfacet
  facet normal 0.861124 0.497221 -0.106001
    outer loop
      vertex 16.5053 7.93765 7.499
      vertex 16.6993 7.60188 7.5
      vertex 16.6992 7.60184 7.499
    endloop
  endfacet
  facet normal 0.741087 -0.667306 -0.0741087
    outer loop
      vertex 17.27 13.032 7.5
      vertex 16.6992 12.3982 7.499
      vertex 17.2699 13.032 7.499
    endloop
  endfacet
  facet normal 0.735881 -0.662513 -0.139839
    outer loop
      vertex 16.6992 12.3982 7.499
      vertex 17.27 13.032 7.5
      vertex 16.6993 12.3981 7.5
    endloop
  endfacet
  facet normal 0.586782 -0.807616 -0.0586782
    outer loop
      vertex 17.96 13.5334 7.499
      vertex 17.27 13.032 7.5
      vertex 17.2699 13.032 7.499
    endloop
  endfacet
  facet normal 0.58586 -0.80639 -0.080639
    outer loop
      vertex 17.27 13.032 7.5
      vertex 17.96 13.5334 7.499
      vertex 17.96 13.5333 7.5
    endloop
  endfacet
  facet normal 0.948851 0.30835 -0.0678369
    outer loop
      vertex 16.2728 8.34054 7.5
      vertex 16.25 8.41048 7.499
      vertex 16.25 8.4107 7.5
    endloop
  endfacet
  facet normal 0.946055 0.306924 -0.103813
    outer loop
      vertex 16.25 8.41048 7.499
      vertex 16.2728 8.34054 7.5
      vertex 16.2727 8.34051 7.499
    endloop
  endfacet
  facet normal 0 0.997559 -0.0698291
    outer loop
      vertex 20.0387 5.94235 7.499
      vertex 20.4265 5.94242 7.5
      vertex 20.4265 5.94235 7.499
    endloop
  endfacet
  facet normal 0 0.997559 -0.0698291
    outer loop
      vertex 20.4265 5.94242 7.5
      vertex 20.0387 5.94235 7.499
      vertex 19.5735 5.94242 7.5
    endloop
  endfacet
  facet normal 0 0.997559 -0.0698291
    outer loop
      vertex 19.9613 5.94235 7.499
      vertex 19.5735 5.94242 7.5
      vertex 20.0387 5.94235 7.499
    endloop
  endfacet
  facet normal 0 0.997559 -0.0698291
    outer loop
      vertex 19.5735 5.94242 7.5
      vertex 19.9613 5.94235 7.499
      vertex 19.5735 5.94235 7.499
    endloop
  endfacet
  facet normal -0.207559 0.976466 -0.058588
    outer loop
      vertex 20.4265 5.94235 7.499
      vertex 21.2608 6.11975 7.5
      vertex 21.2608 6.11969 7.499
    endloop
  endfacet
  facet normal -0.207419 0.975864 -0.0683105
    outer loop
      vertex 21.2608 6.11975 7.5
      vertex 20.4265 5.94235 7.499
      vertex 20.4265 5.94242 7.5
    endloop
  endfacet
  facet normal 0.739395 0.665719 -0.100568
    outer loop
      vertex 17.27 6.96802 7.5
      vertex 16.6992 7.60184 7.499
      vertex 16.6993 7.60188 7.5
    endloop
  endfacet
  facet normal 0.738889 0.665253 -0.107152
    outer loop
      vertex 16.6992 7.60184 7.499
      vertex 17.27 6.96802 7.5
      vertex 17.2699 6.96797 7.499
    endloop
  endfacet
  facet normal -0.741087 -0.667306 -0.0741087
    outer loop
      vertex 23.3008 12.3982 7.499
      vertex 22.73 13.032 7.5
      vertex 22.7301 13.032 7.499
    endloop
  endfacet
  facet normal -0.735881 -0.662513 -0.139839
    outer loop
      vertex 22.73 13.032 7.5
      vertex 23.3008 12.3982 7.499
      vertex 23.3007 12.3981 7.5
    endloop
  endfacet
  facet normal -0.989647 0.10395 -0.0989647
    outer loop
      vertex 24.08 10 7.499
      vertex 23.9908 9.15173 7.5
      vertex 24.0799 10 7.5
    endloop
  endfacet
  facet normal -0.994516 0.104577 -0.00104577
    outer loop
      vertex 23.9908 9.15173 7.5
      vertex 24.08 10 7.499
      vertex 23.9908 9.15172 7.499
    endloop
  endfacet
  facet normal -0.858028 -0.495448 -0.135348
    outer loop
      vertex 23.4947 12.0624 7.499
      vertex 23.3007 12.3981 7.5
      vertex 23.3008 12.3982 7.499
    endloop
  endfacet
  facet normal -0.821829 -0.473991 -0.316116
    outer loop
      vertex 23.5334 11.9953 7.499
      vertex 23.3007 12.3981 7.5
      vertex 23.4947 12.0624 7.499
    endloop
  endfacet
  facet normal -0.862767 -0.498185 -0.0862767
    outer loop
      vertex 23.7272 11.6595 7.5
      vertex 23.5334 11.9953 7.499
      vertex 23.7273 11.6595 7.499
    endloop
  endfacet
  facet normal -0.86239 -0.497982 -0.0910962
    outer loop
      vertex 23.5334 11.9953 7.499
      vertex 23.7272 11.6595 7.5
      vertex 23.3007 12.3981 7.5
    endloop
  endfacet
  facet normal -0.94681 -0.30755 -0.094681
    outer loop
      vertex 23.9908 10.8483 7.499
      vertex 23.7272 11.6595 7.5
      vertex 23.7273 11.6595 7.499
    endloop
  endfacet
  facet normal -0.951048 -0.309044 0
    outer loop
      vertex 23.7272 11.6595 7.5
      vertex 23.9908 10.8483 7.499
      vertex 23.9908 10.8483 7.5
    endloop
  endfacet
  facet normal 0.207419 0.975864 -0.0683105
    outer loop
      vertex 19.5735 5.94235 7.499
      vertex 18.7392 6.11975 7.5
      vertex 19.5735 5.94242 7.5
    endloop
  endfacet
  facet normal 0.207559 0.976466 -0.058588
    outer loop
      vertex 18.7392 6.11975 7.5
      vertex 19.5735 5.94235 7.499
      vertex 18.7392 6.11969 7.499
    endloop
  endfacet
  facet normal -0.994516 -0.104577 -0.00104577
    outer loop
      vertex 24.08 -10 7.499
      vertex 23.9908 -9.15173 7.5
      vertex 23.9908 -9.15172 7.499
    endloop
  endfacet
  facet normal -0.989647 -0.10395 -0.0989647
    outer loop
      vertex 23.9908 -9.15173 7.5
      vertex 24.08 -10 7.499
      vertex 24.0799 -10 7.5
    endloop
  endfacet
  facet normal 0.406321 -0.912591 -0.0456295
    outer loop
      vertex 18.7392 -6.11969 7.499
      vertex 17.96 -6.46667 7.5
      vertex 17.96 -6.46662 7.499
    endloop
  endfacet
  facet normal 0.406125 -0.912177 -0.0547306
    outer loop
      vertex 17.96 -6.46667 7.5
      vertex 18.7392 -6.11969 7.499
      vertex 18.7392 -6.11975 7.5
    endloop
  endfacet
  facet normal -0.587332 -0.808336 -0.0404168
    outer loop
      vertex 22.04 -6.46662 7.499
      vertex 22.73 -6.96802 7.5
      vertex 22.04 -6.46667 7.5
    endloop
  endfacet
  facet normal -0.584884 -0.805084 -0.0987426
    outer loop
      vertex 22.73 -6.96802 7.5
      vertex 22.04 -6.46662 7.499
      vertex 22.7301 -6.96797 7.499
    endloop
  endfacet
  facet normal 0.861124 -0.497221 -0.106001
    outer loop
      vertex 16.6993 -7.60188 7.5
      vertex 16.5053 -7.93765 7.499
      vertex 16.6992 -7.60184 7.499
    endloop
  endfacet
  facet normal 0.853398 -0.492565 -0.170565
    outer loop
      vertex 16.6993 -7.60188 7.5
      vertex 16.4666 -8.0047 7.499
      vertex 16.5053 -7.93765 7.499
    endloop
  endfacet
  facet normal 0.861892 -0.497654 -0.0973745
    outer loop
      vertex 16.2728 -8.34054 7.5
      vertex 16.4666 -8.0047 7.499
      vertex 16.6993 -7.60188 7.5
    endloop
  endfacet
  facet normal 0.861568 -0.497478 -0.101081
    outer loop
      vertex 16.4666 -8.0047 7.499
      vertex 16.2728 -8.34054 7.5
      vertex 16.2727 -8.34051 7.499
    endloop
  endfacet
  facet normal -0 -0.997559 -0.0698291
    outer loop
      vertex 19.9613 -5.94235 7.499
      vertex 19.5735 -5.94242 7.5
      vertex 19.5735 -5.94235 7.499
    endloop
  endfacet
  facet normal 0 -0.997559 -0.0698291
    outer loop
      vertex 19.5735 -5.94242 7.5
      vertex 19.9613 -5.94235 7.499
      vertex 20.4265 -5.94242 7.5
    endloop
  endfacet
  facet normal -0 -0.997559 -0.0698291
    outer loop
      vertex 20.0387 -5.94235 7.499
      vertex 20.4265 -5.94242 7.5
      vertex 19.9613 -5.94235 7.499
    endloop
  endfacet
  facet normal 0 -0.997559 -0.0698291
    outer loop
      vertex 20.4265 -5.94242 7.5
      vertex 20.0387 -5.94235 7.499
      vertex 20.4265 -5.94235 7.499
    endloop
  endfacet
  facet normal 0.989647 -0.10395 -0.0989647
    outer loop
      vertex 15.92 -10 7.499
      vertex 16.0092 -9.15173 7.5
      vertex 15.9201 -10 7.5
    endloop
  endfacet
  facet normal 0.994516 -0.104577 -0.00104577
    outer loop
      vertex 16.0092 -9.15173 7.5
      vertex 15.92 -10 7.499
      vertex 16.0092 -9.15172 7.499
    endloop
  endfacet
  facet normal -0.405028 0.909767 -0.0909767
    outer loop
      vertex 21.2608 -13.8803 7.499
      vertex 22.04 -13.5333 7.5
      vertex 22.04 -13.5334 7.499
    endloop
  endfacet
  facet normal -0.405028 0.909767 -0.0909767
    outer loop
      vertex 22.04 -13.5333 7.5
      vertex 21.2608 -13.8803 7.499
      vertex 21.2608 -13.8802 7.5
    endloop
  endfacet
  facet normal 0.738889 -0.665253 -0.107152
    outer loop
      vertex 17.27 -6.96802 7.5
      vertex 16.6992 -7.60184 7.499
      vertex 17.2699 -6.96797 7.499
    endloop
  endfacet
  facet normal 0.739395 -0.665719 -0.100568
    outer loop
      vertex 16.6992 -7.60184 7.499
      vertex 17.27 -6.96802 7.5
      vertex 16.6993 -7.60188 7.5
    endloop
  endfacet
  facet normal 0.584884 -0.805084 -0.0987426
    outer loop
      vertex 17.96 -6.46662 7.499
      vertex 17.27 -6.96802 7.5
      vertex 17.2699 -6.96797 7.499
    endloop
  endfacet
  facet normal 0.587332 -0.808336 -0.0404168
    outer loop
      vertex 17.27 -6.96802 7.5
      vertex 17.96 -6.46662 7.499
      vertex 17.96 -6.46667 7.5
    endloop
  endfacet
  facet normal 0.862767 0.498185 -0.0862767
    outer loop
      vertex 16.2728 -11.6595 7.5
      vertex 16.4666 -11.9953 7.499
      vertex 16.2727 -11.6595 7.499
    endloop
  endfacet
  facet normal 0.861057 0.496616 0.109332
    outer loop
      vertex 16.2728 -11.6595 7.5
      vertex 16.5053 -12.0624 7.499
      vertex 16.4666 -11.9953 7.499
    endloop
  endfacet
  facet normal 0.858573 0.495778 -0.130599
    outer loop
      vertex 16.6993 -12.3981 7.5
      vertex 16.5053 -12.0624 7.499
      vertex 16.2728 -11.6595 7.5
    endloop
  endfacet
  facet normal 0.858028 0.495448 -0.135348
    outer loop
      vertex 16.5053 -12.0624 7.499
      vertex 16.6993 -12.3981 7.5
      vertex 16.6992 -12.3982 7.499
    endloop
  endfacet
  facet normal -0.406125 -0.912177 -0.0547306
    outer loop
      vertex 21.2608 -6.11969 7.499
      vertex 22.04 -6.46667 7.5
      vertex 21.2608 -6.11975 7.5
    endloop
  endfacet
  facet normal -0.406321 -0.912591 -0.0456295
    outer loop
      vertex 22.04 -6.46667 7.5
      vertex 21.2608 -6.11969 7.499
      vertex 22.04 -6.46662 7.499
    endloop
  endfacet
  facet normal -0.951048 0.309044 0
    outer loop
      vertex 23.9908 -10.8483 7.499
      vertex 23.7272 -11.6595 7.5
      vertex 23.9908 -10.8483 7.5
    endloop
  endfacet
  facet normal -0.94681 0.30755 -0.094681
    outer loop
      vertex 23.7272 -11.6595 7.5
      vertex 23.9908 -10.8483 7.499
      vertex 23.7273 -11.6595 7.499
    endloop
  endfacet
  facet normal 0.951048 0.309044 0
    outer loop
      vertex 16.2728 -11.6595 7.5
      vertex 16.0092 -10.8483 7.499
      vertex 16.0092 -10.8483 7.5
    endloop
  endfacet
  facet normal 0.94681 0.30755 -0.094681
    outer loop
      vertex 16.0092 -10.8483 7.499
      vertex 16.2728 -11.6595 7.5
      vertex 16.2727 -11.6595 7.499
    endloop
  endfacet
  facet normal 0.945945 -0.307265 -0.103812
    outer loop
      vertex 16.2728 -8.34054 7.5
      vertex 16.0092 -9.15172 7.499
      vertex 16.2727 -8.34051 7.499
    endloop
  endfacet
  facet normal 0.951042 -0.309046 -0.00309046
    outer loop
      vertex 16.0092 -9.15172 7.499
      vertex 16.2728 -8.34054 7.5
      vertex 16.0092 -9.15173 7.5
    endloop
  endfacet
  facet normal -0.206884 0.97351 -0.097351
    outer loop
      vertex 20.4265 -14.0576 7.499
      vertex 21.2608 -13.8802 7.5
      vertex 21.2608 -13.8803 7.499
    endloop
  endfacet
  facet normal -0.207984 0.978132 0
    outer loop
      vertex 21.2608 -13.8802 7.5
      vertex 20.4265 -14.0576 7.499
      vertex 20.4265 -14.0576 7.5
    endloop
  endfacet
  facet normal 0 1 0
    outer loop
      vertex 20.0387 -14.0576 7.499
      vertex 20.4265 -14.0576 7.5
      vertex 20.4265 -14.0576 7.499
    endloop
  endfacet
  facet normal 0 1 0
    outer loop
      vertex 20.4265 -14.0576 7.5
      vertex 20.0387 -14.0576 7.499
      vertex 19.5735 -14.0576 7.5
    endloop
  endfacet
  facet normal 0 1 -0
    outer loop
      vertex 19.9613 -14.0576 7.499
      vertex 19.5735 -14.0576 7.5
      vertex 20.0387 -14.0576 7.499
    endloop
  endfacet
  facet normal 0 1 0
    outer loop
      vertex 19.5735 -14.0576 7.5
      vertex 19.9613 -14.0576 7.499
      vertex 19.5735 -14.0576 7.499
    endloop
  endfacet
  facet normal 0.207559 -0.976466 -0.058588
    outer loop
      vertex 19.5735 -5.94235 7.499
      vertex 18.7392 -6.11975 7.5
      vertex 18.7392 -6.11969 7.499
    endloop
  endfacet
  facet normal 0.207419 -0.975864 -0.0683105
    outer loop
      vertex 18.7392 -6.11975 7.5
      vertex 19.5735 -5.94235 7.499
      vertex 19.5735 -5.94242 7.5
    endloop
  endfacet
  facet normal 0.58586 0.80639 -0.080639
    outer loop
      vertex 17.96 -13.5334 7.499
      vertex 17.27 -13.032 7.5
      vertex 17.96 -13.5333 7.5
    endloop
  endfacet
  facet normal 0.586782 0.807616 -0.0586782
    outer loop
      vertex 17.27 -13.032 7.5
      vertex 17.96 -13.5334 7.499
      vertex 17.2699 -13.032 7.499
    endloop
  endfacet
  facet normal 0.735881 0.662513 -0.139839
    outer loop
      vertex 17.27 -13.032 7.5
      vertex 16.6992 -12.3982 7.499
      vertex 16.6993 -12.3981 7.5
    endloop
  endfacet
  facet normal 0.741087 0.667306 -0.0741087
    outer loop
      vertex 16.6992 -12.3982 7.499
      vertex 17.27 -13.032 7.5
      vertex 17.2699 -13.032 7.499
    endloop
  endfacet
  facet normal -0.207419 -0.975864 -0.0683105
    outer loop
      vertex 20.4265 -5.94235 7.499
      vertex 21.2608 -6.11975 7.5
      vertex 20.4265 -5.94242 7.5
    endloop
  endfacet
  facet normal -0.207559 -0.976466 -0.058588
    outer loop
      vertex 21.2608 -6.11975 7.5
      vertex 20.4265 -5.94235 7.499
      vertex 21.2608 -6.11969 7.499
    endloop
  endfacet
  facet normal -0.735881 0.662513 -0.139839
    outer loop
      vertex 23.3008 -12.3982 7.499
      vertex 22.73 -13.032 7.5
      vertex 23.3007 -12.3981 7.5
    endloop
  endfacet
  facet normal -0.741087 0.667306 -0.0741087
    outer loop
      vertex 22.73 -13.032 7.5
      vertex 23.3008 -12.3982 7.499
      vertex 22.7301 -13.032 7.499
    endloop
  endfacet
  facet normal -0.586782 0.807616 -0.0586782
    outer loop
      vertex 22.04 -13.5334 7.499
      vertex 22.73 -13.032 7.5
      vertex 22.7301 -13.032 7.499
    endloop
  endfacet
  facet normal -0.58586 0.80639 -0.080639
    outer loop
      vertex 22.73 -13.032 7.5
      vertex 22.04 -13.5334 7.499
      vertex 22.04 -13.5333 7.5
    endloop
  endfacet
  facet normal 0.207984 0.978132 -0
    outer loop
      vertex 19.5735 -14.0576 7.499
      vertex 18.7392 -13.8802 7.5
      vertex 19.5735 -14.0576 7.5
    endloop
  endfacet
  facet normal 0.206884 0.97351 -0.097351
    outer loop
      vertex 18.7392 -13.8802 7.5
      vertex 19.5735 -14.0576 7.499
      vertex 18.7392 -13.8803 7.499
    endloop
  endfacet
  facet normal -0.862767 0.498185 -0.0862767
    outer loop
      vertex 23.5334 -11.9953 7.499
      vertex 23.7272 -11.6595 7.5
      vertex 23.7273 -11.6595 7.499
    endloop
  endfacet
  facet normal -0.861057 0.496616 0.109332
    outer loop
      vertex 23.4947 -12.0624 7.499
      vertex 23.7272 -11.6595 7.5
      vertex 23.5334 -11.9953 7.499
    endloop
  endfacet
  facet normal -0.858573 0.495778 -0.130599
    outer loop
      vertex 23.4947 -12.0624 7.499
      vertex 23.3007 -12.3981 7.5
      vertex 23.7272 -11.6595 7.5
    endloop
  endfacet
  facet normal -0.858028 0.495448 -0.135348
    outer loop
      vertex 23.3007 -12.3981 7.5
      vertex 23.4947 -12.0624 7.499
      vertex 23.3008 -12.3982 7.499
    endloop
  endfacet
  facet normal -0.738889 -0.665253 -0.107152
    outer loop
      vertex 23.3008 -7.60184 7.499
      vertex 22.73 -6.96802 7.5
      vertex 22.7301 -6.96797 7.499
    endloop
  endfacet
  facet normal -0.739395 -0.665719 -0.100568
    outer loop
      vertex 22.73 -6.96802 7.5
      vertex 23.3008 -7.60184 7.499
      vertex 23.3007 -7.60188 7.5
    endloop
  endfacet
  facet normal -0.989647 0.103946 -0.0989647
    outer loop
      vertex 24.08 -10 7.499
      vertex 23.9908 -10.8483 7.5
      vertex 24.0799 -10 7.5
    endloop
  endfacet
  facet normal -0.994517 0.104575 0
    outer loop
      vertex 23.9908 -10.8483 7.5
      vertex 24.08 -10 7.499
      vertex 23.9908 -10.8483 7.499
    endloop
  endfacet
  facet normal -0.861124 -0.497221 -0.106001
    outer loop
      vertex 23.4947 -7.93765 7.499
      vertex 23.3007 -7.60188 7.5
      vertex 23.3008 -7.60184 7.499
    endloop
  endfacet
  facet normal -0.853398 -0.492565 -0.170565
    outer loop
      vertex 23.5334 -8.0047 7.499
      vertex 23.3007 -7.60188 7.5
      vertex 23.4947 -7.93765 7.499
    endloop
  endfacet
  facet normal -0.861568 -0.497478 -0.101081
    outer loop
      vertex 23.7272 -8.34054 7.5
      vertex 23.5334 -8.0047 7.499
      vertex 23.7273 -8.34051 7.499
    endloop
  endfacet
  facet normal -0.861892 -0.497654 -0.0973745
    outer loop
      vertex 23.5334 -8.0047 7.499
      vertex 23.7272 -8.34054 7.5
      vertex 23.3007 -7.60188 7.5
    endloop
  endfacet
  facet normal -0.945945 -0.307265 -0.103812
    outer loop
      vertex 23.9908 -9.15172 7.499
      vertex 23.7272 -8.34054 7.5
      vertex 23.7273 -8.34051 7.499
    endloop
  endfacet
  facet normal -0.951042 -0.309046 -0.00309046
    outer loop
      vertex 23.7272 -8.34054 7.5
      vertex 23.9908 -9.15172 7.499
      vertex 23.9908 -9.15173 7.5
    endloop
  endfacet
  facet normal 0.405028 0.909767 -0.0909767
    outer loop
      vertex 18.7392 -13.8803 7.499
      vertex 17.96 -13.5333 7.5
      vertex 18.7392 -13.8802 7.5
    endloop
  endfacet
  facet normal 0.405028 0.909767 -0.0909767
    outer loop
      vertex 17.96 -13.5333 7.5
      vertex 18.7392 -13.8803 7.499
      vertex 17.96 -13.5334 7.499
    endloop
  endfacet
  facet normal 0.989647 0.103946 -0.0989647
    outer loop
      vertex 16.0092 -10.8483 7.5
      vertex 15.92 -10 7.499
      vertex 15.9201 -10 7.5
    endloop
  endfacet
  facet normal 0.994517 0.104575 0
    outer loop
      vertex 15.92 -10 7.499
      vertex 16.0092 -10.8483 7.5
      vertex 16.0092 -10.8483 7.499
    endloop
  endfacet
  facet normal -0.951065 -0.308992 0
    outer loop
      vertex -14.6202 21.1435 -1.5005
      vertex -14.9755 22.2371 4.499
      vertex -14.9755 22.2371 -1.5005
    endloop
  endfacet
  facet normal -0.951065 -0.308992 0
    outer loop
      vertex -14.9755 22.2371 4.499
      vertex -14.6202 21.1435 -1.5005
      vertex -14.6202 21.1435 4.499
    endloop
  endfacet
  facet normal -0.994521 -0.10454 0
    outer loop
      vertex -14.5 20 -1.5005
      vertex -14.6202 21.1435 4.499
      vertex -14.6202 21.1435 -1.5005
    endloop
  endfacet
  facet normal -0.994521 -0.10454 0
    outer loop
      vertex -14.6202 21.1435 4.499
      vertex -14.5 20 -1.5005
      vertex -14.5 20 4.499
    endloop
  endfacet
  facet normal -0.951065 0.308992 0
    outer loop
      vertex -14.9755 17.7629 -1.5005
      vertex -14.6202 18.8565 4.499
      vertex -14.6202 18.8565 -1.5005
    endloop
  endfacet
  facet normal -0.951065 0.308992 0
    outer loop
      vertex -14.6202 18.8565 4.499
      vertex -14.9755 17.7629 -1.5005
      vertex -14.9755 17.7629 4.499
    endloop
  endfacet
  facet normal 0.587768 0.809029 -0
    outer loop
      vertex -22.75 15.2369 -1.5005
      vertex -23.6802 15.9127 4.499
      vertex -22.75 15.2369 4.499
    endloop
  endfacet
  facet normal 0.587768 0.809029 0
    outer loop
      vertex -23.6802 15.9127 4.499
      vertex -22.75 15.2369 -1.5005
      vertex -23.6802 15.9127 -1.5005
    endloop
  endfacet
  facet normal -0.207943 0.978141 0
    outer loop
      vertex -18.3004 14.7692 -1.5005
      vertex -19.4251 14.5301 4.499
      vertex -18.3004 14.7692 4.499
    endloop
  endfacet
  facet normal -0.207943 0.978141 0
    outer loop
      vertex -19.4251 14.5301 4.499
      vertex -18.3004 14.7692 -1.5005
      vertex -19.4251 14.5301 -1.5005
    endloop
  endfacet
  facet normal 0.866013 0.500021 0
    outer loop
      vertex -24.4496 16.7672 4.499
      vertex -25.0245 17.7629 -1.5005
      vertex -25.0245 17.7629 4.499
    endloop
  endfacet
  facet normal 0.866013 0.500021 0
    outer loop
      vertex -25.0245 17.7629 -1.5005
      vertex -24.4496 16.7672 4.499
      vertex -24.4496 16.7672 -1.5005
    endloop
  endfacet
  facet normal 0.207943 0.978141 -0
    outer loop
      vertex -20.5749 14.5301 -1.5005
      vertex -21.6996 14.7692 4.499
      vertex -20.5749 14.5301 4.499
    endloop
  endfacet
  facet normal 0.207943 0.978141 0
    outer loop
      vertex -21.6996 14.7692 4.499
      vertex -20.5749 14.5301 -1.5005
      vertex -21.6996 14.7692 -1.5005
    endloop
  endfacet
  facet normal -0.587768 -0.809029 0
    outer loop
      vertex -17.25 24.7631 -1.5005
      vertex -16.3198 24.0873 4.499
      vertex -17.25 24.7631 4.499
    endloop
  endfacet
  facet normal -0.587768 -0.809029 -0
    outer loop
      vertex -16.3198 24.0873 4.499
      vertex -17.25 24.7631 -1.5005
      vertex -16.3198 24.0873 -1.5005
    endloop
  endfacet
  facet normal -0.406742 -0.913543 -1.57895e-05
    outer loop
      vertex -17.9987 25.0965 1.5005
      vertex -17.25 24.7631 4.499
      vertex -17.3623 24.8131 4.499
    endloop
  endfacet
  facet normal -0.406795 -0.913519 0
    outer loop
      vertex -17.25 24.7631 -1.5005
      vertex -17.9987 25.0965 1.5005
      vertex -17.9987 25.0965 -1.5005
    endloop
  endfacet
  facet normal -0.406795 -0.913519 0
    outer loop
      vertex -17.9987 25.0965 1.5005
      vertex -17.25 24.7631 -1.5005
      vertex -17.25 24.7631 4.499
    endloop
  endfacet
  facet normal 0.951083 -0.308935 0
    outer loop
      vertex -25.3798 21.1435 -1.5005
      vertex -25.278 21.4569 1.5005
      vertex -25.3798 21.1435 2.80854
    endloop
  endfacet
  facet normal 0.951083 -0.308935 0
    outer loop
      vertex -25.278 21.4569 1.5005
      vertex -25.3798 21.1435 -1.5005
      vertex -25.278 21.4569 -1.5005
    endloop
  endfacet
  facet normal 0.40676 0.913535 -0
    outer loop
      vertex -21.6996 14.7692 -1.5005
      vertex -22.75 15.2369 4.499
      vertex -21.6996 14.7692 4.499
    endloop
  endfacet
  facet normal 0.40676 0.913535 0
    outer loop
      vertex -22.75 15.2369 4.499
      vertex -21.6996 14.7692 -1.5005
      vertex -22.75 15.2369 -1.5005
    endloop
  endfacet
  facet normal -0.587768 0.809029 0
    outer loop
      vertex -16.3198 15.9127 -1.5005
      vertex -17.25 15.2369 4.499
      vertex -16.3198 15.9127 4.499
    endloop
  endfacet
  facet normal -0.587768 0.809029 0
    outer loop
      vertex -17.25 15.2369 4.499
      vertex -16.3198 15.9127 -1.5005
      vertex -17.25 15.2369 -1.5005
    endloop
  endfacet
  facet normal -0.994521 0.10454 0
    outer loop
      vertex -14.6202 18.8565 -1.5005
      vertex -14.5 20 4.499
      vertex -14.5 20 -1.5005
    endloop
  endfacet
  facet normal -0.994521 0.10454 0
    outer loop
      vertex -14.5 20 4.499
      vertex -14.6202 18.8565 -1.5005
      vertex -14.6202 18.8565 4.499
    endloop
  endfacet
  facet normal -0.866013 0.500021 0
    outer loop
      vertex -15.5504 16.7672 -1.5005
      vertex -14.9755 17.7629 4.499
      vertex -14.9755 17.7629 -1.5005
    endloop
  endfacet
  facet normal -0.866013 0.500021 0
    outer loop
      vertex -14.9755 17.7629 4.499
      vertex -15.5504 16.7672 -1.5005
      vertex -15.5504 16.7672 4.499
    endloop
  endfacet
  facet normal -0.40676 0.913535 0
    outer loop
      vertex -17.25 15.2369 -1.5005
      vertex -18.3004 14.7692 4.499
      vertex -17.25 15.2369 4.499
    endloop
  endfacet
  facet normal -0.40676 0.913535 0
    outer loop
      vertex -18.3004 14.7692 4.499
      vertex -17.25 15.2369 -1.5005
      vertex -18.3004 14.7692 -1.5005
    endloop
  endfacet
  facet normal -0.743143 0.669133 0
    outer loop
      vertex -16.3198 15.9127 -1.5005
      vertex -15.5504 16.7672 4.499
      vertex -15.5504 16.7672 -1.5005
    endloop
  endfacet
  facet normal -0.743143 0.669133 0
    outer loop
      vertex -15.5504 16.7672 4.499
      vertex -16.3198 15.9127 -1.5005
      vertex -16.3198 15.9127 4.499
    endloop
  endfacet
  facet normal -0.743143 -0.669133 0
    outer loop
      vertex -15.5504 23.2328 -1.5005
      vertex -16.3198 24.0873 4.499
      vertex -16.3198 24.0873 -1.5005
    endloop
  endfacet
  facet normal -0.743143 -0.669133 0
    outer loop
      vertex -16.3198 24.0873 4.499
      vertex -15.5504 23.2328 -1.5005
      vertex -15.5504 23.2328 4.499
    endloop
  endfacet
  facet normal 0.994517 -0.104579 -2.69627e-05
    outer loop
      vertex -25.5 20 4.499
      vertex -25.3798 21.1435 2.80854
      vertex -25.4174 20.7855 4.499
    endloop
  endfacet
  facet normal 0.994521 -0.10454 0
    outer loop
      vertex -25.3798 21.1435 2.80854
      vertex -25.5 20 4.499
      vertex -25.5 20 -1.5005
    endloop
  endfacet
  facet normal 0.994521 -0.10454 0
    outer loop
      vertex -25.3798 21.1435 2.80854
      vertex -25.5 20 -1.5005
      vertex -25.3798 21.1435 -1.5005
    endloop
  endfacet
  facet normal -0.866013 -0.500021 0
    outer loop
      vertex -14.9755 22.2371 -1.5005
      vertex -15.5504 23.2328 4.499
      vertex -15.5504 23.2328 -1.5005
    endloop
  endfacet
  facet normal -0.866013 -0.500021 0
    outer loop
      vertex -15.5504 23.2328 4.499
      vertex -14.9755 22.2371 -1.5005
      vertex -14.9755 22.2371 4.499
    endloop
  endfacet
  facet normal 0 0 -1
    outer loop
      vertex -14.6202 18.8565 4.499
      vertex -14.6202 21.1435 4.499
      vertex -14.5 20 4.499
    endloop
  endfacet
  facet normal 0 0 -1
    outer loop
      vertex -14.9755 17.7629 4.499
      vertex -14.6202 21.1435 4.499
      vertex -14.6202 18.8565 4.499
    endloop
  endfacet
  facet normal 0 0 -1
    outer loop
      vertex -14.9755 17.7629 4.499
      vertex -14.9755 22.2371 4.499
      vertex -14.6202 21.1435 4.499
    endloop
  endfacet
  facet normal 0 0 -1
    outer loop
      vertex -15.5504 16.7672 4.499
      vertex -14.9755 22.2371 4.499
      vertex -14.9755 17.7629 4.499
    endloop
  endfacet
  facet normal 0 0 -1
    outer loop
      vertex -15.5504 16.7672 4.499
      vertex -15.5504 23.2328 4.499
      vertex -14.9755 22.2371 4.499
    endloop
  endfacet
  facet normal 0 0 -1
    outer loop
      vertex -16.3198 15.9127 4.499
      vertex -15.5504 23.2328 4.499
      vertex -15.5504 16.7672 4.499
    endloop
  endfacet
  facet normal 0 0 -1
    outer loop
      vertex -16.3198 15.9127 4.499
      vertex -16.3198 24.0873 4.499
      vertex -15.5504 23.2328 4.499
    endloop
  endfacet
  facet normal 0 0 -1
    outer loop
      vertex -17.25 15.2369 4.499
      vertex -16.3198 24.0873 4.499
      vertex -16.3198 15.9127 4.499
    endloop
  endfacet
  facet normal 0 0 -1
    outer loop
      vertex -17.3623 24.8131 4.499
      vertex -16.3198 24.0873 4.499
      vertex -17.25 15.2369 4.499
    endloop
  endfacet
  facet normal 0 0 -1
    outer loop
      vertex -16.3198 24.0873 4.499
      vertex -17.3623 24.8131 4.499
      vertex -17.25 24.7631 4.499
    endloop
  endfacet
  facet normal 0 0 -1
    outer loop
      vertex -18.3004 14.7692 4.499
      vertex -17.3623 24.8131 4.499
      vertex -17.25 15.2369 4.499
    endloop
  endfacet
  facet normal 0 0 -1
    outer loop
      vertex -19.4251 14.5301 4.499
      vertex -17.3623 24.8131 4.499
      vertex -18.3004 14.7692 4.499
    endloop
  endfacet
  facet normal 0 0 -1
    outer loop
      vertex -20.5749 14.5301 4.499
      vertex -17.3623 24.8131 4.499
      vertex -19.4251 14.5301 4.499
    endloop
  endfacet
  facet normal 0 0 -1
    outer loop
      vertex -21.6996 14.7692 4.499
      vertex -17.3623 24.8131 4.499
      vertex -20.5749 14.5301 4.499
    endloop
  endfacet
  facet normal 0 0 -1
    outer loop
      vertex -22.75 15.2369 4.499
      vertex -17.3623 24.8131 4.499
      vertex -21.6996 14.7692 4.499
    endloop
  endfacet
  facet normal 0 0 -1
    outer loop
      vertex -23.6802 15.9127 4.499
      vertex -17.3623 24.8131 4.499
      vertex -22.75 15.2369 4.499
    endloop
  endfacet
  facet normal 0 0 -1
    outer loop
      vertex -24.4496 16.7672 4.499
      vertex -17.3623 24.8131 4.499
      vertex -23.6802 15.9127 4.499
    endloop
  endfacet
  facet normal 0 0 -1
    outer loop
      vertex -25.0245 17.7629 4.499
      vertex -17.3623 24.8131 4.499
      vertex -24.4496 16.7672 4.499
    endloop
  endfacet
  facet normal 0 0 -1
    outer loop
      vertex -25.4174 20.7855 4.499
      vertex -25.0245 17.7629 4.499
      vertex -25.3798 18.8565 4.499
    endloop
  endfacet
  facet normal 0 0 -1
    outer loop
      vertex -25.0245 17.7629 4.499
      vertex -25.4174 20.7855 4.499
      vertex -17.3623 24.8131 4.499
    endloop
  endfacet
  facet normal 0 -0 -1
    outer loop
      vertex -25.4174 20.7855 4.499
      vertex -25.3798 18.8565 4.499
      vertex -25.5 20 4.499
    endloop
  endfacet
  facet normal 0 1 -0
    outer loop
      vertex -19.4251 14.5301 -1.5005
      vertex -20.5749 14.5301 4.499
      vertex -19.4251 14.5301 4.499
    endloop
  endfacet
  facet normal 0 1 0
    outer loop
      vertex -20.5749 14.5301 4.499
      vertex -19.4251 14.5301 -1.5005
      vertex -20.5749 14.5301 -1.5005
    endloop
  endfacet
  facet normal 0.951065 0.308992 0
    outer loop
      vertex -25.0245 17.7629 4.499
      vertex -25.3798 18.8565 -1.5005
      vertex -25.3798 18.8565 4.499
    endloop
  endfacet
  facet normal 0.951065 0.308992 0
    outer loop
      vertex -25.3798 18.8565 -1.5005
      vertex -25.0245 17.7629 4.499
      vertex -25.0245 17.7629 -1.5005
    endloop
  endfacet
  facet normal 0.743143 0.669133 0
    outer loop
      vertex -23.6802 15.9127 4.499
      vertex -24.4496 16.7672 -1.5005
      vertex -24.4496 16.7672 4.499
    endloop
  endfacet
  facet normal 0.743143 0.669133 0
    outer loop
      vertex -24.4496 16.7672 -1.5005
      vertex -23.6802 15.9127 4.499
      vertex -23.6802 15.9127 -1.5005
    endloop
  endfacet
  facet normal 0.994521 0.10454 0
    outer loop
      vertex -25.3798 18.8565 4.499
      vertex -25.5 20 -1.5005
      vertex -25.5 20 4.499
    endloop
  endfacet
  facet normal 0.994521 0.10454 0
    outer loop
      vertex -25.5 20 -1.5005
      vertex -25.3798 18.8565 4.499
      vertex -25.3798 18.8565 -1.5005
    endloop
  endfacet
  facet normal 0.587768 -0.809029 0
    outer loop
      vertex 16.3198 24.0873 -1.5005
      vertex 17.25 24.7631 4.499
      vertex 16.3198 24.0873 4.499
    endloop
  endfacet
  facet normal 0.587768 -0.809029 0
    outer loop
      vertex 17.25 24.7631 4.499
      vertex 16.3198 24.0873 -1.5005
      vertex 17.25 24.7631 -1.5005
    endloop
  endfacet
  facet normal -0.951083 -0.308935 0
    outer loop
      vertex 25.3798 21.1435 -1.5005
      vertex 25.278 21.4569 1.5005
      vertex 25.278 21.4569 -1.5005
    endloop
  endfacet
  facet normal -0.951083 -0.308935 0
    outer loop
      vertex 25.278 21.4569 1.5005
      vertex 25.3798 21.1435 -1.5005
      vertex 25.3798 21.1435 3.06543
    endloop
  endfacet
  facet normal -0.994521 -0.10454 0
    outer loop
      vertex 25.5 20 -1.5005
      vertex 25.3798 21.1435 3.06543
      vertex 25.3798 21.1435 -1.5005
    endloop
  endfacet
  facet normal -0.994521 -0.10454 -0
    outer loop
      vertex 25.5 20 4.499
      vertex 25.3798 21.1435 3.06543
      vertex 25.5 20 -1.5005
    endloop
  endfacet
  facet normal -0.994524 -0.104504 2.86212e-05
    outer loop
      vertex 25.3798 21.1435 3.06543
      vertex 25.5 20 4.499
      vertex 25.4065 20.8898 4.499
    endloop
  endfacet
  facet normal 0.207943 0.978141 -0
    outer loop
      vertex 19.4251 14.5301 -1.5005
      vertex 18.3004 14.7692 4.499
      vertex 19.4251 14.5301 4.499
    endloop
  endfacet
  facet normal 0.207943 0.978141 0
    outer loop
      vertex 18.3004 14.7692 4.499
      vertex 19.4251 14.5301 -1.5005
      vertex 18.3004 14.7692 -1.5005
    endloop
  endfacet
  facet normal 0.40676 0.913535 -0
    outer loop
      vertex 18.3004 14.7692 -1.5005
      vertex 17.25 15.2369 4.499
      vertex 18.3004 14.7692 4.499
    endloop
  endfacet
  facet normal 0.40676 0.913535 0
    outer loop
      vertex 17.25 15.2369 4.499
      vertex 18.3004 14.7692 -1.5005
      vertex 17.25 15.2369 -1.5005
    endloop
  endfacet
  facet normal -0.587768 0.809029 0
    outer loop
      vertex 23.6802 15.9127 -1.5005
      vertex 22.75 15.2369 4.499
      vertex 23.6802 15.9127 4.499
    endloop
  endfacet
  facet normal -0.587768 0.809029 0
    outer loop
      vertex 22.75 15.2369 4.499
      vertex 23.6802 15.9127 -1.5005
      vertex 22.75 15.2369 -1.5005
    endloop
  endfacet
  facet normal 0.743056 -0.66923 0
    outer loop
      vertex 16.25 24.0098 0.59401
      vertex 16.3198 24.0873 4.499
      vertex 16.25 24.0098 4.499
    endloop
  endfacet
  facet normal 0.743056 -0.66923 0
    outer loop
      vertex 16.3198 24.0873 4.499
      vertex 16.25 24.0098 0.59401
      vertex 16.3198 24.0873 -1.5005
    endloop
  endfacet
  facet normal 0.743149 -0.669125 6.97457e-06
    outer loop
      vertex 15.5504 23.2328 0.145422
      vertex 16.3198 24.0873 -1.5005
      vertex 16.25 24.0098 0.59401
    endloop
  endfacet
  facet normal 0.743143 -0.669133 0
    outer loop
      vertex 16.3198 24.0873 -1.5005
      vertex 15.5504 23.2328 0.145422
      vertex 15.5504 23.2328 -1.5005
    endloop
  endfacet
  facet normal -0.40676 0.913535 0
    outer loop
      vertex 22.75 15.2369 -1.5005
      vertex 21.6996 14.7692 4.499
      vertex 22.75 15.2369 4.499
    endloop
  endfacet
  facet normal -0.40676 0.913535 0
    outer loop
      vertex 21.6996 14.7692 4.499
      vertex 22.75 15.2369 -1.5005
      vertex 21.6996 14.7692 -1.5005
    endloop
  endfacet
  facet normal 0.951065 0.308992 0
    outer loop
      vertex 14.9755 17.7629 -1.26215
      vertex 14.6202 18.8565 -1.5005
      vertex 14.6202 18.8565 -1.14722
    endloop
  endfacet
  facet normal 0.951065 0.308992 0
    outer loop
      vertex 14.6202 18.8565 -1.5005
      vertex 14.9755 17.7629 -1.26215
      vertex 14.9755 17.7629 -1.5005
    endloop
  endfacet
  facet normal -0.994521 0.10454 0
    outer loop
      vertex 25.3798 18.8565 -1.5005
      vertex 25.5 20 4.499
      vertex 25.5 20 -1.5005
    endloop
  endfacet
  facet normal -0.994521 0.10454 0
    outer loop
      vertex 25.5 20 4.499
      vertex 25.3798 18.8565 -1.5005
      vertex 25.3798 18.8565 4.499
    endloop
  endfacet
  facet normal -0.866013 0.500021 0
    outer loop
      vertex 24.4496 16.7672 -1.5005
      vertex 25.0245 17.7629 4.499
      vertex 25.0245 17.7629 -1.5005
    endloop
  endfacet
  facet normal -0.866013 0.500021 0
    outer loop
      vertex 25.0245 17.7629 4.499
      vertex 24.4496 16.7672 -1.5005
      vertex 24.4496 16.7672 4.499
    endloop
  endfacet
  facet normal 0.866013 0.500021 0
    outer loop
      vertex 15.5504 16.7672 -1.36681
      vertex 14.9755 17.7629 -1.5005
      vertex 14.9755 17.7629 -1.26215
    endloop
  endfacet
  facet normal 0.866013 0.500021 0
    outer loop
      vertex 14.9755 17.7629 -1.5005
      vertex 15.5504 16.7672 -1.36681
      vertex 15.5504 16.7672 -1.5005
    endloop
  endfacet
  facet normal -0.743143 0.669133 0
    outer loop
      vertex 23.6802 15.9127 -1.5005
      vertex 24.4496 16.7672 4.499
      vertex 24.4496 16.7672 -1.5005
    endloop
  endfacet
  facet normal -0.743143 0.669133 0
    outer loop
      vertex 24.4496 16.7672 4.499
      vertex 23.6802 15.9127 -1.5005
      vertex 23.6802 15.9127 4.499
    endloop
  endfacet
  facet normal 0.994521 -0.10454 0
    outer loop
      vertex 14.5 20 -0.906202
      vertex 14.6202 21.1435 -1.5005
      vertex 14.6202 21.1435 -0.534652
    endloop
  endfacet
  facet normal 0.994521 -0.10454 0
    outer loop
      vertex 14.6202 21.1435 -1.5005
      vertex 14.5 20 -0.906202
      vertex 14.5 20 -1.5005
    endloop
  endfacet
  facet normal 0.863779 -0.503871 0
    outer loop
      vertex 15.5476 23.228 0.142637
      vertex 15.5504 23.2328 -1.5005
      vertex 15.5504 23.2328 0.145422
    endloop
  endfacet
  facet normal 0.866022 -0.500006 1.51127e-05
    outer loop
      vertex 14.9755 22.2371 -0.17934
      vertex 15.5504 23.2328 -1.5005
      vertex 15.5476 23.228 0.142637
    endloop
  endfacet
  facet normal 0.866013 -0.500021 0
    outer loop
      vertex 15.5504 23.2328 -1.5005
      vertex 14.9755 22.2371 -0.17934
      vertex 14.9755 22.2371 -1.5005
    endloop
  endfacet
  facet normal -0.207943 0.978141 0
    outer loop
      vertex 21.6996 14.7692 -1.5005
      vertex 20.5749 14.5301 4.499
      vertex 21.6996 14.7692 4.499
    endloop
  endfacet
  facet normal -0.207943 0.978141 0
    outer loop
      vertex 20.5749 14.5301 4.499
      vertex 21.6996 14.7692 -1.5005
      vertex 20.5749 14.5301 -1.5005
    endloop
  endfacet
  facet normal 0.951065 -0.308992 0
    outer loop
      vertex 14.6202 21.1435 -0.534652
      vertex 14.9755 22.2371 -1.5005
      vertex 14.9755 22.2371 -0.17934
    endloop
  endfacet
  facet normal 0.951065 -0.308992 0
    outer loop
      vertex 14.9755 22.2371 -1.5005
      vertex 14.6202 21.1435 -0.534652
      vertex 14.6202 21.1435 -1.5005
    endloop
  endfacet
  facet normal 0 1 -0
    outer loop
      vertex 20.5749 14.5301 -1.5005
      vertex 19.4251 14.5301 4.499
      vertex 20.5749 14.5301 4.499
    endloop
  endfacet
  facet normal 0 1 0
    outer loop
      vertex 19.4251 14.5301 4.499
      vertex 20.5749 14.5301 -1.5005
      vertex 19.4251 14.5301 -1.5005
    endloop
  endfacet
  facet normal 0.406803 -0.913516 2.48844e-06
    outer loop
      vertex 17.25 24.7631 4.499
      vertex 17.9987 25.0965 1.5005
      vertex 17.4667 24.8596 4.499
    endloop
  endfacet
  facet normal 0.406795 -0.913519 0
    outer loop
      vertex 17.25 24.7631 -1.5005
      vertex 17.9987 25.0965 1.5005
      vertex 17.25 24.7631 4.499
    endloop
  endfacet
  facet normal 0.406795 -0.913519 0
    outer loop
      vertex 17.9987 25.0965 1.5005
      vertex 17.25 24.7631 -1.5005
      vertex 17.9987 25.0965 -1.5005
    endloop
  endfacet
  facet normal 0 0 -1
    outer loop
      vertex 25.3798 18.8565 4.499
      vertex 25.4065 20.8898 4.499
      vertex 25.5 20 4.499
    endloop
  endfacet
  facet normal 0 0 -1
    outer loop
      vertex 25.0245 17.7629 4.499
      vertex 25.4065 20.8898 4.499
      vertex 25.3798 18.8565 4.499
    endloop
  endfacet
  facet normal 0 0 -1
    outer loop
      vertex 24.4496 16.7672 4.499
      vertex 25.4065 20.8898 4.499
      vertex 25.0245 17.7629 4.499
    endloop
  endfacet
  facet normal 0 0 -1
    outer loop
      vertex 23.6802 15.9127 4.499
      vertex 25.4065 20.8898 4.499
      vertex 24.4496 16.7672 4.499
    endloop
  endfacet
  facet normal 0 0 -1
    outer loop
      vertex 22.75 15.2369 4.499
      vertex 25.4065 20.8898 4.499
      vertex 23.6802 15.9127 4.499
    endloop
  endfacet
  facet normal 0 0 -1
    outer loop
      vertex 21.6996 14.7692 4.499
      vertex 25.4065 20.8898 4.499
      vertex 22.75 15.2369 4.499
    endloop
  endfacet
  facet normal 0 0 -1
    outer loop
      vertex 20.5749 14.5301 4.499
      vertex 25.4065 20.8898 4.499
      vertex 21.6996 14.7692 4.499
    endloop
  endfacet
  facet normal 0 0 -1
    outer loop
      vertex 19.4251 14.5301 4.499
      vertex 25.4065 20.8898 4.499
      vertex 20.5749 14.5301 4.499
    endloop
  endfacet
  facet normal 0 0 -1
    outer loop
      vertex 18.3004 14.7692 4.499
      vertex 25.4065 20.8898 4.499
      vertex 19.4251 14.5301 4.499
    endloop
  endfacet
  facet normal 0 0 -1
    outer loop
      vertex 18.3004 14.7692 4.499
      vertex 17.4667 24.8596 4.499
      vertex 25.4065 20.8898 4.499
    endloop
  endfacet
  facet normal 0 0 -1
    outer loop
      vertex 17.25 15.2369 4.499
      vertex 17.4667 24.8596 4.499
      vertex 18.3004 14.7692 4.499
    endloop
  endfacet
  facet normal 0 0 -1
    outer loop
      vertex 16.25 15.9902 4.499
      vertex 17.4667 24.8596 4.499
      vertex 17.25 15.2369 4.499
    endloop
  endfacet
  facet normal 0 0 -1
    outer loop
      vertex 16.25 15.9902 4.499
      vertex 17.25 15.2369 4.499
      vertex 16.3198 15.9127 4.499
    endloop
  endfacet
  facet normal 0 0 -1
    outer loop
      vertex 16.25 24.0098 4.499
      vertex 17.4667 24.8596 4.499
      vertex 16.25 15.9902 4.499
    endloop
  endfacet
  facet normal 0 0 -1
    outer loop
      vertex 17.4667 24.8596 4.499
      vertex 16.25 24.0098 4.499
      vertex 17.25 24.7631 4.499
    endloop
  endfacet
  facet normal 0 0 -1
    outer loop
      vertex 17.25 24.7631 4.499
      vertex 16.25 24.0098 4.499
      vertex 16.3198 24.0873 4.499
    endloop
  endfacet
  facet normal -0.951065 0.308992 0
    outer loop
      vertex 25.0245 17.7629 -1.5005
      vertex 25.3798 18.8565 4.499
      vertex 25.3798 18.8565 -1.5005
    endloop
  endfacet
  facet normal -0.951065 0.308992 0
    outer loop
      vertex 25.3798 18.8565 4.499
      vertex 25.0245 17.7629 -1.5005
      vertex 25.0245 17.7629 4.499
    endloop
  endfacet
  facet normal 0.587768 0.809029 -0
    outer loop
      vertex 17.25 15.2369 -1.5005
      vertex 16.3198 15.9127 4.499
      vertex 17.25 15.2369 4.499
    endloop
  endfacet
  facet normal 0.587768 0.809029 0
    outer loop
      vertex 16.3198 15.9127 4.499
      vertex 17.25 15.2369 -1.5005
      vertex 16.3198 15.9127 -1.5005
    endloop
  endfacet
  facet normal 0.743056 0.66923 0
    outer loop
      vertex 16.25 15.9902 4.499
      vertex 16.3198 15.9127 4.499
      vertex 16.25 15.9902 -1.44848
    endloop
  endfacet
  facet normal 0.743151 0.669123 0
    outer loop
      vertex 16.25 15.9902 -1.44848
      vertex 15.5504 16.7672 -1.5005
      vertex 15.5504 16.7672 -1.36681
    endloop
  endfacet
  facet normal 0.743143 0.669133 0.000260804
    outer loop
      vertex 16.25 15.9902 -1.44848
      vertex 16.3198 15.9127 -1.5005
      vertex 15.5504 16.7672 -1.5005
    endloop
  endfacet
  facet normal 0.743056 0.66923 -0
    outer loop
      vertex 16.3198 15.9127 -1.5005
      vertex 16.25 15.9902 -1.44848
      vertex 16.3198 15.9127 4.499
    endloop
  endfacet
  facet normal 0.994517 0.104572 0
    outer loop
      vertex 14.5578 19.4503 -1.0848
      vertex 14.5 20 -1.5005
      vertex 14.5 20 -0.906202
    endloop
  endfacet
  facet normal 0.994524 0.10451 -0
    outer loop
      vertex 14.6202 18.8565 -1.5005
      vertex 14.5578 19.4503 -1.0848
      vertex 14.6202 18.8565 -1.14722
    endloop
  endfacet
  facet normal 0.994521 0.10454 -4.25966e-05
    outer loop
      vertex 14.5578 19.4503 -1.0848
      vertex 14.6202 18.8565 -1.5005
      vertex 14.5 20 -1.5005
    endloop
  endfacet
  facet normal 0 -1 0
    outer loop
      vertex 19.5296 -15.5247 -1.5005
      vertex 20.4704 -15.5247 4.499
      vertex 19.5296 -15.5247 4.499
    endloop
  endfacet
  facet normal 0 -1 -0
    outer loop
      vertex 20.4704 -15.5247 4.499
      vertex 19.5296 -15.5247 -1.5005
      vertex 20.4704 -15.5247 -1.5005
    endloop
  endfacet
  facet normal -0.951058 -0.309012 0
    outer loop
      vertex 24.4017 -19.0644 -1.5005
      vertex 24.111 -18.1697 4.499
      vertex 24.111 -18.1697 -1.5005
    endloop
  endfacet
  facet normal -0.951058 -0.309012 0
    outer loop
      vertex 24.111 -18.1697 4.499
      vertex 24.4017 -19.0644 -1.5005
      vertex 24.4017 -19.0644 4.499
    endloop
  endfacet
  facet normal -0.994526 -0.104491 0
    outer loop
      vertex 24.5 -20 -1.5005
      vertex 24.4017 -19.0644 4.499
      vertex 24.4017 -19.0644 -1.5005
    endloop
  endfacet
  facet normal -0.994526 -0.104491 0
    outer loop
      vertex 24.4017 -19.0644 4.499
      vertex 24.5 -20 -1.5005
      vertex 24.5 -20 4.499
    endloop
  endfacet
  facet normal -0.743178 -0.669094 0
    outer loop
      vertex 23.6406 -17.355 -1.5005
      vertex 23.0111 -16.6558 4.499
      vertex 23.0111 -16.6558 -1.5005
    endloop
  endfacet
  facet normal -0.743178 -0.669094 0
    outer loop
      vertex 23.0111 -16.6558 4.499
      vertex 23.6406 -17.355 -1.5005
      vertex 23.6406 -17.355 4.499
    endloop
  endfacet
  facet normal 0.86601 0.500026 0
    outer loop
      vertex 16.3594 -22.645 4.499
      vertex 15.889 -21.8303 -1.5005
      vertex 15.889 -21.8303 4.499
    endloop
  endfacet
  facet normal 0.86601 0.500026 0
    outer loop
      vertex 15.889 -21.8303 -1.5005
      vertex 16.3594 -22.645 4.499
      vertex 16.3594 -22.645 -1.5005
    endloop
  endfacet
  facet normal 0.406799 0.913518 -0
    outer loop
      vertex 18.6094 -24.2798 -1.5005
      vertex 17.75 -23.8971 4.499
      vertex 18.6094 -24.2798 4.499
    endloop
  endfacet
  facet normal 0.406799 0.913518 0
    outer loop
      vertex 17.75 -23.8971 4.499
      vertex 18.6094 -24.2798 -1.5005
      vertex 17.75 -23.8971 -1.5005
    endloop
  endfacet
  facet normal -0.86601 -0.500026 0
    outer loop
      vertex 24.111 -18.1697 -1.5005
      vertex 23.6406 -17.355 4.499
      vertex 23.6406 -17.355 -1.5005
    endloop
  endfacet
  facet normal -0.86601 -0.500026 0
    outer loop
      vertex 23.6406 -17.355 4.499
      vertex 24.111 -18.1697 -1.5005
      vertex 24.111 -18.1697 4.499
    endloop
  endfacet
  facet normal -0.994526 0.104491 0
    outer loop
      vertex 24.4017 -20.9356 -1.5005
      vertex 24.5 -20 4.499
      vertex 24.5 -20 -1.5005
    endloop
  endfacet
  facet normal -0.994526 0.104491 0
    outer loop
      vertex 24.5 -20 4.499
      vertex 24.4017 -20.9356 -1.5005
      vertex 24.4017 -20.9356 4.499
    endloop
  endfacet
  facet normal 0 0 -1
    outer loop
      vertex 24.2245 -21.4807 4.499
      vertex 24.5 -20 4.499
      vertex 24.4017 -20.9356 4.499
    endloop
  endfacet
  facet normal -0 0 -1
    outer loop
      vertex 24.5 -20 4.499
      vertex 24.2245 -21.4807 4.499
      vertex 24.4017 -19.0644 4.499
    endloop
  endfacet
  facet normal 0 0 -1
    outer loop
      vertex 24.2245 -21.4807 4.499
      vertex 24.111 -18.1697 4.499
      vertex 24.4017 -19.0644 4.499
    endloop
  endfacet
  facet normal 0 0 -1
    outer loop
      vertex 24.2245 -21.4807 4.499
      vertex 23.6406 -17.355 4.499
      vertex 24.111 -18.1697 4.499
    endloop
  endfacet
  facet normal 0 0 -1
    outer loop
      vertex 24.2245 -21.4807 4.499
      vertex 23.0111 -16.6558 4.499
      vertex 23.6406 -17.355 4.499
    endloop
  endfacet
  facet normal 0 0 -1
    outer loop
      vertex 24.2245 -21.4807 4.499
      vertex 22.25 -16.1029 4.499
      vertex 23.0111 -16.6558 4.499
    endloop
  endfacet
  facet normal 0 0 -1
    outer loop
      vertex 24.2245 -21.4807 4.499
      vertex 21.3906 -15.7202 4.499
      vertex 22.25 -16.1029 4.499
    endloop
  endfacet
  facet normal 0 0 -1
    outer loop
      vertex 24.2245 -21.4807 4.499
      vertex 20.4704 -15.5247 4.499
      vertex 21.3906 -15.7202 4.499
    endloop
  endfacet
  facet normal 0 0 -1
    outer loop
      vertex 24.2245 -21.4807 4.499
      vertex 19.5296 -15.5247 4.499
      vertex 20.4704 -15.5247 4.499
    endloop
  endfacet
  facet normal 0 0 -1
    outer loop
      vertex 18.6214 -24.2823 4.499
      vertex 19.5296 -15.5247 4.499
      vertex 24.2245 -21.4807 4.499
    endloop
  endfacet
  facet normal 0 0 -1
    outer loop
      vertex 17.75 -23.8971 4.499
      vertex 18.6214 -24.2823 4.499
      vertex 18.6094 -24.2798 4.499
    endloop
  endfacet
  facet normal 0 0 -1
    outer loop
      vertex 18.6214 -24.2823 4.499
      vertex 18.6094 -15.7202 4.499
      vertex 19.5296 -15.5247 4.499
    endloop
  endfacet
  facet normal 0 0 -1
    outer loop
      vertex 18.6214 -24.2823 4.499
      vertex 17.75 -23.8971 4.499
      vertex 18.6094 -15.7202 4.499
    endloop
  endfacet
  facet normal 0 0 -1
    outer loop
      vertex 17.75 -23.8971 4.499
      vertex 17.75 -16.1029 4.499
      vertex 18.6094 -15.7202 4.499
    endloop
  endfacet
  facet normal 0 0 -1
    outer loop
      vertex 16.9889 -23.3442 4.499
      vertex 17.75 -16.1029 4.499
      vertex 17.75 -23.8971 4.499
    endloop
  endfacet
  facet normal 0 0 -1
    outer loop
      vertex 16.9889 -23.3442 4.499
      vertex 16.9889 -16.6558 4.499
      vertex 17.75 -16.1029 4.499
    endloop
  endfacet
  facet normal 0 0 -1
    outer loop
      vertex 16.3594 -22.645 4.499
      vertex 16.9889 -16.6558 4.499
      vertex 16.9889 -23.3442 4.499
    endloop
  endfacet
  facet normal 0 0 -1
    outer loop
      vertex 16.3594 -22.645 4.499
      vertex 16.3594 -17.355 4.499
      vertex 16.9889 -16.6558 4.499
    endloop
  endfacet
  facet normal 0 0 -1
    outer loop
      vertex 15.889 -21.8303 4.499
      vertex 16.3594 -17.355 4.499
      vertex 16.3594 -22.645 4.499
    endloop
  endfacet
  facet normal 0 0 -1
    outer loop
      vertex 15.889 -21.8303 4.499
      vertex 15.889 -18.1697 4.499
      vertex 16.3594 -17.355 4.499
    endloop
  endfacet
  facet normal 0 0 -1
    outer loop
      vertex 15.5983 -20.9356 4.499
      vertex 15.889 -18.1697 4.499
      vertex 15.889 -21.8303 4.499
    endloop
  endfacet
  facet normal 0 0 -1
    outer loop
      vertex 15.5983 -20.9356 4.499
      vertex 15.5983 -19.0644 4.499
      vertex 15.889 -18.1697 4.499
    endloop
  endfacet
  facet normal 0 -0 -1
    outer loop
      vertex 15.5983 -19.0644 4.499
      vertex 15.5983 -20.9356 4.499
      vertex 15.5 -20 4.499
    endloop
  endfacet
  facet normal -0.587735 -0.809053 0
    outer loop
      vertex 22.25 -16.1029 -1.5005
      vertex 23.0111 -16.6558 4.499
      vertex 22.25 -16.1029 4.499
    endloop
  endfacet
  facet normal -0.587735 -0.809053 -0
    outer loop
      vertex 23.0111 -16.6558 4.499
      vertex 22.25 -16.1029 -1.5005
      vertex 23.0111 -16.6558 -1.5005
    endloop
  endfacet
  facet normal -0.406799 -0.913518 0
    outer loop
      vertex 21.3906 -15.7202 -1.5005
      vertex 22.25 -16.1029 4.499
      vertex 21.3906 -15.7202 4.499
    endloop
  endfacet
  facet normal -0.406799 -0.913518 -0
    outer loop
      vertex 22.25 -16.1029 4.499
      vertex 21.3906 -15.7202 -1.5005
      vertex 22.25 -16.1029 -1.5005
    endloop
  endfacet
  facet normal -0.865888 0.500239 0
    outer loop
      vertex 23.9404 -22.1256 1.5005
      vertex 24.111 -21.8303 -1.5005
      vertex 23.9404 -22.1256 -1.5005
    endloop
  endfacet
  facet normal -0.865888 0.500239 0
    outer loop
      vertex 24.111 -21.8303 -1.5005
      vertex 23.9404 -22.1256 1.5005
      vertex 24.111 -21.8303 2.75314
    endloop
  endfacet
  facet normal 0.994526 -0.104491 0
    outer loop
      vertex 15.5 -20 4.499
      vertex 15.5983 -19.0644 -1.5005
      vertex 15.5983 -19.0644 4.499
    endloop
  endfacet
  facet normal 0.994526 -0.104491 0
    outer loop
      vertex 15.5983 -19.0644 -1.5005
      vertex 15.5 -20 4.499
      vertex 15.5 -20 -1.5005
    endloop
  endfacet
  facet normal 0.203954 0.97898 -0.000972668
    outer loop
      vertex 19.3271 -24.4323 1.5005
      vertex 18.6094 -24.2798 4.499
      vertex 18.6214 -24.2823 4.499
    endloop
  endfacet
  facet normal 0.207844 0.978162 0
    outer loop
      vertex 18.6094 -24.2798 -1.5005
      vertex 19.3271 -24.4323 1.5005
      vertex 19.3271 -24.4323 -1.5005
    endloop
  endfacet
  facet normal 0.207844 0.978162 0
    outer loop
      vertex 19.3271 -24.4323 1.5005
      vertex 18.6094 -24.2798 -1.5005
      vertex 18.6094 -24.2798 4.499
    endloop
  endfacet
  facet normal 0.86601 -0.500026 0
    outer loop
      vertex 15.889 -18.1697 4.499
      vertex 16.3594 -17.355 -1.5005
      vertex 16.3594 -17.355 4.499
    endloop
  endfacet
  facet normal 0.86601 -0.500026 0
    outer loop
      vertex 16.3594 -17.355 -1.5005
      vertex 15.889 -18.1697 4.499
      vertex 15.889 -18.1697 -1.5005
    endloop
  endfacet
  facet normal 0.951058 0.309012 0
    outer loop
      vertex 15.889 -21.8303 4.499
      vertex 15.5983 -20.9356 -1.5005
      vertex 15.5983 -20.9356 4.499
    endloop
  endfacet
  facet normal 0.951058 0.309012 0
    outer loop
      vertex 15.5983 -20.9356 -1.5005
      vertex 15.889 -21.8303 4.499
      vertex 15.889 -21.8303 -1.5005
    endloop
  endfacet
  facet normal -0.951058 0.309012 0
    outer loop
      vertex 24.111 -21.8303 2.75314
      vertex 24.4017 -20.9356 4.499
      vertex 24.4017 -20.9356 -1.5005
    endloop
  endfacet
  facet normal -0.951058 0.309012 0
    outer loop
      vertex 24.111 -21.8303 2.75314
      vertex 24.4017 -20.9356 -1.5005
      vertex 24.111 -21.8303 -1.5005
    endloop
  endfacet
  facet normal -0.951012 0.309153 -8.02147e-05
    outer loop
      vertex 24.4017 -20.9356 4.499
      vertex 24.111 -21.8303 2.75314
      vertex 24.2245 -21.4807 4.499
    endloop
  endfacet
  facet normal 0.743178 -0.669094 0
    outer loop
      vertex 16.3594 -17.355 4.499
      vertex 16.9889 -16.6558 -1.5005
      vertex 16.9889 -16.6558 4.499
    endloop
  endfacet
  facet normal 0.743178 -0.669094 0
    outer loop
      vertex 16.9889 -16.6558 -1.5005
      vertex 16.3594 -17.355 4.499
      vertex 16.3594 -17.355 -1.5005
    endloop
  endfacet
  facet normal 0.587735 -0.809053 0
    outer loop
      vertex 16.9889 -16.6558 -1.5005
      vertex 17.75 -16.1029 4.499
      vertex 16.9889 -16.6558 4.499
    endloop
  endfacet
  facet normal 0.587735 -0.809053 0
    outer loop
      vertex 17.75 -16.1029 4.499
      vertex 16.9889 -16.6558 -1.5005
      vertex 17.75 -16.1029 -1.5005
    endloop
  endfacet
  facet normal -0.207816 -0.978168 0
    outer loop
      vertex 20.4704 -15.5247 -1.5005
      vertex 21.3906 -15.7202 4.499
      vertex 20.4704 -15.5247 4.499
    endloop
  endfacet
  facet normal -0.207816 -0.978168 -0
    outer loop
      vertex 21.3906 -15.7202 4.499
      vertex 20.4704 -15.5247 -1.5005
      vertex 21.3906 -15.7202 -1.5005
    endloop
  endfacet
  facet normal 0.951058 -0.309012 0
    outer loop
      vertex 15.5983 -19.0644 4.499
      vertex 15.889 -18.1697 -1.5005
      vertex 15.889 -18.1697 4.499
    endloop
  endfacet
  facet normal 0.951058 -0.309012 0
    outer loop
      vertex 15.889 -18.1697 -1.5005
      vertex 15.5983 -19.0644 4.499
      vertex 15.5983 -19.0644 -1.5005
    endloop
  endfacet
  facet normal 0.406799 -0.913518 0
    outer loop
      vertex 17.75 -16.1029 -1.5005
      vertex 18.6094 -15.7202 4.499
      vertex 17.75 -16.1029 4.499
    endloop
  endfacet
  facet normal 0.406799 -0.913518 0
    outer loop
      vertex 18.6094 -15.7202 4.499
      vertex 17.75 -16.1029 -1.5005
      vertex 18.6094 -15.7202 -1.5005
    endloop
  endfacet
  facet normal 0.207816 -0.978168 0
    outer loop
      vertex 18.6094 -15.7202 -1.5005
      vertex 19.5296 -15.5247 4.499
      vertex 18.6094 -15.7202 4.499
    endloop
  endfacet
  facet normal 0.207816 -0.978168 0
    outer loop
      vertex 19.5296 -15.5247 4.499
      vertex 18.6094 -15.7202 -1.5005
      vertex 19.5296 -15.5247 -1.5005
    endloop
  endfacet
  facet normal 0.587735 0.809053 -0
    outer loop
      vertex 17.75 -23.8971 -1.5005
      vertex 16.9889 -23.3442 4.499
      vertex 17.75 -23.8971 4.499
    endloop
  endfacet
  facet normal 0.587735 0.809053 0
    outer loop
      vertex 16.9889 -23.3442 4.499
      vertex 17.75 -23.8971 -1.5005
      vertex 16.9889 -23.3442 -1.5005
    endloop
  endfacet
  facet normal 0.743178 0.669094 0
    outer loop
      vertex 16.9889 -23.3442 4.499
      vertex 16.3594 -22.645 -1.5005
      vertex 16.3594 -22.645 4.499
    endloop
  endfacet
  facet normal 0.743178 0.669094 0
    outer loop
      vertex 16.3594 -22.645 -1.5005
      vertex 16.9889 -23.3442 4.499
      vertex 16.9889 -23.3442 -1.5005
    endloop
  endfacet
  facet normal 0.994526 0.104491 0
    outer loop
      vertex 15.5983 -20.9356 4.499
      vertex 15.5 -20 -1.5005
      vertex 15.5 -20 4.499
    endloop
  endfacet
  facet normal 0.994526 0.104491 0
    outer loop
      vertex 15.5 -20 -1.5005
      vertex 15.5983 -20.9356 4.499
      vertex 15.5983 -20.9356 -1.5005
    endloop
  endfacet
  facet normal -0.951058 -0.309012 0
    outer loop
      vertex -15.5983 -19.0644 -1.5005
      vertex -15.889 -18.1697 4.499
      vertex -15.889 -18.1697 -1.5005
    endloop
  endfacet
  facet normal -0.951058 -0.309012 0
    outer loop
      vertex -15.889 -18.1697 4.499
      vertex -15.5983 -19.0644 -1.5005
      vertex -15.5983 -19.0644 4.499
    endloop
  endfacet
  facet normal -0.994526 -0.104491 0
    outer loop
      vertex -15.5 -20 -1.5005
      vertex -15.5983 -19.0644 4.499
      vertex -15.5983 -19.0644 -1.5005
    endloop
  endfacet
  facet normal -0.994526 -0.104491 0
    outer loop
      vertex -15.5983 -19.0644 4.499
      vertex -15.5 -20 -1.5005
      vertex -15.5 -20 4.499
    endloop
  endfacet
  facet normal -0.951058 0.309012 0
    outer loop
      vertex -15.889 -21.8303 -1.5005
      vertex -15.5983 -20.9356 4.499
      vertex -15.5983 -20.9356 -1.5005
    endloop
  endfacet
  facet normal -0.951058 0.309012 0
    outer loop
      vertex -15.5983 -20.9356 4.499
      vertex -15.889 -21.8303 -1.5005
      vertex -15.889 -21.8303 4.499
    endloop
  endfacet
  facet normal -0.406799 -0.913518 0
    outer loop
      vertex -18.6094 -15.7202 -1.5005
      vertex -17.75 -16.1029 4.499
      vertex -18.6094 -15.7202 4.499
    endloop
  endfacet
  facet normal -0.406799 -0.913518 -0
    outer loop
      vertex -17.75 -16.1029 4.499
      vertex -18.6094 -15.7202 -1.5005
      vertex -17.75 -16.1029 -1.5005
    endloop
  endfacet
  facet normal 0.587735 -0.809053 0
    outer loop
      vertex -23.0111 -16.6558 -1.5005
      vertex -22.25 -16.1029 4.499
      vertex -23.0111 -16.6558 4.499
    endloop
  endfacet
  facet normal 0.587735 -0.809053 0
    outer loop
      vertex -22.25 -16.1029 4.499
      vertex -23.0111 -16.6558 -1.5005
      vertex -22.25 -16.1029 -1.5005
    endloop
  endfacet
  facet normal 0.406799 -0.913518 0
    outer loop
      vertex -22.25 -16.1029 -1.5005
      vertex -21.3906 -15.7202 4.499
      vertex -22.25 -16.1029 4.499
    endloop
  endfacet
  facet normal 0.406799 -0.913518 0
    outer loop
      vertex -21.3906 -15.7202 4.499
      vertex -22.25 -16.1029 -1.5005
      vertex -21.3906 -15.7202 -1.5005
    endloop
  endfacet
  facet normal -0.587735 0.809053 0
    outer loop
      vertex -16.9889 -23.3442 -1.5005
      vertex -17.75 -23.8971 4.499
      vertex -16.9889 -23.3442 4.499
    endloop
  endfacet
  facet normal -0.587735 0.809053 0
    outer loop
      vertex -17.75 -23.8971 4.499
      vertex -16.9889 -23.3442 -1.5005
      vertex -17.75 -23.8971 -1.5005
    endloop
  endfacet
  facet normal 0.865888 0.500239 0
    outer loop
      vertex -23.9404 -22.1256 1.5005
      vertex -24.111 -21.8303 -1.5005
      vertex -24.111 -21.8303 2.54752
    endloop
  endfacet
  facet normal 0.865888 0.500239 0
    outer loop
      vertex -24.111 -21.8303 -1.5005
      vertex -23.9404 -22.1256 1.5005
      vertex -23.9404 -22.1256 -1.5005
    endloop
  endfacet
  facet normal -0.406782 0.913525 -3.96754e-05
    outer loop
      vertex -17.75 -23.8971 4.499
      vertex -18.6094 -24.2798 4.04935
      vertex -18.514 -24.2373 4.499
    endloop
  endfacet
  facet normal -0.406799 0.913518 0
    outer loop
      vertex -17.75 -23.8971 -1.5005
      vertex -18.6094 -24.2798 4.04935
      vertex -17.75 -23.8971 4.499
    endloop
  endfacet
  facet normal -0.406799 0.913518 0
    outer loop
      vertex -18.6094 -24.2798 4.04935
      vertex -17.75 -23.8971 -1.5005
      vertex -18.6094 -24.2798 -1.5005
    endloop
  endfacet
  facet normal -0.207844 0.978162 0
    outer loop
      vertex -18.6094 -24.2798 -1.5005
      vertex -19.3271 -24.4323 1.5005
      vertex -18.6094 -24.2798 4.04935
    endloop
  endfacet
  facet normal -0.207844 0.978162 0
    outer loop
      vertex -19.3271 -24.4323 1.5005
      vertex -18.6094 -24.2798 -1.5005
      vertex -19.3271 -24.4323 -1.5005
    endloop
  endfacet
  facet normal -0.587735 -0.809053 0
    outer loop
      vertex -17.75 -16.1029 -1.5005
      vertex -16.9889 -16.6558 4.499
      vertex -17.75 -16.1029 4.499
    endloop
  endfacet
  facet normal -0.587735 -0.809053 -0
    outer loop
      vertex -16.9889 -16.6558 4.499
      vertex -17.75 -16.1029 -1.5005
      vertex -16.9889 -16.6558 -1.5005
    endloop
  endfacet
  facet normal 0.951058 -0.309012 0
    outer loop
      vertex -24.4017 -19.0644 4.499
      vertex -24.111 -18.1697 -1.5005
      vertex -24.111 -18.1697 4.499
    endloop
  endfacet
  facet normal 0.951058 -0.309012 0
    outer loop
      vertex -24.111 -18.1697 -1.5005
      vertex -24.4017 -19.0644 4.499
      vertex -24.4017 -19.0644 -1.5005
    endloop
  endfacet
  facet normal -0.994526 0.104491 0
    outer loop
      vertex -15.5983 -20.9356 -1.5005
      vertex -15.5 -20 4.499
      vertex -15.5 -20 -1.5005
    endloop
  endfacet
  facet normal -0.994526 0.104491 0
    outer loop
      vertex -15.5 -20 4.499
      vertex -15.5983 -20.9356 -1.5005
      vertex -15.5983 -20.9356 4.499
    endloop
  endfacet
  facet normal 0.743178 -0.669094 0
    outer loop
      vertex -23.6406 -17.355 4.499
      vertex -23.0111 -16.6558 -1.5005
      vertex -23.0111 -16.6558 4.499
    endloop
  endfacet
  facet normal 0.743178 -0.669094 0
    outer loop
      vertex -23.0111 -16.6558 -1.5005
      vertex -23.6406 -17.355 4.499
      vertex -23.6406 -17.355 -1.5005
    endloop
  endfacet
  facet normal 0 -1 0
    outer loop
      vertex -20.4704 -15.5247 -1.5005
      vertex -19.5296 -15.5247 4.499
      vertex -20.4704 -15.5247 4.499
    endloop
  endfacet
  facet normal 0 -1 -0
    outer loop
      vertex -19.5296 -15.5247 4.499
      vertex -20.4704 -15.5247 -1.5005
      vertex -19.5296 -15.5247 -1.5005
    endloop
  endfacet
  facet normal -0.86601 0.500026 0
    outer loop
      vertex -16.3594 -22.645 -1.5005
      vertex -15.889 -21.8303 4.499
      vertex -15.889 -21.8303 -1.5005
    endloop
  endfacet
  facet normal -0.86601 0.500026 0
    outer loop
      vertex -15.889 -21.8303 4.499
      vertex -16.3594 -22.645 -1.5005
      vertex -16.3594 -22.645 4.499
    endloop
  endfacet
  facet normal 0.207816 -0.978168 0
    outer loop
      vertex -21.3906 -15.7202 -1.5005
      vertex -20.4704 -15.5247 4.499
      vertex -21.3906 -15.7202 4.499
    endloop
  endfacet
  facet normal 0.207816 -0.978168 0
    outer loop
      vertex -20.4704 -15.5247 4.499
      vertex -21.3906 -15.7202 -1.5005
      vertex -20.4704 -15.5247 -1.5005
    endloop
  endfacet
  facet normal -0.743178 0.669094 0
    outer loop
      vertex -16.9889 -23.3442 -1.5005
      vertex -16.3594 -22.645 4.499
      vertex -16.3594 -22.645 -1.5005
    endloop
  endfacet
  facet normal -0.743178 0.669094 0
    outer loop
      vertex -16.3594 -22.645 4.499
      vertex -16.9889 -23.3442 -1.5005
      vertex -16.9889 -23.3442 4.499
    endloop
  endfacet
  facet normal -0.743178 -0.669094 0
    outer loop
      vertex -16.3594 -17.355 -1.5005
      vertex -16.9889 -16.6558 4.499
      vertex -16.9889 -16.6558 -1.5005
    endloop
  endfacet
  facet normal -0.743178 -0.669094 0
    outer loop
      vertex -16.9889 -16.6558 4.499
      vertex -16.3594 -17.355 -1.5005
      vertex -16.3594 -17.355 4.499
    endloop
  endfacet
  facet normal 0.994526 -0.104491 0
    outer loop
      vertex -24.5 -20 4.499
      vertex -24.4017 -19.0644 -1.5005
      vertex -24.4017 -19.0644 4.499
    endloop
  endfacet
  facet normal 0.994526 -0.104491 0
    outer loop
      vertex -24.4017 -19.0644 -1.5005
      vertex -24.5 -20 4.499
      vertex -24.5 -20 -1.5005
    endloop
  endfacet
  facet normal -0.86601 -0.500026 0
    outer loop
      vertex -15.889 -18.1697 -1.5005
      vertex -16.3594 -17.355 4.499
      vertex -16.3594 -17.355 -1.5005
    endloop
  endfacet
  facet normal -0.86601 -0.500026 0
    outer loop
      vertex -16.3594 -17.355 4.499
      vertex -15.889 -18.1697 -1.5005
      vertex -15.889 -18.1697 4.499
    endloop
  endfacet
  facet normal 0.95106 0.309006 3.05737e-06
    outer loop
      vertex -24.111 -21.8303 2.54752
      vertex -24.4017 -20.9356 4.499
      vertex -24.2629 -21.3628 4.499
    endloop
  endfacet
  facet normal 0.951058 0.309012 0
    outer loop
      vertex -24.4017 -20.9356 4.499
      vertex -24.111 -21.8303 2.54752
      vertex -24.4017 -20.9356 -1.5005
    endloop
  endfacet
  facet normal 0.951058 0.309012 0
    outer loop
      vertex -24.4017 -20.9356 -1.5005
      vertex -24.111 -21.8303 2.54752
      vertex -24.111 -21.8303 -1.5005
    endloop
  endfacet
  facet normal -0.207816 -0.978168 0
    outer loop
      vertex -19.5296 -15.5247 -1.5005
      vertex -18.6094 -15.7202 4.499
      vertex -19.5296 -15.5247 4.499
    endloop
  endfacet
  facet normal -0.207816 -0.978168 -0
    outer loop
      vertex -18.6094 -15.7202 4.499
      vertex -19.5296 -15.5247 -1.5005
      vertex -18.6094 -15.7202 -1.5005
    endloop
  endfacet
  facet normal 0 0 -1
    outer loop
      vertex -15.5983 -20.9356 4.499
      vertex -15.5983 -19.0644 4.499
      vertex -15.5 -20 4.499
    endloop
  endfacet
  facet normal 0 0 -1
    outer loop
      vertex -15.889 -21.8303 4.499
      vertex -15.5983 -19.0644 4.499
      vertex -15.5983 -20.9356 4.499
    endloop
  endfacet
  facet normal 0 0 -1
    outer loop
      vertex -15.889 -21.8303 4.499
      vertex -15.889 -18.1697 4.499
      vertex -15.5983 -19.0644 4.499
    endloop
  endfacet
  facet normal 0 0 -1
    outer loop
      vertex -16.3594 -22.645 4.499
      vertex -15.889 -18.1697 4.499
      vertex -15.889 -21.8303 4.499
    endloop
  endfacet
  facet normal 0 0 -1
    outer loop
      vertex -16.3594 -22.645 4.499
      vertex -16.3594 -17.355 4.499
      vertex -15.889 -18.1697 4.499
    endloop
  endfacet
  facet normal 0 0 -1
    outer loop
      vertex -16.9889 -23.3442 4.499
      vertex -16.3594 -17.355 4.499
      vertex -16.3594 -22.645 4.499
    endloop
  endfacet
  facet normal 0 0 -1
    outer loop
      vertex -16.9889 -23.3442 4.499
      vertex -16.9889 -16.6558 4.499
      vertex -16.3594 -17.355 4.499
    endloop
  endfacet
  facet normal 0 0 -1
    outer loop
      vertex -18.514 -24.2373 4.499
      vertex -16.9889 -23.3442 4.499
      vertex -17.75 -23.8971 4.499
    endloop
  endfacet
  facet normal -0 0 -1
    outer loop
      vertex -16.9889 -23.3442 4.499
      vertex -18.514 -24.2373 4.499
      vertex -16.9889 -16.6558 4.499
    endloop
  endfacet
  facet normal -0 0 -1
    outer loop
      vertex -16.9889 -16.6558 4.499
      vertex -18.514 -24.2373 4.499
      vertex -17.75 -16.1029 4.499
    endloop
  endfacet
  facet normal 0 0 -1
    outer loop
      vertex -18.514 -24.2373 4.499
      vertex -18.6094 -15.7202 4.499
      vertex -17.75 -16.1029 4.499
    endloop
  endfacet
  facet normal 0 0 -1
    outer loop
      vertex -18.514 -24.2373 4.499
      vertex -19.5296 -15.5247 4.499
      vertex -18.6094 -15.7202 4.499
    endloop
  endfacet
  facet normal 0 0 -1
    outer loop
      vertex -18.514 -24.2373 4.499
      vertex -20.4704 -15.5247 4.499
      vertex -19.5296 -15.5247 4.499
    endloop
  endfacet
  facet normal 0 0 -1
    outer loop
      vertex -18.514 -24.2373 4.499
      vertex -21.3906 -15.7202 4.499
      vertex -20.4704 -15.5247 4.499
    endloop
  endfacet
  facet normal 0 0 -1
    outer loop
      vertex -18.514 -24.2373 4.499
      vertex -22.25 -16.1029 4.499
      vertex -21.3906 -15.7202 4.499
    endloop
  endfacet
  facet normal 0 0 -1
    outer loop
      vertex -18.514 -24.2373 4.499
      vertex -23.0111 -16.6558 4.499
      vertex -22.25 -16.1029 4.499
    endloop
  endfacet
  facet normal 0 0 -1
    outer loop
      vertex -18.514 -24.2373 4.499
      vertex -23.6406 -17.355 4.499
      vertex -23.0111 -16.6558 4.499
    endloop
  endfacet
  facet normal 0 0 -1
    outer loop
      vertex -18.514 -24.2373 4.499
      vertex -24.111 -18.1697 4.499
      vertex -23.6406 -17.355 4.499
    endloop
  endfacet
  facet normal 0 0 -1
    outer loop
      vertex -24.2629 -21.3628 4.499
      vertex -24.111 -18.1697 4.499
      vertex -18.514 -24.2373 4.499
    endloop
  endfacet
  facet normal 0 0 -1
    outer loop
      vertex -24.5 -20 4.499
      vertex -24.2629 -21.3628 4.499
      vertex -24.4017 -20.9356 4.499
    endloop
  endfacet
  facet normal 0 0 -1
    outer loop
      vertex -24.2629 -21.3628 4.499
      vertex -24.4017 -19.0644 4.499
      vertex -24.111 -18.1697 4.499
    endloop
  endfacet
  facet normal 0 0 -1
    outer loop
      vertex -24.2629 -21.3628 4.499
      vertex -24.5 -20 4.499
      vertex -24.4017 -19.0644 4.499
    endloop
  endfacet
  facet normal 0.994526 0.104491 0
    outer loop
      vertex -24.4017 -20.9356 4.499
      vertex -24.5 -20 -1.5005
      vertex -24.5 -20 4.499
    endloop
  endfacet
  facet normal 0.994526 0.104491 0
    outer loop
      vertex -24.5 -20 -1.5005
      vertex -24.4017 -20.9356 4.499
      vertex -24.4017 -20.9356 -1.5005
    endloop
  endfacet
  facet normal 0.86601 -0.500026 0
    outer loop
      vertex -24.111 -18.1697 4.499
      vertex -23.6406 -17.355 -1.5005
      vertex -23.6406 -17.355 4.499
    endloop
  endfacet
  facet normal 0.86601 -0.500026 0
    outer loop
      vertex -23.6406 -17.355 -1.5005
      vertex -24.111 -18.1697 4.499
      vertex -24.111 -18.1697 -1.5005
    endloop
  endfacet
  facet normal 0.406768 -0.913531 0
    outer loop
      vertex -29.55 -14.0153 -1.5005
      vertex -28.958 -13.7517 1.599
      vertex -29.55 -14.0153 1.599
    endloop
  endfacet
  facet normal 0.406768 -0.913531 0
    outer loop
      vertex -28.958 -13.7517 1.599
      vertex -29.55 -14.0153 -1.5005
      vertex -28.958 -13.7517 -1.5005
    endloop
  endfacet
  facet normal -0.743095 -0.669186 0
    outer loop
      vertex -25.492 -14.8779 -1.5005
      vertex -25.9257 -14.3963 1.599
      vertex -25.9257 -14.3963 -1.5005
    endloop
  endfacet
  facet normal -0.743095 -0.669186 0
    outer loop
      vertex -25.9257 -14.3963 1.599
      vertex -25.492 -14.8779 -1.5005
      vertex -25.492 -14.8779 1.599
    endloop
  endfacet
  facet normal -0.866031 -0.49999 0
    outer loop
      vertex -25.168 -15.4391 -1.5005
      vertex -25.492 -14.8779 1.599
      vertex -25.492 -14.8779 -1.5005
    endloop
  endfacet
  facet normal -0.866031 -0.49999 0
    outer loop
      vertex -25.492 -14.8779 1.599
      vertex -25.168 -15.4391 -1.5005
      vertex -25.168 -15.4391 1.599
    endloop
  endfacet
  facet normal -0.58786 -0.808963 0
    outer loop
      vertex -26.45 -14.0153 -1.5005
      vertex -25.9257 -14.3963 1.599
      vertex -26.45 -14.0153 1.599
    endloop
  endfacet
  facet normal -0.58786 -0.808963 -0
    outer loop
      vertex -25.9257 -14.3963 1.599
      vertex -26.45 -14.0153 -1.5005
      vertex -25.9257 -14.3963 -1.5005
    endloop
  endfacet
  facet normal 0 -1 0
    outer loop
      vertex -28.324 -13.617 -1.5005
      vertex -27.676 -13.617 1.599
      vertex -28.324 -13.617 1.599
    endloop
  endfacet
  facet normal 0 -1 -0
    outer loop
      vertex -27.676 -13.617 1.599
      vertex -28.324 -13.617 -1.5005
      vertex -27.676 -13.617 -1.5005
    endloop
  endfacet
  facet normal -0.994528 -0.104468 0
    outer loop
      vertex -24.9 -16.7 -1.5005
      vertex -24.9677 -16.0555 1.599
      vertex -24.9677 -16.0555 -1.5005
    endloop
  endfacet
  facet normal -0.994528 -0.104468 0
    outer loop
      vertex -24.9677 -16.0555 1.599
      vertex -24.9 -16.7 -1.5005
      vertex -24.9 -16.7 1.599
    endloop
  endfacet
  facet normal -0.406768 -0.913531 0
    outer loop
      vertex -27.042 -13.7517 -1.5005
      vertex -26.45 -14.0153 1.599
      vertex -27.042 -13.7517 1.599
    endloop
  endfacet
  facet normal -0.406768 -0.913531 -0
    outer loop
      vertex -26.45 -14.0153 1.599
      vertex -27.042 -13.7517 -1.5005
      vertex -26.45 -14.0153 -1.5005
    endloop
  endfacet
  facet normal -0.951048 -0.309044 0
    outer loop
      vertex -24.9677 -16.0555 -1.5005
      vertex -25.168 -15.4391 1.599
      vertex -25.168 -15.4391 -1.5005
    endloop
  endfacet
  facet normal -0.951048 -0.309044 0
    outer loop
      vertex -25.168 -15.4391 1.599
      vertex -24.9677 -16.0555 -1.5005
      vertex -24.9677 -16.0555 1.599
    endloop
  endfacet
  facet normal 0.58786 -0.808963 -0.000341114
    outer loop
      vertex -30.05 -14.3786 1.5005
      vertex -29.55 -14.0153 1.599
      vertex -29.9971 -14.3402 1.599
    endloop
  endfacet
  facet normal 0.587816 -0.808995 0
    outer loop
      vertex -29.55 -14.0153 -1.5005
      vertex -30.05 -14.3786 1.5005
      vertex -30.05 -14.3786 -1.5005
    endloop
  endfacet
  facet normal 0.587816 -0.808995 0
    outer loop
      vertex -30.05 -14.3786 1.5005
      vertex -29.55 -14.0153 -1.5005
      vertex -29.55 -14.0153 1.599
    endloop
  endfacet
  facet normal -0.207822 -0.978167 0
    outer loop
      vertex -27.676 -13.617 -1.5005
      vertex -27.042 -13.7517 1.599
      vertex -27.676 -13.617 1.599
    endloop
  endfacet
  facet normal -0.207822 -0.978167 -0
    outer loop
      vertex -27.042 -13.7517 1.599
      vertex -27.676 -13.617 -1.5005
      vertex -27.042 -13.7517 -1.5005
    endloop
  endfacet
  facet normal -1 0 0
    outer loop
      vertex -24.9 -21.6459 1.5005
      vertex -24.9 -16.7 1.599
      vertex -24.9 -16.7 -1.5005
    endloop
  endfacet
  facet normal -1 0 0
    outer loop
      vertex -24.9 -21.6459 1.5005
      vertex -24.9 -16.7 -1.5005
      vertex -24.9 -21.6459 -1.5005
    endloop
  endfacet
  facet normal -1 -0 0
    outer loop
      vertex -24.9 -16.7 1.599
      vertex -24.9 -21.6459 1.5005
      vertex -24.9 -21.6261 1.599
    endloop
  endfacet
  facet normal 0.207822 -0.978167 0
    outer loop
      vertex -28.958 -13.7517 -1.5005
      vertex -28.324 -13.617 1.599
      vertex -28.958 -13.7517 1.599
    endloop
  endfacet
  facet normal 0.207822 -0.978167 0
    outer loop
      vertex -28.324 -13.617 1.599
      vertex -28.958 -13.7517 -1.5005
      vertex -28.324 -13.617 -1.5005
    endloop
  endfacet
  facet normal 0 0 -1
    outer loop
      vertex -28.723 -19.7146 1.599
      vertex -24.9 -16.7 1.599
      vertex -24.9 -21.6261 1.599
    endloop
  endfacet
  facet normal 0 0 -1
    outer loop
      vertex -29.9971 -17.5071 1.599
      vertex -24.9 -16.7 1.599
      vertex -28.723 -19.7146 1.599
    endloop
  endfacet
  facet normal -0 0 -1
    outer loop
      vertex -24.9 -16.7 1.599
      vertex -29.9971 -17.5071 1.599
      vertex -24.9677 -16.0555 1.599
    endloop
  endfacet
  facet normal -0 0 -1
    outer loop
      vertex -24.9677 -16.0555 1.599
      vertex -29.9971 -17.5071 1.599
      vertex -25.168 -15.4391 1.599
    endloop
  endfacet
  facet normal -0 0 -1
    outer loop
      vertex -25.168 -15.4391 1.599
      vertex -29.9971 -17.5071 1.599
      vertex -25.492 -14.8779 1.599
    endloop
  endfacet
  facet normal -0 0 -1
    outer loop
      vertex -25.492 -14.8779 1.599
      vertex -29.9971 -17.5071 1.599
      vertex -25.9257 -14.3963 1.599
    endloop
  endfacet
  facet normal -0 0 -1
    outer loop
      vertex -25.9257 -14.3963 1.599
      vertex -29.9971 -17.5071 1.599
      vertex -26.45 -14.0153 1.599
    endloop
  endfacet
  facet normal -0 0 -1
    outer loop
      vertex -26.45 -14.0153 1.599
      vertex -29.9971 -17.5071 1.599
      vertex -27.042 -13.7517 1.599
    endloop
  endfacet
  facet normal -0 0 -1
    outer loop
      vertex -27.042 -13.7517 1.599
      vertex -29.9971 -17.5071 1.599
      vertex -27.676 -13.617 1.599
    endloop
  endfacet
  facet normal -0 0 -1
    outer loop
      vertex -27.676 -13.617 1.599
      vertex -29.9971 -17.5071 1.599
      vertex -28.324 -13.617 1.599
    endloop
  endfacet
  facet normal 0 0 -1
    outer loop
      vertex -29.9971 -17.5071 1.599
      vertex -28.723 -19.7146 1.599
      vertex -29.1535 -19.4018 1.599
    endloop
  endfacet
  facet normal 0 0 -1
    outer loop
      vertex -29.5099 -19.0061 1.599
      vertex -29.1535 -19.4018 1.599
      vertex -29.1539 -19.4015 1.599
    endloop
  endfacet
  facet normal 0 0 -1
    outer loop
      vertex -29.1535 -19.4018 1.599
      vertex -29.5099 -19.0061 1.599
      vertex -29.9971 -17.5071 1.599
    endloop
  endfacet
  facet normal 0 0 -1
    outer loop
      vertex -29.7763 -18.5449 1.599
      vertex -29.5099 -19.0061 1.599
      vertex -29.5103 -19.0057 1.599
    endloop
  endfacet
  facet normal 0 0 -1
    outer loop
      vertex -28.324 -13.617 1.599
      vertex -29.9971 -17.5071 1.599
      vertex -28.958 -13.7517 1.599
    endloop
  endfacet
  facet normal 0 0 -1
    outer loop
      vertex -29.5099 -19.0061 1.599
      vertex -29.7763 -18.5449 1.599
      vertex -29.9971 -17.5071 1.599
    endloop
  endfacet
  facet normal 0 0 -1
    outer loop
      vertex -29.7768 -18.5438 1.599
      vertex -29.7763 -18.5449 1.599
      vertex -29.7766 -18.5444 1.599
    endloop
  endfacet
  facet normal 0 0 -1
    outer loop
      vertex -29.7763 -18.5449 1.599
      vertex -29.7768 -18.5438 1.599
      vertex -29.9971 -17.5071 1.599
    endloop
  endfacet
  facet normal 0 0 -1
    outer loop
      vertex -29.9415 -18.0363 1.599
      vertex -29.7768 -18.5438 1.599
      vertex -29.9413 -18.0377 1.599
    endloop
  endfacet
  facet normal 0 0 -1
    outer loop
      vertex -29.9415 -18.0363 1.599
      vertex -29.9413 -18.0377 1.599
      vertex -29.9414 -18.037 1.599
    endloop
  endfacet
  facet normal 0 0 -1
    outer loop
      vertex -29.7768 -18.5438 1.599
      vertex -29.9415 -18.0363 1.599
      vertex -29.9971 -17.5071 1.599
    endloop
  endfacet
  facet normal 0 0 -1
    outer loop
      vertex -28.958 -13.7517 1.599
      vertex -29.9971 -17.5071 1.599
      vertex -29.55 -14.0153 1.599
    endloop
  endfacet
  facet normal 0 0 -1
    outer loop
      vertex -29.55 -14.0153 1.599
      vertex -29.9971 -17.5071 1.599
      vertex -29.9971 -14.3402 1.599
    endloop
  endfacet
  facet normal 0.406768 -0.913531 0
    outer loop
      vertex 26.45 -14.0153 -1.5005
      vertex 27.042 -13.7517 1.599
      vertex 26.45 -14.0153 1.599
    endloop
  endfacet
  facet normal 0.406768 -0.913531 0
    outer loop
      vertex 27.042 -13.7517 1.599
      vertex 26.45 -14.0153 -1.5005
      vertex 27.042 -13.7517 -1.5005
    endloop
  endfacet
  facet normal -0.587885 -0.808944 -0.000539418
    outer loop
      vertex 29.55 -14.0153 1.599
      vertex 30.05 -14.3786 1.5005
      vertex 30.0034 -14.3448 1.599
    endloop
  endfacet
  facet normal -0.587816 -0.808995 0
    outer loop
      vertex 29.55 -14.0153 -1.5005
      vertex 30.05 -14.3786 1.5005
      vertex 29.55 -14.0153 1.599
    endloop
  endfacet
  facet normal -0.587816 -0.808995 -0
    outer loop
      vertex 30.05 -14.3786 1.5005
      vertex 29.55 -14.0153 -1.5005
      vertex 30.05 -14.3786 -1.5005
    endloop
  endfacet
  facet normal 0.866031 -0.49999 0
    outer loop
      vertex 25.168 -15.4391 1.599
      vertex 25.492 -14.8779 -1.5005
      vertex 25.492 -14.8779 1.599
    endloop
  endfacet
  facet normal 0.866031 -0.49999 0
    outer loop
      vertex 25.492 -14.8779 -1.5005
      vertex 25.168 -15.4391 1.599
      vertex 25.168 -15.4391 -1.5005
    endloop
  endfacet
  facet normal 0.994528 -0.104468 0
    outer loop
      vertex 24.9 -16.7 1.599
      vertex 24.9677 -16.0555 -1.5005
      vertex 24.9677 -16.0555 1.599
    endloop
  endfacet
  facet normal 0.994528 -0.104468 0
    outer loop
      vertex 24.9677 -16.0555 -1.5005
      vertex 24.9 -16.7 1.599
      vertex 24.9 -16.7 -1.5005
    endloop
  endfacet
  facet normal 0.951048 -0.309044 0
    outer loop
      vertex 24.9677 -16.0555 1.599
      vertex 25.168 -15.4391 -1.5005
      vertex 25.168 -15.4391 1.599
    endloop
  endfacet
  facet normal 0.951048 -0.309044 0
    outer loop
      vertex 25.168 -15.4391 -1.5005
      vertex 24.9677 -16.0555 1.599
      vertex 24.9677 -16.0555 -1.5005
    endloop
  endfacet
  facet normal 0 -1 0
    outer loop
      vertex 27.676 -13.617 -1.5005
      vertex 28.324 -13.617 1.599
      vertex 27.676 -13.617 1.599
    endloop
  endfacet
  facet normal 0 -1 -0
    outer loop
      vertex 28.324 -13.617 1.599
      vertex 27.676 -13.617 -1.5005
      vertex 28.324 -13.617 -1.5005
    endloop
  endfacet
  facet normal -0.406768 -0.913531 0
    outer loop
      vertex 28.958 -13.7517 -1.5005
      vertex 29.55 -14.0153 1.599
      vertex 28.958 -13.7517 1.599
    endloop
  endfacet
  facet normal -0.406768 -0.913531 -0
    outer loop
      vertex 29.55 -14.0153 1.599
      vertex 28.958 -13.7517 -1.5005
      vertex 29.55 -14.0153 -1.5005
    endloop
  endfacet
  facet normal 0.58786 -0.808963 0
    outer loop
      vertex 25.9257 -14.3963 -1.5005
      vertex 26.45 -14.0153 1.599
      vertex 25.9257 -14.3963 1.599
    endloop
  endfacet
  facet normal 0.58786 -0.808963 0
    outer loop
      vertex 26.45 -14.0153 1.599
      vertex 25.9257 -14.3963 -1.5005
      vertex 26.45 -14.0153 -1.5005
    endloop
  endfacet
  facet normal 0.743095 -0.669186 0
    outer loop
      vertex 25.492 -14.8779 1.599
      vertex 25.9257 -14.3963 -1.5005
      vertex 25.9257 -14.3963 1.599
    endloop
  endfacet
  facet normal 0.743095 -0.669186 0
    outer loop
      vertex 25.9257 -14.3963 -1.5005
      vertex 25.492 -14.8779 1.599
      vertex 25.492 -14.8779 -1.5005
    endloop
  endfacet
  facet normal -0.207822 -0.978167 0
    outer loop
      vertex 28.324 -13.617 -1.5005
      vertex 28.958 -13.7517 1.599
      vertex 28.324 -13.617 1.599
    endloop
  endfacet
  facet normal -0.207822 -0.978167 -0
    outer loop
      vertex 28.958 -13.7517 1.599
      vertex 28.324 -13.617 -1.5005
      vertex 28.958 -13.7517 -1.5005
    endloop
  endfacet
  facet normal 0.207822 -0.978167 0
    outer loop
      vertex 27.042 -13.7517 -1.5005
      vertex 27.676 -13.617 1.599
      vertex 27.042 -13.7517 1.599
    endloop
  endfacet
  facet normal 0.207822 -0.978167 0
    outer loop
      vertex 27.676 -13.617 1.599
      vertex 27.042 -13.7517 -1.5005
      vertex 27.676 -13.617 -1.5005
    endloop
  endfacet
  facet normal 1 0 0
    outer loop
      vertex 24.9 -21.6459 1.5005
      vertex 24.9 -16.7 1.599
      vertex 24.9 -21.6293 1.599
    endloop
  endfacet
  facet normal 1 0 0
    outer loop
      vertex 24.9 -16.7 1.599
      vertex 24.9 -21.6459 1.5005
      vertex 24.9 -16.7 -1.5005
    endloop
  endfacet
  facet normal 1 0 0
    outer loop
      vertex 24.9 -16.7 -1.5005
      vertex 24.9 -21.6459 1.5005
      vertex 24.9 -21.6459 -1.5005
    endloop
  endfacet
  facet normal 0 0 -1
    outer loop
      vertex 24.9 -16.7 1.599
      vertex 30.0034 -17.5071 1.599
      vertex 30.0034 -17.5078 1.599
    endloop
  endfacet
  facet normal 0 0 -1
    outer loop
      vertex 24.9 -16.7 1.599
      vertex 30.0034 -17.5078 1.599
      vertex 29.9478 -18.037 1.599
    endloop
  endfacet
  facet normal 0 0 -1
    outer loop
      vertex 24.9 -16.7 1.599
      vertex 29.9478 -18.037 1.599
      vertex 29.9476 -18.0377 1.599
    endloop
  endfacet
  facet normal 0 0 -1
    outer loop
      vertex 24.9 -16.7 1.599
      vertex 29.9476 -18.0377 1.599
      vertex 29.7832 -18.5438 1.599
    endloop
  endfacet
  facet normal 0 0 -1
    outer loop
      vertex 29.7827 -18.5449 1.599
      vertex 29.7832 -18.5438 1.599
      vertex 29.783 -18.5444 1.599
    endloop
  endfacet
  facet normal 0 0 -1
    outer loop
      vertex 29.5167 -19.0057 1.599
      vertex 29.7832 -18.5438 1.599
      vertex 29.7827 -18.5449 1.599
    endloop
  endfacet
  facet normal 0 0 -1
    outer loop
      vertex 30.0034 -17.5071 1.599
      vertex 29.55 -14.0153 1.599
      vertex 30.0034 -14.3448 1.599
    endloop
  endfacet
  facet normal -0 0 -1
    outer loop
      vertex 29.7832 -18.5438 1.599
      vertex 29.5167 -19.0057 1.599
      vertex 24.9 -16.7 1.599
    endloop
  endfacet
  facet normal 0 0 -1
    outer loop
      vertex 24.9 -16.7 1.599
      vertex 29.5167 -19.0057 1.599
      vertex 29.5164 -19.0061 1.599
    endloop
  endfacet
  facet normal 0 0 -1
    outer loop
      vertex 29.16 -19.4018 1.599
      vertex 29.5164 -19.0061 1.599
      vertex 29.1603 -19.4015 1.599
    endloop
  endfacet
  facet normal -0 0 -1
    outer loop
      vertex 29.5164 -19.0061 1.599
      vertex 29.16 -19.4018 1.599
      vertex 24.9 -16.7 1.599
    endloop
  endfacet
  facet normal 0 0 -1
    outer loop
      vertex 30.0034 -17.5071 1.599
      vertex 28.958 -13.7517 1.599
      vertex 29.55 -14.0153 1.599
    endloop
  endfacet
  facet normal 0 0 -1
    outer loop
      vertex 24.9 -16.7 1.599
      vertex 29.16 -19.4018 1.599
      vertex 28.7295 -19.7146 1.599
    endloop
  endfacet
  facet normal 0 0 -1
    outer loop
      vertex 30.0034 -17.5071 1.599
      vertex 28.324 -13.617 1.599
      vertex 28.958 -13.7517 1.599
    endloop
  endfacet
  facet normal 0 0 -1
    outer loop
      vertex 30.0034 -17.5071 1.599
      vertex 27.676 -13.617 1.599
      vertex 28.324 -13.617 1.599
    endloop
  endfacet
  facet normal 0 0 -1
    outer loop
      vertex 30.0034 -17.5071 1.599
      vertex 27.042 -13.7517 1.599
      vertex 27.676 -13.617 1.599
    endloop
  endfacet
  facet normal 0 0 -1
    outer loop
      vertex 30.0034 -17.5071 1.599
      vertex 26.45 -14.0153 1.599
      vertex 27.042 -13.7517 1.599
    endloop
  endfacet
  facet normal 0 0 -1
    outer loop
      vertex 30.0034 -17.5071 1.599
      vertex 25.9257 -14.3963 1.599
      vertex 26.45 -14.0153 1.599
    endloop
  endfacet
  facet normal 0 0 -1
    outer loop
      vertex 30.0034 -17.5071 1.599
      vertex 25.492 -14.8779 1.599
      vertex 25.9257 -14.3963 1.599
    endloop
  endfacet
  facet normal 0 0 -1
    outer loop
      vertex 30.0034 -17.5071 1.599
      vertex 25.168 -15.4391 1.599
      vertex 25.492 -14.8779 1.599
    endloop
  endfacet
  facet normal 0 0 -1
    outer loop
      vertex 30.0034 -17.5071 1.599
      vertex 24.9677 -16.0555 1.599
      vertex 25.168 -15.4391 1.599
    endloop
  endfacet
  facet normal 0 0 -1
    outer loop
      vertex 24.9 -16.7 1.599
      vertex 28.7295 -19.7146 1.599
      vertex 24.9 -21.6293 1.599
    endloop
  endfacet
  facet normal 0 0 -1
    outer loop
      vertex 30.0034 -17.5071 1.599
      vertex 24.9 -16.7 1.599
      vertex 24.9677 -16.0555 1.599
    endloop
  endfacet
endsolid OpenSCAD_Model
